<?xml version="1.0" encoding="utf-8"?>
<COLLADA xmlns="http://www.collada.org/2005/11/COLLADASchema" version="1.4.1" xmlns:xsi="http://www.w3.org/2001/XMLSchema-instance">
  <asset>
    <contributor>
      <author>Blender User</author>
      <authoring_tool>Blender 3.0.1</authoring_tool>
    </contributor>
    <created>2026-07-29T15:27:07</created>
    <modified>2026-07-29T15:27:07</modified>
    <unit name="meter" meter="1"/>
    <up_axis>Z_UP</up_axis>
  </asset>
  <library_effects>
    <effect id="AK_Can_Beverage_Damaged_01_C-effect">
      <profile_COMMON>
        <newparam sid="Can_Beverage_Damaged_01_BaseColor_C_jpg-surface">
          <surface type="2D">
            <init_from>Can_Beverage_Damaged_01_BaseColor_C_jpg</init_from>
          </surface>
        </newparam>
        <newparam sid="Can_Beverage_Damaged_01_BaseColor_C_jpg-sampler">
          <sampler2D>
            <source>Can_Beverage_Damaged_01_BaseColor_C_jpg-surface</source>
          </sampler2D>
        </newparam>
        <technique sid="common">
          <lambert>
            <emission>
              <color sid="emission">0 0 0 1</color>
            </emission>
            <diffuse>
              <texture texture="Can_Beverage_Damaged_01_BaseColor_C_jpg-sampler" texcoord="UVMap"/>
            </diffuse>
            <index_of_refraction>
              <float sid="ior">5</float>
            </index_of_refraction>
          </lambert>
        </technique>
      </profile_COMMON>
    </effect>
  </library_effects>
  <library_images/>
  <library_materials>
    <material id="AK_Can_Beverage_Damaged_01_C-material" name="AK_Can_Beverage_Damaged_01_C">
      <instance_effect url="#AK_Can_Beverage_Damaged_01_C-effect"/>
    </material>
  </library_materials>
  <library_geometries>
    <geometry id="Can_Beverage_Damaged_01_005-mesh" name="Can_Beverage_Damaged_01.005">
      <mesh>
        <source id="Can_Beverage_Damaged_01_005-mesh-positions">
          <float_array id="Can_Beverage_Damaged_01_005-mesh-positions-array" count="3720">0.04415225 -0.04331982 0.01735877 0.04374563 -0.04290753 0.0173456 0.04662758 -0.04080557 0.01787567 0.04703408 -0.04121774 0.01788789 0.0512855 -0.03816205 0.0238437 0.05169552 -0.03857743 0.02384716 0.05104982 -0.038796 0.02123373 0.0506429 -0.03838366 0.02122652 0.03856402 -0.05029684 0.03726971 0.03897655 -0.05071431 0.03728318 0.0390467 -0.05046141 0.04046911 0.03863632 -0.0500456 0.04045546 0.04725903 -0.04312354 0.03093403 0.04539495 -0.04496282 0.03041976 0.04553979 -0.04506337 0.02962398 0.04795736 -0.04270243 0.02983933 0.04212969 -0.04709613 0.04561376 0.04681372 -0.04246348 0.04586249 0.04638522 -0.04202717 0.04584968 0.04170149 -0.04665964 0.04560053 0.04144543 -0.0456025 0.01762646 0.04103881 -0.04519015 0.01761287 0.038832 -0.05053412 0.02648824 0.04013568 -0.04915297 0.02525299 0.04147136 -0.04844981 0.02695393 0.04022049 -0.04987782 0.0297386 0.0389477 -0.0507965 0.02990829 0.04337859 -0.04690241 0.02785748 0.04550838 -0.04494988 0.02821445 0.04306632 -0.04738402 0.02956062 0.0496419 -0.03925722 0.02193838 0.05019718 -0.03916877 0.02384567 0.04941219 -0.04003226 0.04378753 0.05035793 -0.03927993 0.04113566 0.04994738 -0.03886455 0.04112946 0.04899555 -0.03960984 0.04377722 0.05040156 -0.03863537 0.03798437 0.05081307 -0.03905135 0.03798598 0.05094361 -0.03920578 0.0342803 0.05060374 -0.03866237 0.03449052 0.04014301 -0.04697608 0.01997572 0.03943872 -0.04767596 0.01871371 0.04180955 -0.04522466 0.01912903 0.04560875 -0.04292905 0.03769332 0.04583048 -0.04285818 0.03563958 0.04298436 -0.04567158 0.03547215 0.04293531 -0.0455718 0.03753602 0.0385679 -0.05032622 0.02997213 0.03838205 -0.05007749 0.02647215 0.04255652 -0.04565662 0.04292541 0.04541802 -0.04282665 0.0430845 0.04521584 -0.0430994 0.0420078 0.04286569 -0.04542315 0.04187351 0.04133641 -0.04474425 0.01911091 0.04362124 -0.04287225 0.01890558 0.03969192 -0.04964673 0.0432381 0.03927582 -0.04922395 0.04322475 0.03903216 -0.04726368 0.01870012 0.03846216 -0.04916632 0.02061176 0.0380553 -0.04875373 0.02059811 0.03965437 -0.04866427 0.02523565 0.03894132 -0.04856264 0.02327215 0.03794157 -0.04965007 0.02314144 0.04996299 -0.03960293 0.02579814 0.05122077 -0.03835582 0.02685195 0.04871624 -0.0403946 0.02036756 0.04656392 -0.04166084 0.01934087 0.04949784 -0.03963053 0.01919442 0.05163717 -0.03877747 0.02685189 0.05011516 -0.0397374 0.02194917 0.04824316 -0.03991442 0.02035331 0.04909133 -0.03921848 0.01918411 0.04609078 -0.04118055 0.01932436 0.03835129 -0.05006563 0.02315503 0.0386762 -0.05028676 0.0337184 0.03913879 -0.05071115 0.03342503 0.05129373 -0.0390914 0.03029519 0.05056536 -0.03888213 0.03041726 0.03936833 -0.04828655 0.02143883 0.03941518 -0.04904389 0.02329003 0.05043894 -0.04008549 0.02580153 0.05067139 -0.03964978 0.0238524 0.05010294 -0.04050743 0.03026002 0.04760605 -0.04294848 0.02809476 0.04955196 -0.04105818 0.02758324 0.03969496 -0.04907757 0.02980655 0.04098355 -0.04791283 0.02696311 0.03889513 -0.04780608 0.02142065 0.03966987 -0.04649567 0.01995754 0.04409438 -0.04335266 0.01892328 0.04086863 -0.04868936 0.04242777 0.0429061 -0.04673111 0.04398697 0.04023635 -0.04956459 0.03713852 0.04019421 -0.04944205 0.03998494 0.04851019 -0.04081267 0.03214812 0.0490514 -0.04011392 0.03481304 0.039756 -0.04907882 0.03712093 0.03970855 -0.04895031 0.03996622 0.0401811 -0.04873079 0.03390496 0.04129034 -0.04777544 0.03188979 0.04886925 -0.03989255 0.04051643 0.04917675 -0.03979456 0.03769594 0.04646807 -0.04320806 0.04418009 0.04178094 -0.04832905 0.03191626 0.04072016 -0.04922997 0.03428316 0.04488939 -0.04443585 0.03012317 0.04498755 -0.04442882 0.02832204 0.04295295 -0.04628783 0.027974 0.04272967 -0.04639893 0.03040695 0.04790639 -0.0405969 0.04284071 0.045749 -0.04247558 0.0441482 0.04847091 -0.04116886 0.04286026 0.04935526 -0.04038399 0.04052507 0.04030495 -0.04811686 0.04240453 0.04894107 -0.04138749 0.03247022 0.04948508 -0.04063922 0.03488928 0.04510861 -0.04330253 0.04040521 0.04529517 -0.04317694 0.03911918 0.04310125 -0.04534572 0.03899008 0.0431537 -0.04523527 0.04029077 0.0434668 -0.04678755 0.03071182 0.0468204 -0.04255944 0.03048056 0.04701226 -0.04250162 0.02821499 0.04965543 -0.04027813 0.03769779 0.04218757 -0.04599827 0.04395461 0.04894572 -0.04059332 0.02769345 0.04118394 -0.04726928 0.04244172 0.04172199 -0.04781579 0.04246282 0.0423063 -0.04728066 0.04172021 0.0417754 -0.04674214 0.04169917 0.04225927 -0.04779654 0.03549575 0.04168671 -0.04721683 0.03547114 0.0420767 -0.04704099 0.03408628 0.04253727 -0.04750728 0.03410285 0.04170423 -0.04705959 0.03747045 0.04227823 -0.04764074 0.03749519 0.0426582 -0.04714465 0.03895646 0.04210525 -0.04658472 0.03893321 0.04667043 -0.0437088 0.03568357 0.04645377 -0.04378485 0.03773766 0.04378032 -0.04642754 0.03758037 0.04382431 -0.0465222 0.03551614 0.04390841 -0.0461632 0.03903168 0.04610228 -0.04399448 0.03916072 0.0458849 -0.04408913 0.04044443 0.04392993 -0.04602193 0.04032993 0.04623115 -0.04243427 0.04045927 0.04654836 -0.0420224 0.04197371 0.04707962 -0.04256063 0.04199481 0.04676717 -0.04297715 0.0404812 0.04327106 -0.04576569 0.03376322 0.04385346 -0.04635536 0.03378856 0.04227274 -0.04634785 0.04022735 0.04280871 -0.04689079 0.04024928 0.04618221 -0.04360383 0.04312038 0.04332029 -0.04643422 0.04296129 0.04362887 -0.04619818 0.04191058 0.04774975 -0.04235476 0.03440952 0.04728919 -0.04188847 0.03439295 0.04738605 -0.041583 0.03580641 0.04795867 -0.04216271 0.03583103 0.04709827 -0.04275542 0.03921765 0.04654532 -0.04219549 0.0391944 0.04660588 -0.04363459 0.0339505 0.04602348 -0.04304492 0.03392517 0.04758685 -0.04201501 0.0427941 0.04704833 -0.04146897 0.04277366 0.04597926 -0.04387408 0.04204505 0.04711014 -0.0417158 0.03778845 0.04768419 -0.04229694 0.03781318 0.03493815 -0.05337059 0.04384523 0.03660255 -0.05200076 0.04110628 0.03609311 -0.05193912 0.04106831 0.0346654 -0.05307894 0.04384058 0.05195289 -0.03663718 0.04215675 0.05265921 -0.03573459 0.04474735 0.05238962 -0.03546231 0.04475587 0.05195879 -0.03608959 0.04204338 0.03381985 -0.05374658 0.04858875 0.03355926 -0.05345863 0.04858225 0.05239987 -0.0353955 0.04928469 0.05213856 -0.03513288 0.04928791 0.03393816 -0.05245822 0.05373036 0.03369724 -0.05218696 0.0537185 0.03567588 -0.04940837 0.05774295 0.03545367 -0.04916042 0.0577228 0.0383495 -0.04573422 0.06019592 0.03814208 -0.04550617 0.06017017 0.04103809 -0.04276186 0.06087547 0.04083561 -0.04254525 0.06084793 0.04420763 -0.04014456 0.06010466 0.04399937 -0.03992778 0.0600813 0.04787194 -0.03761798 0.05752205 0.04764884 -0.03739058 0.05750739 0.05081415 -0.0359506 0.05372464 0.0505712 -0.03570616 0.05372112 0.03708195 -0.05132824 0.04125785 0.0384227 -0.05001556 0.04276639 0.03823524 -0.0497539 0.042809 0.03679233 -0.05125367 0.04112339 0.0408774 -0.04748958 0.04492104 0.04067838 -0.04724711 0.0449534 0.04375082 -0.04456895 0.04616403 0.04353749 -0.04434931 0.04619044 0.04669797 -0.04163438 0.04562735 0.04646515 -0.04143399 0.04565757 0.04938524 -0.0390129 0.04418069 0.04913169 -0.03882831 0.04421842 0.05124127 -0.03714698 0.04241192 0.05124861 -0.03678566 0.04221212 -0.04297029 0.05484271 0.01405322 -0.04085832 0.05402535 0.01040726 -0.04603427 0.04829782 0.008820533 -0.04758411 0.04968333 0.01261842 0.01627635 -0.06234192 0.02705293 0.02318334 -0.06469106 0.02814519 0.02239936 -0.06585967 0.0360459 0.01534086 -0.06358408 0.03582507 0.02510339 -0.04812484 0.00696963 0.03040105 -0.05128777 0.01001954 0.02708524 -0.05698102 0.01466041 0.0211116 -0.05419325 0.01210492 0.03654325 -0.03545016 0.00299853 0.04048889 -0.03970623 0.006409943 0.03488385 -0.04531955 0.007208287 0.03028726 -0.04166418 0.003866255 0.04221767 -0.04150408 0.006621181 0.0367003 -0.04712378 0.007428646 0.03649151 -0.04686439 0.0075652 0.04200559 -0.04129225 0.006766736 0.02897924 -0.05856174 0.01495653 0.03214287 -0.052836 0.01035577 0.03236705 -0.05315697 0.01024013 0.0292294 -0.05894708 0.01487219 0.02474236 -0.06163483 0.02085304 0.01820886 -0.05911397 0.01896548 0.02677309 -0.06325572 0.0210908 0.02704948 -0.06369644 0.02104479 0.02456378 -0.06752055 0.03611797 0.02530771 -0.06634086 0.02830779 0.02560269 -0.06681841 0.02830201 0.02486866 -0.06801295 0.03614836 0.02822977 -0.04003846 0.002110064 0.03482496 -0.03351527 0.001213729 0.02260053 -0.0466848 0.005357921 0.01812666 -0.05283731 0.01074272 0.01480364 -0.05778735 0.01794284 0.01259052 -0.06103074 0.0264368 0.01154941 -0.06228619 0.03565621 0.0264067 -0.04290288 0.07133787 0.03180485 -0.04645329 0.06839793 0.0369969 -0.04055899 0.0699619 0.03220868 -0.03644841 0.07301539 0.01662933 -0.05992126 0.05326914 0.02335464 -0.06241077 0.05175 0.02507066 -0.05814158 0.05866742 0.01873934 -0.05536437 0.060907 0.02246761 -0.06505721 0.04406791 0.01548033 -0.06273901 0.04473799 0.02494281 -0.067209 0.04409289 0.02462762 -0.06671917 0.0440368 0.0275768 -0.06030428 0.05848371 0.02718371 -0.05982863 0.05842369 0.02548849 -0.06407916 0.05160754 0.02582943 -0.06456017 0.05167382 0.02783519 -0.05258244 0.06441789 0.02193349 -0.04946678 0.06710875 0.03042584 -0.05475205 0.06417453 0.02995812 -0.05428153 0.06412667 0.03906208 -0.04231792 0.06964921 0.03392791 -0.04817146 0.06809329 0.03446745 -0.04862499 0.06813639 0.03963142 -0.04274016 0.069691 0.01175743 -0.06143999 0.04502516 0.01312386 -0.05859047 0.05398476 0.01555895 -0.0539602 0.0619803 0.01911514 -0.04795718 0.06840825 0.02307528 -0.04037153 0.07273042 0.02875697 -0.0331887 0.07445323 0.06153452 -0.01705461 0.04699617 0.06380558 -0.02413445 0.04597526 0.06516826 -0.02356863 0.03801703 0.06298232 -0.01633155 0.03816777 0.04617327 -0.02575999 0.06816756 0.04956614 -0.03127044 0.06527239 0.05562824 -0.02795761 0.06000947 0.0527926 -0.02178299 0.06249684 0.0431233 -0.03544181 0.06881362 0.03902816 -0.03066194 0.07185775 0.04560852 -0.03764879 0.06853091 0.04506266 -0.03726935 0.06848865 0.05776405 -0.03028494 0.0597828 0.05730283 -0.02998501 0.05972158 0.05135226 -0.03319305 0.06494385 0.05184996 -0.033526 0.06499403 0.0605449 -0.02557212 0.05344998 0.05806654 -0.01886779 0.05527299 0.06261903 -0.02800309 0.05329912 0.06217277 -0.02770555 0.05324375 0.06722754 -0.02615261 0.03799331 0.06678003 -0.02583432 0.03799378 0.06542259 -0.02636075 0.04585999 0.06587052 -0.02667278 0.04589271 0.03631323 -0.02743667 0.07331979 0.04465299 -0.023005 0.06959807 0.0514338 -0.01859539 0.06373512 0.05678272 -0.01529622 0.05619168 0.06028085 -0.01319479 0.04751765 0.06173908 -0.01234865 0.0382474 0.04334688 -0.02984106 0.004470884 0.04673331 -0.03476995 0.007718682 0.05980998 -0.01830095 0.02099871 0.06215339 -0.02508902 0.02256309 0.05815911 -0.02733868 0.01606208 0.05557674 -0.02107822 0.01376837 0.06456542 -0.02386724 0.03004646 0.06235337 -0.01673406 0.02931588 0.06658673 -0.02639222 0.0300765 0.06615793 -0.02609205 0.03011423 0.06000804 -0.02951568 0.0161876 0.05967253 -0.02929836 0.01629227 0.06370943 -0.02720087 0.02271693 0.06409829 -0.02746152 0.02264332 0.05285745 -0.03061425 0.01100957 0.04992604 -0.02499622 0.008142888 0.05461996 -0.03260844 0.011173 0.05433881 -0.03241926 0.01130115 0.04821044 -0.03644502 0.008053302 0.04844772 -0.03663194 0.007910966 0.06111061 -0.01283198 0.02894192 0.05855476 -0.01466131 0.0201925 0.05428397 -0.0178247 0.01258152 0.04855823 -0.02219283 0.006654381 0.04184859 -0.02749609 0.002778232 -0.04560142 0.03408652 0.0644418 -0.04371869 0.030815 0.06656396 -0.0377922 0.03567683 0.06786674 -0.04029721 0.03845471 0.06561017 -0.06450873 0.02879691 0.03146135 -0.06484174 0.02491551 0.02980631 -0.06490135 0.02305436 0.03749454 -0.06458985 0.02715748 0.03836596 0.01871073 -0.04323422 0.004361808 0.02135342 -0.04589956 0.004545331 0.01650297 -0.05197274 0.01004528 0.01359242 -0.04912197 0.009873449 0.03158777 -0.02996492 1.54596e-4 0.03403919 -0.0325607 3.30825e-4 0.0272848 -0.0392366 0.001233696 0.02481585 -0.03667271 0.001048028 0.009279906 -0.06123059 0.03551846 0.005897164 -0.05803251 0.03541517 0.007058501 -0.05683165 0.02596044 0.01039576 -0.05999243 0.02608913 0.01283615 -0.05681931 0.01740401 0.009667277 -0.0537821 0.01725113 -0.0564779 0.03938436 0.01546287 -0.05596834 0.03681796 0.01199972 -0.06011515 0.03191083 0.01653736 -0.06021296 0.03500515 0.01953899 -0.05602866 0.03451842 0.008283317 -0.05597919 0.03307926 0.006084144 -0.06078636 0.02710533 0.01142084 -0.06061363 0.02896434 0.01333481 -0.04409116 0.04667818 0.002267837 -0.05027717 0.03974753 0.002958357 -0.05065292 0.04077827 0.005337119 -0.04487723 0.04734188 0.004709243 -0.04159677 0.04419183 8.60032e-4 -0.0479142 0.03721803 0.001584351 -0.04964005 0.03898507 0.002151906 -0.04337286 0.04597842 0.001467466 -0.05539691 0.03223478 0.005296051 -0.05367809 0.03044497 0.004745125 -0.06023198 0.02616727 0.0106759 -0.05847692 0.02431589 0.01011747 -0.05115723 0.04239886 0.009363472 -0.05216264 0.04438298 0.01309847 -0.06572085 0.01878875 0.03667318 -0.06572943 0.02095019 0.02810287 -0.06602311 0.01837718 0.02701991 -0.06592923 0.01599186 0.0360887 -0.06424218 0.02214026 0.01859259 -0.06395757 0.02439016 0.02012741 -0.06187266 0.01917433 0.01733261 -0.06369197 0.0211091 0.01792025 -0.06356799 0.01524776 0.02581858 -0.06545716 0.01726627 0.02645498 -0.06533616 0.01481407 0.03562337 -0.06338363 0.01273822 0.03496462 -0.06317877 0.02790486 0.02264273 -0.06298702 0.03144401 0.02502524 0.008063495 -0.05459529 0.05413752 0.01115369 -0.05762338 0.05423659 0.01391899 -0.05306583 0.06236404 0.01114457 -0.05021715 0.06221568 0.009567499 -0.06041276 0.04509586 0.006267845 -0.05726194 0.04500812 0.02863538 -0.03286433 0.07494515 0.02827984 -0.03200376 0.07446312 0.02135676 -0.03838491 0.07289147 0.02251136 -0.03991472 0.07320636 0.01785302 -0.04712015 0.0688641 0.01543533 -0.04446583 0.06863975 -0.06030917 0.02710711 0.05171036 -0.0601291 0.02301859 0.05238759 -0.05547136 0.02450519 0.05858021 -0.0561133 0.02840721 0.05727922 -0.05521768 0.02044278 0.06026375 -0.06012088 0.0186221 0.05356913 -0.05954599 0.01577734 0.05419784 -0.05478072 0.01779854 0.06104791 -0.06383764 0.0151422 0.0452665 -0.063874 0.01806336 0.04526782 -0.06024688 0.01155596 0.04510712 -0.06291818 0.01381319 0.04526966 -0.05607169 0.01241791 0.05365651 -0.05850428 0.01454079 0.05430483 -0.05403119 0.01662057 0.06097918 -0.05242711 0.01460641 0.05985122 -0.0633077 0.02245926 0.04518282 -0.06318253 0.02664572 0.04526716 -0.03540611 0.03302621 0.0706312 -0.04204517 0.02758741 0.06917309 -0.04076588 0.02540647 0.07058727 -0.0337091 0.03119069 0.07213711 -0.04799747 0.02094769 0.06682348 -0.04885393 0.02340364 0.06563216 -0.04519575 0.01777225 0.06605672 -0.04697215 0.01976352 0.06699758 -0.03787577 0.02231693 0.06987303 -0.03972005 0.02424025 0.07081621 -0.03211474 0.02956259 0.07250785 -0.02940189 0.02684909 0.0709179 -0.04979819 0.02707684 0.0634002 -0.05103695 0.03071731 0.06160467 -0.0262373 0.06297469 0.04751735 -0.02207189 0.06298387 0.04768025 -0.02246797 0.06531548 0.04022026 -0.02659827 0.06507575 0.040829 0.04172164 -0.01870375 0.06959092 0.04398959 -0.0215556 0.07014918 0.05066734 -0.01681858 0.06424373 0.04806262 -0.01375979 0.06400448 0.0360552 -0.02666658 0.07385033 0.03501296 -0.025011 0.07319003 0.0607379 -0.009917795 0.03829109 0.05742061 -0.006282329 0.0387116 0.0563054 -0.007422149 0.04774093 0.05932027 -0.0108689 0.04775524 0.05590492 -0.01320827 0.05659246 0.05302888 -0.009947478 0.05656647 -0.03162831 0.04917043 0.06269127 -0.02813535 0.04765582 0.0646106 -0.02491831 0.05375117 0.06030738 -0.02873688 0.05462181 0.05883383 -0.02098315 0.05324989 0.06216704 -0.02459686 0.0464428 0.06698542 -0.02221029 0.04544389 0.06826049 -0.0183494 0.05265247 0.06313693 -0.02739727 0.03804647 0.0713278 -0.02947026 0.03947657 0.06987017 -0.02432996 0.03513115 0.07062256 -0.0261985 0.03701424 0.07156902 -0.01905751 0.04260486 0.06751543 -0.02096378 0.04450637 0.06845742 -0.01706731 0.05179816 0.06326252 -0.0151171 0.04987126 0.06232041 -0.03248971 0.04143649 0.06718713 -0.03554177 0.0436123 0.06500107 -0.01811355 0.06600898 0.03967928 -0.01766204 0.06339013 0.04802405 -0.01470714 0.06329584 0.04808312 -0.01517868 0.06607496 0.03926587 -0.01587784 0.05883455 0.05625522 -0.01869946 0.05912607 0.05569547 -0.01257312 0.05607926 0.05534386 -0.01457643 0.05798304 0.0563119 -0.01130771 0.06064713 0.04690456 -0.01339608 0.06257832 0.04793763 -0.01385784 0.06538027 0.03909546 -0.01164752 0.06322824 0.03848618 -0.02291923 0.05906003 0.05452871 -0.02695512 0.05939519 0.05365455 0.0545867 -0.009152352 0.01974511 0.05760824 -0.01249319 0.01980572 0.05340021 -0.01594471 0.01200795 0.05049979 -0.01278871 0.01191252 0.06012105 -0.01046359 0.02876418 0.05702626 -0.006991744 0.0287382 0.03851884 -0.02352905 0.001792013 0.04108655 -0.02627247 0.001947939 0.04774457 -0.0206421 0.005929887 0.04500466 -0.01769483 0.005801975 -0.03088665 0.06507295 0.02755033 -0.02728229 0.0653429 0.02541959 -0.03123015 0.06294935 0.01902675 -0.03440123 0.06290322 0.02180874 -0.02805054 0.06348711 0.0160104 -0.02356821 0.0661028 0.02313691 -0.02108091 0.06625556 0.02167963 -0.02591574 0.06354653 0.01413828 -0.01741534 0.06710469 0.03022998 -0.02016103 0.06694358 0.03120005 -0.01413482 0.06445366 0.02899479 -0.01622641 0.06647634 0.02978289 -0.01789951 0.06364279 0.020343 -0.01995265 0.0656287 0.02116048 -0.02487814 0.06292182 0.01351296 -0.0228725 0.0609728 0.01273703 -0.0242744 0.0661301 0.03263878 -0.0282073 0.06579548 0.03402894 -0.03900468 0.05367499 0.006447076 -0.03775936 0.05331951 0.004070818 -0.03159517 0.0591095 0.008137345 -0.03330439 0.05922228 0.01032137 -0.02872776 0.05657881 0.006705403 -0.03066378 0.05847501 0.007428646 -0.03508549 0.05082517 0.00263977 -0.03693902 0.05266147 0.003302931 -0.03584849 0.05906385 0.01390844 -0.03851091 0.05939024 0.0172066 0.04039096 -0.04619675 0.02416563 0.04014348 -0.04529166 0.01578134 0.04293096 -0.04251927 0.01519745 0.04324859 -0.04330259 0.02411562 0.04924672 -0.03795403 0.01811265 0.05129694 -0.03683137 0.02079921 0.05229067 -0.03644645 0.02540612 0.04952514 -0.03826689 0.02493089 -0.05138188 0.03631651 0.02629542 -0.05153691 0.03479897 0.03044986 -0.04069107 0.04111456 0.03769707 -0.04811257 0.03913694 0.02535027 -0.03214925 0.04787164 0.05003499 -0.03205764 0.0495882 0.04584783 -0.03461283 0.04415768 0.05070978 -0.03631991 0.04130059 0.05376976 -0.0393089 0.03846478 0.05227762 -0.04238504 0.03552138 0.0534271 -0.04500007 0.03420662 0.05011415 -0.04866623 0.03199303 0.04908025 -0.04993075 0.03221595 0.04477721 -0.05303633 0.03108417 0.041808 -0.05236339 0.03246098 0.03759866 -0.0539112 0.03249126 0.03346687 -0.04655408 0.04202395 0.02241909 -0.04332131 0.04465168 0.02381581 -0.04093819 0.04828673 0.0229668 -0.03837686 0.0497899 0.02624273 -0.03570318 0.05310112 0.02762907 -0.03427636 0.0528357 0.03179484 -0.03197121 0.054865 0.03502213 -0.03200298 0.05285751 0.03894925 -0.03070169 0.05302733 0.04318898 0.06219941 -0.03062337 0.01545858 0.06082075 -0.02937769 0.01555514 0.06501477 -0.02724492 0.02220958 0.06640404 -0.02847129 0.02214354 0.06757354 -0.02613848 0.02986997 0.0689702 -0.0273531 0.02983862 0.06824243 -0.02589601 0.03802502 0.06964325 -0.02710866 0.03802961 0.0668748 -0.02644938 0.04615354 0.0682789 -0.02767193 0.04619169 0.06359326 -0.02785909 0.0537579 0.06500369 -0.02910405 0.05382299 0.05870479 -0.03028291 0.06038314 0.06012594 -0.03156375 0.06046295 0.05274426 -0.03373712 0.06565403 0.05417525 -0.03506779 0.06573021 0.0464484 -0.03808754 0.06921684 0.04789024 -0.03946417 0.0692901 0.04037153 -0.04338145 0.07038336 0.04180961 -0.04479253 0.07045686 0.03502804 -0.04942995 0.06880217 0.0364325 -0.05086529 0.0688709 0.03075557 -0.05567163 0.06478738 0.03210699 -0.05711686 0.06485193 0.02769172 -0.06128895 0.05902504 0.02899467 -0.06272768 0.05909281 0.0257706 -0.06559979 0.05207765 0.02703064 -0.06703537 0.05213218 0.02478003 -0.06828886 0.04430568 0.02601283 -0.0697236 0.04433453 0.02467292 -0.06910353 0.03613764 0.02589541 -0.07053667 0.03613394 0.02543228 -0.0678789 0.02805668 0.02665871 -0.0693078 0.02801769 0.02695012 -0.06468391 0.02057504 0.02819228 -0.06610584 0.02050203 0.02923649 -0.05982106 0.01420754 0.03050357 -0.0612328 0.0141049 0.03250426 -0.05388045 0.009427249 0.03380042 -0.05527675 0.00930202 0.03697752 -0.04766756 0.006525099 0.03829985 -0.04904049 0.006385982 0.04397696 -0.04319322 0.005548298 0.04263538 -0.04185199 0.00569123 0.04900294 -0.03678739 0.007021307 0.05035793 -0.03809303 0.006884872 0.05530846 -0.03259646 0.01038521 0.05667513 -0.0338689 0.01026463 0.0615493 -0.03101104 0.01613384 0.06564754 -0.02896046 0.02260559 0.06431823 -0.02734267 0.02250748 0.06018859 -0.02940803 0.01599025 0.06814903 -0.02790057 0.03005617 0.0668354 -0.02627366 0.03001093 0.06880611 -0.02767163 0.03798764 0.06748956 -0.0260387 0.03800088 0.0674799 -0.02820932 0.045892 0.0661329 -0.02656769 0.04596906 0.06429547 -0.02957665 0.05328339 0.06287986 -0.02791881 0.05343151 0.05955964 -0.0319305 0.05972164 0.05803143 -0.03024613 0.05994904 0.0538038 -0.03528177 0.06485611 0.05212849 -0.03356379 0.06516426 0.04772967 -0.03950583 0.0683363 0.04589897 -0.03776985 0.0686981 0.04185009 -0.04465389 0.06948137 0.03990989 -0.04293173 0.069857 0.03468924 -0.04886716 0.06829851 0.03664857 -0.05054396 0.06794208 0.03245979 -0.05662798 0.06402623 0.03055775 -0.05502319 0.06433081 0.02944165 -0.06210517 0.05841231 0.02761912 -0.06058645 0.05863279 0.02755528 -0.06630128 0.05166316 0.02580082 -0.06485247 0.051795 0.02658605 -0.06891775 0.04411345 0.02487313 -0.06751149 0.04416483 0.02647691 -0.06970834 0.03617364 0.02478528 -0.06831836 0.03615599 0.02552396 -0.06711274 0.02823781 0.02720367 -0.06850814 0.02831429 0.0286588 -0.06538283 0.02103525 0.02698707 -0.06396329 0.02090942 0.02919113 -0.05917096 0.01467353 0.03085535 -0.0606299 0.01483839 0.03235828 -0.05332458 0.00999248 0.03400671 -0.0548287 0.01018494 0.03833609 -0.04876744 0.007358491 0.03672397 -0.04722607 0.007150411 0.04227602 -0.04153811 0.006333112 0.04382741 -0.04310137 0.00654453 0.04854381 -0.03660315 0.00763446 0.05002158 -0.03817802 0.007836163 0.05616772 -0.03411757 0.01110643 0.05475741 -0.0325306 0.01092767 0.02658867 -0.06552433 0.02882796 0.02592569 -0.06667488 0.03623801 0.06453233 -0.02758538 0.04536968 0.06579595 -0.0270949 0.03791511 0.06516802 -0.02729696 0.0304377 0.06277954 -0.0282545 0.02341544 0.05886614 -0.03012657 0.01731723 0.05373054 -0.03298723 0.01258158 0.04787689 -0.03675597 0.009503126 0.04200142 -0.04136282 0.008290112 0.03682881 -0.04670602 0.009061574 0.03279453 -0.05245816 0.01172965 0.0298987 -0.05798846 0.01611971 0.02790504 -0.06253236 0.02196413 0.0260173 -0.06592273 0.04372423 0.02689439 -0.06342685 0.05084818 0.02863532 -0.0594123 0.05724579 0.03146719 -0.05416077 0.06261467 0.03539222 -0.04837089 0.0663464 0.04027956 -0.042804 0.06780129 0.04582554 -0.03797411 0.06669735 0.05155956 -0.03405821 0.06335639 0.0569933 -0.03099155 0.05843913 0.06149685 -0.02883368 0.05234497 0.0272035 -0.06433916 0.02920931 0.02659243 -0.06545376 0.03627336 0.06339782 -0.02823603 0.04496788 0.06460815 -0.02777379 0.03786009 0.06400293 -0.0279569 0.03073233 0.06170576 -0.02884513 0.02403968 0.05794054 -0.03059172 0.01822865 0.05300027 -0.03327351 0.01371723 0.04737669 -0.03682446 0.01078563 0.04174739 -0.04118943 0.009631693 0.0368126 -0.04627794 0.01036858 0.03298944 -0.05177873 0.01291233 0.03027141 -0.0570845 0.01709663 0.02841919 -0.06145507 0.02266693 0.02668064 -0.06473952 0.04341167 0.02750313 -0.06234824 0.05021059 0.02915203 -0.05848723 0.05633968 0.03185164 -0.05343145 0.06150799 0.03558659 -0.047881 0.06509375 0.04024004 -0.04256743 0.06648463 0.04552769 -0.03798079 0.06541502 0.05099439 -0.03429222 0.06218898 0.05617249 -0.03142929 0.05744737 0.06048637 -0.02940678 0.05162155 0.02838546 -0.06462079 0.02937901 0.0278058 -0.06572037 0.03626328 0.06375491 -0.02948528 0.0447604 0.06492507 -0.02901816 0.03783345 0.06433206 -0.02919501 0.03088706 0.06209355 -0.03007084 0.0243647 0.0584222 -0.03178423 0.01870167 0.05360203 -0.03440302 0.01430505 0.04811459 -0.03786289 0.01144754 0.04261922 -0.04211086 0.01032143 0.03779411 -0.04705703 0.01103675 0.03404593 -0.05239915 0.01351147 0.03137707 -0.05755299 0.01758378 0.02956414 -0.0618053 0.02300673 0.02791303 -0.06504243 0.04322373 0.02873951 -0.06273138 0.04985672 0.03037881 -0.05898201 0.0558446 0.03304797 -0.05405992 0.06090271 0.03671878 -0.04865396 0.06441289 0.04126745 -0.04348015 0.06577283 0.04641395 -0.03901708 0.06472295 0.05172085 -0.03542917 0.06156307 0.05674213 -0.03263962 0.05692464 0.06093066 -0.03065031 0.05124443 0.02864444 -0.06411117 0.0295 0.02809399 -0.06519919 0.0362277 0.06335353 -0.02979093 0.04458272 0.06447476 -0.02929562 0.03781336 0.06389373 -0.02947205 0.03102421 0.06172323 -0.03036957 0.02464896 0.05816137 -0.03210097 0.01911312 0.05347788 -0.0347113 0.01481431 0.048137 -0.038127 0.01201874 0.04277163 -0.04228955 0.01091402 0.03802978 -0.04710376 0.01160752 0.03430837 -0.0522769 0.01401865 0.0316317 -0.05725705 0.01798903 0.0298109 -0.06137198 0.02327907 0.02823513 -0.0645675 0.04303652 0.02909231 -0.06234753 0.0495308 0.03075581 -0.05871766 0.05540281 0.03342658 -0.053936 0.06036496 0.03706085 -0.04867678 0.06380403 0.04152822 -0.04363471 0.06513476 0.04655319 -0.03927296 0.06410789 0.05171155 -0.03575181 0.06101411 0.05657553 -0.03299397 0.05646973 0.06062895 -0.03099197 0.05091804 0.02933955 -0.0621109 0.02961349 0.028674 -0.06332761 0.03622007 0.0618456 -0.0300967 0.04441869 0.06266349 -0.0297864 0.03774803 0.06199294 -0.03007358 0.0310648 0.06000268 -0.03094428 0.02479904 0.05680489 -0.03254193 0.01936507 0.05254793 -0.03496563 0.01514828 0.04758274 -0.03820008 0.01240575 0.04258346 -0.04209357 0.01132684 0.03813713 -0.04655754 0.01201581 0.03462135 -0.05131071 0.01439213 0.03214043 -0.05580055 0.0183013 0.03047603 -0.05951476 0.0235033 0.02859604 -0.06301659 0.04290968 0.02922165 -0.06118047 0.04932361 0.03079193 -0.05781978 0.05524009 0.03345227 -0.05321991 0.06017899 0.03703463 -0.04814529 0.06349772 0.04131501 -0.04335206 0.06474316 0.04611712 -0.03919053 0.06375592 0.05111974 -0.0357232 0.06072765 0.05581825 -0.03296279 0.05616277 0.05953276 -0.03108841 0.05066561 0.03452622 -0.05589938 0.03023505 0.03331208 -0.05766791 0.03642767 0.05737233 -0.03353047 0.04381126 0.05700844 -0.03423553 0.03745299 0.05592256 -0.03496468 0.03112131 0.05454015 -0.03544706 0.02523487 0.05265861 -0.03609973 0.02016443 0.0499463 -0.03737986 0.01624947 0.04631453 -0.03959721 0.01371228 0.04272699 -0.04225891 0.01275229 0.03961485 -0.04535692 0.01346266 0.03728568 -0.048644 0.01576441 0.03605264 -0.05143094 0.01951849 0.03539061 -0.05374926 0.02447152 0.03210264 -0.05860477 0.04268383 0.03145688 -0.05820441 0.04880255 0.03229439 -0.05576473 0.05491709 0.03462302 -0.05168068 0.05979084 0.03781759 -0.04713541 0.062671 0.04125088 -0.04325103 0.06358206 0.04517108 -0.03994065 0.06270188 0.04972028 -0.0368086 0.05986106 0.05403536 -0.03423255 0.05515438 0.05659365 -0.03325176 0.0497924 0.03577679 -0.05328488 0.03045201 0.0346511 -0.05489873 0.03685694 0.05537509 -0.03426897 0.04376107 0.05432313 -0.03534525 0.03778755 0.05332601 -0.03611326 0.03119868 0.04606586 -0.04008096 0.01600402 0.03797817 -0.04812169 0.01767194 0.0368942 -0.05009382 0.02023625 0.03645896 -0.05148851 0.02475649 0.03301912 -0.05651164 0.04271239 0.03211134 -0.0565387 0.04851722 0.03273588 -0.05450016 0.05447834 0.0349164 -0.05074793 0.05915927 0.03795003 -0.04650664 0.06186336 0.04108279 -0.04299086 0.06266248 0.04468631 -0.03997349 0.06183362 0.04895788 -0.03700357 0.05909657 0.05290246 -0.03460097 0.05455183 0.05501717 -0.03381532 0.04940456 0.04629331 -0.04072016 0.02439039 0.0380479 -0.04905664 0.02445721 0.03812587 -0.05009102 0.03065371 0.04071408 -0.04703831 0.03070873 0.04362946 -0.04401898 0.03080666 0.04659527 -0.04132139 0.03093379 0.0499053 -0.03859543 0.03109186 0.03807669 -0.05077189 0.03666913 0.04085558 -0.04762506 0.03703302 0.04382842 -0.0445221 0.03729218 0.04677832 -0.04170548 0.03734076 0.05010181 -0.03877764 0.03724008 0.03835946 -0.05057656 0.04159122 0.03637278 -0.05273151 0.04068303 0.03473252 -0.05416131 0.04362297 0.04090136 -0.04781651 0.04344189 0.04386413 -0.04474544 0.0445221 0.04693573 -0.04172915 0.04408937 0.04989212 -0.03897875 0.04287052 0.05247712 -0.03660684 0.0417186 0.05334359 -0.0356124 0.0445348 0.03363394 -0.0544725 0.04857081 0.05305349 -0.03523963 0.04929125 0.03382033 -0.05301976 0.05388182 0.03562152 -0.04980021 0.05803871 0.03834831 -0.0459873 0.06054884 0.04111826 -0.04289209 0.06125438 0.04437988 -0.04019552 0.06046634 0.04818052 -0.03759688 0.05783939 0.05133992 -0.03581398 0.0538786 0.03838068 -0.05030518 0.04256415 0.04088491 -0.04768931 0.04476535 0.04383206 -0.0446704 0.04603749 0.0468769 -0.04164671 0.04548722 0.04966658 -0.03895711 0.04400718 -0.06166028 0.0327785 0.02628439 -0.05914258 0.03607159 0.02126628 -0.02852225 0.05829298 0.05251514 -0.03014832 0.05390304 0.05726522 -0.03280407 0.04890954 0.06080329 -0.03639942 0.04382163 0.062922 -0.040762 0.03909409 0.06348043 -0.04562151 0.03508132 0.0624082 -0.0505982 0.03198027 0.05980515 -0.05525112 0.02985894 0.05583715 -0.05911308 0.02868825 0.05072999 -0.06178933 0.02832531 0.04482364 -0.06308948 0.02880537 0.03849846 -0.06303155 0.03032588 0.03217464 -0.05573689 0.0401079 0.01753801 -0.05178314 0.04469585 0.0153715 -0.04757183 0.04954391 0.014925 -0.04331606 0.05425024 0.01622855 -0.03920024 0.05839353 0.01910728 -0.035411 0.0615943 0.02331769 -0.03217625 0.0635721 0.02857732 -0.02971535 0.06423103 0.03451693 -0.02824032 0.06357151 0.04075336 -0.0278933 0.06161999 0.04688733 -0.05854994 0.0324968 0.02697992 -0.05632489 0.03552192 0.02247202 -0.02844643 0.05533403 0.05061858 -0.02990442 0.05135124 0.05491024 -0.03230291 0.04684031 0.05810606 -0.03555524 0.04225134 0.0600205 -0.03949522 0.03798127 0.0605241 -0.04388117 0.03435212 0.05955505 -0.04836916 0.03154242 0.05720156 -0.05257409 0.02963066 0.05361658 -0.05608052 0.02860134 0.049003 -0.05854976 0.02834725 0.04367381 -0.05975526 0.02881985 0.03796935 -0.05973887 0.03023028 0.03227537 -0.05329126 0.03921157 0.01912581 -0.049721 0.04335659 0.01716941 -0.04589796 0.04771578 0.01675647 -0.04200232 0.05191349 0.01790797 -0.03823381 0.05560344 0.02048265 -0.03476989 0.05845183 0.02426493 -0.03182131 0.06021064 0.02900224 -0.02959042 0.06079745 0.03436303 -0.02825558 0.06019914 0.03999483 -0.02791267 0.05839091 0.04553598 0.004182755 -0.01338648 0.03779101 0.001840293 -0.01136136 0.03566372 -0.005803525 -0.01874309 0.04042887 -0.001834154 -0.02168989 0.04344898 -0.01018631 -0.03014492 0.04742407 -0.0145303 -0.02792912 0.04515922 -0.01404708 -0.03534108 0.04738551 -0.01821523 -0.03292095 0.04637795 -0.01941603 -0.03516638 0.04610979 -0.01565921 -0.03781944 0.04659515 -0.01661509 -0.03924393 0.04477268 -0.02021968 -0.03644287 0.04483085 -0.01701492 -0.03978824 0.04138755 -0.0206626 -0.03689116 0.042243 -0.01615649 -0.03901088 0.03570586 -0.02009844 -0.0363391 0.03698641 -0.01279377 -0.03589147 0.02831161 -0.01661658 -0.0332247 0.0294454 -0.008035957 -0.03095024 0.02286458 -0.01172387 -0.02816897 0.02421313 -0.005536139 -0.02183049 0.01930779 -0.002000629 -0.02470755 0.01782733 0.004974901 -0.01776182 0.01340097 0.001622378 -0.01477009 0.0147534 0.009563386 -0.007313787 0.0110175 0.01266896 -0.01047188 0.01005905 0.01753365 6.59227e-5 0.009421586 0.02041471 -0.003251731 0.008821606 0.02750796 0.003357648 0.01005709 0.02478724 0.006810963 0.01041138 0.03346312 0.008911788 0.01361703 0.0308603 0.01248306 0.01376825 0.03533071 0.01667129 0.01890808 0.0378502 0.01300251 0.01890051 0.0402534 0.01558816 0.02577966 0.03776854 0.01914924 0.02540487 0.04038375 0.01581591 0.03162664 0.0380395 0.0193181 0.0304653 0.03927111 0.01412159 0.03455185 0.03652447 0.01783114 0.03359282 0.03503859 0.0124213 0.03614568 0.03271585 0.01468378 0.03549122 0.02701932 0.007676959 0.03634893 0.02580529 0.008737444 0.03547137 0.01829403 0.002171158 0.03367441 0.01910191 0.001648724 0.03433841 0.01160675 -0.005847036 0.03452759 0.01012289 -0.004543244 0.03320515 -0.01590466 0.02245545 0.03773915 -0.02378642 0.01506602 0.03446906 -0.02209216 0.01271575 0.03336405 -0.01390141 0.02031487 0.03350532 -0.03128015 0.007710814 0.03446906 -0.02973228 0.005148112 0.03313368 -0.03898322 -2.70549e-5 0.03446912 -0.03727757 -0.002569258 0.03289759 -0.04402285 -0.005268931 0.04645264 -0.04259014 -0.008620679 0.04542148 -0.04585355 -0.007787525 0.04595273 -0.04451602 -0.01122415 0.04539287 -0.04675143 -0.009375274 0.04450422 -0.04544919 -0.01284492 0.04409843 -0.04701584 -0.01020061 0.04185962 -0.04559183 -0.01351767 0.04185324 -0.04604548 -0.009600877 0.03690361 -0.04459458 -0.01278382 0.03749978 -0.04252642 -0.006243228 0.03006964 -0.04100745 -0.009365975 0.03110021 -0.03760302 -0.001635253 0.02491021 -0.03591656 -0.004512488 0.02609229 -0.0311321 0.004580318 0.0200994 -0.0293833 0.001855671 0.02146971 -0.02401667 0.01141917 0.01548171 -0.02209872 0.008886814 0.01674425 -0.01627677 0.01879149 0.01159512 -0.01403582 0.0164889 0.01240575 -0.008716821 0.02612602 0.009890675 -0.006134033 0.02405047 0.01032727 -0.001873612 0.03291064 0.01078242 9.61797e-4 0.03101354 0.01101982 0.003824293 0.03860563 0.01405566 0.006860554 0.03685796 0.01413983 0.008070766 0.0427652 0.01968449 0.01125985 0.04113632 0.01972353 0.0102837 0.04447907 0.02903443 0.01340389 0.04283261 0.02875101 0.009805679 0.04447418 0.03259342 0.01289731 0.04278743 0.03200274 0.008861422 0.0439707 0.03424113 0.01189076 0.04221844 0.03349542 0.007138669 0.04253965 0.03526037 0.01007109 0.0406537 0.03426057 5.88762e-4 0.03671729 0.0383445 0.003427147 0.03518092 0.0334444 -0.008241474 0.02920359 0.03954541 -0.005747437 0.02741014 0.03351515 -0.002809822 0.008373677 0.02978605 -0.01178121 2.71013e-4 0.02978605 -2.11754e-4 -0.00970751 0.0349645 0.008875548 -0.003391027 0.03308266 -0.01996612 -0.007838964 0.033082 -0.008934855 -0.01662361 0.03813427 -0.03072822 -0.01906508 0.0359444 -0.017461 -0.02557653 0.04186517 -0.03407472 -0.02381706 0.04423683 -0.02172464 -0.03088247 0.04555994 -0.03533118 -0.02539509 0.04454934 -0.02311378 -0.03324645 0.04557543 -0.03595685 -0.02623105 0.04356944 -0.02394545 -0.034563 0.04451757 -0.03600537 -0.02638173 0.04149919 -0.02426314 -0.0349701 0.04225534 -0.035411 -0.02639842 0.03834742 -0.0235747 -0.03433597 0.03764665 -0.03177499 -0.02284288 0.03330969 -0.02009075 -0.03113085 0.03073847 -0.02621912 -0.01725351 0.02862077 -0.01501196 -0.02592897 0.02570176 -0.01979261 -0.01055538 0.0245909 -0.008755505 -0.01949477 0.02107572 -0.01215803 -0.002993941 0.01964122 -0.001457095 -0.01228368 0.01639109 -0.00312227 0.005231916 0.01403939 0.006789207 -0.004587113 0.01204687 0.005857944 0.01342636 0.01099842 0.01503616 0.003036141 0.009971976 0.01371407 0.02086949 0.0113191 0.02245944 0.009978413 0.01072549 0.02023923 0.02712923 0.01419579 0.0286622 0.01581305 0.01390647 0.02513515 0.03175419 0.01963251 0.03324693 0.02011871 0.01906567 0.02707904 0.03353226 0.02689856 0.03557527 0.0224449 0.02552312 0.02688038 0.03350311 0.03030931 0.03578537 0.02256268 0.03001707 0.0256294 0.03255027 0.03190577 0.03425419 0.02114176 0.03287285 0.02311342 0.03049945 0.03308206 0.03108799 0.01720219 0.03484696 0.01588922 0.02428644 0.03179234 0.02468335 0.01032847 0.03511965 0.006243407 0.01610451 0.02978605 0.01744323 0.002998173 0.033629 -0.02559006 0.03337526 0.05439847 -0.03243136 0.02668797 0.05439406 -0.0391649 0.02048116 0.0553562 -0.04119062 0.003449618 0.04102343 -0.05321747 0.01021963 0.05209082 -0.05365186 0.007973849 0.05026906 -0.05409145 0.00610423 0.04750746 -0.05587953 0.005066096 0.03995621 -0.05509185 0.006238818 0.0311582 -0.05189579 0.008814036 0.02448511 -0.04726052 0.01279139 0.01832211 -0.04147619 0.01803267 0.01307958 -0.03504979 0.02417194 0.009077608 -0.02839535 0.03084814 0.006764054 -0.02195072 0.03757834 0.006643414 -0.01608669 0.04384827 0.008868694 -0.01115125 0.0491662 0.0133205 -0.007486104 0.05310636 0.01953625 -0.004953086 0.0549072 0.02929127 -0.004867196 0.05504912 0.03665208 -0.005952119 0.05506563 0.03955429 -0.008092343 0.05354326 0.04261726 -0.01441353 0.04730767 0.05173081 -0.006279885 0.04049593 0.04339498 -0.01905238 0.04001194 0.05378276 -0.02556079 0.03458833 0.06146222 -0.05002552 0.01431792 0.05415016 0.05627948 -0.006229698 0.02870637 0.05660712 -0.005530476 0.03866034 0.053878 -0.008419573 0.01971232 0.04979413 -0.01205927 0.01196128 0.04430115 -0.01696777 0.00593388 0.03781569 -0.02280122 0.002012252 0.03087973 -0.02923041 4.58533e-4 0.02409332 -0.03592622 0.001416683 0.01796734 -0.0424773 0.004765629 0.01282972 -0.04835891 0.01027089 0.008892178 -0.05301934 0.01759487 0.006264626 -0.05607086 0.02616304 0.005083262 -0.05729925 0.03548997 0.005448818 -0.05654448 0.04495251 0.00722593 -0.05389332 0.0538423 0.01029062 -0.04951012 0.06165975 0.01461744 -0.04370212 0.06785458 0.02081507 -0.03796869 0.07191646 0.0280016 -0.03181558 0.0732991 0.034505 -0.02453178 0.07192027 0.04088652 -0.01788496 0.06843042 0.04725593 -0.01298701 0.06310099 0.05245214 -0.009125828 0.05575591 0.05559754 -0.006669938 0.04728341 0.02474594 -0.04863876 0.06349432 0.02917397 -0.05079239 0.0612601 0.02268958 -0.0580334 0.0503081 0.01758962 -0.05650395 0.05156588 0.03530663 -0.03789216 0.06846821 0.03874999 -0.04101449 0.0658465 -0.05320131 0.01261907 0.05107134 -0.04370588 0.01891148 0.05960577 -0.04631096 0.01673215 0.05289232 -0.0525937 0.008431613 0.04461246 -0.01317161 0.05873167 0.03661119 -0.01917916 0.05891793 0.0214321 -0.01065123 0.04984003 0.01984971 -0.006352066 0.05278027 0.03460001 0.02287948 -0.04418337 0.008906245 0.01443302 -0.05278462 0.02008116 0.01888841 -0.05571931 0.02088695 0.02691471 -0.04743963 0.01016986 0.03111964 -0.04981708 0.01275676 0.04091942 -0.04013323 0.009579658 0.03775197 -0.03671771 0.006669521 0.04624181 -0.02763712 0.06457704 0.04861152 -0.03188014 0.06218641 0.05875855 -0.0171225 0.03834182 0.05596017 -0.01213341 0.0383625 0.05349969 -0.01464962 0.02223378 0.05639648 -0.01944738 0.02290683 0.05650997 -0.0252313 0.05206936 0.05494117 -0.02010464 0.05355674 0.06002902 -0.02259927 0.03824859 0.05789393 -0.02467334 0.02426469 -0.04073387 0.04303789 0.006475627 -0.05137795 0.03118193 0.01011955 -0.04087173 0.02032142 0.01429176 -0.02937597 0.03143543 0.009789168 -0.02894234 0.05318778 0.01063978 -0.01829028 0.04224228 0.0118879 0.02389603 -0.05733704 0.02246767 0.01551967 -0.0591039 0.03601408 0.02085542 -0.06042069 0.03617858 -0.02082985 0.04071199 0.06019198 -0.01493614 0.05243772 0.05004113 -0.01037365 0.05070936 0.041345 -0.02182185 0.03986245 0.0505073 -0.05897235 0.0146656 0.03478759 -0.05371844 0.008010745 0.036466 0.01089322 -0.05628055 0.03584808 0.01311129 -0.05359995 0.05201977 -0.03104835 0.02816438 0.06366938 -0.03313571 0.0282849 0.05219936 -0.05804097 0.0208016 0.02050644 -0.04976302 0.01184034 0.02387702 0.04860836 -0.02652746 0.01133716 0.0507909 -0.03099071 0.01379537 0.0316348 -0.03435343 0.06920325 0.04314392 -0.02338087 0.06515765 0.05209505 -0.01534646 0.054048 0.02060568 -0.04552447 0.06427609 -0.02369439 0.04063987 0.06176042 -0.0177946 0.05326479 0.05048888 -0.05831545 0.02364075 0.02289837 -0.05135798 0.03470623 0.01156949 -0.02189409 0.05909168 0.02488601 -0.01594436 0.05969411 0.03814256 -0.02733486 0.04932832 0.03712952 -0.03237539 0.05316227 0.01263535 -0.04253852 0.04485315 0.007326364 0.04546201 -0.02218842 0.01015007 0.03420507 -0.03295648 0.005263745 -0.05402576 0.01655209 0.04996228 -0.04284274 0.02242183 0.06070554 -0.05980038 0.01737219 0.03544551 -0.0319783 0.02976375 0.06593453 -0.03519248 0.03390884 0.05142223 -0.04032933 0.04203265 0.02199411 -0.04912269 0.02799415 0.03633505 -0.02278995 0.01618754 0.03256982 -0.03546673 0.003660619 0.02967667 -0.04466593 -0.005783557 0.03841495 -0.04530376 -0.007430791 0.03760325 -0.04022586 -0.002795815 0.02935063 -0.03015631 0.006858229 0.01971513 -0.01724135 0.01917243 0.01250267 -0.004734456 0.03112918 0.01273661 0.003694295 0.03939884 0.01837736 0.007546484 0.04282677 0.03045576 0.003613591 0.04027885 0.03389346 -0.009781897 0.02860814 0.03172701 -0.01011031 0.001833021 0.02860832 -0.02415949 -0.01217746 0.02854388 -0.03397917 -0.02268218 0.03912788 -0.03485858 -0.0243687 0.03756427 -0.02918219 -0.0192573 0.03303885 -0.01851409 -0.008651733 0.0257079 -0.003812611 0.005215227 0.01714426 0.01055538 0.01865613 0.01291424 0.02005791 0.02788627 0.01779556 0.0232973 0.03130882 0.02806043 0.01880437 0.02810573 0.03142374 0.004499793 0.01546889 0.0286439 -0.01003199 -0.02392995 0.03910374 -0.0185135 -0.03295725 0.04111713 -0.01932895 -0.03440302 0.03764998 -0.01389759 -0.03010827 0.02814167 -0.003701031 -0.02023965 0.0186429 0.009342372 -0.007747173 0.01139742 0.02210164 0.004404962 0.01210135 0.03067952 0.01275277 0.01831763 0.03318351 0.01587593 0.02802616 0.02768206 0.01114434 0.03336328 0.01702278 0.001240253 0.03037208 0.003756344 -0.01052361 0.03105068 0.007018506 -0.03409916 0.05565053 -8.5531e-4 -0.04228842 0.04765439 -0.001996994 -0.04441124 0.03529 0.002007663 -0.04077178 0.02221935 0.01078194 -0.03214722 0.01215523 0.02228146 -0.02092486 0.007962644 0.03353017 -0.0101388 0.01097363 0.04135799 -0.002624928 0.02023613 0.04415935 0.002019762 0.0352838 0.04069906 -0.002757489 0.04410749 0.03007215 -0.01186472 0.04812836 0.01815652 -0.02296769 0.052621 -0.002363204 -0.04237121 0.05250996 0.002496778 -0.03646337 0.05487167 0.008365988 -0.02977281 0.05489796 0.01547771 -0.02268218 0.05310016 0.02341073 -0.01572114 0.05045646 0.03115332 -0.009280264 0.04871565 0.03800898 -0.003678798 0.04740399 0.04597562 0.001803576 0.04263097 0.04777121 0.004082918 0.03945749 0.04771804 0.005638957 0.03590703 0.04803347 0.005146563 0.02762663 0.04596471 0.002476334 0.0192303 0.04171305 -0.001419007 0.01294052 0.03596174 -0.006684541 0.008395433 0.02913999 -0.01293605 0.006076395 0.02178788 -0.01977914 0.006116747 0.01450252 -0.02681064 0.008366703 0.007819354 -0.03359681 0.01235896 0.002122044 -0.03965252 0.01766484 -0.002292573 -0.044474 0.02392292 -0.005274295 -0.04772305 0.03070527 -0.006697893 -0.04909783 0.03782176 -0.00649935 -0.04843014 0.04444229 -0.005073547 -0.04620271 0.04913544</float_array>
          <technique_common>
            <accessor source="#Can_Beverage_Damaged_01_005-mesh-positions-array" count="1240" stride="3">
              <param name="X" type="float"/>
              <param name="Y" type="float"/>
              <param name="Z" type="float"/>
            </accessor>
          </technique_common>
        </source>
        <source id="Can_Beverage_Damaged_01_005-mesh-normals">
          <float_array id="Can_Beverage_Damaged_01_005-mesh-normals-array" count="3720">0.4392569 -0.5219628 -0.7311692 -0.2320072 0.688941 -0.6866827 0.5384738 -0.396897 -0.743316 0.07782387 0.9969391 -0.007477164 0.9132629 -0.02945119 -0.4063049 0.0835011 0.9572719 -0.2768721 -0.9997442 -0.02209579 -0.004852533 -0.05942022 -0.9813343 0.1828996 -0.9910707 -0.03997975 0.1272028 0.08902508 -0.5658909 0.8196598 0.6865573 -0.7244314 0.06195372 0.6921473 -0.7201641 0.04791527 0.5531587 -0.2821186 0.7838525 -0.6296082 0.2806228 0.7244615 0.236281 -0.5944564 0.7686306 -0.3845132 0.5400397 -0.74867 0.3516742 -0.6026347 -0.7163497 -0.5677847 0.3612593 -0.7396705 -0.04217708 -0.9932685 -0.1078843 0.7300741 -0.3409271 -0.5922505 0.6294338 -0.776202 -0.03637921 -0.1360555 -0.9905075 -0.01959341 0.5802615 -0.3789569 -0.720894 0.6782492 -0.7348005 0.006805658 -0.8805794 0.2127515 0.4234582 0.838059 -0.02679586 0.5449215 0.04321533 0.9828447 0.1793011 -0.03494435 0.8669569 0.4971566 0.9948619 0.02359122 0.09845465 0.1324842 0.9903512 -0.04065167 0.03717231 0.9986488 0.03631782 0.821169 -0.2200099 0.5265712 0.584598 -0.4232422 0.6921787 -0.6626949 0.7425943 -0.09689855 -0.7396702 0.6721916 -0.03235059 -0.6618099 0.749156 -0.027803 -0.9990342 0.004242062 0.04373347 -0.7281513 0.6835326 -0.05078345 -0.6649767 0.744509 -0.05926769 -0.7337176 0.6766157 -0.06204599 -0.4416761 0.6630636 0.6043749 -0.01062059 -0.8624656 0.5060042 0.1777139 -0.7278857 -0.6622691 -0.9544345 -0.05508756 -0.2932918 -0.7895229 0.1325434 -0.5992378 -0.06805801 0.9894049 -0.128242 -0.9961094 -0.07532083 0.04574793 -0.996482 0.01529008 0.08240181 -0.9587532 0.1052904 -0.2640195 -0.9903569 0.08978825 0.1055058 0.1414551 -0.8931967 0.4268373 0.7166443 -0.1982506 -0.6686686 0.9921426 0.03601241 -0.1198176 0.01962363 0.9970532 0.07416099 0.9976745 0.02520889 0.06332743 0.09115928 -0.9817858 0.166693 -0.6786645 0.3956257 0.6187851 -0.5451293 0.52047 0.6572253 0.9704358 0.03393685 0.2389619 0.01886081 -0.8923802 -0.4508901 -0.05179172 -0.967288 -0.2483379 -0.8893059 0.02380514 0.4566929 -0.9996493 -0.02618527 -0.003967463 -0.03741621 -0.9984887 0.04025447 0.01101726 -0.9997046 0.02166831 -0.3249046 0.9452323 0.03119033 0.9947959 -0.09894245 0.02432358 0.9613806 0.2302357 0.1507946 0.9820073 -0.06991881 0.1754227 0.1457596 -0.9420051 -0.3022925 0.3329353 -0.7895045 -0.5155935 0.7443993 -0.665354 0.05633884 -0.2150078 0.8390951 -0.499691 -0.691113 0.7220292 0.03219801 -0.2503196 0.85329 0.4574237 -0.3866235 0.7358299 0.5559468 0.2687861 -0.7357056 0.6216843 0.3930925 -0.5348867 -0.7479135 0.8703907 -0.1906564 -0.4539497 0.8130336 -0.4435672 -0.3771268 0.6704207 -0.7341452 0.1075505 0.9892045 -0.1021768 -0.1050455 -0.8953925 0.287335 0.3401631 -0.07843452 0.9813471 -0.1755163 -0.03967505 0.9985004 0.03772187 -0.2038981 0.9532337 0.2230946 -0.1336454 0.8654446 0.4828507 -0.967576 0.10407 -0.2301442 -0.9978943 0.0583226 -0.02838307 0.720803 -0.6845766 0.1086179 0.8356106 -0.2197064 0.5034722 -0.5911458 0.6198028 0.516131 -0.3851869 0.6771061 -0.6270236 -0.4697288 0.7603679 0.4485481 -0.7561209 0.4533979 -0.4719232 -0.3084544 0.5967358 0.740785 0.4555313 -0.7962185 -0.398155 -0.4154567 0.7883698 -0.4537277 0.04934978 -0.8755398 0.4806191 -3.96752e-4 -0.978909 0.2042967 -0.661253 0.7499409 -0.01825028 -0.739247 0.6721953 -0.04083526 -0.6615417 0.7490107 -0.03668445 -0.7492432 0.5070438 0.4260767 -0.4978392 0.5754206 -0.6488817 0.9704794 -0.01471024 0.2407352 -0.7287572 0.6846271 0.01409965 -0.7746174 0.4319436 -0.4619444 0.103064 -0.988676 -0.1090763 -0.05221831 0.8394305 -0.5409527 0.4027341 -0.7142152 -0.5724526 -0.8968011 0.1041003 -0.4300128 0.1059005 -0.9251191 -0.3646091 -0.08646047 -0.9939447 -0.06781333 -0.7700374 -0.01342856 -0.6378575 0.008392632 -0.8033466 -0.5954526 -0.9886892 -0.07751792 -0.1283928 -0.09131294 -0.9744426 0.2052406 -0.9868884 -0.0690031 0.1459106 -0.01944094 -0.9654878 0.2597219 -0.9812199 0.004059016 0.1928502 0.5178487 -0.2390564 0.8213921 0.330924 -0.3685547 0.8687098 0.09277701 -0.9842302 -0.15061 0.7354166 -0.6776136 0.001556456 0.6593384 -0.7489429 0.06601315 0.6690996 -0.7431692 -0.002319395 0.7374106 -0.6706951 0.07996088 0.660156 -0.7489967 0.05655163 0.6575638 -0.7496398 0.07516843 -0.03750818 0.99853 -0.03912568 0.9416581 -0.1002238 -0.3213021 0.9979629 -0.05127143 0.03796529 0.4030348 -0.5882551 0.7010841 -0.4757679 0.606269 0.6372463 0.9698928 -0.05984765 -0.2360642 0.4653878 -0.4508606 -0.7616685 -0.09296089 0.9583275 0.2701238 -0.6725769 0.7383452 -0.04986792 -0.4807384 0.3958644 -0.7824206 0.4303739 -0.5305361 -0.7302806 -0.9943741 0.05133312 -0.09265607 -0.6753535 0.3840502 -0.6296055 0.03866708 -0.9991193 -0.01629692 -0.6775537 0.7353263 0.01471018 0.7283437 -0.6837854 0.04419195 0.6731299 -0.7383188 0.04220795 0.6663901 -0.7448554 0.03338813 0.05829143 0.8059478 -0.5891098 0.9969517 0.07791399 -0.004089474 0.8371367 0.01638871 -0.5467482 -0.006531119 0.9683222 0.2496188 0.9484817 -0.008026599 0.3167303 -0.3440721 0.5310626 -0.7743301 0.5687515 -0.3936337 -0.7222009 -0.7410899 0.6710187 -0.02279758 0.740554 -0.3770981 -0.5562166 -0.339831 0.7118903 -0.6145952 0.7350962 -0.6769564 0.03692877 -0.07349139 0.9184292 -0.3886988 0.9940437 -0.06363272 0.0884754 0.04754847 -0.997694 0.04843348 0.7378917 -0.6721534 0.06103825 0.9612902 0.06692832 0.2672862 0.09384602 0.9934861 -0.06463927 0.06909561 0.9757007 0.2079277 -0.7290119 0.6770377 -0.1008049 -0.9860781 0.1245186 0.1102051 0.737211 -0.6719619 0.07062035 -0.577461 0.4935931 -0.6503112 0.9136845 0.1487507 0.3782247 0.05377495 0.6684941 0.7417709 0.6713322 0.6335188 0.3846648 -0.2585315 -0.9483048 0.1840636 -0.7935726 0.08048033 0.6031298 0.1346816 -0.3574114 0.9241851 0.9755649 0.200936 0.08887082 0.7415239 0.6709025 0.005676507 -0.235302 -0.9697132 -0.06549394 -0.7021495 -0.6995555 0.1326964 0.9486075 0.1668807 -0.2688769 0.6797923 0.5839915 -0.4436626 0.8183689 0.01635819 -0.5744605 0.5000908 0.384697 -0.7758335 0.647711 -0.2015189 -0.734752 0.2950922 0.161936 -0.9416462 0.4165207 -0.451007 -0.7893689 0.05679565 -0.07345902 -0.9956797 -0.2007273 -0.2938426 -0.9345401 0.1613525 -0.6708324 -0.7238435 -0.4276722 -0.4700335 -0.7721172 -0.04660212 -0.8174449 -0.5741188 -0.6055325 -0.6095916 -0.5115942 -0.1635492 -0.9281014 -0.3344839 -0.6993772 -0.6938533 -0.1715787 -0.6709631 0.05780321 0.7392343 -0.3904699 -0.4126272 0.8229655 -0.3779467 -0.08920687 0.9215197 0.261914 -0.180764 0.9480113 -0.03674465 -0.4808855 0.8760131 -0.2970785 -0.4866057 0.8215591 0.2307235 -0.3315888 0.9147762 -0.24214 -0.3211544 0.915548 0.2226652 0.1126754 0.9683618 0.00338757 -0.1160933 0.9932326 0.4122546 -0.1143863 0.9038594 0.3426349 0.2911191 0.8932251 0.06409054 0.4316956 0.8997397 -0.02856612 0.6533889 0.7564833 0.4508932 0.1477137 0.8802704 -0.5616828 0.7236807 -0.4009971 -0.7141155 0.6542676 -0.2489439 -0.6509134 0.7236101 -0.2295653 -0.4254155 -0.8528759 -0.3026954 -0.3132825 -0.9490033 -0.03531104 -0.271345 -0.9178912 -0.2895648 -0.04413127 -0.5188022 -0.8537545 -0.03320461 -0.7292206 -0.6834726 0.1207944 -0.6092824 -0.7836988 0.2548673 -0.2389972 -0.9369755 0.2588934 -0.498224 -0.8274945 0.3840798 -0.3778539 -0.8424425 -0.5168057 0.6054934 -0.6052187 -0.2480561 -0.08914512 -0.9646354 -0.06900423 0.1233897 -0.9899563 -0.5439452 -0.4503731 -0.7080169 -0.8169482 0.159007 -0.5543577 -0.9054861 0.01141428 -0.4242224 -0.4084959 -0.2860844 -0.8667681 -0.6810638 0.3757204 -0.6284794 0.1081584 -0.3828575 -0.9174541 -0.2003901 -0.6555255 -0.7281005 -0.1737786 -0.840388 -0.5133703 -0.6458774 -0.5692742 -0.5086936 -0.9550121 -0.06595236 -0.2891405 -0.7438452 -0.6665095 -0.04959374 -0.9811629 -0.09943163 -0.1656278 -0.9924951 -0.1144752 -0.04300063 -0.7126939 -0.6400878 -0.2869759 -0.3350398 -0.7735702 -0.5379009 0.2840728 -0.5233739 -0.803357 0.4124648 -0.4008066 -0.8180629 0.1222294 -0.6236293 -0.7721052 -0.06054949 -0.7311412 -0.6795338 -0.2190029 -0.83121 -0.5110068 -0.3248771 -0.9005916 -0.2887728 -0.371141 -0.9278372 -0.03705 0.09900522 -0.4640794 0.8802433 0.1865637 -0.2319457 0.9546702 0.2342957 -0.2844693 0.9296143 -0.2297221 -0.8673407 0.4415292 -0.2743105 -0.7118399 0.6465585 -0.1227793 -0.769789 0.6263787 -0.4488806 -0.8669365 0.2166272 -0.4640123 -0.88484 -0.04184162 -0.9869683 -0.1333089 0.09012389 -0.8490452 -0.2203183 0.4801897 -0.6692049 -0.617413 0.4134805 -0.9514633 -0.1735926 0.2541325 -0.7319207 -0.6550724 0.1875428 -0.3836858 -0.8068939 0.4491187 -0.2969853 -0.9298072 0.2173904 -0.1387696 -0.5855363 0.7986804 -0.6535751 -0.2145521 0.7258148 -0.5476722 -0.5537761 0.6272059 0.005157649 -0.04635804 0.9989117 -0.4180511 -0.09338849 0.9036105 -0.1941018 0.1621482 0.9674876 -0.3813977 -0.4490892 0.8079943 0.01284855 -0.4247961 0.905198 0.004852533 -0.6459375 0.7633751 -0.3582941 -0.9084922 0.2150985 -0.2946923 -0.8476676 0.4411534 -0.1898286 -0.7504947 0.6330268 -0.05511838 -0.6129862 0.7881687 0.1572651 -0.4792422 0.8634782 0.4117323 -0.4750592 0.7776859 0.8600301 0.4067289 0.3080909 0.955272 0.2916386 0.04901331 0.9191726 0.254071 0.3009483 0.5299332 0.1021168 0.8418688 0.72364 0.05047869 0.6883293 0.5936302 -0.06903457 0.8017715 0.4081304 -0.1479255 0.9008594 0.2054578 0.2010325 0.9577959 -0.02444583 0.47323 0.8805997 0.4767135 0.5369284 0.6960261 0.04230028 0.7327471 0.6791851 0.03744715 0.8914992 0.451472 0.3613185 0.3940657 0.8450806 0.3693107 -0.04196363 0.9283581 0.662832 0.2184922 0.7161808 0.8372061 0.1675205 0.5205987 0.5825528 0.6359006 0.506224 0.04483252 0.9616266 0.270674 0.7022168 0.7105791 0.04437494 0.06253278 0.9888976 0.1348011 0.06558442 0.9976528 0.01968449 0.6655405 0.6902613 0.2838931 0.7768043 0.3276232 0.5378087 0.4401423 -0.2514445 0.8620038 0.5719878 -0.06326591 0.8178187 0.7178637 0.07663273 0.6919532 0.8287947 0.2066493 0.5199958 0.9063844 0.298415 0.2990253 0.9396981 0.3385843 0.04825145 0.5069838 -0.2363096 -0.8289301 0.8756787 0.2021266 -0.4385565 0.69963 0.2382966 -0.6735969 0.7704772 0.07989817 -0.6324408 0.880662 0.4230571 -0.2132071 0.8967682 0.4397472 0.04928803 0.03576833 0.9952578 -0.09045851 -0.1378241 0.9431306 -0.302505 0.6038854 0.6677318 -0.4352663 -0.03601235 0.9793223 -0.1990751 0.6822014 0.7036871 -0.1985595 0.8136748 0.3558854 -0.459651 0.9393823 0.2739712 -0.2061575 0.5540171 0.08423328 -0.828233 -0.2468363 0.880865 -0.4039167 0.47045 0.5938077 -0.6527398 0.1168896 0.319539 -0.9403359 -0.3667525 0.7773614 -0.5110791 0.3001863 0.47735 -0.8258482 0.4017253 -0.08112025 -0.9121603 0.6395032 -0.0759322 -0.7650295 0.9241458 0.3219754 -0.205637 0.863739 0.2494289 -0.4378817 0.7653261 0.1203365 -0.6322936 0.6444467 -0.0531342 -0.7628008 0.5241032 -0.2394523 -0.8172995 -0.5162672 0.3048284 0.8003424 -0.536562 0.5279555 0.658304 -0.5914007 0.4842173 0.6448092 -0.9214489 0.3880267 0.01916629 -0.9868606 0.1108753 0.1175284 -0.9242613 0.3520647 0.1476193 -0.1030017 -0.5037164 -0.8577065 -0.5551395 -0.3974481 -0.7306539 -0.4262666 -0.2261193 -0.8758807 0.2451284 -0.2063388 -0.9472784 -0.2568839 -0.05386716 -0.96494 -0.05496418 0.1130108 -0.9920724 0.07754945 -0.3673606 -0.9268401 -0.6793285 -0.7320963 -0.05047887 -0.5173055 -0.8018693 -0.2989995 -0.559472 -0.827672 -0.04416078 -0.2804769 -0.6291962 -0.7248758 -0.6391255 -0.5501937 -0.5374063 -0.4236094 -0.7334424 -0.5316176 -0.6748172 -0.6710023 -0.3072096 -0.8106255 0.5431536 -0.2187935 -0.8845757 0.3635476 -0.2921627 -0.855053 0.4900754 -0.1694419 -0.8209618 0.4791182 -0.3105921 -0.8840857 0.1567781 -0.4402422 -0.885339 0.385766 -0.2595375 -0.5528014 0.5625371 -0.6147867 -0.7532685 0.5607245 -0.3437654 -0.6726395 0.642151 -0.3676933 0.06134372 0.01825052 -0.9979498 -0.4546996 0.1548523 -0.8770798 -0.2806511 0.3346694 -0.899573 -0.7935973 0.3010439 -0.5287495 -0.6046194 -0.02575832 -0.7960979 -0.1085878 -0.1913868 -0.9754896 -0.2558139 -0.376915 -0.8902215 -0.3995248 -0.5261788 -0.7506769 -0.7244964 -0.19984 -0.6596735 -0.6636237 0.6268168 -0.4082946 -0.7659035 0.5950585 -0.2435107 -0.7465311 0.5390614 -0.3900054 -0.817618 0.4544357 -0.3535381 -0.9827111 0.1803061 -0.04205513 -0.9719244 -0.2213885 0.0796864 -0.9867823 0.1018126 0.1260754 -0.9510142 0.008179187 -0.3090391 -0.5328991 -0.6313852 -0.5633574 -0.9829126 -0.1252483 -0.1348922 -0.9441906 0.2806814 -0.1724007 -0.645725 -0.6857966 -0.3357416 -0.8042172 -0.3571382 -0.4750652 -0.8362271 -0.4852864 -0.255385 -0.7104447 -0.7016248 -0.05468946 -0.8184856 -0.5744872 -0.00677514 -0.9441437 0.2667688 -0.1934615 -0.8952327 0.436553 -0.08933097 -0.9825994 0.1776528 -0.05420225 -0.6511046 -0.6130467 0.447478 -0.414843 -0.6363185 0.6503877 -0.6352551 -0.4264434 0.6438921 -0.5508966 -0.8075299 0.2107329 -0.5001223 -0.7437592 0.4435087 -0.6668742 -0.7150029 0.2098802 0.1074276 -0.1676726 0.9799721 -0.5510911 0.213301 0.8067227 -0.07086622 -0.3307092 0.9410683 -0.2826095 -0.4845257 0.8278688 -0.5934159 -0.163583 0.788098 -0.8654381 0.08987957 0.492888 -0.7382013 0.4047777 0.5396426 -0.8235557 0.3707755 0.4292805 -0.7553769 0.1330935 0.6416324 -0.795969 -0.3123631 0.5185197 -0.6935222 -0.1838792 0.6965742 -0.9060816 -0.2989346 0.2994229 -0.7139402 -0.6524131 0.254257 -0.6699547 -0.695957 0.258466 -0.8635446 0.03637903 0.5029587 -0.9493272 0.05417138 0.3095858 -0.6076079 -0.633885 0.478542 -0.4767642 -0.7348309 0.4824101 -0.1003777 -0.8628703 0.4953576 -0.5009722 -0.5428141 0.674077 -0.9495635 0.07821977 0.3036625 -0.8936149 0.3421556 0.2904859 -0.7508706 0.1548558 0.6420382 -0.410335 0.3846681 0.8268349 -0.3999879 0.07349079 0.9135693 -0.2565745 0.2137867 0.9425841 -0.6257212 0.2136906 0.7502063 0.1247926 -0.8465082 0.5175429 -0.5447624 -0.06619548 0.8359738 -0.5125922 0.2956653 0.8061212 -0.1633692 -0.2751915 0.9474071 0.2512953 -0.7619735 0.5968645 0.06146621 -0.1241533 0.9903575 0.5988175 -0.6215543 0.5050625 -0.6579973 0.443843 0.6083117 -0.6274979 0.2262361 0.7450259 -0.4159795 0.391045 0.8210024 -0.06985855 0.9146013 0.3982764 -0.3423323 0.9083692 0.2401544 -0.3436148 0.8623178 0.3719366 0.0402553 0.5908896 0.8057475 0.6119377 0.2995141 0.7319998 0.285542 0.6488482 0.7053096 0.2690536 0.02090537 0.9628983 -0.5188588 0.5520028 0.652747 0.7092319 0.7029145 0.05386608 0.8167018 0.4907535 0.3035774 0.8452677 0.5324124 0.04538244 0.4948983 0.676884 0.5448887 0.7383267 0.4097847 0.5356775 0.6532751 0.6891663 0.3134988 -0.4529036 0.6339125 0.6269236 -0.1764333 0.6972491 0.694777 -0.4142704 0.703808 0.5770914 -0.2392367 0.5829088 0.77652 0.1081894 0.6402252 0.7605306 -0.1632499 0.698871 0.6963683 -0.1228415 0.3526848 0.9276441 0.7421592 -0.3667154 0.5609989 -0.002990841 0.4942588 0.8693096 -0.319935 0.4797345 0.8170046 0.8046449 -0.2440944 0.5412622 0.2194291 0.09665256 0.9708292 0.3637621 0.2711965 0.8911395 0.8794219 -0.02581954 0.4753426 0.4816291 0.4450972 0.7549318 -0.3270148 0.4833959 0.8120283 -0.4920016 0.5769673 0.6519533 -0.2482413 0.5842859 0.772649 -0.0559405 0.9752516 0.2139047 0.2643884 0.8841431 0.3852141 0.2571828 0.9531666 0.1591561 0.2113131 0.7777141 0.5920369 0.8877941 0.1871112 0.4204891 -0.09354251 0.8207938 0.5635136 0.6090401 0.7174136 0.3382132 0.8191298 0.4969102 0.2865428 0.5966804 0.798107 0.08365303 0.7389863 0.6720277 0.04773163 -0.1129216 0.8161184 0.5667446 -0.3761784 0.7845545 0.492914 -0.04498505 0.9177989 0.394489 -0.07956385 0.9732915 0.2153443 0.6557641 0.5993343 -0.4590989 0.6652877 0.3305838 -0.6694078 0.5272554 0.5092184 -0.6802193 0.7152258 0.6667302 -0.2095777 0.7678409 0.449278 -0.4566943 0.8305264 0.5146193 -0.2130564 0.1545776 0.2617595 -0.952674 0.5356433 0.1654448 -0.8280788 0.3947362 -0.02295047 -0.9185078 0.3544778 0.3943355 -0.8478474 -0.2097263 0.9705336 -0.1186577 -0.4983724 0.8612108 -0.09970498 -0.4274799 0.9040039 0.006164789 -0.3139835 0.9155511 -0.2513576 0.09848511 0.9592151 -0.2649667 -0.04931819 0.8992642 -0.4346169 -0.108251 0.9932427 0.04184162 0.6665337 0.7115491 -0.2223305 0.2014244 0.9777935 -0.05786371 -0.1961758 0.9733406 -0.1188408 0.428614 0.8082139 -0.4038323 0.5716467 0.6736404 -0.4684323 0.2765329 0.7453662 -0.6065962 0.463709 0.5629881 -0.6841188 -0.3740113 0.9193263 0.1222899 -0.1275698 0.9908636 0.04376435 -0.320423 0.9117361 -0.2570343 -0.3953101 0.6880159 -0.6085755 -0.4451875 0.8293056 -0.3377285 0.0972042 0.6395033 -0.7626185 0.338982 0.4027681 -0.8502171 -0.2219384 0.803886 -0.5518248 -0.5690036 0.7332589 -0.372245 -0.09219771 0.5003885 -0.8608781 0.2059145 0.2096989 -0.9558377 -0.5772318 0.7963564 -0.18061 -0.4438043 0.8234276 -0.3535602 0.72217 -0.6817629 -0.1169181 0.6757284 -0.730175 -0.1011716 0.736363 -0.6680919 -0.1068776 0.5015279 -0.8646191 -0.03006172 0.5854273 -0.807549 -0.07169055 0.5551115 -0.8297223 -0.0584135 -0.5241069 0.8125747 0.2550187 -0.5927544 0.7289029 0.3425536 -0.5026597 0.7942451 0.3413325 -0.8355513 0.5114693 0.2006324 -0.7903121 0.5944736 0.1483513 -0.8477865 0.513207 0.1337036 -0.6885965 0.7136219 0.1287589 -0.7588007 0.6457573 0.08496564 -0.5724875 0.8049861 0.1557417 -0.6139028 0.7842024 0.09027713 -0.5086644 0.8394931 0.191081 -0.4887636 0.8614021 0.1381905 -0.5094839 0.8366169 0.2012422 -0.4446335 0.8785548 0.1744779 -0.4563798 0.8588327 0.2326456 -0.7016419 0.6031862 0.3792955 -0.6203695 0.6581831 0.4265403 -0.7811449 0.518342 0.3480436 -0.7423426 0.5177232 0.4253119 -0.8189285 0.4931639 0.2935056 -0.8159027 0.4504342 0.3625081 -0.8349232 0.4935621 0.2435154 -0.8543608 0.4418602 0.2735456 -0.8716906 0.4479615 0.1987107 0.8070798 -0.1848547 -0.5607594 0.2382946 0.9147546 -0.3262512 0.9129076 -0.0971412 -0.3964387 0.2769338 0.9504378 -0.1413357 0.9801676 -0.04824995 -0.1922065 0.2871831 0.9573786 0.03085458 0.9985933 -0.03531086 0.03955304 0.9614933 -0.05999982 0.2681988 0.2743952 0.9401341 0.2021265 0.8811515 -0.1174991 0.4580022 0.2371348 0.8929944 0.3825287 0.7809529 -0.2018837 0.5910632 0.1749972 0.8067451 0.564392 0.6863535 -0.2941166 0.6651425 0.09534084 0.6736119 0.73291 0.5858846 -0.3749027 0.7184618 -0.04489326 0.482412 0.8747933 0.4594451 -0.4819381 0.7460871 -0.4993494 0.001373291 0.8663996 -0.2647534 0.2356686 0.9350754 0.3411479 -0.6041657 0.7201402 -0.6898272 -0.152871 0.7076504 0.2441862 -0.7130873 0.6571756 -0.8226738 -0.2401856 0.5152851 0.1564099 -0.8172078 0.5547137 -0.9038003 -0.2844709 0.3197208 0.08295136 -0.9112139 0.4034953 -0.9437848 -0.3017157 0.1350488 0.03238117 -0.9780597 0.2057932 -0.9519116 -0.303021 -0.04519832 0.0200203 -0.999491 -0.02484226 0.0548433 -0.9641994 -0.2594454 -0.9323657 -0.2859662 -0.2211736 0.1259537 -0.8776476 -0.4624611 0.2184572 -0.7626776 -0.6087688 -0.8858597 -0.2455601 -0.3936408 -0.8043355 -0.1645904 -0.5709241 0.3168455 -0.6531316 -0.6877704 -0.6778069 -0.02581942 -0.7347866 0.4035281 -0.5687909 -0.7166882 0.4819951 -0.4952711 -0.7227637 -0.5048195 0.165323 -0.847246 -0.3046123 0.3764545 -0.8749248 -0.1158513 0.5673847 -0.8152626 0.5732714 -0.4077051 -0.7107295 0.03967481 0.7218687 -0.6908918 0.685036 -0.299089 -0.6642828 0.1597362 0.8392408 -0.5197684 0.2246487 -0.9683914 0.1084027 0.2432683 -0.9452705 0.2174491 -0.3213057 0.9449648 -0.06167918 0.2268768 -0.9733363 0.03381478 -0.3007047 0.9535084 -0.01995944 0.2313358 -0.9728312 -0.009125232 -0.285201 0.9584522 0.005462884 0.227949 -0.9723157 -0.05139452 -0.2662209 0.9631015 0.03952264 0.2304188 -0.9652566 -0.1232359 -0.2397299 0.9636807 0.1176828 0.2549856 -0.9403185 -0.2253517 -0.206221 0.9413775 0.2669856 0.3119695 -0.8866503 -0.3413597 -0.1712411 0.8526043 0.493703 0.4401238 -0.7846906 -0.4365225 -0.2186674 0.6565821 0.7218619 0.6325645 -0.6198991 -0.4643139 -0.3918938 0.3799303 0.8378975 -0.6227087 0.1372132 0.7703288 0.8025459 -0.4448856 -0.3974885 0.9036158 -0.3225281 -0.2818763 0.9510619 -0.2595331 -0.1677016 -0.8262742 0.03671443 0.5620703 0.9678561 -0.2399421 -0.07538247 -0.9466432 0.05377471 0.3177654 0.9698894 -0.2432353 -0.01229906 -0.9841346 0.1174662 0.1329697 0.9684507 -0.2471406 0.03201413 -0.9797767 0.1970296 -0.03488302 -0.9759113 0.2009687 -0.08490431 0.9685167 -0.2387492 0.0705291 0.9660874 -0.2247439 0.1271432 -0.9686343 0.1999588 -0.1475275 -0.9419071 0.228404 -0.2462576 0.9444826 -0.2360367 0.2285594 -0.8721384 0.3262774 -0.3645787 0.8755946 -0.3125467 0.3683052 0.7404166 -0.4638857 0.4864087 -0.7477775 0.4963616 -0.4409696 0.5617941 -0.6454467 0.5174805 -0.5966826 0.6809158 -0.4246454 0.4032817 -0.793196 0.4562937 0.2987828 -0.8901835 0.3439511 -0.4721609 0.8164469 -0.3323835 -0.3967854 0.8905623 -0.2223964 0.9906635 -0.1318402 0.03469961 0.1352905 -0.9907066 -0.01403868 0.1346815 -0.9894038 0.05423271 0.1435597 -0.9785194 0.1479544 0.1789661 -0.9453098 0.2726914 0.2530009 -0.8796742 0.4026957 0.3722493 -0.7744995 0.5114499 0.7197948 -0.4338301 0.541929 0.8600879 -0.2665229 0.434988 0.9400312 -0.1644695 0.2988165 0.9744457 -0.1291875 0.1837557 0.9864468 -0.1277235 0.1030028 0.989922 -0.136421 -0.03799641 0.9810792 -0.148813 -0.123848 0.9547656 -0.1875105 -0.2307869 0.8956968 -0.2668871 -0.3556663 0.7812471 -0.3990315 -0.480028 0.5986011 -0.584013 -0.5482752 0.2621635 -0.8775 -0.4015771 0.1949899 -0.9399744 -0.2800482 0.1552504 -0.9732831 -0.1691671 0.1399005 -0.9868721 -0.080693 0.4500952 -0.8929573 -0.006439507 0.9047321 -0.4249448 0.02969485 0.8836497 -0.4419775 -0.154335 0.816236 -0.4950824 -0.2977453 0.7306256 -0.5672877 -0.3799619 0.6565337 -0.6359637 -0.4056031 0.6193891 -0.6819537 -0.3889684 0.5385821 -0.6211075 0.569346 0.629979 -0.6872331 -0.3617144 0.6615005 -0.639832 -0.3911933 0.6150523 -0.681645 -0.3963216 0.5423297 -0.7721711 -0.3311049 0.4798504 -0.8567907 -0.1888211 0.4557388 -0.8736951 0.1701734 0.4929178 -0.8146222 0.3056512 0.5437246 -0.7451494 0.3861556 0.5888752 -0.6936489 0.4148221 0.6252812 -0.6666044 0.4057857 0.6393866 -0.6613303 0.392208 0.3971139 -0.76261 -0.5106142 0.6470181 -0.6452174 0.4062785 0.6781404 -0.6000718 0.4243108 0.729171 -0.5491672 0.4083199 0.8692638 -0.4469924 0.2111357 0.415369 -0.8870158 -0.2016721 0.9185082 -0.3254881 0.2244998 0.9220108 -0.3528001 -0.159462 0.8730854 -0.3534396 -0.3358607 0.7889178 -0.3714475 -0.4895258 0.6817101 -0.415429 -0.6022378 0.5787048 -0.4704838 -0.6661424 0.500211 -0.5284109 -0.6859819 0.6607939 -0.656735 -0.3633878 0.4571534 -0.5916534 -0.6640459 0.4489989 -0.6614738 -0.60071 0.4533012 -0.7401814 -0.4966384 0.4457013 -0.817821 -0.3640321 0.3536589 -0.9199159 0.1693521 0.3408386 -0.8760541 0.3411133 0.3409298 -0.8058285 0.4841563 0.3569569 -0.7216352 0.5931479 0.3995894 -0.6225332 0.67289 0.4839814 -0.5067796 0.713398 0.5960386 -0.4008992 0.6957141 0.6964756 -0.3429732 0.6303103 0.7809025 -0.3219197 0.5353121 0.7972262 -0.4969769 0.3427017 0.860611 -0.3127608 0.4019073 0.9167028 -0.3993121 0.01434397 0.3791388 -0.9251562 -0.01843351 0.4213445 -0.9068092 0.01287895 0.9381808 -0.3449243 0.02905392 0.4243987 -0.90538 -0.01315373 0.4638293 -0.8853592 -0.03164827 0.4995405 -0.8648874 -0.04928869 0.521757 -0.8520973 -0.04123145 0.5622811 -0.8269413 0.002838253 0.6614747 -0.7471423 0.06503653 0.7815881 -0.6234089 0.02194303 0.8511072 -0.5244038 -0.02484226 0.9113364 -0.411461 -0.01287913 0.9188163 -0.3946461 0.005585014 0.9128612 -0.407493 0.02517837 0.9136128 -0.406145 0.01892167 0.9047423 -0.4258652 -0.008972644 0.8736123 -0.4846755 -0.04348987 0.8114837 -0.5800847 -0.07068324 0.7036766 -0.7046837 -0.09088557 0.589302 -0.8063875 -0.04962474 0.5067718 -0.8617715 -0.02307254 0.4500301 -0.8929798 -0.007751762 0.4327307 -0.9013519 0.01757901 0.888808 -0.4580612 0.01416081 0.4337095 -0.9010512 -0.001648008 0.4084397 -0.9127711 -0.005096673 0.4603496 -0.887647 -0.0126959 0.4705107 -0.8822724 -0.01467961 0.4775926 -0.8784298 0.01632767 0.4966392 -0.86406 0.08215773 0.5504145 -0.8187395 0.1634305 0.7585226 -0.6213391 0.1964211 0.8450548 -0.5292388 0.07608515 0.8726636 -0.4878176 -0.02218735 0.8892247 -0.4566215 -0.02786356 0.8747352 -0.4824746 -0.0453512 0.8775762 -0.4791496 -0.01660233 0.9094071 -0.4153034 0.02240097 0.9340698 -0.3564639 -0.02114975 0.9320191 -0.3383334 -0.1298887 0.8879281 -0.3888767 -0.2456802 0.7949948 -0.491054 -0.3561591 0.5001553 -0.798454 -0.3351358 0.3997368 -0.8847435 -0.239665 0.3312594 -0.9307554 -0.1547952 0.3478254 -0.9358357 -0.05682641 0.3959549 -0.918259 -0.004486262 0.8372313 -0.5450106 0.04480206 0.4838793 -0.8714406 0.08032608 0.510615 -0.85896 0.03820991 0.5210562 -0.8532589 -0.0212109 0.5258206 -0.8474963 -0.07254487 0.5562717 -0.8246873 -0.102239 0.5894781 -0.7949028 -0.1436843 0.6135017 -0.7735762 -0.1587316 0.6350137 -0.73472 0.2386299 0.7095378 -0.6891816 -0.1469188 0.7593372 -0.628076 -0.170081 0.8079646 -0.5702813 -0.1482316 0.8404678 -0.5313085 -0.1064203 0.8408937 -0.5401276 -0.03405934 0.8494587 -0.5182082 0.0993995 0.8682526 -0.4860249 0.09958547 0.8758582 -0.4808843 0.04028475 0.8567358 -0.5138217 -0.04461908 0.7975088 -0.5846038 -0.1490579 0.6364189 -0.644293 -0.4240962 0.5812662 -0.8039639 -0.1255859 0.513475 -0.8566258 -0.05035561 0.4631657 -0.8861677 0.01358121 0.4646499 -0.8819651 0.07898283 0.8341246 -0.5499283 0.04260498 0.4630088 -0.8818562 0.08917748 0.5149221 -0.8560671 0.04477185 0.5054204 -0.8627334 -0.01553398 0.4877246 -0.8718675 -0.04440516 0.6058301 -0.7906219 -0.0888099 0.6550921 -0.7473513 -0.1109979 0.6484494 -0.7475159 -0.1439913 0.788501 -0.6062692 -0.103461 0.8645541 -0.4969782 -0.07455891 0.854595 -0.518519 -0.02838271 0.8517152 -0.5112794 0.1147807 0.8797747 -0.4655692 0.09613519 0.8932378 -0.4495487 0.005676567 0.8666537 -0.4900162 -0.09378546 0.7976087 -0.581261 -0.1611087 0.685039 -0.7011837 -0.1976438 0.5649676 -0.8116223 -0.148597 0.491474 -0.8666717 -0.0856356 0.4586715 -0.888594 -0.004608333 0.4435597 -0.8935893 0.06894183 0.6305493 -0.7711495 -0.08795523 0.7957388 -0.5969949 -0.1019662 0.8433619 -0.5329837 -0.06833201 0.7844946 -0.6142283 -0.08539253 0.73987 -0.6654344 -0.09894227 0.6939253 -0.7140683 -0.09259659 0.6524403 -0.7537641 -0.07849544 0.6120709 -0.7884438 -0.0610392 0.7615171 -0.647436 -0.03030562 0.7377745 -0.6732566 -0.0491361 0.7073619 -0.7050731 -0.05011165 0.6736436 -0.7380995 -0.03759926 0.6460374 -0.7632324 -0.01059025 0.7757712 -0.6111499 0.157083 0.6802793 -0.7254787 0.1044071 0.7113932 -0.7019934 0.03354012 0.6994082 -0.7140269 0.03152626 0.7137832 -0.6945561 0.09003162 0.5872499 -0.7939867 0.1572347 0.8510089 -0.490206 0.188367 0.4336844 -0.8899838 0.1408787 0.8843322 -0.4485751 0.129372 0.9041003 -0.4266276 0.02432376 0.8776776 -0.4686868 -0.1000732 0.8029074 -0.5724545 -0.1662397 0.6815667 -0.7068676 -0.1892223 0.6809965 -0.7083719 -0.1856153 0.5508794 -0.8197269 -0.1567794 0.4534873 -0.8911656 0.01315385 0.4322763 -0.8985205 0.07614576 0.1643151 -0.7702731 0.6161819 0.708535 -0.705422 0.01892191 0.3913726 -0.7589711 0.5203754 0.7091818 -0.5097673 0.4870303 0.7376521 -0.2272773 0.6357786 0.4639194 -0.8808699 -0.09405952 -0.491427 0.8026662 0.3379743 -0.8892554 0.4538139 0.05725318 -0.8508442 0.5254182 3.05192e-5 -0.7817168 0.622407 -0.03909498 -0.6850892 0.7268391 -0.04855561 -0.5780635 0.8155637 -0.02642959 -0.4857707 0.87385 0.0203256 -0.4278192 0.9007154 0.07538259 -0.4109359 0.9044252 0.1146592 -0.4222356 0.8882361 0.1809799 -0.427213 0.8737145 0.2326202 -0.449244 0.8469715 0.2842872 -0.5530416 0.7374092 0.3877792 -0.6236943 0.6567163 0.4239449 -0.6926296 0.5734222 0.4375514 -0.7488344 0.5017154 0.4330458 -0.7914623 0.4508646 0.4126847 -0.8245381 0.4183271 0.3809716 -0.852393 0.3986685 0.3383631 -0.8897383 0.4028894 0.2145833 -0.8980259 0.4092007 0.1615684 -0.2121972 0.8894704 0.4047403 -0.9690737 0.2456179 -0.02383542 -0.9027381 0.4144251 0.1153944 -0.9390204 0.3209723 -0.1233593 -0.8768464 0.437004 -0.2004194 -0.7819595 0.566617 -0.2597783 -0.5094577 0.8253928 -0.2432688 -0.3810008 0.908463 -0.1718532 -0.273148 0.9578183 -0.08929949 -0.2188235 0.9757637 0.00125128 -0.4211629 0.8950016 0.1469492 -0.1894028 0.9785099 0.08151704 -0.1821395 0.9667923 0.1792707 -0.1793017 0.938839 0.2939937 -0.265946 0.813586 0.5170596 -0.3592707 0.7111253 0.604339 -0.5756921 0.4611518 0.6752167 -0.6737099 0.3452019 0.6534147 -0.7610242 0.2622506 0.5933523 -0.8317714 0.1986192 0.5183693 -0.8928522 0.1692008 0.4173561 -0.9392788 0.1567143 0.3052801 -0.8749633 0.3935489 0.2820612 -0.9676527 0.173412 0.1832394 -0.9786366 0.1935848 0.06924861 0.5989981 -0.6606772 0.4524455 0.441767 0.1771035 0.8794751 -0.2725334 0.5754942 0.7710591 -0.4605338 0.5865168 0.6662634 -0.654883 0.7060028 -0.2696074 -0.2570039 0.6355361 0.7280405 -0.1718555 0.5842049 0.7932026 -0.2491936 0.5981563 0.7616506 -0.2645138 0.3903158 0.8818652 -0.214461 0.5101651 0.8329095 -0.275345 0.05658274 0.9596789 -0.1478059 0.1451812 0.9783025 -0.3193554 -0.2577062 0.9119209 -0.3992563 -0.3372406 0.8525627 -0.485988 -0.6901311 0.5362227 -0.5815495 -0.6783575 0.4490337 -0.5507177 -0.8335691 0.04327613 -0.6475607 -0.7620084 0.002929806 -0.5702176 -0.7407274 -0.355211 -0.6456066 -0.6670922 -0.3717258 -0.5504501 -0.4788208 -0.6839119 -0.5907003 -0.4546149 -0.6666322 -0.5118312 -0.241526 -0.8244355 -0.5402565 -0.2493749 -0.8037009 -0.5006096 -0.1159737 -0.8578696 -0.5090008 -0.1201239 -0.8523429 -0.4520509 -0.05014306 -0.8905817 -0.4454854 -0.03427278 -0.894633 -0.3181588 8.85046e-4 -0.948037 -0.103855 0.09295982 -0.9902387 -0.3150158 0.04327571 -0.9480993 0.1485666 0.2380484 -0.9598235 0.136847 0.2020355 -0.9697704 0.4113128 0.3502431 -0.8415174 0.4037989 0.3173382 -0.858046 0.6502451 0.4565083 -0.6072739 0.6483132 0.432575 -0.6265532 0.8006505 0.5403796 -0.2587449 0.8004493 0.5342331 -0.2718012 0.7662483 0.5889617 0.256881 0.7367707 0.61747 0.2754993 0.4048709 0.4829701 0.7764145 0.3767545 0.558616 0.738921 0.01059007 0.4356889 0.9000351 0.002899289 0.2768718 0.9609025 -0.3596709 0.3923572 0.8465771 -0.2818698 0.1972112 0.938966 -0.4609595 0.4189653 0.7822944 -0.2774488 0.1678243 0.9459689 -0.3680655 0.5361365 0.7596615 -0.146766 0.3061669 0.9405964 -0.07648175 0.503266 0.8607404 0.3983097 -0.4905701 0.7750422 0.3307008 -0.4314736 0.8393257 0.4582841 -0.6675884 0.5867722 0.4557099 -0.4546418 0.7652643 0.1944402 -0.2187643 0.9562088 0.7186755 -0.1966988 0.6669448 0.1926675 -0.1696866 0.9664812 0.518978 0.1081903 0.8479132 0.4812521 0.1005597 0.8707951 -0.2412211 -0.3163586 0.9174583 0.5260665 -0.04748851 0.8491166 -0.7540907 -0.4095327 0.5134494 -0.2635318 -0.2208052 0.9390401 -0.8947221 -0.4465828 -0.006012201 -0.743757 -0.4318186 0.5102533 -0.75608 -0.4874814 -0.4366977 -0.8640875 -0.5019783 -0.03701967 -0.7672005 -0.4957291 -0.4070088 -0.5163189 -0.4750573 -0.7125555 -0.4938266 -0.5176009 -0.6987307 -0.2864255 -0.4512614 -0.8451767 -0.258497 -0.505702 -0.8230704 -0.169503 -0.448234 -0.8776987 -0.1184767 -0.5070205 -0.8537526 -0.1327875 -0.4287899 -0.8935921 -0.05249273 -0.4776231 -0.8769954 -0.07257485 -0.3056814 -0.949364 0.08456939 -0.1268389 -0.9883117 0.01397764 -0.3364408 -0.9416009 0.1956867 0.1449949 -0.9698883 0.02453714 -0.1094101 -0.9936938 0.3121836 0.4457062 -0.8389801 0.1606209 0.1485049 -0.9757803 0.439628 0.7338019 -0.5179401 0.3004607 0.4404823 -0.8459898 0.5100754 0.8548868 -0.09482461 0.4407002 0.7335645 -0.517365 0.5244081 0.7799131 0.3416603 0.510312 0.8548436 -0.09393817 0.5548461 0.7751365 0.3021744 0.4079527 0.446285 0.796495 0.507323 0.4127435 0.7564828 0.1813443 -0.02462887 0.9831113 0.4286034 -0.03973519 0.9026185 0.3268863 -0.3813928 0.8646878 0.5689666 -0.4152116 0.7098425 0.3941588 -0.4617289 0.7946352 0.5337787 -0.5856611 0.6099848 0.008819997 0.01767051 0.999805 -0.02963441 0.3899785 0.920347 -0.03332698 0.1748447 0.9840319 0.02417087 0.1436826 0.9893287 -0.1244255 0.5023103 0.8556885 0.007355093 0.2905416 0.9568341 -0.1172245 0.592562 0.7969496 0.2781522 0.3464237 0.8958918 0.3032674 0.5234315 0.7962716 -0.2283724 -0.2179654 0.948861 -0.04562634 0.2662505 0.9628234 -0.2608211 -0.2369547 0.9358552 -0.4551994 -0.6972501 0.5537471 -0.6463345 -0.6444423 0.4085903 -0.5254116 -0.8506504 0.01834177 -0.6381002 -0.6425865 -0.424159 -0.7125705 -0.7004848 -0.03955328 -0.4660271 -0.4497909 -0.76191 -0.5294535 -0.7566106 -0.383692 -0.3529872 -0.3187444 -0.8796603 -0.5245784 -0.4916777 -0.6950327 -0.3134323 -0.2791898 -0.9076416 -0.4804067 -0.2441861 -0.8423673 -0.3111706 -0.2793699 -0.9083642 -0.4746076 -0.1362387 -0.86959 -0.2418045 -0.2033196 -0.9487844 -0.4415253 -0.09470194 -0.892237 -0.07742697 -0.04547345 -0.9959605 -0.3184081 -0.05087572 -0.9465875 0.1311396 0.1769484 -0.9754443 -0.1051093 0.05304294 -0.9930451 0.1236332 0.1409986 -0.9822598 0.3932696 0.3090673 -0.8659195 0.3368709 0.3598518 -0.8700718 0.639289 0.4492449 -0.6240904 0.5548686 0.6085823 -0.5672289 0.7852948 0.5664097 -0.2499844 0.6642798 0.7318187 -0.1522295 0.7623167 0.5856392 0.2754997 0.4043518 0.4008725 0.8220711 0.6397566 0.667438 0.381101 0.09064078 0.1038249 0.9904568 0.4443001 0.4302307 0.7858111 -0.1225957 -0.05505663 0.9909284 0.0297867 0.2266049 0.9735313 -0.05771231 -0.03607398 0.9976814 -0.1888537 0.09976774 0.9769241 -0.1590057 0.02826088 0.9868731 0.6733827 -0.6760379 0.2992134 0.6392257 -0.6451464 0.418541 0.5562071 -0.7639493 0.3271322 0.7351159 -0.3199023 0.5977185 -0.4651489 -0.5992519 0.6515625 0.1153943 -0.6502185 0.7509329 -0.738545 -0.5564953 0.3806105 -0.7937738 -0.6054399 0.05801695 -0.6574519 -0.6670045 -0.3505169 -0.4415258 -0.6625482 -0.6050494 -0.2402465 -0.6311049 -0.7375556 -0.08902585 -0.5663228 -0.8193613 0.01837259 -0.4574239 -0.889059 0.2211136 -0.0505402 -0.9739377 0.1360533 -0.2658807 -0.9543569 0.3337574 0.2111009 -0.9187179 0.4400289 0.4631931 -0.7693029 0.5519716 0.6647097 -0.5034764 0.6454843 0.7458015 -0.1647129 0.6961367 0.70691 0.1251886 0.7493152 0.4951181 0.4397556 0.7868195 0.1165229 0.6060838 0.5854715 -0.134435 0.7994689 0.8517396 -0.2588973 0.4555348 0.7345306 -0.497978 0.4609586 0.7726291 -0.634834 0.005493462 0.4548239 -0.7666055 0.4532674 -0.1973962 -0.2818116 0.9389447 -0.3520106 0.9269652 -0.1297073 -0.9846924 0.172035 0.02801632 0.7225723 0.6886655 0.06024485 0.7492586 0.6303539 -0.2031391 0.6756388 0.5649144 -0.4736918 0.5034437 0.5131183 -0.6951649 0.2721973 0.4496642 -0.850712 0.01651084 0.3716926 -0.9282091 -0.211376 0.2682638 -0.9398695 -0.4243398 0.111029 -0.8986703 -0.5760813 -0.05728459 -0.8153827 -0.6688942 -0.2571567 -0.6974605 -0.7030047 -0.4696871 -0.5340211 -0.6801115 -0.6595724 -0.3200201 -0.6336374 -0.7714311 -0.05829143 -0.6495674 -0.6010422 0.4656291 -0.6127009 -0.7580022 0.2236742 -0.7127271 -0.3040375 0.6321245 -0.7143323 0.06879025 0.6964175 -0.6572008 0.4457332 0.6077902 -0.6305 0.6398084 0.4394486 -0.5057923 0.6859157 0.5231576 -0.2729894 0.7597925 0.5900782 -0.02627718 0.8252745 0.5641202 0.2958552 0.8141664 0.4996028 0.5902144 0.7444899 0.3120607 -0.0306409 0.6871923 -0.7258292 0.3249018 0.8420408 -0.430588 0.1114574 0.6028527 -0.7900291 -0.1961793 0.2453768 -0.9493703 0.4689871 0.5780928 -0.6677275 -0.5078703 0.7991458 -0.3216115 0.3987043 0.7558108 -0.5194082 -0.5624771 -0.821772 -0.09116214 -0.4792149 -0.6302552 0.6108449 -0.6665063 -0.7288873 -0.1565018 0.5261566 0.6496997 0.54868 0.03122133 0.5793197 0.8145024 0.2926157 0.3611307 0.8854156 -0.3918638 0.3577131 0.8476344 -0.2975276 0.256022 0.9197446 -0.5476015 -0.07886093 -0.8330147 -0.3297928 0.3696511 -0.8686742 -0.7948061 -0.6004917 -0.08771157 -0.8548191 -0.2958555 0.4263261 -0.9287974 -0.3670876 -0.0508148 -0.8762341 -0.1346198 -0.4627002 -0.9731169 -0.2248682 -0.04977738 -0.9055947 -0.1568074 0.3940938 0.5536783 0.1309576 0.8223689 -0.08688801 0.1549762 0.9840899 0.04928785 -0.08990836 0.9947298 -0.2688741 -0.8716284 0.4098423 -0.2946595 -0.2302952 0.9274373 0.1399902 0.8786087 0.4565628 0.3905218 0.9197528 0.03933906 0.2383821 0.9704968 0.03619521 -0.7212182 -0.3163264 -0.6162644 -0.7807655 0.5320057 -0.3276816 -0.8184608 0.1519545 -0.5541045 -0.7673825 -0.1548865 -0.6222012 0.8755615 0.4791494 0.06170952 0.7881008 0.5994303 0.1399312 -0.8168165 -0.2762295 -0.5064665 -0.6490827 0.06665396 -0.7577922 0.6066859 0.7929124 0.05676519 -0.003723323 0.723584 -0.6902263 -0.6748735 0.6813435 -0.2834023 0.7961574 0.3196593 0.5137621 0.1741719 0.4702367 0.8651831 -0.6886029 0.06024473 0.7226318 0.2161026 -0.1834172 -0.958988 -0.5034128 -0.6328749 -0.5882559 0.4445158 0.2376549 -0.8636699 0.5705201 0.6559119 -0.4942534 0.1800954 -0.7915533 -0.5839598 0.07996124 -0.4474777 -0.8907132 -0.0790438 -0.6190751 0.7813438 0.9259328 -0.3773924 0.01495409 0.8109035 -0.5135518 0.2805353 -0.6206157 0.7072607 -0.3385537 0.3594881 -0.9315133 -0.05524009 0.05795568 -0.9635482 -0.2611822 0.6773089 -0.6798115 -0.2812634 0.5147337 -0.8331385 0.2023105 -0.4378539 -0.279217 0.8545888 -0.620674 -0.06439602 0.7814199 -0.09067386 0.6551349 0.7500511 0.2821214 0.8219487 0.4947807 0.8369947 -0.2789168 -0.4707923 0.1728612 0.9015703 -0.3965981 -0.1475886 -0.5086864 -0.8482074 0.5581652 -0.606416 0.5663138 0.4920718 0.6179662 0.6131746 0.9748483 -0.1424947 -0.171366 0.5436635 -0.2314247 -0.8067668 0.05447643 -0.04669409 -0.9974227 -0.7385554 -0.4940692 0.4587284 0.6666155 -0.6652116 -0.3363292 0.6828052 -0.6880545 -0.2456792 0.6761033 -0.6762864 -0.2924399 -0.3475487 0.4049546 -0.8457079 -0.410877 0.2008454 -0.8892925 0.002533078 0.06112968 -0.9981266 0.8341994 0.5308431 -0.1493892 0.4727718 0.5006663 0.7251346 0.1978846 0.4772854 0.8561778 -0.0230726 0.2427511 0.9698143 -0.1640726 -0.1441434 0.9758601 -0.3968383 -0.5991792 0.6953444 -0.6183533 -0.7413159 -0.2609407 -0.3288129 -0.06228947 -0.9423387 -0.3050993 0.3069304 -0.9015033 0.004852533 -0.05667448 -0.9983809 -0.07544267 -0.3557586 -0.9315279 0.2135143 0.03396815 -0.9763492 0.7238222 0.6831402 0.09695923 0.3963506 0.3660757 0.8419589 0.3431906 0.2946953 0.891838 0.1995034 0.1533585 0.9678221 -0.06982767 -0.08798652 0.9936712 -0.4982795 -0.4948309 0.7119411 -0.7132355 -0.6542112 -0.2516009 -0.2101268 -0.1521703 -0.9657593 0.0395528 0.06607395 -0.9970306 0.2027379 -0.4504914 -0.8694567 0.3524621 0.3629301 -0.8625847 0.5593048 0.8233007 0.09671705 0.5389418 0.4553491 0.70866 0.4982622 0.1550393 0.853052 0.2550486 -0.07663363 0.9638867 -0.1567756 -0.1976099 0.9676631 -0.6159685 -0.3977259 0.6799978 -0.7610841 -0.6110219 -0.2177229 -0.004730522 -0.3948613 -0.9187286 0.3268883 -0.2529104 -0.9105935 0.1595253 -0.4533975 -0.8769165 0.6576883 0.4608701 -0.5958564 0.6226199 0.7717972 0.1291262 0.6014747 0.5151661 0.6105999 0.4541555 0.1943764 0.8694601 0.1210098 -0.1046208 0.9871227 -0.2561785 -0.3225884 0.9112131 -0.6395367 -0.5079975 0.5770022 -0.6714566 -0.7127798 -0.2027096 -0.2052413 -0.6677286 -0.715552 0.2867882 -0.6146247 -0.7348394 0.3682751 -0.5867619 -0.7211685 0.4952968 -0.1784155 -0.8502052 -0.06433486 0.008423328 0.9978929 -0.5350346 -0.1414572 0.8329033 -0.5140455 0.2726947 0.8132619 -0.4222003 0.6429139 0.6390686 -0.4799709 0.5103067 0.7135931 -0.4155823 0.6670314 0.618353 -0.3816444 0.6323609 0.6741418 -0.1982822 0.6516426 0.7321518 0.5241072 0.7017598 0.48254 0.1831147 0.696538 0.6937607 0.7468928 0.6463021 0.1563491 0.799668 0.5692164 -0.1911121 0.6827512 0.5010688 -0.5317714 0.4675882 0.4222058 -0.7765974 0.2008484 0.3442593 -0.9171398 -0.09497541 0.1434093 -0.9850957 -0.2900545 0.1735016 -0.9411513 -0.4728254 0.06979614 -0.8783876 -0.5720158 -0.05938977 -0.8180897 -0.6266118 -0.2334992 -0.7435293 -0.6450262 -0.4459791 -0.6205192 -0.6466165 -0.6490275 -0.4008125 -0.6302226 -0.7714962 -0.08725452 -0.5873394 -0.7526916 0.2974693 -0.5506595 -0.5238636 0.6498777 -0.05407959 0.2596554 -0.9641859 -0.6847081 0.4344776 -0.5851531 0.536492 0.8260249 -0.172798 0.5720552 0.5933273 0.5663176 -0.3368711 -0.4225996 0.8413842 -0.6971563 0.6748771 0.2418973</float_array>
          <technique_common>
            <accessor source="#Can_Beverage_Damaged_01_005-mesh-normals-array" count="1240" stride="3">
              <param name="X" type="float"/>
              <param name="Y" type="float"/>
              <param name="Z" type="float"/>
            </accessor>
          </technique_common>
        </source>
        <source id="Can_Beverage_Damaged_01_005-mesh-map-0">
          <float_array id="Can_Beverage_Damaged_01_005-mesh-map-0-array" count="14688">0.68118 0.3456 0.66459 0.34488 0.66492 0.34366 0.63989 0.31647 0.64433 0.32849 0.64323 0.32903 0.72047 0.25195 0.71717 0.23759 0.71841 0.23728 0.66961 0.28285 0.68069 0.28732 0.66436 0.28733 0.66168 0.21507 0.69936 0.2134799 0.69897 0.21453 0.68119 0.34688 0.6974 0.3433 0.69775 0.34451 0.72043 0.30114 0.70329 0.3 0.71358 0.28597 0.72043 0.30114 0.71358 0.28597 0.7191 0.28518 0.693 0.29609 0.68069 0.28732 0.69702 0.28689 0.80531 0.3224 0.81633 0.31503 0.81373 0.3273 0.64776 0.2269099 0.64257 0.23803 0.64679 0.22624 0.64186 0.25281 0.64037 0.26902 0.64054 0.25265 0.70348 0.32965 0.6974 0.3433 0.69333 0.33406 0.78574 0.26288 0.76399 0.25359 0.78488 0.25309 0.72063 0.28512 0.72043 0.30114 0.7191 0.28518 0.76304 0.23041 0.78297 0.23423 0.765 0.23467 0.76449 0.33391 0.77715 0.34499 0.76089 0.34356 0.71316 0.2261199 0.71841 0.23728 0.71717 0.23759 0.71044 0.33715 0.71878 0.32829 0.71119 0.3381 0.74759 0.30838 0.73641 0.31728 0.7364 0.30299 0.80468 0.30678 0.81633 0.31503 0.80704 0.31453 0.65855 0.33016 0.66492 0.34366 0.65174 0.33779 0.64119 0.31634 0.63975 0.3018 0.64119 0.3019 0.71119 0.3381 0.6974 0.3433 0.71044 0.33715 0.65174 0.33779 0.65239 0.32344 0.65855 0.33016 0.79941 0.32908 0.79332 0.3427 0.78924 0.33326 0.64054 0.25265 0.6438 0.23836 0.64186 0.25281 0.72192 0.31573 0.71768 0.32774 0.72063 0.31556 0.65174 0.33779 0.64323 0.32903 0.64433 0.32849 0.69897 0.21453 0.71412 0.22545 0.71316 0.2261199 0.72075 0.26835 0.71915 0.25206 0.72047 0.25195 0.72063 0.28512 0.71931 0.26838 0.72075 0.26835 0.64679 0.22624 0.66168 0.21507 0.64776 0.2269099 0.64072 0.28579 0.64181 0.26913 0.64224 0.28592 0.70952 0.32281 0.72063 0.31556 0.71768 0.32774 0.70329 0.3 0.69702 0.28689 0.71358 0.28597 0.65216 0.30732 0.64119 0.31634 0.64119 0.3019 0.70952 0.32281 0.71044 0.33715 0.70348 0.32965 0.66436 0.28733 0.65833 0.30053 0.64779 0.28669 0.75358 0.30171 0.7364 0.30299 0.74278 0.28785 0.74278 0.28785 0.7364 0.30299 0.73732 0.28719 0.73641 0.31728 0.74784 0.32397 0.73969 0.32934 0.7541 0.33029 0.76089 0.34356 0.74744 0.33837 0.66878 0.33435 0.68118 0.3456 0.66492 0.34366 0.68069 0.28732 0.66857 0.29643 0.66436 0.28733 0.72063 0.31556 0.70954 0.30669 0.72043 0.30114 0.69897 0.21453 0.7043 0.2305099 0.69317 0.22479 0.71915 0.25206 0.70798 0.2414399 0.71717 0.23759 0.71717 0.23759 0.7043 0.2305099 0.71316 0.2261199 0.79521 0.2768 0.81329 0.26842 0.81375 0.28498 0.73645 0.25453 0.74722 0.24354 0.74705 0.25588 0.74278 0.28785 0.73685 0.27062 0.74965 0.26803 0.74278 0.28785 0.74965 0.26803 0.75537 0.27798 0.80129 0.24207 0.81274 0.25236 0.80222 0.25432 0.64224 0.28592 0.63975 0.3018 0.64072 0.28579 0.81329 0.26842 0.80222 0.25432 0.81274 0.25236 0.73685 0.27062 0.74705 0.25588 0.74965 0.26803 0.69897 0.21453 0.66772 0.2251999 0.66168 0.21507 0.70097 0.27641 0.71931 0.26838 0.71358 0.28597 0.71358 0.28597 0.71931 0.26838 0.7191 0.28518 0.77552 0.28547 0.76366 0.29751 0.7646 0.28377 0.79757 0.2316 0.79236 0.21523 0.80667 0.22682 0.65672 0.23123 0.6438 0.23836 0.64776 0.2269099 0.81065 0.23814 0.79757 0.2316 0.80667 0.22682 0.75031 0.23283 0.73766 0.24016 0.74098 0.22857 0.66024 0.27693 0.64224 0.28592 0.64181 0.26913 0.66024 0.27693 0.64181 0.26913 0.65449 0.26682 0.78252 0.24739 0.76725 0.24268 0.78111 0.24234 0.69702 0.28689 0.70097 0.27641 0.71358 0.28597 0.78633 0.28313 0.7758 0.29587 0.77552 0.28547 0.64186 0.25281 0.65449 0.26682 0.64181 0.26913 0.7066 0.26618 0.71915 0.25206 0.71931 0.26838 0.75031 0.23283 0.75467 0.21619 0.76097 0.2265 0.66168 0.21507 0.65672 0.23123 0.64776 0.2269099 0.81554 0.30072 0.79832 0.30044 0.81375 0.28498 0.79832 0.30044 0.78633 0.28313 0.81375 0.28498 0.81375 0.28498 0.79832 0.30044 0.79521 0.2768 0.77715 0.34499 0.78924 0.33326 0.79332 0.3427 0.74744 0.33837 0.74784 0.32397 0.7541 0.33029 0.65239 0.32344 0.64119 0.31634 0.65025 0.31543 0.80531 0.3224 0.80649 0.33678 0.79941 0.32908 0.65833 0.30053 0.64119 0.3019 0.64224 0.28592 0.65833 0.30053 0.64224 0.28592 0.64779 0.28669 0.68118 0.3456 0.69333 0.33406 0.6974 0.3433 0.66183 0.27526 0.66961 0.28285 0.66024 0.27693 0.70307 0.2322199 0.69949 0.2301 0.7043 0.2305099 0.69949 0.2301 0.69775 0.23427 0.69597 0.2329699 0.70638 0.25371 0.7066 0.26618 0.7044 0.26537 0.69984 0.26103 0.6993 0.26909 0.69784 0.26775 0.70256 0.26141 0.69886 0.25185 0.7014 0.25109 0.7014 0.25109 0.69519 0.24616 0.69756 0.24505 0.65542 0.24259 0.65672 0.23123 0.65798 0.23294 0.7044 0.26537 0.70097 0.27641 0.69929 0.27482 0.68065 0.28231 0.69168 0.28253 0.68067 0.28466 0.68067 0.28466 0.67041 0.28066 0.68065 0.28231 0.65464 0.25429 0.65302 0.24216 0.65542 0.24259 0.67038 0.26167 0.69129 0.25163 0.69205 0.26121 0.6727 0.2463099 0.68766 0.24096 0.68903 0.24598 0.6664 0.24147 0.66518 0.23355 0.66867 0.24139 0.66934 0.33209 0.68107 0.33569 0.66878 0.33435 0.6542 0.30834 0.65833 0.30053 0.6597 0.3024 0.70348 0.32965 0.7075 0.32176 0.70952 0.32281 0.69333 0.33406 0.68104 0.33335 0.69271 0.33181 0.65984 0.32827 0.66878 0.33435 0.65855 0.33016 0.66857 0.29643 0.6597 0.3024 0.65833 0.30053 0.65239 0.32344 0.65252 0.31536 0.65437 0.32232 0.70198 0.30191 0.70954 0.30669 0.70755 0.30779 0.69333 0.33406 0.70213 0.32779 0.70348 0.32965 0.71155 0.31477 0.70755 0.30779 0.70954 0.30669 0.69243 0.29839 0.68077 0.29493 0.693 0.29609 0.70198 0.30191 0.693 0.29609 0.70329 0.3 0.70928 0.31479 0.70952 0.32281 0.7075 0.32176 0.65855 0.33016 0.65437 0.32232 0.65984 0.32827 0.6542 0.30834 0.65025 0.31543 0.65216 0.30732 0.78111 0.24234 0.765 0.23467 0.78297 0.23423 0.76097 0.2265 0.78472 0.22987 0.76304 0.23041 0.69784 0.26775 0.69251 0.27277 0.69183 0.26996 0.765 0.23467 0.76208 0.2427999 0.75826 0.23536 0.75476 0.23273 0.76097 0.2265 0.76304 0.23041 0.76304 0.23041 0.75826 0.23536 0.75476 0.23273 0.69282 0.2409099 0.69756 0.24505 0.69519 0.24616 0.78659 0.2258599 0.75467 0.21619 0.79236 0.21523 0.66978 0.22896 0.69317 0.22479 0.69122 0.22859 0.69317 0.22479 0.69949 0.2301 0.69122 0.22859 0.69597 0.2329699 0.69122 0.22859 0.69949 0.2301 0.69282 0.2409099 0.68944 0.23287 0.69597 0.2329699 0.6635 0.26987 0.6626 0.26184 0.66489 0.26846 0.66414 0.24575 0.66867 0.24139 0.66656 0.2467499 0.67045 0.27325 0.66489 0.26846 0.67099 0.27041 0.69183 0.26996 0.67045 0.27325 0.67099 0.27041 0.7043 0.2305099 0.70559 0.24195 0.70307 0.2322199 0.67099 0.27041 0.69205 0.26121 0.69183 0.26996 0.75996 0.24792 0.76399 0.25359 0.75622 0.25377 0.76208 0.2427999 0.76608 0.24779 0.75996 0.24792 0.65798 0.23294 0.66156 0.23077 0.66095 0.23285 0.78488 0.25309 0.76608 0.24779 0.78252 0.24739 0.69282 0.2409099 0.68903 0.24598 0.68766 0.24096 0.69519 0.24616 0.69129 0.25163 0.68903 0.24598 0.67172 0.23319 0.69122 0.22859 0.68944 0.23287 0.66345 0.23492 0.66156 0.23077 0.66518 0.23355 0.70638 0.25371 0.70798 0.2414399 0.70876 0.25384 0.69597 0.2329699 0.69507 0.2409 0.69282 0.2409099 0.65464 0.25429 0.65449 0.26682 0.65226 0.25454 0.67383 0.2412199 0.68944 0.23287 0.68766 0.24096 0.69886 0.25185 0.69205 0.26121 0.69129 0.25163 0.69784 0.26775 0.69205 0.26121 0.69984 0.26103 0.69129 0.25163 0.6727 0.2463099 0.68903 0.24598 0.66316 0.25262 0.6599 0.26234 0.66059 0.25198 0.78574 0.26288 0.7642 0.27241 0.76359 0.26341 0.7577 0.27049 0.76359 0.26341 0.7642 0.27241 0.75622 0.25377 0.76359 0.26341 0.75552 0.26341 0.68069 0.28732 0.69168 0.28253 0.69702 0.28689 0.64186 0.25281 0.65302 0.24216 0.65226 0.25454 0.78659 0.2258599 0.79311 0.23177 0.78472 0.22987 0.78974 0.2345899 0.78472 0.22987 0.79311 0.23177 0.78628 0.24221 0.78297 0.23423 0.78974 0.2345899 0.78628 0.24221 0.78252 0.24739 0.78111 0.24234 0.78864 0.2472299 0.78488 0.25309 0.78252 0.24739 0.79265 0.2529 0.78574 0.26288 0.78488 0.25309 0.79197 0.26967 0.78574 0.26288 0.7938 0.2625 0.66024 0.27693 0.65664 0.26588 0.66183 0.27526 0.70097 0.27641 0.69083 0.28036 0.69929 0.27482 0.66656 0.2467499 0.66059 0.25198 0.66414 0.24575 0.66489 0.26846 0.67038 0.26167 0.67099 0.27041 0.66316 0.25262 0.67038 0.26167 0.6626 0.26184 0.66656 0.2467499 0.67071 0.25206 0.66316 0.25262 0.66867 0.24139 0.6727 0.2463099 0.66656 0.2467499 0.66867 0.24139 0.67172 0.23319 0.67383 0.2412199 0.66156 0.23077 0.66772 0.2251999 0.66978 0.22896 0.66978 0.22896 0.66518 0.23355 0.66156 0.23077 0.66024 0.27693 0.66436 0.28733 0.64779 0.28669 0.7646 0.28377 0.75358 0.30171 0.74278 0.28785 0.7646 0.28377 0.74278 0.28785 0.75537 0.27798 0.72063 0.31556 0.72186 0.3011 0.72192 0.31573 0.68077 0.29493 0.66919 0.29871 0.66857 0.29643 0.66492 0.34366 0.65101 0.33874 0.65174 0.33779 0.23225 0.24152 0.22008 0.23116 0.23306 0.23927 0.23269 0.1306599 0.22235 0.1368899 0.21935 0.13592 0.25468 0.24557 0.23306 0.23927 0.25465 0.24308 0.25513 0.12884 0.23316 0.13313 0.23269 0.1306599 0.27741 0.24096 0.25465 0.24308 0.2763 0.23881 0.2935 0.2256 0.2763 0.23881 0.29153 0.2242 0.30323 0.2044399 0.29153 0.2242 0.30092 0.20375 0.30496 0.18743 0.30092 0.20375 0.30256 0.18751 0.30496 0.18743 0.29991 0.17031 0.30217 0.16947 0.30217 0.16947 0.28882 0.15027 0.29071 0.14875 0.29071 0.14875 0.27327 0.13681 0.27446 0.13466 0.27446 0.13466 0.25489 0.1313599 0.25513 0.12884 0.21984 0.22996 0.22838 0.21926 0.22177 0.23098 0.2185 0.2323099 0.22177 0.23098 0.22008 0.23116 0.23317 0.2018 0.22838 0.21926 0.22614 0.21852 0.23712 0.1858299 0.23531 0.20224 0.23317 0.2018 0.23712 0.1858299 0.23633 0.16818 0.23924 0.1859599 0.23412 0.1686699 0.23135 0.15219 0.23633 0.16818 0.21935 0.13592 0.22235 0.13741 0.22073 0.13809 0.22073 0.13809 0.23135 0.15219 0.22931 0.15308 0.2372699 0.41346 0.2009699 0.38948 0.23729 0.38945 0.98193 0.97786 0.94168 0.93418 0.98193 0.93423 0.1376799 0.97772 0.09754997 0.9341 0.13771 0.93411 0.21813 0.97765 0.17792 0.93408 0.21816 0.93401 0.21812 0.98637 0.17786 0.98603 0.21813 0.98601 0.09749996 0.98609 0.13766 0.98637 0.09748995 0.98637 0.13766 0.98605 0.17787 0.98637 0.13766 0.98637 0.17787 0.97769 0.13771 0.93411 0.17792 0.93408 0.09749996 0.97774 0.05742996 0.93417 0.09754997 0.9341 0.05737996 0.9862 0.09748995 0.98637 0.05737996 0.98637 0.94166 0.98628 0.98193 0.98637 0.94166 0.98637 0.01730996 0.98617 0.05737996 0.98637 0.01730996 0.98637 0.05737996 0.97783 0.01730996 0.93417 0.05742996 0.93417 0.21816 0.93401 0.17794 0.92282 0.21817 0.92276 0.13772 0.92286 0.17792 0.93408 0.13771 0.93411 0.09755998 0.92285 0.13771 0.93411 0.09754997 0.9341 0.05743998 0.92291 0.09754997 0.9341 0.05742996 0.93417 0.01730996 0.92291 0.05742996 0.93417 0.01730996 0.93417 0.94168 0.92292 0.98193 0.93423 0.94168 0.93418 0.74057 0.93406 0.70034 0.97763 0.70039 0.93398 0.86119 0.93416 0.82094 0.9777 0.82098 0.93407 0.9014 0.97784 0.94168 0.93418 0.94166 0.97789 0.9014 0.98637 0.94166 0.98628 0.94166 0.98637 0.82093 0.98637 0.86117 0.98612 0.86117 0.98637 0.86117 0.98637 0.9014 0.98619 0.9014 0.98637 0.86118 0.97778 0.90144 0.9342 0.9014 0.97784 0.78071 0.97768 0.82098 0.93407 0.82094 0.9777 0.78071 0.98637 0.82093 0.98606 0.82093 0.98637 0.70033 0.98599 0.74051 0.98637 0.70033 0.98637 0.74051 0.98637 0.78071 0.98602 0.78071 0.98637 0.74052 0.97766 0.78078 0.93408 0.78071 0.97768 0.90144 0.9342 0.94168 0.92292 0.94168 0.93418 0.86119 0.93416 0.90144 0.92294 0.90144 0.9342 0.86119 0.9229 0.82098 0.93407 0.82099 0.92282 0.78078 0.93408 0.82099 0.92282 0.82098 0.93407 0.74057 0.93406 0.78079 0.92282 0.78078 0.93408 0.74058 0.9228 0.70039 0.93398 0.70041 0.92273 0.49972 0.97761 0.45951 0.93386 0.49968 0.9339 0.62004 0.97762 0.57995 0.93387 0.62007 0.93395 0.70034 0.97763 0.66023 0.93399 0.70039 0.93398 0.66017 0.98598 0.70033 0.98637 0.66017 0.98637 0.57991 0.98597 0.62003 0.98637 0.57991 0.98637 0.62003 0.98597 0.66017 0.98637 0.62003 0.98637 0.66017 0.97763 0.62007 0.93395 0.66023 0.93399 0.57992 0.97759 0.53983 0.93391 0.57995 0.93387 0.53983 0.98597 0.57991 0.98637 0.53983 0.98637 0.45956 0.98597 0.49973 0.98637 0.45956 0.98637 0.49973 0.98597 0.53983 0.98637 0.49973 0.98637 0.53982 0.97761 0.49968 0.9339 0.53983 0.93391 0.70039 0.93398 0.66026 0.92272 0.70041 0.92273 0.62009 0.92268 0.66023 0.93399 0.62007 0.93395 0.57996 0.92261 0.62007 0.93395 0.57995 0.93387 0.53984 0.92263 0.57995 0.93387 0.53983 0.93391 0.49967 0.92263 0.53983 0.93391 0.49968 0.9339 0.45951 0.92259 0.49968 0.9339 0.45951 0.93386 0.25842 0.93405 0.21813 0.97765 0.21816 0.93401 0.37915 0.93395 0.33898 0.97761 0.33894 0.93394 0.41937 0.97761 0.45951 0.93386 0.45955 0.97759 0.41937 0.98637 0.45956 0.98597 0.45956 0.98637 0.33899 0.98637 0.3792 0.98597 0.3792 0.98637 0.3792 0.98637 0.41937 0.98597 0.41937 0.98637 0.3792 0.97762 0.41934 0.93392 0.41937 0.97761 0.2987 0.97764 0.33894 0.93394 0.33898 0.97761 0.29871 0.98637 0.33899 0.98598 0.33899 0.98637 0.25841 0.986 0.21812 0.98637 0.21813 0.98601 0.2584 0.98637 0.29871 0.98599 0.29871 0.98637 0.25842 0.97766 0.2987 0.93402 0.2987 0.97764 0.41934 0.93392 0.45951 0.92259 0.45951 0.93386 0.37915 0.93395 0.41934 0.92265 0.41934 0.93392 0.33894 0.93394 0.37914 0.92268 0.37915 0.93395 0.2987 0.93402 0.33893 0.92268 0.33894 0.93394 0.25842 0.93405 0.2987 0.92276 0.2987 0.93402 0.25842 0.92279 0.21816 0.93401 0.21817 0.92276 0.6746 0.41346 0.63811 0.38949 0.67461 0.38945 0.89336 0.39037 0.85694 0.41392 0.85695 0.38967 0.13772 0.91459 0.09757995 0.90562 0.13774 0.90561 0.21817 0.9145 0.17796 0.90558 0.21818 0.90554 0.17795 0.91455 0.13774 0.90561 0.17796 0.90558 0.94169 0.90568 0.98193 0.91469 0.94168 0.91465 0.09757 0.91458 0.05744999 0.90565 0.09757995 0.90562 0.05743998 0.91463 0.01730996 0.90566 0.05744999 0.90565 0.12811 0.38942 0.09166997 0.41344 0.09165996 0.38947 0.12809 0.43501 0.09166997 0.44663 0.09166997 0.43506 0.20101 0.44663 0.16462 0.43503 0.201 0.43507 0.21839 0.46937 0.178163 0.462816 0.21839 0.462816 0.16462 0.43503 0.12806 0.44663 0.12809 0.43501 0.13796 0.462816 0.17817 0.46937 0.13796 0.46937 0.13796 0.462816 0.09773999 0.46938 0.09773296 0.462819 0.2009699 0.41351 0.16458 0.38944 0.2009699 0.38948 0.201 0.43507 0.1646 0.41344 0.2009699 0.41351 0.16458 0.38944 0.12811 0.41345 0.12811 0.38942 0.1646 0.41344 0.12809 0.43501 0.12811 0.41345 0.12811 0.41345 0.09166997 0.43506 0.09166997 0.41344 0.89336 0.43588 0.85691 0.44663 0.85692 0.43524 0.05518996 0.44663 0.09166997 0.43506 0.09166997 0.44663 0.05752998 0.46938 0.09773296 0.462819 0.09773999 0.46938 0.01863998 0.44663 0.05516999 0.4349 0.05518996 0.44663 0.01730996 0.46938 0.05752295 0.462819 0.05752998 0.46938 0.98193 0.462819 0.94165 0.46938 0.941643 0.462819 0.09165996 0.38947 0.05515998 0.41325 0.05513995 0.38932 0.09166997 0.41344 0.05516999 0.4349 0.05515998 0.41325 0.05513995 0.38932 0.01863998 0.41244 0.01863998 0.38882 0.05515998 0.41325 0.01863998 0.43429 0.01863998 0.41244 0.89336 0.415 0.85692 0.43524 0.85694 0.41392 0.86121 0.90565 0.82099 0.91455 0.821 0.90559 0.90145 0.91466 0.94169 0.90568 0.94168 0.91465 0.8612 0.91463 0.90145 0.90568 0.90145 0.91466 0.70042 0.91446 0.7406 0.90555 0.74059 0.91452 0.7808 0.91455 0.821 0.90559 0.82099 0.91455 0.74059 0.91452 0.7808 0.90557 0.7808 0.91455 0.78404 0.41349 0.74767 0.3895 0.78402 0.38943 0.74756 0.43508 0.78404 0.44663 0.74754 0.44663 0.82055 0.44663 0.85692 0.43524 0.85691 0.44663 0.901387 0.462819 0.94165 0.46938 0.9014 0.46938 0.82055 0.44663 0.78405 0.43501 0.82053 0.4351 0.861183 0.462816 0.9014 0.46938 0.86119 0.46937 0.861183 0.462816 0.82103 0.46937 0.82103 0.462816 0.85695 0.38967 0.82051 0.41351 0.82049 0.38951 0.85694 0.41392 0.82053 0.4351 0.82051 0.41351 0.82049 0.38951 0.78404 0.41349 0.78402 0.38943 0.78404 0.41349 0.82053 0.4351 0.78405 0.43501 0.74762 0.41349 0.78405 0.43501 0.74756 0.43508 0.6381 0.43508 0.6746 0.44663 0.6381 0.44663 0.74754 0.44663 0.71116 0.43503 0.74756 0.43508 0.78088 0.46937 0.82103 0.462816 0.82103 0.46937 0.7112 0.44663 0.6746 0.43503 0.71116 0.43503 0.740693 0.462816 0.78088 0.46937 0.7407 0.46937 0.700523 0.462816 0.7407 0.46937 0.70053 0.46937 0.74762 0.41349 0.71108 0.38944 0.74767 0.3895 0.7111 0.41346 0.74756 0.43508 0.71116 0.43503 0.7111 0.41346 0.67461 0.38945 0.71108 0.38944 0.6746 0.41346 0.71116 0.43503 0.6746 0.43503 0.6381 0.41352 0.6746 0.43503 0.6381 0.43508 0.45529 0.41349 0.41874 0.38951 0.45529 0.38946 0.62011 0.90542 0.57997 0.91433 0.57998 0.90537 0.66027 0.91445 0.70044 0.90549 0.70042 0.91446 0.4595 0.90535 0.49967 0.91433 0.4595 0.91432 0.57997 0.91433 0.53984 0.90536 0.57998 0.90537 0.53984 0.91435 0.49966 0.90536 0.53984 0.90536 0.56504 0.38946 0.52848 0.41354 0.52847 0.3895 0.56502 0.43504 0.52849 0.44663 0.52847 0.43509 0.60162 0.44663 0.6381 0.43508 0.6381 0.44663 0.66041 0.46937 0.700523 0.462816 0.70053 0.46937 0.565 0.44663 0.60159 0.43504 0.60162 0.44663 0.62032 0.46936 0.66041 0.462816 0.66041 0.46937 0.620327 0.462812 0.58017 0.46936 0.580177 0.462812 0.63811 0.38949 0.60158 0.41347 0.60157 0.38946 0.6381 0.41352 0.60159 0.43504 0.60158 0.41347 0.60157 0.38946 0.56502 0.41348 0.56504 0.38946 0.60158 0.41347 0.56502 0.43504 0.56502 0.41348 0.56502 0.41348 0.52847 0.43509 0.52848 0.41354 0.41872 0.43509 0.45525 0.44663 0.41871 0.44663 0.49193 0.44663 0.52847 0.43509 0.52849 0.44663 0.53995 0.46936 0.580177 0.462812 0.58017 0.46936 0.45525 0.44663 0.49192 0.43505 0.49193 0.44663 0.49975 0.462812 0.53995 0.46936 0.49975 0.46936 0.459603 0.462812 0.49975 0.46936 0.45959 0.46936 0.52847 0.3895 0.49189 0.41349 0.49189 0.38946 0.52848 0.41354 0.49192 0.43505 0.49189 0.41349 0.49189 0.38946 0.45529 0.41349 0.45529 0.38946 0.49189 0.41349 0.45526 0.43505 0.45529 0.41349 0.41874 0.41354 0.45526 0.43505 0.41872 0.43509 0.37912 0.90542 0.33893 0.91441 0.33891 0.90544 0.4595 0.91432 0.41933 0.90539 0.4595 0.90535 0.37912 0.91439 0.41933 0.90539 0.41933 0.91436 0.25843 0.90553 0.21817 0.9145 0.21818 0.90554 0.2987 0.91448 0.33891 0.90544 0.33893 0.91441 0.25842 0.91451 0.2987 0.9055 0.2987 0.91448 0.34604 0.41348 0.30986 0.3895 0.34604 0.38946 0.30987 0.43508 0.34598 0.44663 0.30989 0.44663 0.41871 0.44663 0.38231 0.43504 0.41872 0.43509 0.41938 0.46936 0.459603 0.462812 0.45959 0.46936 0.3823 0.44663 0.34601 0.43504 0.38231 0.43504 0.379153 0.462812 0.41938 0.46936 0.37916 0.46936 0.338987 0.462816 0.37916 0.46936 0.33898 0.46937 0.41874 0.41354 0.3823 0.38946 0.41874 0.38951 0.38231 0.41349 0.41872 0.43509 0.38231 0.43504 0.38231 0.41349 0.34604 0.38946 0.3823 0.38946 0.34604 0.41348 0.38231 0.43504 0.34601 0.43504 0.30987 0.41353 0.34601 0.43504 0.30987 0.43508 0.201 0.43507 0.23721 0.44663 0.20101 0.44663 0.30989 0.44663 0.27366 0.43504 0.30987 0.43508 0.298763 0.462816 0.33898 0.46937 0.29877 0.46937 0.27367 0.44663 0.23723 0.43504 0.27366 0.43504 0.25857 0.462816 0.29877 0.46937 0.25857 0.46937 0.21839 0.462816 0.25857 0.46937 0.21839 0.46937 0.30987 0.41353 0.27361 0.38945 0.30986 0.3895 0.27361 0.41347 0.30987 0.43508 0.27366 0.43504 0.27361 0.41347 0.23729 0.38945 0.27361 0.38945 0.2372699 0.41346 0.27366 0.43504 0.23723 0.43504 0.2009699 0.41351 0.23723 0.43504 0.201 0.43507 0.09371995 0.2044 0.14277 0.18676 0.14326 0.20612 0.12137 0.14006 0.14399 0.15002 0.10454 0.1507599 0.51387 0.30073 0.54182 0.2846 0.52876 0.29426 0.4816 0.18025 0.45365 0.19638 0.46671 0.18672 0.45365 0.19638 0.43744 0.2243199 0.44402 0.20947 0.43744 0.2243199 0.43749 0.25662 0.43571 0.24047 0.43749 0.25662 0.45362 0.28458 0.44396 0.27152 0.45362 0.28458 0.48156 0.30078 0.46671 0.2942 0.48156 0.30078 0.51387 0.30073 0.49772 0.30251 0.54182 0.2846 0.55802 0.25666 0.55144 0.27151 0.55802 0.25666 0.55798 0.22436 0.55976 0.24051 0.55798 0.22436 0.54184 0.1964 0.5515 0.20946 0.54184 0.1964 0.5139 0.1802 0.52876 0.18678 0.5139 0.1802 0.4816 0.18025 0.49775 0.17846 0.09082996 0.08037996 0.11812 0.04903995 0.12262 0.05690997 0.12262 0.05690997 0.15707 0.03353995 0.15942 0.04232996 0.15942 0.04232996 0.19866 0.02840995 0.1987 0.03750997 0.19866 0.02840995 0.23796 0.04275 0.1987 0.03750997 0.24023 0.03390997 0.27473 0.05756998 0.23796 0.04275 0.27914 0.04961997 0.30664 0.08098995 0.27473 0.05756998 0.31283 0.07453 0.33149 0.11168 0.30664 0.08098995 0.339 0.1071799 0.34742 0.14777 0.33149 0.11168 0.35567 0.14551 0.35295 0.1868399 0.34742 0.14777 0.35558 0.22816 0.35295 0.1868399 0.36138 0.1868399 0.34735 0.2258999 0.33883 0.26646 0.33131 0.26194 0.33131 0.26194 0.31259 0.29906 0.3064 0.29258 0.3064 0.29258 0.27886 0.32394 0.27446 0.31598 0.27446 0.31598 0.23995 0.33963 0.23768 0.33079 0.23768 0.33079 0.19837 0.34512 0.19842 0.33601 0.15914 0.33118 0.19837 0.34512 0.15678 0.33996 0.15678 0.33996 0.12236 0.31658 0.15914 0.33118 0.09059995 0.29307 0.11786 0.32443 0.08427 0.29946 0.06612998 0.26209 0.08427 0.29946 0.05836999 0.26661 0.05836999 0.26661 0.05066996 0.2257699 0.06612998 0.26209 0.04538995 0.18668 0.04201996 0.2281 0.03645998 0.18667 0.04210996 0.14526 0.04538995 0.18668 0.03645998 0.18667 0.05075997 0.1475999 0.05853998 0.10678 0.06629997 0.11131 0.06629997 0.11131 0.08449995 0.07397997 0.09082996 0.08037996 0.09082996 0.08037996 0.12426 0.05971997 0.09315997 0.08270996 0.11728 0.04759997 0.08284997 0.07232999 0.11695 0.04701 0.12426 0.05971997 0.15942 0.04232996 0.16026 0.04543995 0.15661 0.03192996 0.11695 0.04701 0.15644 0.03126996 0.16026 0.04543995 0.1987 0.03750997 0.19873 0.04072999 0.19864 0.02673995 0.15644 0.03126996 0.19864 0.02605998 0.19873 0.04072999 0.23796 0.04275 0.23717 0.04585999 0.24064 0.03227996 0.19864 0.02605998 0.24082 0.03161996 0.23796 0.04275 0.27313 0.06040996 0.23717 0.04585999 0.27994 0.04813998 0.24082 0.03161996 0.28026 0.04753994 0.27473 0.05756998 0.30425 0.08344995 0.27313 0.06040996 0.31398 0.07333999 0.28026 0.04753994 0.31442 0.07283997 0.30664 0.08098995 0.3284 0.11354 0.30425 0.08344995 0.3404 0.10635 0.31442 0.07283997 0.34095 0.10599 0.33149 0.11168 0.34391 0.1487399 0.3284 0.11354 0.35722 0.14509 0.34095 0.10599 0.35783 0.14489 0.34742 0.14777 0.34934 0.18683 0.34391 0.1487399 0.36298 0.18685 0.35783 0.14489 0.36361 0.18685 0.35714 0.22859 0.36361 0.18685 0.35774 0.22879 0.35295 0.1868399 0.34384 0.22491 0.34934 0.18683 0.34735 0.2258999 0.32824 0.26008 0.34384 0.22491 0.34077 0.26766 0.35714 0.22859 0.35774 0.22879 0.33131 0.26194 0.30403 0.29012 0.32824 0.26008 0.31418 0.30076 0.34023 0.26729 0.34077 0.26766 0.30403 0.29012 0.27446 0.31598 0.27287 0.31314 0.27999 0.32602 0.31374 0.30026 0.31418 0.30076 0.27287 0.31314 0.23768 0.33079 0.23689 0.32768 0.24053 0.34193 0.27967 0.32542 0.27999 0.32602 0.23689 0.32768 0.19842 0.33601 0.19845 0.3328 0.19835 0.34679 0.24053 0.34193 0.19835 0.34747 0.15633 0.34158 0.19835 0.34747 0.15615 0.34223 0.19845 0.3328 0.15914 0.33118 0.15999 0.32807 0.15999 0.32807 0.12236 0.31658 0.124 0.31376 0.1170099 0.32587 0.15615 0.34223 0.11669 0.32646 0.08307999 0.30063 0.11669 0.32646 0.08261996 0.30111 0.124 0.31376 0.09059995 0.29307 0.09293997 0.29074 0.05693 0.26743 0.08261996 0.30111 0.05634999 0.26777 0.09293997 0.29074 0.06612998 0.26209 0.069 0.26042 0.069 0.26042 0.05066996 0.2257699 0.0539 0.2249 0.04041999 0.22853 0.05634999 0.26777 0.03977996 0.2287099 0.03413999 0.18667 0.04041999 0.22853 0.03977996 0.2287099 0.05066996 0.2257699 0.04874998 0.18668 0.0539 0.2249 0.03986996 0.14465 0.03480994 0.18667 0.03413999 0.18667 0.04538995 0.18668 0.05398994 0.14847 0.04874998 0.18668 0.05075997 0.1475999 0.06916999 0.11298 0.05398994 0.14847 0.05651998 0.10562 0.04051995 0.14483 0.03986996 0.14465 0.06629997 0.11131 0.09315997 0.08270996 0.06916999 0.11298 0.08284997 0.07232999 0.05709999 0.10596 0.05651998 0.10562 0.15999 0.32807 0.19853 0.31718 0.19845 0.3328 0.23717 0.04585999 0.1988 0.05634999 0.19873 0.04072999 0.1988 0.05634999 0.16026 0.04543995 0.19873 0.04072999 0.1643 0.06050997 0.12426 0.05971997 0.16026 0.04543995 0.1320199 0.07324999 0.09315997 0.08270996 0.12426 0.05971997 0.1041 0.09375 0.06916999 0.11298 0.09315997 0.08270996 0.08256995 0.1208 0.05398994 0.14847 0.06916999 0.11298 0.06893998 0.15252 0.04874998 0.18668 0.05398994 0.14847 0.04874998 0.18668 0.06885999 0.22087 0.0539 0.2249 0.0539 0.2249 0.08240997 0.25262 0.069 0.26042 0.069 0.26042 0.10389 0.27971 0.09293997 0.29074 0.09293997 0.29074 0.13176 0.30025 0.124 0.31376 0.124 0.31376 0.16403 0.31301 0.15999 0.32807 0.19853 0.31718 0.23689 0.32768 0.19845 0.3328 0.233 0.31254 0.27287 0.31314 0.23689 0.32768 0.26527 0.29953 0.30403 0.29012 0.27287 0.31314 0.29331 0.27903 0.32824 0.26008 0.30403 0.29012 0.31521 0.25226 0.34384 0.22491 0.32824 0.26008 0.32954 0.22078 0.34934 0.18683 0.34384 0.22491 0.33464 0.18682 0.34391 0.1487399 0.34934 0.18683 0.34391 0.1487399 0.31538 0.12133 0.3284 0.11354 0.3284 0.11354 0.29353 0.09451997 0.30425 0.08344995 0.30425 0.08344995 0.26552 0.07400995 0.27313 0.06040996 0.27313 0.06040996 0.23327 0.06099998 0.23717 0.04585999 0.16403 0.31301 0.19862 0.31338 0.19853 0.31718 0.23327 0.06099998 0.19889 0.06015998 0.1988 0.05634999 0.1988 0.05634999 0.16536 0.06417 0.1643 0.06050997 0.16536 0.06417 0.1320199 0.07324999 0.1643 0.06050997 0.13399 0.07650995 0.1041 0.09375 0.1320199 0.07324999 0.10683 0.09639996 0.08256995 0.1208 0.1041 0.09375 0.08587998 0.12267 0.06893998 0.15252 0.08256995 0.1208 0.07261997 0.15349 0.06422996 0.18669 0.06893998 0.15252 0.06803995 0.18669 0.06885999 0.22087 0.06422996 0.18669 0.06885999 0.22087 0.08572 0.25075 0.08240997 0.25262 0.08240997 0.25262 0.10662 0.27706 0.10389 0.27971 0.10389 0.27971 0.1337299 0.29699 0.13176 0.30025 0.13176 0.30025 0.1651 0.30935 0.16403 0.31301 0.19853 0.31718 0.23212 0.30884 0.233 0.31254 0.233 0.31254 0.26346 0.2962 0.26527 0.29953 0.26346 0.2962 0.29331 0.27903 0.26527 0.29953 0.29074 0.27632 0.31521 0.25226 0.29331 0.27903 0.31228 0.25048 0.32954 0.22078 0.31521 0.25226 0.32626 0.21988 0.33464 0.18682 0.32954 0.22078 0.33096 0.18682 0.32959 0.15285 0.33464 0.18682 0.3263 0.15375 0.31538 0.12133 0.32959 0.15285 0.31245 0.1231 0.29353 0.09451997 0.31538 0.12133 0.29098 0.09722 0.26552 0.07400995 0.29353 0.09451997 0.26552 0.07400995 0.23238 0.0647 0.23327 0.06099998 0.16684 0.30323 0.19862 0.31338 0.1651 0.30935 0.23089 0.07084995 0.19889 0.06015998 0.23238 0.0647 0.19889 0.06015998 0.1671 0.07029998 0.16536 0.06417 0.16536 0.06417 0.13722 0.08199 0.13399 0.07650995 0.13399 0.07650995 0.1113499 0.1008599 0.10683 0.09639996 0.10683 0.09639996 0.09139996 0.1258299 0.08587998 0.12267 0.08587998 0.12267 0.07876998 0.15513 0.07261997 0.15349 0.07261997 0.15349 0.07440996 0.18669 0.06803995 0.18669 0.07440996 0.18669 0.07253998 0.21991 0.06803995 0.18669 0.07868999 0.21827 0.08572 0.25075 0.07253998 0.21991 0.09123998 0.2476 0.10662 0.27706 0.08572 0.25075 0.1111299 0.2726 0.1337299 0.29699 0.10662 0.27706 0.13696 0.29151 0.1651 0.30935 0.1337299 0.29699 0.19862 0.31338 0.23062 0.30266 0.23212 0.30884 0.23212 0.30884 0.26046 0.29059 0.26346 0.2962 0.26346 0.2962 0.28658 0.27172 0.29074 0.27632 0.29074 0.27632 0.3073 0.24728 0.31228 0.25048 0.31228 0.25048 0.32085 0.21836 0.32626 0.21988 0.32626 0.21988 0.32554 0.18681 0.33096 0.18682 0.32554 0.18681 0.3263 0.15375 0.33096 0.18682 0.32087 0.15526 0.31245 0.1231 0.3263 0.15375 0.30748 0.1262699 0.29098 0.09722 0.31245 0.1231 0.28685 0.10172 0.26371 0.07734 0.29098 0.09722 0.26079 0.08291995 0.23238 0.0647 0.26371 0.07734 0.16684 0.30323 0.19888 0.30507 0.19875 0.30702 0.2305 0.07273995 0.19901 0.06650996 0.23089 0.07084995 0.19901 0.06650996 0.16768 0.07220995 0.1671 0.07029998 0.1671 0.07029998 0.13827 0.08367997 0.13722 0.08199 0.13722 0.08199 0.1128 0.10224 0.1113499 0.1008599 0.1113499 0.1008599 0.09318 0.12681 0.09139996 0.1258299 0.09139996 0.1258299 0.08076 0.15564 0.07876998 0.15513 0.07876998 0.15513 0.07646995 0.18669 0.07440996 0.18669 0.07646995 0.18669 0.07868999 0.21827 0.07440996 0.18669 0.08066999 0.21775 0.09123998 0.2476 0.07868999 0.21827 0.09301 0.24661 0.1111299 0.2726 0.09123998 0.2476 0.1111299 0.2726 0.13801 0.28983 0.13696 0.29151 0.13696 0.29151 0.16742 0.30131 0.16684 0.30323 0.19875 0.30702 0.23024 0.3008 0.23062 0.30266 0.23062 0.30266 0.25963 0.28894 0.26046 0.29059 0.26046 0.29059 0.28523 0.27019 0.28658 0.27172 0.28658 0.27172 0.30527 0.24599 0.3073 0.24728 0.3073 0.24728 0.31838 0.21763 0.32085 0.21836 0.31838 0.21763 0.32554 0.18681 0.32085 0.21836 0.32294 0.18682 0.32087 0.15526 0.32554 0.18681 0.31839 0.15599 0.30748 0.1262699 0.32087 0.15526 0.30542 0.12756 0.28685 0.10172 0.30748 0.1262699 0.28539 0.10335 0.26079 0.08291995 0.28685 0.10172 0.2599 0.08465999 0.23089 0.07084995 0.26079 0.08291995 0.16742 0.30131 0.1989499 0.30342 0.19888 0.30507 0.2305 0.07273995 0.19922 0.0701 0.19915 0.06844997 0.19922 0.0701 0.16768 0.07220995 0.19915 0.06844997 0.1682 0.07376998 0.13827 0.08367997 0.16768 0.07220995 0.13917 0.08508998 0.1128 0.10224 0.13827 0.08367997 0.114 0.10337 0.09318 0.12681 0.1128 0.10224 0.09465998 0.12764 0.08076 0.15564 0.09318 0.12681 0.08243 0.15609 0.07646995 0.18669 0.08076 0.15564 0.07646995 0.18669 0.08234 0.21729 0.08066999 0.21775 0.08066999 0.21775 0.09447997 0.24577 0.09301 0.24661 0.09301 0.24661 0.11377 0.2701 0.11258 0.27123 0.11258 0.27123 0.1389099 0.28842 0.13801 0.28983 0.13801 0.28983 0.16793 0.29976 0.16742 0.30131 0.1989499 0.30342 0.23024 0.3008 0.19888 0.30507 0.22989 0.29911 0.25963 0.28894 0.23024 0.3008 0.25889 0.28735 0.28523 0.27019 0.25963 0.28894 0.28402 0.26892 0.30527 0.24599 0.28523 0.27019 0.30387 0.24516 0.31838 0.21763 0.30527 0.24599 0.31696 0.21722 0.32294 0.18682 0.31838 0.21763 0.32294 0.18682 0.31695 0.1564 0.31839 0.15599 0.31839 0.15599 0.30403 0.12839 0.30542 0.12756 0.30542 0.12756 0.28426 0.10457 0.28539 0.10335 0.28539 0.10335 0.25912 0.08617997 0.2599 0.08465999 0.2599 0.08465999 0.23015 0.0744 0.2305 0.07273995 0.16793 0.29976 0.19884 0.25685 0.1989499 0.30342 0.22853 0.1105 0.19922 0.0701 0.23015 0.0744 0.19918 0.11669 0.1682 0.07376998 0.19922 0.0701 0.16975 0.12474 0.13917 0.08508998 0.1682 0.07376998 0.14254 0.13072 0.114 0.10337 0.13917 0.08508998 0.11928 0.13807 0.09465998 0.12764 0.114 0.10337 0.10163 0.14933 0.08243 0.15609 0.09465998 0.12764 0.09043997 0.16824 0.07822 0.18668 0.08243 0.15609 0.07822 0.18668 0.09037995 0.20512 0.08234 0.21729 0.08234 0.21729 0.10147 0.22227 0.09447997 0.24577 0.09447997 0.24577 0.11905 0.23255 0.11377 0.2701 0.11377 0.2701 0.14221 0.23921 0.1389099 0.28842 0.1389099 0.28842 0.16942 0.24747 0.16793 0.29976 0.1989499 0.30342 0.2282299 0.2641 0.22989 0.29911 0.2282299 0.2641 0.25889 0.28735 0.22989 0.29911 0.25554 0.26592 0.28402 0.26892 0.25889 0.28735 0.28329 0.25508 0.30387 0.24516 0.28402 0.26892 0.30339 0.23458 0.31696 0.21722 0.30387 0.24516 0.31381 0.2093999 0.32148 0.18682 0.31696 0.21722 0.32148 0.18682 0.31288 0.16543 0.31695 0.1564 0.31695 0.1564 0.30149 0.1403 0.30403 0.12839 0.30403 0.12839 0.27933 0.11692 0.28426 0.10457 0.28426 0.10457 0.25579 0.1085 0.25912 0.08617997 0.25912 0.08617997 0.22853 0.1105 0.23015 0.0744 0.16942 0.24747 0.19932 0.25459 0.19884 0.25685 0.2286 0.11281 0.19918 0.11669 0.22853 0.1105 0.19971 0.11898 0.16975 0.12474 0.19918 0.11669 0.17046 0.12696 0.14254 0.13072 0.16975 0.12474 0.14379 0.1328999 0.11928 0.13807 0.14254 0.13072 0.11928 0.13807 0.10454 0.1507599 0.10163 0.14933 0.10163 0.14933 0.09378999 0.16895 0.09043997 0.16824 0.09043997 0.16824 0.09002995 0.18668 0.08657997 0.18668 0.09002995 0.18668 0.09037995 0.20512 0.08657997 0.18668 0.09371995 0.2044 0.10147 0.22227 0.09037995 0.20512 0.1043699 0.22083 0.11905 0.23255 0.10147 0.22227 0.11905 0.23255 0.1435199 0.23712 0.14221 0.23921 0.14221 0.23921 0.17021 0.24529 0.16942 0.24747 0.19884 0.25685 0.2283 0.2618 0.2282299 0.2641 0.2282299 0.2641 0.25484 0.26345 0.25554 0.26592 0.25484 0.26345 0.28329 0.25508 0.25554 0.26592 0.28158 0.25296 0.30339 0.23458 0.28329 0.25508 0.30124 0.23347 0.31381 0.2093999 0.30339 0.23458 0.31182 0.20889 0.31628 0.1872799 0.31381 0.2093999 0.31628 0.1872799 0.31084 0.16588 0.31288 0.16543 0.31288 0.16543 0.29934 0.1413699 0.30149 0.1403 0.30149 0.1403 0.27774 0.11902 0.27933 0.11692 0.27933 0.11692 0.25509 0.111 0.25579 0.1085 0.25509 0.111 0.22853 0.1105 0.25579 0.1085 0.14277 0.18676 0.09378999 0.16895 0.1431699 0.16883 0.1043699 0.22083 0.14326 0.20612 0.1437 0.22286 0.12114 0.23057 0.1437 0.22286 0.1435199 0.23712 0.10454 0.1507599 0.1431699 0.16883 0.09378999 0.16895 0.1435199 0.23712 0.1701599 0.22395 0.17021 0.24529 0.1437 0.22286 0.16926 0.2069 0.1701599 0.22395 0.14326 0.20612 0.16914 0.18679 0.16926 0.2069 0.16914 0.18679 0.1431699 0.16883 0.16918 0.16883 0.14399 0.15002 0.16918 0.16883 0.1431699 0.16883 0.14379 0.1328999 0.16979 0.14967 0.14399 0.15002 0.17021 0.24529 0.19896 0.22495 0.19932 0.25459 0.1701599 0.22395 0.1973299 0.20767 0.19896 0.22495 0.19668 0.18682 0.16926 0.2069 0.16914 0.18679 0.16914 0.18679 0.19727 0.16894 0.19668 0.18682 0.16979 0.14967 0.19727 0.16894 0.16918 0.16883 0.17046 0.12696 0.19793 0.14951 0.16979 0.14967 0.19896 0.22495 0.2176499 0.23274 0.19932 0.25459 0.2176499 0.23274 0.2283 0.2618 0.19932 0.25459 0.1973299 0.20767 0.22422 0.22045 0.19896 0.22495 0.19668 0.18682 0.23171 0.20273 0.1973299 0.20767 0.23268 0.16781 0.19668 0.18682 0.19727 0.16894 0.22759 0.15151 0.19727 0.16894 0.19793 0.14951 0.21854 0.13543 0.19793 0.14951 0.19971 0.11898 0.2286 0.11281 0.21854 0.13543 0.19971 0.11898 0.2319 0.2424 0.25484 0.26345 0.2283 0.2618 0.25509 0.111 0.23238 0.12973 0.2286 0.11281 0.25465 0.2465299 0.28158 0.25296 0.25484 0.26345 0.27774 0.24185 0.30124 0.23347 0.28158 0.25296 0.29415 0.22619 0.31182 0.20889 0.30124 0.23347 0.304 0.20477 0.31433 0.18731 0.31182 0.20889 0.30578 0.1874099 0.31084 0.16588 0.31433 0.18731 0.30295 0.16916 0.29934 0.1413699 0.31084 0.16588 0.29934 0.1413699 0.27477 0.13378 0.27774 0.11902 0.27774 0.11902 0.25512 0.12787 0.25509 0.111 0.22422 0.22045 0.2185 0.2323099 0.2176499 0.23274 0.2176499 0.23274 0.23225 0.24152 0.2319 0.2424 0.23171 0.20273 0.22506 0.2203299 0.22422 0.22045 0.23592 0.18579 0.23243 0.20266 0.23171 0.20273 0.2334 0.16786 0.23592 0.18579 0.23268 0.16781 0.22832 0.1516 0.23268 0.16781 0.22759 0.15151 0.21935 0.13592 0.22759 0.15151 0.21854 0.13543 0.23238 0.12973 0.21935 0.13592 0.21854 0.13543 0.23225 0.24152 0.25465 0.2465299 0.2319 0.2424 0.25512 0.12787 0.23269 0.1306599 0.23238 0.12973 0.25468 0.24557 0.27774 0.24185 0.25465 0.2465299 0.27741 0.24096 0.29415 0.22619 0.27774 0.24185 0.2935 0.2256 0.304 0.20477 0.29415 0.22619 0.30323 0.2044399 0.30578 0.1874099 0.304 0.20477 0.30496 0.18743 0.30295 0.16916 0.30578 0.1874099 0.30217 0.16947 0.29134 0.14816 0.30295 0.16916 0.29134 0.14816 0.27446 0.13466 0.27477 0.13378 0.27477 0.13378 0.25513 0.12884 0.25512 0.12787 0.05513995 0.38932 0.09165996 0.3767 0.09165996 0.38947 0.49189 0.38946 0.52848 0.3767 0.52847 0.3895 0.52847 0.3895 0.56506 0.3767 0.56504 0.38946 0.56504 0.38946 0.60156 0.3767 0.60157 0.38946 0.60157 0.38946 0.63812 0.3767 0.63811 0.38949 0.63812 0.3767 0.67461 0.38945 0.63811 0.38949 0.67464 0.3767 0.71108 0.38944 0.67461 0.38945 0.71105 0.3767 0.74767 0.3895 0.71108 0.38944 0.7477 0.3767 0.78402 0.38943 0.74767 0.3895 0.78401 0.3767 0.82049 0.38951 0.78402 0.38943 0.82049 0.38951 0.85696 0.3767 0.85695 0.38967 0.85695 0.38967 0.89336 0.3767 0.89336 0.39037 0.01863998 0.38882 0.05510997 0.3767 0.05513995 0.38932 0.09165996 0.38947 0.12812 0.3767 0.12811 0.38942 0.12811 0.38942 0.16456 0.3767 0.16458 0.38944 0.16456 0.3767 0.2009699 0.38948 0.16458 0.38944 0.20098 0.3767 0.23729 0.38945 0.2009699 0.38948 0.23732 0.3767 0.27361 0.38945 0.23729 0.38945 0.27359 0.3767 0.30986 0.3895 0.27361 0.38945 0.30987 0.3767 0.34604 0.38946 0.30986 0.3895 0.34606 0.3767 0.3823 0.38946 0.34604 0.38946 0.3823 0.38946 0.41873 0.3767 0.41874 0.38951 0.41873 0.3767 0.45529 0.38946 0.41874 0.38951 0.45531 0.3767 0.49189 0.38946 0.45529 0.38946 0.52392 0.33829 0.55458 0.339 0.52713 0.3503 0.47154 0.14269 0.44089 0.14198 0.46833 0.13067 0.44711 0.15276 0.41737 0.16008 0.44089 0.14198 0.42616 0.16888 0.39931 0.18364 0.41737 0.16008 0.41009 0.1898699 0.38787 0.2110199 0.39931 0.18364 0.38787 0.2110199 0.39652 0.24046 0.38407 0.24046 0.38407 0.24046 0.39994 0.26668 0.38792 0.26989 0.38792 0.26989 0.41001 0.29111 0.39923 0.29733 0.39923 0.29733 0.42612 0.31206 0.41733 0.32086 0.42612 0.31206 0.44088 0.33892 0.41733 0.32086 0.44712 0.32813 0.46827 0.35035 0.44088 0.33892 0.47149 0.33835 0.49771 0.35416 0.46827 0.35035 0.4977 0.3417 0.52713 0.3503 0.49771 0.35416 0.54836 0.32822 0.5781 0.32089 0.55458 0.339 0.56931 0.3121 0.59616 0.29734 0.5781 0.32089 0.59616 0.29734 0.5956 0.26673 0.6076 0.26995 0.6076 0.26995 0.59894 0.24052 0.6114 0.24052 0.6114 0.24052 0.59553 0.2143 0.60755 0.21109 0.60755 0.21109 0.58546 0.18986 0.59624 0.18365 0.59624 0.18365 0.56935 0.16892 0.57814 0.16012 0.57814 0.16012 0.54835 0.15285 0.55459 0.14206 0.55459 0.14206 0.52398 0.14263 0.5272 0.13062 0.52398 0.14263 0.49776 0.12682 0.5272 0.13062 0.49776 0.13928 0.46833 0.13067 0.49776 0.12682 0.22506 0.2203299 0.21984 0.22996 0.2185 0.2323099 0.23243 0.20266 0.22614 0.21852 0.22506 0.2203299 0.23656 0.18582 0.23317 0.2018 0.23243 0.20266 0.23412 0.1686699 0.23656 0.18582 0.2334 0.16786 0.22931 0.15308 0.2334 0.16786 0.22832 0.1516 0.22073 0.13809 0.22832 0.1516 0.21935 0.13592 0.6201 0.9144 0.66029 0.90546 0.66027 0.91445 0.52392 0.33829 0.52876 0.29426 0.54836 0.32822 0.56931 0.3121 0.52876 0.29426 0.54182 0.2846 0.56931 0.3121 0.55144 0.27151 0.58538 0.29111 0.5956 0.26673 0.55144 0.27151 0.55802 0.25666 0.5956 0.26673 0.55976 0.24051 0.59894 0.24052 0.59553 0.2143 0.55976 0.24051 0.55798 0.22436 0.59553 0.2143 0.5515 0.20946 0.58546 0.18986 0.56935 0.16892 0.5515 0.20946 0.54184 0.1964 0.56935 0.16892 0.52876 0.18678 0.54835 0.15285 0.52398 0.14263 0.52876 0.18678 0.5139 0.1802 0.52398 0.14263 0.49775 0.17846 0.49776 0.13928 0.47154 0.14269 0.49775 0.17846 0.4816 0.18025 0.47154 0.14269 0.46671 0.18672 0.44711 0.15276 0.42616 0.16888 0.46671 0.18672 0.45365 0.19638 0.42616 0.16888 0.44402 0.20947 0.41009 0.1898699 0.39987 0.21424 0.44402 0.20947 0.43744 0.2243199 0.39987 0.21424 0.43571 0.24047 0.39652 0.24046 0.39994 0.26668 0.43571 0.24047 0.43749 0.25662 0.39994 0.26668 0.44396 0.27152 0.41001 0.29111 0.42612 0.31206 0.44396 0.27152 0.45362 0.28458 0.42612 0.31206 0.46671 0.2942 0.44712 0.32813 0.47149 0.33835 0.46671 0.2942 0.48156 0.30078 0.47149 0.33835 0.49772 0.30251 0.4977 0.3417 0.52392 0.33829 0.49772 0.30251 0.51387 0.30073 0.700482 0.78554 0.74066 0.76744 0.740653 0.78558 0.780843 0.78561 0.74066 0.76744 0.78085 0.76747 0.821053 0.785642 0.78085 0.76747 0.82106 0.7675 0.86126 0.76752 0.821053 0.785642 0.82106 0.7675 0.861255 0.785667 0.90149 0.76754 0.901485 0.785687 0.901485 0.785687 0.94172 0.76755 0.941715 0.7857 0.941715 0.7857 0.98193 0.76756 0.98193 0.78571 0.01730996 0.78568 0.05747997 0.76753 0.05747497 0.785677 0.05747497 0.785677 0.09764999 0.76752 0.09763997 0.785665 0.13783 0.7675 0.09763997 0.785665 0.09764999 0.76752 0.137818 0.785645 0.17803 0.76748 0.178023 0.785622 0.21824 0.76745 0.178023 0.785622 0.17803 0.76748 0.25845 0.76742 0.218233 0.78559 0.21824 0.76745 0.298683 0.78553 0.25845 0.76742 0.29868 0.76739 0.338903 0.785505 0.29868 0.76739 0.3389 0.76737 0.37911 0.785482 0.3389 0.76737 0.37911 0.76735 0.419312 0.785462 0.37911 0.76735 0.41931 0.76733 0.419312 0.785462 0.45949 0.76733 0.45949 0.78546 0.45949 0.78546 0.49965 0.76732 0.499653 0.78545 0.53983 0.78546 0.49965 0.76732 0.53983 0.76733 0.579997 0.78547 0.53983 0.76733 0.58 0.76734 0.620162 0.785485 0.58 0.76734 0.62017 0.76735 0.660333 0.785507 0.62017 0.76735 0.66034 0.76737 0.660333 0.785507 0.70049 0.7674 0.700482 0.78554 0.74059 0.91452 0.70041 0.92273 0.70042 0.91446 0.74058 0.9228 0.7808 0.91455 0.78079 0.92282 0.78079 0.92282 0.82099 0.91455 0.82099 0.92282 0.8612 0.91463 0.82099 0.92282 0.82099 0.91455 0.86119 0.9229 0.90145 0.91466 0.90144 0.92294 0.94168 0.92292 0.90145 0.91466 0.94168 0.91465 0.94168 0.91465 0.98193 0.92297 0.94168 0.92292 0.05743998 0.92291 0.01730996 0.91464 0.05743998 0.91463 0.09755998 0.92285 0.05743998 0.91463 0.09757 0.91458 0.09757 0.91458 0.13772 0.92286 0.09755998 0.92285 0.13772 0.91459 0.17794 0.92282 0.13772 0.92286 0.21817 0.92276 0.17795 0.91455 0.21817 0.9145 0.25842 0.91451 0.21817 0.92276 0.21817 0.9145 0.25842 0.92279 0.2987 0.91448 0.2987 0.92276 0.2987 0.92276 0.33893 0.91441 0.33893 0.92268 0.33893 0.92268 0.37912 0.91439 0.37914 0.92268 0.37914 0.92268 0.41933 0.91436 0.41934 0.92265 0.41934 0.92265 0.4595 0.91432 0.45951 0.92259 0.4595 0.91432 0.49967 0.92263 0.45951 0.92259 0.53984 0.92263 0.49967 0.91433 0.53984 0.91435 0.57996 0.92261 0.53984 0.91435 0.57997 0.91433 0.57997 0.91433 0.62009 0.92268 0.57996 0.92261 0.6201 0.9144 0.66026 0.92272 0.62009 0.92268 0.66026 0.92272 0.70042 0.91446 0.70041 0.92273 0.70058 0.61105 0.660408 0.6257 0.66041 0.61103 0.74075 0.61107 0.700578 0.62572 0.70058 0.61105 0.78094 0.61109 0.74075 0.625742 0.74075 0.61107 0.78094 0.61109 0.82112 0.625784 0.78094 0.625762 0.86132 0.61112 0.82112 0.625784 0.82112 0.61111 0.90153 0.61112 0.861318 0.625794 0.86132 0.61112 0.94172 0.61113 0.901527 0.625795 0.90153 0.61112 0.94172 0.61113 0.98193 0.625804 0.94172 0.625804 0.01730996 0.61112 0.05752795 0.625792 0.01730996 0.625792 0.05752998 0.61112 0.09774696 0.625784 0.05752795 0.625792 0.09775 0.61111 0.137953 0.625782 0.09774696 0.625784 0.13796 0.61111 0.178163 0.625772 0.137953 0.625782 0.17817 0.6111 0.218361 0.62576 0.178163 0.625772 0.25856 0.61107 0.218361 0.62576 0.21837 0.61109 0.29877 0.61105 0.258553 0.62574 0.25856 0.61107 0.33896 0.61102 0.298763 0.62572 0.29877 0.61105 0.37914 0.611 0.338953 0.625692 0.33896 0.61102 0.41934 0.61098 0.379135 0.62567 0.37914 0.611 0.41934 0.61098 0.459517 0.62565 0.419335 0.625652 0.45952 0.61098 0.499708 0.625642 0.459517 0.62565 0.49971 0.61097 0.539907 0.62565 0.499708 0.625642 0.53991 0.61098 0.580067 0.62566 0.539907 0.62565 0.58007 0.61099 0.620235 0.625672 0.580067 0.62566 0.66041 0.61103 0.620235 0.625672 0.62024 0.611 0.6604 0.69659 0.700508 0.751906 0.660353 0.751878 0.70057 0.69661 0.74068 0.751944 0.700508 0.751906 0.74075 0.69664 0.78087 0.751971 0.74068 0.751944 0.82112 0.69669 0.78087 0.751971 0.78094 0.69666 0.82112 0.69669 0.861271 0.752019 0.821073 0.752001 0.86131 0.6967 0.901494 0.752037 0.861271 0.752019 0.90151 0.69671 0.94172 0.752045 0.901494 0.752037 0.98193 0.69671 0.94172 0.752045 0.94172 0.69671 0.05751997 0.69669 0.01730996 0.752025 0.01730996 0.69669 0.09772998 0.69669 0.05748897 0.752025 0.05751997 0.69669 0.13792 0.69668 0.09766799 0.752017 0.09772998 0.69669 0.17813 0.69667 0.13785 0.751999 0.13792 0.69668 0.21832 0.69665 0.178052 0.751981 0.17813 0.69667 0.25852 0.69663 0.218258 0.751954 0.21832 0.69665 0.25852 0.69663 0.298691 0.751898 0.258465 0.751926 0.29873 0.69661 0.338904 0.751878 0.298691 0.751898 0.33892 0.69659 0.37911 0.751856 0.338904 0.751878 0.37911 0.69656 0.41931 0.751838 0.37911 0.751856 0.41931 0.69655 0.459492 0.751836 0.41931 0.751838 0.4997 0.69654 0.459492 0.751836 0.4595 0.69654 0.53989 0.69654 0.499661 0.751828 0.4997 0.69654 0.58005 0.69655 0.539843 0.751836 0.53989 0.69654 0.62021 0.69657 0.580011 0.751846 0.58005 0.69655 0.62021 0.69657 0.660353 0.751878 0.620179 0.751858 0.70057 0.53547 0.66041 0.61103 0.66042 0.53545 0.74073 0.53549 0.70058 0.61105 0.70057 0.53547 0.780927 0.585917 0.74075 0.61107 0.74073 0.53549 0.780927 0.585917 0.82112 0.61111 0.78094 0.61109 0.86125 0.53552 0.82112 0.61111 0.82107 0.53551 0.90147 0.53553 0.86132 0.61112 0.86125 0.53552 0.94168 0.53554 0.90153 0.61112 0.90147 0.53553 0.94168 0.53554 0.98193 0.61113 0.94172 0.61113 0.01730996 0.53554 0.05752998 0.61112 0.01730996 0.61112 0.05753999 0.53553 0.09775 0.61111 0.05752998 0.61112 0.09775 0.53553 0.13796 0.61111 0.09775 0.61111 0.13795 0.53552 0.17817 0.6111 0.13796 0.61111 0.17817 0.53551 0.21837 0.61109 0.17817 0.6111 0.25857 0.53548 0.21837 0.61109 0.21838 0.5355 0.29878 0.53547 0.25856 0.61107 0.25857 0.53548 0.33898 0.53545 0.29877 0.61105 0.29878 0.53547 0.37917 0.53543 0.33896 0.61102 0.33898 0.53545 0.41937 0.53542 0.37914 0.611 0.37917 0.53543 0.41937 0.53542 0.45952 0.61098 0.41934 0.61098 0.45957 0.53541 0.49971 0.61097 0.45952 0.61098 0.49975 0.53541 0.53991 0.61098 0.49971 0.61097 0.53994 0.53541 0.580091 0.571386 0.53991 0.61098 0.58011 0.53542 0.62027 0.53544 0.580091 0.571386 0.66042 0.53545 0.62024 0.611 0.62027 0.53544 0.70053 0.46937 0.660416 0.508355 0.66041 0.46937 0.74073 0.53549 0.70057 0.53547 0.70053 0.46937 0.74073 0.53549 0.78088 0.46937 0.7809 0.5355 0.7809 0.5355 0.82103 0.46937 0.82107 0.53551 0.86119 0.46937 0.82107 0.53551 0.82103 0.46937 0.90147 0.53553 0.86119 0.46937 0.9014 0.46938 0.94168 0.53554 0.9014 0.46938 0.94165 0.46938 0.98193 0.53555 0.94165 0.46938 0.98193 0.46938 0.05753999 0.53553 0.01730996 0.46938 0.05752998 0.46938 0.09775 0.53553 0.05752998 0.46938 0.09773999 0.46938 0.13795 0.53552 0.09773999 0.46938 0.13796 0.46937 0.17817 0.53551 0.13796 0.46937 0.17817 0.46937 0.21838 0.5355 0.17817 0.46937 0.21839 0.46937 0.25857 0.46937 0.21838 0.5355 0.21839 0.46937 0.25857 0.53548 0.29877 0.46937 0.29878 0.53547 0.29878 0.53547 0.33898 0.46937 0.33898 0.53545 0.37916 0.46936 0.33898 0.53545 0.33898 0.46937 0.37917 0.53543 0.41938 0.46936 0.41937 0.53542 0.41937 0.53542 0.45959 0.46936 0.45957 0.53541 0.49975 0.53541 0.45959 0.46936 0.49975 0.46936 0.53994 0.53541 0.49975 0.46936 0.53995 0.46936 0.58011 0.53542 0.53995 0.46936 0.58017 0.46936 0.62027 0.53544 0.58017 0.46936 0.62032 0.46936 0.660416 0.508355 0.62032 0.46936 0.66041 0.46937 0.53982 0.97761 0.57991 0.98597 0.53983 0.98597 0.62003 0.98597 0.57992 0.97759 0.62004 0.97762 0.66017 0.98598 0.62004 0.97762 0.66017 0.97763 0.70033 0.98599 0.66017 0.97763 0.70034 0.97763 0.70034 0.97763 0.7405 0.986 0.70033 0.98599 0.7405 0.986 0.78071 0.97768 0.78071 0.98602 0.78071 0.98602 0.82094 0.9777 0.82093 0.98606 0.82093 0.98606 0.86118 0.97778 0.86117 0.98612 0.86117 0.98612 0.9014 0.97784 0.9014 0.98619 0.9014 0.98619 0.94166 0.97789 0.94166 0.98628 0.94166 0.97789 0.98193 0.98619 0.94166 0.98628 0.05737996 0.9862 0.01730996 0.97782 0.05737996 0.97783 0.05737996 0.97783 0.09749996 0.98609 0.05737996 0.9862 0.09749996 0.97774 0.13766 0.98605 0.09749996 0.98609 0.17786 0.98603 0.1376799 0.97772 0.17787 0.97769 0.21813 0.98601 0.17787 0.97769 0.21813 0.97765 0.25842 0.97766 0.21813 0.98601 0.21813 0.97765 0.25841 0.986 0.2987 0.97764 0.29871 0.98599 0.29871 0.98599 0.33898 0.97761 0.33899 0.98598 0.33899 0.98598 0.3792 0.97762 0.3792 0.98597 0.3792 0.98597 0.41937 0.97761 0.41937 0.98597 0.41937 0.98597 0.45955 0.97759 0.45956 0.98597 0.49973 0.98597 0.45955 0.97759 0.49972 0.97761 0.53983 0.98597 0.49972 0.97761 0.53982 0.97761 0.31283 0.07453 0.27994 0.04813998 0.31398 0.07333999 0.24064 0.03227996 0.27914 0.04961997 0.24023 0.03390997 0.19864 0.02673995 0.24023 0.03390997 0.19866 0.02840995 0.19864 0.02673995 0.15707 0.03353995 0.15661 0.03192996 0.15661 0.03192996 0.11812 0.04903995 0.11728 0.04759997 0.11728 0.04759997 0.08449995 0.07397997 0.08331996 0.07280999 0.08331996 0.07280999 0.05853998 0.10678 0.05709999 0.10596 0.05709999 0.10596 0.04210996 0.14526 0.04051995 0.14483 0.04051995 0.14483 0.03645998 0.18667 0.03480994 0.18667 0.03480994 0.18667 0.04201996 0.2281 0.04041999 0.22853 0.05693 0.26743 0.04201996 0.2281 0.05836999 0.26661 0.08307999 0.30063 0.05836999 0.26661 0.08427 0.29946 0.1170099 0.32587 0.08427 0.29946 0.11786 0.32443 0.15633 0.34158 0.11786 0.32443 0.15678 0.33996 0.19835 0.34679 0.15678 0.33996 0.19837 0.34512 0.19835 0.34679 0.23995 0.33963 0.24036 0.34127 0.24036 0.34127 0.27886 0.32394 0.27967 0.32542 0.27967 0.32542 0.31259 0.29906 0.31374 0.30026 0.31374 0.30026 0.33883 0.26646 0.34023 0.26729 0.34023 0.26729 0.35558 0.22816 0.35714 0.22859 0.35714 0.22859 0.36138 0.1868399 0.36298 0.18685 0.35722 0.14509 0.36138 0.1868399 0.35567 0.14551 0.3404 0.10635 0.35567 0.14551 0.339 0.1071799 0.31398 0.07333999 0.339 0.1071799 0.31283 0.07453 0.41933 0.90539 0.459499 0.900704 0.4595 0.90535 0.37912 0.90542 0.419329 0.900742 0.41933 0.90539 0.379119 0.900771 0.33891 0.90544 0.33891 0.900792 0.33891 0.90544 0.298699 0.900851 0.33891 0.900792 0.2987 0.9055 0.258431 0.900881 0.298699 0.900851 0.218182 0.900892 0.25843 0.90553 0.21818 0.90554 0.218182 0.900892 0.17796 0.90558 0.177963 0.900932 0.13774 0.90561 0.177963 0.900932 0.17796 0.90558 0.1377429 0.900962 0.09757995 0.90562 0.09758198 0.900973 0.05744999 0.90565 0.09758198 0.900973 0.09757995 0.90562 0.01730996 0.90566 0.05745095 0.901002 0.05744999 0.90565 0.94169 0.90568 0.98193 0.901061 0.98193 0.90571 0.90145 0.90568 0.941691 0.901032 0.94169 0.90568 0.90145 0.90568 0.861212 0.901002 0.901451 0.901031 0.821002 0.900943 0.86121 0.90565 0.821 0.90559 0.821 0.90559 0.780801 0.900921 0.821002 0.900943 0.7808 0.90557 0.740602 0.900901 0.780801 0.900921 0.700441 0.900842 0.7406 0.90555 0.70044 0.90549 0.66029 0.90546 0.700441 0.900842 0.70044 0.90549 0.62011 0.90542 0.660291 0.900811 0.66029 0.90546 0.620112 0.900772 0.57998 0.90537 0.579981 0.900724 0.53984 0.90536 0.579981 0.900724 0.57998 0.90537 0.49966 0.90536 0.539839 0.900714 0.53984 0.90536 0.4595 0.90535 0.49966 0.900713 0.49966 0.90536 0.792868 0.03371697 0.80977 0.04534596 0.792297 0.04515099 0.774423 0.04368895 0.792868 0.03371697 0.792297 0.04515099 0.808824 0.156527 0.791732 0.142065 0.808961 0.142758 0.693457 0.140245 0.679662 0.125074 0.694107 0.12733 0.606741 0.03379696 0.626736 0.03456097 0.626565 0.03645497 0.626736 0.03456097 0.645741 0.02304798 0.645314 0.03537696 0.755632 0.04006099 0.776172 0.03198397 0.774423 0.04368895 0.698544 0.03775399 0.680739 0.03590095 0.698519 0.03590196 0.715549 0.02354198 0.698519 0.03590196 0.698202 0.02384996 0.680742 0.02450495 0.698519 0.03590196 0.680739 0.03590095 0.635263 0.148517 0.650288 0.127486 0.651009 0.140479 0.679493 0.137688 0.665132 0.124669 0.679662 0.125074 0.842438 0.02936995 0.827648 0.04425799 0.826064 0.03258597 0.708728 0.147216 0.728207 0.145099 0.727069 0.161015 0.693457 0.140245 0.709758 0.133346 0.708728 0.147216 0.826033 0.1592029 0.808961 0.142758 0.826261 0.144977 0.716697 0.03527599 0.732069 0.02100294 0.73557 0.03271698 0.82787 0.04611295 0.80977 0.04534596 0.827648 0.04425799 0.791662 0.155769 0.774474 0.1444 0.791732 0.142065 0.617351 0.166272 0.634161 0.1344079 0.635263 0.148517 0.680739 0.03590095 0.663491 0.02389895 0.680742 0.02450495 0.774186 0.04556095 0.755632 0.04006099 0.774423 0.04368895 0.716853 0.03712898 0.698519 0.03590196 0.716697 0.03527599 0.792297 0.04515099 0.774186 0.04556095 0.774423 0.04368895 0.792215 0.046893 0.80977 0.04534596 0.809818 0.04715496 0.707953 0.14845 0.727069 0.161015 0.725966 0.1623769 0.6654 0.137222 0.650288 0.127486 0.665132 0.124669 0.618841 0.167703 0.635263 0.148517 0.63621 0.149746 0.755794 0.1648499 0.774474 0.1444 0.774529 0.158629 0.679374 0.138755 0.693457 0.140245 0.69312 0.141309 0.69312 0.141309 0.686481 0.155995 0.679374 0.138755 0.66552 0.138356 0.651009 0.140479 0.6654 0.137222 0.66327 0.03747099 0.645314 0.03537696 0.663287 0.03570699 0.627988 0.02254599 0.607283 0.03186297 0.610976 0.01980698 0.808702 0.157877 0.791662 0.155769 0.808824 0.156527 0.809401 0.03416395 0.827648 0.04425799 0.80977 0.04534596 0.716697 0.03527599 0.736096 0.03466099 0.716853 0.03712898 0.63621 0.149746 0.651009 0.140479 0.651412 0.141573 0.844778 0.149844 0.826033 0.1592029 0.826261 0.144977 0.808702 0.157877 0.826033 0.1592029 0.825716 0.160507 0.774529 0.158629 0.791758 0.157078 0.774865 0.15994 0.645314 0.03537696 0.626565 0.03645497 0.626736 0.03456097 0.826033 0.1592029 0.843935 0.166745 0.825716 0.160507 0.66552 0.138356 0.679493 0.137688 0.679374 0.138755 0.680721 0.03766596 0.663287 0.03570699 0.680739 0.03590095 0.756324 0.166337 0.774529 0.158629 0.774865 0.15994 0.69312 0.141309 0.708728 0.147216 0.707953 0.14845 0.84642 0.040892 0.82787 0.04611295 0.827648 0.04425799 0.707953 0.14845 0.699525 0.192142 0.686481 0.155995 0.78312 0.180045 0.774865 0.15994 0.791758 0.157078 0.679374 0.138755 0.659474 0.157079 0.66552 0.138356 0.686481 0.155995 0.651247 0.195761 0.659474 0.157079 0.78312 0.180045 0.808702 0.157877 0.818184 0.1795639 0.651412 0.141573 0.659474 0.157079 0.63621 0.149746 0.659474 0.157079 0.618841 0.167703 0.63621 0.149746 0.818184 0.1795639 0.825716 0.160507 0.843935 0.166745 0.645741 0.02304798 0.663287 0.03570699 0.645314 0.03537696 0.791732 0.142065 0.774421 0.125508 0.791825 0.123871 0.808961 0.142758 0.791825 0.123871 0.809119 0.124478 0.826261 0.144977 0.809119 0.124478 0.826579 0.126067 0.845198 0.1293669 0.826261 0.144977 0.826579 0.126067 0.616013 0.14959 0.632711 0.1156769 0.634161 0.1344079 0.634161 0.1344079 0.649325 0.110241 0.650288 0.127486 0.665132 0.124669 0.649325 0.110241 0.664774 0.107997 0.679662 0.125074 0.664774 0.107997 0.67987 0.108364 0.679662 0.125074 0.694952 0.110212 0.694107 0.12733 0.694107 0.12733 0.711117 0.114948 0.709758 0.133346 0.709758 0.133346 0.729701 0.123978 0.728207 0.145099 0.755708 0.149357 0.774421 0.125508 0.774474 0.1444 0.791825 0.123871 0.774351 0.1038269 0.791944 0.102998 0.809119 0.124478 0.791944 0.102998 0.809305 0.103497 0.826579 0.126067 0.809305 0.103497 0.826924 0.10439 0.845691 0.105883 0.826579 0.126067 0.826924 0.10439 0.614248 0.127457 0.63105 0.09419798 0.632711 0.1156769 0.632711 0.1156769 0.648213 0.09044498 0.649325 0.110241 0.664774 0.107997 0.648213 0.09044498 0.664375 0.088862 0.67987 0.108364 0.664375 0.088862 0.680103 0.08919095 0.694952 0.110212 0.680103 0.08919095 0.695931 0.090568 0.694952 0.110212 0.712676 0.093849 0.711117 0.114948 0.711117 0.114948 0.731444 0.099765 0.729701 0.123978 0.755584 0.12883 0.774351 0.1038269 0.774421 0.125508 0.809305 0.103497 0.792033 0.08515399 0.80946 0.08558696 0.826924 0.10439 0.80946 0.08558696 0.827216 0.08585 0.845691 0.105883 0.827216 0.08585 0.846107 0.08579695 0.63105 0.09419798 0.610465 0.08035397 0.629619 0.07583695 0.648213 0.09044498 0.629619 0.07583695 0.647291 0.07352697 0.648213 0.09044498 0.664013 0.07251596 0.664375 0.088862 0.664375 0.088862 0.680287 0.07280796 0.680103 0.08919095 0.680103 0.08919095 0.69675 0.073776 0.695931 0.090568 0.712676 0.093849 0.69675 0.073776 0.714009 0.07579898 0.731444 0.099765 0.714009 0.07579898 0.732912 0.07905799 0.755424 0.105252 0.774295 0.08530497 0.774351 0.1038269 0.774351 0.1038269 0.792033 0.08515399 0.791944 0.102998 0.792033 0.08515399 0.809639 0.06746 0.80946 0.08558696 0.80946 0.08558696 0.827531 0.06713598 0.827216 0.08585 0.846107 0.08579695 0.827531 0.06713598 0.846526 0.06551498 0.629619 0.07583695 0.60872 0.05841696 0.628168 0.05728 0.647291 0.07352697 0.628168 0.05728 0.646327 0.05643498 0.647291 0.07352697 0.663653 0.055996 0.664013 0.07251596 0.664013 0.07251596 0.680494 0.05624997 0.680287 0.07280796 0.69675 0.073776 0.680494 0.05624997 0.697593 0.05678898 0.714009 0.07579898 0.697593 0.05678898 0.715344 0.05757397 0.714009 0.07579898 0.734404 0.05813294 0.732912 0.07905799 0.774295 0.08530497 0.75517 0.06476497 0.77424 0.06656599 0.792033 0.08515399 0.77424 0.06656599 0.792124 0.06713497 0.792124 0.06713497 0.809818 0.04715496 0.809639 0.06746 0.809639 0.06746 0.82787 0.04611295 0.827531 0.06713598 0.846526 0.06551498 0.82787 0.04611295 0.847012 0.04275 0.628168 0.05728 0.606741 0.03379696 0.626565 0.03645497 0.646327 0.05643498 0.626565 0.03645497 0.645274 0.03727197 0.646327 0.05643498 0.66327 0.03747099 0.663653 0.055996 0.680494 0.05624997 0.66327 0.03747099 0.680721 0.03766596 0.697593 0.05678898 0.680721 0.03766596 0.698544 0.03775399 0.715344 0.05757397 0.698544 0.03775399 0.716853 0.03712898 0.734404 0.05813294 0.716853 0.03712898 0.736096 0.03466099 0.77424 0.06656599 0.755026 0.04190695 0.774186 0.04556095 0.77424 0.06656599 0.792215 0.046893 0.792124 0.06713497 0.74073 0.53549 0.70053 0.46937 0.7407 0.46937 0.74073 0.53549 0.7809 0.5355 0.780927 0.585917 0.82107 0.53551 0.780927 0.585917 0.7809 0.5355 0.70057 0.53547 0.660416 0.508355 0.70053 0.46937 0.66042 0.53545 0.62027 0.53544 0.660416 0.508355 0.580091 0.571386 0.62024 0.611 0.58007 0.61099 0.53991 0.61098 0.580091 0.571386 0.58007 0.61099 0.82103 0.84027 0.780843 0.78561 0.821053 0.785642 0.78082 0.84023 0.740653 0.78558 0.780843 0.78561 0.70046 0.84016 0.740653 0.78558 0.74063 0.8402 0.66031 0.84012 0.700482 0.78554 0.70046 0.84016 0.66031 0.84012 0.620162 0.785485 0.660333 0.785507 0.579997 0.78547 0.62014 0.84009 0.57999 0.84006 0.57999 0.84006 0.53983 0.78546 0.579997 0.78547 0.49966 0.84004 0.53983 0.78546 0.53983 0.84005 0.45949 0.84005 0.499653 0.78545 0.49966 0.84004 0.41932 0.84006 0.45949 0.78546 0.45949 0.84005 0.41932 0.84006 0.37911 0.785482 0.419312 0.785462 0.338903 0.785505 0.37911 0.84008 0.33891 0.84011 0.33891 0.84011 0.298683 0.78553 0.338903 0.785505 0.29869 0.84015 0.258447 0.78556 0.298683 0.78553 0.258447 0.78556 0.21821 0.84021 0.218233 0.78559 0.218233 0.78559 0.178 0.84025 0.178023 0.785622 0.13778 0.84028 0.178023 0.785622 0.178 0.84025 0.137818 0.785645 0.09760999 0.8403 0.09763997 0.785665 0.05745995 0.84032 0.09763997 0.785665 0.09760999 0.8403 0.01730996 0.84033 0.05747497 0.785677 0.05745995 0.84032 0.9417 0.84035 0.98193 0.78571 0.98193 0.84036 0.90147 0.84033 0.941715 0.7857 0.9417 0.84035 0.86124 0.84031 0.901485 0.785687 0.90147 0.84033 0.821053 0.785642 0.86124 0.84031 0.82103 0.84027 0.821073 0.752001 0.78085 0.76747 0.78087 0.751971 0.78087 0.751971 0.74066 0.76744 0.74068 0.751944 0.700508 0.751906 0.74066 0.76744 0.70049 0.7674 0.660353 0.751878 0.70049 0.7674 0.66034 0.76737 0.620179 0.751858 0.66034 0.76737 0.62017 0.76735 0.620179 0.751858 0.58 0.76734 0.580011 0.751846 0.580011 0.751846 0.53983 0.76733 0.539843 0.751836 0.539843 0.751836 0.49965 0.76732 0.499661 0.751828 0.499661 0.751828 0.45949 0.76733 0.459492 0.751836 0.459492 0.751836 0.41931 0.76733 0.41931 0.751838 0.37911 0.751856 0.41931 0.76733 0.37911 0.76735 0.338904 0.751878 0.37911 0.76735 0.3389 0.76737 0.298691 0.751898 0.3389 0.76737 0.29868 0.76739 0.258465 0.751926 0.29868 0.76739 0.25845 0.76742 0.258465 0.751926 0.21824 0.76745 0.218258 0.751954 0.218258 0.751954 0.17803 0.76748 0.178052 0.751981 0.178052 0.751981 0.13783 0.7675 0.13785 0.751999 0.13785 0.751999 0.09764999 0.76752 0.09766799 0.752017 0.09766799 0.752017 0.05747997 0.76753 0.05748897 0.752025 0.05748897 0.752025 0.01730996 0.76753 0.01730996 0.752025 0.98193 0.752053 0.94172 0.76755 0.94172 0.752045 0.901494 0.752037 0.94172 0.76755 0.90149 0.76754 0.861271 0.752019 0.90149 0.76754 0.86126 0.76752 0.821073 0.752001 0.86126 0.76752 0.82106 0.7675 0.82112 0.625784 0.78094 0.69666 0.78094 0.625762 0.78094 0.625762 0.74075 0.69664 0.74075 0.625742 0.74075 0.625742 0.70057 0.69661 0.700578 0.62572 0.700578 0.62572 0.6604 0.69659 0.660408 0.6257 0.620235 0.625672 0.6604 0.69659 0.62021 0.69657 0.580067 0.62566 0.62021 0.69657 0.58005 0.69655 0.539907 0.62565 0.58005 0.69655 0.53989 0.69654 0.499708 0.625642 0.53989 0.69654 0.4997 0.69654 0.459517 0.62565 0.4997 0.69654 0.4595 0.69654 0.419335 0.625652 0.4595 0.69654 0.41931 0.69655 0.419335 0.625652 0.37911 0.69656 0.379135 0.62567 0.379135 0.62567 0.33892 0.69659 0.338953 0.625692 0.338953 0.625692 0.29873 0.69661 0.298763 0.62572 0.298763 0.62572 0.25852 0.69663 0.258553 0.62574 0.258553 0.62574 0.21832 0.69665 0.218361 0.62576 0.178163 0.625772 0.21832 0.69665 0.17813 0.69667 0.137953 0.625782 0.17813 0.69667 0.13792 0.69668 0.09774696 0.625784 0.13792 0.69668 0.09772998 0.69669 0.05752795 0.625792 0.09772998 0.69669 0.05751997 0.69669 0.01730996 0.625792 0.05751997 0.69669 0.01730996 0.69669 0.98193 0.625804 0.94172 0.69671 0.94172 0.625804 0.94172 0.625804 0.90151 0.69671 0.901527 0.625795 0.901527 0.625795 0.86131 0.6967 0.861318 0.625794 0.861318 0.625794 0.82112 0.69669 0.82112 0.625784 0.821002 0.900943 0.78082 0.84023 0.82103 0.84027 0.82103 0.84027 0.861212 0.901002 0.821002 0.900943 0.901451 0.901031 0.86124 0.84031 0.90147 0.84033 0.901451 0.901031 0.9417 0.84035 0.941691 0.901032 0.941691 0.901032 0.98193 0.84036 0.98193 0.901061 0.01730996 0.901012 0.05745995 0.84032 0.05745095 0.901002 0.05745095 0.901002 0.09760999 0.8403 0.09758198 0.900973 0.13778 0.84028 0.09758198 0.900973 0.09760999 0.8403 0.1377429 0.900962 0.178 0.84025 0.177963 0.900932 0.21821 0.84021 0.177963 0.900932 0.178 0.84025 0.21821 0.84021 0.258431 0.900881 0.218182 0.900892 0.298699 0.900851 0.25844 0.84018 0.29869 0.84015 0.33891 0.900792 0.29869 0.84015 0.33891 0.84011 0.33891 0.84011 0.379119 0.900771 0.33891 0.900792 0.419329 0.900742 0.37911 0.84008 0.41932 0.84006 0.419329 0.900742 0.45949 0.84005 0.459499 0.900704 0.459499 0.900704 0.49966 0.84004 0.49966 0.900713 0.49966 0.900713 0.53983 0.84005 0.539839 0.900714 0.539839 0.900714 0.57999 0.84006 0.579981 0.900724 0.62014 0.84009 0.579981 0.900724 0.57999 0.84006 0.620112 0.900772 0.66031 0.84012 0.660291 0.900811 0.660291 0.900811 0.70046 0.84016 0.700441 0.900842 0.740602 0.900901 0.70046 0.84016 0.74063 0.8402 0.780801 0.900921 0.74063 0.8402 0.78082 0.84023 0.90138 0.45952 0.941643 0.462819 0.901387 0.462819 0.98193 0.45952 0.941643 0.462819 0.94164 0.45952 0.01730996 0.462819 0.05751997 0.45952 0.05752295 0.462819 0.05752295 0.462819 0.09772998 0.45952 0.09773296 0.462819 0.13796 0.45952 0.09773296 0.462819 0.09772998 0.45952 0.17816 0.45952 0.13796 0.462816 0.13796 0.45952 0.21839 0.462816 0.17816 0.45952 0.21839 0.45952 0.21839 0.45952 0.25857 0.462816 0.21839 0.462816 0.298763 0.462816 0.25857 0.45952 0.29876 0.45952 0.338987 0.462816 0.29876 0.45952 0.33899 0.45952 0.33899 0.45952 0.379153 0.462812 0.338987 0.462816 0.41938 0.462812 0.37915 0.45952 0.41938 0.45952 0.41938 0.462812 0.45961 0.45952 0.459603 0.462812 0.49975 0.45952 0.459603 0.462812 0.45961 0.45952 0.49975 0.462812 0.53994 0.45952 0.539943 0.462812 0.539943 0.462812 0.58018 0.45952 0.580177 0.462812 0.62033 0.45952 0.580177 0.462812 0.58018 0.45952 0.620327 0.462812 0.66041 0.45952 0.66041 0.462816 0.66041 0.462816 0.70052 0.45952 0.700523 0.462816 0.70052 0.45952 0.740693 0.462816 0.700523 0.462816 0.78088 0.462816 0.74069 0.45952 0.78088 0.45952 0.82103 0.462816 0.78088 0.45952 0.82103 0.45952 0.82103 0.45952 0.861183 0.462816 0.82103 0.462816 0.901387 0.462819 0.86118 0.45952 0.90138 0.45952 0.68118 0.3456 0.68119 0.34688 0.66459 0.34488 0.63989 0.31647 0.64119 0.31634 0.64433 0.32849 0.72047 0.25195 0.71915 0.25206 0.71717 0.23759 0.66961 0.28285 0.68067 0.28466 0.68069 0.28732 0.66168 0.21507 0.66128 0.21402 0.69936 0.2134799 0.68119 0.34688 0.68118 0.3456 0.6974 0.3433 0.72043 0.30114 0.70954 0.30669 0.70329 0.3 0.693 0.29609 0.68077 0.29493 0.68069 0.28732 0.80531 0.3224 0.80704 0.31453 0.81633 0.31503 0.64776 0.2269099 0.6438 0.23836 0.64257 0.23803 0.64186 0.25281 0.64181 0.26913 0.64037 0.26902 0.70348 0.32965 0.71044 0.33715 0.6974 0.3433 0.78574 0.26288 0.76359 0.26341 0.76399 0.25359 0.72063 0.28512 0.72186 0.3011 0.72043 0.30114 0.76304 0.23041 0.78472 0.22987 0.78297 0.23423 0.76449 0.33391 0.7769 0.33489 0.77715 0.34499 0.71316 0.2261199 0.71412 0.22545 0.71841 0.23728 0.71044 0.33715 0.71768 0.32774 0.71878 0.32829 0.74759 0.30838 0.74567 0.31624 0.73641 0.31728 0.80468 0.30678 0.81554 0.30072 0.81633 0.31503 0.65855 0.33016 0.66878 0.33435 0.66492 0.34366 0.64119 0.31634 0.63989 0.31647 0.63975 0.3018 0.71119 0.3381 0.69775 0.34451 0.6974 0.3433 0.65174 0.33779 0.64433 0.32849 0.65239 0.32344 0.79941 0.32908 0.80649 0.33678 0.79332 0.3427 0.64054 0.25265 0.64257 0.23803 0.6438 0.23836 0.72192 0.31573 0.71878 0.32829 0.71768 0.32774 0.65174 0.33779 0.65101 0.33874 0.64323 0.32903 0.69897 0.21453 0.69936 0.2134799 0.71412 0.22545 0.72075 0.26835 0.71931 0.26838 0.71915 0.25206 0.72063 0.28512 0.7191 0.28518 0.71931 0.26838 0.64679 0.22624 0.66128 0.21402 0.66168 0.21507 0.64072 0.28579 0.64037 0.26902 0.64181 0.26913 0.70952 0.32281 0.71155 0.31477 0.72063 0.31556 0.70329 0.3 0.693 0.29609 0.69702 0.28689 0.65216 0.30732 0.65025 0.31543 0.64119 0.31634 0.70952 0.32281 0.71768 0.32774 0.71044 0.33715 0.66436 0.28733 0.66857 0.29643 0.65833 0.30053 0.75358 0.30171 0.74759 0.30838 0.7364 0.30299 0.73641 0.31728 0.74567 0.31624 0.74784 0.32397 0.7541 0.33029 0.76449 0.33391 0.76089 0.34356 0.66878 0.33435 0.68107 0.33569 0.68118 0.3456 0.68069 0.28732 0.68077 0.29493 0.66857 0.29643 0.72063 0.31556 0.71155 0.31477 0.70954 0.30669 0.69897 0.21453 0.71316 0.2261199 0.7043 0.2305099 0.71915 0.25206 0.70876 0.25384 0.70798 0.2414399 0.71717 0.23759 0.70798 0.2414399 0.7043 0.2305099 0.79521 0.2768 0.80035 0.26655 0.81329 0.26842 0.73645 0.25453 0.73766 0.24016 0.74722 0.24354 0.74278 0.28785 0.73732 0.28719 0.73685 0.27062 0.80129 0.24207 0.81065 0.23814 0.81274 0.25236 0.64224 0.28592 0.64119 0.3019 0.63975 0.3018 0.81329 0.26842 0.80035 0.26655 0.80222 0.25432 0.73685 0.27062 0.73645 0.25453 0.74705 0.25588 0.69897 0.21453 0.69317 0.22479 0.66772 0.2251999 0.70097 0.27641 0.7066 0.26618 0.71931 0.26838 0.77552 0.28547 0.7758 0.29587 0.76366 0.29751 0.79757 0.2316 0.78659 0.2258599 0.79236 0.21523 0.65672 0.23123 0.65302 0.24216 0.6438 0.23836 0.81065 0.23814 0.80129 0.24207 0.79757 0.2316 0.75031 0.23283 0.74722 0.24354 0.73766 0.24016 0.66024 0.27693 0.64779 0.28669 0.64224 0.28592 0.78252 0.24739 0.76608 0.24779 0.76725 0.24268 0.69702 0.28689 0.69168 0.28253 0.70097 0.27641 0.78633 0.28313 0.78803 0.29683 0.7758 0.29587 0.64186 0.25281 0.65226 0.25454 0.65449 0.26682 0.7066 0.26618 0.70876 0.25384 0.71915 0.25206 0.75031 0.23283 0.74098 0.22857 0.75467 0.21619 0.66168 0.21507 0.66772 0.2251999 0.65672 0.23123 0.81554 0.30072 0.80468 0.30678 0.79832 0.30044 0.79832 0.30044 0.78803 0.29683 0.78633 0.28313 0.77715 0.34499 0.7769 0.33489 0.78924 0.33326 0.74744 0.33837 0.73969 0.32934 0.74784 0.32397 0.65239 0.32344 0.64433 0.32849 0.64119 0.31634 0.80531 0.3224 0.81373 0.3273 0.80649 0.33678 0.65833 0.30053 0.65216 0.30732 0.64119 0.3019 0.68118 0.3456 0.68107 0.33569 0.69333 0.33406 0.66183 0.27526 0.67041 0.28066 0.66961 0.28285 0.70307 0.2322199 0.70014 0.23215 0.69949 0.2301 0.69949 0.2301 0.70014 0.23215 0.69775 0.23427 0.70638 0.25371 0.70876 0.25384 0.7066 0.26618 0.69984 0.26103 0.70256 0.26141 0.6993 0.26909 0.70256 0.26141 0.69984 0.26103 0.69886 0.25185 0.7014 0.25109 0.69886 0.25185 0.69519 0.24616 0.65542 0.24259 0.65302 0.24216 0.65672 0.23123 0.7044 0.26537 0.7066 0.26618 0.70097 0.27641 0.68065 0.28231 0.69083 0.28036 0.69168 0.28253 0.68067 0.28466 0.66961 0.28285 0.67041 0.28066 0.65464 0.25429 0.65226 0.25454 0.65302 0.24216 0.67038 0.26167 0.67071 0.25206 0.69129 0.25163 0.6727 0.2463099 0.67383 0.2412199 0.68766 0.24096 0.6664 0.24147 0.66345 0.23492 0.66518 0.23355 0.66934 0.33209 0.68104 0.33335 0.68107 0.33569 0.6542 0.30834 0.65216 0.30732 0.65833 0.30053 0.70348 0.32965 0.70213 0.32779 0.7075 0.32176 0.69333 0.33406 0.68107 0.33569 0.68104 0.33335 0.65984 0.32827 0.66934 0.33209 0.66878 0.33435 0.66857 0.29643 0.66919 0.29871 0.6597 0.3024 0.65239 0.32344 0.65025 0.31543 0.65252 0.31536 0.70198 0.30191 0.70329 0.3 0.70954 0.30669 0.69333 0.33406 0.69271 0.33181 0.70213 0.32779 0.71155 0.31477 0.70928 0.31479 0.70755 0.30779 0.69243 0.29839 0.68079 0.29731 0.68077 0.29493 0.70198 0.30191 0.69243 0.29839 0.693 0.29609 0.70928 0.31479 0.71155 0.31477 0.70952 0.32281 0.65855 0.33016 0.65239 0.32344 0.65437 0.32232 0.6542 0.30834 0.65252 0.31536 0.65025 0.31543 0.78111 0.24234 0.76725 0.24268 0.765 0.23467 0.76097 0.2265 0.78659 0.2258599 0.78472 0.22987 0.69784 0.26775 0.6993 0.26909 0.69251 0.27277 0.765 0.23467 0.76725 0.24268 0.76208 0.2427999 0.75476 0.23273 0.75031 0.23283 0.76097 0.2265 0.76304 0.23041 0.765 0.23467 0.75826 0.23536 0.69282 0.2409099 0.69507 0.2409 0.69756 0.24505 0.78659 0.2258599 0.76097 0.2265 0.75467 0.21619 0.66978 0.22896 0.66772 0.2251999 0.69317 0.22479 0.69317 0.22479 0.7043 0.2305099 0.69949 0.2301 0.69597 0.2329699 0.68944 0.23287 0.69122 0.22859 0.69282 0.2409099 0.68766 0.24096 0.68944 0.23287 0.6635 0.26987 0.6599 0.26234 0.6626 0.26184 0.66414 0.24575 0.6664 0.24147 0.66867 0.24139 0.67045 0.27325 0.6635 0.26987 0.66489 0.26846 0.69183 0.26996 0.69251 0.27277 0.67045 0.27325 0.7043 0.2305099 0.70798 0.2414399 0.70559 0.24195 0.67099 0.27041 0.67038 0.26167 0.69205 0.26121 0.75996 0.24792 0.76608 0.24779 0.76399 0.25359 0.76208 0.2427999 0.76725 0.24268 0.76608 0.24779 0.65798 0.23294 0.65672 0.23123 0.66156 0.23077 0.78488 0.25309 0.76399 0.25359 0.76608 0.24779 0.69282 0.2409099 0.69519 0.24616 0.68903 0.24598 0.69519 0.24616 0.69886 0.25185 0.69129 0.25163 0.67172 0.23319 0.66978 0.22896 0.69122 0.22859 0.66345 0.23492 0.66095 0.23285 0.66156 0.23077 0.70638 0.25371 0.70559 0.24195 0.70798 0.2414399 0.69597 0.2329699 0.69775 0.23427 0.69507 0.2409 0.65464 0.25429 0.65664 0.26588 0.65449 0.26682 0.67383 0.2412199 0.67172 0.23319 0.68944 0.23287 0.69886 0.25185 0.69984 0.26103 0.69205 0.26121 0.69784 0.26775 0.69183 0.26996 0.69205 0.26121 0.69129 0.25163 0.67071 0.25206 0.6727 0.2463099 0.66316 0.25262 0.6626 0.26184 0.6599 0.26234 0.78574 0.26288 0.78557 0.2719 0.7642 0.27241 0.7577 0.27049 0.75552 0.26341 0.76359 0.26341 0.75622 0.25377 0.76399 0.25359 0.76359 0.26341 0.68069 0.28732 0.68067 0.28466 0.69168 0.28253 0.64186 0.25281 0.6438 0.23836 0.65302 0.24216 0.78659 0.2258599 0.79757 0.2316 0.79311 0.23177 0.78974 0.2345899 0.78297 0.23423 0.78472 0.22987 0.78628 0.24221 0.78111 0.24234 0.78297 0.23423 0.78628 0.24221 0.78864 0.2472299 0.78252 0.24739 0.78864 0.2472299 0.79265 0.2529 0.78488 0.25309 0.79265 0.2529 0.7938 0.2625 0.78574 0.26288 0.79197 0.26967 0.78557 0.2719 0.78574 0.26288 0.66024 0.27693 0.65449 0.26682 0.65664 0.26588 0.70097 0.27641 0.69168 0.28253 0.69083 0.28036 0.66656 0.2467499 0.66316 0.25262 0.66059 0.25198 0.66489 0.26846 0.6626 0.26184 0.67038 0.26167 0.66316 0.25262 0.67071 0.25206 0.67038 0.26167 0.66656 0.2467499 0.6727 0.2463099 0.67071 0.25206 0.66867 0.24139 0.67383 0.2412199 0.6727 0.2463099 0.66867 0.24139 0.66518 0.23355 0.67172 0.23319 0.66156 0.23077 0.65672 0.23123 0.66772 0.2251999 0.66978 0.22896 0.67172 0.23319 0.66518 0.23355 0.66024 0.27693 0.66961 0.28285 0.66436 0.28733 0.7646 0.28377 0.76366 0.29751 0.75358 0.30171 0.72063 0.31556 0.72043 0.30114 0.72186 0.3011 0.68077 0.29493 0.68079 0.29731 0.66919 0.29871 0.66492 0.34366 0.66459 0.34488 0.65101 0.33874 0.23225 0.24152 0.2185 0.2323099 0.22008 0.23116 0.23269 0.1306599 0.23316 0.13313 0.22235 0.1368899 0.25468 0.24557 0.23225 0.24152 0.23306 0.23927 0.25513 0.12884 0.25489 0.1313599 0.23316 0.13313 0.27741 0.24096 0.25468 0.24557 0.25465 0.24308 0.2935 0.2256 0.27741 0.24096 0.2763 0.23881 0.30323 0.2044399 0.2935 0.2256 0.29153 0.2242 0.30496 0.18743 0.30323 0.2044399 0.30092 0.20375 0.30496 0.18743 0.30256 0.18751 0.29991 0.17031 0.30217 0.16947 0.29991 0.17031 0.28882 0.15027 0.29071 0.14875 0.28882 0.15027 0.27327 0.13681 0.27446 0.13466 0.27327 0.13681 0.25489 0.1313599 0.21984 0.22996 0.22614 0.21852 0.22838 0.21926 0.2185 0.2323099 0.21984 0.22996 0.22177 0.23098 0.23317 0.2018 0.23531 0.20224 0.22838 0.21926 0.23712 0.1858299 0.23924 0.1859599 0.23531 0.20224 0.23712 0.1858299 0.23412 0.1686699 0.23633 0.16818 0.23412 0.1686699 0.22931 0.15308 0.23135 0.15219 0.21935 0.13592 0.22235 0.1368899 0.22235 0.13741 0.22073 0.13809 0.22235 0.13741 0.23135 0.15219 0.2372699 0.41346 0.2009699 0.41351 0.2009699 0.38948 0.98193 0.97786 0.94166 0.97789 0.94168 0.93418 0.1376799 0.97772 0.09749996 0.97774 0.09754997 0.9341 0.21813 0.97765 0.17787 0.97769 0.17792 0.93408 0.21812 0.98637 0.17787 0.98637 0.17786 0.98603 0.09749996 0.98609 0.13766 0.98605 0.13766 0.98637 0.13766 0.98605 0.17786 0.98603 0.17787 0.98637 0.17787 0.97769 0.1376799 0.97772 0.13771 0.93411 0.09749996 0.97774 0.05737996 0.97783 0.05742996 0.93417 0.05737996 0.9862 0.09749996 0.98609 0.09748995 0.98637 0.94166 0.98628 0.98193 0.98619 0.98193 0.98637 0.01730996 0.98617 0.05737996 0.9862 0.05737996 0.98637 0.05737996 0.97783 0.01730996 0.97782 0.01730996 0.93417 0.21816 0.93401 0.17792 0.93408 0.17794 0.92282 0.13772 0.92286 0.17794 0.92282 0.17792 0.93408 0.09755998 0.92285 0.13772 0.92286 0.13771 0.93411 0.05743998 0.92291 0.09755998 0.92285 0.09754997 0.9341 0.01730996 0.92291 0.05743998 0.92291 0.05742996 0.93417 0.94168 0.92292 0.98193 0.92297 0.98193 0.93423 0.74057 0.93406 0.74052 0.97766 0.70034 0.97763 0.86119 0.93416 0.86118 0.97778 0.82094 0.9777 0.9014 0.97784 0.90144 0.9342 0.94168 0.93418 0.9014 0.98637 0.9014 0.98619 0.94166 0.98628 0.82093 0.98637 0.82093 0.98606 0.86117 0.98612 0.86117 0.98637 0.86117 0.98612 0.9014 0.98619 0.86118 0.97778 0.86119 0.93416 0.90144 0.9342 0.78071 0.97768 0.78078 0.93408 0.82098 0.93407 0.78071 0.98637 0.78071 0.98602 0.82093 0.98606 0.70033 0.98599 0.7405 0.986 0.74051 0.98637 0.74051 0.98637 0.7405 0.986 0.78071 0.98602 0.74052 0.97766 0.74057 0.93406 0.78078 0.93408 0.90144 0.9342 0.90144 0.92294 0.94168 0.92292 0.86119 0.93416 0.86119 0.9229 0.90144 0.92294 0.86119 0.9229 0.86119 0.93416 0.82098 0.93407 0.78078 0.93408 0.78079 0.92282 0.82099 0.92282 0.74057 0.93406 0.74058 0.9228 0.78079 0.92282 0.74058 0.9228 0.74057 0.93406 0.70039 0.93398 0.49972 0.97761 0.45955 0.97759 0.45951 0.93386 0.62004 0.97762 0.57992 0.97759 0.57995 0.93387 0.70034 0.97763 0.66017 0.97763 0.66023 0.93399 0.66017 0.98598 0.70033 0.98599 0.70033 0.98637 0.57991 0.98597 0.62003 0.98597 0.62003 0.98637 0.62003 0.98597 0.66017 0.98598 0.66017 0.98637 0.66017 0.97763 0.62004 0.97762 0.62007 0.93395 0.57992 0.97759 0.53982 0.97761 0.53983 0.93391 0.53983 0.98597 0.57991 0.98597 0.57991 0.98637 0.45956 0.98597 0.49973 0.98597 0.49973 0.98637 0.49973 0.98597 0.53983 0.98597 0.53983 0.98637 0.53982 0.97761 0.49972 0.97761 0.49968 0.9339 0.70039 0.93398 0.66023 0.93399 0.66026 0.92272 0.62009 0.92268 0.66026 0.92272 0.66023 0.93399 0.57996 0.92261 0.62009 0.92268 0.62007 0.93395 0.53984 0.92263 0.57996 0.92261 0.57995 0.93387 0.49967 0.92263 0.53984 0.92263 0.53983 0.93391 0.45951 0.92259 0.49967 0.92263 0.49968 0.9339 0.25842 0.93405 0.25842 0.97766 0.21813 0.97765 0.37915 0.93395 0.3792 0.97762 0.33898 0.97761 0.41937 0.97761 0.41934 0.93392 0.45951 0.93386 0.41937 0.98637 0.41937 0.98597 0.45956 0.98597 0.33899 0.98637 0.33899 0.98598 0.3792 0.98597 0.3792 0.98637 0.3792 0.98597 0.41937 0.98597 0.3792 0.97762 0.37915 0.93395 0.41934 0.93392 0.2987 0.97764 0.2987 0.93402 0.33894 0.93394 0.29871 0.98637 0.29871 0.98599 0.33899 0.98598 0.25841 0.986 0.2584 0.98637 0.21812 0.98637 0.2584 0.98637 0.25841 0.986 0.29871 0.98599 0.25842 0.97766 0.25842 0.93405 0.2987 0.93402 0.41934 0.93392 0.41934 0.92265 0.45951 0.92259 0.37915 0.93395 0.37914 0.92268 0.41934 0.92265 0.33894 0.93394 0.33893 0.92268 0.37914 0.92268 0.2987 0.93402 0.2987 0.92276 0.33893 0.92268 0.25842 0.93405 0.25842 0.92279 0.2987 0.92276 0.25842 0.92279 0.25842 0.93405 0.21816 0.93401 0.6746 0.41346 0.6381 0.41352 0.63811 0.38949 0.89336 0.39037 0.89336 0.415 0.85694 0.41392 0.13772 0.91459 0.09757 0.91458 0.09757995 0.90562 0.21817 0.9145 0.17795 0.91455 0.17796 0.90558 0.17795 0.91455 0.13772 0.91459 0.13774 0.90561 0.94169 0.90568 0.98193 0.90571 0.98193 0.91469 0.09757 0.91458 0.05743998 0.91463 0.05744999 0.90565 0.05743998 0.91463 0.01730996 0.91464 0.01730996 0.90566 0.12811 0.38942 0.12811 0.41345 0.09166997 0.41344 0.12809 0.43501 0.12806 0.44663 0.09166997 0.44663 0.20101 0.44663 0.16465 0.44663 0.16462 0.43503 0.21839 0.46937 0.17817 0.46937 0.178163 0.462816 0.16462 0.43503 0.16465 0.44663 0.12806 0.44663 0.13796 0.462816 0.178163 0.462816 0.17817 0.46937 0.13796 0.462816 0.13796 0.46937 0.09773999 0.46938 0.2009699 0.41351 0.1646 0.41344 0.16458 0.38944 0.201 0.43507 0.16462 0.43503 0.1646 0.41344 0.16458 0.38944 0.1646 0.41344 0.12811 0.41345 0.1646 0.41344 0.16462 0.43503 0.12809 0.43501 0.12811 0.41345 0.12809 0.43501 0.09166997 0.43506 0.89336 0.43588 0.89336 0.44663 0.85691 0.44663 0.05518996 0.44663 0.05516999 0.4349 0.09166997 0.43506 0.05752998 0.46938 0.05752295 0.462819 0.09773296 0.462819 0.01863998 0.44663 0.01863998 0.43429 0.05516999 0.4349 0.01730996 0.46938 0.01730996 0.462819 0.05752295 0.462819 0.98193 0.462819 0.98193 0.46938 0.94165 0.46938 0.09165996 0.38947 0.09166997 0.41344 0.05515998 0.41325 0.09166997 0.41344 0.09166997 0.43506 0.05516999 0.4349 0.05513995 0.38932 0.05515998 0.41325 0.01863998 0.41244 0.05515998 0.41325 0.05516999 0.4349 0.01863998 0.43429 0.89336 0.415 0.89336 0.43588 0.85692 0.43524 0.86121 0.90565 0.8612 0.91463 0.82099 0.91455 0.90145 0.91466 0.90145 0.90568 0.94169 0.90568 0.8612 0.91463 0.86121 0.90565 0.90145 0.90568 0.70042 0.91446 0.70044 0.90549 0.7406 0.90555 0.7808 0.91455 0.7808 0.90557 0.821 0.90559 0.74059 0.91452 0.7406 0.90555 0.7808 0.90557 0.78404 0.41349 0.74762 0.41349 0.74767 0.3895 0.74756 0.43508 0.78405 0.43501 0.78404 0.44663 0.82055 0.44663 0.82053 0.4351 0.85692 0.43524 0.901387 0.462819 0.941643 0.462819 0.94165 0.46938 0.82055 0.44663 0.78404 0.44663 0.78405 0.43501 0.861183 0.462816 0.901387 0.462819 0.9014 0.46938 0.861183 0.462816 0.86119 0.46937 0.82103 0.46937 0.85695 0.38967 0.85694 0.41392 0.82051 0.41351 0.85694 0.41392 0.85692 0.43524 0.82053 0.4351 0.82049 0.38951 0.82051 0.41351 0.78404 0.41349 0.78404 0.41349 0.82051 0.41351 0.82053 0.4351 0.74762 0.41349 0.78404 0.41349 0.78405 0.43501 0.6381 0.43508 0.6746 0.43503 0.6746 0.44663 0.74754 0.44663 0.7112 0.44663 0.71116 0.43503 0.78088 0.46937 0.78088 0.462816 0.82103 0.462816 0.7112 0.44663 0.6746 0.44663 0.6746 0.43503 0.740693 0.462816 0.78088 0.462816 0.78088 0.46937 0.700523 0.462816 0.740693 0.462816 0.7407 0.46937 0.74762 0.41349 0.7111 0.41346 0.71108 0.38944 0.7111 0.41346 0.74762 0.41349 0.74756 0.43508 0.7111 0.41346 0.6746 0.41346 0.67461 0.38945 0.6746 0.41346 0.7111 0.41346 0.71116 0.43503 0.6381 0.41352 0.6746 0.41346 0.6746 0.43503 0.45529 0.41349 0.41874 0.41354 0.41874 0.38951 0.62011 0.90542 0.6201 0.9144 0.57997 0.91433 0.66027 0.91445 0.66029 0.90546 0.70044 0.90549 0.4595 0.90535 0.49966 0.90536 0.49967 0.91433 0.57997 0.91433 0.53984 0.91435 0.53984 0.90536 0.53984 0.91435 0.49967 0.91433 0.49966 0.90536 0.56504 0.38946 0.56502 0.41348 0.52848 0.41354 0.56502 0.43504 0.565 0.44663 0.52849 0.44663 0.60162 0.44663 0.60159 0.43504 0.6381 0.43508 0.66041 0.46937 0.66041 0.462816 0.700523 0.462816 0.565 0.44663 0.56502 0.43504 0.60159 0.43504 0.62032 0.46936 0.620327 0.462812 0.66041 0.462816 0.620327 0.462812 0.62032 0.46936 0.58017 0.46936 0.63811 0.38949 0.6381 0.41352 0.60158 0.41347 0.6381 0.41352 0.6381 0.43508 0.60159 0.43504 0.60157 0.38946 0.60158 0.41347 0.56502 0.41348 0.60158 0.41347 0.60159 0.43504 0.56502 0.43504 0.56502 0.41348 0.56502 0.43504 0.52847 0.43509 0.41872 0.43509 0.45526 0.43505 0.45525 0.44663 0.49193 0.44663 0.49192 0.43505 0.52847 0.43509 0.53995 0.46936 0.539943 0.462812 0.580177 0.462812 0.45525 0.44663 0.45526 0.43505 0.49192 0.43505 0.49975 0.462812 0.539943 0.462812 0.53995 0.46936 0.459603 0.462812 0.49975 0.462812 0.49975 0.46936 0.52847 0.3895 0.52848 0.41354 0.49189 0.41349 0.52848 0.41354 0.52847 0.43509 0.49192 0.43505 0.49189 0.38946 0.49189 0.41349 0.45529 0.41349 0.49189 0.41349 0.49192 0.43505 0.45526 0.43505 0.41874 0.41354 0.45529 0.41349 0.45526 0.43505 0.37912 0.90542 0.37912 0.91439 0.33893 0.91441 0.4595 0.91432 0.41933 0.91436 0.41933 0.90539 0.37912 0.91439 0.37912 0.90542 0.41933 0.90539 0.25843 0.90553 0.25842 0.91451 0.21817 0.9145 0.2987 0.91448 0.2987 0.9055 0.33891 0.90544 0.25842 0.91451 0.25843 0.90553 0.2987 0.9055 0.34604 0.41348 0.30987 0.41353 0.30986 0.3895 0.30987 0.43508 0.34601 0.43504 0.34598 0.44663 0.41871 0.44663 0.3823 0.44663 0.38231 0.43504 0.41938 0.46936 0.41938 0.462812 0.459603 0.462812 0.3823 0.44663 0.34598 0.44663 0.34601 0.43504 0.379153 0.462812 0.41938 0.462812 0.41938 0.46936 0.338987 0.462816 0.379153 0.462812 0.37916 0.46936 0.41874 0.41354 0.38231 0.41349 0.3823 0.38946 0.38231 0.41349 0.41874 0.41354 0.41872 0.43509 0.38231 0.41349 0.34604 0.41348 0.34604 0.38946 0.34604 0.41348 0.38231 0.41349 0.38231 0.43504 0.30987 0.41353 0.34604 0.41348 0.34601 0.43504 0.201 0.43507 0.23723 0.43504 0.23721 0.44663 0.30989 0.44663 0.27367 0.44663 0.27366 0.43504 0.298763 0.462816 0.338987 0.462816 0.33898 0.46937 0.27367 0.44663 0.23721 0.44663 0.23723 0.43504 0.25857 0.462816 0.298763 0.462816 0.29877 0.46937 0.21839 0.462816 0.25857 0.462816 0.25857 0.46937 0.30987 0.41353 0.27361 0.41347 0.27361 0.38945 0.27361 0.41347 0.30987 0.41353 0.30987 0.43508 0.27361 0.41347 0.2372699 0.41346 0.23729 0.38945 0.2372699 0.41346 0.27361 0.41347 0.27366 0.43504 0.2009699 0.41351 0.2372699 0.41346 0.23723 0.43504 0.09371995 0.2044 0.09002995 0.18668 0.14277 0.18676 0.12137 0.14006 0.14379 0.1328999 0.14399 0.15002 0.51387 0.30073 0.49773 0.24049 0.54182 0.2846 0.4816 0.18025 0.49773 0.24049 0.45365 0.19638 0.45365 0.19638 0.49773 0.24049 0.43744 0.2243199 0.43744 0.2243199 0.49773 0.24049 0.43749 0.25662 0.43749 0.25662 0.49773 0.24049 0.45362 0.28458 0.45362 0.28458 0.49773 0.24049 0.48156 0.30078 0.48156 0.30078 0.49773 0.24049 0.51387 0.30073 0.54182 0.2846 0.49773 0.24049 0.55802 0.25666 0.55802 0.25666 0.49773 0.24049 0.55798 0.22436 0.55798 0.22436 0.49773 0.24049 0.54184 0.1964 0.54184 0.1964 0.49773 0.24049 0.5139 0.1802 0.5139 0.1802 0.49773 0.24049 0.4816 0.18025 0.09082996 0.08037996 0.08449995 0.07397997 0.11812 0.04903995 0.12262 0.05690997 0.11812 0.04903995 0.15707 0.03353995 0.15942 0.04232996 0.15707 0.03353995 0.19866 0.02840995 0.19866 0.02840995 0.24023 0.03390997 0.23796 0.04275 0.24023 0.03390997 0.27914 0.04961997 0.27473 0.05756998 0.27914 0.04961997 0.31283 0.07453 0.30664 0.08098995 0.31283 0.07453 0.339 0.1071799 0.33149 0.11168 0.339 0.1071799 0.35567 0.14551 0.34742 0.14777 0.35567 0.14551 0.36138 0.1868399 0.35295 0.1868399 0.35558 0.22816 0.34735 0.2258999 0.35295 0.1868399 0.34735 0.2258999 0.35558 0.22816 0.33883 0.26646 0.33131 0.26194 0.33883 0.26646 0.31259 0.29906 0.3064 0.29258 0.31259 0.29906 0.27886 0.32394 0.27446 0.31598 0.27886 0.32394 0.23995 0.33963 0.23768 0.33079 0.23995 0.33963 0.19837 0.34512 0.15914 0.33118 0.19842 0.33601 0.19837 0.34512 0.15678 0.33996 0.11786 0.32443 0.12236 0.31658 0.09059995 0.29307 0.12236 0.31658 0.11786 0.32443 0.06612998 0.26209 0.09059995 0.29307 0.08427 0.29946 0.05836999 0.26661 0.04201996 0.2281 0.05066996 0.2257699 0.04538995 0.18668 0.05066996 0.2257699 0.04201996 0.2281 0.04210996 0.14526 0.05075997 0.1475999 0.04538995 0.18668 0.05075997 0.1475999 0.04210996 0.14526 0.05853998 0.10678 0.06629997 0.11131 0.05853998 0.10678 0.08449995 0.07397997 0.09082996 0.08037996 0.12262 0.05690997 0.12426 0.05971997 0.11728 0.04759997 0.08331996 0.07280999 0.08284997 0.07232999 0.12426 0.05971997 0.12262 0.05690997 0.15942 0.04232996 0.15661 0.03192996 0.11728 0.04759997 0.11695 0.04701 0.16026 0.04543995 0.15942 0.04232996 0.1987 0.03750997 0.19864 0.02673995 0.15661 0.03192996 0.15644 0.03126996 0.19873 0.04072999 0.1987 0.03750997 0.23796 0.04275 0.24064 0.03227996 0.19864 0.02673995 0.19864 0.02605998 0.23796 0.04275 0.27473 0.05756998 0.27313 0.06040996 0.27994 0.04813998 0.24064 0.03227996 0.24082 0.03161996 0.27473 0.05756998 0.30664 0.08098995 0.30425 0.08344995 0.31398 0.07333999 0.27994 0.04813998 0.28026 0.04753994 0.30664 0.08098995 0.33149 0.11168 0.3284 0.11354 0.3404 0.10635 0.31398 0.07333999 0.31442 0.07283997 0.33149 0.11168 0.34742 0.14777 0.34391 0.1487399 0.35722 0.14509 0.3404 0.10635 0.34095 0.10599 0.34742 0.14777 0.35295 0.1868399 0.34934 0.18683 0.36298 0.18685 0.35722 0.14509 0.35783 0.14489 0.35714 0.22859 0.36298 0.18685 0.36361 0.18685 0.35295 0.1868399 0.34735 0.2258999 0.34384 0.22491 0.34735 0.2258999 0.33131 0.26194 0.32824 0.26008 0.34077 0.26766 0.34023 0.26729 0.35714 0.22859 0.33131 0.26194 0.3064 0.29258 0.30403 0.29012 0.31418 0.30076 0.31374 0.30026 0.34023 0.26729 0.30403 0.29012 0.3064 0.29258 0.27446 0.31598 0.27999 0.32602 0.27967 0.32542 0.31374 0.30026 0.27287 0.31314 0.27446 0.31598 0.23768 0.33079 0.24053 0.34193 0.24036 0.34127 0.27967 0.32542 0.23689 0.32768 0.23768 0.33079 0.19842 0.33601 0.19835 0.34679 0.24036 0.34127 0.24053 0.34193 0.15633 0.34158 0.19835 0.34679 0.19835 0.34747 0.19845 0.3328 0.19842 0.33601 0.15914 0.33118 0.15999 0.32807 0.15914 0.33118 0.12236 0.31658 0.1170099 0.32587 0.15633 0.34158 0.15615 0.34223 0.08307999 0.30063 0.1170099 0.32587 0.11669 0.32646 0.124 0.31376 0.12236 0.31658 0.09059995 0.29307 0.05693 0.26743 0.08307999 0.30063 0.08261996 0.30111 0.09293997 0.29074 0.09059995 0.29307 0.06612998 0.26209 0.069 0.26042 0.06612998 0.26209 0.05066996 0.2257699 0.04041999 0.22853 0.05693 0.26743 0.05634999 0.26777 0.03413999 0.18667 0.03480994 0.18667 0.04041999 0.22853 0.05066996 0.2257699 0.04538995 0.18668 0.04874998 0.18668 0.03986996 0.14465 0.04051995 0.14483 0.03480994 0.18667 0.04538995 0.18668 0.05075997 0.1475999 0.05398994 0.14847 0.05075997 0.1475999 0.06629997 0.11131 0.06916999 0.11298 0.05651998 0.10562 0.05709999 0.10596 0.04051995 0.14483 0.06629997 0.11131 0.09082996 0.08037996 0.09315997 0.08270996 0.08284997 0.07232999 0.08331996 0.07280999 0.05709999 0.10596 0.15999 0.32807 0.16403 0.31301 0.19853 0.31718 0.23717 0.04585999 0.23327 0.06099998 0.1988 0.05634999 0.1988 0.05634999 0.1643 0.06050997 0.16026 0.04543995 0.1643 0.06050997 0.1320199 0.07324999 0.12426 0.05971997 0.1320199 0.07324999 0.1041 0.09375 0.09315997 0.08270996 0.1041 0.09375 0.08256995 0.1208 0.06916999 0.11298 0.08256995 0.1208 0.06893998 0.15252 0.05398994 0.14847 0.06893998 0.15252 0.06422996 0.18669 0.04874998 0.18668 0.04874998 0.18668 0.06422996 0.18669 0.06885999 0.22087 0.0539 0.2249 0.06885999 0.22087 0.08240997 0.25262 0.069 0.26042 0.08240997 0.25262 0.10389 0.27971 0.09293997 0.29074 0.10389 0.27971 0.13176 0.30025 0.124 0.31376 0.13176 0.30025 0.16403 0.31301 0.19853 0.31718 0.233 0.31254 0.23689 0.32768 0.233 0.31254 0.26527 0.29953 0.27287 0.31314 0.26527 0.29953 0.29331 0.27903 0.30403 0.29012 0.29331 0.27903 0.31521 0.25226 0.32824 0.26008 0.31521 0.25226 0.32954 0.22078 0.34384 0.22491 0.32954 0.22078 0.33464 0.18682 0.34934 0.18683 0.33464 0.18682 0.32959 0.15285 0.34391 0.1487399 0.34391 0.1487399 0.32959 0.15285 0.31538 0.12133 0.3284 0.11354 0.31538 0.12133 0.29353 0.09451997 0.30425 0.08344995 0.29353 0.09451997 0.26552 0.07400995 0.27313 0.06040996 0.26552 0.07400995 0.23327 0.06099998 0.16403 0.31301 0.1651 0.30935 0.19862 0.31338 0.23327 0.06099998 0.23238 0.0647 0.19889 0.06015998 0.1988 0.05634999 0.19889 0.06015998 0.16536 0.06417 0.16536 0.06417 0.13399 0.07650995 0.1320199 0.07324999 0.13399 0.07650995 0.10683 0.09639996 0.1041 0.09375 0.10683 0.09639996 0.08587998 0.12267 0.08256995 0.1208 0.08587998 0.12267 0.07261997 0.15349 0.06893998 0.15252 0.07261997 0.15349 0.06803995 0.18669 0.06422996 0.18669 0.06803995 0.18669 0.07253998 0.21991 0.06885999 0.22087 0.06885999 0.22087 0.07253998 0.21991 0.08572 0.25075 0.08240997 0.25262 0.08572 0.25075 0.10662 0.27706 0.10389 0.27971 0.10662 0.27706 0.1337299 0.29699 0.13176 0.30025 0.1337299 0.29699 0.1651 0.30935 0.19853 0.31718 0.19862 0.31338 0.23212 0.30884 0.233 0.31254 0.23212 0.30884 0.26346 0.2962 0.26346 0.2962 0.29074 0.27632 0.29331 0.27903 0.29074 0.27632 0.31228 0.25048 0.31521 0.25226 0.31228 0.25048 0.32626 0.21988 0.32954 0.22078 0.32626 0.21988 0.33096 0.18682 0.33464 0.18682 0.33096 0.18682 0.3263 0.15375 0.32959 0.15285 0.3263 0.15375 0.31245 0.1231 0.31538 0.12133 0.31245 0.1231 0.29098 0.09722 0.29353 0.09451997 0.29098 0.09722 0.26371 0.07734 0.26552 0.07400995 0.26552 0.07400995 0.26371 0.07734 0.23238 0.0647 0.16684 0.30323 0.19875 0.30702 0.19862 0.31338 0.23089 0.07084995 0.19901 0.06650996 0.19889 0.06015998 0.19889 0.06015998 0.19901 0.06650996 0.1671 0.07029998 0.16536 0.06417 0.1671 0.07029998 0.13722 0.08199 0.13399 0.07650995 0.13722 0.08199 0.1113499 0.1008599 0.10683 0.09639996 0.1113499 0.1008599 0.09139996 0.1258299 0.08587998 0.12267 0.09139996 0.1258299 0.07876998 0.15513 0.07261997 0.15349 0.07876998 0.15513 0.07440996 0.18669 0.07440996 0.18669 0.07868999 0.21827 0.07253998 0.21991 0.07868999 0.21827 0.09123998 0.2476 0.08572 0.25075 0.09123998 0.2476 0.1111299 0.2726 0.10662 0.27706 0.1111299 0.2726 0.13696 0.29151 0.1337299 0.29699 0.13696 0.29151 0.16684 0.30323 0.1651 0.30935 0.19862 0.31338 0.19875 0.30702 0.23062 0.30266 0.23212 0.30884 0.23062 0.30266 0.26046 0.29059 0.26346 0.2962 0.26046 0.29059 0.28658 0.27172 0.29074 0.27632 0.28658 0.27172 0.3073 0.24728 0.31228 0.25048 0.3073 0.24728 0.32085 0.21836 0.32626 0.21988 0.32085 0.21836 0.32554 0.18681 0.32554 0.18681 0.32087 0.15526 0.3263 0.15375 0.32087 0.15526 0.30748 0.1262699 0.31245 0.1231 0.30748 0.1262699 0.28685 0.10172 0.29098 0.09722 0.28685 0.10172 0.26079 0.08291995 0.26371 0.07734 0.26079 0.08291995 0.23089 0.07084995 0.23238 0.0647 0.16684 0.30323 0.16742 0.30131 0.19888 0.30507 0.2305 0.07273995 0.19915 0.06844997 0.19901 0.06650996 0.19901 0.06650996 0.19915 0.06844997 0.16768 0.07220995 0.1671 0.07029998 0.16768 0.07220995 0.13827 0.08367997 0.13722 0.08199 0.13827 0.08367997 0.1128 0.10224 0.1113499 0.1008599 0.1128 0.10224 0.09318 0.12681 0.09139996 0.1258299 0.09318 0.12681 0.08076 0.15564 0.07876998 0.15513 0.08076 0.15564 0.07646995 0.18669 0.07646995 0.18669 0.08066999 0.21775 0.07868999 0.21827 0.08066999 0.21775 0.09301 0.24661 0.09123998 0.2476 0.09301 0.24661 0.11258 0.27123 0.1111299 0.2726 0.1111299 0.2726 0.11258 0.27123 0.13801 0.28983 0.13696 0.29151 0.13801 0.28983 0.16742 0.30131 0.19875 0.30702 0.19888 0.30507 0.23024 0.3008 0.23062 0.30266 0.23024 0.3008 0.25963 0.28894 0.26046 0.29059 0.25963 0.28894 0.28523 0.27019 0.28658 0.27172 0.28523 0.27019 0.30527 0.24599 0.3073 0.24728 0.30527 0.24599 0.31838 0.21763 0.31838 0.21763 0.32294 0.18682 0.32554 0.18681 0.32294 0.18682 0.31839 0.15599 0.32087 0.15526 0.31839 0.15599 0.30542 0.12756 0.30748 0.1262699 0.30542 0.12756 0.28539 0.10335 0.28685 0.10172 0.28539 0.10335 0.2599 0.08465999 0.26079 0.08291995 0.2599 0.08465999 0.2305 0.07273995 0.23089 0.07084995 0.16742 0.30131 0.16793 0.29976 0.1989499 0.30342 0.2305 0.07273995 0.23015 0.0744 0.19922 0.0701 0.19922 0.0701 0.1682 0.07376998 0.16768 0.07220995 0.1682 0.07376998 0.13917 0.08508998 0.13827 0.08367997 0.13917 0.08508998 0.114 0.10337 0.1128 0.10224 0.114 0.10337 0.09465998 0.12764 0.09318 0.12681 0.09465998 0.12764 0.08243 0.15609 0.08076 0.15564 0.08243 0.15609 0.07822 0.18668 0.07646995 0.18669 0.07646995 0.18669 0.07822 0.18668 0.08234 0.21729 0.08066999 0.21775 0.08234 0.21729 0.09447997 0.24577 0.09301 0.24661 0.09447997 0.24577 0.11377 0.2701 0.11258 0.27123 0.11377 0.2701 0.1389099 0.28842 0.13801 0.28983 0.1389099 0.28842 0.16793 0.29976 0.1989499 0.30342 0.22989 0.29911 0.23024 0.3008 0.22989 0.29911 0.25889 0.28735 0.25963 0.28894 0.25889 0.28735 0.28402 0.26892 0.28523 0.27019 0.28402 0.26892 0.30387 0.24516 0.30527 0.24599 0.30387 0.24516 0.31696 0.21722 0.31838 0.21763 0.31696 0.21722 0.32148 0.18682 0.32294 0.18682 0.32294 0.18682 0.32148 0.18682 0.31695 0.1564 0.31839 0.15599 0.31695 0.1564 0.30403 0.12839 0.30542 0.12756 0.30403 0.12839 0.28426 0.10457 0.28539 0.10335 0.28426 0.10457 0.25912 0.08617997 0.2599 0.08465999 0.25912 0.08617997 0.23015 0.0744 0.16793 0.29976 0.16942 0.24747 0.19884 0.25685 0.22853 0.1105 0.19918 0.11669 0.19922 0.0701 0.19918 0.11669 0.16975 0.12474 0.1682 0.07376998 0.16975 0.12474 0.14254 0.13072 0.13917 0.08508998 0.14254 0.13072 0.11928 0.13807 0.114 0.10337 0.11928 0.13807 0.10163 0.14933 0.09465998 0.12764 0.10163 0.14933 0.09043997 0.16824 0.08243 0.15609 0.09043997 0.16824 0.08657997 0.18668 0.07822 0.18668 0.07822 0.18668 0.08657997 0.18668 0.09037995 0.20512 0.08234 0.21729 0.09037995 0.20512 0.10147 0.22227 0.09447997 0.24577 0.10147 0.22227 0.11905 0.23255 0.11377 0.2701 0.11905 0.23255 0.14221 0.23921 0.1389099 0.28842 0.14221 0.23921 0.16942 0.24747 0.1989499 0.30342 0.19884 0.25685 0.2282299 0.2641 0.2282299 0.2641 0.25554 0.26592 0.25889 0.28735 0.25554 0.26592 0.28329 0.25508 0.28402 0.26892 0.28329 0.25508 0.30339 0.23458 0.30387 0.24516 0.30339 0.23458 0.31381 0.2093999 0.31696 0.21722 0.31381 0.2093999 0.31628 0.1872799 0.32148 0.18682 0.32148 0.18682 0.31628 0.1872799 0.31288 0.16543 0.31695 0.1564 0.31288 0.16543 0.30149 0.1403 0.30403 0.12839 0.30149 0.1403 0.27933 0.11692 0.28426 0.10457 0.27933 0.11692 0.25579 0.1085 0.25912 0.08617997 0.25579 0.1085 0.22853 0.1105 0.16942 0.24747 0.17021 0.24529 0.19932 0.25459 0.2286 0.11281 0.19971 0.11898 0.19918 0.11669 0.19971 0.11898 0.17046 0.12696 0.16975 0.12474 0.17046 0.12696 0.14379 0.1328999 0.14254 0.13072 0.14379 0.1328999 0.12137 0.14006 0.11928 0.13807 0.11928 0.13807 0.12137 0.14006 0.10454 0.1507599 0.10163 0.14933 0.10454 0.1507599 0.09378999 0.16895 0.09043997 0.16824 0.09378999 0.16895 0.09002995 0.18668 0.09002995 0.18668 0.09371995 0.2044 0.09037995 0.20512 0.09371995 0.2044 0.1043699 0.22083 0.10147 0.22227 0.1043699 0.22083 0.12114 0.23057 0.11905 0.23255 0.11905 0.23255 0.12114 0.23057 0.1435199 0.23712 0.14221 0.23921 0.1435199 0.23712 0.17021 0.24529 0.19884 0.25685 0.19932 0.25459 0.2283 0.2618 0.2282299 0.2641 0.2283 0.2618 0.25484 0.26345 0.25484 0.26345 0.28158 0.25296 0.28329 0.25508 0.28158 0.25296 0.30124 0.23347 0.30339 0.23458 0.30124 0.23347 0.31182 0.20889 0.31381 0.2093999 0.31182 0.20889 0.31433 0.18731 0.31628 0.1872799 0.31628 0.1872799 0.31433 0.18731 0.31084 0.16588 0.31288 0.16543 0.31084 0.16588 0.29934 0.1413699 0.30149 0.1403 0.29934 0.1413699 0.27774 0.11902 0.27933 0.11692 0.27774 0.11902 0.25509 0.111 0.25509 0.111 0.2286 0.11281 0.22853 0.1105 0.14277 0.18676 0.09002995 0.18668 0.09378999 0.16895 0.1043699 0.22083 0.09371995 0.2044 0.14326 0.20612 0.12114 0.23057 0.1043699 0.22083 0.1437 0.22286 0.10454 0.1507599 0.14399 0.15002 0.1431699 0.16883 0.1435199 0.23712 0.1437 0.22286 0.1701599 0.22395 0.1437 0.22286 0.14326 0.20612 0.16926 0.2069 0.14326 0.20612 0.14277 0.18676 0.16914 0.18679 0.16914 0.18679 0.14277 0.18676 0.1431699 0.16883 0.14399 0.15002 0.16979 0.14967 0.16918 0.16883 0.14379 0.1328999 0.17046 0.12696 0.16979 0.14967 0.17021 0.24529 0.1701599 0.22395 0.19896 0.22495 0.1701599 0.22395 0.16926 0.2069 0.1973299 0.20767 0.19668 0.18682 0.1973299 0.20767 0.16926 0.2069 0.16914 0.18679 0.16918 0.16883 0.19727 0.16894 0.16979 0.14967 0.19793 0.14951 0.19727 0.16894 0.17046 0.12696 0.19971 0.11898 0.19793 0.14951 0.19896 0.22495 0.22422 0.22045 0.2176499 0.23274 0.2176499 0.23274 0.2319 0.2424 0.2283 0.2618 0.1973299 0.20767 0.23171 0.20273 0.22422 0.22045 0.19668 0.18682 0.23592 0.18579 0.23171 0.20273 0.23268 0.16781 0.23592 0.18579 0.19668 0.18682 0.22759 0.15151 0.23268 0.16781 0.19727 0.16894 0.21854 0.13543 0.22759 0.15151 0.19793 0.14951 0.2286 0.11281 0.23238 0.12973 0.21854 0.13543 0.2319 0.2424 0.25465 0.2465299 0.25484 0.26345 0.25509 0.111 0.25512 0.12787 0.23238 0.12973 0.25465 0.2465299 0.27774 0.24185 0.28158 0.25296 0.27774 0.24185 0.29415 0.22619 0.30124 0.23347 0.29415 0.22619 0.304 0.20477 0.31182 0.20889 0.304 0.20477 0.30578 0.1874099 0.31433 0.18731 0.30578 0.1874099 0.30295 0.16916 0.31084 0.16588 0.30295 0.16916 0.29134 0.14816 0.29934 0.1413699 0.29934 0.1413699 0.29134 0.14816 0.27477 0.13378 0.27774 0.11902 0.27477 0.13378 0.25512 0.12787 0.22422 0.22045 0.22506 0.2203299 0.2185 0.2323099 0.2176499 0.23274 0.2185 0.2323099 0.23225 0.24152 0.23171 0.20273 0.23243 0.20266 0.22506 0.2203299 0.23592 0.18579 0.23656 0.18582 0.23243 0.20266 0.2334 0.16786 0.23656 0.18582 0.23592 0.18579 0.22832 0.1516 0.2334 0.16786 0.23268 0.16781 0.21935 0.13592 0.22832 0.1516 0.22759 0.15151 0.23238 0.12973 0.23269 0.1306599 0.21935 0.13592 0.23225 0.24152 0.25468 0.24557 0.25465 0.2465299 0.25512 0.12787 0.25513 0.12884 0.23269 0.1306599 0.25468 0.24557 0.27741 0.24096 0.27774 0.24185 0.27741 0.24096 0.2935 0.2256 0.29415 0.22619 0.2935 0.2256 0.30323 0.2044399 0.304 0.20477 0.30323 0.2044399 0.30496 0.18743 0.30578 0.1874099 0.30496 0.18743 0.30217 0.16947 0.30295 0.16916 0.30217 0.16947 0.29071 0.14875 0.29134 0.14816 0.29134 0.14816 0.29071 0.14875 0.27446 0.13466 0.27477 0.13378 0.27446 0.13466 0.25513 0.12884 0.05513995 0.38932 0.05510997 0.3767 0.09165996 0.3767 0.49189 0.38946 0.49187 0.3767 0.52848 0.3767 0.52847 0.3895 0.52848 0.3767 0.56506 0.3767 0.56504 0.38946 0.56506 0.3767 0.60156 0.3767 0.60157 0.38946 0.60156 0.3767 0.63812 0.3767 0.63812 0.3767 0.67464 0.3767 0.67461 0.38945 0.67464 0.3767 0.71105 0.3767 0.71108 0.38944 0.71105 0.3767 0.7477 0.3767 0.74767 0.3895 0.7477 0.3767 0.78401 0.3767 0.78402 0.38943 0.78401 0.3767 0.82047 0.3767 0.82049 0.38951 0.82049 0.38951 0.82047 0.3767 0.85696 0.3767 0.85695 0.38967 0.85696 0.3767 0.89336 0.3767 0.01863998 0.38882 0.01863998 0.3767 0.05510997 0.3767 0.09165996 0.38947 0.09165996 0.3767 0.12812 0.3767 0.12811 0.38942 0.12812 0.3767 0.16456 0.3767 0.16456 0.3767 0.20098 0.3767 0.2009699 0.38948 0.20098 0.3767 0.23732 0.3767 0.23729 0.38945 0.23732 0.3767 0.27359 0.3767 0.27361 0.38945 0.27359 0.3767 0.30987 0.3767 0.30986 0.3895 0.30987 0.3767 0.34606 0.3767 0.34604 0.38946 0.34606 0.3767 0.38228 0.3767 0.3823 0.38946 0.3823 0.38946 0.38228 0.3767 0.41873 0.3767 0.41873 0.3767 0.45531 0.3767 0.45529 0.38946 0.45531 0.3767 0.49187 0.3767 0.49189 0.38946 0.52392 0.33829 0.54836 0.32822 0.55458 0.339 0.47154 0.14269 0.44711 0.15276 0.44089 0.14198 0.44711 0.15276 0.42616 0.16888 0.41737 0.16008 0.42616 0.16888 0.41009 0.1898699 0.39931 0.18364 0.41009 0.1898699 0.39987 0.21424 0.38787 0.2110199 0.38787 0.2110199 0.39987 0.21424 0.39652 0.24046 0.38407 0.24046 0.39652 0.24046 0.39994 0.26668 0.38792 0.26989 0.39994 0.26668 0.41001 0.29111 0.39923 0.29733 0.41001 0.29111 0.42612 0.31206 0.42612 0.31206 0.44712 0.32813 0.44088 0.33892 0.44712 0.32813 0.47149 0.33835 0.46827 0.35035 0.47149 0.33835 0.4977 0.3417 0.49771 0.35416 0.4977 0.3417 0.52392 0.33829 0.52713 0.3503 0.54836 0.32822 0.56931 0.3121 0.5781 0.32089 0.56931 0.3121 0.58538 0.29111 0.59616 0.29734 0.59616 0.29734 0.58538 0.29111 0.5956 0.26673 0.6076 0.26995 0.5956 0.26673 0.59894 0.24052 0.6114 0.24052 0.59894 0.24052 0.59553 0.2143 0.60755 0.21109 0.59553 0.2143 0.58546 0.18986 0.59624 0.18365 0.58546 0.18986 0.56935 0.16892 0.57814 0.16012 0.56935 0.16892 0.54835 0.15285 0.55459 0.14206 0.54835 0.15285 0.52398 0.14263 0.52398 0.14263 0.49776 0.13928 0.49776 0.12682 0.49776 0.13928 0.47154 0.14269 0.46833 0.13067 0.22506 0.2203299 0.22614 0.21852 0.21984 0.22996 0.23243 0.20266 0.23317 0.2018 0.22614 0.21852 0.23656 0.18582 0.23712 0.1858299 0.23317 0.2018 0.23412 0.1686699 0.23712 0.1858299 0.23656 0.18582 0.22931 0.15308 0.23412 0.1686699 0.2334 0.16786 0.22073 0.13809 0.22931 0.15308 0.22832 0.1516 0.6201 0.9144 0.62011 0.90542 0.66029 0.90546 0.52392 0.33829 0.51387 0.30073 0.52876 0.29426 0.56931 0.3121 0.54836 0.32822 0.52876 0.29426 0.56931 0.3121 0.54182 0.2846 0.55144 0.27151 0.5956 0.26673 0.58538 0.29111 0.55144 0.27151 0.5956 0.26673 0.55802 0.25666 0.55976 0.24051 0.59553 0.2143 0.59894 0.24052 0.55976 0.24051 0.59553 0.2143 0.55798 0.22436 0.5515 0.20946 0.56935 0.16892 0.58546 0.18986 0.5515 0.20946 0.56935 0.16892 0.54184 0.1964 0.52876 0.18678 0.52398 0.14263 0.54835 0.15285 0.52876 0.18678 0.52398 0.14263 0.5139 0.1802 0.49775 0.17846 0.47154 0.14269 0.49776 0.13928 0.49775 0.17846 0.47154 0.14269 0.4816 0.18025 0.46671 0.18672 0.42616 0.16888 0.44711 0.15276 0.46671 0.18672 0.42616 0.16888 0.45365 0.19638 0.44402 0.20947 0.39987 0.21424 0.41009 0.1898699 0.44402 0.20947 0.39987 0.21424 0.43744 0.2243199 0.43571 0.24047 0.39994 0.26668 0.39652 0.24046 0.43571 0.24047 0.39994 0.26668 0.43749 0.25662 0.44396 0.27152 0.42612 0.31206 0.41001 0.29111 0.44396 0.27152 0.42612 0.31206 0.45362 0.28458 0.46671 0.2942 0.47149 0.33835 0.44712 0.32813 0.46671 0.2942 0.47149 0.33835 0.48156 0.30078 0.49772 0.30251 0.52392 0.33829 0.4977 0.3417 0.49772 0.30251 0.700482 0.78554 0.70049 0.7674 0.74066 0.76744 0.780843 0.78561 0.740653 0.78558 0.74066 0.76744 0.821053 0.785642 0.780843 0.78561 0.78085 0.76747 0.86126 0.76752 0.861255 0.785667 0.821053 0.785642 0.861255 0.785667 0.86126 0.76752 0.90149 0.76754 0.901485 0.785687 0.90149 0.76754 0.94172 0.76755 0.941715 0.7857 0.94172 0.76755 0.98193 0.76756 0.01730996 0.78568 0.01730996 0.76753 0.05747997 0.76753 0.05747497 0.785677 0.05747997 0.76753 0.09764999 0.76752 0.13783 0.7675 0.137818 0.785645 0.09763997 0.785665 0.137818 0.785645 0.13783 0.7675 0.17803 0.76748 0.21824 0.76745 0.218233 0.78559 0.178023 0.785622 0.25845 0.76742 0.258447 0.78556 0.218233 0.78559 0.298683 0.78553 0.258447 0.78556 0.25845 0.76742 0.338903 0.785505 0.298683 0.78553 0.29868 0.76739 0.37911 0.785482 0.338903 0.785505 0.3389 0.76737 0.419312 0.785462 0.37911 0.785482 0.37911 0.76735 0.419312 0.785462 0.41931 0.76733 0.45949 0.76733 0.45949 0.78546 0.45949 0.76733 0.49965 0.76732 0.53983 0.78546 0.499653 0.78545 0.49965 0.76732 0.579997 0.78547 0.53983 0.78546 0.53983 0.76733 0.620162 0.785485 0.579997 0.78547 0.58 0.76734 0.660333 0.785507 0.620162 0.785485 0.62017 0.76735 0.660333 0.785507 0.66034 0.76737 0.70049 0.7674 0.74059 0.91452 0.74058 0.9228 0.70041 0.92273 0.74058 0.9228 0.74059 0.91452 0.7808 0.91455 0.78079 0.92282 0.7808 0.91455 0.82099 0.91455 0.8612 0.91463 0.86119 0.9229 0.82099 0.92282 0.86119 0.9229 0.8612 0.91463 0.90145 0.91466 0.94168 0.92292 0.90144 0.92294 0.90145 0.91466 0.94168 0.91465 0.98193 0.91469 0.98193 0.92297 0.05743998 0.92291 0.01730996 0.92291 0.01730996 0.91464 0.09755998 0.92285 0.05743998 0.92291 0.05743998 0.91463 0.09757 0.91458 0.13772 0.91459 0.13772 0.92286 0.13772 0.91459 0.17795 0.91455 0.17794 0.92282 0.21817 0.92276 0.17794 0.92282 0.17795 0.91455 0.25842 0.91451 0.25842 0.92279 0.21817 0.92276 0.25842 0.92279 0.25842 0.91451 0.2987 0.91448 0.2987 0.92276 0.2987 0.91448 0.33893 0.91441 0.33893 0.92268 0.33893 0.91441 0.37912 0.91439 0.37914 0.92268 0.37912 0.91439 0.41933 0.91436 0.41934 0.92265 0.41933 0.91436 0.4595 0.91432 0.4595 0.91432 0.49967 0.91433 0.49967 0.92263 0.53984 0.92263 0.49967 0.92263 0.49967 0.91433 0.57996 0.92261 0.53984 0.92263 0.53984 0.91435 0.57997 0.91433 0.6201 0.9144 0.62009 0.92268 0.6201 0.9144 0.66027 0.91445 0.66026 0.92272 0.66026 0.92272 0.66027 0.91445 0.70042 0.91446 0.70058 0.61105 0.700578 0.62572 0.660408 0.6257 0.74075 0.61107 0.74075 0.625742 0.700578 0.62572 0.78094 0.61109 0.78094 0.625762 0.74075 0.625742 0.78094 0.61109 0.82112 0.61111 0.82112 0.625784 0.86132 0.61112 0.861318 0.625794 0.82112 0.625784 0.90153 0.61112 0.901527 0.625795 0.861318 0.625794 0.94172 0.61113 0.94172 0.625804 0.901527 0.625795 0.94172 0.61113 0.98193 0.61113 0.98193 0.625804 0.01730996 0.61112 0.05752998 0.61112 0.05752795 0.625792 0.05752998 0.61112 0.09775 0.61111 0.09774696 0.625784 0.09775 0.61111 0.13796 0.61111 0.137953 0.625782 0.13796 0.61111 0.17817 0.6111 0.178163 0.625772 0.17817 0.6111 0.21837 0.61109 0.218361 0.62576 0.25856 0.61107 0.258553 0.62574 0.218361 0.62576 0.29877 0.61105 0.298763 0.62572 0.258553 0.62574 0.33896 0.61102 0.338953 0.625692 0.298763 0.62572 0.37914 0.611 0.379135 0.62567 0.338953 0.625692 0.41934 0.61098 0.419335 0.625652 0.379135 0.62567 0.41934 0.61098 0.45952 0.61098 0.459517 0.62565 0.45952 0.61098 0.49971 0.61097 0.499708 0.625642 0.49971 0.61097 0.53991 0.61098 0.539907 0.62565 0.53991 0.61098 0.58007 0.61099 0.580067 0.62566 0.58007 0.61099 0.62024 0.611 0.620235 0.625672 0.66041 0.61103 0.660408 0.6257 0.620235 0.625672 0.6604 0.69659 0.70057 0.69661 0.700508 0.751906 0.70057 0.69661 0.74075 0.69664 0.74068 0.751944 0.74075 0.69664 0.78094 0.69666 0.78087 0.751971 0.82112 0.69669 0.821073 0.752001 0.78087 0.751971 0.82112 0.69669 0.86131 0.6967 0.861271 0.752019 0.86131 0.6967 0.90151 0.69671 0.901494 0.752037 0.90151 0.69671 0.94172 0.69671 0.94172 0.752045 0.98193 0.69671 0.98193 0.752053 0.94172 0.752045 0.05751997 0.69669 0.05748897 0.752025 0.01730996 0.752025 0.09772998 0.69669 0.09766799 0.752017 0.05748897 0.752025 0.13792 0.69668 0.13785 0.751999 0.09766799 0.752017 0.17813 0.69667 0.178052 0.751981 0.13785 0.751999 0.21832 0.69665 0.218258 0.751954 0.178052 0.751981 0.25852 0.69663 0.258465 0.751926 0.218258 0.751954 0.25852 0.69663 0.29873 0.69661 0.298691 0.751898 0.29873 0.69661 0.33892 0.69659 0.338904 0.751878 0.33892 0.69659 0.37911 0.69656 0.37911 0.751856 0.37911 0.69656 0.41931 0.69655 0.41931 0.751838 0.41931 0.69655 0.4595 0.69654 0.459492 0.751836 0.4997 0.69654 0.499661 0.751828 0.459492 0.751836 0.53989 0.69654 0.539843 0.751836 0.499661 0.751828 0.58005 0.69655 0.580011 0.751846 0.539843 0.751836 0.62021 0.69657 0.620179 0.751858 0.580011 0.751846 0.62021 0.69657 0.6604 0.69659 0.660353 0.751878 0.70057 0.53547 0.70058 0.61105 0.66041 0.61103 0.74073 0.53549 0.74075 0.61107 0.70058 0.61105 0.780927 0.585917 0.78094 0.61109 0.74075 0.61107 0.86125 0.53552 0.86132 0.61112 0.82112 0.61111 0.90147 0.53553 0.90153 0.61112 0.86132 0.61112 0.94168 0.53554 0.94172 0.61113 0.90153 0.61112 0.94168 0.53554 0.98193 0.53555 0.98193 0.61113 0.01730996 0.53554 0.05753999 0.53553 0.05752998 0.61112 0.05753999 0.53553 0.09775 0.53553 0.09775 0.61111 0.09775 0.53553 0.13795 0.53552 0.13796 0.61111 0.13795 0.53552 0.17817 0.53551 0.17817 0.6111 0.17817 0.53551 0.21838 0.5355 0.21837 0.61109 0.25857 0.53548 0.25856 0.61107 0.21837 0.61109 0.29878 0.53547 0.29877 0.61105 0.25856 0.61107 0.33898 0.53545 0.33896 0.61102 0.29877 0.61105 0.37917 0.53543 0.37914 0.611 0.33896 0.61102 0.41937 0.53542 0.41934 0.61098 0.37914 0.611 0.41937 0.53542 0.45957 0.53541 0.45952 0.61098 0.45957 0.53541 0.49975 0.53541 0.49971 0.61097 0.49975 0.53541 0.53994 0.53541 0.53991 0.61098 0.53994 0.53541 0.58011 0.53542 0.580091 0.571386 0.66042 0.53545 0.66041 0.61103 0.62024 0.611 0.74073 0.53549 0.7407 0.46937 0.78088 0.46937 0.7809 0.5355 0.78088 0.46937 0.82103 0.46937 0.86119 0.46937 0.86125 0.53552 0.82107 0.53551 0.90147 0.53553 0.86125 0.53552 0.86119 0.46937 0.94168 0.53554 0.90147 0.53553 0.9014 0.46938 0.98193 0.53555 0.94168 0.53554 0.94165 0.46938 0.05753999 0.53553 0.01730996 0.53554 0.01730996 0.46938 0.09775 0.53553 0.05753999 0.53553 0.05752998 0.46938 0.13795 0.53552 0.09775 0.53553 0.09773999 0.46938 0.17817 0.53551 0.13795 0.53552 0.13796 0.46937 0.21838 0.5355 0.17817 0.53551 0.17817 0.46937 0.25857 0.46937 0.25857 0.53548 0.21838 0.5355 0.25857 0.53548 0.25857 0.46937 0.29877 0.46937 0.29878 0.53547 0.29877 0.46937 0.33898 0.46937 0.37916 0.46936 0.37917 0.53543 0.33898 0.53545 0.37917 0.53543 0.37916 0.46936 0.41938 0.46936 0.41937 0.53542 0.41938 0.46936 0.45959 0.46936 0.49975 0.53541 0.45957 0.53541 0.45959 0.46936 0.53994 0.53541 0.49975 0.53541 0.49975 0.46936 0.58011 0.53542 0.53994 0.53541 0.53995 0.46936 0.62027 0.53544 0.58011 0.53542 0.58017 0.46936 0.660416 0.508355 0.62027 0.53544 0.62032 0.46936 0.53982 0.97761 0.57992 0.97759 0.57991 0.98597 0.62003 0.98597 0.57991 0.98597 0.57992 0.97759 0.66017 0.98598 0.62003 0.98597 0.62004 0.97762 0.70033 0.98599 0.66017 0.98598 0.66017 0.97763 0.70034 0.97763 0.74052 0.97766 0.7405 0.986 0.7405 0.986 0.74052 0.97766 0.78071 0.97768 0.78071 0.98602 0.78071 0.97768 0.82094 0.9777 0.82093 0.98606 0.82094 0.9777 0.86118 0.97778 0.86117 0.98612 0.86118 0.97778 0.9014 0.97784 0.9014 0.98619 0.9014 0.97784 0.94166 0.97789 0.94166 0.97789 0.98193 0.97786 0.98193 0.98619 0.05737996 0.9862 0.01730996 0.98617 0.01730996 0.97782 0.05737996 0.97783 0.09749996 0.97774 0.09749996 0.98609 0.09749996 0.97774 0.1376799 0.97772 0.13766 0.98605 0.17786 0.98603 0.13766 0.98605 0.1376799 0.97772 0.21813 0.98601 0.17786 0.98603 0.17787 0.97769 0.25842 0.97766 0.25841 0.986 0.21813 0.98601 0.25841 0.986 0.25842 0.97766 0.2987 0.97764 0.29871 0.98599 0.2987 0.97764 0.33898 0.97761 0.33899 0.98598 0.33898 0.97761 0.3792 0.97762 0.3792 0.98597 0.3792 0.97762 0.41937 0.97761 0.41937 0.98597 0.41937 0.97761 0.45955 0.97759 0.49973 0.98597 0.45956 0.98597 0.45955 0.97759 0.53983 0.98597 0.49973 0.98597 0.49972 0.97761 0.31283 0.07453 0.27914 0.04961997 0.27994 0.04813998 0.24064 0.03227996 0.27994 0.04813998 0.27914 0.04961997 0.19864 0.02673995 0.24064 0.03227996 0.24023 0.03390997 0.19864 0.02673995 0.19866 0.02840995 0.15707 0.03353995 0.15661 0.03192996 0.15707 0.03353995 0.11812 0.04903995 0.11728 0.04759997 0.11812 0.04903995 0.08449995 0.07397997 0.08331996 0.07280999 0.08449995 0.07397997 0.05853998 0.10678 0.05709999 0.10596 0.05853998 0.10678 0.04210996 0.14526 0.04051995 0.14483 0.04210996 0.14526 0.03645998 0.18667 0.03480994 0.18667 0.03645998 0.18667 0.04201996 0.2281 0.05693 0.26743 0.04041999 0.22853 0.04201996 0.2281 0.08307999 0.30063 0.05693 0.26743 0.05836999 0.26661 0.1170099 0.32587 0.08307999 0.30063 0.08427 0.29946 0.15633 0.34158 0.1170099 0.32587 0.11786 0.32443 0.19835 0.34679 0.15633 0.34158 0.15678 0.33996 0.19835 0.34679 0.19837 0.34512 0.23995 0.33963 0.24036 0.34127 0.23995 0.33963 0.27886 0.32394 0.27967 0.32542 0.27886 0.32394 0.31259 0.29906 0.31374 0.30026 0.31259 0.29906 0.33883 0.26646 0.34023 0.26729 0.33883 0.26646 0.35558 0.22816 0.35714 0.22859 0.35558 0.22816 0.36138 0.1868399 0.35722 0.14509 0.36298 0.18685 0.36138 0.1868399 0.3404 0.10635 0.35722 0.14509 0.35567 0.14551 0.31398 0.07333999 0.3404 0.10635 0.339 0.1071799 0.41933 0.90539 0.419329 0.900742 0.459499 0.900704 0.37912 0.90542 0.379119 0.900771 0.419329 0.900742 0.379119 0.900771 0.37912 0.90542 0.33891 0.90544 0.33891 0.90544 0.2987 0.9055 0.298699 0.900851 0.2987 0.9055 0.25843 0.90553 0.258431 0.900881 0.218182 0.900892 0.258431 0.900881 0.25843 0.90553 0.218182 0.900892 0.21818 0.90554 0.17796 0.90558 0.13774 0.90561 0.1377429 0.900962 0.177963 0.900932 0.1377429 0.900962 0.13774 0.90561 0.09757995 0.90562 0.05744999 0.90565 0.05745095 0.901002 0.09758198 0.900973 0.01730996 0.90566 0.01730996 0.901012 0.05745095 0.901002 0.94169 0.90568 0.941691 0.901032 0.98193 0.901061 0.90145 0.90568 0.901451 0.901031 0.941691 0.901032 0.90145 0.90568 0.86121 0.90565 0.861212 0.901002 0.821002 0.900943 0.861212 0.901002 0.86121 0.90565 0.821 0.90559 0.7808 0.90557 0.780801 0.900921 0.7808 0.90557 0.7406 0.90555 0.740602 0.900901 0.700441 0.900842 0.740602 0.900901 0.7406 0.90555 0.66029 0.90546 0.660291 0.900811 0.700441 0.900842 0.62011 0.90542 0.620112 0.900772 0.660291 0.900811 0.620112 0.900772 0.62011 0.90542 0.57998 0.90537 0.53984 0.90536 0.539839 0.900714 0.579981 0.900724 0.49966 0.90536 0.49966 0.900713 0.539839 0.900714 0.4595 0.90535 0.459499 0.900704 0.49966 0.900713 0.792868 0.03371697 0.809401 0.03416395 0.80977 0.04534596 0.774423 0.04368895 0.776172 0.03198397 0.792868 0.03371697 0.808824 0.156527 0.791662 0.155769 0.791732 0.142065 0.693457 0.140245 0.679493 0.137688 0.679662 0.125074 0.606741 0.03379696 0.607283 0.03186297 0.626736 0.03456097 0.626736 0.03456097 0.627988 0.02254599 0.645741 0.02304798 0.755632 0.04006099 0.759777 0.02855294 0.776172 0.03198397 0.698544 0.03775399 0.680721 0.03766596 0.680739 0.03590095 0.715549 0.02354198 0.716697 0.03527599 0.698519 0.03590196 0.680742 0.02450495 0.698202 0.02384996 0.698519 0.03590196 0.635263 0.148517 0.634161 0.1344079 0.650288 0.127486 0.679493 0.137688 0.6654 0.137222 0.665132 0.124669 0.842438 0.02936995 0.84642 0.040892 0.827648 0.04425799 0.708728 0.147216 0.709758 0.133346 0.728207 0.145099 0.693457 0.140245 0.694107 0.12733 0.709758 0.133346 0.826033 0.1592029 0.808824 0.156527 0.808961 0.142758 0.716697 0.03527599 0.715549 0.02354198 0.732069 0.02100294 0.82787 0.04611295 0.809818 0.04715496 0.80977 0.04534596 0.791662 0.155769 0.774529 0.158629 0.774474 0.1444 0.617351 0.166272 0.616013 0.14959 0.634161 0.1344079 0.680739 0.03590095 0.663287 0.03570699 0.663491 0.02389895 0.774186 0.04556095 0.755026 0.04190695 0.755632 0.04006099 0.716853 0.03712898 0.698544 0.03775399 0.698519 0.03590196 0.792297 0.04515099 0.792215 0.046893 0.774186 0.04556095 0.792215 0.046893 0.792297 0.04515099 0.80977 0.04534596 0.707953 0.14845 0.708728 0.147216 0.727069 0.161015 0.6654 0.137222 0.651009 0.140479 0.650288 0.127486 0.618841 0.167703 0.617351 0.166272 0.635263 0.148517 0.755794 0.1648499 0.755708 0.149357 0.774474 0.1444 0.679374 0.138755 0.679493 0.137688 0.693457 0.140245 0.69312 0.141309 0.707953 0.14845 0.686481 0.155995 0.66552 0.138356 0.651412 0.141573 0.651009 0.140479 0.66327 0.03747099 0.645274 0.03727197 0.645314 0.03537696 0.627988 0.02254599 0.626736 0.03456097 0.607283 0.03186297 0.808702 0.157877 0.791758 0.157078 0.791662 0.155769 0.809401 0.03416395 0.826064 0.03258597 0.827648 0.04425799 0.716697 0.03527599 0.73557 0.03271698 0.736096 0.03466099 0.63621 0.149746 0.635263 0.148517 0.651009 0.140479 0.844778 0.149844 0.844451 0.165268 0.826033 0.1592029 0.808702 0.157877 0.808824 0.156527 0.826033 0.1592029 0.774529 0.158629 0.791662 0.155769 0.791758 0.157078 0.645314 0.03537696 0.645274 0.03727197 0.626565 0.03645497 0.826033 0.1592029 0.844451 0.165268 0.843935 0.166745 0.66552 0.138356 0.6654 0.137222 0.679493 0.137688 0.680721 0.03766596 0.66327 0.03747099 0.663287 0.03570699 0.756324 0.166337 0.755794 0.1648499 0.774529 0.158629 0.69312 0.141309 0.693457 0.140245 0.708728 0.147216 0.84642 0.040892 0.847012 0.04275 0.82787 0.04611295 0.707953 0.14845 0.725966 0.1623769 0.699525 0.192142 0.78312 0.180045 0.756324 0.166337 0.774865 0.15994 0.679374 0.138755 0.686481 0.155995 0.659474 0.157079 0.686481 0.155995 0.699525 0.192142 0.651247 0.195761 0.78312 0.180045 0.791758 0.157078 0.808702 0.157877 0.651412 0.141573 0.66552 0.138356 0.659474 0.157079 0.659474 0.157079 0.651247 0.195761 0.618841 0.167703 0.818184 0.1795639 0.808702 0.157877 0.825716 0.160507 0.645741 0.02304798 0.663491 0.02389895 0.663287 0.03570699 0.791732 0.142065 0.774474 0.1444 0.774421 0.125508 0.808961 0.142758 0.791732 0.142065 0.791825 0.123871 0.826261 0.144977 0.808961 0.142758 0.809119 0.124478 0.845198 0.1293669 0.844778 0.149844 0.826261 0.144977 0.616013 0.14959 0.614248 0.127457 0.632711 0.1156769 0.634161 0.1344079 0.632711 0.1156769 0.649325 0.110241 0.665132 0.124669 0.650288 0.127486 0.649325 0.110241 0.679662 0.125074 0.665132 0.124669 0.664774 0.107997 0.679662 0.125074 0.67987 0.108364 0.694952 0.110212 0.694107 0.12733 0.694952 0.110212 0.711117 0.114948 0.709758 0.133346 0.711117 0.114948 0.729701 0.123978 0.755708 0.149357 0.755584 0.12883 0.774421 0.125508 0.791825 0.123871 0.774421 0.125508 0.774351 0.1038269 0.809119 0.124478 0.791825 0.123871 0.791944 0.102998 0.826579 0.126067 0.809119 0.124478 0.809305 0.103497 0.845691 0.105883 0.845198 0.1293669 0.826579 0.126067 0.614248 0.127457 0.612211 0.102052 0.63105 0.09419798 0.632711 0.1156769 0.63105 0.09419798 0.648213 0.09044498 0.664774 0.107997 0.649325 0.110241 0.648213 0.09044498 0.67987 0.108364 0.664774 0.107997 0.664375 0.088862 0.694952 0.110212 0.67987 0.108364 0.680103 0.08919095 0.694952 0.110212 0.695931 0.090568 0.712676 0.093849 0.711117 0.114948 0.712676 0.093849 0.731444 0.099765 0.755584 0.12883 0.755424 0.105252 0.774351 0.1038269 0.809305 0.103497 0.791944 0.102998 0.792033 0.08515399 0.826924 0.10439 0.809305 0.103497 0.80946 0.08558696 0.845691 0.105883 0.826924 0.10439 0.827216 0.08585 0.63105 0.09419798 0.612211 0.102052 0.610465 0.08035397 0.648213 0.09044498 0.63105 0.09419798 0.629619 0.07583695 0.648213 0.09044498 0.647291 0.07352697 0.664013 0.07251596 0.664375 0.088862 0.664013 0.07251596 0.680287 0.07280796 0.680103 0.08919095 0.680287 0.07280796 0.69675 0.073776 0.712676 0.093849 0.695931 0.090568 0.69675 0.073776 0.731444 0.099765 0.712676 0.093849 0.714009 0.07579898 0.755424 0.105252 0.755296 0.08511799 0.774295 0.08530497 0.774351 0.1038269 0.774295 0.08530497 0.792033 0.08515399 0.792033 0.08515399 0.792124 0.06713497 0.809639 0.06746 0.80946 0.08558696 0.809639 0.06746 0.827531 0.06713598 0.846107 0.08579695 0.827216 0.08585 0.827531 0.06713598 0.629619 0.07583695 0.610465 0.08035397 0.60872 0.05841696 0.647291 0.07352697 0.629619 0.07583695 0.628168 0.05728 0.647291 0.07352697 0.646327 0.05643498 0.663653 0.055996 0.664013 0.07251596 0.663653 0.055996 0.680494 0.05624997 0.69675 0.073776 0.680287 0.07280796 0.680494 0.05624997 0.714009 0.07579898 0.69675 0.073776 0.697593 0.05678898 0.714009 0.07579898 0.715344 0.05757397 0.734404 0.05813294 0.774295 0.08530497 0.755296 0.08511799 0.75517 0.06476497 0.792033 0.08515399 0.774295 0.08530497 0.77424 0.06656599 0.792124 0.06713497 0.792215 0.046893 0.809818 0.04715496 0.809639 0.06746 0.809818 0.04715496 0.82787 0.04611295 0.846526 0.06551498 0.827531 0.06713598 0.82787 0.04611295 0.628168 0.05728 0.60872 0.05841696 0.606741 0.03379696 0.646327 0.05643498 0.628168 0.05728 0.626565 0.03645497 0.646327 0.05643498 0.645274 0.03727197 0.66327 0.03747099 0.680494 0.05624997 0.663653 0.055996 0.66327 0.03747099 0.697593 0.05678898 0.680494 0.05624997 0.680721 0.03766596 0.715344 0.05757397 0.697593 0.05678898 0.698544 0.03775399 0.734404 0.05813294 0.715344 0.05757397 0.716853 0.03712898 0.77424 0.06656599 0.75517 0.06476497 0.755026 0.04190695 0.77424 0.06656599 0.774186 0.04556095 0.792215 0.046893 0.82107 0.53551 0.82112 0.61111 0.780927 0.585917 0.70057 0.53547 0.66042 0.53545 0.660416 0.508355 0.580091 0.571386 0.62027 0.53544 0.62024 0.611 0.82103 0.84027 0.78082 0.84023 0.780843 0.78561 0.78082 0.84023 0.74063 0.8402 0.740653 0.78558 0.70046 0.84016 0.700482 0.78554 0.740653 0.78558 0.66031 0.84012 0.660333 0.785507 0.700482 0.78554 0.66031 0.84012 0.62014 0.84009 0.620162 0.785485 0.579997 0.78547 0.620162 0.785485 0.62014 0.84009 0.57999 0.84006 0.53983 0.84005 0.53983 0.78546 0.49966 0.84004 0.499653 0.78545 0.53983 0.78546 0.45949 0.84005 0.45949 0.78546 0.499653 0.78545 0.41932 0.84006 0.419312 0.785462 0.45949 0.78546 0.41932 0.84006 0.37911 0.84008 0.37911 0.785482 0.338903 0.785505 0.37911 0.785482 0.37911 0.84008 0.33891 0.84011 0.29869 0.84015 0.298683 0.78553 0.29869 0.84015 0.25844 0.84018 0.258447 0.78556 0.258447 0.78556 0.25844 0.84018 0.21821 0.84021 0.218233 0.78559 0.21821 0.84021 0.178 0.84025 0.13778 0.84028 0.137818 0.785645 0.178023 0.785622 0.137818 0.785645 0.13778 0.84028 0.09760999 0.8403 0.05745995 0.84032 0.05747497 0.785677 0.09763997 0.785665 0.01730996 0.84033 0.01730996 0.78568 0.05747497 0.785677 0.9417 0.84035 0.941715 0.7857 0.98193 0.78571 0.90147 0.84033 0.901485 0.785687 0.941715 0.7857 0.86124 0.84031 0.861255 0.785667 0.901485 0.785687 0.821053 0.785642 0.861255 0.785667 0.86124 0.84031 0.821073 0.752001 0.82106 0.7675 0.78085 0.76747 0.78087 0.751971 0.78085 0.76747 0.74066 0.76744 0.700508 0.751906 0.74068 0.751944 0.74066 0.76744 0.660353 0.751878 0.700508 0.751906 0.70049 0.7674 0.620179 0.751858 0.660353 0.751878 0.66034 0.76737 0.620179 0.751858 0.62017 0.76735 0.58 0.76734 0.580011 0.751846 0.58 0.76734 0.53983 0.76733 0.539843 0.751836 0.53983 0.76733 0.49965 0.76732 0.499661 0.751828 0.49965 0.76732 0.45949 0.76733 0.459492 0.751836 0.45949 0.76733 0.41931 0.76733 0.37911 0.751856 0.41931 0.751838 0.41931 0.76733 0.338904 0.751878 0.37911 0.751856 0.37911 0.76735 0.298691 0.751898 0.338904 0.751878 0.3389 0.76737 0.258465 0.751926 0.298691 0.751898 0.29868 0.76739 0.258465 0.751926 0.25845 0.76742 0.21824 0.76745 0.218258 0.751954 0.21824 0.76745 0.17803 0.76748 0.178052 0.751981 0.17803 0.76748 0.13783 0.7675 0.13785 0.751999 0.13783 0.7675 0.09764999 0.76752 0.09766799 0.752017 0.09764999 0.76752 0.05747997 0.76753 0.05748897 0.752025 0.05747997 0.76753 0.01730996 0.76753 0.98193 0.752053 0.98193 0.76756 0.94172 0.76755 0.901494 0.752037 0.94172 0.752045 0.94172 0.76755 0.861271 0.752019 0.901494 0.752037 0.90149 0.76754 0.821073 0.752001 0.861271 0.752019 0.86126 0.76752 0.82112 0.625784 0.82112 0.69669 0.78094 0.69666 0.78094 0.625762 0.78094 0.69666 0.74075 0.69664 0.74075 0.625742 0.74075 0.69664 0.70057 0.69661 0.700578 0.62572 0.70057 0.69661 0.6604 0.69659 0.620235 0.625672 0.660408 0.6257 0.6604 0.69659 0.580067 0.62566 0.620235 0.625672 0.62021 0.69657 0.539907 0.62565 0.580067 0.62566 0.58005 0.69655 0.499708 0.625642 0.539907 0.62565 0.53989 0.69654 0.459517 0.62565 0.499708 0.625642 0.4997 0.69654 0.419335 0.625652 0.459517 0.62565 0.4595 0.69654 0.419335 0.625652 0.41931 0.69655 0.37911 0.69656 0.379135 0.62567 0.37911 0.69656 0.33892 0.69659 0.338953 0.625692 0.33892 0.69659 0.29873 0.69661 0.298763 0.62572 0.29873 0.69661 0.25852 0.69663 0.258553 0.62574 0.25852 0.69663 0.21832 0.69665 0.178163 0.625772 0.218361 0.62576 0.21832 0.69665 0.137953 0.625782 0.178163 0.625772 0.17813 0.69667 0.09774696 0.625784 0.137953 0.625782 0.13792 0.69668 0.05752795 0.625792 0.09774696 0.625784 0.09772998 0.69669 0.01730996 0.625792 0.05752795 0.625792 0.05751997 0.69669 0.98193 0.625804 0.98193 0.69671 0.94172 0.69671 0.94172 0.625804 0.94172 0.69671 0.90151 0.69671 0.901527 0.625795 0.90151 0.69671 0.86131 0.6967 0.861318 0.625794 0.86131 0.6967 0.82112 0.69669 0.821002 0.900943 0.780801 0.900921 0.78082 0.84023 0.82103 0.84027 0.86124 0.84031 0.861212 0.901002 0.901451 0.901031 0.861212 0.901002 0.86124 0.84031 0.901451 0.901031 0.90147 0.84033 0.9417 0.84035 0.941691 0.901032 0.9417 0.84035 0.98193 0.84036 0.01730996 0.901012 0.01730996 0.84033 0.05745995 0.84032 0.05745095 0.901002 0.05745995 0.84032 0.09760999 0.8403 0.13778 0.84028 0.1377429 0.900962 0.09758198 0.900973 0.1377429 0.900962 0.13778 0.84028 0.178 0.84025 0.21821 0.84021 0.218182 0.900892 0.177963 0.900932 0.21821 0.84021 0.25844 0.84018 0.258431 0.900881 0.298699 0.900851 0.258431 0.900881 0.25844 0.84018 0.33891 0.900792 0.298699 0.900851 0.29869 0.84015 0.33891 0.84011 0.37911 0.84008 0.379119 0.900771 0.419329 0.900742 0.379119 0.900771 0.37911 0.84008 0.419329 0.900742 0.41932 0.84006 0.45949 0.84005 0.459499 0.900704 0.45949 0.84005 0.49966 0.84004 0.49966 0.900713 0.49966 0.84004 0.53983 0.84005 0.539839 0.900714 0.53983 0.84005 0.57999 0.84006 0.62014 0.84009 0.620112 0.900772 0.579981 0.900724 0.620112 0.900772 0.62014 0.84009 0.66031 0.84012 0.660291 0.900811 0.66031 0.84012 0.70046 0.84016 0.740602 0.900901 0.700441 0.900842 0.70046 0.84016 0.780801 0.900921 0.740602 0.900901 0.74063 0.8402 0.90138 0.45952 0.94164 0.45952 0.941643 0.462819 0.98193 0.45952 0.98193 0.462819 0.941643 0.462819 0.01730996 0.462819 0.01730996 0.45952 0.05751997 0.45952 0.05752295 0.462819 0.05751997 0.45952 0.09772998 0.45952 0.13796 0.45952 0.13796 0.462816 0.09773296 0.462819 0.17816 0.45952 0.178163 0.462816 0.13796 0.462816 0.21839 0.462816 0.178163 0.462816 0.17816 0.45952 0.21839 0.45952 0.25857 0.45952 0.25857 0.462816 0.298763 0.462816 0.25857 0.462816 0.25857 0.45952 0.338987 0.462816 0.298763 0.462816 0.29876 0.45952 0.33899 0.45952 0.37915 0.45952 0.379153 0.462812 0.41938 0.462812 0.379153 0.462812 0.37915 0.45952 0.41938 0.462812 0.41938 0.45952 0.45961 0.45952 0.49975 0.45952 0.49975 0.462812 0.459603 0.462812 0.49975 0.462812 0.49975 0.45952 0.53994 0.45952 0.539943 0.462812 0.53994 0.45952 0.58018 0.45952 0.62033 0.45952 0.620327 0.462812 0.580177 0.462812 0.620327 0.462812 0.62033 0.45952 0.66041 0.45952 0.66041 0.462816 0.66041 0.45952 0.70052 0.45952 0.70052 0.45952 0.74069 0.45952 0.740693 0.462816 0.78088 0.462816 0.740693 0.462816 0.74069 0.45952 0.82103 0.462816 0.78088 0.462816 0.78088 0.45952 0.82103 0.45952 0.86118 0.45952 0.861183 0.462816 0.901387 0.462819 0.861183 0.462816 0.86118 0.45952</float_array>
          <technique_common>
            <accessor source="#Can_Beverage_Damaged_01_005-mesh-map-0-array" count="7344" stride="2">
              <param name="S" type="float"/>
              <param name="T" type="float"/>
            </accessor>
          </technique_common>
        </source>
        <vertices id="Can_Beverage_Damaged_01_005-mesh-vertices">
          <input semantic="POSITION" source="#Can_Beverage_Damaged_01_005-mesh-positions"/>
        </vertices>
        <triangles material="AK_Can_Beverage_Damaged_01_C-material" count="2448">
          <input semantic="VERTEX" source="#Can_Beverage_Damaged_01_005-mesh-vertices" offset="0"/>
          <input semantic="NORMAL" source="#Can_Beverage_Damaged_01_005-mesh-normals" offset="1"/>
          <input semantic="TEXCOORD" source="#Can_Beverage_Damaged_01_005-mesh-map-0" offset="2" set="0"/>
          <p>0 0 0 2 1 1 3 2 2 4 3 3 6 4 4 7 5 5 8 6 6 10 7 7 11 8 8 12 9 9 14 10 10 15 11 11 17 12 12 19 13 13 16 14 14 1 15 15 20 16 16 21 17 17 22 18 18 24 19 19 25 20 20 22 18 21 25 20 22 26 21 23 27 22 24 14 10 25 29 23 26 30 24 27 4 3 28 7 5 29 32 25 30 34 26 31 35 27 32 37 28 33 39 29 34 36 30 35 40 31 36 20 16 37 42 32 38 44 33 39 46 34 40 43 35 41 47 36 42 22 18 43 26 21 44 49 37 45 51 38 46 52 39 47 53 40 48 1 15 49 21 17 50 55 41 51 11 8 52 10 7 53 41 42 54 59 43 55 57 44 56 60 45 57 62 46 58 48 47 59 63 48 60 4 3 61 31 49 62 65 50 63 3 2 64 67 51 65 5 52 66 64 53 67 68 54 68 57 44 69 20 16 70 41 42 71 67 51 72 69 55 73 65 50 74 70 56 75 2 1 76 72 57 77 36 30 78 33 58 79 37 28 80 62 46 81 58 59 82 73 60 83 67 51 84 7 5 85 6 4 86 16 14 87 56 61 88 55 41 89 74 62 90 9 63 91 8 6 92 47 36 93 75 64 94 74 62 95 35 27 96 17 12 97 32 25 98 77 65 99 38 66 100 76 67 101 78 68 102 73 60 103 58 59 104 24 19 105 29 23 106 25 20 107 80 69 108 5 52 109 68 54 110 78 68 111 41 42 112 40 31 113 15 11 114 84 70 115 82 71 116 86 72 117 48 47 118 85 73 119 85 73 120 48 47 121 47 36 122 62 46 123 87 74 124 59 43 125 88 75 126 21 17 127 57 44 128 66 76 129 0 0 130 3 2 131 14 10 132 83 77 133 15 11 134 73 60 135 23 78 136 22 18 137 16 14 138 90 79 139 91 80 140 9 63 141 93 81 142 10 7 143 10 7 144 90 79 145 55 41 146 94 82 147 39 29 148 77 65 149 8 6 150 97 83 151 96 84 152 85 73 153 74 62 154 98 85 155 85 73 156 98 85 157 99 86 158 100 87 159 36 30 160 101 88 161 76 67 162 64 53 163 77 65 164 39 29 165 101 88 166 36 30 167 74 62 168 96 84 169 98 85 170 16 14 171 102 89 172 17 12 173 103 90 174 75 64 175 25 20 176 25 20 177 75 64 178 26 21 179 105 91 180 107 92 181 108 93 182 109 94 183 18 95 184 35 27 185 111 96 186 33 58 187 32 25 188 34 26 189 109 94 190 35 27 191 113 97 192 11 8 193 56 61 194 114 98 195 76 67 196 38 66 197 114 98 198 38 66 199 115 99 200 117 100 201 119 101 202 116 102 203 29 23 204 103 90 205 25 20 206 121 103 207 106 104 208 105 91 209 37 28 210 115 99 211 38 66 212 104 105 213 9 63 214 75 64 215 113 97 216 19 13 217 124 106 218 17 12 219 111 96 220 32 25 221 64 53 222 125 107 223 77 65 224 125 107 225 121 103 226 77 65 227 77 65 228 125 107 229 94 82 230 1 15 231 72 57 232 2 1 233 57 44 234 87 74 235 88 75 236 69 55 237 5 52 238 81 108 239 30 24 240 71 109 241 70 56 242 84 70 243 68 54 244 76 67 245 84 70 246 76 67 247 82 71 248 0 0 249 42 32 250 20 16 251 94 82 252 12 9 253 114 98 254 113 97 255 127 110 256 90 79 257 127 110 258 129 111 259 128 112 260 96 84 261 104 105 262 98 85 263 130 113 264 132 114 265 133 115 266 131 116 267 135 117 268 134 118 269 134 118 270 136 119 271 137 120 272 100 87 273 111 96 274 109 94 275 98 85 276 103 90 277 99 86 278 105 91 279 120 121 280 13 122 281 13 122 282 121 103 283 105 91 284 101 88 285 112 123 286 100 87 287 138 124 288 140 125 289 141 126 290 143 127 291 145 128 292 142 129 293 146 130 294 148 131 295 149 132 296 72 57 297 89 133 298 66 76 299 63 48 300 84 70 301 125 107 302 40 31 303 87 74 304 78 68 305 42 32 306 54 134 307 53 40 308 70 56 309 66 76 310 65 50 311 83 77 312 125 107 313 84 70 314 69 55 315 31 49 316 30 24 317 86 72 318 23 78 319 60 45 320 42 32 321 88 75 322 40 31 323 79 135 324 60 45 325 23 78 326 107 92 327 28 136 328 27 22 329 86 72 330 27 22 331 24 19 332 61 137 333 78 68 334 87 74 335 65 50 336 30 24 337 70 56 338 63 48 339 81 108 340 80 69 341 116 102 342 52 39 343 51 38 344 124 106 345 50 138 346 49 37 347 133 115 348 150 139 349 151 140 350 52 39 351 152 141 352 129 111 353 126 142 354 124 106 355 49 37 356 49 37 357 129 111 358 126 142 359 153 143 360 137 120 361 136 119 362 110 144 363 19 13 364 18 95 365 154 145 366 91 80 367 155 146 368 91 80 369 127 110 370 155 146 371 128 112 372 155 146 373 127 110 374 153 143 375 156 147 376 128 112 377 158 148 378 160 149 379 157 150 380 162 151 381 149 132 382 161 152 383 164 153 384 157 150 385 163 154 386 151 140 387 164 153 388 163 154 389 90 79 390 97 83 391 113 97 392 163 154 393 141 126 394 151 140 395 137 120 396 46 34 397 134 118 398 152 141 399 118 155 400 137 120 401 109 94 402 165 156 403 166 157 404 43 35 405 118 155 406 117 100 407 153 143 408 142 129 409 145 128 410 136 119 411 140 125 412 142 129 413 167 158 414 155 146 415 156 147 416 147 159 417 165 156 418 148 131 419 96 84 420 93 81 421 92 160 422 128 112 423 152 141 424 153 143 425 101 88 426 115 99 427 123 161 428 144 162 429 156 147 430 145 128 431 135 117 432 141 126 433 140 125 434 133 115 435 141 126 436 130 113 437 140 125 438 143 127 439 142 129 440 169 163 441 159 164 442 168 165 443 44 33 444 150 139 445 45 166 446 132 114 447 45 166 448 150 139 449 134 118 450 45 166 451 131 116 452 14 10 453 120 121 454 29 23 455 37 28 456 112 123 457 123 161 458 110 144 459 166 157 460 50 138 461 147 159 462 50 138 463 166 157 464 146 130 465 51 38 466 147 159 467 146 130 468 117 100 469 116 102 470 162 151 471 43 35 472 117 100 473 168 165 474 44 33 475 43 35 476 158 148 477 44 33 478 159 164 479 114 98 480 95 167 481 94 82 482 103 90 483 108 93 484 99 86 485 161 152 486 168 165 487 162 151 488 157 150 489 138 124 490 163 154 491 169 163 492 138 124 493 160 149 494 161 152 495 139 168 496 169 163 497 149 132 498 143 127 499 161 152 500 149 132 501 167 158 502 144 162 503 165 156 504 102 89 505 154 145 506 154 145 507 148 131 508 165 156 509 114 98 510 15 11 511 82 71 512 108 93 513 86 72 514 85 73 515 108 93 516 85 73 517 99 86 518 73 60 519 48 47 520 62 46 521 28 136 522 122 169 523 83 77 524 3 2 525 71 109 526 67 51 527 170 170 528 172 171 529 173 172 530 175 173 531 177 174 532 174 175 533 178 176 534 173 172 535 179 177 536 180 178 537 176 179 538 175 173 539 182 180 540 179 177 541 183 181 542 184 182 543 183 181 544 185 183 545 186 184 546 185 183 547 187 185 548 188 186 549 187 185 550 189 187 551 188 186 552 191 188 553 190 189 554 190 189 555 193 190 556 192 191 557 192 191 558 195 192 559 194 193 560 194 193 561 181 194 562 180 178 563 196 195 564 198 196 565 199 197 566 171 198 567 199 197 568 172 171 569 200 199 570 198 196 571 197 200 572 202 201 573 201 202 574 200 199 575 202 201 576 205 203 577 203 204 578 204 205 579 207 206 580 205 203 581 174 175 582 209 207 583 208 208 584 208 208 585 207 206 586 206 209 587 211 210 588 213 211 589 210 212 590 215 213 591 217 214 592 214 215 593 219 216 594 221 217 595 218 218 596 223 219 597 225 220 598 222 221 599 226 222 600 228 223 601 229 224 602 230 225 603 232 226 604 233 227 605 231 228 606 227 229 607 232 226 608 224 230 609 218 218 610 225 220 611 220 231 612 235 232 613 221 217 614 236 233 615 233 227 616 237 234 617 238 235 618 240 236 619 241 237 620 239 238 621 237 234 622 240 236 623 234 239 624 214 215 625 235 232 626 222 221 627 242 240 628 243 241 629 244 242 630 225 220 631 218 218 632 245 243 633 218 218 634 221 217 635 246 244 636 221 217 637 235 232 638 247 245 639 235 232 640 214 215 641 248 246 642 214 215 643 217 214 644 249 247 645 251 248 646 252 249 647 253 250 648 255 251 649 256 252 650 257 253 651 217 214 652 216 254 653 259 255 654 238 235 655 241 237 656 261 256 657 263 257 658 264 258 659 264 258 660 260 259 661 259 255 662 254 260 663 258 261 664 257 253 665 265 262 666 256 252 667 255 251 668 267 263 669 262 264 670 261 256 671 269 265 672 271 266 673 272 267 674 271 266 675 268 268 676 267 263 677 250 269 678 266 270 679 265 262 680 258 261 681 248 246 682 217 214 683 253 250 684 273 271 685 258 261 686 274 272 687 256 252 688 275 273 689 266 270 690 275 273 691 256 252 692 249 247 693 276 274 694 266 270 695 277 275 696 252 249 697 278 276 698 280 277 699 282 278 700 279 279 701 284 280 702 286 281 703 283 282 704 251 248 705 288 283 706 252 249 707 290 284 708 272 267 709 289 285 710 292 286 711 294 287 712 291 288 713 293 289 714 289 285 715 294 287 716 287 290 717 283 282 718 288 283 719 285 291 720 296 292 721 286 281 722 298 293 723 291 288 724 297 294 725 300 295 726 302 296 727 299 297 728 301 298 729 297 294 730 302 296 731 295 299 732 279 279 733 296 292 734 252 249 735 303 300 736 278 276 737 304 301 738 288 283 739 283 282 740 305 302 741 283 282 742 286 281 743 306 303 744 286 281 745 296 292 746 307 304 747 296 292 748 279 279 749 308 305 750 279 279 751 282 278 752 309 306 753 223 219 754 222 221 755 311 307 756 313 308 757 314 309 758 315 310 759 282 278 760 281 311 761 317 312 762 300 295 763 299 297 764 319 313 765 321 314 766 322 315 767 322 315 768 318 316 769 317 312 770 312 317 771 316 318 772 315 310 773 323 319 774 314 309 775 313 308 776 325 320 777 320 321 778 319 313 779 327 322 780 226 222 781 229 224 782 328 323 783 326 324 784 325 320 785 310 325 786 324 326 787 323 319 788 316 318 789 308 305 790 282 278 791 311 307 792 329 327 793 316 318 794 314 309 795 330 328 796 311 307 797 324 326 798 331 329 799 314 309 800 309 306 801 332 330 802 324 326 803 333 331 804 222 221 805 243 241 806 335 332 807 337 333 808 334 334 809 338 335 810 340 336 811 341 337 812 343 338 813 345 339 814 342 340 815 347 341 816 349 342 817 346 343 818 348 344 819 342 340 820 349 342 821 351 345 822 353 346 823 350 347 824 344 348 825 355 349 826 345 339 827 354 350 828 352 351 829 355 349 830 356 352 831 358 353 832 359 354 833 360 355 834 362 356 835 363 357 836 364 358 837 366 359 838 367 360 839 368 361 840 370 362 841 371 363 842 366 359 843 361 364 844 360 355 845 372 365 846 369 366 847 373 367 848 372 365 849 375 368 850 374 369 851 212 370 852 377 371 853 213 211 854 367 360 855 376 372 856 212 370 857 377 371 858 357 373 859 356 352 860 376 372 861 360 355 862 357 373 863 357 373 864 363 357 865 358 353 866 379 374 867 381 375 868 378 376 869 382 377 870 363 357 871 362 356 872 384 378 873 374 369 874 375 368 875 380 379 876 383 380 877 382 377 878 386 381 879 385 382 880 384 378 881 387 383 882 389 384 883 388 385 884 359 354 885 390 386 886 391 387 887 358 353 888 383 380 889 390 386 890 391 387 891 339 388 892 338 335 893 390 386 894 379 374 895 339 388 896 339 388 897 378 376 898 340 336 899 392 389 900 394 390 901 395 391 902 396 392 903 351 345 904 350 347 905 393 393 906 397 394 907 396 392 908 398 395 909 400 396 910 401 397 911 402 398 912 395 391 913 394 390 914 401 397 915 403 399 916 402 398 917 405 400 918 407 401 919 404 402 920 408 403 921 410 404 922 411 405 923 412 406 924 378 376 925 381 375 926 415 407 927 389 384 928 414 408 929 412 406 930 409 409 931 413 410 932 417 411 933 414 408 934 416 412 935 417 411 936 419 413 937 418 414 938 341 337 939 420 415 940 421 416 941 340 336 942 413 410 943 420 415 944 421 416 945 405 400 946 404 402 947 405 400 948 413 410 949 409 409 950 406 417 951 409 409 952 408 403 953 422 418 954 424 419 955 425 420 956 411 405 957 427 421 958 408 403 959 428 422 960 418 414 961 419 413 962 426 423 963 423 424 964 427 421 965 431 425 966 428 422 967 430 426 968 432 427 969 430 426 970 433 428 971 406 417 972 435 429 973 407 401 974 434 430 975 408 403 976 427 421 977 434 430 978 334 334 979 435 429 980 335 332 981 427 421 982 423 424 983 336 431 984 423 424 985 422 418 986 437 432 987 439 433 988 436 434 989 440 435 990 442 436 991 443 437 992 444 438 993 399 439 994 398 395 995 447 440 996 449 441 997 446 442 998 442 436 999 451 443 1000 443 437 1001 450 444 1002 448 445 1003 451 443 1004 452 446 1005 454 447 1006 455 448 1007 457 449 1008 459 450 1009 456 451 1010 460 452 1011 422 418 1012 425 420 1013 462 453 1014 432 427 1015 433 428 1016 458 454 1017 461 455 1018 460 452 1019 464 456 1020 463 457 1021 462 453 1022 465 458 1023 467 459 1024 466 460 1025 337 333 1026 468 461 1027 469 462 1028 336 431 1029 461 455 1030 468 461 1031 469 462 1032 453 463 1033 452 446 1034 468 461 1035 457 449 1036 453 463 1037 453 463 1038 456 451 1039 454 447 1040 470 464 1041 472 465 1042 473 466 1043 474 467 1044 456 451 1045 459 450 1046 476 468 1047 466 460 1048 467 459 1049 472 465 1050 475 469 1051 474 467 1052 479 470 1053 476 468 1054 478 471 1055 480 472 1056 478 471 1057 481 473 1058 455 448 1059 482 474 1060 483 475 1061 454 447 1062 475 469 1063 482 474 1064 483 475 1065 437 432 1066 436 434 1067 482 474 1068 471 476 1069 437 432 1070 438 477 1071 471 476 1072 470 464 1073 484 478 1074 486 479 1075 487 480 1076 446 442 1077 489 481 1078 447 440 1079 485 482 1080 489 481 1081 488 483 1082 490 484 1083 347 341 1084 346 343 1085 492 485 1086 487 480 1087 486 479 1088 491 486 1089 493 487 1090 492 485 1091 495 488 1092 497 489 1093 494 490 1094 498 491 1095 500 492 1096 501 493 1097 473 466 1098 503 494 1099 470 464 1100 504 495 1101 480 472 1102 481 473 1103 502 496 1104 499 497 1105 503 494 1106 507 498 1107 504 495 1108 506 499 1109 508 500 1110 506 499 1111 509 501 1112 438 477 1113 511 502 1114 439 433 1115 510 503 1116 470 464 1117 503 494 1118 510 503 1119 494 490 1120 511 502 1121 495 488 1122 503 494 1123 499 497 1124 496 504 1125 499 497 1126 498 491 1127 367 360 1128 513 505 1129 364 358 1130 501 493 1131 515 506 1132 498 491 1133 517 507 1134 509 501 1135 516 508 1136 514 509 1137 512 510 1138 515 506 1139 519 511 1140 516 508 1141 518 512 1142 371 363 1143 518 512 1144 368 361 1145 496 504 1146 521 513 1147 497 489 1148 520 514 1149 498 491 1150 515 506 1151 520 514 1152 210 212 1153 521 513 1154 211 210 1155 515 506 1156 512 510 1157 212 370 1158 512 510 1159 367 360 1160 523 515 1161 525 516 1162 522 517 1163 527 518 1164 529 519 1165 526 520 1166 531 521 1167 533 522 1168 530 523 1169 535 524 1170 536 525 1171 534 526 1172 536 525 1173 538 527 1174 537 528 1175 538 527 1176 540 529 1177 539 530 1178 540 529 1179 542 531 1180 541 532 1181 542 531 1182 544 533 1183 543 534 1184 544 533 1185 531 521 1186 545 535 1187 533 522 1188 547 536 1189 546 537 1190 547 536 1191 549 538 1192 548 539 1193 549 538 1194 551 540 1195 550 541 1196 551 540 1197 553 542 1198 552 543 1199 553 542 1200 535 524 1201 554 544 1202 555 545 1203 557 546 1204 558 547 1205 558 547 1206 559 548 1207 560 549 1208 560 549 1209 561 550 1210 562 551 1211 561 550 1212 564 552 1213 562 551 1214 563 553 1215 566 554 1216 564 552 1217 565 555 1218 568 556 1219 566 554 1220 567 557 1221 570 558 1222 568 556 1223 569 559 1224 572 560 1225 570 558 1226 571 561 1227 574 562 1228 572 560 1229 575 563 1230 574 562 1231 573 564 1232 576 565 1233 577 566 1234 578 567 1235 578 567 1236 579 568 1237 580 569 1238 580 569 1239 581 570 1240 582 571 1241 582 571 1242 583 572 1243 584 573 1244 584 573 1245 585 574 1246 586 575 1247 588 576 1248 585 574 1249 587 577 1250 587 577 1251 590 578 1252 588 576 1253 592 579 1254 589 580 1255 591 581 1256 594 582 1257 591 581 1258 593 583 1259 593 583 1260 596 584 1261 594 582 1262 597 585 1263 595 586 1264 598 587 1265 599 588 1266 597 585 1267 598 587 1268 600 589 1269 601 590 1270 602 591 1271 602 591 1272 556 592 1273 555 545 1274 555 545 1275 604 593 1276 603 594 1277 605 595 1278 319 313 1279 322 315 1280 604 593 1281 560 549 1282 607 596 1283 608 597 1284 322 315 1285 317 312 1286 607 596 1287 562 551 1288 609 598 1289 610 599 1290 317 312 1291 299 297 1292 609 598 1293 564 552 1294 611 600 1295 612 601 1296 299 297 1297 302 296 1298 564 552 1299 613 602 1300 611 600 1301 614 603 1302 302 296 1303 297 294 1304 566 554 1305 615 604 1306 613 602 1307 616 605 1308 297 294 1309 291 288 1310 568 556 1311 617 606 1312 615 604 1313 618 607 1314 291 288 1315 294 287 1316 570 558 1317 619 608 1318 617 606 1319 620 609 1320 294 287 1321 289 285 1322 572 560 1323 621 610 1324 619 608 1325 622 611 1326 289 285 1327 272 267 1328 623 612 1329 272 267 1330 271 266 1331 574 562 1332 624 613 1333 621 610 1334 576 565 1335 625 614 1336 624 613 1337 267 263 1338 623 612 1339 271 266 1340 578 567 1341 627 615 1342 625 614 1343 261 256 1344 626 616 1345 267 263 1346 627 615 1347 582 571 1348 629 617 1349 264 258 1350 628 618 1351 261 256 1352 629 617 1353 584 573 1354 631 619 1355 259 255 1356 630 620 1357 264 258 1358 631 619 1359 586 575 1360 633 621 1361 634 622 1362 259 255 1363 241 237 1364 635 623 1365 241 237 1366 240 236 1367 633 621 1368 588 576 1369 636 624 1370 636 624 1371 590 578 1372 637 625 1373 638 626 1374 240 236 1375 237 234 1376 639 627 1377 237 234 1378 233 227 1379 637 625 1380 592 579 1381 640 628 1382 641 629 1383 233 227 1384 232 226 1385 640 628 1386 594 582 1387 642 630 1388 642 630 1389 596 584 1390 643 631 1391 644 632 1392 232 226 1393 227 229 1394 226 222 1395 644 632 1396 227 229 1397 596 584 1398 646 633 1399 643 631 1400 328 323 1401 645 634 1402 226 222 1403 597 585 1404 648 635 1405 646 633 1406 600 589 1407 649 636 1408 648 635 1409 325 320 1410 647 637 1411 328 323 1412 602 591 1413 603 594 1414 649 636 1415 319 313 1416 650 638 1417 325 320 1418 636 624 1419 652 639 1420 633 621 1421 611 600 1422 654 640 1423 609 598 1424 654 640 1425 607 596 1426 609 598 1427 655 641 1428 604 593 1429 607 596 1430 656 642 1431 603 594 1432 604 593 1433 657 643 1434 649 636 1435 603 594 1436 658 644 1437 648 635 1438 649 636 1439 659 645 1440 646 633 1441 648 635 1442 646 633 1443 661 646 1444 643 631 1445 643 631 1446 662 647 1447 642 630 1448 642 630 1449 663 648 1450 640 628 1451 640 628 1452 664 649 1453 637 625 1454 637 625 1455 651 650 1456 636 624 1457 652 639 1458 631 619 1459 633 621 1460 665 651 1461 629 617 1462 631 619 1463 666 652 1464 627 615 1465 629 617 1466 667 653 1467 625 614 1468 627 615 1469 668 654 1470 624 613 1471 625 614 1472 669 655 1473 621 610 1474 624 613 1475 670 656 1476 619 608 1477 621 610 1478 619 608 1479 672 657 1480 617 606 1481 617 606 1482 673 658 1483 615 604 1484 615 604 1485 674 659 1486 613 602 1487 613 602 1488 653 660 1489 611 600 1490 651 650 1491 676 661 1492 652 639 1493 653 660 1494 678 662 1495 654 640 1496 654 640 1497 679 663 1498 655 641 1499 679 663 1500 656 642 1501 655 641 1502 680 664 1503 657 643 1504 656 642 1505 681 665 1506 658 644 1507 657 643 1508 682 666 1509 659 645 1510 658 644 1511 683 667 1512 660 668 1513 659 645 1514 684 669 1515 661 646 1516 660 668 1517 661 646 1518 686 670 1519 662 647 1520 662 647 1521 687 671 1522 663 648 1523 663 648 1524 688 672 1525 664 649 1526 664 649 1527 675 673 1528 651 650 1529 652 639 1530 689 674 1531 665 651 1532 665 651 1533 690 675 1534 666 652 1535 690 675 1536 667 653 1537 666 652 1538 691 676 1539 668 654 1540 667 653 1541 692 677 1542 669 655 1543 668 654 1544 693 678 1545 670 656 1546 669 655 1547 694 679 1548 671 680 1549 670 656 1550 695 681 1551 672 657 1552 671 680 1553 696 682 1554 673 658 1555 672 657 1556 697 683 1557 674 659 1558 673 658 1559 674 659 1560 677 684 1561 653 660 1562 699 685 1563 676 661 1564 675 673 1565 701 686 1566 678 662 1567 677 684 1568 678 662 1569 703 687 1570 679 663 1571 679 663 1572 704 688 1573 680 664 1574 680 664 1575 705 689 1576 681 665 1577 681 665 1578 706 690 1579 682 666 1580 682 666 1581 707 691 1582 683 667 1583 683 667 1584 708 692 1585 684 669 1586 708 692 1587 685 693 1588 684 669 1589 709 694 1590 686 670 1591 685 693 1592 710 695 1593 687 671 1594 686 670 1595 711 696 1596 688 672 1597 687 671 1598 712 697 1599 675 673 1600 688 672 1601 676 661 1602 713 698 1603 689 674 1604 689 674 1605 714 699 1606 690 675 1607 690 675 1608 715 700 1609 691 676 1610 691 676 1611 716 701 1612 692 677 1613 692 677 1614 717 702 1615 693 678 1616 693 678 1617 718 703 1618 694 679 1619 718 703 1620 695 681 1621 694 679 1622 719 704 1623 696 682 1624 695 681 1625 720 705 1626 697 683 1627 696 682 1628 721 706 1629 698 707 1630 697 683 1631 722 708 1632 677 684 1633 698 707 1634 699 685 1635 724 709 1636 700 710 1637 725 711 1638 702 712 1639 701 686 1640 702 712 1641 727 713 1642 703 687 1643 703 687 1644 728 714 1645 704 688 1646 704 688 1647 729 715 1648 705 689 1649 705 689 1650 730 716 1651 706 690 1652 706 690 1653 731 717 1654 707 691 1655 707 691 1656 732 718 1657 708 692 1658 732 718 1659 709 694 1660 708 692 1661 733 719 1662 710 695 1663 709 694 1664 734 720 1665 711 696 1666 710 695 1667 711 696 1668 736 721 1669 712 697 1670 712 697 1671 723 722 1672 699 685 1673 700 710 1674 737 723 1675 713 698 1676 713 698 1677 738 724 1678 714 699 1679 714 699 1680 739 725 1681 715 700 1682 715 700 1683 740 726 1684 716 701 1685 716 701 1686 741 727 1687 717 702 1688 741 727 1689 718 703 1690 717 702 1691 742 728 1692 719 704 1693 718 703 1694 743 729 1695 720 705 1696 719 704 1697 744 730 1698 721 706 1699 720 705 1700 745 731 1701 722 708 1702 721 706 1703 746 732 1704 701 686 1705 722 708 1706 723 722 1707 748 733 1708 724 709 1709 725 711 1710 750 734 1711 726 735 1712 750 734 1713 727 713 1714 726 735 1715 751 736 1716 728 714 1717 727 713 1718 752 737 1719 729 715 1720 728 714 1721 753 738 1722 730 716 1723 729 715 1724 754 739 1725 731 717 1726 730 716 1727 755 740 1728 732 718 1729 731 717 1730 732 718 1731 757 741 1732 733 719 1733 733 719 1734 758 742 1735 734 720 1736 734 720 1737 759 743 1738 735 744 1739 735 744 1740 760 745 1741 736 721 1742 736 721 1743 747 746 1744 723 722 1745 748 733 1746 737 723 1747 724 709 1748 761 747 1749 738 724 1750 737 723 1751 762 748 1752 739 725 1753 738 724 1754 763 749 1755 740 726 1756 739 725 1757 764 750 1758 741 727 1759 740 726 1760 765 751 1761 742 728 1762 741 727 1763 742 728 1764 767 752 1765 743 729 1766 743 729 1767 768 753 1768 744 730 1769 744 730 1770 769 754 1771 745 731 1772 745 731 1773 770 755 1774 746 732 1775 746 732 1776 749 756 1777 725 711 1778 747 746 1779 772 757 1780 748 733 1781 773 758 1782 750 734 1783 749 756 1784 774 759 1785 751 736 1786 750 734 1787 775 760 1788 752 737 1789 751 736 1790 776 761 1791 753 738 1792 752 737 1793 777 762 1794 754 739 1795 753 738 1796 778 763 1797 755 740 1798 754 739 1799 779 764 1800 756 765 1801 755 740 1802 756 765 1803 781 766 1804 757 741 1805 757 741 1806 782 767 1807 758 742 1808 758 742 1809 783 768 1810 759 743 1811 759 743 1812 784 769 1813 760 745 1814 760 745 1815 771 770 1816 747 746 1817 748 733 1818 785 771 1819 761 747 1820 785 771 1821 762 748 1822 761 747 1823 786 772 1824 763 749 1825 762 748 1826 787 773 1827 764 750 1828 763 749 1829 788 774 1830 765 751 1831 764 750 1832 789 775 1833 766 776 1834 765 751 1835 766 776 1836 791 777 1837 767 752 1838 767 752 1839 792 778 1840 768 753 1841 768 753 1842 793 779 1843 769 754 1844 769 754 1845 794 780 1846 770 755 1847 770 755 1848 773 758 1849 749 756 1850 771 770 1851 796 781 1852 772 757 1853 797 782 1854 774 759 1855 773 758 1856 798 783 1857 775 760 1858 774 759 1859 799 784 1860 776 761 1861 775 760 1862 528 785 1863 777 762 1864 776 761 1865 777 762 1866 526 520 1867 778 763 1868 778 763 1869 800 786 1870 779 764 1871 779 764 1872 524 787 1873 780 788 1874 524 787 1875 781 766 1876 780 788 1877 523 515 1878 782 767 1879 781 766 1880 801 789 1881 783 768 1882 782 767 1883 783 768 1884 803 790 1885 784 769 1886 784 769 1887 795 791 1888 771 770 1889 772 757 1890 804 792 1891 785 771 1892 785 771 1893 805 793 1894 786 772 1895 805 793 1896 787 773 1897 786 772 1898 806 794 1899 788 774 1900 787 773 1901 807 795 1902 789 775 1903 788 774 1904 808 796 1905 790 797 1906 789 775 1907 790 797 1908 810 798 1909 791 777 1910 791 777 1911 811 799 1912 792 778 1913 792 778 1914 812 800 1915 793 779 1916 793 779 1917 813 801 1918 794 780 1919 813 801 1920 773 758 1921 794 780 1922 525 516 1923 800 786 1924 814 802 1925 801 789 1926 522 517 1927 815 803 1928 802 804 1929 815 803 1930 803 790 1931 526 520 1932 814 802 1933 800 786 1934 803 790 1935 816 805 1936 795 791 1937 815 803 1938 817 806 1939 816 805 1940 522 517 1941 818 807 1942 817 806 1943 818 807 1944 814 802 1945 819 808 1946 529 519 1947 819 808 1948 814 802 1949 528 785 1950 820 809 1951 529 519 1952 795 791 1953 821 810 1954 796 781 1955 816 805 1956 822 811 1957 821 810 1958 823 812 1959 817 806 1960 818 807 1961 818 807 1962 824 813 1963 823 812 1964 820 809 1965 824 813 1966 819 808 1967 799 784 1968 825 814 1969 820 809 1970 821 810 1971 827 815 1972 796 781 1973 827 815 1974 804 792 1975 796 781 1976 822 811 1977 826 816 1978 821 810 1979 823 812 1980 829 817 1981 822 811 1982 831 818 1983 823 812 1984 824 813 1985 832 819 1986 824 813 1987 825 814 1988 833 820 1989 825 814 1990 798 783 1991 797 782 1992 833 820 1993 798 783 1994 828 821 1995 805 793 1996 804 792 1997 813 801 1998 834 822 1999 797 782 2000 835 823 2001 806 794 2002 805 793 2003 837 824 2004 807 795 2005 806 794 2006 838 825 2007 808 796 2008 807 795 2009 839 826 2010 809 827 2011 808 796 2012 840 828 2013 810 798 2014 809 827 2015 841 829 2016 811 799 2017 810 798 2018 811 799 2019 843 830 2020 812 800 2021 812 800 2022 836 831 2023 813 801 2024 826 816 2025 171 198 2026 827 815 2027 827 815 2028 170 170 2029 828 821 2030 829 817 2031 844 832 2032 826 816 2033 830 833 2034 845 834 2035 829 817 2036 847 835 2037 830 833 2038 831 818 2039 848 836 2040 831 818 2041 832 819 2042 174 175 2043 832 819 2044 833 820 2045 834 822 2046 174 175 2047 833 820 2048 170 170 2049 835 823 2050 828 821 2051 836 831 2052 175 173 2053 834 822 2054 178 176 2055 837 824 2056 835 823 2057 182 180 2058 838 825 2059 837 824 2060 184 182 2061 839 826 2062 838 825 2063 186 184 2064 840 828 2065 839 826 2066 188 186 2067 841 829 2068 840 828 2069 190 189 2070 842 837 2071 841 829 2072 842 837 2073 194 193 2074 843 830 2075 843 830 2076 180 178 2077 836 831 2078 391 387 2079 850 838 2080 359 354 2081 483 475 2082 852 839 2083 455 448 2084 455 448 2085 853 840 2086 452 446 2087 452 446 2088 854 841 2089 469 462 2090 469 462 2091 855 842 2092 337 333 2093 855 842 2094 334 334 2095 337 333 2096 856 843 2097 435 429 2098 334 334 2099 857 844 2100 407 401 2101 435 429 2102 858 845 2103 404 402 2104 407 401 2105 859 846 2106 421 416 2107 404 402 2108 421 416 2109 861 847 2110 341 337 2111 341 337 2112 862 848 2113 338 335 2114 338 335 2115 849 849 2116 391 387 2117 359 354 2118 863 850 2119 356 352 2120 356 352 2121 864 851 2122 377 371 2123 864 851 2124 213 211 2125 377 371 2126 865 852 2127 210 212 2128 213 211 2129 866 853 2130 521 513 2131 210 212 2132 867 854 2133 497 489 2134 521 513 2135 868 855 2136 494 490 2137 497 489 2138 869 856 2139 511 502 2140 494 490 2141 511 502 2142 871 857 2143 439 433 2144 871 857 2145 436 434 2146 439 433 2147 872 858 2148 483 475 2149 436 434 2150 873 859 2151 850 838 2152 849 849 2153 875 860 2154 852 839 2155 851 861 2156 876 862 2157 853 840 2158 852 839 2159 877 863 2160 854 841 2161 853 840 2162 878 864 2163 855 842 2164 854 841 2165 855 842 2166 880 865 2167 856 843 2168 856 843 2169 881 866 2170 857 844 2171 857 844 2172 882 867 2173 858 845 2174 858 845 2175 883 868 2176 859 846 2177 883 868 2178 860 869 2179 859 846 2180 884 870 2181 861 847 2182 860 869 2183 885 871 2184 862 848 2185 861 847 2186 886 872 2187 849 849 2188 862 848 2189 874 873 2190 863 850 2191 850 838 2192 887 874 2193 864 851 2194 863 850 2195 864 851 2196 889 875 2197 865 852 2198 865 852 2199 890 876 2200 866 853 2201 866 853 2202 891 877 2203 867 854 2204 867 854 2205 892 878 2206 868 855 2207 868 855 2208 893 879 2209 869 856 2210 869 856 2211 894 880 2212 870 881 2213 870 881 2214 895 882 2215 871 857 2216 895 882 2217 872 858 2218 871 857 2219 896 883 2220 851 861 2221 872 858 2222 844 832 2223 196 195 2224 171 198 2225 845 834 2226 197 200 2227 844 832 2228 846 884 2229 200 199 2230 845 834 2231 204 205 2232 846 884 2233 847 835 2234 206 209 2235 847 835 2236 848 836 2237 208 208 2238 848 836 2239 174 175 2240 441 885 2241 445 886 2242 444 438 2243 873 859 2244 530 523 2245 874 873 2246 887 874 2247 530 523 2248 533 522 2249 887 874 2250 546 537 2251 888 887 2252 889 875 2253 546 537 2254 547 536 2255 889 875 2256 548 539 2257 890 876 2258 891 877 2259 548 539 2260 549 538 2261 891 877 2262 550 541 2263 892 878 2264 893 879 2265 550 541 2266 551 540 2267 893 879 2268 552 543 2269 894 880 2270 895 882 2271 552 543 2272 553 542 2273 895 882 2274 554 544 2275 896 883 2276 875 860 2277 554 544 2278 535 524 2279 875 860 2280 534 526 2281 876 862 2282 877 863 2283 534 526 2284 536 525 2285 877 863 2286 537 528 2287 878 864 2288 879 888 2289 537 528 2290 538 527 2291 879 888 2292 539 530 2293 880 865 2294 881 866 2295 539 530 2296 540 529 2297 881 866 2298 541 532 2299 882 867 2300 883 868 2301 541 532 2302 542 531 2303 883 868 2304 543 534 2305 884 870 2306 885 871 2307 543 534 2308 544 533 2309 885 871 2310 545 535 2311 886 872 2312 873 859 2313 545 535 2314 531 521 2315 897 889 2316 899 890 2317 900 891 2318 901 892 2319 899 890 2320 902 893 2321 903 894 2322 902 893 2323 904 895 2324 905 896 2325 903 894 2326 904 895 2327 906 897 2328 908 898 2329 907 899 2330 907 899 2331 910 900 2332 909 901 2333 909 901 2334 912 902 2335 911 903 2336 911 903 2337 914 904 2338 913 905 2339 913 905 2340 916 906 2341 915 907 2342 917 908 2343 915 907 2344 916 906 2345 918 909 2346 920 910 2347 919 911 2348 921 912 2349 919 911 2350 920 910 2351 923 913 2352 922 914 2353 921 912 2354 925 915 2355 923 913 2356 926 916 2357 927 917 2358 926 916 2359 928 918 2360 930 919 2361 928 918 2362 929 920 2363 931 921 2364 929 920 2365 932 922 2366 931 921 2367 934 923 2368 933 924 2369 933 924 2370 936 925 2371 935 926 2372 937 927 2373 936 925 2374 938 928 2375 939 929 2376 938 928 2377 940 930 2378 942 931 2379 940 930 2380 941 932 2381 943 933 2382 941 932 2383 944 934 2384 943 933 2385 898 935 2386 897 889 2387 401 397 2388 278 276 2389 398 395 2390 277 275 2391 402 398 2392 276 274 2393 276 274 2394 394 390 2395 275 273 2396 393 393 2397 275 273 2398 394 390 2399 274 272 2400 396 392 2401 273 271 2402 248 246 2403 396 392 2404 350 347 2405 350 347 2406 247 245 2407 248 246 2408 246 244 2409 353 346 2410 354 350 2411 245 243 2412 354 350 2413 344 348 2414 344 348 2415 244 242 2416 245 243 2417 343 338 2418 242 240 2419 244 242 2420 243 241 2421 348 344 2422 347 341 2423 491 486 2424 243 241 2425 347 341 2426 333 331 2427 492 485 2428 332 330 2429 332 330 2430 486 479 2431 331 329 2432 331 329 2433 485 482 2434 330 328 2435 330 328 2436 488 483 2437 329 327 2438 329 327 2439 446 442 2440 308 305 2441 446 442 2442 307 304 2443 308 305 2444 306 303 2445 449 441 2446 450 444 2447 305 302 2448 450 444 2449 442 436 2450 442 436 2451 304 301 2452 305 302 2453 441 885 2454 303 300 2455 304 301 2456 303 300 2457 398 395 2458 278 276 2459 946 936 2460 948 937 2461 945 938 2462 949 939 2463 947 940 2464 946 936 2465 951 941 2466 950 942 2467 949 939 2468 951 941 2469 954 943 2470 952 944 2471 955 945 2472 954 943 2473 953 946 2474 957 947 2475 956 948 2476 955 945 2477 959 949 2478 958 950 2479 957 947 2480 959 949 2481 962 951 2482 960 952 2483 961 953 2484 964 954 2485 962 951 2486 963 955 2487 966 956 2488 964 954 2489 965 957 2490 968 958 2491 966 956 2492 967 959 2493 970 960 2494 968 958 2495 969 961 2496 972 962 2497 970 960 2498 973 963 2499 972 962 2500 971 964 2501 975 965 2502 974 966 2503 973 963 2504 977 967 2505 976 968 2506 975 965 2507 979 969 2508 978 970 2509 977 967 2510 981 971 2511 980 972 2512 979 969 2513 981 971 2514 984 973 2515 982 974 2516 983 975 2517 986 976 2518 984 973 2519 985 977 2520 988 978 2521 986 976 2522 987 979 2523 990 980 2524 988 978 2525 989 981 2526 992 982 2527 990 980 2528 945 938 2529 992 982 2530 991 983 2531 993 984 2532 995 985 2533 996 986 2534 994 987 2535 998 988 2536 995 985 2537 997 989 2538 1000 990 2539 998 988 2540 1001 991 2541 1000 990 2542 999 992 2543 1001 991 2544 1004 993 2545 1002 994 2546 1003 995 2547 1006 996 2548 1004 993 2549 1005 997 2550 1008 998 2551 1006 996 2552 1009 999 2553 1008 998 2554 1007 1000 2555 1011 1001 2556 1010 1002 2557 1009 999 2558 1013 1003 2559 1012 1004 2560 1011 1001 2561 1015 1005 2562 1014 1006 2563 1013 1003 2564 1017 1007 2565 1016 1008 2566 1015 1005 2567 1019 1009 2568 1018 1010 2569 1017 1007 2570 1021 1011 2571 1020 1012 2572 1019 1009 2573 1021 1011 2574 1024 1013 2575 1022 1014 2576 1023 1015 2577 1026 1016 2578 1024 1013 2579 1025 1017 2580 1028 1018 2581 1026 1016 2582 1027 1019 2583 1030 1020 2584 1028 1018 2585 1029 1021 2586 1032 1022 2587 1030 1020 2588 1033 1023 2589 1032 1022 2590 1031 1024 2591 1035 1025 2592 1034 1026 2593 1033 1023 2594 1037 1027 2595 1036 1028 2596 1035 1025 2597 1039 1029 2598 1038 1030 2599 1037 1027 2600 1039 1029 2601 996 986 2602 1040 1031 2603 1042 1032 2604 945 938 2605 1041 1033 2606 1043 1034 2607 946 936 2608 1042 1032 2609 1044 1035 2610 949 939 2611 1043 1034 2612 1044 1035 2613 953 946 2614 951 941 2615 1046 1036 2616 953 946 2617 1045 1037 2618 1047 1038 2619 955 945 2620 1046 1036 2621 1048 1039 2622 957 947 2623 1047 1038 2624 1048 1039 2625 961 953 2626 959 949 2627 1049 1040 2628 963 955 2629 961 953 2630 1050 1041 2631 965 957 2632 963 955 2633 1051 1042 2634 967 959 2635 965 957 2636 1052 1043 2637 969 961 2638 967 959 2639 1053 1044 2640 971 964 2641 969 961 2642 1055 1045 2643 971 964 2644 1054 1046 2645 1056 1047 2646 973 963 2647 1055 1045 2648 1057 1048 2649 975 965 2650 1056 1047 2651 1058 1049 2652 977 967 2653 1057 1048 2654 1059 1050 2655 979 969 2656 1058 1049 2657 1059 1050 2658 983 975 2659 981 971 2660 1060 1051 2661 985 977 2662 983 975 2663 1061 1052 2664 987 979 2665 985 977 2666 1062 1053 2667 1064 1054 2668 987 979 2669 1063 1055 2670 1065 1056 2671 1064 1054 2672 1041 1033 2673 991 983 2674 1065 1056 2675 433 428 2676 1066 1057 2677 462 453 2678 1043 1034 2679 1042 1032 2680 433 428 2681 1043 1034 2682 428 422 2683 1067 1058 2684 1067 1058 2685 419 413 2686 1045 1037 2687 416 412 2688 1045 1037 2689 419 413 2690 1047 1038 2691 416 412 2692 414 408 2693 1048 1039 2694 414 408 2695 389 384 2696 1049 1040 2697 389 384 2698 386 381 2699 1050 1041 2700 386 381 2701 384 378 2702 1051 1042 2703 384 378 2704 375 368 2705 1052 1043 2706 375 368 2707 373 367 2708 1053 1044 2709 373 367 2710 369 366 2711 1054 1046 2712 369 366 2713 368 361 2714 518 512 2715 1054 1046 2716 368 361 2717 1055 1045 2718 516 508 2719 1056 1047 2720 1056 1047 2721 509 501 2722 1057 1048 2723 506 499 2724 1057 1048 2725 509 501 2726 1058 1049 2727 504 495 2728 1059 1050 2729 1059 1050 2730 481 473 2731 1060 1051 2732 1061 1052 2733 481 473 2734 478 471 2735 1062 1053 2736 478 471 2737 476 468 2738 1063 1055 2739 476 468 2740 467 459 2741 1065 1056 2742 467 459 2743 464 456 2744 1066 1057 2745 464 456 2746 462 453 2747 295 299 2748 292 286 2749 298 293 2750 293 289 2751 285 291 2752 284 280 2753 290 284 2754 284 280 2755 287 290 2756 269 265 2757 287 290 2758 251 248 2759 251 248 2760 270 1059 2761 269 265 2762 270 1059 2763 265 262 2764 268 268 2765 268 268 2766 255 251 2767 262 264 2768 262 264 2769 254 260 2770 263 257 2771 263 257 2772 257 253 2773 260 259 2774 260 259 2775 216 254 2776 238 235 2777 216 254 2778 239 238 2779 238 235 2780 236 233 2781 215 213 2782 234 239 2783 234 239 2784 230 225 2785 236 233 2786 220 231 2787 231 228 2788 230 225 2789 228 223 2790 219 216 2791 224 230 2792 229 224 2793 224 230 2794 223 219 2795 310 325 2796 229 224 2797 223 219 2798 327 322 2799 323 319 2800 326 324 2801 326 324 2802 313 308 2803 320 321 2804 320 321 2805 312 317 2806 321 314 2807 321 314 2808 315 310 2809 318 316 2810 318 316 2811 281 311 2812 300 295 2813 301 298 2814 281 311 2815 280 277 2816 298 293 2817 280 277 2818 295 299 2819 567 557 2820 614 603 2821 616 605 2822 612 601 2823 565 555 2824 563 553 2825 610 599 2826 563 553 2827 561 550 2828 610 599 2829 559 548 2830 608 597 2831 608 597 2832 557 546 2833 605 595 2834 605 595 2835 556 592 2836 606 1060 2837 606 1060 2838 601 590 2839 650 638 2840 650 638 2841 599 588 2842 647 637 2843 647 637 2844 598 587 2845 645 634 2846 645 634 2847 595 586 2848 644 632 2849 641 629 2850 595 586 2851 593 583 2852 639 627 2853 593 583 2854 591 581 2855 638 626 2856 591 581 2857 589 580 2858 635 623 2859 589 580 2860 587 577 2861 634 622 2862 587 577 2863 585 574 2864 634 622 2865 583 572 2866 632 1061 2867 632 1061 2868 581 570 2869 630 620 2870 630 620 2871 579 568 2872 628 618 2873 628 618 2874 577 566 2875 626 616 2876 626 616 2877 575 563 2878 623 612 2879 623 612 2880 573 564 2881 622 611 2882 620 609 2883 573 564 2884 571 561 2885 618 607 2886 571 561 2887 569 559 2888 616 605 2889 569 559 2890 567 557 2891 489 481 2892 1069 1062 2893 447 440 2894 484 478 2895 1068 1063 2896 489 481 2897 1070 1064 2898 487 480 2899 1071 1065 2900 487 480 2901 1072 1066 2902 1071 1065 2903 493 487 2904 1073 1067 2905 1072 1066 2906 1074 1068 2907 490 484 2908 346 343 2909 1074 1068 2910 349 342 2911 1075 1069 2912 342 340 2913 1075 1069 2914 349 342 2915 1076 1070 2916 345 339 2917 1077 1071 2918 355 349 2919 1077 1071 2920 345 339 2921 352 351 2922 1078 1072 2923 355 349 2924 351 345 2925 1079 1073 2926 352 351 2927 397 394 2928 1080 1074 2929 351 345 2930 397 394 2931 1082 1075 2932 1081 1076 2933 1083 1077 2934 392 389 2935 395 391 2936 395 391 2937 1084 1078 2938 1083 1077 2939 403 399 2940 1085 1079 2941 1084 1078 2942 1086 1080 2943 400 396 2944 399 439 2945 445 886 2946 1086 1080 2947 399 439 2948 440 435 2949 1087 1081 2950 445 886 2951 1088 1082 2952 443 437 2953 1089 1083 2954 451 443 2955 1089 1083 2956 443 437 2957 448 445 2958 1090 1084 2959 451 443 2960 447 440 2961 1091 1085 2962 448 445 2963 1093 1086 2964 1095 1087 2965 1092 1088 2966 1096 1089 2967 1093 1086 2968 1092 1088 2969 1098 1090 2970 1100 1091 2971 1101 1092 2972 1102 1093 2973 1104 1094 2974 1105 1095 2975 1107 1096 2976 1109 1097 2977 1106 1098 2978 1109 1097 2979 1111 1099 2980 1112 1100 2981 1113 1101 2982 1097 1102 2983 1096 1089 2984 1116 1103 2985 1118 1104 2986 1115 1105 2987 1119 1106 2988 1115 1105 2989 1121 1107 2990 1122 1108 2991 1115 1105 2992 1118 1104 2993 1124 1109 2994 1126 1110 2995 1123 1111 2996 1103 1112 2997 1128 1113 2998 1104 1094 2999 1129 1114 3000 1130 1115 3001 1131 1116 3002 1133 1117 3003 1135 1118 3004 1132 1119 3005 1102 1093 3006 1134 1120 3007 1133 1117 3008 1136 1121 3009 1101 1092 3010 1137 1122 3011 1120 1123 3012 1114 1124 3013 1113 1101 3014 1138 1125 3015 1095 1087 3016 1130 1115 3017 1099 1126 3018 1141 1127 3019 1100 1091 3020 1142 1128 3021 1125 1129 3022 1124 1109 3023 1118 1104 3024 1145 1130 3025 1122 1108 3026 1146 1131 3027 1113 1101 3028 1096 1089 3029 1148 1132 3030 1115 1105 3031 1120 1123 3032 1092 1088 3033 1146 1131 3034 1096 1089 3035 1149 1133 3036 1095 1087 3037 1139 1134 3038 1151 1135 3039 1132 1119 3040 1150 1136 3041 1127 1137 3042 1126 1110 3043 1128 1113 3044 1152 1138 3045 1124 1109 3046 1153 1139 3047 1132 1119 3048 1141 1127 3049 1140 1140 3050 1154 1141 3051 1102 1093 3052 1155 1142 3053 1155 1142 3054 1156 1143 3055 1154 1141 3056 1157 1144 3057 1123 1111 3058 1127 1137 3059 1159 1145 3060 1112 1100 3061 1144 1146 3062 1110 1147 3063 1108 1148 3064 1129 1114 3065 1161 1149 3066 1099 1126 3067 1098 1090 3068 1094 1150 3069 1130 1115 3070 1095 1087 3071 1120 1123 3072 1147 1151 3073 1148 1132 3074 1153 1139 3075 1123 1111 3076 1158 1152 3077 1143 1153 3078 1136 1121 3079 1137 1122 3080 1161 1149 3081 1136 1121 3082 1163 1154 3083 1140 1140 3084 1162 1155 3085 1164 1156 3086 1112 1100 3087 1106 1098 3088 1109 1097 3089 1136 1121 3090 1152 1138 3091 1163 1154 3092 1157 1144 3093 1103 1112 3094 1154 1141 3095 1117 1157 3096 1144 1146 3097 1118 1104 3098 1150 1136 3099 1140 1140 3100 1164 1156 3101 1155 1142 3102 1133 1117 3103 1151 1135 3104 1108 1148 3105 1138 1125 3106 1130 1115 3107 1151 1135 3108 1165 1158 3109 1156 1143 3110 1165 1158 3111 1164 1156 3112 1162 1155 3113 1154 1141 3114 1166 1159 3115 1157 1144 3116 1156 1143 3117 1167 1160 3118 1166 1159 3119 1165 1158 3120 1161 1149 3121 1167 1160 3122 1158 1152 3123 1166 1159 3124 1153 1139 3125 1166 1159 3126 1152 1138 3127 1153 1139 3128 1167 1160 3129 1163 1154 3130 1152 1138 3131 1111 1099 3132 1144 1146 3133 1112 1100 3134 1100 1091 3135 1168 1161 3136 1169 1162 3137 1101 1092 3138 1169 1162 3139 1170 1163 3140 1137 1122 3141 1170 1163 3142 1171 1164 3143 1172 1165 3144 1137 1122 3145 1171 1164 3146 1143 1153 3147 1173 1166 3148 1125 1129 3149 1125 1129 3150 1174 1167 3151 1126 1110 3152 1128 1113 3153 1174 1167 3154 1175 1168 3155 1104 1094 3156 1175 1168 3157 1176 1169 3158 1104 1094 3159 1177 1170 3160 1105 1095 3161 1105 1095 3162 1178 1171 3163 1134 1120 3164 1134 1120 3165 1179 1172 3166 1135 1118 3167 1135 1118 3168 1168 1161 3169 1141 1127 3170 1169 1162 3171 1180 1173 3172 1181 1174 3173 1170 1163 3174 1181 1174 3175 1182 1175 3176 1171 1164 3177 1182 1175 3178 1183 1176 3179 1184 1177 3180 1171 1164 3181 1183 1176 3182 1172 1165 3183 1185 1178 3184 1173 1166 3185 1173 1166 3186 1186 1179 3187 1174 1167 3188 1175 1168 3189 1186 1179 3190 1187 1180 3191 1176 1169 3192 1187 1180 3193 1188 1181 3194 1177 1170 3195 1188 1181 3196 1189 1182 3197 1177 1170 3198 1190 1183 3199 1178 1171 3200 1178 1171 3201 1191 1184 3202 1179 1172 3203 1179 1172 3204 1180 1173 3205 1168 1161 3206 1182 1175 3207 1192 1185 3208 1193 1186 3209 1183 1176 3210 1193 1186 3211 1194 1187 3212 1184 1177 3213 1194 1187 3214 1195 1188 3215 1185 1178 3216 1195 1188 3217 1196 1189 3218 1186 1179 3219 1196 1189 3220 1197 1190 3221 1186 1179 3222 1198 1191 3223 1187 1180 3224 1187 1180 3225 1199 1192 3226 1188 1181 3227 1188 1181 3228 1200 1193 3229 1189 1182 3230 1190 1183 3231 1200 1193 3232 1201 1194 3233 1191 1184 3234 1201 1194 3235 1202 1195 3236 1191 1184 3237 1203 1196 3238 1180 1173 3239 1180 1173 3240 1192 1185 3241 1181 1174 3242 1192 1185 3243 1205 1197 3244 1193 1186 3245 1193 1186 3246 1206 1198 3247 1194 1187 3248 1195 1188 3249 1206 1198 3250 1207 1199 3251 1196 1189 3252 1207 1199 3253 1208 1200 3254 1197 1190 3255 1208 1200 3256 1209 1201 3257 1197 1190 3258 1210 1202 3259 1198 1191 3260 1198 1191 3261 1211 1203 3262 1199 1192 3263 1200 1193 3264 1211 1203 3265 1212 1204 3266 1201 1194 3267 1212 1204 3268 1213 1205 3269 1201 1194 3270 1214 1206 3271 1202 1195 3272 1203 1196 3273 1214 1206 3274 1215 1207 3275 1192 1185 3276 1215 1207 3277 1204 1208 3278 1204 1208 3279 1139 1134 3280 1205 1197 3281 1205 1197 3282 1138 1125 3283 1206 1198 3284 1207 1199 3285 1138 1125 3286 1107 1096 3287 1208 1200 3288 1107 1096 3289 1106 1098 3290 1209 1201 3291 1106 1098 3292 1160 1209 3293 1209 1201 3294 1159 1145 3295 1210 1202 3296 1211 1203 3297 1159 1145 3298 1117 1157 3299 1212 1204 3300 1117 1157 3301 1116 1103 3302 1213 1205 3303 1116 1103 3304 1148 1132 3305 1214 1206 3306 1148 1132 3307 1147 1151 3308 1215 1207 3309 1147 1151 3310 1146 1131 3311 1215 1207 3312 1149 1133 3313 1204 1208 3314 1043 1034 3315 433 428 3316 430 426 3317 1043 1034 3318 1067 1058 3319 1044 1035 3320 1045 1037 3321 1044 1035 3322 1067 1058 3323 1042 1032 3324 1066 1057 3325 433 428 3326 1041 1033 3327 1065 1056 3328 1066 1057 3329 1064 1054 3330 991 983 3331 989 981 3332 987 979 3333 1064 1054 3334 989 981 3335 1216 1210 3336 901 892 3337 903 894 3338 1217 1211 3339 900 891 3340 901 892 3341 1219 1212 3342 900 891 3343 1218 1213 3344 1220 1214 3345 897 889 3346 1219 1212 3347 1220 1214 3348 942 931 3349 943 933 3350 939 929 3351 1221 1215 3352 1222 1216 3353 1222 1216 3354 937 927 3355 939 929 3356 1224 1217 3357 937 927 3358 1223 1218 3359 1225 1219 3360 935 926 3361 1224 1217 3362 1226 1220 3363 933 924 3364 1225 1219 3365 1226 1220 3366 930 919 3367 931 921 3368 927 917 3369 1227 1221 3370 1228 1222 3371 1228 1222 3372 925 915 3373 927 917 3374 1229 1223 3375 924 1224 3376 925 915 3377 924 1224 3378 1231 1225 3379 922 914 3380 922 914 3381 1232 1226 3382 919 911 3383 1233 1227 3384 919 911 3385 1232 1226 3386 918 909 3387 1234 1228 3388 915 907 3389 1235 1229 3390 915 907 3391 1234 1228 3392 1236 1230 3393 913 905 3394 1235 1229 3395 1237 1231 3396 911 903 3397 1236 1230 3398 1238 1232 3399 909 901 3400 1237 1231 3401 1239 1233 3402 907 899 3403 1238 1232 3404 903 894 3405 1239 1233 3406 1216 1210 3407 1002 994 3408 902 893 3409 1000 990 3410 1000 990 3411 899 890 3412 998 988 3413 995 985 3414 899 890 3415 898 935 3416 996 986 3417 898 935 3418 944 934 3419 1040 1031 3420 944 934 3421 941 932 3422 1040 1031 3423 940 930 3424 1038 1030 3425 1038 1030 3426 938 928 3427 1036 1028 3428 1036 1028 3429 936 925 3430 1034 1026 3431 1034 1026 3432 934 923 3433 1032 1022 3434 1032 1022 3435 932 922 3436 1030 1020 3437 1028 1018 3438 932 922 3439 929 920 3440 1026 1016 3441 929 920 3442 928 918 3443 1024 1013 3444 928 918 3445 926 916 3446 1022 1014 3447 926 916 3448 923 913 3449 1022 1014 3450 921 912 3451 1020 1012 3452 1020 1012 3453 920 910 3454 1018 1010 3455 1018 1010 3456 917 908 3457 1016 1008 3458 1016 1008 3459 916 906 3460 1014 1006 3461 1014 1006 3462 914 904 3463 1012 1004 3464 1012 1004 3465 912 902 3466 1010 1002 3467 1010 1002 3468 910 900 3469 1008 998 3470 1006 996 3471 910 900 3472 908 898 3473 1004 993 3474 908 898 3475 905 896 3476 1002 994 3477 905 896 3478 904 895 3479 954 943 3480 999 992 3481 952 944 3482 952 944 3483 997 989 3484 950 942 3485 950 942 3486 994 987 3487 947 940 3488 947 940 3489 993 984 3490 948 937 3491 992 982 3492 993 984 3493 1039 1029 3494 990 980 3495 1039 1029 3496 1037 1027 3497 988 978 3498 1037 1027 3499 1035 1025 3500 986 976 3501 1035 1025 3502 1033 1023 3503 984 973 3504 1033 1023 3505 1031 1024 3506 982 974 3507 1031 1024 3508 1029 1021 3509 982 974 3510 1027 1019 3511 980 972 3512 980 972 3513 1025 1017 3514 978 970 3515 978 970 3516 1023 1015 3517 976 968 3518 976 968 3519 1021 1011 3520 974 966 3521 974 966 3522 1019 1009 3523 972 962 3524 970 960 3525 1019 1009 3526 1017 1007 3527 968 958 3528 1017 1007 3529 1015 1005 3530 966 956 3531 1015 1005 3532 1013 1003 3533 964 954 3534 1013 1003 3535 1011 1001 3536 962 951 3537 1011 1001 3538 1009 999 3539 962 951 3540 1007 1000 3541 960 952 3542 960 952 3543 1005 997 3544 958 950 3545 958 950 3546 1003 995 3547 956 948 3548 956 948 3549 1001 991 3550 954 943 3551 1083 1077 3552 1217 1211 3553 1216 1210 3554 1216 1210 3555 1082 1075 3556 1083 1077 3557 1081 1076 3558 1239 1233 3559 1238 1232 3560 1081 1076 3561 1237 1231 3562 1080 1074 3563 1080 1074 3564 1236 1230 3565 1079 1073 3566 1079 1073 3567 1235 1229 3568 1078 1072 3569 1078 1072 3570 1234 1228 3571 1077 1071 3572 1233 1227 3573 1077 1071 3574 1234 1228 3575 1076 1070 3576 1232 1226 3577 1075 1069 3578 1231 1225 3579 1075 1069 3580 1232 1226 3581 1231 1225 3582 1073 1067 3583 1074 1068 3584 1072 1066 3585 1230 1234 3586 1229 1223 3587 1071 1065 3588 1229 1223 3589 1228 1222 3590 1228 1222 3591 1070 1064 3592 1071 1065 3593 1068 1063 3594 1227 1221 3595 1226 1220 3596 1068 1063 3597 1225 1219 3598 1069 1062 3599 1069 1062 3600 1224 1217 3601 1091 1085 3602 1091 1085 3603 1223 1218 3604 1090 1084 3605 1090 1084 3606 1222 1216 3607 1089 1083 3608 1221 1215 3609 1089 1083 3610 1222 1216 3611 1088 1082 3612 1220 1214 3613 1087 1081 3614 1087 1081 3615 1219 1212 3616 1086 1080 3617 1085 1079 3618 1219 1212 3619 1218 1213 3620 1084 1078 3621 1218 1213 3622 1217 1211 3623 412 406 3624 388 385 3625 415 407 3626 380 379 3627 388 385 3628 381 375 3629 387 383 3630 382 377 3631 385 382 3632 385 382 3633 362 356 3634 374 369 3635 361 364 3636 374 369 3637 362 356 3638 365 1235 3639 372 365 3640 361 364 3641 371 363 3642 365 1235 3643 364 358 3644 364 358 3645 519 511 3646 371 363 3647 517 507 3648 513 505 3649 514 509 3650 508 500 3651 514 509 3652 501 493 3653 501 493 3654 507 498 3655 508 500 3656 505 1236 3657 500 492 3658 502 496 3659 505 1236 3660 473 466 3661 480 472 3662 472 465 3663 480 472 3664 473 466 3665 479 470 3666 474 467 3667 477 1237 3668 477 1237 3669 459 450 3670 466 460 3671 458 454 3672 466 460 3673 459 450 3674 465 458 3675 460 452 3676 463 457 3677 463 457 3678 425 420 3679 432 427 3680 425 420 3681 431 425 3682 432 427 3683 429 1238 3684 424 419 3685 426 423 3686 418 414 3687 426 423 3688 411 405 3689 411 405 3690 417 411 3691 418 414 3692 415 407 3693 410 404 3694 412 406 3695 0 0 3696 1 15 3697 2 1 3698 4 3 3699 5 52 3700 6 4 3701 8 6 3702 9 63 3703 10 7 3704 12 9 3705 13 122 3706 14 10 3707 17 12 3708 18 95 3709 19 13 3710 1 15 3711 0 0 3712 20 16 3713 22 18 3714 23 78 3715 24 19 3716 27 22 3717 28 136 3718 14 10 3719 30 24 3720 31 49 3721 4 3 3722 32 25 3723 33 58 3724 34 26 3725 37 28 3726 38 66 3727 39 29 3728 40 31 3729 41 42 3730 20 16 3731 44 33 3732 45 166 3733 46 34 3734 47 36 3735 48 47 3736 22 18 3737 49 37 3738 50 138 3739 51 38 3740 53 40 3741 54 134 3742 1 15 3743 55 41 3744 56 61 3745 11 8 3746 41 42 3747 58 59 3748 59 43 3749 60 45 3750 61 137 3751 62 46 3752 63 48 3753 64 53 3754 4 3 3755 65 50 3756 66 76 3757 3 2 3758 5 52 3759 4 3 3760 64 53 3761 57 44 3762 21 17 3763 20 16 3764 67 51 3765 6 4 3766 69 55 3767 70 56 3768 71 109 3769 2 1 3770 36 30 3771 34 26 3772 33 58 3773 62 46 3774 59 43 3775 58 59 3776 67 51 3777 71 109 3778 7 5 3779 16 14 3780 19 13 3781 56 61 3782 74 62 3783 75 64 3784 9 63 3785 47 36 3786 26 21 3787 75 64 3788 35 27 3789 18 95 3790 17 12 3791 77 65 3792 39 29 3793 38 66 3794 78 68 3795 79 135 3796 73 60 3797 24 19 3798 27 22 3799 29 23 3800 80 69 3801 81 108 3802 5 52 3803 78 68 3804 58 59 3805 41 42 3806 15 11 3807 83 77 3808 84 70 3809 86 72 3810 60 45 3811 48 47 3812 62 46 3813 61 137 3814 87 74 3815 88 75 3816 53 40 3817 21 17 3818 66 76 3819 89 133 3820 0 0 3821 14 10 3822 28 136 3823 83 77 3824 73 60 3825 79 135 3826 23 78 3827 16 14 3828 55 41 3829 90 79 3830 9 63 3831 92 160 3832 93 81 3833 10 7 3834 93 81 3835 90 79 3836 94 82 3837 95 167 3838 39 29 3839 8 6 3840 11 8 3841 97 83 3842 85 73 3843 47 36 3844 74 62 3845 100 87 3846 34 26 3847 36 30 3848 76 67 3849 68 54 3850 64 53 3851 39 29 3852 95 167 3853 101 88 3854 74 62 3855 8 6 3856 96 84 3857 16 14 3858 91 80 3859 102 89 3860 103 90 3861 104 105 3862 75 64 3863 105 91 3864 106 104 3865 107 92 3866 109 94 3867 110 144 3868 18 95 3869 111 96 3870 112 123 3871 33 58 3872 34 26 3873 100 87 3874 109 94 3875 113 97 3876 97 83 3877 11 8 3878 114 98 3879 82 71 3880 76 67 3881 117 100 3882 118 155 3883 119 101 3884 29 23 3885 120 121 3886 103 90 3887 121 103 3888 122 169 3889 106 104 3890 37 28 3891 123 161 3892 115 99 3893 104 105 3894 92 160 3895 9 63 3896 113 97 3897 56 61 3898 19 13 3899 17 12 3900 102 89 3901 111 96 3902 64 53 3903 63 48 3904 125 107 3905 125 107 3906 122 169 3907 121 103 3908 1 15 3909 54 134 3910 72 57 3911 57 44 3912 59 43 3913 87 74 3914 69 55 3915 6 4 3916 5 52 3917 30 24 3918 7 5 3919 71 109 3920 84 70 3921 80 69 3922 68 54 3923 0 0 3924 89 133 3925 42 32 3926 94 82 3927 121 103 3928 12 9 3929 113 97 3930 126 142 3931 127 110 3932 127 110 3933 126 142 3934 129 111 3935 96 84 3936 92 160 3937 104 105 3938 130 113 3939 131 116 3940 132 114 3941 131 116 3942 130 113 3943 135 117 3944 134 118 3945 135 117 3946 136 119 3947 100 87 3948 112 123 3949 111 96 3950 98 85 3951 104 105 3952 103 90 3953 105 91 3954 108 93 3955 120 121 3956 13 122 3957 12 9 3958 121 103 3959 101 88 3960 123 161 3961 112 123 3962 138 124 3963 139 168 3964 140 125 3965 143 127 3966 144 162 3967 145 128 3968 146 130 3969 147 159 3970 148 131 3971 72 57 3972 54 134 3973 89 133 3974 63 48 3975 80 69 3976 84 70 3977 40 31 3978 88 75 3979 87 74 3980 42 32 3981 89 133 3982 54 134 3983 70 56 3984 72 57 3985 66 76 3986 83 77 3987 122 169 3988 125 107 3989 69 55 3990 81 108 3991 31 49 3992 86 72 3993 24 19 3994 23 78 3995 42 32 3996 53 40 3997 88 75 3998 79 135 3999 61 137 4000 60 45 4001 107 92 4002 106 104 4003 28 136 4004 86 72 4005 107 92 4006 27 22 4007 61 137 4008 79 135 4009 78 68 4010 65 50 4011 69 55 4012 30 24 4013 63 48 4014 31 49 4015 81 108 4016 116 102 4017 119 101 4018 52 39 4019 124 106 4020 110 144 4021 50 138 4022 133 115 4023 132 114 4024 150 139 4025 52 39 4026 119 101 4027 152 141 4028 126 142 4029 113 97 4030 124 106 4031 49 37 4032 52 39 4033 129 111 4034 153 143 4035 152 141 4036 137 120 4037 110 144 4038 124 106 4039 19 13 4040 154 145 4041 102 89 4042 91 80 4043 91 80 4044 90 79 4045 127 110 4046 128 112 4047 156 147 4048 155 146 4049 153 143 4050 145 128 4051 156 147 4052 158 148 4053 159 164 4054 160 149 4055 162 151 4056 146 130 4057 149 132 4058 164 153 4059 158 148 4060 157 150 4061 151 140 4062 150 139 4063 164 153 4064 90 79 4065 93 81 4066 97 83 4067 163 154 4068 138 124 4069 141 126 4070 137 120 4071 118 155 4072 46 34 4073 152 141 4074 119 101 4075 118 155 4076 109 94 4077 111 96 4078 165 156 4079 43 35 4080 46 34 4081 118 155 4082 153 143 4083 136 119 4084 142 129 4085 136 119 4086 135 117 4087 140 125 4088 167 158 4089 154 145 4090 155 146 4091 147 159 4092 166 157 4093 165 156 4094 96 84 4095 97 83 4096 93 81 4097 128 112 4098 129 111 4099 152 141 4100 101 88 4101 95 167 4102 115 99 4103 144 162 4104 167 158 4105 156 147 4106 135 117 4107 130 113 4108 141 126 4109 133 115 4110 151 140 4111 141 126 4112 140 125 4113 139 168 4114 143 127 4115 169 163 4116 160 149 4117 159 164 4118 44 33 4119 164 153 4120 150 139 4121 132 114 4122 131 116 4123 45 166 4124 134 118 4125 46 34 4126 45 166 4127 14 10 4128 13 122 4129 120 121 4130 37 28 4131 33 58 4132 112 123 4133 110 144 4134 109 94 4135 166 157 4136 147 159 4137 51 38 4138 50 138 4139 146 130 4140 116 102 4141 51 38 4142 146 130 4143 162 151 4144 117 100 4145 162 151 4146 168 165 4147 43 35 4148 168 165 4149 159 164 4150 44 33 4151 158 148 4152 164 153 4153 44 33 4154 114 98 4155 115 99 4156 95 167 4157 103 90 4158 120 121 4159 108 93 4160 161 152 4161 169 163 4162 168 165 4163 157 150 4164 160 149 4165 138 124 4166 169 163 4167 139 168 4168 138 124 4169 161 152 4170 143 127 4171 139 168 4172 149 132 4173 144 162 4174 143 127 4175 149 132 4176 148 131 4177 167 158 4178 165 156 4179 111 96 4180 102 89 4181 154 145 4182 167 158 4183 148 131 4184 114 98 4185 12 9 4186 15 11 4187 108 93 4188 107 92 4189 86 72 4190 73 60 4191 22 18 4192 48 47 4193 28 136 4194 106 104 4195 122 169 4196 3 2 4197 2 1 4198 71 109 4199 170 170 4200 171 198 4201 172 171 4202 175 173 4203 176 179 4204 177 174 4205 178 176 4206 170 170 4207 173 172 4208 180 178 4209 181 194 4210 176 179 4211 182 180 4212 178 176 4213 179 177 4214 184 182 4215 182 180 4216 183 181 4217 186 184 4218 184 182 4219 185 183 4220 188 186 4221 186 184 4222 187 185 4223 188 186 4224 189 187 4225 191 188 4226 190 189 4227 191 188 4228 193 190 4229 192 191 4230 193 190 4231 195 192 4232 194 193 4233 195 192 4234 181 194 4235 196 195 4236 197 200 4237 198 196 4238 171 198 4239 196 195 4240 199 197 4241 200 199 4242 201 202 4243 198 196 4244 202 201 4245 203 204 4246 201 202 4247 202 201 4248 204 205 4249 205 203 4250 204 205 4251 206 209 4252 207 206 4253 174 175 4254 177 174 4255 209 207 4256 208 208 4257 209 207 4258 207 206 4259 211 210 4260 212 370 4261 213 211 4262 215 213 4263 216 254 4264 217 214 4265 219 216 4266 220 231 4267 221 217 4268 223 219 4269 224 230 4270 225 220 4271 226 222 4272 227 229 4273 228 223 4274 230 225 4275 231 228 4276 232 226 4277 231 228 4278 228 223 4279 227 229 4280 224 230 4281 219 216 4282 218 218 4283 220 231 4284 234 239 4285 235 232 4286 236 233 4287 230 225 4288 233 227 4289 238 235 4290 239 238 4291 240 236 4292 239 238 4293 236 233 4294 237 234 4295 234 239 4296 215 213 4297 214 215 4298 222 221 4299 225 220 4300 242 240 4301 244 242 4302 242 240 4303 225 220 4304 245 243 4305 244 242 4306 218 218 4307 246 244 4308 245 243 4309 221 217 4310 247 245 4311 246 244 4312 235 232 4313 248 246 4314 247 245 4315 214 215 4316 249 247 4317 250 269 4318 251 248 4319 253 250 4320 254 260 4321 255 251 4322 257 253 4323 258 261 4324 217 214 4325 259 255 4326 260 259 4327 238 235 4328 261 256 4329 262 264 4330 263 257 4331 264 258 4332 263 257 4333 260 259 4334 254 260 4335 253 250 4336 258 261 4337 265 262 4338 266 270 4339 256 252 4340 267 263 4341 268 268 4342 262 264 4343 269 265 4344 270 1059 4345 271 266 4346 271 266 4347 270 1059 4348 268 268 4349 250 269 4350 249 247 4351 266 270 4352 258 261 4353 273 271 4354 248 246 4355 253 250 4356 274 272 4357 273 271 4358 274 272 4359 253 250 4360 256 252 4361 266 270 4362 276 274 4363 275 273 4364 249 247 4365 277 275 4366 276 274 4367 277 275 4368 249 247 4369 252 249 4370 280 277 4371 281 311 4372 282 278 4373 284 280 4374 285 291 4375 286 281 4376 251 248 4377 287 290 4378 288 283 4379 290 284 4380 269 265 4381 272 267 4382 292 286 4383 293 289 4384 294 287 4385 293 289 4386 290 284 4387 289 285 4388 287 290 4389 284 280 4390 283 282 4391 285 291 4392 295 299 4393 296 292 4394 298 293 4395 292 286 4396 291 288 4397 300 295 4398 301 298 4399 302 296 4400 301 298 4401 298 293 4402 297 294 4403 295 299 4404 280 277 4405 279 279 4406 252 249 4407 288 283 4408 303 300 4409 304 301 4410 303 300 4411 288 283 4412 305 302 4413 304 301 4414 283 282 4415 306 303 4416 305 302 4417 286 281 4418 307 304 4419 306 303 4420 296 292 4421 308 305 4422 307 304 4423 279 279 4424 309 306 4425 310 325 4426 223 219 4427 311 307 4428 312 317 4429 313 308 4430 315 310 4431 316 318 4432 282 278 4433 317 312 4434 318 316 4435 300 295 4436 319 313 4437 320 321 4438 321 314 4439 322 315 4440 321 314 4441 318 316 4442 312 317 4443 311 307 4444 316 318 4445 323 319 4446 324 326 4447 314 309 4448 325 320 4449 326 324 4450 320 321 4451 327 322 4452 328 323 4453 226 222 4454 328 323 4455 327 322 4456 326 324 4457 310 325 4458 309 306 4459 324 326 4460 316 318 4461 329 327 4462 308 305 4463 311 307 4464 330 328 4465 329 327 4466 314 309 4467 331 329 4468 330 328 4469 324 326 4470 332 330 4471 331 329 4472 309 306 4473 333 331 4474 332 330 4475 333 331 4476 309 306 4477 222 221 4478 335 332 4479 336 431 4480 337 333 4481 338 335 4482 339 388 4483 340 336 4484 343 338 4485 344 348 4486 345 339 4487 347 341 4488 348 344 4489 349 342 4490 348 344 4491 343 338 4492 342 340 4493 351 345 4494 352 351 4495 353 346 4496 344 348 4497 354 350 4498 355 349 4499 354 350 4500 353 346 4501 352 351 4502 356 352 4503 357 373 4504 358 353 4505 360 355 4506 361 364 4507 362 356 4508 364 358 4509 365 1235 4510 366 359 4511 368 361 4512 369 366 4513 370 362 4514 366 359 4515 365 1235 4516 361 364 4517 372 365 4518 370 362 4519 369 366 4520 372 365 4521 373 367 4522 375 368 4523 212 370 4524 376 372 4525 377 371 4526 367 360 4527 366 359 4528 376 372 4529 377 371 4530 376 372 4531 357 373 4532 376 372 4533 366 359 4534 360 355 4535 357 373 4536 360 355 4537 363 357 4538 379 374 4539 380 379 4540 381 375 4541 382 377 4542 383 380 4543 363 357 4544 384 378 4545 385 382 4546 374 369 4547 380 379 4548 379 374 4549 383 380 4550 386 381 4551 387 383 4552 385 382 4553 387 383 4554 386 381 4555 389 384 4556 359 354 4557 358 353 4558 390 386 4559 358 353 4560 363 357 4561 383 380 4562 391 387 4563 390 386 4564 339 388 4565 390 386 4566 383 380 4567 379 374 4568 339 388 4569 379 374 4570 378 376 4571 392 389 4572 393 393 4573 394 390 4574 396 392 4575 397 394 4576 351 345 4577 393 393 4578 392 389 4579 397 394 4580 398 395 4581 399 439 4582 400 396 4583 402 398 4584 403 399 4585 395 391 4586 401 397 4587 400 396 4588 403 399 4589 405 400 4590 406 417 4591 407 401 4592 408 403 4593 409 409 4594 410 404 4595 412 406 4596 413 410 4597 378 376 4598 415 407 4599 388 385 4600 389 384 4601 412 406 4602 410 404 4603 409 409 4604 417 411 4605 415 407 4606 414 408 4607 417 411 4608 416 412 4609 419 413 4610 341 337 4611 340 336 4612 420 415 4613 340 336 4614 378 376 4615 413 410 4616 421 416 4617 420 415 4618 405 400 4619 405 400 4620 420 415 4621 413 410 4622 406 417 4623 405 400 4624 409 409 4625 422 418 4626 423 424 4627 424 419 4628 411 405 4629 426 423 4630 427 421 4631 428 422 4632 429 1238 4633 418 414 4634 426 423 4635 424 419 4636 423 424 4637 431 425 4638 429 1238 4639 428 422 4640 432 427 4641 431 425 4642 430 426 4643 406 417 4644 434 430 4645 435 429 4646 434 430 4647 406 417 4648 408 403 4649 434 430 4650 335 332 4651 334 334 4652 335 332 4653 434 430 4654 427 421 4655 336 431 4656 335 332 4657 423 424 4658 437 432 4659 438 477 4660 439 433 4661 440 435 4662 441 885 4663 442 436 4664 444 438 4665 445 886 4666 399 439 4667 447 440 4668 448 445 4669 449 441 4670 442 436 4671 450 444 4672 451 443 4673 450 444 4674 449 441 4675 448 445 4676 452 446 4677 453 463 4678 454 447 4679 457 449 4680 458 454 4681 459 450 4682 460 452 4683 461 455 4684 422 418 4685 462 453 4686 463 457 4687 432 427 4688 458 454 4689 457 449 4690 461 455 4691 464 456 4692 465 458 4693 463 457 4694 465 458 4695 464 456 4696 467 459 4697 337 333 4698 336 431 4699 468 461 4700 336 431 4701 422 418 4702 461 455 4703 469 462 4704 468 461 4705 453 463 4706 468 461 4707 461 455 4708 457 449 4709 453 463 4710 457 449 4711 456 451 4712 470 464 4713 471 476 4714 472 465 4715 474 467 4716 475 469 4717 456 451 4718 476 468 4719 477 1237 4720 466 460 4721 472 465 4722 471 476 4723 475 469 4724 479 470 4725 477 1237 4726 476 468 4727 480 472 4728 479 470 4729 478 471 4730 455 448 4731 454 447 4732 482 474 4733 454 447 4734 456 451 4735 475 469 4736 483 475 4737 482 474 4738 437 432 4739 482 474 4740 475 469 4741 471 476 4742 438 477 4743 437 432 4744 471 476 4745 484 478 4746 485 482 4747 486 479 4748 446 442 4749 488 483 4750 489 481 4751 485 482 4752 484 478 4753 489 481 4754 490 484 4755 491 486 4756 347 341 4757 492 485 4758 493 487 4759 487 480 4760 491 486 4761 490 484 4762 493 487 4763 495 488 4764 496 504 4765 497 489 4766 498 491 4767 499 497 4768 500 492 4769 473 466 4770 502 496 4771 503 494 4772 504 495 4773 505 1236 4774 480 472 4775 502 496 4776 500 492 4777 499 497 4778 507 498 4779 505 1236 4780 504 495 4781 508 500 4782 507 498 4783 506 499 4784 438 477 4785 510 503 4786 511 502 4787 510 503 4788 438 477 4789 470 464 4790 510 503 4791 495 488 4792 494 490 4793 495 488 4794 510 503 4795 503 494 4796 496 504 4797 495 488 4798 499 497 4799 367 360 4800 512 510 4801 513 505 4802 501 493 4803 514 509 4804 515 506 4805 517 507 4806 508 500 4807 509 501 4808 514 509 4809 513 505 4810 512 510 4811 519 511 4812 517 507 4813 516 508 4814 371 363 4815 519 511 4816 518 512 4817 496 504 4818 520 514 4819 521 513 4820 520 514 4821 496 504 4822 498 491 4823 520 514 4824 211 210 4825 210 212 4826 211 210 4827 520 514 4828 515 506 4829 212 370 4830 211 210 4831 512 510 4832 523 515 4833 524 787 4834 525 516 4835 527 518 4836 528 785 4837 529 519 4838 531 521 4839 532 1239 4840 533 522 4841 535 524 4842 532 1239 4843 536 525 4844 536 525 4845 532 1239 4846 538 527 4847 538 527 4848 532 1239 4849 540 529 4850 540 529 4851 532 1239 4852 542 531 4853 542 531 4854 532 1239 4855 544 533 4856 544 533 4857 532 1239 4858 531 521 4859 533 522 4860 532 1239 4861 547 536 4862 547 536 4863 532 1239 4864 549 538 4865 549 538 4866 532 1239 4867 551 540 4868 551 540 4869 532 1239 4870 553 542 4871 553 542 4872 532 1239 4873 535 524 4874 555 545 4875 556 592 4876 557 546 4877 558 547 4878 557 546 4879 559 548 4880 560 549 4881 559 548 4882 561 550 4883 561 550 4884 563 553 4885 564 552 4886 563 553 4887 565 555 4888 566 554 4889 565 555 4890 567 557 4891 568 556 4892 567 557 4893 569 559 4894 570 558 4895 569 559 4896 571 561 4897 572 560 4898 571 561 4899 573 564 4900 574 562 4901 575 563 4902 576 565 4903 574 562 4904 576 565 4905 575 563 4906 577 566 4907 578 567 4908 577 566 4909 579 568 4910 580 569 4911 579 568 4912 581 570 4913 582 571 4914 581 570 4915 583 572 4916 584 573 4917 583 572 4918 585 574 4919 588 576 4920 586 575 4921 585 574 4922 587 577 4923 589 580 4924 590 578 4925 592 579 4926 590 578 4927 589 580 4928 594 582 4929 592 579 4930 591 581 4931 593 583 4932 595 586 4933 596 584 4934 597 585 4935 596 584 4936 595 586 4937 599 588 4938 600 589 4939 597 585 4940 600 589 4941 599 588 4942 601 590 4943 602 591 4944 601 590 4945 556 592 4946 555 545 4947 558 547 4948 604 593 4949 605 595 4950 606 1060 4951 319 313 4952 604 593 4953 558 547 4954 560 549 4955 608 597 4956 605 595 4957 322 315 4958 607 596 4959 560 549 4960 562 551 4961 610 599 4962 608 597 4963 317 312 4964 609 598 4965 562 551 4966 564 552 4967 612 601 4968 610 599 4969 299 297 4970 564 552 4971 566 554 4972 613 602 4973 614 603 4974 612 601 4975 302 296 4976 566 554 4977 568 556 4978 615 604 4979 616 605 4980 614 603 4981 297 294 4982 568 556 4983 570 558 4984 617 606 4985 618 607 4986 616 605 4987 291 288 4988 570 558 4989 572 560 4990 619 608 4991 620 609 4992 618 607 4993 294 287 4994 572 560 4995 574 562 4996 621 610 4997 622 611 4998 620 609 4999 289 285 5000 623 612 5001 622 611 5002 272 267 5003 574 562 5004 576 565 5005 624 613 5006 576 565 5007 578 567 5008 625 614 5009 267 263 5010 626 616 5011 623 612 5012 578 567 5013 580 569 5014 627 615 5015 261 256 5016 628 618 5017 626 616 5018 627 615 5019 580 569 5020 582 571 5021 264 258 5022 630 620 5023 628 618 5024 629 617 5025 582 571 5026 584 573 5027 259 255 5028 632 1061 5029 630 620 5030 631 619 5031 584 573 5032 586 575 5033 634 622 5034 632 1061 5035 259 255 5036 635 623 5037 634 622 5038 241 237 5039 633 621 5040 586 575 5041 588 576 5042 636 624 5043 588 576 5044 590 578 5045 638 626 5046 635 623 5047 240 236 5048 639 627 5049 638 626 5050 237 234 5051 637 625 5052 590 578 5053 592 579 5054 641 629 5055 639 627 5056 233 227 5057 640 628 5058 592 579 5059 594 582 5060 642 630 5061 594 582 5062 596 584 5063 644 632 5064 641 629 5065 232 226 5066 226 222 5067 645 634 5068 644 632 5069 596 584 5070 597 585 5071 646 633 5072 328 323 5073 647 637 5074 645 634 5075 597 585 5076 600 589 5077 648 635 5078 600 589 5079 602 591 5080 649 636 5081 325 320 5082 650 638 5083 647 637 5084 602 591 5085 555 545 5086 603 594 5087 319 313 5088 606 1060 5089 650 638 5090 636 624 5091 651 650 5092 652 639 5093 611 600 5094 653 660 5095 654 640 5096 654 640 5097 655 641 5098 607 596 5099 655 641 5100 656 642 5101 604 593 5102 656 642 5103 657 643 5104 603 594 5105 657 643 5106 658 644 5107 649 636 5108 658 644 5109 659 645 5110 648 635 5111 659 645 5112 660 668 5113 646 633 5114 646 633 5115 660 668 5116 661 646 5117 643 631 5118 661 646 5119 662 647 5120 642 630 5121 662 647 5122 663 648 5123 640 628 5124 663 648 5125 664 649 5126 637 625 5127 664 649 5128 651 650 5129 652 639 5130 665 651 5131 631 619 5132 665 651 5133 666 652 5134 629 617 5135 666 652 5136 667 653 5137 627 615 5138 667 653 5139 668 654 5140 625 614 5141 668 654 5142 669 655 5143 624 613 5144 669 655 5145 670 656 5146 621 610 5147 670 656 5148 671 680 5149 619 608 5150 619 608 5151 671 680 5152 672 657 5153 617 606 5154 672 657 5155 673 658 5156 615 604 5157 673 658 5158 674 659 5159 613 602 5160 674 659 5161 653 660 5162 651 650 5163 675 673 5164 676 661 5165 653 660 5166 677 684 5167 678 662 5168 654 640 5169 678 662 5170 679 663 5171 679 663 5172 680 664 5173 656 642 5174 680 664 5175 681 665 5176 657 643 5177 681 665 5178 682 666 5179 658 644 5180 682 666 5181 683 667 5182 659 645 5183 683 667 5184 684 669 5185 660 668 5186 684 669 5187 685 693 5188 661 646 5189 661 646 5190 685 693 5191 686 670 5192 662 647 5193 686 670 5194 687 671 5195 663 648 5196 687 671 5197 688 672 5198 664 649 5199 688 672 5200 675 673 5201 652 639 5202 676 661 5203 689 674 5204 665 651 5205 689 674 5206 690 675 5207 690 675 5208 691 676 5209 667 653 5210 691 676 5211 692 677 5212 668 654 5213 692 677 5214 693 678 5215 669 655 5216 693 678 5217 694 679 5218 670 656 5219 694 679 5220 695 681 5221 671 680 5222 695 681 5223 696 682 5224 672 657 5225 696 682 5226 697 683 5227 673 658 5228 697 683 5229 698 707 5230 674 659 5231 674 659 5232 698 707 5233 677 684 5234 699 685 5235 700 710 5236 676 661 5237 701 686 5238 702 712 5239 678 662 5240 678 662 5241 702 712 5242 703 687 5243 679 663 5244 703 687 5245 704 688 5246 680 664 5247 704 688 5248 705 689 5249 681 665 5250 705 689 5251 706 690 5252 682 666 5253 706 690 5254 707 691 5255 683 667 5256 707 691 5257 708 692 5258 708 692 5259 709 694 5260 685 693 5261 709 694 5262 710 695 5263 686 670 5264 710 695 5265 711 696 5266 687 671 5267 711 696 5268 712 697 5269 688 672 5270 712 697 5271 699 685 5272 675 673 5273 676 661 5274 700 710 5275 713 698 5276 689 674 5277 713 698 5278 714 699 5279 690 675 5280 714 699 5281 715 700 5282 691 676 5283 715 700 5284 716 701 5285 692 677 5286 716 701 5287 717 702 5288 693 678 5289 717 702 5290 718 703 5291 718 703 5292 719 704 5293 695 681 5294 719 704 5295 720 705 5296 696 682 5297 720 705 5298 721 706 5299 697 683 5300 721 706 5301 722 708 5302 698 707 5303 722 708 5304 701 686 5305 677 684 5306 699 685 5307 723 722 5308 724 709 5309 725 711 5310 726 735 5311 702 712 5312 702 712 5313 726 735 5314 727 713 5315 703 687 5316 727 713 5317 728 714 5318 704 688 5319 728 714 5320 729 715 5321 705 689 5322 729 715 5323 730 716 5324 706 690 5325 730 716 5326 731 717 5327 707 691 5328 731 717 5329 732 718 5330 732 718 5331 733 719 5332 709 694 5333 733 719 5334 734 720 5335 710 695 5336 734 720 5337 735 744 5338 711 696 5339 711 696 5340 735 744 5341 736 721 5342 712 697 5343 736 721 5344 723 722 5345 700 710 5346 724 709 5347 737 723 5348 713 698 5349 737 723 5350 738 724 5351 714 699 5352 738 724 5353 739 725 5354 715 700 5355 739 725 5356 740 726 5357 716 701 5358 740 726 5359 741 727 5360 741 727 5361 742 728 5362 718 703 5363 742 728 5364 743 729 5365 719 704 5366 743 729 5367 744 730 5368 720 705 5369 744 730 5370 745 731 5371 721 706 5372 745 731 5373 746 732 5374 722 708 5375 746 732 5376 725 711 5377 701 686 5378 723 722 5379 747 746 5380 748 733 5381 725 711 5382 749 756 5383 750 734 5384 750 734 5385 751 736 5386 727 713 5387 751 736 5388 752 737 5389 728 714 5390 752 737 5391 753 738 5392 729 715 5393 753 738 5394 754 739 5395 730 716 5396 754 739 5397 755 740 5398 731 717 5399 755 740 5400 756 765 5401 732 718 5402 732 718 5403 756 765 5404 757 741 5405 733 719 5406 757 741 5407 758 742 5408 734 720 5409 758 742 5410 759 743 5411 735 744 5412 759 743 5413 760 745 5414 736 721 5415 760 745 5416 747 746 5417 748 733 5418 761 747 5419 737 723 5420 761 747 5421 762 748 5422 738 724 5423 762 748 5424 763 749 5425 739 725 5426 763 749 5427 764 750 5428 740 726 5429 764 750 5430 765 751 5431 741 727 5432 765 751 5433 766 776 5434 742 728 5435 742 728 5436 766 776 5437 767 752 5438 743 729 5439 767 752 5440 768 753 5441 744 730 5442 768 753 5443 769 754 5444 745 731 5445 769 754 5446 770 755 5447 746 732 5448 770 755 5449 749 756 5450 747 746 5451 771 770 5452 772 757 5453 773 758 5454 774 759 5455 750 734 5456 774 759 5457 775 760 5458 751 736 5459 775 760 5460 776 761 5461 752 737 5462 776 761 5463 777 762 5464 753 738 5465 777 762 5466 778 763 5467 754 739 5468 778 763 5469 779 764 5470 755 740 5471 779 764 5472 780 788 5473 756 765 5474 756 765 5475 780 788 5476 781 766 5477 757 741 5478 781 766 5479 782 767 5480 758 742 5481 782 767 5482 783 768 5483 759 743 5484 783 768 5485 784 769 5486 760 745 5487 784 769 5488 771 770 5489 748 733 5490 772 757 5491 785 771 5492 785 771 5493 786 772 5494 762 748 5495 786 772 5496 787 773 5497 763 749 5498 787 773 5499 788 774 5500 764 750 5501 788 774 5502 789 775 5503 765 751 5504 789 775 5505 790 797 5506 766 776 5507 766 776 5508 790 797 5509 791 777 5510 767 752 5511 791 777 5512 792 778 5513 768 753 5514 792 778 5515 793 779 5516 769 754 5517 793 779 5518 794 780 5519 770 755 5520 794 780 5521 773 758 5522 771 770 5523 795 791 5524 796 781 5525 797 782 5526 798 783 5527 774 759 5528 798 783 5529 799 784 5530 775 760 5531 799 784 5532 528 785 5533 776 761 5534 528 785 5535 527 518 5536 777 762 5537 777 762 5538 527 518 5539 526 520 5540 778 763 5541 526 520 5542 800 786 5543 779 764 5544 800 786 5545 524 787 5546 524 787 5547 523 515 5548 781 766 5549 523 515 5550 801 789 5551 782 767 5552 801 789 5553 802 804 5554 783 768 5555 783 768 5556 802 804 5557 803 790 5558 784 769 5559 803 790 5560 795 791 5561 772 757 5562 796 781 5563 804 792 5564 785 771 5565 804 792 5566 805 793 5567 805 793 5568 806 794 5569 787 773 5570 806 794 5571 807 795 5572 788 774 5573 807 795 5574 808 796 5575 789 775 5576 808 796 5577 809 827 5578 790 797 5579 790 797 5580 809 827 5581 810 798 5582 791 777 5583 810 798 5584 811 799 5585 792 778 5586 811 799 5587 812 800 5588 793 779 5589 812 800 5590 813 801 5591 813 801 5592 797 782 5593 773 758 5594 525 516 5595 524 787 5596 800 786 5597 801 789 5598 523 515 5599 522 517 5600 802 804 5601 801 789 5602 815 803 5603 526 520 5604 529 519 5605 814 802 5606 803 790 5607 815 803 5608 816 805 5609 815 803 5610 522 517 5611 817 806 5612 522 517 5613 525 516 5614 818 807 5615 818 807 5616 525 516 5617 814 802 5618 529 519 5619 820 809 5620 819 808 5621 528 785 5622 799 784 5623 820 809 5624 795 791 5625 816 805 5626 821 810 5627 816 805 5628 817 806 5629 822 811 5630 823 812 5631 822 811 5632 817 806 5633 818 807 5634 819 808 5635 824 813 5636 820 809 5637 825 814 5638 824 813 5639 799 784 5640 798 783 5641 825 814 5642 821 810 5643 826 816 5644 827 815 5645 827 815 5646 828 821 5647 804 792 5648 822 811 5649 829 817 5650 826 816 5651 823 812 5652 830 833 5653 829 817 5654 831 818 5655 830 833 5656 823 812 5657 832 819 5658 831 818 5659 824 813 5660 833 820 5661 832 819 5662 825 814 5663 797 782 5664 834 822 5665 833 820 5666 828 821 5667 835 823 5668 805 793 5669 813 801 5670 836 831 5671 834 822 5672 835 823 5673 837 824 5674 806 794 5675 837 824 5676 838 825 5677 807 795 5678 838 825 5679 839 826 5680 808 796 5681 839 826 5682 840 828 5683 809 827 5684 840 828 5685 841 829 5686 810 798 5687 841 829 5688 842 837 5689 811 799 5690 811 799 5691 842 837 5692 843 830 5693 812 800 5694 843 830 5695 836 831 5696 826 816 5697 844 832 5698 171 198 5699 827 815 5700 171 198 5701 170 170 5702 829 817 5703 845 834 5704 844 832 5705 830 833 5706 846 884 5707 845 834 5708 847 835 5709 846 884 5710 830 833 5711 848 836 5712 847 835 5713 831 818 5714 174 175 5715 848 836 5716 832 819 5717 834 822 5718 175 173 5719 174 175 5720 170 170 5721 178 176 5722 835 823 5723 836 831 5724 180 178 5725 175 173 5726 178 176 5727 182 180 5728 837 824 5729 182 180 5730 184 182 5731 838 825 5732 184 182 5733 186 184 5734 839 826 5735 186 184 5736 188 186 5737 840 828 5738 188 186 5739 190 189 5740 841 829 5741 190 189 5742 192 191 5743 842 837 5744 842 837 5745 192 191 5746 194 193 5747 843 830 5748 194 193 5749 180 178 5750 391 387 5751 849 849 5752 850 838 5753 483 475 5754 851 861 5755 852 839 5756 455 448 5757 852 839 5758 853 840 5759 452 446 5760 853 840 5761 854 841 5762 469 462 5763 854 841 5764 855 842 5765 855 842 5766 856 843 5767 334 334 5768 856 843 5769 857 844 5770 435 429 5771 857 844 5772 858 845 5773 407 401 5774 858 845 5775 859 846 5776 404 402 5777 859 846 5778 860 869 5779 421 416 5780 421 416 5781 860 869 5782 861 847 5783 341 337 5784 861 847 5785 862 848 5786 338 335 5787 862 848 5788 849 849 5789 359 354 5790 850 838 5791 863 850 5792 356 352 5793 863 850 5794 864 851 5795 864 851 5796 865 852 5797 213 211 5798 865 852 5799 866 853 5800 210 212 5801 866 853 5802 867 854 5803 521 513 5804 867 854 5805 868 855 5806 497 489 5807 868 855 5808 869 856 5809 494 490 5810 869 856 5811 870 881 5812 511 502 5813 511 502 5814 870 881 5815 871 857 5816 871 857 5817 872 858 5818 436 434 5819 872 858 5820 851 861 5821 483 475 5822 873 859 5823 874 873 5824 850 838 5825 875 860 5826 876 862 5827 852 839 5828 876 862 5829 877 863 5830 853 840 5831 877 863 5832 878 864 5833 854 841 5834 878 864 5835 879 888 5836 855 842 5837 855 842 5838 879 888 5839 880 865 5840 856 843 5841 880 865 5842 881 866 5843 857 844 5844 881 866 5845 882 867 5846 858 845 5847 882 867 5848 883 868 5849 883 868 5850 884 870 5851 860 869 5852 884 870 5853 885 871 5854 861 847 5855 885 871 5856 886 872 5857 862 848 5858 886 872 5859 873 859 5860 849 849 5861 874 873 5862 887 874 5863 863 850 5864 887 874 5865 888 887 5866 864 851 5867 864 851 5868 888 887 5869 889 875 5870 865 852 5871 889 875 5872 890 876 5873 866 853 5874 890 876 5875 891 877 5876 867 854 5877 891 877 5878 892 878 5879 868 855 5880 892 878 5881 893 879 5882 869 856 5883 893 879 5884 894 880 5885 870 881 5886 894 880 5887 895 882 5888 895 882 5889 896 883 5890 872 858 5891 896 883 5892 875 860 5893 851 861 5894 844 832 5895 197 200 5896 196 195 5897 845 834 5898 200 199 5899 197 200 5900 846 884 5901 202 201 5902 200 199 5903 204 205 5904 202 201 5905 846 884 5906 206 209 5907 204 205 5908 847 835 5909 208 208 5910 206 209 5911 848 836 5912 441 885 5913 440 435 5914 445 886 5915 873 859 5916 531 521 5917 530 523 5918 887 874 5919 874 873 5920 530 523 5921 887 874 5922 533 522 5923 546 537 5924 889 875 5925 888 887 5926 546 537 5927 889 875 5928 547 536 5929 548 539 5930 891 877 5931 890 876 5932 548 539 5933 891 877 5934 549 538 5935 550 541 5936 893 879 5937 892 878 5938 550 541 5939 893 879 5940 551 540 5941 552 543 5942 895 882 5943 894 880 5944 552 543 5945 895 882 5946 553 542 5947 554 544 5948 875 860 5949 896 883 5950 554 544 5951 875 860 5952 535 524 5953 534 526 5954 877 863 5955 876 862 5956 534 526 5957 877 863 5958 536 525 5959 537 528 5960 879 888 5961 878 864 5962 537 528 5963 879 888 5964 538 527 5965 539 530 5966 881 866 5967 880 865 5968 539 530 5969 881 866 5970 540 529 5971 541 532 5972 883 868 5973 882 867 5974 541 532 5975 883 868 5976 542 531 5977 543 534 5978 885 871 5979 884 870 5980 543 534 5981 885 871 5982 544 533 5983 545 535 5984 873 859 5985 886 872 5986 545 535 5987 897 889 5988 898 935 5989 899 890 5990 901 892 5991 900 891 5992 899 890 5993 903 894 5994 901 892 5995 902 893 5996 905 896 5997 906 897 5998 903 894 5999 906 897 6000 905 896 6001 908 898 6002 907 899 6003 908 898 6004 910 900 6005 909 901 6006 910 900 6007 912 902 6008 911 903 6009 912 902 6010 914 904 6011 913 905 6012 914 904 6013 916 906 6014 917 908 6015 918 909 6016 915 907 6017 918 909 6018 917 908 6019 920 910 6020 921 912 6021 922 914 6022 919 911 6023 923 913 6024 924 1224 6025 922 914 6026 925 915 6027 924 1224 6028 923 913 6029 927 917 6030 925 915 6031 926 916 6032 930 919 6033 927 917 6034 928 918 6035 931 921 6036 930 919 6037 929 920 6038 931 921 6039 932 922 6040 934 923 6041 933 924 6042 934 923 6043 936 925 6044 937 927 6045 935 926 6046 936 925 6047 939 929 6048 937 927 6049 938 928 6050 942 931 6051 939 929 6052 940 930 6053 943 933 6054 942 931 6055 941 932 6056 943 933 6057 944 934 6058 898 935 6059 401 397 6060 277 275 6061 278 276 6062 277 275 6063 401 397 6064 402 398 6065 276 274 6066 402 398 6067 394 390 6068 393 393 6069 274 272 6070 275 273 6071 274 272 6072 393 393 6073 396 392 6074 248 246 6075 273 271 6076 396 392 6077 350 347 6078 353 346 6079 247 245 6080 246 244 6081 247 245 6082 353 346 6083 245 243 6084 246 244 6085 354 350 6086 344 348 6087 343 338 6088 244 242 6089 343 338 6090 348 344 6091 242 240 6092 243 241 6093 242 240 6094 348 344 6095 491 486 6096 333 331 6097 243 241 6098 333 331 6099 491 486 6100 492 485 6101 332 330 6102 492 485 6103 486 479 6104 331 329 6105 486 479 6106 485 482 6107 330 328 6108 485 482 6109 488 483 6110 329 327 6111 488 483 6112 446 442 6113 446 442 6114 449 441 6115 307 304 6116 306 303 6117 307 304 6118 449 441 6119 305 302 6120 306 303 6121 450 444 6122 442 436 6123 441 885 6124 304 301 6125 441 885 6126 444 438 6127 303 300 6128 303 300 6129 444 438 6130 398 395 6131 946 936 6132 947 940 6133 948 937 6134 949 939 6135 950 942 6136 947 940 6137 951 941 6138 952 944 6139 950 942 6140 951 941 6141 953 946 6142 954 943 6143 955 945 6144 956 948 6145 954 943 6146 957 947 6147 958 950 6148 956 948 6149 959 949 6150 960 952 6151 958 950 6152 959 949 6153 961 953 6154 962 951 6155 961 953 6156 963 955 6157 964 954 6158 963 955 6159 965 957 6160 966 956 6161 965 957 6162 967 959 6163 968 958 6164 967 959 6165 969 961 6166 970 960 6167 969 961 6168 971 964 6169 972 962 6170 973 963 6171 974 966 6172 972 962 6173 975 965 6174 976 968 6175 974 966 6176 977 967 6177 978 970 6178 976 968 6179 979 969 6180 980 972 6181 978 970 6182 981 971 6183 982 974 6184 980 972 6185 981 971 6186 983 975 6187 984 973 6188 983 975 6189 985 977 6190 986 976 6191 985 977 6192 987 979 6193 988 978 6194 987 979 6195 989 981 6196 990 980 6197 989 981 6198 991 983 6199 992 982 6200 945 938 6201 948 937 6202 992 982 6203 993 984 6204 994 987 6205 995 985 6206 994 987 6207 997 989 6208 998 988 6209 997 989 6210 999 992 6211 1000 990 6212 1001 991 6213 1002 994 6214 1000 990 6215 1001 991 6216 1003 995 6217 1004 993 6218 1003 995 6219 1005 997 6220 1006 996 6221 1005 997 6222 1007 1000 6223 1008 998 6224 1009 999 6225 1010 1002 6226 1008 998 6227 1011 1001 6228 1012 1004 6229 1010 1002 6230 1013 1003 6231 1014 1006 6232 1012 1004 6233 1015 1005 6234 1016 1008 6235 1014 1006 6236 1017 1007 6237 1018 1010 6238 1016 1008 6239 1019 1009 6240 1020 1012 6241 1018 1010 6242 1021 1011 6243 1022 1014 6244 1020 1012 6245 1021 1011 6246 1023 1015 6247 1024 1013 6248 1023 1015 6249 1025 1017 6250 1026 1016 6251 1025 1017 6252 1027 1019 6253 1028 1018 6254 1027 1019 6255 1029 1021 6256 1030 1020 6257 1029 1021 6258 1031 1024 6259 1032 1022 6260 1033 1023 6261 1034 1026 6262 1032 1022 6263 1035 1025 6264 1036 1028 6265 1034 1026 6266 1037 1027 6267 1038 1030 6268 1036 1028 6269 1039 1029 6270 1040 1031 6271 1038 1030 6272 1039 1029 6273 993 984 6274 996 986 6275 1042 1032 6276 946 936 6277 945 938 6278 1043 1034 6279 949 939 6280 946 936 6281 1044 1035 6282 951 941 6283 949 939 6284 1046 1036 6285 955 945 6286 953 946 6287 1047 1038 6288 957 947 6289 955 945 6290 1048 1039 6291 959 949 6292 957 947 6293 1048 1039 6294 1049 1040 6295 961 953 6296 1049 1040 6297 1050 1041 6298 963 955 6299 1050 1041 6300 1051 1042 6301 965 957 6302 1051 1042 6303 1052 1043 6304 967 959 6305 1052 1043 6306 1053 1044 6307 969 961 6308 1053 1044 6309 1054 1046 6310 971 964 6311 1055 1045 6312 973 963 6313 971 964 6314 1056 1047 6315 975 965 6316 973 963 6317 1057 1048 6318 977 967 6319 975 965 6320 1058 1049 6321 979 969 6322 977 967 6323 1059 1050 6324 981 971 6325 979 969 6326 1059 1050 6327 1060 1051 6328 983 975 6329 1060 1051 6330 1061 1052 6331 985 977 6332 1061 1052 6333 1062 1053 6334 987 979 6335 1062 1053 6336 1063 1055 6337 1064 1054 6338 1041 1033 6339 945 938 6340 991 983 6341 1043 1034 6342 430 426 6343 428 422 6344 1067 1058 6345 428 422 6346 419 413 6347 416 412 6348 1046 1036 6349 1045 1037 6350 1047 1038 6351 1046 1036 6352 416 412 6353 1048 1039 6354 1047 1038 6355 414 408 6356 1049 1040 6357 1048 1039 6358 389 384 6359 1050 1041 6360 1049 1040 6361 386 381 6362 1051 1042 6363 1050 1041 6364 384 378 6365 1052 1043 6366 1051 1042 6367 375 368 6368 1053 1044 6369 1052 1043 6370 373 367 6371 1054 1046 6372 1053 1044 6373 369 366 6374 518 512 6375 1055 1045 6376 1054 1046 6377 1055 1045 6378 518 512 6379 516 508 6380 1056 1047 6381 516 508 6382 509 501 6383 506 499 6384 1058 1049 6385 1057 1048 6386 1058 1049 6387 506 499 6388 504 495 6389 1059 1050 6390 504 495 6391 481 473 6392 1061 1052 6393 1060 1051 6394 481 473 6395 1062 1053 6396 1061 1052 6397 478 471 6398 1063 1055 6399 1062 1053 6400 476 468 6401 1065 1056 6402 1063 1055 6403 467 459 6404 1066 1057 6405 1065 1056 6406 464 456 6407 295 299 6408 285 291 6409 292 286 6410 293 289 6411 292 286 6412 285 291 6413 290 284 6414 293 289 6415 284 280 6416 269 265 6417 290 284 6418 287 290 6419 251 248 6420 250 269 6421 270 1059 6422 270 1059 6423 250 269 6424 265 262 6425 268 268 6426 265 262 6427 255 251 6428 262 264 6429 255 251 6430 254 260 6431 263 257 6432 254 260 6433 257 253 6434 260 259 6435 257 253 6436 216 254 6437 216 254 6438 215 213 6439 239 238 6440 236 233 6441 239 238 6442 215 213 6443 234 239 6444 220 231 6445 230 225 6446 220 231 6447 219 216 6448 231 228 6449 228 223 6450 231 228 6451 219 216 6452 229 224 6453 228 223 6454 224 230 6455 310 325 6456 327 322 6457 229 224 6458 327 322 6459 310 325 6460 323 319 6461 326 324 6462 323 319 6463 313 308 6464 320 321 6465 313 308 6466 312 317 6467 321 314 6468 312 317 6469 315 310 6470 318 316 6471 315 310 6472 281 311 6473 301 298 6474 300 295 6475 281 311 6476 298 293 6477 301 298 6478 280 277 6479 567 557 6480 565 555 6481 614 603 6482 612 601 6483 614 603 6484 565 555 6485 610 599 6486 612 601 6487 563 553 6488 610 599 6489 561 550 6490 559 548 6491 608 597 6492 559 548 6493 557 546 6494 605 595 6495 557 546 6496 556 592 6497 606 1060 6498 556 592 6499 601 590 6500 650 638 6501 601 590 6502 599 588 6503 647 637 6504 599 588 6505 598 587 6506 645 634 6507 598 587 6508 595 586 6509 641 629 6510 644 632 6511 595 586 6512 639 627 6513 641 629 6514 593 583 6515 638 626 6516 639 627 6517 591 581 6518 635 623 6519 638 626 6520 589 580 6521 634 622 6522 635 623 6523 587 577 6524 634 622 6525 585 574 6526 583 572 6527 632 1061 6528 583 572 6529 581 570 6530 630 620 6531 581 570 6532 579 568 6533 628 618 6534 579 568 6535 577 566 6536 626 616 6537 577 566 6538 575 563 6539 623 612 6540 575 563 6541 573 564 6542 620 609 6543 622 611 6544 573 564 6545 618 607 6546 620 609 6547 571 561 6548 616 605 6549 618 607 6550 569 559 6551 489 481 6552 1068 1063 6553 1069 1062 6554 484 478 6555 1070 1064 6556 1068 1063 6557 1070 1064 6558 484 478 6559 487 480 6560 487 480 6561 493 487 6562 1072 1066 6563 493 487 6564 490 484 6565 1073 1067 6566 1074 1068 6567 1073 1067 6568 490 484 6569 1074 1068 6570 346 343 6571 349 342 6572 342 340 6573 1076 1070 6574 1075 1069 6575 1076 1070 6576 342 340 6577 345 339 6578 355 349 6579 1078 1072 6580 1077 1071 6581 352 351 6582 1079 1073 6583 1078 1072 6584 351 345 6585 1080 1074 6586 1079 1073 6587 397 394 6588 1081 1076 6589 1080 1074 6590 397 394 6591 392 389 6592 1082 1075 6593 1083 1077 6594 1082 1075 6595 392 389 6596 395 391 6597 403 399 6598 1084 1078 6599 403 399 6600 400 396 6601 1085 1079 6602 1086 1080 6603 1085 1079 6604 400 396 6605 445 886 6606 1087 1081 6607 1086 1080 6608 440 435 6609 1088 1082 6610 1087 1081 6611 1088 1082 6612 440 435 6613 443 437 6614 451 443 6615 1090 1084 6616 1089 1083 6617 448 445 6618 1091 1085 6619 1090 1084 6620 447 440 6621 1069 1062 6622 1091 1085 6623 1093 1086 6624 1094 1150 6625 1095 1087 6626 1096 1089 6627 1097 1102 6628 1093 1086 6629 1098 1090 6630 1099 1126 6631 1100 1091 6632 1102 1093 6633 1103 1112 6634 1104 1094 6635 1107 1096 6636 1108 1148 6637 1109 1097 6638 1109 1097 6639 1110 1147 6640 1111 1099 6641 1113 1101 6642 1114 1124 6643 1097 1102 6644 1116 1103 6645 1117 1157 6646 1118 1104 6647 1119 1106 6648 1120 1123 6649 1115 1105 6650 1122 1108 6651 1121 1107 6652 1115 1105 6653 1124 1109 6654 1125 1129 6655 1126 1110 6656 1103 1112 6657 1127 1137 6658 1128 1113 6659 1129 1114 6660 1108 1148 6661 1130 1115 6662 1133 1117 6663 1134 1120 6664 1135 1118 6665 1102 1093 6666 1105 1095 6667 1134 1120 6668 1136 1121 6669 1098 1090 6670 1101 1092 6671 1120 1123 6672 1119 1106 6673 1114 1124 6674 1138 1125 6675 1139 1134 6676 1095 1087 6677 1099 1126 6678 1140 1140 6679 1141 1127 6680 1142 1128 6681 1143 1153 6682 1125 1129 6683 1118 1104 6684 1144 1146 6685 1145 1130 6686 1146 1131 6687 1147 1151 6688 1113 1101 6689 1148 1132 6690 1116 1103 6691 1115 1105 6692 1092 1088 6693 1149 1133 6694 1146 1131 6695 1149 1133 6696 1092 1088 6697 1095 1087 6698 1151 1135 6699 1133 1117 6700 1132 1119 6701 1127 1137 6702 1123 1111 6703 1126 1110 6704 1152 1138 6705 1142 1128 6706 1124 1109 6707 1132 1119 6708 1135 1118 6709 1141 1127 6710 1154 1141 6711 1103 1112 6712 1102 1093 6713 1155 1142 6714 1151 1135 6715 1156 1143 6716 1157 1144 6717 1158 1152 6718 1123 1111 6719 1159 1145 6720 1160 1209 6721 1112 1100 6722 1110 1147 6723 1109 1097 6724 1108 1148 6725 1161 1149 6726 1162 1155 6727 1099 1126 6728 1094 1150 6729 1131 1116 6730 1130 1115 6731 1120 1123 6732 1113 1101 6733 1147 1151 6734 1153 1139 6735 1124 1109 6736 1123 1111 6737 1143 1153 6738 1142 1128 6739 1136 1121 6740 1161 1149 6741 1098 1090 6742 1136 1121 6743 1140 1140 6744 1099 1126 6745 1162 1155 6746 1112 1100 6747 1160 1209 6748 1106 1098 6749 1136 1121 6750 1142 1128 6751 1152 1138 6752 1157 1144 6753 1127 1137 6754 1103 1112 6755 1117 1157 6756 1159 1145 6757 1144 1146 6758 1150 1136 6759 1132 1119 6760 1140 1140 6761 1155 1142 6762 1102 1093 6763 1133 1117 6764 1108 1148 6765 1107 1096 6766 1138 1125 6767 1151 1135 6768 1150 1136 6769 1165 1158 6770 1165 1158 6771 1150 1136 6772 1164 1156 6773 1154 1141 6774 1156 1143 6775 1166 1159 6776 1156 1143 6777 1165 1158 6778 1167 1160 6779 1165 1158 6780 1162 1155 6781 1161 1149 6782 1158 1152 6783 1157 1144 6784 1166 1159 6785 1166 1159 6786 1167 1160 6787 1152 1138 6788 1167 1160 6789 1161 1149 6790 1163 1154 6791 1111 1099 6792 1145 1130 6793 1144 1146 6794 1100 1091 6795 1141 1127 6796 1168 1161 6797 1101 1092 6798 1100 1091 6799 1169 1162 6800 1137 1122 6801 1101 1092 6802 1170 1163 6803 1172 1165 6804 1143 1153 6805 1137 1122 6806 1143 1153 6807 1172 1165 6808 1173 1166 6809 1125 1129 6810 1173 1166 6811 1174 1167 6812 1128 1113 6813 1126 1110 6814 1174 1167 6815 1104 1094 6816 1128 1113 6817 1175 1168 6818 1104 1094 6819 1176 1169 6820 1177 1170 6821 1105 1095 6822 1177 1170 6823 1178 1171 6824 1134 1120 6825 1178 1171 6826 1179 1172 6827 1135 1118 6828 1179 1172 6829 1168 1161 6830 1169 1162 6831 1168 1161 6832 1180 1173 6833 1170 1163 6834 1169 1162 6835 1181 1174 6836 1171 1164 6837 1170 1163 6838 1182 1175 6839 1184 1177 6840 1172 1165 6841 1171 1164 6842 1172 1165 6843 1184 1177 6844 1185 1178 6845 1173 1166 6846 1185 1178 6847 1186 1179 6848 1175 1168 6849 1174 1167 6850 1186 1179 6851 1176 1169 6852 1175 1168 6853 1187 1180 6854 1177 1170 6855 1176 1169 6856 1188 1181 6857 1177 1170 6858 1189 1182 6859 1190 1183 6860 1178 1171 6861 1190 1183 6862 1191 1184 6863 1179 1172 6864 1191 1184 6865 1180 1173 6866 1182 1175 6867 1181 1174 6868 1192 1185 6869 1183 1176 6870 1182 1175 6871 1193 1186 6872 1184 1177 6873 1183 1176 6874 1194 1187 6875 1185 1178 6876 1184 1177 6877 1195 1188 6878 1186 1179 6879 1185 1178 6880 1196 1189 6881 1186 1179 6882 1197 1190 6883 1198 1191 6884 1187 1180 6885 1198 1191 6886 1199 1192 6887 1188 1181 6888 1199 1192 6889 1200 1193 6890 1190 1183 6891 1189 1182 6892 1200 1193 6893 1191 1184 6894 1190 1183 6895 1201 1194 6896 1191 1184 6897 1202 1195 6898 1203 1196 6899 1180 1173 6900 1203 1196 6901 1192 1185 6902 1192 1185 6903 1204 1208 6904 1205 1197 6905 1193 1186 6906 1205 1197 6907 1206 1198 6908 1195 1188 6909 1194 1187 6910 1206 1198 6911 1196 1189 6912 1195 1188 6913 1207 1199 6914 1197 1190 6915 1196 1189 6916 1208 1200 6917 1197 1190 6918 1209 1201 6919 1210 1202 6920 1198 1191 6921 1210 1202 6922 1211 1203 6923 1200 1193 6924 1199 1192 6925 1211 1203 6926 1201 1194 6927 1200 1193 6928 1212 1204 6929 1201 1194 6930 1213 1205 6931 1214 1206 6932 1203 1196 6933 1202 1195 6934 1214 1206 6935 1192 1185 6936 1203 1196 6937 1215 1207 6938 1204 1208 6939 1149 1133 6940 1139 1134 6941 1205 1197 6942 1139 1134 6943 1138 1125 6944 1207 1199 6945 1206 1198 6946 1138 1125 6947 1208 1200 6948 1207 1199 6949 1107 1096 6950 1209 1201 6951 1208 1200 6952 1106 1098 6953 1209 1201 6954 1160 1209 6955 1159 1145 6956 1211 1203 6957 1210 1202 6958 1159 1145 6959 1212 1204 6960 1211 1203 6961 1117 1157 6962 1213 1205 6963 1212 1204 6964 1116 1103 6965 1214 1206 6966 1213 1205 6967 1148 1132 6968 1215 1207 6969 1214 1206 6970 1147 1151 6971 1215 1207 6972 1146 1131 6973 1149 1133 6974 1045 1037 6975 953 946 6976 1044 1035 6977 1042 1032 6978 1041 1033 6979 1066 1057 6980 1064 1054 6981 1065 1056 6982 991 983 6983 1216 1210 6984 1217 1211 6985 901 892 6986 1217 1211 6987 1218 1213 6988 900 891 6989 1219 1212 6990 897 889 6991 900 891 6992 1220 1214 6993 943 933 6994 897 889 6995 1220 1214 6996 1221 1215 6997 942 931 6998 939 929 6999 942 931 7000 1221 1215 7001 1222 1216 7002 1223 1218 7003 937 927 7004 1224 1217 7005 935 926 7006 937 927 7007 1225 1219 7008 933 924 7009 935 926 7010 1226 1220 7011 931 921 7012 933 924 7013 1226 1220 7014 1227 1221 7015 930 919 7016 927 917 7017 930 919 7018 1227 1221 7019 1228 1222 7020 1229 1223 7021 925 915 7022 1229 1223 7023 1230 1234 7024 924 1224 7025 924 1224 7026 1230 1234 7027 1231 1225 7028 922 914 7029 1231 1225 7030 1232 1226 7031 1233 1227 7032 918 909 7033 919 911 7034 918 909 7035 1233 1227 7036 1234 1228 7037 1235 1229 7038 913 905 7039 915 907 7040 1236 1230 7041 911 903 7042 913 905 7043 1237 1231 7044 909 901 7045 911 903 7046 1238 1232 7047 907 899 7048 909 901 7049 1239 1233 7050 906 897 7051 907 899 7052 903 894 7053 906 897 7054 1239 1233 7055 1002 994 7056 904 895 7057 902 893 7058 1000 990 7059 902 893 7060 899 890 7061 995 985 7062 998 988 7063 899 890 7064 996 986 7065 995 985 7066 898 935 7067 1040 1031 7068 996 986 7069 944 934 7070 1040 1031 7071 941 932 7072 940 930 7073 1038 1030 7074 940 930 7075 938 928 7076 1036 1028 7077 938 928 7078 936 925 7079 1034 1026 7080 936 925 7081 934 923 7082 1032 1022 7083 934 923 7084 932 922 7085 1028 1018 7086 1030 1020 7087 932 922 7088 1026 1016 7089 1028 1018 7090 929 920 7091 1024 1013 7092 1026 1016 7093 928 918 7094 1022 1014 7095 1024 1013 7096 926 916 7097 1022 1014 7098 923 913 7099 921 912 7100 1020 1012 7101 921 912 7102 920 910 7103 1018 1010 7104 920 910 7105 917 908 7106 1016 1008 7107 917 908 7108 916 906 7109 1014 1006 7110 916 906 7111 914 904 7112 1012 1004 7113 914 904 7114 912 902 7115 1010 1002 7116 912 902 7117 910 900 7118 1006 996 7119 1008 998 7120 910 900 7121 1004 993 7122 1006 996 7123 908 898 7124 1002 994 7125 1004 993 7126 905 896 7127 954 943 7128 1001 991 7129 999 992 7130 952 944 7131 999 992 7132 997 989 7133 950 942 7134 997 989 7135 994 987 7136 947 940 7137 994 987 7138 993 984 7139 992 982 7140 948 937 7141 993 984 7142 990 980 7143 992 982 7144 1039 1029 7145 988 978 7146 990 980 7147 1037 1027 7148 986 976 7149 988 978 7150 1035 1025 7151 984 973 7152 986 976 7153 1033 1023 7154 982 974 7155 984 973 7156 1031 1024 7157 982 974 7158 1029 1021 7159 1027 1019 7160 980 972 7161 1027 1019 7162 1025 1017 7163 978 970 7164 1025 1017 7165 1023 1015 7166 976 968 7167 1023 1015 7168 1021 1011 7169 974 966 7170 1021 1011 7171 1019 1009 7172 970 960 7173 972 962 7174 1019 1009 7175 968 958 7176 970 960 7177 1017 1007 7178 966 956 7179 968 958 7180 1015 1005 7181 964 954 7182 966 956 7183 1013 1003 7184 962 951 7185 964 954 7186 1011 1001 7187 962 951 7188 1009 999 7189 1007 1000 7190 960 952 7191 1007 1000 7192 1005 997 7193 958 950 7194 1005 997 7195 1003 995 7196 956 948 7197 1003 995 7198 1001 991 7199 1083 1077 7200 1084 1078 7201 1217 1211 7202 1216 1210 7203 1239 1233 7204 1082 1075 7205 1081 1076 7206 1082 1075 7207 1239 1233 7208 1081 1076 7209 1238 1232 7210 1237 1231 7211 1080 1074 7212 1237 1231 7213 1236 1230 7214 1079 1073 7215 1236 1230 7216 1235 1229 7217 1078 1072 7218 1235 1229 7219 1234 1228 7220 1233 1227 7221 1076 1070 7222 1077 1071 7223 1076 1070 7224 1233 1227 7225 1232 1226 7226 1231 1225 7227 1074 1068 7228 1075 1069 7229 1231 1225 7230 1230 1234 7231 1073 1067 7232 1072 1066 7233 1073 1067 7234 1230 1234 7235 1071 1065 7236 1072 1066 7237 1229 1223 7238 1228 1222 7239 1227 1221 7240 1070 1064 7241 1068 1063 7242 1070 1064 7243 1227 1221 7244 1068 1063 7245 1226 1220 7246 1225 1219 7247 1069 1062 7248 1225 1219 7249 1224 1217 7250 1091 1085 7251 1224 1217 7252 1223 1218 7253 1090 1084 7254 1223 1218 7255 1222 1216 7256 1221 1215 7257 1088 1082 7258 1089 1083 7259 1088 1082 7260 1221 1215 7261 1220 1214 7262 1087 1081 7263 1220 1214 7264 1219 1212 7265 1085 1079 7266 1086 1080 7267 1219 1212 7268 1084 1078 7269 1085 1079 7270 1218 1213 7271 412 406 7272 381 375 7273 388 385 7274 380 379 7275 387 383 7276 388 385 7277 387 383 7278 380 379 7279 382 377 7280 385 382 7281 382 377 7282 362 356 7283 361 364 7284 372 365 7285 374 369 7286 365 1235 7287 370 362 7288 372 365 7289 371 363 7290 370 362 7291 365 1235 7292 364 358 7293 513 505 7294 519 511 7295 517 507 7296 519 511 7297 513 505 7298 508 500 7299 517 507 7300 514 509 7301 501 493 7302 500 492 7303 507 498 7304 505 1236 7305 507 498 7306 500 492 7307 505 1236 7308 502 496 7309 473 466 7310 472 465 7311 479 470 7312 480 472 7313 479 470 7314 472 465 7315 474 467 7316 477 1237 7317 474 467 7318 459 450 7319 458 454 7320 465 458 7321 466 460 7322 465 458 7323 458 454 7324 460 452 7325 463 457 7326 460 452 7327 425 420 7328 425 420 7329 424 419 7330 431 425 7331 429 1238 7332 431 425 7333 424 419 7334 418 414 7335 429 1238 7336 426 423 7337 411 405 7338 410 404 7339 417 411 7340 415 407 7341 417 411 7342 410 404 7343</p>
        </triangles>
      </mesh>
    </geometry>
  </library_geometries>
  <library_visual_scenes>
    <visual_scene id="Scene" name="Scene">
      <node id="Can_Beverage_Damaged_01_005" name="Can_Beverage_Damaged_01.005" type="NODE">
        <matrix sid="transform">1 0 0 8.718424 0 1 0 -1.128851 0 0 1 0 0 0 0 1</matrix>
        <instance_geometry url="#Can_Beverage_Damaged_01_005-mesh" name="Can_Beverage_Damaged_01.005">
          <bind_material>
            <technique_common>
              <instance_material symbol="AK_Can_Beverage_Damaged_01_C-material" target="#AK_Can_Beverage_Damaged_01_C-material">
                <bind_vertex_input semantic="UVMap" input_semantic="TEXCOORD" input_set="0"/>
              </instance_material>
            </technique_common>
          </bind_material>
        </instance_geometry>
      </node>
    </visual_scene>
  </library_visual_scenes>
  <scene>
    <instance_visual_scene url="#Scene"/>
  </scene>
</COLLADA>