<?xml version="1.0" encoding="utf-8"?>
<COLLADA xmlns="http://www.collada.org/2005/11/COLLADASchema" version="1.4.1" xmlns:xsi="http://www.w3.org/2001/XMLSchema-instance">
  <asset>
    <contributor>
      <author>Blender User</author>
      <authoring_tool>Blender 3.0.1</authoring_tool>
    </contributor>
    <created>2026-07-29T15:27:07</created>
    <modified>2026-07-29T15:27:07</modified>
    <unit name="meter" meter="1"/>
    <up_axis>Z_UP</up_axis>
  </asset>
  <library_effects>
    <effect id="AK_Boxes_Paper_A-effect">
      <profile_COMMON>
        <newparam sid="Boxes_Paper_A_BaseColor_jpg-surface">
          <surface type="2D">
            <init_from>Boxes_Paper_A_BaseColor_jpg</init_from>
          </surface>
        </newparam>
        <newparam sid="Boxes_Paper_A_BaseColor_jpg-sampler">
          <sampler2D>
            <source>Boxes_Paper_A_BaseColor_jpg-surface</source>
          </sampler2D>
        </newparam>
        <technique sid="common">
          <lambert>
            <emission>
              <color sid="emission">0 0 0 1</color>
            </emission>
            <diffuse>
              <texture texture="Boxes_Paper_A_BaseColor_jpg-sampler" texcoord="UVMap"/>
            </diffuse>
            <index_of_refraction>
              <float sid="ior">1.45</float>
            </index_of_refraction>
          </lambert>
        </technique>
      </profile_COMMON>
    </effect>
  </library_effects>
  <library_images/>
  <library_materials>
    <material id="AK_Boxes_Paper_A-material" name="AK_Boxes_Paper_A">
      <instance_effect url="#AK_Boxes_Paper_A-effect"/>
    </material>
  </library_materials>
  <library_geometries>
    <geometry id="Box_Paper_Closed_A-mesh" name="Box_Paper_Closed_A">
      <mesh>
        <source id="Box_Paper_Closed_A-mesh-positions">
          <float_array id="Box_Paper_Closed_A-mesh-positions-array" count="1299">0.05526769 0.26675 0.2996967 -0.06995761 0.26675 0.2990872 0.05465841 0.26675 0.2076818 -0.06904357 0.26675 0.2076817 -0.3893533 -0.2649094 0.002607047 0.3813873 -0.2649095 0.002533257 0.3813815 0.2667222 0.002030134 -0.3893547 0.2667222 0.002318739 0.1225245 -0.2637767 0.3443185 0.3813765 -0.2649095 0.3403206 0.1225246 0.2625649 0.3443185 -0.1314001 -0.2612853 0.3438184 -0.3820984 -0.2557848 0.3461418 -0.3820984 0.2590122 0.3461417 -0.1314001 0.2638988 0.3438184 0.3813639 0.2667222 0.3401281 0.3736605 0.2605345 0.3492573 0.3861964 -0.003192067 0.3665152 -0.3855732 -0.003192067 0.3800697 -0.3817256 0.2608051 0.3491441 -0.3852279 -0.001819252 0.4203142 0.3727843 -0.003333389 0.4254122 -0.3893529 -0.2649095 0.3402522 0.3749708 -0.2641479 0.3465368 -0.3826599 -0.2641479 0.3465368 0.3733632 -0.2601444 0.347594 0.3733632 0.2584944 0.3475814 -0.3893529 0.2667222 0.3400655 -0.3838312 -0.2607567 0.005608201 0.3776952 -0.2610505 0.00552994 0.3771219 0.2595774 0.005040764 -0.3851466 0.2598257 0.005328416 0.1225396 -0.2637767 0.3389869 0.3759983 -0.2607045 0.3420284 0.1225397 0.2625649 0.3389869 -0.1313378 -0.2612853 0.339592 -0.382009 -0.2557846 0.3400602 -0.382 0.2589357 0.3394526 -0.1313379 0.2638988 0.339592 0.3745378 0.2595854 0.3408722 0.3736602 0.2577726 0.3426584 0.3861964 -0.00402075 0.3606221 -0.3855732 -0.00402075 0.3741765 -0.3817258 0.2580866 0.3426486 -0.3852279 0.001133263 0.4148073 0.3739758 1.58355e-4 0.4203693 -0.3832708 -0.2576012 0.3418756 0.3749765 -0.2605363 0.3449948 -0.382654 -0.2574824 0.3438678 0.3733785 -0.2601472 0.3422158 0.3733826 0.2584916 0.3407554 -0.382663 0.2596808 0.3411269 -0.3842626 -0.1469797 0.3834652 0.3764303 -0.147364 0.3756814 -0.3842592 -0.1450771 0.3771801 0.3764331 -0.1466692 0.3713594 0.3750904 -0.2571367 0.3528065 0.375096 -0.2557916 0.3490777 -0.3827652 -0.2571367 0.3528065 -0.3827595 -0.2552552 0.3470315 -0.3833546 -0.225265 0.365318 -0.3833502 -0.2238032 0.3591887 0.3757604 -0.225265 0.365318 0.3757646 -0.2242451 0.3612926 0.3741272 0.2501813 0.3537797 -0.3818689 0.2504638 0.3537741 0.3741269 0.2500333 0.3466725 -0.381869 0.2503179 0.3467749 0.3756637 0.2150406 0.3617498 0.3756635 0.214872 0.3547909 -0.3823405 0.2152872 0.3617449 -0.3823406 0.2151204 0.3548803 -0.384272 -0.07579916 0.4001479 -0.3842613 -0.07301563 0.3944749 0.375082 -0.07358992 0.3982287 0.3761896 -0.07128059 0.3936551 0.38093 0.1074656 0.3560679 0.3809299 0.1072265 0.349617 -0.3839569 0.1075889 0.364283 -0.3839569 0.1073507 0.3578791 0.3835632 0.05213677 0.3579493 0.3835632 0.05160284 0.3517773 -0.384765 0.05219841 0.3710319 -0.384765 0.05166494 0.3648835 -0.003982961 -0.2649095 0.002570152 -0.003986656 0.2667222 0.002174437 3.11572e-4 -0.003192067 0.3821754 -0.003669023 -0.001819252 0.3951071 -0.003844499 -0.2641479 0.3465368 -0.003988265 -0.2649095 0.3402864 -0.003994524 0.2667222 0.3400968 -0.00306797 -0.2609036 0.00556904 -0.004012346 0.2597016 0.00518459 3.11572e-4 -0.00402075 0.3762823 -0.003669023 0.001133263 0.3896001 -0.003838717 -0.2590093 0.3444314 -0.003636181 -0.2591528 0.341952 -0.004062592 0.2596331 0.3409996 -0.004032611 0.2606698 0.3492007 -0.00403279 0.2579296 0.3426535 -0.0037539 -0.1464955 0.3615556 -0.003756761 -0.147364 0.3669583 -0.003831744 -0.2555234 0.3480545 -0.003837347 -0.2571367 0.3528065 -0.003797054 -0.225265 0.365318 -0.003792822 -0.2240241 0.3602406 -0.003871023 0.2501756 0.3467237 -0.003870844 0.2503225 0.3537769 -0.003338575 0.2149962 0.3548356 -0.003338396 0.2151639 0.3617474 -0.003712892 -0.07459157 0.3739408 -0.003711462 -0.07268106 0.3684859 -0.001513481 0.1072886 0.3557831 -0.001513361 0.1075273 0.3622105 -6.00954e-4 0.05163389 0.3674486 -6.00923e-4 0.05216759 0.373609 0.1887021 -0.2649094 0.002551734 0.1871104 -0.001819252 0.3951071 0.1855631 -0.2641479 0.3465368 0.1886941 -0.2649095 0.3403035 0.1886847 0.2667222 0.3401124 0.1873136 -0.2609771 0.00554949 0.1871104 0.001133263 0.3896001 0.1855688 -0.2597728 0.3447131 0.186181 -0.2599287 0.3419902 0.1852375 0.2596093 0.3409359 0.1848139 0.2606021 0.349229 0.1848136 0.2578511 0.342656 0.1863367 -0.1473639 0.3669583 0.1856265 -0.2571367 0.3528065 0.1859816 -0.225265 0.365318 0.1851281 0.250252 0.3537783 0.1861626 0.2151023 0.3617486 0.1867235 -0.07459163 0.3739408 0.1897083 0.1074965 0.3560673 0.1914811 0.05215215 0.3693178 0.1886973 0.2667222 0.002102255 0.1932539 -0.003192007 0.3778839 0.1865547 0.2596395 0.005112707 0.1932539 -0.00402075 0.3719908 0.1863396 -0.1465824 0.362096 0.1856321 -0.2556575 0.3485661 0.1859858 -0.2241346 0.3607667 0.1851279 0.2501045 0.3466982 0.1861624 0.2149341 0.3548133 0.186725 -0.07272452 0.3687561 0.1897082 0.1072576 0.3496281 0.1914811 0.05161833 0.3631516 -0.2567493 -0.2585351 0.3449801 -0.2567493 0.2614555 0.3449801 -0.2566734 -0.258535 0.3398261 -0.2566689 0.2614173 0.3395223 -0.1966707 0.2667222 0.002246558 -0.1926308 -0.003192007 0.3665152 -0.1945795 0.2597636 0.005256533 -0.1926308 -0.00402075 0.3606221 -0.1938474 -0.1464086 0.3610153 -0.1932956 -0.2553893 0.347543 -0.1935715 -0.2239136 0.3597147 -0.19287 0.2502467 0.3467494 -0.1928396 0.2150583 0.3548579 -0.194148 -0.07263767 0.3682158 -0.1927352 0.1073196 0.3496505 -0.192683 0.05164939 0.3517941 -0.1966681 -0.2649095 0.002588629 -0.1944485 -0.001819252 0.3951071 -0.1932522 -0.2641479 0.3465368 -0.1966705 -0.2649095 0.3402693 -0.1966737 0.2667222 0.3400812 -0.1934496 -0.2608302 0.00558865 -0.1944485 0.001133263 0.3896001 -0.1932464 -0.2582459 0.3441495 -0.1934534 -0.258377 0.3419138 -0.1933628 0.2596569 0.3410633 -0.1928791 0.2607374 0.3491724 -0.1928793 0.2580081 0.3426511 -0.1938503 -0.147364 0.3669583 -0.1933012 -0.2571367 0.3528065 -0.1935758 -0.225265 0.365318 -0.1928699 0.2503932 0.3537755 -0.1928395 0.2152255 0.3617461 -0.1941494 -0.07459163 0.3739408 -0.1927351 0.1075581 0.3560661 -0.192683 0.05218297 0.3579484 0.3814445 0.03524106 0.2935588 0.3814446 0.08497655 0.2939954 0.3814446 0.08491146 0.2445555 0.3814445 0.03524923 0.2446991 0.3814446 0.09431833 0.2939954 0.3814446 0.1438369 0.2941389 0.3814446 0.1437584 0.2445685 0.3814446 0.09431856 0.2444118 0.3814446 0.1529564 0.2938513 0.3814445 0.2026706 0.2941387 0.3814446 0.1529563 0.2445549 0.3814445 0.20254 0.2445616 0.3814445 0.2115685 0.2938514 0.3814445 0.2613217 0.2941387 0.3814445 0.212078 0.2446987 0.3814446 0.2613219 0.2444112 0.3814445 0.2117246 0.2349726 0.3814446 0.2612364 0.2352116 0.3814446 0.2613082 0.1855086 0.3814445 0.2118445 0.1855086 0.3814445 0.2025462 0.2350924 0.3814446 0.1531279 0.1855087 0.3814445 0.2026224 0.1853889 0.3814446 0.1529712 0.234733 0.3814446 0.09421098 0.2350925 0.3814446 0.1439365 0.1855698 0.3814446 0.1436543 0.2346134 0.3814446 0.09417819 0.1855262 0.3814446 0.08479398 0.185509 0.3814445 0.03522086 0.2346134 0.3814446 0.08481574 0.2350925 0.3814446 0.0354495 0.1853893 0.3816301 -0.1964752 0.0117039 0.3816301 -0.2455785 0.01232165 0.3816301 -0.1964752 0.1165536 0.3816301 -0.2455784 0.1165536 -0.3845029 -0.2650279 0.3352636 -0.2395257 -0.2650279 0.3355575 -0.3828228 -0.2650279 0.2647491 0.2767117 -0.2650173 0.07605761 0.3388878 -0.2650173 0.07612478 0.2766048 -0.2650173 0.0194534 0.3388876 -0.2650173 0.01895153 -0.1290238 -0.2650352 0.3229073 -0.1290238 -0.2650352 0.2230885 -0.1984655 -0.2650352 0.3220356 -0.1964316 -0.2650352 0.2230885 0.2176018 -0.2650353 0.3229073 0.2176018 -0.2650353 0.2230885 0.1481601 -0.2650354 0.3220356 0.150194 -0.2650354 0.2230885 -0.3265757 -0.1098807 0.384559 -0.2779867 -0.1096366 0.3777676 -0.2765867 -0.05013787 0.3923261 -0.3262881 -0.05104428 0.3991101 0.3999975 -0.04070621 0.1011981 0.3997145 -0.2018976 0.263239 0.4024022 -0.01716929 0.1311578 0.3990284 -0.2248525 0.2247154 0.3856437 -0.09097522 0.1934663 0.3856437 -0.1122072 0.1591653 0.3821337 -0.05061203 0.1634532 0.3815153 -0.0754981 0.1305934 0.3895888 -0.03717029 0.1500431 0.3880357 -0.06028264 0.1195617 0.3814778 -0.1729958 0.198962 0.3815143 -0.1513277 0.2341568 0.3903677 -0.1219034 0.2130361 0.3903475 -0.1431179 0.1773813 0.3821758 -0.09034687 0.1428342 0.382485 -0.06684023 0.1758005 0.3852893 -0.1819279 0.2520486 0.3820071 -0.1698633 0.245288 0.381731 -0.191986 0.2091544 0.3849287 -0.2045444 0.2151004 -0.03033864 0.1136081 0.3681599 0.2354913 0.2385954 0.364405 0.2663393 0.2335029 0.375774 0.2846125 0.2369177 0.3896443 -0.04268205 0.1570236 0.3674933 0.2880867 0.2014067 0.3892417 0.2708612 0.1995833 0.3762839 0.2449557 0.1934751 0.3653361 0.1802634 0.222459 0.3616802 0.1897825 0.1774719 0.362341 0.2143804 0.1846085 0.3645117 0.2114716 0.2316187 0.3638857 0.005965113 0.1713018 0.362773 0.01245909 0.1260251 0.3634098 -0.02476751 0.1622816 0.369048 -0.01278245 0.1657993 0.3679472 -0.006024956 0.1206623 0.3685671 -0.01799708 0.1171888 0.3695361 -0.3893533 -0.2649094 0.01765924 0.3813807 0.2667222 0.01710247 0.3813868 -0.2649095 0.01759177 -0.3893547 0.2667222 0.0173754 -0.003987014 0.2667222 0.01723897 -0.003983199 -0.2649095 0.01762551 0.1887018 -0.2649094 0.01760864 0.1886968 0.2667222 0.01717072 -0.1966708 0.2667222 0.01730722 -0.1966682 -0.2649095 0.01764237 0.3683334 -0.2649095 0.002534508 0.3602054 -0.00323081 0.4233592 0.3621389 -0.2641479 0.3465368 0.3683227 -0.2649095 0.3403194 0.3683104 0.2667222 0.340127 0.3647974 -0.2610456 0.005531251 0.3613162 2.24403e-4 0.4182848 0.3621446 -0.2604845 0.3449757 0.3631387 -0.260652 0.3420258 0.3617132 0.2595871 0.3408765 0.3608666 0.2605391 0.3492554 0.3608663 0.2577779 0.3426582 0.363552 -0.147364 0.3750904 0.3622548 -0.2571367 0.3528065 0.3629034 -0.225265 0.365318 0.3613229 0.2501862 0.3537796 0.3628255 0.2150448 0.3617497 0.3623212 -0.07365781 0.3965832 0.3679753 0.1074677 0.3560678 0.3705502 0.05213779 0.3587195 0.3683276 0.2667222 0.002035021 0.373125 -0.003192067 0.3672854 0.3642115 0.2595816 0.005045652 0.373125 -0.00402075 0.3613923 0.3635548 -0.1466634 0.3707318 0.3622603 -0.2557826 0.349043 0.3629075 -0.2242376 0.361257 0.3613228 0.2500382 0.3466743 0.3628253 0.2148762 0.3547924 0.3633539 -0.0713784 0.3919683 0.3679752 0.1072286 0.3496177 0.3705501 0.05160391 0.3525478 0.3683329 -0.2649095 0.01759296 0.3683269 0.2667222 0.01710712 -0.3893529 -0.2649095 0.3328452 0.3813643 0.2667222 0.3327112 -0.3893529 0.2667222 0.3326563 0.3813767 -0.2649095 0.3329105 -0.003994345 0.2667222 0.3326838 -0.003988146 -0.2649095 0.3328779 0.1886942 -0.2649095 0.3328942 0.1886849 0.2667222 0.3326975 -0.1966736 0.2667222 0.3326701 -0.1966705 -0.2649095 0.3328616 0.368323 -0.2649095 0.3329094 0.3683108 0.2667222 0.3327103 -0.371838 0.2667222 0.002312123 -0.3680329 -0.003192067 0.3788374 -0.3678224 0.2598201 0.005321919 -0.3680329 -0.00402075 0.3729442 -0.366949 -0.1451982 0.3757106 -0.3655356 -0.2552675 0.347078 -0.3660976 -0.2238132 0.3592365 -0.3646873 0.2503114 0.3467726 -0.3651133 0.2151147 0.3548783 -0.3669783 -0.07298123 0.3920876 -0.3665732 0.1073479 0.357131 -0.367303 0.05166351 0.3636935 -0.3718365 -0.2649094 0.002605378 -0.3678843 -0.001819252 0.4180226 -0.365441 -0.2641479 0.3465368 -0.3718364 -0.2649095 0.3402537 -0.3718366 0.2667222 0.340067 -0.3665238 -0.2607634 0.005606412 -0.3678843 0.001133263 0.4125157 -0.3654351 -0.2575518 0.3438934 -0.3660146 -0.2576717 0.3418791 -0.3654539 0.2596786 0.3411211 -0.3645578 0.2607989 0.3491466 -0.3645579 0.2580795 0.3426489 -0.3669524 -0.1470146 0.3819646 -0.3655412 -0.2571367 0.3528065 -0.3661019 -0.225265 0.365318 -0.3646872 0.2504574 0.3537742 -0.3651131 0.2152816 0.3617451 -0.3669882 -0.07568937 0.3977654 -0.3665731 0.1075861 0.363536 -0.367303 0.05219697 0.3698425 -0.3718379 0.2667222 0.01736921 -0.3718364 -0.2649094 0.01765769 -0.3718364 -0.2649095 0.3328467 -0.3718366 0.2667222 0.3326576 0.3813872 -0.2529497 0.002521932 -0.3893533 -0.2529497 0.00260055 0.1225245 -0.251936 0.3443185 -0.1314001 -0.2494705 0.3438184 -0.3893529 -0.2529497 0.3402479 0.3733632 -0.2484769 0.3475937 -0.3820984 -0.2442038 0.3461418 0.3813762 -0.2529497 0.3403162 0.3776823 -0.2493383 0.005518913 -0.3838607 -0.2490455 0.005601882 0.1225396 -0.251936 0.3389869 -0.1313378 -0.2494705 0.339592 -0.383257 -0.2459642 0.3418588 0.3733786 -0.2484797 0.342183 -0.3820087 -0.2442053 0.3400465 0.3759655 -0.2489999 0.3420023 -0.003089189 -0.2491919 0.005560398 -0.00398308 -0.2529497 0.002561271 0.1872965 -0.2492651 0.005539655 0.188702 -0.2529497 0.002541601 -0.2566733 -0.246838 0.3398193 -0.2567493 -0.2468372 0.3449801 -0.1966682 -0.2529497 0.00258094 -0.193475 -0.2491188 0.00558114 0.3813867 -0.2529497 0.0175808 -0.3893533 -0.2529497 0.01765286 0.3647842 -0.2493334 0.005520284 0.3683333 -0.2529497 0.002523303 -0.3893529 -0.2529497 0.3328409 0.3813764 -0.2529497 0.3329061 -0.366553 -0.2490522 0.005600035 -0.3718365 -0.2529496 0.002598762 0.3813816 0.2535328 0.002042591 0.1225246 0.2495067 0.3443185 0.3733632 0.2456272 0.3475817 -0.3820984 0.2462404 0.3461417 0.3771362 0.2466609 0.005052864 0.1225397 0.2495067 0.3389869 0.3733825 0.2456245 0.3407917 -0.3820002 0.2461658 0.3394677 -0.003988862 0.2467857 0.005194127 0.1865736 0.2467232 0.005123496 -0.2566691 0.2485176 0.3395298 -0.1945515 0.246848 0.005264759 0.3642261 0.2466651 0.005057692 -0.3677901 0.2469047 0.005328953 -0.3893547 0.2535328 0.002325892 -0.1314001 0.2508693 0.3438184 -0.3893529 0.2535328 0.3400701 0.3813642 0.2535328 0.3401328 -0.385114 0.2469104 0.00533539 -0.1313379 0.2508693 0.339592 -0.3826781 0.2468473 0.3411455 0.3745741 0.2466773 0.3409009 -0.003986537 0.2535328 0.002184212 0.1886975 0.2535328 0.002113401 -0.2567493 0.2485548 0.3449801 -0.1966707 0.2535328 0.002255022 0.3813808 0.2535328 0.01711463 -0.3893546 0.2535328 0.01738244 0.3683277 0.2535328 0.002047419 -0.3893529 0.2535328 0.332661 0.3813646 0.2535328 0.3327161 -0.371838 0.2535328 0.002319455</float_array>
          <technique_common>
            <accessor source="#Box_Paper_Closed_A-mesh-positions-array" count="433" stride="3">
              <param name="X" type="float"/>
              <param name="Y" type="float"/>
              <param name="Z" type="float"/>
            </accessor>
          </technique_common>
        </source>
        <source id="Box_Paper_Closed_A-mesh-normals">
          <float_array id="Box_Paper_Closed_A-mesh-normals-array" count="1203">0 1 0 0.7445692 -0.04342454 -0.6661315 -6.9995e-5 -0.7849551 -0.6195527 -1.01593e-4 -9.40276e-4 -0.9999996 0.8991782 -0.07376569 0.4313204 0.01080965 0.4165934 0.9090287 0.02360445 2.01598e-4 0.9997214 0.009266972 0 0.9999572 -0.02707052 -0.4196588 0.9072783 -8.65215e-4 -0.42279 0.9062274 0.05138587 0.9464168 0.3188337 0.3657077 0.5269074 0.76722 0.5062032 0.7583248 0.4107336 -0.04813116 -0.4457689 0.8938533 -0.2386385 -0.766322 0.5964916 -8.04016e-4 -0.8518898 0.5237205 -1.42669e-7 -1 0 -0.4629195 -0.698453 -0.5457738 -7.66559e-5 -0.779017 -0.6270027 -0.3038944 0.2279341 0.9250375 0.06976819 0.06321823 0.9955582 0.06666988 0.1275471 0.9895893 -0.4723064 -0.706567 -0.5269628 0.0110554 0.4429894 -0.8964588 0.04941624 -0.001433968 -0.9987773 -0.6184826 0.7825055 -0.07186537 -0.650118 -4.08561e-4 -0.7598332 -1 -5.12777e-6 5.66733e-6 1 2.10451e-5 5.01793e-5 -1.54786e-6 -0.9984688 0.05531889 0.05438071 0.5939877 0.8026341 -0.8819257 4.67338e-5 0.4713887 -0.03937721 -7.16759e-5 0.9992245 0.7070906 0.7071048 0.00507611 0 1 1.54381e-6 -0.3467702 0.924614 0.1576059 -0.9987149 3.26727e-4 0.05068063 1.09027e-4 9.3356e-4 0.9999997 -0.03925812 0.4825227 -0.8750032 -0.760908 -0.6488298 0.006257593 -0.001702189 -0.001041233 -0.999998 0.004049599 -0.4262052 -0.9046175 0.004719793 -6.12387e-4 -0.9999887 -0.07343542 -0.9972064 -0.01366335 0.6470434 -0.4241713 -0.6335721 -2.6188e-4 -0.5178542 -0.8554689 -0.2190246 0.5636995 -0.7964115 -0.6224241 0.7326116 -0.2754423 -0.3619771 0.3819049 -0.8503654 -0.6789593 0.5551798 0.4804058 0.9126118 0.4014183 -0.07747948 0.002891778 0.999958 -0.008709549 0.5304009 -0.4953969 -0.6879367 -0.4001505 -0.1266602 -0.9076547 -0.06666862 -0.1313984 -0.9890853 -0.003037333 0.4301739 0.9027411 -0.4180566 0.9083228 -0.0133568 0.5750533 0.6287735 0.5234097 0.7566754 -0.571766 0.3170586 0.9907213 -0.02713799 0.1331728 -0.9986814 -0.03815871 0.03434139 -0.7060207 -0.7042331 0.07477128 0.1109488 0.9250268 -0.36334 -0.001600623 0.4281997 -0.9036827 -0.05080485 0.003965675 -0.9987008 0.6751003 -0.5416845 0.5008168 -0.03398305 -3.26174e-5 0.9994224 -0.9128292 -0.02576661 0.4075281 0.07597482 -0.4674805 -0.8807325 0.02801096 -0.410798 0.911296 -0.3566771 -0.6514542 -0.6696185 0.9346233 0.04303908 0.3530256 -0.007573544 0.4084761 -0.9127376 4.07797e-4 0.4111617 0.9115625 0.1652408 -0.9716668 0.1689943 0.01746761 6.70335e-5 -0.9998475 0.0428788 3.21657e-5 0.9990803 0.490325 0.08122396 0.8677465 0.3720664 -0.220345 -0.9016733 0.3958602 -0.07358402 -0.915358 -0.07796657 -0.9740583 -0.2124421 -0.5165667 0.7253262 0.4550393 -0.3795177 -0.2487753 -0.8911102 -0.3659788 0.2533764 0.8954663 0.8277088 -0.03579407 0.5600152 0.1276369 0.4078846 -0.9040681 -0.1467956 -0.2837601 0.9475923 -0.244281 0.8102766 0.532709 -0.453266 0.2177842 -0.8643611 -0.2541475 -0.2390835 0.9371489 0.2871121 -0.5384105 0.7922631 0.4652479 0.7256359 -0.5069488 0.3217666 0.382745 -0.8660097 -0.5375519 -0.6548508 0.5312329 -0.5194008 0.8051175 0.2863715 0.3166897 -0.6017082 0.7332496 -0.7940708 0.6050668 -0.0578435 -0.4351984 -0.695782 -0.5713929 0.6310412 -0.6566438 0.4130449 0.2544744 -0.3209124 0.9122818 0.3747048 0.1896391 -0.9075425 0.522301 0.2719977 -0.8082196 -0.632906 0.2653309 0.7273442 -0.3893958 0.232585 -0.8912212 -0.3372607 -0.248958 0.907896 -0.1332895 0.2331305 -0.9632675 -0.9376949 0.07339453 -0.3396198 0.1203117 -0.2388122 0.963584 0.09018814 -0.1722013 0.9809246 0.3614636 0.1819352 -0.9144636 0.3110544 -0.1950444 0.9301629 -0.05273067 0.2151898 -0.9751477 -0.0439586 -0.2375408 0.9703825 -0.7164781 0.003820955 0.6975992 -0.05355113 0.2025834 -0.9777997 0.6264166 0.2901903 0.7234583 -0.4006986 -0.06452339 -0.9139352 -0.3617146 0.07100844 0.9295809 0.4900237 -0.2175937 -0.8441148 0.03631687 -0.2816572 -0.9588276 -2.6332e-4 -0.5156405 -0.8568052 8.3129e-5 0.2668471 0.963739 6.12501e-5 0.6454212 0.7638269 -0.3493337 0.0746355 0.9340211 -0.3876937 -0.04782021 -0.920547 0.6569552 0.4934096 0.5700498 0.4897905 0.00200951 -0.8718378 0.05078959 -0.08417612 -0.9951557 0.01256889 0.04553627 0.9988836 0.657573 0.2074619 0.7242634 -0.3707242 0.359946 -0.8561556 0.08471077 0.9963758 0.007703244 -0.02814352 0.9935297 0.1100303 0.71821 -0.2731194 0.6399846 0.5986808 0.33627 0.7269827 -0.01566374 -0.06682676 -0.9976418 0.04155951 0.03086334 0.9986593 -0.9457212 -0.2815286 0.1623367 0.6456764 0.3137258 -0.6961882 0.02071666 0.05696904 0.998161 -0.02697646 0.1782333 0.9836184 0.02801269 0.1859781 0.9821545 0.0185095 -0.08800584 -0.9959481 0.02664077 -0.1817473 -0.9829843 0.0129587 -0.06601959 -0.9977343 0.03968441 0.0345875 0.9986135 0.01454734 0.09339129 0.9955233 0.05134153 -0.06153339 -0.9967837 0.005295455 -0.05102771 -0.9986832 0.04731094 0.1933834 -0.979982 9.83706e-4 0.3903403 -0.9206702 0.06156164 0.360715 -0.9306422 0.5217722 0.1757206 0.8347911 -0.04515087 -0.1995426 0.9788484 -0.06551337 -0.1680552 0.9835982 0.009364902 0.2664177 0.9638122 0.05649036 0.10745 0.9926043 0.0774253 -0.333796 -0.9394602 -2.17567e-4 -0.2720776 -0.9622753 2.43075e-4 0.6395439 0.7687547 0.05036586 0.3130997 0.9483838 0.08344751 -0.5846075 -0.8070134 -2.35935e-4 -0.5172149 -0.8558555 -0.01984912 0.1308509 -0.9912034 0.00284475 0.05443412 -0.9985134 0.01613843 0.05888879 -0.9981342 -0.001052916 -0.05789142 0.9983224 -0.001926481 -0.1326877 0.9911561 -0.0133062 -0.06277805 0.9979388 0.01201814 -0.1295773 0.9914966 0.001057028 -0.4361729 0.8998623 -0.02137959 0.4093129 -0.9121436 -0.06798523 0.191414 -0.9791521 -6.50676e-4 -0.1898903 0.9818051 0.003661394 0.1850345 -0.9827253 -0.05933433 0.3824132 -0.9220844 0.06435239 -0.1751713 0.9824327 0.02695286 0.01735186 0.9994862 0.02797681 -0.3061782 -0.9515631 -0.03827333 -0.2913154 -0.9558612 0.4151943 -0.8957768 0.158738 -1.94636e-4 -0.9999958 -0.00290054 -2.00881e-4 -0.9994608 0.03283524 -0.1361966 0.9106491 -0.3900884 0.002874672 0.9999784 -0.005902588 0.004098176 0.8591372 -0.511729 -0.02771216 -0.1896346 -0.9814636 -0.01939487 0.9996495 -0.01802223 9.68327e-4 0.9997665 0.02158987 -0.1630246 0.5463286 -0.8215523 0.004325866 -0.9998997 0.01348942 -2.28176e-4 -0.5164821 -0.8562979 -0.02716714 0.9985088 0.04735058 1.23052e-4 7.56972e-4 0.9999997 1.23084e-4 6.56474e-4 0.9999998 0.002060174 0.9409645 0.3384994 0 1 8.9904e-7 0 1 -3.38305e-7 -0.002208709 -0.8512265 0.5247939 0 -0.9984614 0.05545222 -1.51643e-6 -0.9984607 0.05546563 -0.6313608 -0.4685506 0.6179352 0 -1 2.97505e-7 -6.71891e-5 -0.779052 -0.6269593 -8.05371e-5 -0.7791269 -0.6268664 0.004882156 -0.4364841 0.8996987 2.65731e-4 0.6438401 0.76516 0.05467319 0.9558456 0.2887387 -1.15905e-4 -7.62809e-4 -0.9999997 -7.15095e-5 -0.778986 -0.6270413 -1.15863e-4 -6.61837e-4 -0.9999998 9.36448e-4 -0.8509165 0.5253002 4.78159e-6 -0.435219 0.9003247 -1.65908e-7 -1 3.05096e-7 0.04981285 0.1213148 0.9913634 0.05876046 0.04999279 0.9970196 -1.92318e-6 -0.9984593 0.05549079 -6.71734e-4 0.8236726 -0.5670654 0.002770006 0.4051938 -0.9142267 0.0151658 0.9998718 -0.005140066 -0.6871595 0.5179038 0.5094972 -0.078197 -0.1101084 -0.9908387 -0.6603421 -0.5917559 -0.4623563 0.04869753 0.1565558 -0.986468 0.1274511 0.2764288 -0.9525457 -0.05820584 -0.1586471 0.9856182 -0.1255409 -0.285867 0.9500103 0.01596319 0.1675413 -0.9857359 -0.01311153 -0.1705993 0.9852532 -5.96355e-5 0.6409112 0.7676151 8.67043e-5 0.2648268 0.9642961 -0.01572835 -0.2732635 -0.9618107 -3.89456e-6 0.01525866 0.9998836 -0.03610986 -0.0309627 -0.9988682 0.007700443 -0.001156985 0.9999698 -0.01048165 -0.002605497 -0.9999418 -1.8585e-4 -0.999995 -0.003168344 1.22121e-4 8.56548e-4 0.9999997 0 1 -3.67302e-7 0.05578523 0.9551212 0.290915 -1.14908e-4 -8.62852e-4 -0.9999997 0.9341469 -0.03302294 -0.3553578 -1.15043e-4 -5.688e-4 -0.9999999 4.26061e-5 0.9413376 0.3374664 0 1 0 1.22305e-4 5.63981e-4 0.9999999 -2.20755e-4 -0.9999786 -0.006544232 -1.99146e-4 -0.9964495 0.08419358 -0.004710316 0.1055635 0.9944015 0.004694461 -0.1096856 -0.9939553 -0.002952396 0.01213109 -0.9999222 0.02216535 3.15777e-4 0.9997544 -1.3022e-4 -0.02732199 -0.9996268 -0.05434846 0.1962817 -0.9790403 0.05554246 -0.196056 0.9790185 0.06091463 0.08480763 0.9945337 -1.97028e-4 -0.2723137 -0.9622085 -0.003399968 0.6442983 0.7647668 0.0508818 0.3148834 0.9477656 -8.16511e-4 0.1299387 -0.9915218 -0.02279573 0.06723409 -0.9974768 0.003624916 -0.1359462 0.9907097 -4.82056e-6 -0.4361656 0.8998664 0.002837181 0.4087467 -0.9126435 0.02455449 -0.07310879 0.9970217 -0.610262 -0.5052351 0.6101784 0.003631591 0.8800179 -0.4749269 -0.582476 -0.6586296 -0.4763703 0.02955001 0.9991182 -0.02982771 -0.06184542 -0.8997091 0.4320864 0.07279294 -0.8832567 0.4632049 1.54663e-7 -1 -3.02201e-7 1 1.51503e-6 0 1 0 0 1 -1.48753e-7 0 1 0 0 1 1.51184e-6 0 1 4.57666e-7 0 1 1.5337e-6 6.05435e-7 1 0 0 1 -8.19672e-7 0 0 -1 7.28771e-7 0 -1 0 4.4212e-7 -1 0 4.4212e-7 -1 0 0.135608 -0.238489 0.9616307 0.9240835 -0.3285717 0.1952185 0.9059481 -0.3612688 0.2207784 0.9163754 -0.3364629 0.2169079 0.9983545 -0.04974651 0.02852326 0.9929877 0.1010057 -0.06142699 0.9982784 -0.05020564 0.03032523 0.9963082 0.06398844 -0.05723327 0.9843233 -0.1475481 0.0966292 0.9973121 0.05840259 -0.04424512 0.9876753 -0.1373893 0.07497823 0.8455748 0.4516981 -0.2845563 0.9005688 0.3668424 -0.2332434 0.899659 0.3687309 -0.2337765 0.9893874 -0.1255524 0.07313919 0.9898234 -0.1215475 0.07400023 0.9922053 0.103706 -0.06909209 0.995006 0.0813986 -0.05777138 0.9944301 0.0876398 -0.05855029 -0.05096375 0.01089417 0.9986411 -0.1951349 -0.01551717 0.9806537 -0.1863481 -0.01843947 0.9823108 -0.4583847 -0.05626648 0.8869711 -0.5952222 -0.06731265 0.800737 -0.5952227 -0.067312 0.8007367 -0.01306539 0.009925425 0.9998654 0.02654767 0.01783764 0.9994885 0.02628123 0.01822286 0.9994886 -0.05628883 0.006104409 0.9983959 -0.008438944 0.01409983 0.999865 0.1888694 0.04129213 0.9811338 0.1858379 0.04011929 0.9817611 -0.01204544 0.009775698 0.9998797 -0.02391958 0.003088116 0.9997092 -0.08950918 -0.004389226 0.9959764 -0.1065105 -0.01501429 0.9941983 0 -1 -1.65753e-6 -1.19815e-7 -1 2.50633e-7 0.06407219 0.7082077 -0.7030908 0 1 2.4733e-7 -2.42502e-4 0.7495844 -0.6619088 0.06210231 0.7079021 -0.7035751 0 1 2.79943e-7 -2.42468e-4 0.7497023 -0.6617752 0 -1 0 0 -1 2.37856e-7 0 1 -6.2234e-7 0.05049932 0.7345699 -0.6766514 0.7107937 0.7034006 3.71761e-5 0.6063789 0.5996173 -0.522268 0.7438452 -0.04475772 -0.6668516 1 1.01083e-5 5.14682e-5 -0.6057023 0.7956815 -0.003964602 -1 -6.25008e-7 4.3283e-6 -0.5652676 -0.8248761 0.00722289 0 -1 0 0 1 3.85329e-7 0.7055111 -0.7073234 -0.04413187 0.6763135 -0.736614 1.95064e-5 0.9615361 -0.1898621 0.1984965 0.6385615 -0.502906 -0.582516 -0.4096495 -0.9031571 0.1284316 -1.93493e-4 -0.9984626 0.05542945 0 1 0 0 -1 -3.60432e-7 -0.6625882 0.4961957 -0.5610407 0.03234088 -0.5986577 0.8003518 0.2724266 0.2689446 0.923825 0.9987263 0.001663029 0.0504316 -0.6554688 -4.15988e-4 -0.7552222 -3.67733e-4 -5.50432e-4 -0.9999998 3.70809e-4 5.46324e-4 0.9999999 1 2.20563e-5 3.23452e-5 -0.891127 0.04441291 0.4515755 -3.53994e-4 -9.22018e-4 -0.9999995 -3.53825e-4 -8.27103e-4 -0.9999997 3.57492e-4 9.15698e-4 0.9999995 3.57253e-4 8.21343e-4 0.9999997 -1 0 5.53618e-7 -0.8219414 -0.569572 -7.26571e-6 1 1.20435e-5 3.45153e-5 3.58413e-4 6.21798e-4 0.9999998 -3.55079e-4 -6.26435e-4 -0.9999998 0.4240991 -0.6599138 0.6202046 0.05280792 0.1178377 -0.9916278 -1.43888e-4 -7.16013e-4 -0.9999998 -3.53801e-4 -7.26101e-4 -0.9999997 3.57228e-4 7.20898e-4 0.9999998 -0.02203685 3.78942e-5 0.9997572 -0.3991624 -0.9168747 0.003205299 0.9986171 0.01291692 0.0509625 -0.02855932 0.6840035 0.7289195 -0.9998447 -0.002825736 0.01739627 0.8799721 8.15313e-5 0.4750255 -1 -2.53084e-6 1.9343e-6 -0.5162525 0.690761 -0.506293 -0.02327179 -0.02708864 -0.9993622 0.009266495 0 0.9999571 -0.3097392 0.2919893 0.9048779 0.3325527 0.9430689 -0.00546056 0.3376795 0.3410857 0.8772873 0 1 4.8133e-7 1 -1.84412e-6 0 1 2.46207e-6 0 1 0 5.99312e-7 1 -2.58223e-7 0 1 -7.40641e-7 0 1 -6.86446e-7 0 1 -1.52259e-6 0 0 -1 0 4.2906e-7 -1 1.86323e-7 4.29059e-7 -1 -2.37139e-7 0.1356084 -0.238489 0.9616306 0.909428 -0.3593445 0.2093138 0.8453231 0.4521999 -0.284507 -0.4673884 -0.05035006 0.8826172</float_array>
          <technique_common>
            <accessor source="#Box_Paper_Closed_A-mesh-normals-array" count="401" stride="3">
              <param name="X" type="float"/>
              <param name="Y" type="float"/>
              <param name="Z" type="float"/>
            </accessor>
          </technique_common>
        </source>
        <source id="Box_Paper_Closed_A-mesh-map-0">
          <float_array id="Box_Paper_Closed_A-mesh-map-0-array" count="4386">0.5271071 0.9564216 0.5840405 0.9981819 0.5268287 0.9984604 0.7039729 0.5416668 0.6977409 0.5473435 0.6977317 0.5416733 0.8782135 0.3013425 0.8796761 0.2950828 0.8796223 0.3013442 0.0876801 0.5388773 0.1537381 0.5432539 0.08766269 0.5444975 0.6905739 0.1242422 0.6967374 0.1227318 0.6967527 0.1242295 0.3397688 0.7275906 0.3314598 0.7224916 0.3397778 0.7225773 0.3400637 0.5665738 0.3317452 0.5593494 0.3400769 0.559338 0.3316347 0.03023439 0.339951 0.00565803 0.3400143 0.03024929 0.9800059 0.05007845 0.8680369 0.04420304 0.8680655 0.04997342 0.3209276 0.2952733 0.3286541 0.3015154 0.3209179 0.3014943 0.8745318 0.301339 0.8782669 0.295081 0.8782135 0.3013425 0.3314598 0.7224916 0.3397796 0.7216477 0.3397778 0.7225773 0.1536238 0.2948771 0.1551175 0.3010432 0.1536267 0.3010392 0.6905739 0.1242422 0.6967888 0.127743 0.6906089 0.1277553 0.2807052 0.9933664 0.2852063 0.9890493 0.2807229 0.9890151 0.8782135 0.3013425 0.8796761 0.2950828 0.8782669 0.295081 0.09670454 0.7833735 0.1540238 0.7880305 0.1540215 0.7830163 0.3042043 0.1302894 0.3087221 0.1289218 0.3041526 0.1289284 0.7243161 0.7163478 0.718433 0.7118701 0.7184268 0.7163218 0.7245343 0.5679264 0.7184342 0.7110484 0.7243112 0.7110822 0.04628372 0.02262234 0.04013031 0.04508179 0.04629492 0.04509192 0.01592028 1.43051e-5 0.003161072 0.9967784 0.00301063 5.8651e-4 0.312407 0.5708635 0.1552427 0.5651426 0.1552143 0.5705623 0.7162994 0.04999577 0.8667585 0.04420143 0.7162901 0.04422742 0.7243112 0.7110822 0.718433 0.7118701 0.7243388 0.7118879 0.1552143 0.5705623 0.1539226 0.5651412 0.1539251 0.570671 0.3053568 0.2749132 0.3087334 0.1302743 0.3042043 0.1302894 0.01637572 1.451101 0.00242567 1.4041 0.01637572 1.403903 0.01627749 0.9999856 0.003319859 0.003291666 0.01627755 1.43945e-5 0.01596289 0.5 0.00352323 0.994162 0.003267943 0.4974514 0.01613032 0.9999856 0.003202915 0.5019752 0.01613032 0.5 0.01606583 1.19727 0.002825677 1.166039 0.01606583 1.165895 0.01603502 0.7333219 0.003093421 0.9011529 0.003090739 0.7324234 0.01628333 1.592424 0.003194391 1.644747 0.003194391 1.59272 0.01597273 0.9215593 0.002992749 0.8911619 0.01597273 0.8901311 0.01570773 1.465347 0.002882242 1.432892 0.01570773 1.432643 0.8796761 0.2950828 0.8782669 0.295081 0.8796761 0.2950828 0.01621598 0.9999856 0.002661943 0.7515534 0.01621598 0.7499927 0.01591879 0.9589934 0.003609299 0.993045 0.003578543 0.9523504 0.3314598 0.7224916 0.3314614 0.7215625 0.3314614 0.7215625 0.1536238 0.2948771 0.1551148 0.294547 0.1551148 0.2948806 0.6967374 0.1227318 0.6967527 0.1242295 0.6967527 0.1242295 0.6974546 0.7262687 0.6974596 0.7253153 0.6974546 0.7262687 0.3319543 0.123495 0.331939 0.1249818 0.3319543 0.123495 0.1537381 0.5432539 0.1552246 0.5432786 0.1537381 0.5432539 0.8775028 0.5474643 0.8761173 0.5474645 0.8761173 0.5474645 0.8796761 0.2950828 0.9976172 0.3014581 0.8796223 0.3013442 0.01591879 0.2500072 0.003234148 0.496689 0.003046572 0.2485109 0.01621598 0.5 0.003070175 0.2756683 0.01621598 0.2705033 0.7242053 0.7933234 0.7183579 0.7661678 0.7183204 0.7933166 0.3396123 0.8142961 0.3313538 0.7836803 0.3396674 0.7837232 0.01621598 1.43945e-5 0.003265559 0.04789674 0.003300487 0.007212758 0.01591879 0.9589934 0.003406345 0.7245196 0.01591879 0.7294967 0.7242801 0.7412645 0.7184268 0.7163218 0.7183924 0.7412448 0.3397181 0.755657 0.3314511 0.7275083 0.3397688 0.7275906 0.3396674 0.7837232 0.3314024 0.7555943 0.3397181 0.755657 0.7242444 0.7661814 0.7183924 0.7412448 0.7183579 0.7661678 0.01591879 0.5 0.003406345 0.7245196 0.003234148 0.496689 0.01621598 0.04100656 0.003070175 0.2756683 0.003265559 0.04789674 0.01597273 0.8901311 0.002992868 0.7876924 0.01597273 0.7866616 0.01603496 0.09846025 0.003081142 0.1277742 0.003080666 0.09786736 0.04633504 0.1256126 0.04023504 0.129611 0.04636079 0.1296007 0.3319621 0.1227318 0.3402413 0.118373 0.3402493 0.1230421 0.01597273 0.4320358 0.002992868 0.7876924 0.002993166 0.4330666 0.01603496 0.1283816 0.003082692 0.2262349 0.003081142 0.1277742 0.04632854 0.1125007 0.04023015 0.1256271 0.04633504 0.1256126 0.3319467 0.1183723 0.3402043 0.104023 0.3402413 0.118373 0.3395569 0.844869 0.3313008 0.8142747 0.3396123 0.8142961 0.7241662 0.8204655 0.7183204 0.7933166 0.7182829 0.8204655 0.01591879 1.43945e-5 0.003046572 0.2485109 0.002858936 3.32862e-4 0.01621598 0.7499927 0.002874791 0.5034399 0.01621598 0.5 0.01597273 0.4320358 0.002993285 0.2557536 0.01597273 0.2547228 0.01603502 0.5645112 0.003082692 0.2262349 0.01603496 0.2268896 0.04630613 0.0675615 0.04021388 0.1125112 0.04632854 0.1125007 0.3318959 0.10402 0.3400776 0.05484056 0.3402043 0.104023 0.01597273 0.2547228 0.002993464 0.07844072 0.01597273 0.07740986 0.01603502 0.7333219 0.003088057 0.5636939 0.01603502 0.5645112 0.04629492 0.04509192 0.04015821 0.06755822 0.04630613 0.0675615 0.3317217 0.05482959 0.3400143 0.03024929 0.3400776 0.05484056 0.6074666 0.0551902 0.5159869 0.03056186 0.6081631 0.03072559 0.2430406 0.0676667 0.1757517 0.04530513 0.1754131 0.06763052 0.6060734 0.1041194 0.5155516 0.05506998 0.6074666 0.0551902 0.2419972 0.1121665 0.1754131 0.06763052 0.1747361 0.1122814 0.912519 0.7935401 0.8477141 0.8204656 0.9124297 0.8204656 0.51405 0.844869 0.6055774 0.8149828 0.6054511 0.844869 0.605667 0.1183955 0.5146809 0.1040863 0.6060734 0.1041194 0.2416927 0.1251503 0.1747361 0.1122814 0.1745386 0.1253092 0.6055426 0.1228272 0.5144269 0.1183878 0.605667 0.1183955 0.2416003 0.129094 0.1745386 0.1253092 0.1744786 0.1292664 0.9126905 0.7418969 0.8478582 0.7664657 0.9126084 0.7666147 0.5142536 0.7846245 0.6058194 0.7576609 0.6057035 0.7850967 0.5143471 0.756972 0.6059351 0.7302249 0.6058194 0.7576609 0.9127724 0.7171788 0.8479245 0.7416795 0.9126905 0.7418969 0.5141519 0.8147467 0.6057035 0.7850967 0.6055774 0.8149828 0.9126084 0.7666147 0.8477862 0.7934656 0.912519 0.7935401 0.01570773 0.4998755 0.002882242 0.01738876 0.01570773 0.01713967 0.01628345 -0.07244759 0.003194451 0.5001481 0.00319451 -0.07215142 0.1745648 0.2747324 0.1074762 0.1307839 0.106876 0.2746388 0.9127871 0.7127638 0.8480048 0.7116335 0.8480024 0.7124659 0.2435624 0.04541677 0.1760903 0.02297967 0.1757517 0.04530513 0.91279 0.7119259 0.8484184 0.5677164 0.8480048 0.7116335 0.9127871 0.7127638 0.8479905 0.7168931 0.9127724 0.7171788 0.1745619 0.1306141 0.1073569 0.1294386 0.1074762 0.1307839 0.08663839 0.9918423 0.1528493 0.9880414 0.08667087 0.9875375 0.4231424 0.1247937 0.514346 0.1281064 0.4231246 0.128288 0.6059558 0.7253244 0.5144606 0.7234389 0.6059601 0.724377 0.6081631 0.03072559 0.5164223 0.006053745 0.6088597 0.006260991 0.6066619 0.5663499 0.5150448 0.5591006 0.6066946 0.5589763 0.5144404 0.7293193 0.6059558 0.7253244 0.6059351 0.7302249 0.423153 0.123018 0.5143459 0.1246056 0.4231424 0.1247937 0.5197247 0.54186 0.427603 0.5476472 0.4276007 0.5419566 0.6059351 0.7302249 0.6912558 0.7262047 0.6912313 0.731069 0.6920965 0.5662781 0.6066946 0.5589763 0.6921355 0.5588604 0.6940947 0.03087824 0.6088597 0.006260991 0.6950346 0.006454229 0.6912558 0.7262047 0.6059601 0.724377 0.6912609 0.7252518 0.9731692 0.7130494 0.9127724 0.7171788 0.9731654 0.7174451 0.9731957 0.7121934 0.9133101 0.5676065 0.91279 0.7119259 0.3067791 0.0455209 0.2440841 0.02316689 0.2435624 0.04541677 0.9731692 0.7130494 0.91279 0.7119259 0.9127871 0.7127638 0.01628351 -0.6059755 0.00319451 -0.07215142 0.00319451 -0.6056791 0.9729719 0.7667536 0.912519 0.7935401 0.9728664 0.7936096 0.6055774 0.8149828 0.690958 0.7855369 0.690809 0.8152028 0.9731654 0.7174451 0.9126905 0.7418969 0.9730687 0.7420994 0.6058194 0.7576609 0.6912313 0.731069 0.6910946 0.7583029 0.6057035 0.7850967 0.6910946 0.7583029 0.690958 0.7855369 0.9730687 0.7420994 0.9126084 0.7666147 0.9729719 0.7667536 0.3041526 0.1289284 0.2416927 0.1251503 0.2416003 0.129094 0.6905592 0.1227383 0.605667 0.1183955 0.6907258 0.1184027 0.3042975 0.1250022 0.2419972 0.1121665 0.2416927 0.1251503 0.6907258 0.1184027 0.6060734 0.1041194 0.6912744 0.1041502 0.6054511 0.844869 0.690809 0.8152028 0.6906601 0.8448691 0.9728664 0.7936096 0.9124297 0.8204656 0.972761 0.8204656 0.3047016 0.1120595 0.2430406 0.0676667 0.2419972 0.1121665 0.6912744 0.1041502 0.6074666 0.0551902 0.6931546 0.0553022 0.3060866 0.06770038 0.2435624 0.04541677 0.2430406 0.0676667 0.6931546 0.0553022 0.6081631 0.03072559 0.6940947 0.03087824 0.01570773 0.9826113 0.002882242 0.5001246 0.01570773 0.4998755 0.1745648 0.2747324 0.2416476 0.1304442 0.1745619 0.1306141 0.1745619 0.1306141 0.2416003 0.129094 0.1744786 0.1292664 0.1528219 0.9923622 0.2190278 0.9885453 0.1528493 0.9880414 0.5143459 0.1246056 0.6055673 0.1279247 0.514346 0.1281064 0.5143459 0.1246056 0.6055426 0.1228272 0.6055493 0.1244176 0.6118488 0.5417634 0.5197294 0.5475437 0.5197247 0.54186 0.01613032 0.5 0.003367185 0.004691362 0.01613032 1.43945e-5 0.01596289 1.43945e-5 0.003267943 0.4974514 0.003012597 7.40856e-4 0.03938752 0.7837306 0.09668916 0.7883978 0.09670454 0.7833735 0.02162462 0.5400882 0.08766269 0.5444975 0.02158731 0.5457411 0.4276007 0.5419566 0.3438518 0.5477415 0.3438516 0.5420445 0.3402493 0.1230421 0.4231424 0.1247937 0.3402302 0.1249647 0.3402302 0.1249647 0.4231246 0.128288 0.340196 0.1284532 0.02647161 0.99137 0.08667087 0.9875375 0.02650862 0.9870795 0.1074762 0.1307839 0.04636079 0.1296007 0.04647332 0.1309347 0.106876 0.2746388 0.04647332 0.1309347 0.04534077 0.2745537 0.01570773 0.01713967 0.002882242 -0.421462 0.01570773 -0.421711 0.5155516 0.05506998 0.4238108 0.03039813 0.5159869 0.03056186 0.1754131 0.06763052 0.107941 0.04519349 0.1077857 0.0675944 0.5146809 0.1040863 0.4236366 0.05494982 0.5155516 0.05506998 0.1747361 0.1122814 0.1077857 0.0675944 0.107475 0.1123963 0.8477141 0.8204656 0.7830533 0.7933911 0.7829985 0.8204656 0.51405 0.844869 0.4227263 0.8145107 0.5141519 0.8147467 0.5144269 0.1183878 0.4232884 0.1040531 0.5146809 0.1040863 0.1745386 0.1253092 0.107475 0.1123963 0.1073843 0.1254681 0.5143478 0.1229225 0.4231868 0.1183801 0.5144269 0.1183878 0.1744786 0.1292664 0.1073843 0.1254681 0.1073569 0.1294386 0.8478582 0.7664657 0.7831584 0.7414621 0.7831081 0.7663167 0.5142536 0.7846245 0.4228748 0.7562833 0.5143471 0.756972 0.5143471 0.756972 0.4229457 0.7284138 0.5144404 0.7293193 0.8479245 0.7416795 0.7832086 0.7166075 0.7831584 0.7414621 0.5141519 0.8147467 0.4228037 0.7841525 0.5142536 0.7846245 0.8477862 0.7934656 0.7831081 0.7663167 0.7830533 0.7933911 0.01628339 1.072151 0.003194451 0.5001481 0.01628345 0.4998518 0.8480048 0.7116335 0.7832177 0.712168 0.8480024 0.7124659 0.1757517 0.04530513 0.1080964 0.02279251 0.107941 0.04519349 0.8480048 0.7116335 0.7835267 0.5678264 0.7832196 0.7113409 0.8479905 0.7168931 0.7832177 0.712168 0.7832086 0.7166075 0.4229585 0.7234359 0.5144606 0.7234389 0.5144572 0.7243801 0.5159869 0.03056186 0.423985 0.00584644 0.5164223 0.006053745 0.5150188 0.5664268 0.423395 0.559225 0.5150448 0.5591006 0.5144404 0.7293193 0.4229585 0.7234359 0.5144572 0.7243801 0.8407943 0.9907552 0.8742029 0.957795 0.8742468 0.9910488 0.9533212 0.9577993 0.9199706 0.9909519 0.9199705 0.9577949 0.9597364 0.9578915 0.9928581 0.9911454 0.9593936 0.9909521 0.8805302 0.991049 0.9137839 0.957804 0.9138368 0.9911454 0.9199804 0.9511886 0.9533764 0.9179993 0.9533255 0.9514304 0.9137138 0.9511081 0.8804359 0.9180917 0.9139037 0.918121 0.8741239 0.91808 0.8407807 0.951108 0.8409343 0.9179994 0.9594987 0.9513498 0.9928492 0.9180799 0.9928005 0.9515103 0.4339913 0.9075574 0.4104662 0.8576206 0.4339911 0.8573245 0.7250483 0.9117848 0.7731404 0.9311988 0.7244843 0.9311183 0.6043856 0.9689016 0.634225 0.9960525 0.6044369 0.9960202 0.8763733 0.8905892 0.8440784 0.8427666 0.8763732 0.8427667 0.8763733 0.8905892 0.8440784 0.8427666 0.8763732 0.8427667 0.9549185 0.8414742 0.9856941 0.8794585 0.9543641 0.87932 0.8424122 0.8917772 0.8251617 0.9134227 0.8424903 0.9134573 0.9119681 0.8916999 0.8944763 0.9135612 0.9118049 0.9135959 0.8771902 0.8917385 0.859819 0.913492 0.8771477 0.9135265 0.8598012 0.8917579 0.8424903 0.9134573 0.859819 0.913492 0.9637908 0.9136998 0.950585 0.891657 0.9502193 0.9136728 0.9293571 0.8916806 0.9118049 0.9135959 0.9291335 0.9136305 0.8945792 0.8917192 0.8771477 0.9135265 0.8944763 0.9135612 0.9422056 0.8916663 0.9502193 0.9136728 0.950585 0.891657 0.94202 0.9136563 0.9293571 0.8916806 0.9291335 0.9136305 0.9520629 0.9136763 0.9625352 0.8916438 0.9637908 0.9136998 0.9770991 0.9080162 0.9879463 0.8916155 0.9881897 0.9087093 0.9625352 0.8916438 0.9770991 0.9080162 0.9637908 0.9136998 0.9348321 0.8916746 0.8494517 0.9134712 0.8463732 0.8917729 0.9471029 0.891661 0.9364804 0.9136453 0.9348321 0.8916746 0.8463732 0.8917729 0.8400908 0.9134525 0.8371523 0.8917831 0.8371523 0.8917831 0.8341066 0.9134405 0.8311799 0.8917898 0.8311799 0.8917898 0.8251617 0.9134227 0.8250233 0.8917966 0.5144734 0.7198339 0.4233756 0.5665038 0.5150188 0.5664268 0.3386698 0.2839884 0.4223633 0.2769815 0.4223269 0.2840827 0.5143498 0.2841863 0.606336 0.2771629 0.6063727 0.28429 0.6912801 0.7216017 0.6066619 0.5663499 0.6920965 0.5662781 0.6059762 0.7207486 0.5150188 0.5664268 0.6066619 0.5663499 0.4223269 0.2840827 0.5143497 0.2770722 0.5143498 0.2841863 0.6921612 0.2843866 0.6983222 0.2772535 0.6983955 0.2843936 0.7103775 0.3011837 0.7178429 0.2949224 0.7178596 0.3011908 0.158922 0.2948896 0.3209179 0.3014943 0.1589244 0.3010536 0.3314676 0.718004 0.3400637 0.5665738 0.3397861 0.7180872 0.6063727 0.28429 0.6920904 0.2772474 0.6921612 0.2843866 0.697479 0.7216635 0.6920965 0.5662781 0.698305 0.5662729 0.6993815 0.05531036 0.6940947 0.03087824 0.7003393 0.03088933 0.3106682 0.06770282 0.3067791 0.0455209 0.3060866 0.06770038 0.697466 0.1041525 0.6931546 0.0553022 0.6993815 0.05531036 0.3092584 0.1120517 0.3060866 0.06770038 0.3047016 0.1120595 0.9772519 0.7936146 0.972761 0.8204656 0.9771453 0.8204656 0.6906601 0.8448691 0.6970029 0.8152189 0.6968523 0.8448691 0.6969071 0.1184032 0.6912744 0.1041502 0.697466 0.1041525 0.308847 0.1249914 0.3047016 0.1120595 0.3042975 0.1250022 0.6967374 0.1227318 0.6907258 0.1184027 0.6969071 0.1184032 0.3087221 0.1289218 0.3042975 0.1250022 0.3041526 0.1289284 0.9774565 0.7421142 0.9729719 0.7667536 0.9773586 0.7667637 0.690958 0.7855369 0.6972916 0.7583496 0.6971535 0.7855688 0.6910946 0.7583029 0.6974298 0.7311304 0.6972916 0.7583496 0.9775543 0.7174646 0.9730687 0.7420994 0.9774565 0.7421142 0.690809 0.8152028 0.6971535 0.7855688 0.6970029 0.8152189 0.9773586 0.7667637 0.9728664 0.7936096 0.9772519 0.7936146 0.01628351 -0.6447471 0.00319451 -0.6056791 0.00319451 -0.6444509 0.9775719 0.7130618 0.9731957 0.7121934 0.9731692 0.7130494 0.3113731 0.04552847 0.3074716 0.02334135 0.3067791 0.0455209 0.9775753 0.7122186 0.9738054 0.5675039 0.9731957 0.7121934 0.9775719 0.7130618 0.9731654 0.7174451 0.9775543 0.7174646 0.6974546 0.7262687 0.6912609 0.7252518 0.6974596 0.7253153 0.7003393 0.03088933 0.6950346 0.006454229 0.7012971 0.006468236 0.698305 0.5662729 0.6921355 0.5588604 0.6983445 0.558852 0.6912313 0.731069 0.6974546 0.7262687 0.6974298 0.7311304 0.01570773 0.9826113 0.002882242 1.432892 0.002882242 0.9828604 0.2422536 0.2748259 0.3042043 0.1302894 0.2416476 0.1304442 0.2416476 0.1304442 0.3041526 0.1289284 0.2416003 0.129094 0.2190054 0.9928818 0.2807229 0.9890151 0.2190278 0.9885453 0.6055493 0.1244176 0.6906089 0.1277553 0.6055673 0.1279247 0.6055493 0.1244176 0.6905592 0.1227383 0.6905739 0.1242422 0.6977317 0.5416733 0.6118558 0.5474401 0.6118488 0.5417634 0.606336 0.2771629 0.6906089 0.1277553 0.6920904 0.2772474 0.6912609 0.7252518 0.697479 0.7216635 0.6974596 0.7253153 0.3314614 0.7215625 0.3397861 0.7180872 0.3397796 0.7216477 0.1551148 0.2948806 0.1589244 0.3010536 0.1551175 0.3010432 0.5144606 0.7234389 0.6059762 0.7207486 0.6059601 0.724377 0.6059601 0.724377 0.6912801 0.7216017 0.6912609 0.7252518 0.4229609 0.7225006 0.5144734 0.7198339 0.5144606 0.7234389 0.3387393 0.2768992 0.4231246 0.128288 0.4223633 0.2769815 0.5143497 0.2770722 0.6055673 0.1279247 0.606336 0.2771629 0.4223633 0.2769815 0.514346 0.1281064 0.5143497 0.2770722 0.6920904 0.2772474 0.6967888 0.127743 0.6983222 0.2772535 0.7178596 0.3011908 0.8745834 0.2950774 0.8745318 0.301339 0.3303769 0.2768909 0.340196 0.1284532 0.3387393 0.2768992 0.3397796 0.7216477 0.4229705 0.7189188 0.4229609 0.7225006 0.4229705 0.7189188 0.3400637 0.5665738 0.4233756 0.5665038 0.330304 0.283979 0.3387393 0.2768992 0.3386698 0.2839884 0.01570773 -0.421711 0.002882242 -0.4653471 0.01570773 -0.4655961 0.04534077 0.2745537 0.04039055 0.1309537 0.03918725 0.2745452 0.04647332 0.1309347 0.04023504 0.129611 0.04039055 0.1309537 0.02045494 0.9913227 0.02650862 0.9870795 0.02049237 0.9870336 0.331939 0.1249818 0.340196 0.1284532 0.3319031 0.1284697 0.3319543 0.123495 0.3402302 0.1249647 0.331939 0.1249818 0.3438516 0.5420445 0.3354766 0.5477509 0.3354766 0.5420533 0.3400776 0.05484056 0.4238108 0.03039813 0.4236366 0.05494982 0.107941 0.04519349 0.04630613 0.0675615 0.1077857 0.0675944 0.3402043 0.104023 0.4236366 0.05494982 0.4232884 0.1040531 0.1077857 0.0675944 0.04632854 0.1125007 0.107475 0.1123963 0.7829985 0.8204656 0.7242053 0.7933234 0.7241662 0.8204655 0.4226489 0.844869 0.3396123 0.8142961 0.4227263 0.8145107 0.3402413 0.118373 0.4232884 0.1040531 0.4231868 0.1183801 0.107475 0.1123963 0.04633504 0.1256126 0.1073843 0.1254681 0.3402493 0.1230421 0.4231868 0.1183801 0.423153 0.123018 0.1073843 0.1254681 0.04636079 0.1296007 0.1073569 0.1294386 0.7831081 0.7663167 0.7242801 0.7412645 0.7242444 0.7661814 0.4228037 0.7841525 0.3397181 0.755657 0.4228748 0.7562833 0.4228748 0.7562833 0.3397688 0.7275906 0.4229457 0.7284138 0.7831584 0.7414621 0.7243161 0.7163478 0.7242801 0.7412645 0.4227263 0.8145107 0.3396674 0.7837232 0.4228037 0.7841525 0.7830533 0.7933911 0.7242444 0.7661814 0.7242053 0.7933234 0.01628339 1.072151 0.003194391 1.59272 0.003194391 1.072447 0.7832196 0.7113409 0.7243388 0.7118879 0.7832177 0.712168 0.1080964 0.02279251 0.04629492 0.04509192 0.107941 0.04519349 0.7835267 0.5678264 0.7243112 0.7110822 0.7832196 0.7113409 0.7832086 0.7166075 0.7243388 0.7118879 0.7243161 0.7163478 0.3397778 0.7225773 0.4229609 0.7225006 0.4229585 0.7234359 0.3400143 0.03024929 0.423985 0.00584644 0.4238108 0.03039813 0.4233756 0.5665038 0.3400769 0.559338 0.423395 0.559225 0.4229457 0.7284138 0.3397778 0.7225773 0.4229585 0.7234359 0.3438426 0.3007826 0.3354766 0.5420533 0.3354766 0.3007645 0.02049237 0.9870336 0.02807617 0.8053815 0.02207922 0.8053966 0.7185169 0.5475861 0.8725456 0.5417894 0.8724987 0.5474673 0.1552221 0.5376906 0.1590203 0.5433418 0.1552246 0.5432786 0.6973436 0.3015493 0.6118488 0.5417634 0.6115527 0.3013632 0.2190278 0.9885453 0.2814754 0.8047454 0.219978 0.8048997 0.159018 0.5377525 0.3205364 0.5460273 0.1590203 0.5433418 0.7111634 0.5475918 0.7185017 0.5419021 0.7185169 0.5475861 0.02650862 0.9870795 0.08804553 0.805231 0.02807617 0.8053815 0.427502 0.3009641 0.3438516 0.5420445 0.3438426 0.3007826 0.02320426 0.3006967 0.0876801 0.5388773 0.02162462 0.5400882 0.04078614 0.5705179 0.09670454 0.7833735 0.09735566 0.5705944 0.6115527 0.3013632 0.5197247 0.54186 0.5195273 0.3011636 0.1528493 0.9880414 0.219978 0.8048997 0.1540118 0.8050654 0.5195273 0.3011636 0.4276007 0.5419566 0.427502 0.3009641 0.08667087 0.9875375 0.1540118 0.8050654 0.08804553 0.805231 0.8775028 0.5474643 0.9976172 0.5416958 0.9976172 0.5473687 0.01606583 1.165895 0.002825677 -0.1626688 0.01606583 -0.1628125 0.01637548 -0.4085005 0.002425372 -0.4511012 0.01637542 -0.4512974 0.1540238 0.7880305 0.1553613 0.7831206 0.1540215 0.7830163 0.7166628 0.276733 0.8679091 0.2715623 0.7166545 0.2715025 0.1553399 0.7880378 0.3120574 0.7838582 0.1553613 0.7831206 0.09735566 0.5705944 0.1540215 0.7830163 0.1539251 0.570671 0.8775028 0.5474643 0.8761656 0.5417868 0.8761173 0.5474645 0.2807229 0.9890151 0.2859444 0.8047342 0.2814754 0.8047454 0.1537381 0.5432539 0.1552221 0.5376906 0.1552246 0.5432786 0.8724987 0.5474673 0.8761656 0.5417868 0.8761173 0.5474645 0.3205452 0.5403862 0.3282499 0.5461555 0.3205364 0.5460273 0.8691924 0.2767946 0.9800059 0.2714785 0.8691664 0.2715622 0.0884155 0.3008679 0.1537355 0.5376663 0.0876801 0.5388773 0.8761656 0.5417868 0.8775028 0.5474643 0.8761173 0.5474645 0.7035781 0.3015627 0.6977317 0.5416733 0.6973436 0.3015493 0.7035678 0.2953101 0.6973436 0.3015493 0.6973335 0.2952961 0.1536238 0.2948771 0.0884155 0.3008679 0.08843463 0.2946699 0.2814754 0.8047454 0.2859637 0.7999345 0.281495 0.7999469 0.09735566 0.5705944 0.1539226 0.5651412 0.09737259 0.5650534 0.01606583 -0.1628125 0.002825677 -0.1972699 0.01606583 -0.1974137 0.08804553 0.805231 0.1540421 0.8003005 0.0880813 0.8004835 0.5195222 0.2948956 0.427502 0.3009641 0.4274994 0.2946883 0.1540118 0.8050654 0.2200028 0.8001174 0.1540421 0.8003005 0.611545 0.2951028 0.5195273 0.3011636 0.5195222 0.2948956 0.04078614 0.5705179 0.09737259 0.5650534 0.04082256 0.5649656 0.08843463 0.2946699 0.02320426 0.3006967 0.02324539 0.2944626 0.4274994 0.2946883 0.3438426 0.3007826 0.3438423 0.2944999 0.02807617 0.8053815 0.0880813 0.8004835 0.028117 0.8006499 0.219978 0.8048997 0.281495 0.7999469 0.2200028 0.8001174 0.6973335 0.2952961 0.6115527 0.3013632 0.611545 0.2951028 0.02207922 0.8053966 0.028117 0.8006499 0.02212053 0.8006665 0.3438423 0.2944999 0.3354766 0.3007645 0.3354766 0.294481 0.7185017 0.5419021 0.8745318 0.301339 0.8725456 0.5417894 0.1551175 0.3010432 0.159018 0.5377525 0.1552221 0.5376906 0.1589244 0.3010536 0.3205452 0.5403862 0.159018 0.5377525 0.7111452 0.5419075 0.7178596 0.3011908 0.7185017 0.5419021 0.8796223 0.3013442 0.9976172 0.5416958 0.8775517 0.5417867 0.01637572 1.403903 0.002425372 -0.4083042 0.01637548 -0.4085005 0.1540215 0.7830163 0.1552143 0.5705623 0.1539251 0.570671 0.7166545 0.2715025 0.8667877 0.04997193 0.7162994 0.04999577 0.1553613 0.7831206 0.312407 0.5708635 0.1552143 0.5705623 0.8761656 0.5417868 0.8796222 0.3013442 0.8782135 0.3013425 0.1537355 0.5376663 0.1551175 0.3010432 0.1552221 0.5376906 0.8725456 0.5417894 0.8782135 0.3013425 0.8761656 0.5417868 0.3209179 0.3014943 0.3282592 0.540512 0.3205452 0.5403862 0.9800059 0.2714785 0.8680655 0.04997342 0.8691664 0.2715622 0.8761656 0.5417868 0.8796223 0.3013442 0.8775517 0.5417867 0.5271071 0.9564216 0.5836229 0.9564215 0.5840405 0.9981819 0.7039729 0.5416668 0.7039822 0.5473365 0.6977409 0.5473435 0.8782135 0.3013425 0.8782669 0.295081 0.8796761 0.2950828 0.0876801 0.5388773 0.1537355 0.5376663 0.1537381 0.5432539 0.6905739 0.1242422 0.6905592 0.1227383 0.6967374 0.1227318 0.3397688 0.7275906 0.3314511 0.7275083 0.3314598 0.7224916 0.3400637 0.5665738 0.3317325 0.5665808 0.3317452 0.5593494 0.3316347 0.03023439 0.3315476 0.005639195 0.339951 0.00565803 0.9800059 0.05007845 0.9800059 0.04431289 0.8680369 0.04420304 0.3209276 0.2952733 0.3286644 0.2952916 0.3286541 0.3015154 0.8745318 0.301339 0.8745834 0.2950774 0.8782669 0.295081 0.3314598 0.7224916 0.3314614 0.7215625 0.3397796 0.7216477 0.1536238 0.2948771 0.1551148 0.2948806 0.1551175 0.3010432 0.6905739 0.1242422 0.6967527 0.1242295 0.6967888 0.127743 0.2807052 0.9933664 0.2851889 0.9934015 0.2852063 0.9890493 0.8782135 0.3013425 0.8796222 0.3013442 0.8796761 0.2950828 0.09670454 0.7833735 0.09668916 0.7883978 0.1540238 0.7880305 0.3042043 0.1302894 0.3087334 0.1302743 0.3087221 0.1289218 0.7243161 0.7163478 0.7243388 0.7118879 0.718433 0.7118701 0.7245343 0.5679264 0.7186351 0.5679364 0.7184342 0.7110484 0.04628372 0.02262234 0.04010248 0.02260535 0.04013031 0.04508179 0.01592028 1.43051e-5 0.01592057 0.9999855 0.003161072 0.9967784 0.312407 0.5708635 0.3124161 0.5653168 0.1552427 0.5651426 0.7162994 0.04999577 0.8667877 0.04997193 0.8667585 0.04420143 0.7243112 0.7110822 0.7184342 0.7110484 0.718433 0.7118701 0.1552143 0.5705623 0.1552427 0.5651426 0.1539226 0.5651412 0.3053568 0.2749132 0.3099425 0.2749196 0.3087334 0.1302743 0.01637572 1.451101 0.00242567 1.451297 0.00242567 1.4041 0.01627749 0.9999856 0.003160834 0.9994132 0.003319859 0.003291666 0.01596289 0.5 0.01596289 0.9999856 0.00352323 0.994162 0.01613032 0.9999856 0.003038704 0.9992591 0.003202915 0.5019752 0.01606583 1.19727 0.002825677 1.197414 0.002825677 1.166039 0.01603502 0.7333219 0.01603502 0.9021326 0.003093421 0.9011529 0.01628333 1.592424 0.01628333 1.644451 0.003194391 1.644747 0.01597273 0.9215593 0.002992749 0.9225901 0.002992749 0.8911619 0.01570773 1.465347 0.002882242 1.465596 0.002882242 1.432892 0.8796761 0.2950828 0.8782669 0.295081 0.8782669 0.295081 0.01621598 0.9999856 0.002449035 0.999667 0.002661943 0.7515534 0.01591879 0.9589934 0.01591879 0.9999855 0.003609299 0.993045 0.3314598 0.7224916 0.3314598 0.7224916 0.3314614 0.7215625 0.1536238 0.2948771 0.1536238 0.2945435 0.1551148 0.294547 0.6967374 0.1227318 0.6967374 0.1227318 0.6967527 0.1242295 0.6974546 0.7262687 0.6974596 0.7253153 0.6974596 0.7253153 0.3319543 0.123495 0.331939 0.1249818 0.331939 0.1249818 0.1537381 0.5432539 0.1552246 0.5432786 0.1552246 0.5432786 0.8775028 0.5474643 0.8775028 0.5474643 0.8761173 0.5474645 0.8796761 0.2950828 0.9976172 0.295202 0.9976172 0.3014581 0.01591879 0.2500072 0.01591879 0.5 0.003234148 0.496689 0.01621598 0.5 0.002874791 0.5034399 0.003070175 0.2756683 0.7242053 0.7933234 0.7242444 0.7661814 0.7183579 0.7661678 0.3396123 0.8142961 0.3313008 0.8142747 0.3313538 0.7836803 0.01621598 1.43945e-5 0.01621598 0.04100656 0.003265559 0.04789674 0.01591879 0.9589934 0.003578543 0.9523504 0.003406345 0.7245196 0.7242801 0.7412645 0.7243161 0.7163478 0.7184268 0.7163218 0.3397181 0.755657 0.3314024 0.7555943 0.3314511 0.7275083 0.3396674 0.7837232 0.3313538 0.7836803 0.3314024 0.7555943 0.7242444 0.7661814 0.7242801 0.7412645 0.7183924 0.7412448 0.01591879 0.5 0.01591879 0.7294967 0.003406345 0.7245196 0.01621598 0.04100656 0.01621598 0.2705033 0.003070175 0.2756683 0.01597273 0.8901311 0.002992749 0.8911619 0.002992868 0.7876924 0.01603496 0.09846025 0.01603496 0.1283816 0.003081142 0.1277742 0.04633504 0.1256126 0.04023015 0.1256271 0.04023504 0.129611 0.3319621 0.1227318 0.3319467 0.1183723 0.3402413 0.118373 0.01597273 0.4320358 0.01597273 0.7866616 0.002992868 0.7876924 0.01603496 0.1283816 0.01603496 0.2268896 0.003082692 0.2262349 0.04632854 0.1125007 0.04021388 0.1125112 0.04023015 0.1256271 0.3319467 0.1183723 0.3318959 0.10402 0.3402043 0.104023 0.3395569 0.844869 0.3312478 0.844869 0.3313008 0.8142747 0.7241662 0.8204655 0.7242053 0.7933234 0.7183204 0.7933166 0.01591879 1.43945e-5 0.01591879 0.2500072 0.003046572 0.2485109 0.01621598 0.7499927 0.002661943 0.7515534 0.002874791 0.5034399 0.01597273 0.4320358 0.002993166 0.4330666 0.002993285 0.2557536 0.01603502 0.5645112 0.003088057 0.5636939 0.003082692 0.2262349 0.04630613 0.0675615 0.04015821 0.06755822 0.04021388 0.1125112 0.3318959 0.10402 0.3317217 0.05482959 0.3400776 0.05484056 0.01597273 0.2547228 0.002993285 0.2557536 0.002993464 0.07844072 0.01603502 0.7333219 0.003090739 0.7324234 0.003088057 0.5636939 0.04629492 0.04509192 0.04013031 0.04508179 0.04015821 0.06755822 0.3317217 0.05482959 0.3316347 0.03023439 0.3400143 0.03024929 0.6074666 0.0551902 0.5155516 0.05506998 0.5159869 0.03056186 0.2430406 0.0676667 0.2435624 0.04541677 0.1757517 0.04530513 0.6060734 0.1041194 0.5146809 0.1040863 0.5155516 0.05506998 0.2419972 0.1121665 0.2430406 0.0676667 0.1754131 0.06763052 0.912519 0.7935401 0.8477862 0.7934656 0.8477141 0.8204656 0.51405 0.844869 0.5141519 0.8147467 0.6055774 0.8149828 0.605667 0.1183955 0.5144269 0.1183878 0.5146809 0.1040863 0.2416927 0.1251503 0.2419972 0.1121665 0.1747361 0.1122814 0.6055426 0.1228272 0.5143478 0.1229225 0.5144269 0.1183878 0.2416003 0.129094 0.2416927 0.1251503 0.1745386 0.1253092 0.9126905 0.7418969 0.8479245 0.7416795 0.8478582 0.7664657 0.5142536 0.7846245 0.5143471 0.756972 0.6058194 0.7576609 0.5143471 0.756972 0.5144404 0.7293193 0.6059351 0.7302249 0.9127724 0.7171788 0.8479905 0.7168931 0.8479245 0.7416795 0.5141519 0.8147467 0.5142536 0.7846245 0.6057035 0.7850967 0.9126084 0.7666147 0.8478582 0.7664657 0.8477862 0.7934656 0.01570773 0.4998755 0.002882242 0.5001246 0.002882242 0.01738876 0.01628345 -0.07244759 0.01628345 0.4998518 0.003194451 0.5001481 0.1745648 0.2747324 0.1745619 0.1306141 0.1074762 0.1307839 0.9127871 0.7127638 0.91279 0.7119259 0.8480048 0.7116335 0.2435624 0.04541677 0.2440841 0.02316689 0.1760903 0.02297967 0.91279 0.7119259 0.9133101 0.5676065 0.8484184 0.5677164 0.9127871 0.7127638 0.8480024 0.7124659 0.8479905 0.7168931 0.1745619 0.1306141 0.1744786 0.1292664 0.1073569 0.1294386 0.08663839 0.9918423 0.1528219 0.9923622 0.1528493 0.9880414 0.4231424 0.1247937 0.5143459 0.1246056 0.514346 0.1281064 0.6059558 0.7253244 0.5144572 0.7243801 0.5144606 0.7234389 0.6081631 0.03072559 0.5159869 0.03056186 0.5164223 0.006053745 0.6066619 0.5663499 0.5150188 0.5664268 0.5150448 0.5591006 0.5144404 0.7293193 0.5144572 0.7243801 0.6059558 0.7253244 0.423153 0.123018 0.5143478 0.1229225 0.5143459 0.1246056 0.5197247 0.54186 0.5197294 0.5475437 0.427603 0.5476472 0.6059351 0.7302249 0.6059558 0.7253244 0.6912558 0.7262047 0.6920965 0.5662781 0.6066619 0.5663499 0.6066946 0.5589763 0.6940947 0.03087824 0.6081631 0.03072559 0.6088597 0.006260991 0.6912558 0.7262047 0.6059558 0.7253244 0.6059601 0.724377 0.9731692 0.7130494 0.9127871 0.7127638 0.9127724 0.7171788 0.9731957 0.7121934 0.9738054 0.5675039 0.9133101 0.5676065 0.3067791 0.0455209 0.3074716 0.02334135 0.2440841 0.02316689 0.9731692 0.7130494 0.9731957 0.7121934 0.91279 0.7119259 0.01628351 -0.6059755 0.01628345 -0.07244759 0.00319451 -0.07215142 0.9729719 0.7667536 0.9126084 0.7666147 0.912519 0.7935401 0.6055774 0.8149828 0.6057035 0.7850967 0.690958 0.7855369 0.9731654 0.7174451 0.9127724 0.7171788 0.9126905 0.7418969 0.6058194 0.7576609 0.6059351 0.7302249 0.6912313 0.731069 0.6057035 0.7850967 0.6058194 0.7576609 0.6910946 0.7583029 0.9730687 0.7420994 0.9126905 0.7418969 0.9126084 0.7666147 0.3041526 0.1289284 0.3042975 0.1250022 0.2416927 0.1251503 0.6905592 0.1227383 0.6055426 0.1228272 0.605667 0.1183955 0.3042975 0.1250022 0.3047016 0.1120595 0.2419972 0.1121665 0.6907258 0.1184027 0.605667 0.1183955 0.6060734 0.1041194 0.6054511 0.844869 0.6055774 0.8149828 0.690809 0.8152028 0.9728664 0.7936096 0.912519 0.7935401 0.9124297 0.8204656 0.3047016 0.1120595 0.3060866 0.06770038 0.2430406 0.0676667 0.6912744 0.1041502 0.6060734 0.1041194 0.6074666 0.0551902 0.3060866 0.06770038 0.3067791 0.0455209 0.2435624 0.04541677 0.6931546 0.0553022 0.6074666 0.0551902 0.6081631 0.03072559 0.01570773 0.9826113 0.002882242 0.9828604 0.002882242 0.5001246 0.1745648 0.2747324 0.2422536 0.2748259 0.2416476 0.1304442 0.1745619 0.1306141 0.2416476 0.1304442 0.2416003 0.129094 0.1528219 0.9923622 0.2190054 0.9928818 0.2190278 0.9885453 0.5143459 0.1246056 0.6055493 0.1244176 0.6055673 0.1279247 0.5143459 0.1246056 0.5143478 0.1229225 0.6055426 0.1228272 0.6118488 0.5417634 0.6118558 0.5474401 0.5197294 0.5475437 0.01613032 0.5 0.003202915 0.5019752 0.003367185 0.004691362 0.01596289 1.43945e-5 0.01596289 0.5 0.003267943 0.4974514 0.03938752 0.7837306 0.0393545 0.7887653 0.09668916 0.7883978 0.02162462 0.5400882 0.0876801 0.5388773 0.08766269 0.5444975 0.4276007 0.5419566 0.427603 0.5476472 0.3438518 0.5477415 0.3402493 0.1230421 0.423153 0.123018 0.4231424 0.1247937 0.3402302 0.1249647 0.4231424 0.1247937 0.4231246 0.128288 0.02647161 0.99137 0.08663839 0.9918423 0.08667087 0.9875375 0.1074762 0.1307839 0.1073569 0.1294386 0.04636079 0.1296007 0.106876 0.2746388 0.1074762 0.1307839 0.04647332 0.1309347 0.01570773 0.01713967 0.002882242 0.01738876 0.002882242 -0.421462 0.5155516 0.05506998 0.4236366 0.05494982 0.4238108 0.03039813 0.1754131 0.06763052 0.1757517 0.04530513 0.107941 0.04519349 0.5146809 0.1040863 0.4232884 0.1040531 0.4236366 0.05494982 0.1747361 0.1122814 0.1754131 0.06763052 0.1077857 0.0675944 0.8477141 0.8204656 0.8477862 0.7934656 0.7830533 0.7933911 0.51405 0.844869 0.4226489 0.844869 0.4227263 0.8145107 0.5144269 0.1183878 0.4231868 0.1183801 0.4232884 0.1040531 0.1745386 0.1253092 0.1747361 0.1122814 0.107475 0.1123963 0.5143478 0.1229225 0.423153 0.123018 0.4231868 0.1183801 0.1744786 0.1292664 0.1745386 0.1253092 0.1073843 0.1254681 0.8478582 0.7664657 0.8479245 0.7416795 0.7831584 0.7414621 0.5142536 0.7846245 0.4228037 0.7841525 0.4228748 0.7562833 0.5143471 0.756972 0.4228748 0.7562833 0.4229457 0.7284138 0.8479245 0.7416795 0.8479905 0.7168931 0.7832086 0.7166075 0.5141519 0.8147467 0.4227263 0.8145107 0.4228037 0.7841525 0.8477862 0.7934656 0.8478582 0.7664657 0.7831081 0.7663167 0.01628339 1.072151 0.003194391 1.072447 0.003194451 0.5001481 0.8480048 0.7116335 0.7832196 0.7113409 0.7832177 0.712168 0.1757517 0.04530513 0.1760903 0.02297967 0.1080964 0.02279251 0.8480048 0.7116335 0.8484184 0.5677164 0.7835267 0.5678264 0.8479905 0.7168931 0.8480024 0.7124659 0.7832177 0.712168 0.4229585 0.7234359 0.4229609 0.7225006 0.5144606 0.7234389 0.5159869 0.03056186 0.4238108 0.03039813 0.423985 0.00584644 0.5150188 0.5664268 0.4233756 0.5665038 0.423395 0.559225 0.5144404 0.7293193 0.4229457 0.7284138 0.4229585 0.7234359 0.8407943 0.9907552 0.8407998 0.9578918 0.8742029 0.957795 0.9533212 0.9577993 0.9534087 0.9911453 0.9199706 0.9909519 0.9597364 0.9578915 0.9928582 0.9576982 0.9928581 0.9911454 0.8805302 0.991049 0.8805302 0.9576985 0.9137839 0.957804 0.9199804 0.9511886 0.920086 0.91808 0.9533764 0.9179993 0.9137138 0.9511081 0.8804578 0.9514304 0.8804359 0.9180917 0.8741239 0.91808 0.8741385 0.9514302 0.8407807 0.951108 0.9594987 0.9513498 0.9595793 0.9180797 0.9928492 0.9180799 0.4339913 0.9075574 0.4104663 0.9075572 0.4104662 0.8576206 0.6043856 0.9689016 0.634225 0.9686611 0.634225 0.9960525 0.8763733 0.8905892 0.8431041 0.8901715 0.8440784 0.8427666 0.8763733 0.8905892 0.8431041 0.8901715 0.8440784 0.8427666 0.9549185 0.8414742 0.9855555 0.841197 0.9856941 0.8794585 0.8424122 0.8917772 0.8250233 0.8917966 0.8251617 0.9134227 0.9119681 0.8916999 0.8945792 0.8917192 0.8944763 0.9135612 0.8771902 0.8917385 0.8598012 0.8917579 0.859819 0.913492 0.8598012 0.8917579 0.8424122 0.8917772 0.8424903 0.9134573 0.9637908 0.9136998 0.9641351 0.891642 0.950585 0.891657 0.9293571 0.8916806 0.9119681 0.8916999 0.9118049 0.9135959 0.8945792 0.8917192 0.8771902 0.8917385 0.8771477 0.9135265 0.9422056 0.8916663 0.94202 0.9136563 0.9502193 0.9136728 0.94202 0.9136563 0.9422056 0.8916663 0.9293571 0.8916806 0.9520629 0.9136763 0.9471029 0.891661 0.9625352 0.8916438 0.9770991 0.9080162 0.9775826 0.8916271 0.9879463 0.8916155 0.9625352 0.8916438 0.9775826 0.8916271 0.9770991 0.9080162 0.9348321 0.8916746 0.9364804 0.9136453 0.8494517 0.9134712 0.9471029 0.891661 0.9520629 0.9136763 0.9364804 0.9136453 0.8463732 0.8917729 0.8494517 0.9134712 0.8400908 0.9134525 0.8371523 0.8917831 0.8400908 0.9134525 0.8341066 0.9134405 0.8311799 0.8917898 0.8341066 0.9134405 0.8251617 0.9134227 0.5144734 0.7198339 0.4229705 0.7189188 0.4233756 0.5665038 0.3386698 0.2839884 0.3387393 0.2768992 0.4223633 0.2769815 0.5143498 0.2841863 0.5143497 0.2770722 0.606336 0.2771629 0.6912801 0.7216017 0.6059762 0.7207486 0.6066619 0.5663499 0.6059762 0.7207486 0.5144734 0.7198339 0.5150188 0.5664268 0.4223269 0.2840827 0.4223633 0.2769815 0.5143497 0.2770722 0.6921612 0.2843866 0.6920904 0.2772474 0.6983222 0.2772535 0.7103775 0.3011837 0.7103576 0.294915 0.7178429 0.2949224 0.158922 0.2948896 0.3209276 0.2952733 0.3209179 0.3014943 0.3314676 0.718004 0.3317325 0.5665808 0.3400637 0.5665738 0.6063727 0.28429 0.606336 0.2771629 0.6920904 0.2772474 0.697479 0.7216635 0.6912801 0.7216017 0.6920965 0.5662781 0.6993815 0.05531036 0.6931546 0.0553022 0.6940947 0.03087824 0.3106682 0.06770282 0.3113731 0.04552847 0.3067791 0.0455209 0.697466 0.1041525 0.6912744 0.1041502 0.6931546 0.0553022 0.3092584 0.1120517 0.3106682 0.06770282 0.3060866 0.06770038 0.9772519 0.7936146 0.9728664 0.7936096 0.972761 0.8204656 0.6906601 0.8448691 0.690809 0.8152028 0.6970029 0.8152189 0.6969071 0.1184032 0.6907258 0.1184027 0.6912744 0.1041502 0.308847 0.1249914 0.3092584 0.1120517 0.3047016 0.1120595 0.6967374 0.1227318 0.6905592 0.1227383 0.6907258 0.1184027 0.3087221 0.1289218 0.308847 0.1249914 0.3042975 0.1250022 0.9774565 0.7421142 0.9730687 0.7420994 0.9729719 0.7667536 0.690958 0.7855369 0.6910946 0.7583029 0.6972916 0.7583496 0.6910946 0.7583029 0.6912313 0.731069 0.6974298 0.7311304 0.9775543 0.7174646 0.9731654 0.7174451 0.9730687 0.7420994 0.690809 0.8152028 0.690958 0.7855369 0.6971535 0.7855688 0.9773586 0.7667637 0.9729719 0.7667536 0.9728664 0.7936096 0.01628351 -0.6447471 0.01628351 -0.6059755 0.00319451 -0.6056791 0.9775719 0.7130618 0.9775753 0.7122186 0.9731957 0.7121934 0.3113731 0.04552847 0.3120781 0.02335405 0.3074716 0.02334135 0.9775753 0.7122186 0.9782017 0.5674965 0.9738054 0.5675039 0.9775719 0.7130618 0.9731692 0.7130494 0.9731654 0.7174451 0.6974546 0.7262687 0.6912558 0.7262047 0.6912609 0.7252518 0.7003393 0.03088933 0.6940947 0.03087824 0.6950346 0.006454229 0.698305 0.5662729 0.6920965 0.5662781 0.6921355 0.5588604 0.6912313 0.731069 0.6912558 0.7262047 0.6974546 0.7262687 0.01570773 0.9826113 0.01570773 1.432643 0.002882242 1.432892 0.2422536 0.2748259 0.3053568 0.2749132 0.3042043 0.1302894 0.2416476 0.1304442 0.3042043 0.1302894 0.3041526 0.1289284 0.2190054 0.9928818 0.2807052 0.9933664 0.2807229 0.9890151 0.6055493 0.1244176 0.6905739 0.1242422 0.6906089 0.1277553 0.6055493 0.1244176 0.6055426 0.1228272 0.6905592 0.1227383 0.6977317 0.5416733 0.6977409 0.5473435 0.6118558 0.5474401 0.606336 0.2771629 0.6055673 0.1279247 0.6906089 0.1277553 0.6912609 0.7252518 0.6912801 0.7216017 0.697479 0.7216635 0.3314614 0.7215625 0.3314676 0.718004 0.3397861 0.7180872 0.1551148 0.2948806 0.158922 0.2948896 0.1589244 0.3010536 0.5144606 0.7234389 0.5144734 0.7198339 0.6059762 0.7207486 0.6059601 0.724377 0.6059762 0.7207486 0.6912801 0.7216017 0.4229609 0.7225006 0.4229705 0.7189188 0.5144734 0.7198339 0.3387393 0.2768992 0.340196 0.1284532 0.4231246 0.128288 0.5143497 0.2770722 0.514346 0.1281064 0.6055673 0.1279247 0.4223633 0.2769815 0.4231246 0.128288 0.514346 0.1281064 0.6920904 0.2772474 0.6906089 0.1277553 0.6967888 0.127743 0.7178596 0.3011908 0.7178429 0.2949224 0.8745834 0.2950774 0.3303769 0.2768909 0.3319031 0.1284697 0.340196 0.1284532 0.3397796 0.7216477 0.3397861 0.7180872 0.4229705 0.7189188 0.4229705 0.7189188 0.3397861 0.7180872 0.3400637 0.5665738 0.330304 0.283979 0.3303769 0.2768909 0.3387393 0.2768992 0.01570773 -0.421711 0.002882242 -0.421462 0.002882242 -0.4653471 0.04534077 0.2745537 0.04647332 0.1309347 0.04039055 0.1309537 0.04647332 0.1309347 0.04636079 0.1296007 0.04023504 0.129611 0.02045494 0.9913227 0.02647161 0.99137 0.02650862 0.9870795 0.331939 0.1249818 0.3402302 0.1249647 0.340196 0.1284532 0.3319543 0.123495 0.3402493 0.1230421 0.3402302 0.1249647 0.3438516 0.5420445 0.3438518 0.5477415 0.3354766 0.5477509 0.3400776 0.05484056 0.3400143 0.03024929 0.4238108 0.03039813 0.107941 0.04519349 0.04629492 0.04509192 0.04630613 0.0675615 0.3402043 0.104023 0.3400776 0.05484056 0.4236366 0.05494982 0.1077857 0.0675944 0.04630613 0.0675615 0.04632854 0.1125007 0.7829985 0.8204656 0.7830533 0.7933911 0.7242053 0.7933234 0.4226489 0.844869 0.3395569 0.844869 0.3396123 0.8142961 0.3402413 0.118373 0.3402043 0.104023 0.4232884 0.1040531 0.107475 0.1123963 0.04632854 0.1125007 0.04633504 0.1256126 0.3402493 0.1230421 0.3402413 0.118373 0.4231868 0.1183801 0.1073843 0.1254681 0.04633504 0.1256126 0.04636079 0.1296007 0.7831081 0.7663167 0.7831584 0.7414621 0.7242801 0.7412645 0.4228037 0.7841525 0.3396674 0.7837232 0.3397181 0.755657 0.4228748 0.7562833 0.3397181 0.755657 0.3397688 0.7275906 0.7831584 0.7414621 0.7832086 0.7166075 0.7243161 0.7163478 0.4227263 0.8145107 0.3396123 0.8142961 0.3396674 0.7837232 0.7830533 0.7933911 0.7831081 0.7663167 0.7242444 0.7661814 0.01628339 1.072151 0.01628333 1.592424 0.003194391 1.59272 0.7832196 0.7113409 0.7243112 0.7110822 0.7243388 0.7118879 0.1080964 0.02279251 0.04628372 0.02262234 0.04629492 0.04509192 0.7835267 0.5678264 0.7245343 0.5679264 0.7243112 0.7110822 0.7832086 0.7166075 0.7832177 0.712168 0.7243388 0.7118879 0.3397778 0.7225773 0.3397796 0.7216477 0.4229609 0.7225006 0.3400143 0.03024929 0.339951 0.00565803 0.423985 0.00584644 0.4233756 0.5665038 0.3400637 0.5665738 0.3400769 0.559338 0.4229457 0.7284138 0.3397688 0.7275906 0.3397778 0.7225773 0.3438426 0.3007826 0.3438516 0.5420445 0.3354766 0.5420533 0.02049237 0.9870336 0.02650862 0.9870795 0.02807617 0.8053815 0.7185169 0.5475861 0.7185017 0.5419021 0.8725456 0.5417894 0.1552221 0.5376906 0.159018 0.5377525 0.1590203 0.5433418 0.6973436 0.3015493 0.6977317 0.5416733 0.6118488 0.5417634 0.2190278 0.9885453 0.2807229 0.9890151 0.2814754 0.8047454 0.159018 0.5377525 0.3205452 0.5403862 0.3205364 0.5460273 0.7111634 0.5475918 0.7111452 0.5419075 0.7185017 0.5419021 0.02650862 0.9870795 0.08667087 0.9875375 0.08804553 0.805231 0.427502 0.3009641 0.4276007 0.5419566 0.3438516 0.5420445 0.02320426 0.3006967 0.0884155 0.3008679 0.0876801 0.5388773 0.04078614 0.5705179 0.03938752 0.7837306 0.09670454 0.7833735 0.6115527 0.3013632 0.6118488 0.5417634 0.5197247 0.54186 0.1528493 0.9880414 0.2190278 0.9885453 0.219978 0.8048997 0.5195273 0.3011636 0.5197247 0.54186 0.4276007 0.5419566 0.08667087 0.9875375 0.1528493 0.9880414 0.1540118 0.8050654 0.8775028 0.5474643 0.8775517 0.5417867 0.9976172 0.5416958 0.01606583 1.165895 0.002825677 1.166039 0.002825677 -0.1626688 0.01637548 -0.4085005 0.002425372 -0.4083042 0.002425372 -0.4511012 0.1540238 0.7880305 0.1553399 0.7880378 0.1553613 0.7831206 0.7166628 0.276733 0.8679356 0.2767948 0.8679091 0.2715623 0.1553399 0.7880378 0.3120492 0.7888877 0.3120574 0.7838582 0.09735566 0.5705944 0.09670454 0.7833735 0.1540215 0.7830163 0.8775028 0.5474643 0.8775517 0.5417867 0.8761656 0.5417868 0.2807229 0.9890151 0.2852063 0.9890493 0.2859444 0.8047342 0.1537381 0.5432539 0.1537355 0.5376663 0.1552221 0.5376906 0.8724987 0.5474673 0.8725456 0.5417894 0.8761656 0.5417868 0.3205452 0.5403862 0.3282592 0.540512 0.3282499 0.5461555 0.8691924 0.2767946 0.9800059 0.2767065 0.9800059 0.2714785 0.0884155 0.3008679 0.1536267 0.3010392 0.1537355 0.5376663 0.8761656 0.5417868 0.8775517 0.5417867 0.8775028 0.5474643 0.7035781 0.3015627 0.7039729 0.5416668 0.6977317 0.5416733 0.7035678 0.2953101 0.7035781 0.3015627 0.6973436 0.3015493 0.1536238 0.2948771 0.1536267 0.3010392 0.0884155 0.3008679 0.2814754 0.8047454 0.2859444 0.8047342 0.2859637 0.7999345 0.09735566 0.5705944 0.1539251 0.570671 0.1539226 0.5651412 0.01606583 -0.1628125 0.002825677 -0.1626688 0.002825677 -0.1972699 0.08804553 0.805231 0.1540118 0.8050654 0.1540421 0.8003005 0.5195222 0.2948956 0.5195273 0.3011636 0.427502 0.3009641 0.1540118 0.8050654 0.219978 0.8048997 0.2200028 0.8001174 0.611545 0.2951028 0.6115527 0.3013632 0.5195273 0.3011636 0.04078614 0.5705179 0.09735566 0.5705944 0.09737259 0.5650534 0.08843463 0.2946699 0.0884155 0.3008679 0.02320426 0.3006967 0.4274994 0.2946883 0.427502 0.3009641 0.3438426 0.3007826 0.02807617 0.8053815 0.08804553 0.805231 0.0880813 0.8004835 0.219978 0.8048997 0.2814754 0.8047454 0.281495 0.7999469 0.6973335 0.2952961 0.6973436 0.3015493 0.6115527 0.3013632 0.02207922 0.8053966 0.02807617 0.8053815 0.028117 0.8006499 0.3438423 0.2944999 0.3438426 0.3007826 0.3354766 0.3007645 0.7185017 0.5419021 0.7178596 0.3011908 0.8745318 0.301339 0.1551175 0.3010432 0.1589244 0.3010536 0.159018 0.5377525 0.1589244 0.3010536 0.3209179 0.3014943 0.3205452 0.5403862 0.7111452 0.5419075 0.7103775 0.3011837 0.7178596 0.3011908 0.8796223 0.3013442 0.9976172 0.3014581 0.9976172 0.5416958 0.01637572 1.403903 0.00242567 1.4041 0.002425372 -0.4083042 0.1540215 0.7830163 0.1553613 0.7831206 0.1552143 0.5705623 0.7166545 0.2715025 0.8679091 0.2715623 0.8667877 0.04997193 0.1553613 0.7831206 0.3120574 0.7838582 0.312407 0.5708635 0.8761656 0.5417868 0.8775517 0.5417867 0.8796222 0.3013442 0.1537355 0.5376663 0.1536267 0.3010392 0.1551175 0.3010432 0.8725456 0.5417894 0.8745318 0.301339 0.8782135 0.3013425 0.3209179 0.3014943 0.3286541 0.3015154 0.3282592 0.540512 0.9800059 0.2714785 0.9800059 0.05007845 0.8680655 0.04997342 0.8761656 0.5417868 0.8782135 0.3013425 0.8796223 0.3013442</float_array>
          <technique_common>
            <accessor source="#Box_Paper_Closed_A-mesh-map-0-array" count="2193" stride="2">
              <param name="S" type="float"/>
              <param name="T" type="float"/>
            </accessor>
          </technique_common>
        </source>
        <vertices id="Box_Paper_Closed_A-mesh-vertices">
          <input semantic="POSITION" source="#Box_Paper_Closed_A-mesh-positions"/>
        </vertices>
        <triangles material="AK_Boxes_Paper_A-material" count="731">
          <input semantic="VERTEX" source="#Box_Paper_Closed_A-mesh-vertices" offset="0"/>
          <input semantic="NORMAL" source="#Box_Paper_Closed_A-mesh-normals" offset="1"/>
          <input semantic="TEXCOORD" source="#Box_Paper_Closed_A-mesh-map-0" offset="2" set="0"/>
          <p>2 0 0 1 0 1 0 0 2 369 1 3 287 2 4 396 3 5 418 4 6 26 5 7 403 6 8 390 7 9 12 8 10 148 9 11 291 10 12 16 11 13 15 12 14 358 13 15 24 14 16 347 15 17 366 16 18 4 17 19 345 18 20 82 19 21 334 20 22 364 21 23 406 22 24 50 23 25 407 24 26 280 25 27 415 26 28 428 27 29 431 28 30 15 12 31 418 4 32 24 14 33 348 29 34 347 15 35 13 30 36 417 31 37 404 32 38 291 10 39 322 33 40 332 34 41 292 35 42 377 36 43 395 37 44 422 38 45 50 23 46 39 39 47 389 40 48 36 41 49 383 42 50 296 43 51 40 44 52 298 45 53 338 46 54 48 47 55 59 48 56 350 49 57 46 50 58 353 51 59 336 52 60 83 53 61 344 54 62 10 55 63 50 23 64 34 56 65 419 57 66 51 58 67 421 59 68 405 60 69 39 39 70 30 61 71 353 51 72 48 47 73 352 62 74 421 59 75 37 63 76 408 64 77 309 65 78 39 39 79 296 43 80 10 55 81 406 22 82 402 66 83 8 67 84 49 68 85 25 69 86 148 9 87 36 41 88 150 70 89 14 71 90 151 72 91 149 73 92 11 74 93 380 75 94 372 76 95 80 77 96 41 78 97 81 79 98 334 20 99 42 80 100 336 52 101 19 81 102 67 82 103 65 83 104 21 84 105 293 85 106 288 86 107 26 5 108 39 39 109 50 23 110 20 87 111 73 88 112 72 89 113 56 90 114 47 91 115 57 92 116 24 14 117 46 50 118 22 93 119 13 30 120 51 58 121 27 94 122 16 11 123 39 39 124 15 12 125 23 95 126 33 96 127 47 91 128 19 81 129 51 58 130 43 97 131 12 8 132 46 50 133 36 41 134 25 69 135 33 96 136 9 98 137 26 5 138 402 66 139 403 6 140 74 99 141 55 100 142 75 101 143 52 102 144 61 103 145 60 104 146 342 105 147 54 106 148 73 88 149 362 107 150 52 102 151 357 108 152 24 14 153 59 48 154 48 47 155 56 90 156 63 109 157 62 110 158 339 111 159 59 48 160 61 103 161 359 112 162 58 113 163 358 13 164 357 108 165 60 104 166 359 112 167 337 114 168 61 103 169 54 106 170 53 115 171 63 109 172 55 100 173 58 113 174 61 103 175 59 48 176 65 83 177 71 116 178 70 117 179 16 11 180 66 118 181 40 44 182 340 119 183 43 97 184 356 120 185 19 81 186 360 121 187 355 122 188 78 123 189 71 116 190 79 124 191 64 125 192 69 126 193 66 118 194 341 127 195 67 82 196 340 119 197 65 83 198 361 128 199 360 121 200 346 129 201 72 89 202 362 107 203 351 130 204 73 88 205 44 131 206 21 84 207 75 101 208 45 132 209 72 89 210 54 106 211 52 102 212 78 123 213 83 53 214 82 19 215 76 133 216 69 126 217 68 134 218 343 135 219 71 116 220 341 127 221 70 117 222 363 136 223 361 128 224 82 19 225 42 80 226 18 137 227 80 77 228 77 138 229 76 133 230 344 54 231 79 124 232 343 135 233 78 123 234 364 21 235 363 136 236 134 139 237 115 140 238 135 141 239 146 142 240 114 143 241 112 144 242 132 145 243 113 146 244 134 139 245 144 147 246 112 144 247 108 148 248 145 149 249 94 150 250 122 151 251 87 152 252 133 153 253 117 154 254 131 155 255 109 156 256 132 145 257 143 157 258 108 148 259 106 158 260 126 159 261 107 160 262 131 155 263 127 161 264 106 158 265 99 162 266 142 163 267 100 164 268 140 165 269 101 166 270 130 167 271 128 168 272 104 169 273 129 170 274 130 167 275 141 171 276 105 172 277 142 163 278 110 173 279 128 168 280 133 153 281 140 165 282 111 174 283 145 149 284 87 152 285 170 175 286 165 176 287 137 177 288 93 178 289 139 179 290 92 180 291 173 181 292 154 182 293 123 183 294 96 184 295 95 185 296 147 186 297 93 178 298 114 143 299 124 187 300 91 188 301 96 184 302 123 183 303 102 189 304 141 171 305 97 190 306 175 191 307 173 181 308 169 192 309 385 193 310 392 194 311 168 195 312 325 196 313 329 197 314 118 198 315 89 199 316 119 200 317 135 141 318 86 201 319 137 177 320 283 202 321 84 203 322 116 204 323 103 205 324 118 198 325 129 170 326 174 206 327 90 207 328 168 195 329 386 208 330 164 209 331 391 210 332 129 170 333 289 211 334 300 212 335 319 213 336 116 204 337 287 2 338 306 214 339 137 177 340 308 215 341 289 211 342 119 200 343 290 216 344 294 217 345 141 171 346 312 218 347 295 219 348 121 220 349 124 187 350 318 221 351 139 179 352 147 186 353 294 217 354 124 187 355 123 183 356 308 215 357 139 179 358 310 222 359 311 223 360 145 149 361 316 224 362 133 153 363 299 225 364 304 226 365 312 218 366 142 163 367 313 227 368 130 167 369 300 212 370 301 228 371 128 168 372 301 228 373 299 225 374 313 227 375 140 165 376 311 223 377 298 45 378 143 157 379 127 161 380 297 229 381 131 155 382 302 230 383 314 231 384 144 147 385 143 157 386 302 230 387 132 145 388 303 232 389 117 154 390 304 226 391 288 86 392 316 224 393 122 151 394 293 85 395 315 233 396 146 142 397 144 147 398 303 232 399 134 139 400 305 234 401 317 235 402 147 186 403 146 142 404 305 234 405 135 141 406 306 214 407 117 154 408 94 150 409 87 152 410 92 180 411 125 236 412 97 190 413 97 190 414 127 161 415 99 162 416 91 188 417 387 237 418 385 193 419 90 207 420 328 238 421 325 196 422 90 207 423 126 159 424 120 239 425 388 240 426 84 203 427 386 208 428 149 73 429 37 63 430 13 30 431 11 74 432 150 70 433 35 241 434 380 75 435 150 70 436 389 40 437 372 76 438 148 9 439 11 74 440 391 210 441 345 18 442 400 242 443 355 122 444 168 195 445 349 243 446 349 243 447 329 197 448 368 244 449 350 49 450 392 194 451 399 245 452 173 181 453 356 120 454 354 246 455 154 182 456 354 246 457 335 247 458 165 176 459 351 130 460 346 129 461 113 146 462 183 248 463 115 140 464 112 144 465 163 249 466 162 250 467 109 156 468 182 251 469 113 146 470 108 148 471 162 250 472 160 252 473 94 150 474 161 253 475 170 175 476 87 152 477 181 254 478 110 173 479 107 160 480 180 255 481 109 156 482 106 158 483 160 252 484 159 256 485 98 257 486 179 258 487 107 160 488 99 162 489 159 256 490 175 191 491 100 164 492 158 259 493 156 260 494 101 166 495 178 261 496 104 169 497 104 169 498 177 262 499 103 205 500 105 172 501 157 263 502 158 259 503 110 173 504 176 264 505 101 166 506 111 174 507 156 260 508 161 253 509 153 265 510 93 178 511 86 201 512 96 184 513 171 266 514 95 185 515 114 143 516 155 267 517 163 249 518 96 184 519 169 192 520 172 268 521 102 189 522 171 266 523 157 263 524 166 269 525 89 199 526 88 270 527 115 140 528 153 265 529 86 201 530 282 271 531 164 209 532 84 203 533 103 205 534 166 269 535 88 270 536 184 272 537 186 272 538 185 272 539 195 273 540 192 273 541 194 273 542 198 274 543 197 274 544 196 274 545 188 275 546 190 275 547 189 275 548 207 276 549 206 276 550 204 276 551 210 277 552 211 277 553 209 277 554 212 278 555 213 278 556 215 278 557 200 279 558 202 279 559 201 279 560 218 280 561 217 280 562 216 280 563 222 281 564 221 281 565 220 281 566 225 282 567 224 282 568 223 282 569 227 283 570 230 283 571 228 283 572 231 284 573 234 284 574 232 284 575 235 285 576 237 285 577 238 285 578 248 286 579 241 287 580 247 288 581 252 289 582 243 290 583 251 291 584 253 292 585 245 293 586 254 294 587 246 295 588 247 288 589 245 293 590 240 296 591 258 297 592 255 298 593 249 299 594 251 291 595 250 300 596 244 301 597 254 294 598 243 290 599 257 302 600 255 298 601 258 297 602 256 303 603 249 299 604 250 300 605 270 304 606 266 305 607 260 306 608 261 307 609 264 308 610 262 309 611 266 305 612 261 307 613 260 306 614 268 310 615 271 311 616 272 312 617 269 313 618 267 314 619 268 310 620 272 312 621 274 315 622 275 316 623 275 316 624 273 317 625 276 318 626 276 318 627 263 319 628 259 320 629 326 321 630 286 322 631 282 271 632 333 323 633 285 324 634 152 325 635 85 326 636 284 327 637 136 328 638 331 329 639 283 202 640 319 213 641 327 330 642 282 271 643 283 202 644 152 325 645 281 331 646 85 326 647 307 332 648 278 333 649 6 334 650 401 335 651 278 333 652 427 336 653 323 337 654 428 27 655 430 338 656 321 339 657 366 16 658 367 340 659 136 328 660 320 341 661 307 332 662 324 342 663 319 213 664 279 343 665 76 133 666 306 214 667 80 77 668 77 138 669 318 221 670 317 235 671 68 134 672 305 234 673 76 133 674 69 126 675 317 235 676 315 233 677 75 101 678 293 85 679 45 132 680 288 86 681 74 99 682 21 84 683 64 125 684 303 232 685 68 134 686 66 118 687 315 233 688 314 231 689 16 11 690 302 230 691 64 125 692 40 44 693 314 231 694 298 45 695 63 109 696 311 223 697 55 100 698 299 225 699 62 110 700 53 115 701 301 228 702 56 90 703 62 110 704 57 92 705 313 227 706 63 109 707 304 226 708 53 115 709 74 99 710 55 100 711 316 224 712 75 101 713 17 344 714 310 222 715 41 78 716 47 91 717 295 219 718 294 217 719 81 79 720 310 222 721 318 221 722 33 96 723 292 35 724 295 219 725 47 91 726 312 218 727 57 92 728 23 95 729 290 216 730 9 98 731 80 77 732 308 215 733 17 344 734 279 343 735 287 2 736 5 345 737 300 212 738 23 95 739 56 90 740 117 154 741 293 85 742 122 151 743 138 346 744 296 43 745 125 236 746 125 236 747 298 45 748 127 161 749 121 220 750 395 37 751 387 237 752 120 239 753 332 34 754 328 238 755 120 239 756 297 229 757 291 10 758 396 3 759 116 204 760 388 240 761 284 327 762 332 34 763 320 341 764 290 216 765 324 342 766 9 98 767 22 93 768 367 340 769 348 29 770 27 94 771 430 338 772 417 31 773 89 199 774 327 330 775 119 200 776 119 200 777 331 329 778 290 216 779 167 347 780 326 321 781 89 199 782 365 348 783 329 197 784 285 324 785 281 331 786 328 238 787 284 327 788 285 324 789 325 196 790 281 331 791 320 341 792 322 33 793 278 333 794 427 336 795 322 33 796 431 28 797 280 25 798 368 244 799 365 348 800 348 29 801 330 349 802 167 347 803 330 349 804 366 16 805 286 322 806 7 350 807 365 348 808 333 323 809 346 129 810 44 131 811 20 87 812 335 247 813 51 58 814 31 351 815 354 246 816 43 97 817 51 58 818 28 352 819 399 245 820 378 353 821 27 94 822 368 244 823 323 337 824 19 81 825 349 243 826 27 94 827 400 242 828 4 17 829 370 354 830 363 136 831 183 248 832 182 251 833 163 249 834 343 135 835 162 250 836 361 128 837 182 251 838 180 255 839 162 250 840 341 127 841 160 252 842 170 175 843 342 105 844 351 130 845 165 176 846 362 107 847 181 254 848 360 121 849 180 255 850 179 258 851 160 252 852 340 119 853 159 256 854 355 122 855 179 258 856 174 206 857 159 256 858 356 120 859 175 191 860 156 260 861 339 111 862 337 114 863 176 264 864 359 112 865 178 261 866 178 261 867 358 13 868 177 262 869 158 259 870 338 46 871 339 111 872 181 254 873 357 108 874 176 264 875 161 253 876 337 114 877 342 105 878 153 265 879 336 52 880 155 267 881 172 268 882 352 62 883 171 266 884 155 267 885 344 54 886 163 249 887 169 192 888 353 51 889 172 268 890 157 263 891 352 62 892 338 46 893 347 15 894 167 347 895 166 269 896 364 21 897 153 265 898 183 248 899 286 322 900 345 18 901 164 209 902 177 262 903 347 15 904 166 269 905 432 355 906 370 354 907 415 26 908 378 353 909 414 356 910 419 57 911 279 343 912 398 357 913 324 342 914 373 358 915 321 339 916 22 93 917 429 359 918 388 240 919 424 360 920 387 237 921 413 361 922 410 362 923 397 363 924 277 364 925 321 339 926 5 345 927 393 365 928 279 343 929 399 245 930 412 366 931 414 356 932 426 367 933 400 242 934 432 355 935 416 368 936 390 7 937 372 76 938 420 369 939 389 40 940 411 370 941 424 360 942 386 208 943 423 371 944 385 193 945 410 362 946 409 372 947 423 371 948 391 210 949 426 367 950 392 194 951 409 372 952 412 366 953 25 69 954 371 373 955 8 67 956 372 76 957 420 369 958 416 368 959 371 373 960 32 374 961 8 67 962 36 41 963 381 375 964 383 42 965 29 376 966 384 377 967 377 36 968 46 50 969 378 353 970 381 375 971 411 370 972 383 42 973 408 64 974 49 68 975 384 377 976 33 96 977 395 37 978 405 60 979 413 361 980 12 8 981 373 358 982 22 93 983 324 342 984 376 378 985 9 98 986 394 379 987 4 17 988 277 364 989 49 68 990 379 380 991 382 381 992 425 382 993 375 383 994 390 7 995 376 378 996 25 69 997 9 98 998 401 335 999 396 3 1000 429 359 1001 6 334 1002 429 359 1003 307 332 1004 13 30 1005 425 382 1006 149 73 1007 413 361 1008 30 61 1009 309 65 1010 411 370 1011 37 63 1012 151 72 1013 416 368 1014 38 384 1015 14 71 1016 412 366 1017 92 180 1018 154 182 1019 85 326 1020 426 367 1021 152 325 1022 409 372 1023 138 346 1024 92 180 1025 136 328 1026 423 371 1027 85 326 1028 420 369 1029 151 72 1030 38 384 1031 149 73 1032 416 368 1033 14 71 1034 152 325 1035 432 355 1036 333 323 1037 414 356 1038 154 182 1039 335 247 1040 410 362 1041 309 65 1042 138 346 1043 307 332 1044 424 360 1045 136 328 1046 419 57 1047 335 247 1048 31 351 1049 333 323 1050 415 26 1051 7 350 1052 393 365 1053 431 28 1054 398 357 1055 417 31 1056 397 363 1057 373 358 1058 430 338 1059 394 379 1060 397 363 1061 369 1 1062 427 336 1063 393 365 1064 403 6 1065 371 373 1066 374 385 1067 402 66 1068 379 380 1069 371 373 1070 383 42 1071 421 59 1072 408 64 1073 377 36 1074 422 38 1075 405 60 1076 381 375 1077 419 57 1078 421 59 1079 384 377 1080 407 24 1081 422 38 1082 375 383 1083 417 31 1084 373 358 1085 398 357 1086 418 4 1087 376 378 1088 428 27 1089 370 354 1090 394 379 1091 379 380 1092 407 24 1093 382 381 1094 376 378 1095 403 6 1096 374 385 1097 2 386 1098 3 386 1099 1 386 1100 369 1 1101 5 345 1102 287 2 1103 418 4 1104 15 12 1105 26 5 1106 390 7 1107 375 383 1108 12 8 1109 291 10 1110 297 229 1111 16 11 1112 358 13 1113 58 113 1114 24 14 1115 366 16 1116 277 364 1117 4 17 1118 82 19 1119 18 137 1120 334 20 1121 406 22 1122 34 56 1123 50 23 1124 280 25 1125 7 350 1126 415 26 1127 431 28 1128 322 33 1129 15 12 1130 24 14 1131 22 93 1132 348 29 1133 13 30 1134 27 94 1135 417 31 1136 291 10 1137 15 12 1138 322 33 1139 292 35 1140 29 376 1141 377 36 1142 422 38 1143 407 24 1144 50 23 1145 389 40 1146 150 70 1147 36 41 1148 296 43 1149 39 39 1150 40 44 1151 338 46 1152 352 62 1153 48 47 1154 350 49 1155 28 352 1156 46 50 1157 336 52 1158 42 80 1159 83 53 1160 10 55 1161 26 5 1162 50 23 1163 419 57 1164 31 351 1165 51 58 1166 405 60 1167 422 38 1168 39 39 1169 353 51 1170 46 50 1171 48 47 1172 421 59 1173 51 58 1174 37 63 1175 309 65 1176 30 61 1177 39 39 1178 10 55 1179 34 56 1180 406 22 1181 8 67 1182 32 374 1183 49 68 1184 148 9 1185 12 8 1186 36 41 1187 14 71 1188 38 384 1189 151 72 1190 11 74 1191 35 241 1192 380 75 1193 80 77 1194 17 344 1195 41 78 1196 334 20 1197 18 137 1198 42 80 1199 19 81 1200 43 97 1201 67 82 1202 21 84 1203 45 132 1204 293 85 1205 26 5 1206 15 12 1207 39 39 1208 20 87 1209 44 131 1210 73 88 1211 56 90 1212 23 95 1213 47 91 1214 24 14 1215 48 47 1216 46 50 1217 13 30 1218 37 63 1219 51 58 1220 16 11 1221 40 44 1222 39 39 1223 23 95 1224 9 98 1225 33 96 1226 19 81 1227 27 94 1228 51 58 1229 12 8 1230 22 93 1231 46 50 1232 25 69 1233 49 68 1234 33 96 1235 26 5 1236 10 55 1237 402 66 1238 74 99 1239 53 115 1240 55 100 1241 52 102 1242 54 106 1243 61 103 1244 342 105 1245 337 114 1246 54 106 1247 362 107 1248 72 89 1249 52 102 1250 24 14 1251 58 113 1252 59 48 1253 56 90 1254 57 92 1255 63 109 1256 339 111 1257 338 46 1258 59 48 1259 359 112 1260 60 104 1261 58 113 1262 357 108 1263 52 102 1264 60 104 1265 337 114 1266 339 111 1267 61 103 1268 53 115 1269 62 110 1270 63 109 1271 58 113 1272 60 104 1273 61 103 1274 65 83 1275 67 82 1276 71 116 1277 16 11 1278 64 125 1279 66 118 1280 340 119 1281 67 82 1282 43 97 1283 19 81 1284 65 83 1285 360 121 1286 78 123 1287 70 117 1288 71 116 1289 64 125 1290 68 134 1291 69 126 1292 341 127 1293 71 116 1294 67 82 1295 65 83 1296 70 117 1297 361 128 1298 346 129 1299 20 87 1300 72 89 1301 351 130 1302 342 105 1303 73 88 1304 21 84 1305 74 99 1306 75 101 1307 72 89 1308 73 88 1309 54 106 1310 78 123 1311 79 124 1312 83 53 1313 76 133 1314 77 138 1315 69 126 1316 343 135 1317 79 124 1318 71 116 1319 70 117 1320 78 123 1321 363 136 1322 82 19 1323 83 53 1324 42 80 1325 80 77 1326 81 79 1327 77 138 1328 344 54 1329 83 53 1330 79 124 1331 78 123 1332 82 19 1333 364 21 1334 134 139 1335 113 146 1336 115 140 1337 146 142 1338 147 186 1339 114 143 1340 132 145 1341 109 156 1342 113 146 1343 144 147 1344 146 142 1345 112 144 1346 145 149 1347 111 174 1348 94 150 1349 87 152 1350 110 173 1351 133 153 1352 131 155 1353 107 160 1354 109 156 1355 143 157 1356 144 147 1357 108 148 1358 126 159 1359 98 257 1360 107 160 1361 127 161 1362 143 157 1363 106 158 1364 142 163 1365 105 172 1366 100 164 1367 101 166 1368 104 169 1369 130 167 1370 104 169 1371 103 205 1372 129 170 1373 141 171 1374 102 189 1375 105 172 1376 110 173 1377 101 166 1378 128 168 1379 140 165 1380 100 164 1381 111 174 1382 87 152 1383 94 150 1384 170 175 1385 137 177 1386 86 201 1387 93 178 1388 92 180 1389 97 190 1390 173 181 1391 123 183 1392 124 187 1393 96 184 1394 147 186 1395 139 179 1396 93 178 1397 124 187 1398 121 220 1399 91 188 1400 123 183 1401 95 185 1402 102 189 1403 97 190 1404 99 162 1405 175 191 1406 169 192 1407 91 188 1408 385 193 1409 168 195 1410 90 207 1411 325 196 1412 118 198 1413 88 270 1414 89 199 1415 135 141 1416 115 140 1417 86 201 1418 283 202 1419 282 271 1420 84 203 1421 103 205 1422 88 270 1423 118 198 1424 174 206 1425 98 257 1426 90 207 1427 386 208 1428 84 203 1429 164 209 1430 129 170 1431 118 198 1432 289 211 1433 319 213 1434 283 202 1435 116 204 1436 306 214 1437 135 141 1438 137 177 1439 289 211 1440 118 198 1441 119 200 1442 294 217 1443 123 183 1444 141 171 1445 295 219 1446 292 35 1447 121 220 1448 318 221 1449 310 222 1450 139 179 1451 294 217 1452 295 219 1453 124 187 1454 308 215 1455 137 177 1456 139 179 1457 311 223 1458 140 165 1459 145 149 1460 133 153 1461 128 168 1462 299 225 1463 312 218 1464 141 171 1465 142 163 1466 130 167 1467 129 170 1468 300 212 1469 128 168 1470 130 167 1471 301 228 1472 313 227 1473 142 163 1474 140 165 1475 298 45 1476 314 231 1477 143 157 1478 297 229 1479 126 159 1480 131 155 1481 314 231 1482 315 233 1483 144 147 1484 302 230 1485 131 155 1486 132 145 1487 117 154 1488 133 153 1489 304 226 1490 316 224 1491 145 149 1492 122 151 1493 315 233 1494 317 235 1495 146 142 1496 303 232 1497 132 145 1498 134 139 1499 317 235 1500 318 221 1501 147 186 1502 305 234 1503 134 139 1504 135 141 1505 117 154 1506 122 151 1507 94 150 1508 92 180 1509 138 346 1510 125 236 1511 97 190 1512 125 236 1513 127 161 1514 91 188 1515 121 220 1516 387 237 1517 90 207 1518 120 239 1519 328 238 1520 90 207 1521 98 257 1522 126 159 1523 388 240 1524 116 204 1525 84 203 1526 149 73 1527 151 72 1528 37 63 1529 11 74 1530 148 9 1531 150 70 1532 380 75 1533 35 241 1534 150 70 1535 372 76 1536 390 7 1537 148 9 1538 391 210 1539 164 209 1540 345 18 1541 355 122 1542 174 206 1543 168 195 1544 349 243 1545 168 195 1546 329 197 1547 350 49 1548 169 192 1549 392 194 1550 173 181 1551 175 191 1552 356 120 1553 154 182 1554 173 181 1555 354 246 1556 165 176 1557 170 175 1558 351 130 1559 113 146 1560 182 251 1561 183 248 1562 112 144 1563 114 143 1564 163 249 1565 109 156 1566 180 255 1567 182 251 1568 108 148 1569 112 144 1570 162 250 1571 94 150 1572 111 174 1573 161 253 1574 87 152 1575 165 176 1576 181 254 1577 107 160 1578 179 258 1579 180 255 1580 106 158 1581 108 148 1582 160 252 1583 98 257 1584 174 206 1585 179 258 1586 99 162 1587 106 158 1588 159 256 1589 100 164 1590 105 172 1591 158 259 1592 101 166 1593 176 264 1594 178 261 1595 104 169 1596 178 261 1597 177 262 1598 105 172 1599 102 189 1600 157 263 1601 110 173 1602 181 254 1603 176 264 1604 111 174 1605 100 164 1606 156 260 1607 153 265 1608 155 267 1609 93 178 1610 96 184 1611 172 268 1612 171 266 1613 114 143 1614 93 178 1615 155 267 1616 96 184 1617 91 188 1618 169 192 1619 102 189 1620 95 185 1621 171 266 1622 166 269 1623 167 347 1624 89 199 1625 115 140 1626 183 248 1627 153 265 1628 282 271 1629 286 322 1630 164 209 1631 103 205 1632 177 262 1633 166 269 1634 184 387 1635 187 387 1636 186 387 1637 195 388 1638 193 388 1639 192 388 1640 198 389 1641 199 389 1642 197 389 1643 188 390 1644 191 390 1645 190 390 1646 207 391 1647 205 391 1648 206 391 1649 210 275 1650 208 275 1651 211 275 1652 212 392 1653 214 392 1654 213 392 1655 200 393 1656 203 393 1657 202 393 1658 218 275 1659 219 275 1660 217 275 1661 225 394 1662 226 394 1663 224 394 1664 227 395 1665 229 395 1666 230 395 1667 231 396 1668 233 396 1669 234 396 1670 235 397 1671 236 397 1672 237 397 1673 248 286 1674 239 398 1675 241 287 1676 252 289 1677 244 301 1678 243 290 1679 253 292 1680 246 295 1681 245 293 1682 246 295 1683 248 286 1684 247 288 1685 240 296 1686 242 399 1687 258 297 1688 249 299 1689 252 289 1690 251 291 1691 244 301 1692 253 292 1693 254 294 1694 257 302 1695 256 303 1696 255 298 1697 256 303 1698 257 302 1699 249 299 1700 270 304 1701 269 313 1702 266 305 1703 261 307 1704 265 400 1705 264 308 1706 266 305 1707 265 400 1708 261 307 1709 268 310 1710 267 314 1711 271 311 1712 269 313 1713 270 304 1714 267 314 1715 272 312 1716 271 311 1717 274 315 1718 275 316 1719 274 315 1720 273 317 1721 276 318 1722 273 317 1723 263 319 1724 326 321 1725 330 349 1726 286 322 1727 333 323 1728 365 348 1729 285 324 1730 85 326 1731 281 331 1732 284 327 1733 331 329 1734 327 330 1735 283 202 1736 327 330 1737 326 321 1738 282 271 1739 152 325 1740 285 324 1741 281 331 1742 307 332 1743 320 341 1744 278 333 1745 401 335 1746 6 334 1747 278 333 1748 323 337 1749 280 25 1750 428 27 1751 321 339 1752 277 364 1753 366 16 1754 136 328 1755 284 327 1756 320 341 1757 324 342 1758 331 329 1759 319 213 1760 76 133 1761 305 234 1762 306 214 1763 77 138 1764 81 79 1765 318 221 1766 68 134 1767 303 232 1768 305 234 1769 69 126 1770 77 138 1771 317 235 1772 75 101 1773 316 224 1774 293 85 1775 288 86 1776 304 226 1777 74 99 1778 64 125 1779 302 230 1780 303 232 1781 66 118 1782 69 126 1783 315 233 1784 16 11 1785 297 229 1786 302 230 1787 40 44 1788 66 118 1789 314 231 1790 63 109 1791 313 227 1792 311 223 1793 299 225 1794 301 228 1795 62 110 1796 301 228 1797 300 212 1798 56 90 1799 57 92 1800 312 218 1801 313 227 1802 304 226 1803 299 225 1804 53 115 1805 55 100 1806 311 223 1807 316 224 1808 17 344 1809 308 215 1810 310 222 1811 47 91 1812 33 96 1813 295 219 1814 81 79 1815 41 78 1816 310 222 1817 33 96 1818 29 376 1819 292 35 1820 47 91 1821 294 217 1822 312 218 1823 23 95 1824 289 211 1825 290 216 1826 80 77 1827 306 214 1828 308 215 1829 279 343 1830 319 213 1831 287 2 1832 300 212 1833 289 211 1834 23 95 1835 117 154 1836 288 86 1837 293 85 1838 138 346 1839 309 65 1840 296 43 1841 125 236 1842 296 43 1843 298 45 1844 121 220 1845 292 35 1846 395 37 1847 120 239 1848 291 10 1849 332 34 1850 120 239 1851 126 159 1852 297 229 1853 396 3 1854 287 2 1855 116 204 1856 284 327 1857 328 238 1858 332 34 1859 290 216 1860 331 329 1861 324 342 1862 22 93 1863 321 339 1864 367 340 1865 27 94 1866 323 337 1867 430 338 1868 89 199 1869 326 321 1870 327 330 1871 119 200 1872 327 330 1873 331 329 1874 167 347 1875 330 349 1876 326 321 1877 365 348 1878 368 244 1879 329 197 1880 281 331 1881 325 196 1882 328 238 1883 285 324 1884 329 197 1885 325 196 1886 320 341 1887 332 34 1888 322 33 1889 427 336 1890 278 333 1891 322 33 1892 280 25 1893 323 337 1894 368 244 1895 348 29 1896 367 340 1897 330 349 1898 330 349 1899 367 340 1900 366 16 1901 7 350 1902 280 25 1903 365 348 1904 346 129 1905 351 130 1906 44 131 1907 335 247 1908 354 246 1909 51 58 1910 354 246 1911 356 120 1912 43 97 1913 28 352 1914 350 49 1915 399 245 1916 27 94 1917 349 243 1918 368 244 1919 19 81 1920 355 122 1921 349 243 1922 400 242 1923 345 18 1924 4 17 1925 363 136 1926 364 21 1927 183 248 1928 163 249 1929 344 54 1930 343 135 1931 361 128 1932 363 136 1933 182 251 1934 162 250 1935 343 135 1936 341 127 1937 170 175 1938 161 253 1939 342 105 1940 165 176 1941 346 129 1942 362 107 1943 360 121 1944 361 128 1945 180 255 1946 160 252 1947 341 127 1948 340 119 1949 355 122 1950 360 121 1951 179 258 1952 159 256 1953 340 119 1954 356 120 1955 156 260 1956 158 259 1957 339 111 1958 176 264 1959 357 108 1960 359 112 1961 178 261 1962 359 112 1963 358 13 1964 158 259 1965 157 263 1966 338 46 1967 181 254 1968 362 107 1969 357 108 1970 161 253 1971 156 260 1972 337 114 1973 153 265 1974 334 20 1975 336 52 1976 172 268 1977 353 51 1978 352 62 1979 155 267 1980 336 52 1981 344 54 1982 169 192 1983 350 49 1984 353 51 1985 157 263 1986 171 266 1987 352 62 1988 347 15 1989 348 29 1990 167 347 1991 364 21 1992 334 20 1993 153 265 1994 286 322 1995 366 16 1996 345 18 1997 177 262 1998 358 13 1999 347 15 2000 432 355 2001 400 242 2002 370 354 2003 378 353 2004 399 245 2005 414 356 2006 279 343 2007 393 365 2008 398 357 2009 373 358 2010 397 363 2011 321 339 2012 429 359 2013 396 3 2014 388 240 2015 387 237 2016 395 37 2017 413 361 2018 397 363 2019 394 379 2020 277 364 2021 5 345 2022 369 1 2023 393 365 2024 399 245 2025 392 194 2026 412 366 2027 426 367 2028 391 210 2029 400 242 2030 416 368 2031 425 382 2032 390 7 2033 420 369 2034 380 75 2035 389 40 2036 424 360 2037 388 240 2038 386 208 2039 385 193 2040 387 237 2041 410 362 2042 423 371 2043 386 208 2044 391 210 2045 392 194 2046 385 193 2047 409 372 2048 25 69 2049 374 385 2050 371 373 2051 372 76 2052 380 75 2053 420 369 2054 371 373 2055 379 380 2056 32 374 2057 36 41 2058 46 50 2059 381 375 2060 29 376 2061 33 96 2062 384 377 2063 46 50 2064 28 352 2065 378 353 2066 411 370 2067 389 40 2068 383 42 2069 49 68 2070 382 381 2071 384 377 2072 395 37 2073 377 36 2074 405 60 2075 12 8 2076 375 383 2077 373 358 2078 324 342 2079 398 357 2080 376 378 2081 394 379 2082 370 354 2083 4 17 2084 49 68 2085 32 374 2086 379 380 2087 425 382 2088 404 32 2089 375 383 2090 376 378 2091 374 385 2092 25 69 2093 401 335 2094 369 1 2095 396 3 2096 6 334 2097 401 335 2098 429 359 2099 13 30 2100 404 32 2101 425 382 2102 413 361 2103 405 60 2104 30 61 2105 411 370 2106 408 64 2107 37 63 2108 416 368 2109 420 369 2110 38 384 2111 412 366 2112 409 372 2113 92 180 2114 85 326 2115 423 371 2116 426 367 2117 409 372 2118 410 362 2119 138 346 2120 136 328 2121 424 360 2122 423 371 2123 420 369 2124 411 370 2125 151 72 2126 149 73 2127 425 382 2128 416 368 2129 152 325 2130 426 367 2131 432 355 2132 414 356 2133 412 366 2134 154 182 2135 410 362 2136 413 361 2137 309 65 2138 307 332 2139 429 359 2140 424 360 2141 419 57 2142 414 356 2143 335 247 2144 333 323 2145 432 355 2146 415 26 2147 393 365 2148 427 336 2149 431 28 2150 417 31 2151 430 338 2152 397 363 2153 430 338 2154 428 27 2155 394 379 2156 369 1 2157 401 335 2158 427 336 2159 403 6 2160 402 66 2161 371 373 2162 402 66 2163 406 22 2164 379 380 2165 383 42 2166 381 375 2167 421 59 2168 377 36 2169 384 377 2170 422 38 2171 381 375 2172 378 353 2173 419 57 2174 384 377 2175 382 381 2176 407 24 2177 375 383 2178 404 32 2179 417 31 2180 398 357 2181 431 28 2182 418 4 2183 428 27 2184 415 26 2185 370 354 2186 379 380 2187 406 22 2188 407 24 2189 376 378 2190 418 4 2191 403 6 2192</p>
        </triangles>
      </mesh>
    </geometry>
  </library_geometries>
  <library_visual_scenes>
    <visual_scene id="Scene" name="Scene">
      <node id="Box_Paper_Closed_A" name="Box_Paper_Closed_A" type="NODE">
        <matrix sid="transform">1 0 0 37.00347 0 1 0 -4.245365 0 0 1 0 0 0 0 1</matrix>
        <instance_geometry url="#Box_Paper_Closed_A-mesh" name="Box_Paper_Closed_A">
          <bind_material>
            <technique_common>
              <instance_material symbol="AK_Boxes_Paper_A-material" target="#AK_Boxes_Paper_A-material">
                <bind_vertex_input semantic="UVMap" input_semantic="TEXCOORD" input_set="0"/>
              </instance_material>
            </technique_common>
          </bind_material>
        </instance_geometry>
      </node>
    </visual_scene>
  </library_visual_scenes>
  <scene>
    <instance_visual_scene url="#Scene"/>
  </scene>
</COLLADA>