<?xml version="1.0" encoding="utf-8"?>
<COLLADA xmlns="http://www.collada.org/2005/11/COLLADASchema" version="1.4.1" xmlns:xsi="http://www.w3.org/2001/XMLSchema-instance">
  <asset>
    <contributor>
      <author>Blender User</author>
      <authoring_tool>Blender 3.0.1</authoring_tool>
    </contributor>
    <created>2026-07-31T12:34:46</created>
    <modified>2026-07-31T12:34:46</modified>
    <unit name="meter" meter="1"/>
    <up_axis>Z_UP</up_axis>
  </asset>
  <library_effects>
    <effect id="AK_Can_Beverage_Damaged_01_D-effect">
      <profile_COMMON>
        <newparam sid="Can_Beverage_Damaged_01_BaseColor_D_jpg_001-surface">
          <surface type="2D">
            <init_from>Can_Beverage_Damaged_01_BaseColor_D_jpg_001</init_from>
          </surface>
        </newparam>
        <newparam sid="Can_Beverage_Damaged_01_BaseColor_D_jpg_001-sampler">
          <sampler2D>
            <source>Can_Beverage_Damaged_01_BaseColor_D_jpg_001-surface</source>
          </sampler2D>
        </newparam>
        <technique sid="common">
          <lambert>
            <emission>
              <color sid="emission">0 0 0 1</color>
            </emission>
            <diffuse>
              <texture texture="Can_Beverage_Damaged_01_BaseColor_D_jpg_001-sampler" texcoord="UVMap"/>
            </diffuse>
            <index_of_refraction>
              <float sid="ior">5</float>
            </index_of_refraction>
          </lambert>
        </technique>
      </profile_COMMON>
    </effect>
  </library_effects>
  <library_images>
    <image id="Can_Beverage_Damaged_01_BaseColor_D_jpg_001" name="Can_Beverage_Damaged_01_BaseColor_D.jpg">
      <init_from>../materials/textures/Can_Beverage_Damaged_01_BaseColor_D.jpg</init_from>
    </image>
  </library_images>
  <library_materials>
    <material id="AK_Can_Beverage_Damaged_01_D-material" name="AK_Can_Beverage_Damaged_01_D">
      <instance_effect url="#AK_Can_Beverage_Damaged_01_D-effect"/>
    </material>
  </library_materials>
  <library_geometries>
    <geometry id="Can_Beverage_Damaged_03_002-mesh" name="Can_Beverage_Damaged_03.002">
      <mesh>
        <source id="Can_Beverage_Damaged_03_002-mesh-positions">
          <float_array id="Can_Beverage_Damaged_03_002-mesh-positions-array" count="3720">0.05899113 -0.06803596 0.003749787 0.05854713 -0.06769526 0.003348112 0.0612263 -0.06440168 0.003177821 0.06167072 -0.06474351 0.00357747 0.06181907 -0.05650877 -1.19882e-4 0.06230276 -0.05688947 2.96798e-4 0.06329369 -0.05910485 5.1562e-4 0.06282603 -0.05873858 9.65069e-5 0.04775059 -0.06650388 0.01284772 0.04817515 -0.06688845 0.01282423 0.04907917 -0.06614661 0.01552575 0.0486508 -0.06575709 0.01555544 0.05438357 -0.05820393 0.004648208 0.05261051 -0.06037914 0.004870653 0.05280184 -0.06063485 0.004743874 0.05542355 -0.05753171 0.004149734 0.05284678 -0.06199795 0.01908665 0.05870717 -0.05468618 0.01681435 0.05827891 -0.05429661 0.01684445 0.05241841 -0.06160843 0.01911634 0.05581784 -0.0708487 0.003849327 0.05537432 -0.07050806 0.003449082 0.04753118 -0.06971675 0.005719482 0.04988342 -0.0683149 0.005415022 0.05025076 -0.06633275 0.005383908 0.04730224 -0.06663638 0.006566047 0.04628014 -0.06755697 0.006674528 0.05157405 -0.0639736 0.004906117 0.05350178 -0.06154692 0.004353523 0.05008387 -0.06362783 0.005729436 0.06085723 -0.05943024 0.001813113 0.06022149 -0.05803024 0.001445651 0.06035703 -0.05234581 0.01361024 0.06042319 -0.05199384 0.01113379 0.0599966 -0.05160307 0.0111714 0.05992954 -0.05195569 0.01364392 0.0596143 -0.0517112 0.008264899 0.06003826 -0.05210006 0.008225381 0.05929982 -0.05253046 0.005178093 0.05886435 -0.05213099 0.005190789 0.05319517 -0.07014137 0.004728853 0.05289363 -0.07252478 0.004213631 0.05548465 -0.06875562 0.004489898 0.05515104 -0.05695956 0.01001799 0.05473464 -0.05705571 0.008164286 0.05132943 -0.06139719 0.009448111 0.05194789 -0.06106048 0.01126736 0.04560166 -0.0669915 0.006265521 0.04704046 -0.0693382 0.005310535 0.05299353 -0.06050312 0.01582574 0.05636608 -0.05629533 0.0145182 0.05588966 -0.05678987 0.01378273 0.05309498 -0.06027662 0.01486641 0.0549094 -0.06837302 0.003846764 0.05733883 -0.06617695 0.003970623 0.05014795 -0.0650829 0.01756566 0.04971963 -0.06469339 0.01759535 0.05244386 -0.0721777 0.003811538 0.05064755 -0.07266265 0.004532217 0.05018913 -0.07230669 0.004133403 0.04927587 -0.06789904 0.00477761 0.04973351 -0.06932085 0.004583656 0.04842257 -0.07124215 0.004640936 0.05894273 -0.05736136 0.001745879 0.06012344 -0.05461847 5.52651e-4 0.06123274 -0.06174308 0.003499031 0.05996233 -0.0640707 0.004422008 0.06323951 -0.06168097 0.001924574 0.06062978 -0.05501514 9.7029e-4 0.0614537 -0.05983567 0.002490639 0.06065201 -0.06135433 0.002837777 0.0627864 -0.06133002 0.001513779 0.05938744 -0.06368827 0.003771483 0.04889267 -0.07160741 0.005040168 0.04689055 -0.06687581 0.009821832 0.04731708 -0.06725937 0.00983119 0.05876797 -0.05320495 0.002190589 0.05807512 -0.05262225 0.001787364 0.05147159 -0.07039284 0.004987835 0.05033254 -0.06972783 0.005228817 0.05956387 -0.05779212 0.002416253 0.06083351 -0.05845141 0.00212413 0.05825716 -0.05456465 0.003087997 0.05567044 -0.05941873 0.003863334 0.05779665 -0.058052 0.003108799 0.04641634 -0.06598466 0.00584644 0.04963558 -0.06590878 0.004753708 0.05088311 -0.06999665 0.004335522 0.05261784 -0.06975668 0.004073619 0.05791342 -0.06655889 0.004616379 0.05152302 -0.06355792 0.01610755 0.05353796 -0.06132757 0.01664406 0.04978984 -0.06492346 0.01188445 0.05050778 -0.06452786 0.01422154 0.05517065 -0.05542933 0.004971086 0.05678987 -0.05440241 0.006512641 0.04917132 -0.06438142 0.01191776 0.04983943 -0.06393837 0.01428073 0.04886013 -0.06419938 0.009532392 0.04890573 -0.06309378 0.007343292 0.05824661 -0.05344831 0.01103907 0.05774331 -0.05366843 0.008615791 0.05752301 -0.05635553 0.01509875 0.04979568 -0.06391745 0.007515072 0.04945695 -0.06472122 0.009559273 0.05188 -0.05971252 0.004685044 0.05287402 -0.06110936 0.003717362 0.05094933 -0.0635392 0.004283487 0.05024701 -0.06172734 0.005699694 0.05815964 -0.0537616 0.01332896 0.05667477 -0.05561566 0.01517993 0.05887168 -0.05438935 0.01325905 0.05890274 -0.05403083 0.01096856 0.0508098 -0.062931 0.01617228 0.05606734 -0.05626988 0.005128264 0.05739235 -0.05494058 0.006525039 0.05520284 -0.05742484 0.01232081 0.05513012 -0.05728477 0.01125711 0.05260491 -0.0605039 0.01224374 0.05305451 -0.06012189 0.01315551 0.05097514 -0.06238824 0.005882143 0.05365359 -0.05753535 0.00446248 0.05504584 -0.05898457 0.003208756 0.05835825 -0.05421549 0.008573353 0.05268955 -0.06058776 0.0167247 0.05717217 -0.05761784 0.002446949 0.05169451 -0.06225675 0.01590019 0.05219417 -0.06267374 0.01584053 0.05260288 -0.062083 0.01509922 0.05211961 -0.06167948 0.01515698 0.05071103 -0.06346046 0.009982943 0.05018907 -0.06303447 0.009972155 0.0501886 -0.06284987 0.008577406 0.05059653 -0.06318211 0.008618175 0.05085664 -0.06265962 0.01172029 0.05138075 -0.06309103 0.0116775 0.05226683 -0.06219339 0.01254713 0.05176478 -0.06177711 0.0125975 0.05546826 -0.05765366 0.008223652 0.055871 -0.05754846 0.009998679 0.05268096 -0.06166279 0.01121431 0.05206561 -0.06199777 0.009470582 0.05330723 -0.0610854 0.01217579 0.05581343 -0.05784678 0.01119762 0.05586647 -0.05797457 0.01224946 0.05373793 -0.06069183 0.01307696 0.05609846 -0.05650651 0.01199996 0.05700927 -0.05557882 0.01326137 0.05749255 -0.05598241 0.0132032 0.05656874 -0.05689597 0.01194959 0.05103701 -0.06161797 0.007794976 0.05157732 -0.06205844 0.007865071 0.05235475 -0.06120312 0.01345366 0.05284249 -0.0616104 0.01339739 0.0570411 -0.05685877 0.01443743 0.05366861 -0.06106656 0.01574522 0.05376875 -0.06083923 0.01478588 0.05593085 -0.05655395 0.006622374 0.05551779 -0.05621635 0.00656116 0.05612361 -0.05559754 0.00770682 0.05664789 -0.05602592 0.007742464 0.0566641 -0.05658447 0.01083648 0.05617851 -0.05618488 0.01087909 0.05488264 -0.05789685 0.006671488 0.05433946 -0.05745351 0.006577074 0.05815511 -0.05523657 0.01352953 0.05765581 -0.05481934 0.01359075 0.05656337 -0.05735242 0.01370215 0.05647224 -0.05555289 0.009539425 0.05698674 -0.05597448 0.009522616 0.04481226 -0.0677852 0.01884049 0.04793506 -0.06679606 0.01841998 0.04721891 -0.06688672 0.01832199 0.04481095 -0.0675854 0.0188021 0.06298732 -0.04542297 0.01664912 0.06266468 -0.0429455 0.01658773 0.06245726 -0.04287588 0.016514 0.06260687 -0.04437619 0.0163443 0.04325079 -0.0674377 0.02001875 0.04326015 -0.0672717 0.01995849 0.06256347 -0.04271829 0.01747512 0.06238502 -0.04269653 0.01740407 0.04463416 -0.06646931 0.02118182 0.04461234 -0.06633764 0.02109926 0.04794174 -0.06322789 0.02066212 0.04792541 -0.06308144 0.02054381 0.05055272 -0.05804961 0.02055531 0.0505473 -0.05796611 0.02048641 0.05486881 -0.05554711 0.02146506 0.05480581 -0.05545496 0.02135705 0.05777972 -0.05224382 0.02097618 0.05766409 -0.0521422 0.02086508 0.06049484 -0.04841858 0.02013278 0.06034362 -0.04833471 0.02002429 0.0621438 -0.04481589 0.01888203 0.06198304 -0.044784 0.01879364 0.04932659 -0.06599986 0.01861196 0.05170428 -0.06466716 0.01915597 0.05165088 -0.06450116 0.01913136 0.04898977 -0.06602627 0.01853007 0.0549457 -0.06181824 0.01957243 0.05485916 -0.06166934 0.01953864 0.0578432 -0.05797886 0.01889377 0.05773997 -0.05786627 0.01886683 0.0597946 -0.05362617 0.01843911 0.05966991 -0.05354017 0.01840126 0.06161779 -0.04973512 0.01774978 0.06147056 -0.04967004 0.01771032 0.06277334 -0.04689955 0.01696813 0.0627284 -0.04641997 0.01680552 -0.04234755 0.05574637 0.02354246 -0.0419417 0.05683344 0.02076804 -0.05004811 0.05161738 0.02166372 -0.04982954 0.0511527 0.02438151 0.01151651 -0.07110202 0.01306611 0.01740187 -0.07347589 0.0133242 0.01552557 -0.07358109 0.01583755 0.009748041 -0.07136589 0.01561409 0.03023779 -0.06154942 0.005181849 0.03699225 -0.06650722 0.006317973 0.02842885 -0.07038253 0.007456064 0.02236759 -0.06682187 0.006828725 0.04355907 -0.04527741 0.007158219 0.04984468 -0.05126595 0.00743395 0.04443717 -0.05959892 0.006818532 0.03721165 -0.05373299 0.005733251 0.05292475 -0.05420166 0.0064224 0.04743528 -0.06225222 0.006380677 0.04708015 -0.0618717 0.006614565 0.05248892 -0.05378717 0.006799221 0.03147357 -0.07244634 0.00747466 0.03971326 -0.06858432 0.00636661 0.04012572 -0.06904339 0.006120979 0.03202867 -0.07303488 0.007333219 0.0213657 -0.07247978 0.01021873 0.01551407 -0.06968611 0.009936153 0.02465385 -0.0745067 0.010176 0.02531856 -0.07519054 0.01012021 0.01882737 -0.07538586 0.0161702 0.02064931 -0.07546955 0.01334434 0.02135294 -0.07617807 0.01341038 0.01952427 -0.07608258 0.01638615 0.03218489 -0.04949837 0.004693031 0.0398938 -0.04158949 0.00586313 0.0255391 -0.05791282 0.004244506 0.01863408 -0.06454771 0.006092309 0.01223611 -0.06796991 0.009563386 0.00830549 -0.06972384 0.01277261 0.0065189 -0.07009321 0.01551586 0.03356063 -0.05187743 0.02260541 0.04006791 -0.05669093 0.02343744 0.0468263 -0.05013239 0.02304035 0.04091507 -0.04407668 0.02251136 0.01207965 -0.0666992 0.01901984 0.01757901 -0.06899201 0.01935368 0.02267158 -0.06511479 0.02089971 0.0176233 -0.06186193 0.01980316 0.01557374 -0.07193911 0.01778131 0.009807765 -0.06981074 0.017618 0.02005952 -0.07368111 0.01779067 0.01958537 -0.07328748 0.01764202 0.02671355 -0.06787127 0.02256917 0.02585273 -0.06707644 0.0219168 0.02083379 -0.0707814 0.02013826 0.02160489 -0.07149839 0.02062237 0.03100359 -0.06129854 0.02263188 0.02532702 -0.0576213 0.0218448 0.03508585 -0.06443881 0.02479416 0.03421312 -0.06363958 0.02396488 0.04924023 -0.05198937 0.02430814 0.04283499 -0.05873173 0.02434366 0.04342383 -0.0592001 0.02500504 0.04984873 -0.0524373 0.02509415 0.006634652 -0.06857889 0.0176745 0.009151756 -0.06469112 0.01834845 0.01550465 -0.06036359 0.01831215 0.02154284 -0.0551694 0.02190107 0.02862042 -0.04782104 0.02306371 0.03640484 -0.03901618 0.02335345 0.0650916 -0.005166411 0.01838678 0.067191 -0.01095664 0.01831364 0.06969553 -0.01145911 0.01581418 0.06741851 -0.005510866 0.01552867 0.05332839 -0.02956134 0.02114993 0.05729532 -0.03510302 0.02105313 0.05983108 -0.0240221 0.02044862 0.05702793 -0.01865285 0.02087455 0.05311042 -0.04391568 0.02202761 0.04754281 -0.0382952 0.02197474 0.05668354 -0.04725205 0.02446448 0.05592638 -0.04667925 0.02358376 0.06298756 -0.02866244 0.02104622 0.06204336 -0.02755635 0.02049249 0.0598765 -0.0383107 0.02191376 0.06079685 -0.03914225 0.02266699 0.06327468 -0.01481294 0.01980561 0.06114596 -0.009222865 0.02025395 0.06605219 -0.0199843 0.02001994 0.06514519 -0.01864665 0.01981276 0.07248032 -0.01674836 0.0160529 0.07170951 -0.01554387 0.01595604 0.06901538 -0.01500546 0.01838737 0.06984567 -0.01644742 0.01849108 0.04344111 -0.0340026 0.02283066 0.05056959 -0.02491581 0.02221196 0.05584472 -0.01453363 0.02101218 0.05960386 -0.005454182 0.02037757 0.06430286 -0.001645386 0.01839447 0.06669002 -0.002024888 0.01515942 0.05150878 -0.03814411 0.006649494 0.05603504 -0.04391741 0.007067143 0.0661062 -0.01380544 0.009118318 0.06846618 -0.01947253 0.009753167 0.06566381 -0.02750468 0.007432281 0.06304901 -0.02179402 0.006901025 0.07007932 -0.0143488 0.01272207 0.06770855 -0.008458793 0.01219618 0.07290041 -0.01937013 0.01283776 0.07214176 -0.01828688 0.01282215 0.06824219 -0.03100937 0.007057487 0.06762063 -0.03043329 0.007238447 0.07046878 -0.02297323 0.009776592 0.07118541 -0.02383273 0.009710788 0.0621528 -0.03661388 0.006377398 0.05867159 -0.03065246 0.005745291 0.06464856 -0.03967702 0.00565344 0.06412494 -0.03923922 0.005971014 0.05830115 -0.04646104 0.006396949 0.05878996 -0.04688096 0.006004035 0.06698101 -0.004976391 0.01156884 0.06530869 -0.01026856 0.008312344 0.06204426 -0.01786381 0.005976319 0.05657804 -0.02635532 0.004758179 0.04871946 -0.03421717 0.005491733 -0.01404047 -0.004718661 0.03330755 -0.01291334 -0.007683396 0.03033089 -0.005283832 -0.002823352 0.02828431 -0.006198525 -0.00134629 0.03115552 -0.05714422 0.01436942 0.03115785 -0.05964463 0.01238918 0.02672988 -0.05625689 0.004288733 0.03004682 -0.0537433 0.007121622 0.03373956 0.01992821 -0.05265319 0.003644287 0.02288758 -0.05567395 0.003655314 0.01625782 -0.06273335 0.005723237 0.01340448 -0.05982214 0.005511522 0.03545969 -0.03684562 0.004177808 0.03797531 -0.03952819 0.00488615 0.02965128 -0.04733318 0.00384593 0.02701687 -0.04461425 0.00366193 0.00467503 -0.06883227 0.01537775 0.002869248 -0.06665778 0.01510232 0.00472182 -0.06620293 0.01231002 0.00649935 -0.06845289 0.01253241 0.01027077 -0.06648933 0.009306609 0.007979631 -0.06425976 0.008955895 -0.05702078 0.03640925 0.02675712 -0.05661755 0.03513377 0.02269029 -0.06025087 0.02933746 0.02367496 -0.05959725 0.03063875 0.02799671 -0.06058478 0.036206 0.02131026 -0.06262642 0.03678071 0.01950466 -0.06626695 0.02954441 0.01955795 -0.06486022 0.02976644 0.0217396 -0.05146503 0.05372232 0.01838678 -0.05897098 0.04565143 0.01854723 -0.05656039 0.04421186 0.02014583 -0.05074137 0.05267292 0.01963651 -0.04981327 0.05196827 0.01263713 -0.05511111 0.04275429 0.01286715 -0.05953723 0.04596 0.01633119 -0.05172032 0.05404525 0.01700335 -0.06359249 0.0371077 0.01675111 -0.06007862 0.03449523 0.0123372 -0.06765574 0.02986025 0.01798343 -0.06496268 0.02763575 0.01247161 -0.05415308 0.04325664 0.02200591 -0.05422085 0.04375046 0.02541661 -0.05961972 9.80163e-4 0.02706623 -0.06373822 0.01023882 0.0238229 -0.06575834 0.008513271 0.02097511 -0.05995094 -1.61715e-4 0.02333456 -0.06779789 0.01961058 0.01914811 -0.06483405 0.02053093 0.02113527 -0.06523722 0.01763051 0.01227408 -0.06928819 0.01909244 0.0167976 -0.0629881 0.006510674 0.01332038 -0.0662719 0.00794512 0.01837313 -0.05993545 -0.001037836 0.02024501 -0.05801594 -0.001778781 0.01602643 -0.06071287 0.02171367 0.02423715 -0.05914056 0.02277398 0.02925825 0.007364034 -0.06195282 0.01640021 0.00837934 -0.0627917 0.01683455 0.0135163 -0.05991703 0.0187447 0.01046693 -0.05777019 0.02062427 0.004945695 -0.0673182 0.01758867 0.003853559 -0.06404769 0.01643341 0.03424304 -0.03734534 0.02362269 0.03281962 -0.0364238 0.02344119 0.02436935 -0.04447555 0.02293515 0.02611881 -0.04586261 0.02330023 0.01912772 -0.05336105 0.02215254 0.01707321 -0.05154782 0.02215486 -0.04152637 -0.002566337 0.03634589 -0.0427289 -0.006396412 0.03375691 -0.03385347 -0.009232878 0.03443622 -0.03350609 -0.004685282 0.035986 -0.03417497 -0.01276618 0.03152781 -0.04401957 -0.01075464 0.03180903 -0.04420846 -0.01282232 0.02931517 -0.03429174 -0.01523417 0.02996766 -0.05283308 -0.007240056 0.02644211 -0.0523495 -0.005377352 0.02946686 -0.05373406 -0.009411931 0.01975804 -0.05289047 -0.008155047 0.02362757 -0.04515469 -0.01273345 0.02333265 -0.04400044 -0.01306122 0.02719992 -0.03420317 -0.01521241 0.02859133 -0.03563308 -0.01405501 0.02559638 -0.05032455 -0.001936793 0.03222155 -0.04844838 0.001424372 0.03557509 -0.004444897 -0.003888666 0.02615314 -0.01194113 -0.01062101 0.02882349 -0.01173001 -0.01195144 0.02734172 -0.003876507 -0.00447458 0.02482056 -0.02320158 -0.01447534 0.02916806 -0.0232442 -0.01273846 0.03052824 -0.02602005 -0.01402145 0.02503705 -0.02333563 -0.01459604 0.02771842 -0.01513284 -0.009967148 0.02343189 -0.01195901 -0.01202362 0.02581399 -0.003935158 -0.004258215 0.02330994 -0.007720232 -6.60138e-4 0.02041685 -0.02364093 -0.008748531 0.03178548 -0.02415049 -0.005671024 0.03521013 0.001357257 0.04626601 0.0259059 0.004522919 0.0476883 0.02105647 -4.53534e-4 0.05467414 0.02260094 -0.003595471 0.05211615 0.02619814 0.04763412 -0.01915436 0.02333354 0.04909098 -0.02187496 0.02302521 0.05474221 -0.01129305 0.02259629 0.05367034 -0.008588314 0.0229305 0.04190349 -0.03135216 0.0234009 0.04063534 -0.02923941 0.02341151 0.06633186 2.97371e-4 0.01493984 0.06510984 0.002831876 0.01480871 0.06302881 0.002711772 0.0182085 0.06395906 5.2385e-4 0.01830792 0.05885595 -0.003545165 0.01979762 0.05876713 -0.001452326 0.01958757 0.003744959 0.01272356 0.02695292 0.005191981 0.01389491 0.02412986 0.008312821 0.02599245 0.02198445 0.005495607 0.02405166 0.02538907 0.01118093 0.02798134 0.02008289 0.006954371 0.01497012 0.02246886 0.008301973 0.01555341 0.02189654 0.01324844 0.02903819 0.01949995 0.002841293 0.00454992 0.02340334 0.001957416 0.004421234 0.02434426 0.001689076 0.006507754 0.02040338 0.002983391 0.004912257 0.02245414 0.007716357 0.01742106 0.01861608 0.008749246 0.01592677 0.02121025 0.01403719 0.02936834 0.0187785 0.01331615 0.03078556 0.01630669 8.55172e-4 0.004235804 0.02637422 -3.93901e-5 0.004187822 0.02931857 0.00297147 0.05753004 0.02172607 0.009264886 0.04981762 0.01963067 0.01179152 0.05099058 0.01887619 0.004890859 0.05884659 0.01988792 0.0154066 0.04124498 0.01745009 0.01261693 0.04024225 0.01826792 0.01561862 0.04263919 0.01526397 0.01636016 0.04142951 0.0171318 0.01262193 0.0518369 0.01631593 0.01273065 0.05124384 0.0183162 0.00576061 0.05918484 0.01901048 0.006176292 0.05860859 0.01705759 0.007619202 0.03884142 0.01996517 0.003713846 0.03725051 0.02483826 0.0631327 -0.004808545 0.007335364 0.0648024 -0.007691144 0.007790148 0.06124132 -0.01508361 0.005347907 0.05936467 -0.01187342 0.004993379 0.06657177 -0.002543985 0.0111854 0.06524276 2.00674e-4 0.01093018 0.04440701 -0.02870106 0.00416857 0.04694068 -0.03173333 0.004606306 0.05519038 -0.02348744 0.004122972 0.05311298 -0.02017813 0.003763675 -0.01696795 0.05864316 0.02603 -0.01593095 0.06155341 0.02306151 -0.02574789 0.06286728 0.02083116 -0.02617311 0.05980134 0.02440071 -0.02540224 0.06617617 0.01801466 -0.01454973 0.0650497 0.02072668 -0.01380121 0.0674932 0.01978975 -0.02519589 0.06837248 0.01621186 -0.003624498 0.06403189 0.02014243 -0.00496006 0.06247091 0.02238249 -0.002335429 0.06370294 0.01648098 -0.002842605 0.0649237 0.01893103 -0.01295071 0.0664578 0.01497596 -0.01324111 0.06853252 0.01796442 -0.02506464 0.06922179 0.01466536 -0.0244742 0.06656587 0.01138299 -0.00714606 0.05943059 0.02410006 -0.009844183 0.05555802 0.02645039 -0.04209506 0.05847018 0.01840615 -0.04252243 0.05980783 0.01689058 -0.03451728 0.06535047 0.01546382 -0.03423351 0.06342595 0.01725167 -0.03304404 0.06405889 0.009940683 -0.03492522 0.06633782 0.01385205 -0.04187059 0.05938982 0.01061117 -0.0426141 0.06013172 0.01550287 -0.03442376 0.06103098 0.02016282 -0.0348351 0.05892533 0.02315914 0.05184406 -0.06019014 0.01646441 0.05207252 -0.06027024 0.0130186 0.05474561 -0.05617058 0.01224923 0.05451929 -0.05620837 0.01572304 0.06032419 -0.04872089 0.01100432 0.06120103 -0.04602414 0.01127547 0.06125205 -0.04479432 0.01224994 0.06030666 -0.04862511 0.01307439 -0.04970359 0.02921015 0.02870649 -0.04649859 0.0244584 0.03082549 -0.03021919 0.02670854 0.02639716 -0.04711985 0.03384357 0.03048676 -0.007000446 0.02271133 0.02653867 -0.0115329 0.03042638 0.02846878 -0.009868681 0.01723265 0.02568626 -0.009100317 0.01047313 0.02618473 -0.01620113 0.01070022 0.02457129 -0.02061355 0.007757127 0.02509617 -0.02739804 0.009599506 0.02686351 -0.03188723 0.007963836 0.03033018 -0.03612291 0.01057344 0.03105819 -0.04104465 0.01080167 0.03202307 -0.04258829 0.01598161 0.03230082 -0.04637324 0.01920181 0.03132015 -0.04796367 0.03956478 0.02874177 -0.04252165 0.04136562 0.02728968 -0.03970873 0.04640716 0.02767878 -0.03318607 0.04518783 0.02869272 -0.02744805 0.04708826 0.02607101 -0.02328789 0.04356271 0.02781218 -0.01785063 0.04311019 0.02365165 -0.01595455 0.0391457 0.02784478 -0.01148039 0.03731542 0.02753293 0.07044744 -0.03233927 0.006187975 0.06931751 -0.0311762 0.006493568 0.07253736 -0.02431464 0.009422659 0.0737552 -0.02565908 0.009311318 0.07433295 -0.02009785 0.01277571 0.07562625 -0.02164876 0.01279735 0.0737468 -0.01775574 0.0162515 0.07504969 -0.01896262 0.01609843 0.07103526 -0.01751363 0.01854532 0.07177436 -0.01792979 0.01832765 0.06736069 -0.02085101 0.0203163 0.06727582 -0.02166551 0.02035498 0.06437587 -0.02935361 0.02173393 0.06514322 -0.03033751 0.02236711 0.06188058 -0.03954529 0.02420181 0.06283402 -0.04046887 0.02532637 0.05745393 -0.04758906 0.02627569 0.05831879 -0.04836887 0.0278452 0.05040365 -0.05297899 0.02691876 0.05127674 -0.0538699 0.02839434 0.04389476 -0.06000983 0.02688854 0.04464721 -0.06075286 0.02808874 0.0352742 -0.06522428 0.02617228 0.03602457 -0.0659281 0.02700835 0.02690452 -0.06888431 0.02367419 0.02774381 -0.06955486 0.02433454 0.02169722 -0.07260155 0.02148234 0.02258783 -0.07325428 0.02198159 0.01990169 -0.07449197 0.01829028 0.02004116 -0.07559579 0.01911598 0.01957261 -0.07728022 0.01669406 0.02079212 -0.07837617 0.01689893 0.02145862 -0.07733219 0.01336795 0.02265751 -0.07853341 0.01323193 0.02538025 -0.07625722 0.009710311 0.02665907 -0.07734328 0.009441137 0.03205758 -0.07389163 0.006620824 0.03318524 -0.07485675 0.006188035 0.0400663 -0.06958889 0.005142748 0.04090219 -0.07033133 0.004598498 0.04742819 -0.0625388 0.005476832 0.04812449 -0.0631811 0.005102038 0.05408579 -0.05523109 0.004767596 0.05322629 -0.05444574 0.005399107 0.0594142 -0.04702126 0.004911303 0.06039434 -0.04787909 0.004097819 0.06545847 -0.03971534 0.004741072 0.06643456 -0.04061889 0.004164516 0.06979429 -0.03274488 0.006688296 0.07284682 -0.02591174 0.009593784 0.07159197 -0.02390432 0.009613096 0.06854343 -0.03095644 0.006871759 0.07464343 -0.02180349 0.01287561 0.07333743 -0.0195384 0.01281672 0.0742858 -0.01898986 0.01605761 0.07289373 -0.01698601 0.01613551 0.07113939 -0.01854544 0.01850563 0.07027012 -0.0167858 0.01854491 0.06697118 -0.02227389 0.02029103 0.06657516 -0.02027559 0.02020096 0.0647915 -0.03084361 0.02197647 0.06354272 -0.02887707 0.02130454 0.06267797 -0.04090404 0.02451372 0.06121885 -0.0392419 0.02318131 0.05840975 -0.04867601 0.02681052 0.056975 -0.047338 0.02506017 0.05155909 -0.05387544 0.02727198 0.05006241 -0.05259633 0.02569836 0.04359686 -0.0594663 0.02566546 0.04493486 -0.0603463 0.02671527 0.03700417 -0.06594824 0.02643674 0.03515905 -0.06474334 0.02533125 0.02872747 -0.0693494 0.02388477 0.02674943 -0.06824612 0.02299475 0.02337366 -0.07259911 0.02148437 0.02157264 -0.07187288 0.02093952 0.02105814 -0.0755943 0.0192275 0.02001631 -0.07387113 0.01787924 0.02155804 -0.07769906 0.01678758 0.01945638 -0.076478 0.01650953 0.02132034 -0.07651704 0.01344001 0.02338707 -0.07787293 0.01341396 0.02741724 -0.07681494 0.009894251 0.02523851 -0.07552146 0.009999334 0.03193998 -0.07328701 0.007105171 0.03389054 -0.07450473 0.006870925 0.04002207 -0.06918913 0.00579667 0.04155004 -0.07022136 0.005506038 0.04861104 -0.06327843 0.00598526 0.04735779 -0.06229573 0.006074666 0.05294269 -0.05420541 0.006102144 0.05427438 -0.05542755 0.005598723 0.05892103 -0.04683542 0.005671143 0.06024116 -0.04821848 0.00497353 0.0660355 -0.04106849 0.004926919 0.06485801 -0.03959053 0.005361199 0.02336251 -0.0756368 0.01374691 0.02160173 -0.07543975 0.01640427 0.069108 -0.01854479 0.01797765 0.07115083 -0.0181362 0.01582938 0.07147669 -0.02046316 0.01306486 0.06999695 -0.02498292 0.0101214 0.06754672 -0.03233462 0.007725656 0.06419444 -0.04077315 0.00664258 0.05883491 -0.04771482 0.00701946 0.05358982 -0.05482089 0.007392585 0.04853993 -0.06260418 0.007550835 0.04161745 -0.06896567 0.007381439 0.03388214 -0.07283914 0.008315086 0.02739685 -0.07479727 0.01081746 0.02177166 -0.07395142 0.0186066 0.02419823 -0.07137548 0.02048587 0.02961885 -0.06835293 0.0226562 0.0379951 -0.06532496 0.0248205 0.04468601 -0.05896294 0.0233978 0.05134999 -0.05322498 0.02437853 0.05770188 -0.04835039 0.02394372 0.06143993 -0.04078954 0.02232366 0.06344658 -0.03097021 0.02061909 0.06578183 -0.02251267 0.01942247 0.0245735 -0.07474535 0.01417386 0.02277034 -0.07447719 0.01624912 0.06782037 -0.01911085 0.01757842 0.06981086 -0.01859593 0.01572412 0.07029557 -0.02100598 0.01338821 0.06867349 -0.02559006 0.01057565 0.06658244 -0.03307962 0.008317291 0.06307977 -0.0412079 0.007752239 0.05845069 -0.04797202 0.008000016 0.05370163 -0.05493277 0.008321046 0.04897874 -0.06247884 0.008495271 0.04227149 -0.068273 0.008509337 0.03478211 -0.07201445 0.009149968 0.02849751 -0.07396078 0.01133596 0.02299267 -0.07304531 0.01821136 0.02552688 -0.07067745 0.01998418 0.03102487 -0.06800478 0.02210527 0.03933739 -0.06524455 0.02404749 0.04522252 -0.05862146 0.02194273 0.05188333 -0.05347168 0.02333509 0.05771684 -0.04866772 0.02287691 0.06113237 -0.04139155 0.02139145 0.06291711 -0.0318771 0.01983565 0.06491959 -0.02347648 0.01878994 0.02635687 -0.07487261 0.0146147 0.02444541 -0.07478141 0.0162599 0.06747919 -0.0205295 0.01729059 0.06965225 -0.01954895 0.01514428 0.07029074 -0.02264064 0.01371604 0.06875097 -0.02697139 0.01061064 0.06686568 -0.03442001 0.008463025 0.0630719 -0.04217356 0.008177995 0.05907511 -0.0489133 0.008099734 0.05452078 -0.05569922 0.008462071 0.04984623 -0.06297463 0.008840382 0.0433284 -0.06843292 0.00892347 0.03610891 -0.07193219 0.009448707 0.03008174 -0.07410842 0.01147931 0.02453714 -0.07309949 0.01816236 0.02698671 -0.07060772 0.01995468 0.03265213 -0.06847441 0.02226984 0.0407052 -0.06569486 0.02417623 0.0459367 -0.05886703 0.02182781 0.05271452 -0.05418139 0.02354663 0.05842065 -0.04954975 0.02314311 0.06156235 -0.04251921 0.0214855 0.06323897 -0.03327685 0.01969498 0.06497389 -0.02502781 0.01851725 0.0274741 -0.07438045 0.01462841 0.02575981 -0.07462632 0.01605856 0.06686198 -0.02192449 0.01697278 0.06920152 -0.02140557 0.01508444 0.06975233 -0.02392172 0.01381433 0.06823283 -0.02800822 0.0106706 0.06652331 -0.03531974 0.008604526 0.06272315 -0.04272305 0.008678734 0.05923622 -0.04940676 0.008301138 0.05487674 -0.05602329 0.008685946 0.05033338 -0.06306558 0.009131669 0.0440303 -0.06823801 0.00941956 0.03694665 -0.07119828 0.00980091 0.03102004 -0.07333463 0.01146471 0.0256505 -0.07273805 0.01804739 0.02811664 -0.07032996 0.01989585 0.03375983 -0.06862545 0.02222251 0.04166036 -0.06588178 0.02415454 0.04645305 -0.05895566 0.02168619 0.05321794 -0.05457431 0.02352523 0.05870884 -0.05000478 0.02311676 0.06188696 -0.04320079 0.02154403 0.06330102 -0.03440672 0.01954388 0.06477946 -0.02642619 0.01824885 0.03131711 -0.07188969 0.0137127 0.02923548 -0.07239925 0.0154891 0.06537717 -0.02528864 0.01638454 0.06663268 -0.02505069 0.01460254 0.06711095 -0.02783548 0.01346653 0.06621247 -0.03186774 0.01155608 0.06421977 -0.03789788 0.01003462 0.06187939 -0.04396736 0.009122014 0.05879002 -0.05000829 0.008729517 0.0549311 -0.05604451 0.009054601 0.05098015 -0.06247645 0.009511947 0.04573196 -0.0672903 0.01023709 0.03963154 -0.06917524 0.01192253 0.0344693 -0.07048934 0.01177406 0.0284726 -0.07097887 0.01768893 0.03056478 -0.06990057 0.01992779 0.03529971 -0.06841868 0.02184569 0.04283535 -0.0656054 0.02378386 0.04695785 -0.05862206 0.02131384 0.0534296 -0.05467474 0.02317452 0.05850201 -0.05033707 0.02273273 0.0617274 -0.04403132 0.02129268 0.06289499 -0.03609955 0.0191698 0.06400585 -0.02901285 0.01774567 0.03999537 -0.06736552 0.01481622 0.03741765 -0.06784957 0.01678586 0.06334435 -0.03212815 0.01530641 0.06274032 -0.03353554 0.01357352 0.06251454 -0.03670227 0.01173943 0.06246745 -0.04027765 0.01096302 0.06178808 -0.04340755 0.01054275 0.06091296 -0.04735594 0.009821951 0.05815166 -0.051624 0.00955367 0.05512082 -0.05622768 0.00992155 0.05230563 -0.06120604 0.0104956 0.04883426 -0.06469815 0.0113095 0.04565036 -0.06668418 0.01260048 0.0428977 -0.06750589 0.01323515 0.03544449 -0.06892466 0.01866698 0.03526723 -0.06907087 0.02040749 0.03863739 -0.0675019 0.02181732 0.04478389 -0.06496149 0.02286958 0.04805505 -0.05809921 0.02095174 0.05382859 -0.05495959 0.0226711 0.05811995 -0.05121773 0.02223867 0.06152313 -0.04589658 0.02105772 0.06252533 -0.0391066 0.0188238 0.06320965 -0.03383159 0.01715779 0.04529768 -0.06685817 0.01585227 0.04372614 -0.06822198 0.01726746 0.06215393 -0.03795421 0.01542186 0.06163454 -0.04149693 0.01470834 0.06127715 -0.04323369 0.01339977 0.05751866 -0.05211079 0.01137685 0.04925584 -0.06286376 0.01320689 0.04748129 -0.06461203 0.01354062 0.04649871 -0.06524688 0.01481622 0.03981459 -0.06848305 0.01877593 0.03861564 -0.06831383 0.01985448 0.04139751 -0.06689983 0.02179551 0.04622805 -0.06427162 0.02179461 0.04909962 -0.0579763 0.02074289 0.05424618 -0.05521196 0.02217543 0.05791443 -0.05172592 0.02171558 0.0611189 -0.04707103 0.0206803 0.06238478 -0.04166018 0.01875776 0.0626688 -0.03818678 0.01694232 0.05708396 -0.05192136 0.01448851 0.04885745 -0.06263279 0.01576662 0.04912596 -0.06372165 0.01709586 0.05272364 -0.0609309 0.01791769 0.05553942 -0.05686998 0.01719677 0.05780136 -0.05235862 0.01621645 0.06098788 -0.04858142 0.01480472 0.04971349 -0.06489586 0.01797753 0.05374896 -0.06167358 0.0187537 0.05663961 -0.05753135 0.01802951 0.05878937 -0.05297517 0.01729035 0.06179696 -0.04877519 0.01620769 0.05096822 -0.06517237 0.01882171 0.04678755 -0.06748408 0.01816171 0.04353487 -0.06821393 0.01885247 0.0546472 -0.06206029 0.01937472 0.05759739 -0.05801004 0.01864939 0.05966997 -0.05348676 0.01812481 0.06198269 -0.04933506 0.01734888 0.06303673 -0.04467457 0.01636862 0.06259113 -0.04170119 0.01628237 0.04195058 -0.06775742 0.02003121 0.06265759 -0.04146534 0.01730942 0.04370355 -0.06670469 0.02146834 0.04748988 -0.06362688 0.02098309 0.0501616 -0.05807095 0.02062857 0.05473929 -0.05551433 0.02170801 0.0578742 -0.05216568 0.02122575 0.06075316 -0.04811543 0.02033466 0.06234323 -0.04395747 0.01888883 0.05150741 -0.0649653 0.0191074 0.05492621 -0.06201237 0.01957839 0.05788463 -0.05807447 0.01888322 0.05989521 -0.05362391 0.01842439 0.06186145 -0.04957967 0.0176993 -0.05698394 0.02324825 0.03028529 -0.05799406 0.03091055 0.0290715 5.27581e-4 0.03560167 0.02643525 0.002942979 0.02295053 0.02674502 0.002179801 0.01237356 0.02770978 -0.00123614 0.004664599 0.02967417 -0.007174372 -5.88347e-5 0.03140968 -0.01518553 -0.002330601 0.03331899 -0.02468198 -0.002511024 0.0344218 -0.03319895 -0.001898229 0.0357725 -0.04061162 -9.30969e-5 0.03605794 -0.04697817 0.003536164 0.03546571 -0.05185192 0.008819401 0.03409409 -0.05487763 0.01557189 0.03213018 -0.055902 0.03649133 0.02755522 -0.05333667 0.04337942 0.02649521 -0.04936665 0.05030053 0.02532756 -0.04245173 0.05450862 0.0242871 -0.03479599 0.05683809 0.02355629 -0.02644461 0.05716466 0.0253461 -0.01715999 0.05740636 0.02633434 -0.01006257 0.05507904 0.02651971 -0.005705475 0.0501011 0.02659708 -0.002127826 0.04423403 0.02615696 -0.05383342 0.02346247 0.02915799 -0.05513817 0.03049135 0.02819365 -0.002182424 0.03332984 0.02886646 -6.08077e-4 0.02205902 0.02770888 -5.35509e-4 0.01306241 0.02778691 -0.003422796 0.00612539 0.02829986 -0.009033262 0.002479195 0.02963888 -0.01693028 0.001102447 0.03014141 -0.02543842 9.37557e-4 0.03054022 -0.03283834 0.00147438 0.03235787 -0.03910696 0.003332853 0.03341424 -0.04476034 0.006121337 0.03235018 -0.0485931 0.01063084 0.03062754 -0.0516898 0.0163961 0.02905523 -0.05394035 0.03613626 0.02728074 -0.05162191 0.04210597 0.0258097 -0.04792636 0.04811477 0.02456849 -0.04192423 0.05185848 0.02386921 -0.03454983 0.05349838 0.02333354 -0.02671933 0.05354487 0.02422493 -0.0196833 0.05206161 0.02576363 -0.01397126 0.05044108 0.02681469 -0.009202122 0.04676431 0.02637887 -0.005285501 0.0418303 0.02677923 0.007650315 -0.01957207 0.01470255 -4.80223e-4 -0.01294618 0.01968103 -0.01186752 -0.02282172 0.01763314 -0.003940999 -0.0297476 0.01688867 -0.01390397 -0.0387566 0.01986545 -0.01968646 -0.03577351 0.0192098 -0.01938211 -0.04543298 0.02141433 -0.02515786 -0.04228341 0.02057981 -0.02654337 -0.0448181 0.02061051 -0.02138894 -0.04922747 0.02087724 -0.02234828 -0.05019205 0.01942974 -0.02750748 -0.04640078 0.01918905 -0.02218264 -0.05025565 0.01593929 -0.02736043 -0.04630619 0.01640886 -0.0197004 -0.04881095 0.01164263 -0.02608585 -0.04522705 0.01182895 -0.01489168 -0.04579335 0.007637739 -0.02163183 -0.04060167 0.007417798 -0.008165121 -0.03962486 0.004977464 -0.01537734 -0.03306913 0.004569649 -0.007202208 -0.02428406 0.002143263 2.26248e-4 -0.0318557 0.002234935 0.009376764 -0.02350103 0.001483798 0.002241969 -0.0157392 0.00149703 0.01108467 -0.00708431 0.002343535 0.01808941 -0.01497286 0.002575218 0.02115046 0.002826035 0.001202642 0.02781826 -0.004579842 0.002437472 0.03683817 0.004644155 0.002789795 0.03168642 0.01166069 0.003175854 0.04491108 0.01357126 0.003040432 0.04094576 0.01947551 0.003120422 0.04696965 0.02477002 0.005228698 0.05055898 0.01925468 0.004924774 0.05313682 0.02256923 0.008656263 0.0495842 0.02766925 0.008682191 0.05328708 0.023732 0.01294326 0.04969835 0.0283848 0.01309889 0.05136835 0.02279311 0.01424449 0.04823392 0.02767723 0.01606553 0.0472238 0.01974493 0.01540327 0.04385137 0.0244444 0.01955354 0.03771185 0.0131362 0.02091389 0.03307366 0.01702344 0.02003037 0.02135318 0.00607717 0.02397435 0.02637606 0.002057969 0.01960319 0.01704663 -0.009192764 0.01689022 0.008693218 -0.003297567 0.02257341 -0.01600939 0.02357995 0.01609456 -0.0228163 0.01071357 0.0141648 -0.02092015 0.008574247 0.01383346 -0.01176762 0.0192576 0.01332247 -0.03137719 2.21227e-4 0.01317089 -0.03061783 -0.002068698 0.01324957 -0.03897249 -0.006615877 0.01565992 -0.03907859 -0.01169598 0.01360625 -0.04362386 -0.01140677 0.01655352 -0.04414093 -0.01805669 0.01567763 -0.04927664 -0.01355385 0.01577609 -0.04773813 -0.02067494 0.01665925 -0.05277156 -0.01313233 0.01413691 -0.04906344 -0.02105247 0.01562613 -0.05377858 -0.01153957 0.011388 -0.04926186 -0.0206241 0.01386195 -0.05340099 -0.008947908 0.008939683 -0.04869508 -0.01928883 0.01075005 -0.05132049 -0.004484951 0.005953431 -0.04541093 -0.01521807 0.008001089 -0.04679799 0.002408802 0.004907965 -0.03900825 -0.008511006 0.007377505 -0.03978759 0.0104795 0.004139125 -0.03125458 -3.9414e-4 0.004569113 -0.03060567 0.01851099 0.002360105 -0.02264928 0.009041249 8.56158e-4 -0.0218985 0.02731513 -3.05896e-4 -0.01274532 0.01823067 -5.64132e-4 -0.01189279 0.03527683 -5.33863e-4 -0.002022922 0.02692067 0.001187741 -0.00155586 0.04201883 0.003096759 0.007073104 0.0357756 0.003235995 0.006446778 0.04850345 0.004881143 0.01449662 0.04306715 0.006362438 0.01175999 0.05319559 0.008370041 0.01991403 0.04855877 0.009684264 0.01425695 0.05540752 0.01167654 0.02210736 0.05102384 0.01372736 0.01406097 0.05582833 0.01304435 0.02202492 0.05138677 0.01511102 0.0131058 0.05457144 0.01326429 0.02101004 0.05049735 0.01512879 0.009177505 0.04877805 0.01257467 0.01840621 0.04704993 0.01364558 0.003237307 0.0431571 0.01276838 0.01073819 0.03984576 0.01232296 -0.007855832 0.03549325 0.01534426 -0.001573979 0.03034532 0.01265245 -0.005103111 0.01217162 0.01419872 -0.01484036 0.001660645 0.01259642 -0.008244276 -0.005008041 0.01422417 0.00162822 0.004792809 0.01485371 -0.02636349 -0.008695185 0.01248705 -0.01944637 -0.01545852 0.01525968 -0.03513991 -0.02205437 0.01292717 -0.02614623 -0.03007256 0.01638096 -0.04024773 -0.02921551 0.0170176 -0.02977502 -0.03840112 0.01886534 -0.04226702 -0.03161668 0.01849699 -0.03183585 -0.04135233 0.01944512 -0.04281806 -0.03240668 0.0176807 -0.03219318 -0.04207211 0.01837122 -0.04238951 -0.03221708 0.01594579 -0.0320338 -0.04201745 0.016155 -0.04101675 -0.03119772 0.01266056 -0.0310384 -0.04116803 0.01229411 -0.03751558 -0.0273723 0.00806421 -0.02794384 -0.03576922 0.007713854 -0.0314455 -0.01917767 0.004976451 -0.0228188 -0.02632725 0.004927217 -0.02354198 -0.009051084 0.002450525 -0.01526039 -0.01628875 0.002391099 -0.01361745 1.18752e-4 7.50848e-4 -0.005511462 -0.007840335 7.52892e-4 -0.003675222 0.009150683 6.69202e-4 0.004438281 7.48259e-4 0.001739501 0.007041275 0.01808333 0.001062393 0.01415663 0.009273767 0.002166509 0.01726239 0.02665126 0.001768827 0.02603244 0.01795029 0.003035664 0.02674937 0.03377258 0.002670705 0.03649359 0.02458649 0.003177046 0.03189831 0.03877156 0.006687521 0.0425353 0.02969169 0.005911052 0.0337761 0.0419262 0.0122165 0.04400008 0.03218829 0.009946346 0.03364491 0.04303807 0.01612043 0.04327285 0.03256881 0.01395267 0.03227013 0.04288578 0.01910793 0.04243874 0.03193759 0.0160948 0.02759659 0.03981864 0.02219969 0.03913927 0.02898198 0.02069276 0.0190708 0.03137314 0.01736688 0.02616029 0.02124631 0.02657592 0.00714749 0.02143979 0.01184105 0.01252508 0.01363641 0.02092677 -0.008132696 0.01463913 0.0175212 -0.01505839 0.005527019 0.01809751 -0.02434086 -0.003853797 0.01784783 -0.03794825 -0.007880568 0.01461428 -0.04155486 -0.01397931 0.0171889 -0.04808616 -0.01138746 0.01831942 -0.05290091 -0.00842005 0.01502567 -0.05683791 -0.005555808 0.01251101 -0.05840754 -7.88253e-5 0.009183943 -0.0585758 0.008087635 0.00680989 -0.05743354 0.0179432 0.005020439 -0.05426788 0.02756375 0.00458765 -0.04924958 0.03627645 0.003491163 -0.04338616 0.04590564 0.002700805 -0.03548413 0.05424952 0.001731336 -0.02642643 0.06027561 0.002212941 -0.01625388 0.06345492 0.005307137 -0.006584703 0.06408226 0.009393036 0.002075374 0.0616526 0.01215595 0.00685507 0.05808299 0.01348078 0.007386803 0.05354541 0.01363235 0.01081842 0.04718959 0.01322084 0.009627521 0.03706347 0.01114636 0.003564476 0.04162532 0.01122879 4.73507e-4 0.02607637 0.01082068 -0.002374231 0.01006656 0.01505589 -0.03392916 -0.01111543 0.0181173 0.06377416 0.003599822 0.01045882 0.0636093 0.0059641 0.01422119 0.06102651 -0.001288175 0.006476819 0.05739742 -0.007723093 0.004743516 0.0509755 -0.01604574 0.003578484 0.04186332 -0.02512425 0.004493057 0.03206694 -0.03271329 0.004335701 0.0231257 -0.0399754 0.003874897 0.015661 -0.04789608 0.004700541 0.009792804 -0.0550462 0.007472872 0.00514698 -0.06050467 0.01028424 0.001841723 -0.06265169 0.01314741 0.001032173 -0.06351917 0.01470112 0.001947999 -0.063497 0.01629513 0.003242313 -0.06059992 0.01854246 0.00680232 -0.05585712 0.02083051 0.01262128 -0.04929333 0.02135223 0.02025914 -0.0418868 0.02054423 0.02758955 -0.03396552 0.02227562 0.0373584 -0.02611118 0.02165526 0.04523789 -0.01560276 0.02222132 0.05189543 -0.005150258 0.02193516 0.05807644 0.002095043 0.01968795 0.06185698 0.005549848 0.01755654 0.03057563 -0.05707007 0.01921677 0.03787219 -0.06359297 0.02169692 0.02455866 -0.07029998 0.01830685 0.01620548 -0.06317126 0.01731431 0.04519969 -0.04743337 0.01981812 0.0488916 -0.0505656 0.02197349 -0.04182654 -0.004469394 0.01980859 -0.02640926 -0.006999015 0.02060556 -0.03061187 -0.002573072 0.01830512 -0.04233419 -0.006099224 0.01572042 2.50785e-4 0.05460381 0.01540887 -0.01491427 0.06119298 0.01273757 -0.01029121 0.05931013 0.008869111 0.00166583 0.05496668 0.01240336 0.02405548 -0.05258262 0.008486151 0.01123082 -0.06121325 0.01261502 0.0180338 -0.06586962 0.01099175 0.03393703 -0.06146895 0.007706344 0.03953027 -0.06571406 0.007153213 0.04954946 -0.05075085 0.007950186 0.046359 -0.04781377 0.009115576 0.05265915 -0.0318523 0.01887989 0.05765068 -0.03761005 0.01985341 0.06113457 -0.008045792 0.01506561 0.0593217 -0.002147197 0.01469105 0.05795824 -0.008963286 0.010095 0.06069779 -0.01576167 0.010773 0.063865 -0.02227556 0.01874303 0.05730253 -0.01496219 0.01787179 0.0681138 -0.01651847 0.0153048 0.06608694 -0.02284312 0.01002383 -0.04734367 0.04870277 0.01202654 -0.05535417 0.03335624 0.01230955 -0.05059647 0.02764242 0.006496191 -0.04095321 0.04312658 0.004876732 -0.03289604 0.05929654 0.009619057 -0.02648079 0.0552237 0.004257082 0.02588731 -0.07186502 0.01049393 0.01195871 -0.06644833 0.01464694 0.02075678 -0.07348936 0.01487654 0.001207113 0.01856821 0.01785165 0.005727887 0.04000574 0.01476413 0.003063142 0.04355561 0.0134055 -0.003652453 0.02498012 0.01586514 -0.05269402 0.003681719 0.01544338 -0.04998177 -0.001029491 0.01211434 0.007044613 -0.06260228 0.01469743 0.01022684 -0.05937343 0.01709961 -0.01018065 0.002193152 0.02014285 -0.01544141 0.008376598 0.01963186 -0.0591827 0.01833206 0.0117678 -0.05346906 0.01124882 0.008399307 0.05648678 -0.03253477 0.008612573 0.05953961 -0.03715747 0.00743401 0.03564894 -0.03813618 0.02087193 0.04632943 -0.02351289 0.01887083 0.05444657 -0.007825314 0.01803505 0.02172303 -0.05051177 0.01847511 -5.88138e-4 0.01524746 0.01503461 0.002046167 0.03885805 0.01373922 -0.05624753 0.01905977 0.01707553 -0.05361497 0.03608351 0.01700955 -0.01506912 0.05642169 0.01559627 -0.001181721 0.05260366 0.01649463 -0.01570773 0.03878247 0.02150154 -0.03511577 0.05581605 0.01396679 -0.04786002 0.04914504 0.01549011 0.05102139 -0.02408075 0.007975578 0.03748774 -0.03895062 0.008532226 -0.04112976 -1.60789e-4 0.02277839 -0.02229315 -0.003819048 0.02308261 -0.05236411 0.005809664 0.01881855 -0.00877124 0.001276373 0.02113419 -0.0181784 0.01314002 0.01946604 -0.04017686 0.03943002 0.02182233 -0.04143702 0.01568311 0.02515858 -0.01948618 0.01032894 0.01114434 -0.03353124 -0.004588365 0.01068937 -0.04148322 -0.01268625 0.01165431 -0.04594641 -0.01192051 0.0105338 -0.04411697 -0.00418204 0.007821977 -0.03385567 0.008806705 0.005309939 -0.01887422 0.0235483 0.002685844 -0.003090977 0.03735035 0.004030764 0.008755683 0.04706394 0.007868707 0.01333606 0.04989057 0.01131796 0.009411513 0.04306572 0.01110678 -0.003865063 0.02884328 0.01141273 -0.01161801 0.003463923 0.01233637 -0.0281012 -0.01255863 0.01153093 -0.03802025 -0.02641576 0.0117973 -0.03950786 -0.02851289 0.01138174 -0.03310239 -0.02116876 0.007947206 -0.02009332 -0.006420552 0.005090415 -0.003578722 0.007789969 0.00455892 0.01259887 0.02269178 0.005348265 0.02563488 0.03440004 0.007844567 0.02813804 0.03927516 0.01551741 0.02138167 0.0342037 0.01254343 0.006192088 0.02122241 0.01070952 -0.01253628 -0.02573215 0.01257419 -0.02251744 -0.03922086 0.01389527 -0.02370065 -0.04129999 0.01145017 -0.01700687 -0.03338909 0.008127391 -0.004773974 -0.02053922 0.00598371 0.01064091 -0.0074656 0.007963955 0.02678048 0.007002711 0.01185774 0.04032427 0.01968014 0.009520947 0.04337435 0.02420109 0.01458632 0.03449565 0.01915973 0.01972317 0.01898568 0.004305422 0.01833081 0.00321424 -0.01130908 0.01362574 0.005675017 -0.03943186 0.01518392 -0.003921091 -0.04968947 0.01634824 -0.005830943 -0.05219149 0.01367759 -7.57191e-4 -0.04700428 0.01025444 0.01046597 -0.03636652 0.007074356 0.0246151 -0.02345299 0.007778525 0.03984618 -0.008290231 0.00964725 0.05077302 0.005001425 0.01163446 0.05272603 0.009587287 0.01353979 0.04727739 0.003999769 0.01764959 0.03433322 -0.01029658 0.01748454 0.01964467 -0.02595287 0.01380151 -0.006509125 -0.05151307 0.02119654 -8.10519e-4 -0.0438736 0.02079057 0.006938099 -0.03499418 0.02017974 0.01655989 -0.02655059 0.02098208 0.02629709 -0.01766115 0.0224868 0.03643131 -0.006376981 0.02217561 0.04560351 0.004179358 0.02064716 0.05334383 0.01049792 0.01614469 0.0569027 0.0142374 0.01462221 0.05812752 0.01495474 0.01223492 0.05793666 0.01261281 0.00960648 0.0572049 0.009343028 0.005856931 0.05142956 0.002889752 0.004134297 0.04415935 -0.005575537 0.002682387 0.0346896 -0.01500833 0.004267632 0.02517479 -0.02373778 0.00373435 0.01645392 -0.03179824 0.002704977 0.007902264 -0.03981143 0.003662049 3.70312e-4 -0.04732972 0.006218373 -0.005364537 -0.05309897 0.009209275 -0.009009122 -0.05627954 0.01233023 -0.0108698 -0.05783128 0.01522606 -0.01096105 -0.05723798 0.0200296 -0.009758532 -0.05596774 0.01997196</float_array>
          <technique_common>
            <accessor source="#Can_Beverage_Damaged_03_002-mesh-positions-array" count="1240" stride="3">
              <param name="X" type="float"/>
              <param name="Y" type="float"/>
              <param name="Z" type="float"/>
            </accessor>
          </technique_common>
        </source>
        <source id="Can_Beverage_Damaged_03_002-mesh-normals">
          <float_array id="Can_Beverage_Damaged_03_002-mesh-normals-array" count="3720">-0.0191037 0.03060948 -0.9993488 0.6868215 -0.311502 0.6566908 0.5444818 -0.5026058 0.6715111 0.6988641 0.3100523 0.6445593 -0.351828 -0.3728726 -0.8585938 -0.3462727 -0.1551647 -0.9252131 0.5971732 -0.80115 0.03928136 -0.8912085 0.3972544 0.2189437 -0.8917989 0.4069135 0.1977781 0.3144682 -0.2861433 0.9051142 0.3500416 -0.05266386 0.9352526 0.4687431 -0.2571426 0.8450785 0.902537 0.2789712 0.3280277 -0.6724474 0.586644 0.4512907 0.7420392 -0.5873242 0.3231534 0.4307621 -0.5311302 0.7296196 -0.04358053 -0.0298587 -0.9986037 0.4524259 -0.1368322 0.8812423 0.6014561 -0.1963602 0.7743988 0.659124 -0.5432713 0.5200116 0.7000335 -0.4403532 0.5621763 0.6473118 -0.3233414 0.6902449 -0.4013853 -0.557244 -0.72689 -0.6703277 -0.3582803 -0.6498432 0.8299448 0.1067715 -0.5475322 -0.5422337 0.8113498 0.2183902 0.9118695 -0.4022381 0.08184623 0.04944902 0.883341 0.4661154 0.9147987 -0.3978992 -0.06942409 -0.5455105 0.8374243 0.03374767 0.2494313 0.3130424 0.9163998 0.06762301 -0.02466243 0.9974061 -0.7521241 0.6521539 0.09489327 -0.7680647 0.6222947 0.1510828 -0.7420482 0.6549786 0.1427149 -0.4929267 -0.8437424 -0.2124197 -0.6443899 -0.7495812 -0.1512936 -0.912284 0.3661794 -0.1834407 -0.796261 0.6000694 -0.07671439 -0.7552144 0.6524699 0.06272238 -0.7818778 0.6193341 0.07136046 -0.5633063 0.3546022 -0.7462864 0.4258972 -0.3227837 0.8452351 -0.1740897 -0.9681674 -0.1798461 0.2838206 -0.4196 -0.862196 0.06470853 -0.4850009 0.8721165 -0.2207075 -0.08810311 -0.9713526 -0.04921001 0.220371 -0.9741741 -0.3895934 -0.07101809 -0.9182448 -0.5167403 0.06419223 -0.8537324 0.3295667 0.4758607 0.81544 0.7819486 0.08025884 0.6181545 0.6771886 0.2941869 0.6744403 0.7081677 -0.5979896 -0.3753759 0.4141911 0.3997963 0.817685 -0.8643444 -0.2421694 0.4407526 0.264449 -0.3502062 -0.8985669 -0.6346935 0.2575793 -0.728572 0.7727439 0.593651 -0.2246006 0.06176674 0.8156982 0.5751708 -0.7980329 -0.5131676 0.3159155 0.2658442 -0.4587729 -0.8478529 0.4862763 -0.003122389 -0.8737996 -0.9027263 -0.3334837 0.2717975 0.5901067 -0.803711 -0.07630604 -0.6470257 -0.1938157 0.7374234 0.3467233 0.57981 0.7372947 0.8547033 0.1772205 -0.4879294 0.4102838 0.1088019 0.9054443 0.3896828 0.03916305 0.9201161 0.4897754 -0.2406922 0.8379663 0.788366 -0.2716113 0.5520023 -0.652084 0.5588337 -0.5123391 0.09572148 0.3622986 -0.9271339 -0.1245946 0.3628813 -0.9234682 -0.54516 0.3933906 -0.7403002 -0.1228774 0.00612533 0.992403 0.3053582 -0.7338771 0.6067791 0.08040612 0.4322153 0.8981787 0.007898032 -0.8122707 0.5832273 0.7906514 -0.5926466 -0.1537545 0.7685601 -0.6392573 0.02580046 0.8739421 -0.4439381 -0.1978492 -0.8918246 -0.07947868 -0.4453448 0.05039489 0.3612788 -0.9310951 -0.6026743 0.7968612 -0.04237794 -0.6205798 0.7793031 0.08699011 -0.4884521 0.6197214 0.6142963 -0.9311007 0.1978954 -0.3064133 -0.8514527 0.4969829 0.1674408 0.7972745 -0.603458 0.01385092 0.8611343 -0.4981614 -0.101405 -0.1752538 0.05517524 -0.982976 -0.7387906 0.481036 -0.4720094 -0.7691653 0.4118232 -0.4886577 -0.7595047 0.6084104 -0.2301942 0.5737327 -0.815616 -0.07484233 0.5843537 -0.5312827 0.6134082 -0.7362381 0.6590042 0.1538411 -0.7826442 0.6152424 0.09457767 -0.7455599 0.6599517 0.09275943 0.9930949 0.007844388 -0.1170524 -0.2691412 0.2563319 -0.9283626 -0.3105522 0.6553429 -0.6885368 0.5516143 -0.7504337 0.364103 0.7715796 -0.07760632 -0.6313813 -0.3792148 0.6249389 -0.6823837 -0.7750875 0.6207243 0.1180715 0.2646608 -0.9621516 -0.06495416 0.3886222 -0.2511771 0.8865004 0.1153606 -0.2843976 0.9517405 -0.7543857 0.398401 -0.5217079 0.5106256 -0.7011391 -0.4976601 -0.954393 0.2681601 -0.1312406 0.4122418 -0.8719545 -0.2641063 -0.9466495 0.3208057 0.03063434 0.329692 -0.8413938 -0.4282053 0.4652138 -0.8809981 -0.08613103 -0.9307726 0.255584 0.2614181 0.5024358 -0.8571763 0.113169 -0.8305961 0.2746631 0.4844279 -0.4724215 0.6395799 0.6064285 0.3644057 0.1790232 0.9138705 0.5695211 0.00236994 0.8219734 0.7618389 -0.6243717 -0.1725159 0.7508091 -0.6487036 -0.1243758 0.7382026 -0.6544025 -0.1637511 0.7851839 -0.6065548 -0.1248102 0.7540749 -0.6523749 -0.07601392 0.7556448 -0.64834 -0.0930382 -0.2559612 0.9118716 -0.3208959 0.933956 -0.2473725 -0.2579401 -0.4305179 0.8994559 -0.07505637 0.03565019 0.3009474 0.9529742 -0.3783095 -0.8145766 -0.4397124 -0.1582801 -0.7561945 -0.6349152 -0.93939 0.1076072 -0.325526 -0.3104951 -0.2184028 -0.9251449 -0.01351231 0.272174 -0.9621532 0.4873341 -0.8629368 0.1335871 -0.7727164 0.6281559 -0.09126722 -0.9234434 -0.367351 -0.1109303 0.5800776 -0.649886 -0.4910787 -0.9660847 0.2200217 0.1351695 0.1346009 -0.952735 0.272358 0.4045341 -0.9144655 -0.01025056 -0.846681 0.532096 0.002298057 0.7705231 -0.62755 -0.1116928 0.7555309 -0.6509924 -0.07336181 0.7465517 -0.6623437 -0.06294065 0.4131096 -0.2486718 -0.8760725 -0.4939191 0.8688911 -0.03274172 0.9007837 -0.3518757 -0.254504 0.9921913 0.04313999 -0.1170279 0.2872146 -0.7170931 -0.6350476 0.07725083 0.8238746 -0.561483 -0.8524177 -0.1879411 -0.4879163 -0.2121579 0.6784405 -0.7033545 -0.7768354 0.6056575 0.1723541 -0.7218251 0.4452347 -0.529844 0.7757014 -0.6192138 -0.1219092 0.6894745 -0.2661706 -0.6736306 0.5845299 -0.3863929 -0.7134601 0.7816119 -0.6150489 -0.1039127 0.7715759 -0.6232714 -0.1272929 0.02464246 0.7799128 0.6254029 -0.7851517 0.6123921 0.09226506 0.05946123 0.9917004 0.1139944 -0.9400344 -0.2309755 0.2509692 0.8537709 0.3209903 -0.4099276 0.3045203 -0.6846764 0.6621825 -0.1750927 0.7439735 0.6448613 0.3701746 0.1776643 0.9118149 0.4169727 0.06070715 0.9068894 -0.5813881 0.04570597 0.8123416 0.8774664 -0.1945097 0.4384275 0.9983113 -0.04935324 0.03064364 0.363085 -0.8008621 0.4762241 -0.02665346 -0.9615471 -0.2733439 -0.4384159 -0.6621031 0.607792 0.5009906 -0.7712481 0.3926635 0.5086725 -0.3964799 -0.7642355 0.7616485 -0.5287575 0.374576 0.568718 -0.4652506 -0.6783081 0.566139 -0.5989712 0.5663216 0.6141688 -0.4772006 -0.628551 0.4608251 -0.5209258 -0.7185239 0.6303974 -0.7762171 0.009276211 0.6642981 -0.6150893 -0.4247036 0.3805664 -0.4483543 -0.808794 0.7132856 -0.5387462 -0.4483038 0.3513799 -0.4389533 -0.8269535 0.9293912 -0.3487796 -0.1207679 0.343062 -0.4962295 -0.7975367 0.8379648 -0.3510291 -0.4178442 -0.3260709 0.3164126 0.8908203 -0.2203173 0.07389014 0.9726256 -0.2399774 0.1710843 0.9555841 0.2423437 -0.5259658 0.8152483 -0.00616616 0.006239712 0.9999616 -0.08370918 0.01784384 0.9963304 0.08279293 0.03377211 0.9959945 -0.1218842 0.1508122 0.9810199 -0.02329581 0.09844934 0.9948694 -0.06226944 0.1729189 0.9829657 -0.03438055 0.1738239 0.9841765 -0.1481642 0.2047285 0.96754 -0.3184839 0.3025422 0.898352 -0.9480855 0.3180147 -7.35906e-4 -0.1337471 0.2737232 0.9524638 -0.4255478 0.655349 0.6240407 -0.6600471 0.6580873 0.362297 -0.6744241 0.6672303 0.3161581 -0.2789089 -0.7977275 -0.5346407 -0.3822355 -0.9095417 0.1631874 -0.3617957 -0.9238806 0.1246939 0.07922506 -0.1603664 -0.983873 -0.1136748 -0.3064425 -0.9450773 -0.07947844 -0.3550678 -0.931456 -0.01868647 0.009143412 -0.9997836 0.1466778 -0.0158019 -0.9890581 0.1150435 -0.05154484 -0.9920223 -0.6133532 0.4293447 -0.6629186 -0.06266725 0.08926969 -0.9940341 -0.1832426 0.1374672 -0.9734089 -0.2656241 0.08586984 -0.9602449 -0.3311955 0.1932615 -0.9235582 -0.1736493 -0.1903653 -0.9662334 -0.5056701 0.740718 -0.4423062 -0.6618316 0.4073561 -0.6293171 -0.012075 -0.1066634 -0.9942219 0.06740599 0.05703514 -0.9960942 -0.2621745 -0.5766261 -0.7738003 -0.4615692 -0.1215699 -0.8787347 -0.3301182 -0.4443166 -0.8328294 -0.5092636 -0.6990301 -0.5020036 -0.8446695 -0.5349642 -0.01862663 -0.5331362 -0.8148168 0.2276827 -0.7674708 -0.1116419 -0.6312882 -0.3494064 -0.8079524 -0.4744766 -0.1900385 -0.6051862 -0.7730687 0.1950119 -0.07429927 -0.9779826 0.2143301 -0.1729503 -0.9613276 0.08250045 -0.1555816 -0.984372 -0.07621765 -0.361154 -0.9293861 -0.2224301 -0.5828029 -0.7815789 -0.3273204 -0.7890856 -0.5198127 -0.4436141 -0.8946318 0.05329716 -0.07023525 0.1324298 0.9887009 0.03203767 0.01155883 0.9994198 -0.03138619 -0.003857314 0.9994999 -0.2562348 -0.197682 0.9461848 -0.3167214 0.03285473 0.9479495 -0.1900969 -0.08445179 0.9781264 -0.2206032 -0.5362741 0.8147051 -0.7559707 0.01024299 0.6545253 -0.3093297 0.122301 0.9430577 -0.610868 0.159188 0.775564 -0.4437788 0.4007185 0.8015517 -0.4348396 -0.2853593 0.8540987 -0.2992035 -0.4893255 0.8191691 -0.2429509 -0.03231835 0.9695001 -0.1120994 -0.06759113 0.9913956 -0.2601436 0.2710024 0.9267594 -0.4011478 0.5692656 0.717647 -0.2834187 0.3831835 0.8791157 -0.4878188 0.5929011 0.6407037 -0.5281058 0.6136466 0.5869771 -0.4188656 0.3267737 0.8472135 -0.2133083 0.06888687 0.9745533 -0.2979348 0.194045 0.9346559 -0.2222183 -0.1095695 0.9688208 -0.1042749 -0.1725124 0.9794724 0.02014511 -0.09156423 0.9955955 0.08213883 -0.07466697 0.99382 0.5359708 0.1473634 0.8312758 0.9253441 0.298097 0.2342574 0.5239469 0.1556552 0.8374075 0.1399965 -0.01989847 0.9899521 0.09667551 0.02356636 0.9950369 0.1449881 0.00878793 0.9893944 -0.1177786 0.1353712 0.9837697 0.1034829 0.02086186 0.9944125 -0.2561777 0.3713594 0.892449 -0.5368707 0.5561047 0.6344427 -0.331319 0.2388841 0.9127773 -0.2095917 0.1997132 0.9571761 -0.5240274 0.3173953 0.7903515 -0.02460837 0.1281733 0.9914464 -0.1028422 0.1381782 0.9850535 0.2163991 0.03901058 0.9755253 -0.04184335 0.25077 0.967142 -0.0749979 0.1547136 0.9851087 0.8642835 0.4644743 0.1930744 0.3509528 0.3281607 0.8770079 0.7611763 0.6393126 0.1090424 0.1233488 0.1099802 0.9862503 0.2367531 0.03895586 0.9707886 0.1729871 -0.0762217 0.9819703 0.2588637 -0.09173685 0.9615477 0.339466 -0.09503501 0.9358051 0.1629753 0.1487815 0.9753477 0.9403981 0.2001639 0.2749289 -0.09009051 -0.03487217 -0.995323 0.04497587 -0.1343659 -0.9899107 0.485501 0.1871892 -0.8539608 0.3864617 0.002441465 -0.9223023 0.6162995 0.09250831 -0.7820597 0.8997806 0.3749674 0.2231467 0.857111 0.2204495 -0.465578 0.6883431 0.393002 -0.6096994 0.5264378 0.519443 -0.6730841 0.09710818 0.1777155 -0.979279 0.1909289 0.377971 -0.9059162 -0.1628545 0.3076123 -0.9374716 0.3826318 0.3088439 -0.8707516 0.8029974 0.283343 -0.5243205 0.2533622 0.1264975 -0.9590651 0.136875 -0.0850892 -0.9869271 -0.1517756 0.1211591 -0.9809611 -0.4765681 0.3376206 -0.8117237 -0.5559901 0.4079312 -0.7242011 0.03735679 0.04951483 -0.9980745 0.9290605 0.1458233 -0.3399738 0.724379 0.01827102 -0.6891599 0.4670016 -0.05693423 -0.8824217 0.197749 -0.1199201 -0.9728899 0.1322179 -0.2140491 -0.9678334 0.3268025 -0.5138514 0.7931941 0.5238457 -0.4381681 0.7304756 0.2701916 -0.3961029 0.8775529 -0.6716476 -0.1252271 0.7302107 -0.6540356 -0.1777513 0.7352835 -0.6030388 -0.1355215 0.7861159 0.01306849 -0.1136947 -0.9934298 -0.3402511 -0.08726 -0.9362772 -0.1633397 6.86501e-5 -0.98657 0.07203769 -0.02065503 -0.9971881 0.1335331 -0.07077968 -0.9885137 -0.009299933 0.01715749 -0.9998096 -0.6578919 -0.7517747 -0.04486894 -0.6026431 -0.3941654 -0.6938697 -0.4757562 -0.5885282 -0.6536749 -0.2707483 -0.4978497 -0.8239182 -0.203962 -0.3026679 -0.9310165 -0.4000167 -0.2987294 -0.8664569 -0.7537783 0.4231452 0.5027588 -0.9282914 0.2159949 0.3026903 -0.9171707 0.3879466 0.09107977 -0.7145187 0.4065018 0.5694026 -0.613411 0.1538137 0.7746407 -0.3923358 0.3335389 0.8572191 -0.6241706 0.4955766 0.6039992 -0.4985632 0.5878193 0.6371054 -0.526672 0.6437464 0.5551641 -0.6297107 0.4702795 -0.6183055 -0.6986545 0.4235352 -0.576628 -0.6229962 0.6840442 -0.3794198 -0.4582208 0.2971657 0.8376911 -0.8419259 0.3173582 -0.4363996 -0.5840889 0.301966 -0.75343 -0.5821261 0.3720476 -0.7229868 -0.6899774 0.1898899 -0.6984792 -0.926232 0.3159845 -0.2055436 -0.8214934 0.3652425 0.4378886 -0.8969733 0.2754363 0.3457943 -0.7194104 0.2476261 0.6489454 -0.7234942 -0.01189881 0.690228 -0.8125877 -0.5326848 0.2365337 -0.747334 -0.3034471 0.5911107 -0.7758203 0.2124384 0.5941152 -0.5896542 0.0800473 0.8036793 -0.9497038 -0.2137966 -0.2288097 -0.7474636 -0.1046715 -0.6560047 -0.7525725 0.00221306 0.6585057 -0.8693951 -0.4580495 -0.1853181 -0.8345845 -0.3633221 -0.4140843 -0.7933114 -0.6067466 -0.0501554 -0.8306007 -0.5389109 -0.1402775 -0.8425189 0.02918797 0.5378757 -0.7929389 0.03327959 0.6083917 -0.7461405 0.007158577 0.66575 -0.4119072 0.1093826 0.904637 -0.03171032 -0.3895041 0.9204787 -0.1260473 -0.3831573 0.9150425 -0.5706734 -0.04253828 0.8200746 -0.8024902 -0.5888276 0.09639316 -0.353068 -0.2479349 0.9021483 -0.165313 0.1434381 0.9757547 -0.0630216 -0.03912603 0.997245 0.001786172 -0.01444172 0.9998942 -0.01121377 -0.4667241 0.8843319 -0.1470267 -0.01194733 0.9890604 -0.1138381 -0.2309952 0.9662722 -0.2141147 0.1486493 0.9654317 -0.2869657 -0.3883889 0.875674 0.01749658 -0.2268295 0.9737773 -0.1774424 -0.3039711 0.9360105 -0.00609833 -0.5607774 0.8279443 -0.4214915 -0.8062604 0.4150775 -0.07897192 -0.8138603 0.5756691 -0.6566636 -0.6714571 0.3434216 -0.6520898 -0.7581354 0.003120303 -0.3136858 -0.5681587 0.760787 -0.5996397 -0.463204 0.6525905 -0.2950969 -0.9513885 0.0881927 -0.6247135 -0.7366815 0.2589082 -0.3230424 -0.9460981 -0.02328169 -0.03953719 -0.9729896 -0.2274385 -0.08610743 -0.9768558 -0.1958017 -0.5064268 -0.3844675 0.7718269 -0.4077782 -0.2730714 0.8712916 0.002525031 -0.4991832 0.8664929 0.3812959 -0.5590661 0.7362462 0.7525144 -0.6195784 0.2232596 0.6593078 -0.5041607 0.5577949 0.1461565 -0.4326571 0.8896325 0.1988475 -0.8848685 -0.4212689 0.2667732 -0.8452389 0.4630371 0.2080244 -0.6111286 -0.7637066 0.2139347 -0.9464646 -0.2417369 0.4763706 -0.4556253 -0.7519818 0.178349 -0.3906231 -0.9031087 0.1717603 -0.3527919 0.9198023 0.1708156 -0.5302216 0.8304741 0.6268982 -0.6032169 0.4930801 0.4956803 0.2143385 0.8416413 0.4088527 0.248444 0.8781317 0.393752 0.3159947 0.8631957 -0.06180363 -0.01342767 0.9979981 0.4167483 -0.1162719 0.9015552 0.06488323 0.1356872 0.9886249 -0.1766355 0.1568441 0.9716995 0.1180844 -0.05732941 0.9913473 0.8815276 0.4578508 0.1152469 0.4974619 0.2024291 0.8435367 0.9312818 0.3140366 0.1846492 0.2797542 0.2213199 0.9342136 0.2928017 0.1147174 0.9492666 0.8136109 -0.1645523 0.5576378 0.6481122 0.06396085 0.7588542 0.7691904 -0.1073987 0.6299299 0.3861933 0.09910899 0.9170781 0.6015056 -0.1284901 0.7884677 0.371267 0.05777245 0.9267272 0.7714383 -0.3724605 0.5159034 0.6450201 -0.3812034 -0.6622939 0.510517 -0.4552829 -0.729445 0.8420894 -0.4498234 0.2975642 0.5626153 -0.09005194 0.8217996 0.8318099 -0.3785538 -0.4059426 0.5530564 -0.3690381 -0.7469536 0.9429062 -0.2495996 -0.2205173 0.6196292 -0.3081932 -0.7218564 0.7554242 -0.3473016 0.5556222 0.8338187 -0.4391442 0.3345127 0.6323074 0.05063283 0.7730613 0.3218401 0.004252433 0.9467845 0.4668136 0.4444023 0.7645859 0.3419048 0.1969309 0.9188686 0.30451 0.04538917 0.9514271 0.9824923 0.06717699 0.1737707 0.6971951 0.08290135 -0.712072 0.2866603 0.103231 0.9524545 0.7970419 0.4512217 0.4014018 0.7706817 0.4854913 -0.4127324 0.6855129 0.7209309 -0.1016412 0.6332522 0.7441942 0.2125247 0.6299872 0.1382067 0.7642088 0.5169808 0.1574302 0.8413957 0.5285304 0.148785 0.8357743 0.6027956 0.1300995 -0.7872176 0.2555246 0.05274742 -0.9653626 0.5156185 0.1428735 -0.8448224 0.7829198 0.2966694 -0.5468309 0.8936927 0.1701195 -0.4151779 0.1033527 -0.1564887 -0.9822574 0.2000193 -0.1565335 -0.9672071 0.3983852 -0.06425863 -0.9149646 0.07036441 -0.02620178 -0.9971773 0.1668087 -0.1057331 -0.9803037 -0.002333164 -0.03088408 -0.9995203 0.006578207 0.6222398 0.7827991 -0.1234341 0.6454834 0.7537342 0.04107064 0.598045 0.8004095 -0.1981769 0.6399699 0.7424045 -0.02269554 0.6565937 0.7539029 -0.2038193 0.7377165 0.6436086 0.3282213 0.6492693 0.6860905 0.4283506 0.8837723 -0.1883143 0.2502647 0.5024477 0.8275953 0.2707763 0.8805797 -0.3889213 0.273994 0.9504204 0.1470656 -0.091802 0.9429264 -0.3200973 0.01135587 0.8597334 -0.5106169 0.1874148 0.4319899 0.8821908 0.1752219 0.4083259 0.8958612 -0.07844823 0.4737341 0.877167 -0.1619785 0.7108641 0.6844233 -0.3707811 0.6940752 0.6170746 -0.2971522 0.7207166 0.6263132 -0.2951076 0.7258744 -0.6213033 -0.4410995 0.7816731 0.4409291 -0.3007935 0.6745103 0.67421 -0.6358676 0.5953035 -0.4912088 -0.6082451 0.7911338 -0.06438428 -0.6417559 0.7389029 0.2053582 -0.2761321 0.7713767 0.5733491 -0.2354001 0.626747 0.7428156 -0.4231481 0.7983661 0.4284358 0.7671951 -0.6153408 0.1810175 0.813652 -0.5452983 -0.2015442 0.7379215 -0.6448155 -0.1992105 0.9645033 -0.2421821 0.1052677 0.8194203 -0.5604875 -0.1200177 0.8599416 -0.5102956 -0.009946525 -0.06472462 0.1817063 0.9812205 -0.02958542 0.1142337 0.9930133 -0.2481268 0.05948638 0.9668995 -0.01421815 -0.07207489 0.9972979 -0.1045715 -0.09722769 0.9897534 -0.0431602 -0.1674644 0.9849329 -0.03303647 0.137591 0.9899381 -0.1610013 0.1002029 0.9818543 0.3474139 0.2312693 0.9087454 0.09452325 0.2442038 0.9651061 0.3351943 0.1706638 0.9265629 0.3797942 0.3423871 0.8593762 0.07679468 0.09558409 0.9924548 0.1050736 0.08416813 0.9908962 -0.1913853 0.06770533 0.979177 -0.02250677 0.1360266 0.9904495 0.03632014 0.4252393 0.904352 0.02907955 0.2027928 0.9787898 -0.1511472 0.186912 0.9706795 0.175433 0.1653903 0.9704996 0.05493456 0.3842806 0.9215806 -0.0138207 0.2414773 0.9703081 0.1452129 0.3452666 0.9272024 0.02506762 0.122019 0.9922112 -0.1039678 0.3455411 -0.9326264 0.7374048 0.06527066 -0.6722902 0.5346051 0.061221 -0.8428816 0.2332797 0.4495459 -0.8622581 0.9251838 0.1558594 -0.3460386 0.5549026 0.5834239 -0.5930428 0.8904794 0.1693994 0.4223155 0.7541596 0.6087462 0.2463157 0.5524384 0.1187064 0.8250579 0.0409258 0.1791652 0.9829674 0.6809513 -0.09555357 0.7260681 -0.3876249 0.2867286 0.8760899 0.257365 0.1710495 0.9510549 -0.6084622 0.4139135 0.677089 0.02825427 0.2581578 0.9656895 -0.5855175 0.6207175 0.5214203 -0.1207464 0.3065833 0.9441542 -0.1076722 0.1400694 0.9842699 -0.5326478 0.6200265 0.5760673 -0.5780285 0.6271125 0.5221236 -0.1670747 -0.05322968 0.9845063 -0.001409769 -0.6368278 0.7710049 -0.4371464 0.6032048 0.6671185 -0.2227251 -0.2815811 0.9333304 -0.5003043 0.3905016 0.7727898 -0.03458988 -0.5472811 0.8362337 -0.7011215 -0.005545437 0.7130204 -0.6602922 -0.4027682 0.6338707 -0.8221811 -0.566313 -0.05751532 -0.1993135 -0.9175893 0.3439536 -0.7480244 -0.407395 -0.523917 0.08217662 -0.9911565 -0.1041921 -0.5082148 -0.1186312 -0.8530209 -0.1615975 -0.7642331 -0.6243669 -0.4456104 0.213114 -0.8694905 -0.464638 0.4882674 -0.7387196 0.1675737 -0.4943183 -0.8529763 0.2964424 -0.5331876 -0.7923591 -0.4872421 0.4345371 -0.7574779 0.2035549 -0.1706008 -0.9640855 0.1216725 -0.1172719 -0.9856182 -0.5348182 0.3806501 -0.7543707 -0.5780199 0.3760856 -0.7241911 0.2035034 0.00963056 -0.9790269 0.5348612 0.008128404 -0.844901 -0.4159094 0.3706034 -0.8304653 0.08793109 -0.5197175 0.8498011 0.4023134 -0.4057872 0.8206588 -0.3968263 0.4133933 -0.8195334 -0.1088028 -0.6589697 0.7442587 -0.04525625 0.4956064 -0.8673675 -0.2776075 -0.9026642 0.3288337 0.6058899 0.7939391 -0.05057996 0.2602736 -0.8948938 -0.362523 0.3446276 0.4137662 0.8426324 0.6215337 -0.4314786 -0.6538518 -0.0896092 0.2589129 0.9617351 0.7415746 -0.2925148 -0.6037402 0.8560426 -0.3952036 -0.3331745 -0.3467764 0.2069854 0.9148241 0.7405843 -0.6627529 -0.1108768 -0.7030389 0.3760999 0.6035603 0.6441576 -0.7552722 -0.1209343 -0.6085684 0.6894208 0.3928658 0.6500048 -0.7113159 -0.267439 0.451676 -0.8757097 0.17065 -0.5784469 0.6874485 0.4391056 0.4504981 -0.8875124 -0.09681677 -0.5091429 0.6013381 0.6157646 0.6800401 -0.7041237 -0.2043409 0.6352756 -0.6978514 0.3307995 -0.7570746 0.4548139 0.4690228 0.8631258 -0.2043648 0.4617888 -0.9318023 0.334511 0.140879 -0.7533159 -0.04286146 -0.6562607 0.7270436 -0.3349352 0.5993548 0.5600628 -0.5323751 0.6347492 -0.5592337 0.2985402 -0.7733897 -0.4578236 0.5812344 -0.6727288 0.4769854 -0.7136523 0.5130161 -0.5557365 0.742697 -0.373575 0.5869755 -0.7754581 0.2326471 0.750494 -0.6584936 0.05607879 -0.7387909 0.6429507 -0.2019963 -0.7553444 0.5528255 -0.3519076 0.7906839 -0.5687814 0.22651 0.7188545 -0.5558493 0.4174683 0.6634736 -0.4543581 0.5944423 -0.7580375 0.5021771 -0.41617 -0.6852231 0.4247367 -0.5916655 0.6582506 -0.3893331 0.6443027 -0.1027851 -0.913698 0.393181 -0.005462646 -0.637754 0.7702209 0.1649944 -0.4950804 0.8530372 0.5208724 -0.337069 0.7842681 0.6625357 -0.3733804 0.6493331 0.7901823 -0.4745169 0.3878733 0.7441413 -0.6567346 0.1222841 0.5520817 -0.7485718 0.367214 0.4475627 -0.6903434 0.568431 0.533401 -0.5346217 0.655487 0.8778277 -0.2672907 0.3974599 0.8136227 -0.5754163 0.083153 0.5815902 -0.8134158 -0.01037687 0.3870189 -0.9217769 -0.02332061 0.3736926 -0.9178139 0.1340578 0.5598282 -0.8247405 -0.07997214 0.5209751 -0.851725 0.05612164 0.6963825 -0.7168592 -0.03412264 0.8702008 -0.4054192 -0.2799751 0.7161663 -0.4238607 -0.5544798 0.3599845 -0.8332825 -0.4195848 0.2676972 -0.8663038 0.4217298 0.5143284 -0.6756564 0.5281617 0.6845166 -0.4781854 0.5502508 0.9478639 -0.2309048 0.2196292 0.9818658 0.008863389 -0.1893703 0.912851 -0.3074977 -0.2686044 0.6703458 -0.3949058 -0.6282404 0.750773 -0.6443047 0.1456418 0.5489838 -0.5055032 -0.6656452 0.5297939 -0.7861422 -0.3182746 0.4042838 -0.9146279 -0.003227114 0.2603175 -0.9651695 0.02612614 0.2772816 -0.9440236 0.1787023 0.4796218 -0.7363339 0.4772582 0.3514119 -0.8269683 0.4388999 0.1050285 -0.8113537 0.575043 0.08969938 -0.2732686 0.9577465 0.4125252 -0.4802715 0.7740558 0.1574867 -0.4746701 0.8659598 0.8393876 -0.1732693 0.5151759 0.9649162 -0.175857 0.1949643 0.8254634 -0.2488334 -0.506648 0.933663 -0.3440531 0.09950399 0.6002138 -0.7890195 0.1311175 -0.007867813 -0.9037522 0.4279837 0.6106924 -0.3963042 0.6855638 0.9201576 -0.2504125 0.3010044 0.9012389 -0.1940997 -0.3874194 0.8647692 -0.4113842 -0.2879883 0.7569338 -0.6039798 -0.2495187 0.2255907 -0.3385828 -0.9134937 0.5833567 -0.3711835 -0.7224388 0.1830988 -0.2309058 -0.9555927 0.316252 -0.5388497 -0.7807853 0.3166177 -0.9075266 -0.2759509 0.2520498 -0.9644924 -0.07890021 0.1931695 -0.9811469 0.006030023 0.1056495 -0.7110573 0.6951516 0.1315032 -0.6840563 0.7174775 -0.01840299 -0.5413526 0.8405942 0.07294833 -0.08711683 0.9935237 0.1813095 -0.1095339 0.9773072 -0.05114388 0.01087564 0.9986321 0.527099 -0.1226457 0.8409071 0.1308913 0.1616609 0.9781275 0.5827685 0.02185547 0.8123443 0.7713586 -0.1355514 0.6217973 0.7522392 -0.280292 0.5962993 0.4230138 -0.7168657 0.554223 0.5725504 -0.3645192 0.7343786 0.7476944 -0.3783905 0.5456864 0.8289872 -0.3797423 0.4105802 0.9040062 -0.3863476 -0.1830531 0.9209284 -0.366678 0.1320543 0.779699 -0.4527854 -0.4324985 0.6329628 -0.5968853 -0.4930376 0.4134503 -0.2894004 -0.8633112 0.4786622 -0.8772137 0.03713142 0.3283246 -0.7407996 0.5860196 0.4706625 -0.6579157 0.5878978 0.4879633 -0.77359 0.4042902 0.2945405 -0.743282 0.6006479 0.2164229 -0.9002374 0.3778014 -0.02266037 -0.748189 0.6630985 0.377978 -0.5044908 0.7762871 0.4245786 -0.3307486 0.8428158 0.307625 -0.4298512 0.8488786 0.04845166 0.09102547 0.9946693 0.7855601 -0.06151568 0.61572 0.9844641 -0.17343 0.02743196 0.9616999 -0.2736622 0.01557016 0.8149297 -0.4278482 0.3909419 0.4073929 -0.8143671 0.4133247 0.6227853 -0.3744206 0.6869845 0.6582951 -0.2938298 0.6930452 0.675854 -0.441548 0.5901328 0.7300066 -0.4215458 0.5379495 0.8751354 -0.3896614 0.2868835 0.8418257 -0.5269626 -0.1167898 0.6871122 -0.38452 -0.6164587 0.7210587 -0.6414026 -0.2620633 0.506288 -0.8577302 0.08928257 0.3190284 -0.8323922 0.4531492 0.4361405 -0.8089612 0.3941619 0.4830244 -0.8319709 0.2729688 0.299126 -0.82003 0.4879289 0.1898646 -0.955765 0.2246435 0.162959 -0.9011138 0.4017938 0.4537133 -0.5193991 0.7241332 0.6639734 -0.5255574 0.5319105 0.7637621 -0.5755004 0.2923467 0.6209067 -0.4958366 0.6071417 0.9413204 -0.1842408 0.2827917 0.9846606 -0.1594181 -0.07091903 0.967593 -0.2519647 -0.0166589 0.8676245 -0.3832009 0.3168358 0.2983389 -0.9542062 0.02200925 0.9652768 -0.2595849 0.02926683 0.9056921 -0.3471342 0.2433513 0.7335376 -0.2205009 0.6428856 0.7483311 -0.1738407 0.6401406 0.9713914 -0.1461903 0.1871555 0.9039199 -0.2476721 -0.3486941 0.8081852 -0.5466887 -0.2190166 0.8367443 -0.4992397 -0.2249864 0.7843952 -0.6140391 0.08763688 0.6253725 -0.7428211 0.2390105 0.4485988 -0.827046 0.3387536 0.304642 -0.9154403 0.2629873 0.1295269 -0.963544 0.2341064 0.2781363 -0.9595146 -0.04440796 0.158811 -0.9701312 0.1833701 0.2609455 -0.905812 0.3337845 0.5655828 -0.5447016 0.6192063 0.5169578 -0.6311966 0.5782262 0.4225488 -0.7109926 0.5620874 0.7263131 -0.542024 0.4227048 0.9356971 -0.2443135 0.2545226 0.9919807 -0.1156278 0.05103427 0.9841911 -0.1736858 -0.03465819 0.2411398 -0.866722 -0.4366288 0.9861083 -0.0854218 -0.1424555 0.9593835 -0.1213225 -0.2546846 0.9929156 -0.1184123 0.009868919 0.9785385 -0.19502 0.06655716 0.7989888 -0.5882785 0.1246809 0.7969436 -0.6018181 -0.05192315 0.8543065 -0.5063805 0.1172149 0.6858662 -0.6694003 0.2854658 0.6495236 -0.7041382 0.2868949 0.6232139 -0.7802805 -0.05260068 0.4678911 -0.7917248 -0.3927468 0.07912665 -0.9962877 -0.03391075 0.1515502 -0.9200981 0.3611814 0.1875936 -0.8039948 0.5642704 0.6191769 -0.4452794 0.6467969 0.248398 -0.5118553 0.8223763 0.4035761 -0.6430515 0.6508542 0.7325693 -0.5693538 0.3730664 0.9145137 -0.3581698 0.188094 0.974003 -0.05490821 0.2197806 0.9892901 -0.06852722 -0.128877 0.7784986 -0.6197314 -0.0993632 0.6897773 -0.6927868 -0.2103661 0.580568 -0.4592013 -0.6723653 0.5034106 -0.4635199 -0.7291963 0.5276708 -0.4444513 -0.7238968 0.5974197 -0.5590829 -0.5749052 0.7884734 -0.4697009 -0.3971031 0.4786186 -0.4466717 -0.7559158 0.4072494 -0.3810545 -0.8300274 0.4005472 -0.367675 -0.8392718 0.5034959 -0.4425749 -0.7420373 0.821259 -0.4035561 -0.4033315 0.3437986 -0.8722283 -0.3478798 0.1572085 -0.9458748 0.2839127 0.6332266 -0.3121359 -0.708234 0.5298345 -0.3919952 -0.752074 0.522028 -0.3753631 -0.7658913 0.869248 -0.3607794 -0.3380032 0.799352 0.02777314 -0.6002209 0.9652763 0.05296325 -0.2558056 0.1354851 -0.8816068 0.452121 0.2844423 -0.6199938 0.7312321 0.7594791 -0.4544244 0.4654998 0.1910838 -0.3686714 0.9097079 0.3911549 -0.6078928 0.690988 0.7554834 -0.5823142 0.3002581 0.8908967 -0.4287133 0.1500268 0.9508498 -0.07762491 0.2997651 0.9979439 0.02275538 0.05991876 0.6418377 -0.7575227 -0.119181 0.4114485 -0.3646922 -0.8352903 0.8466791 -0.4662769 -0.2563601 0.8431569 -0.4268788 -0.3268961 -0.09472709 0.3784238 0.9207727 0.3981567 -0.7095877 0.5813403 0.00307697 0.2195811 0.9755895 0.4484844 0.163708 0.8786703 0.3839277 0.05311816 0.9218341 0.2634321 0.1031151 0.9591511 0.1851962 0.2936168 0.9378121 0.2682636 0.3120826 0.911394 0.2249029 0.3854733 0.8948906 0.1897907 0.5068037 0.84091 0.2576709 0.3560218 0.8982507 0.1916564 0.287383 0.9384449 0.1770672 0.2772155 0.944351 0.1386761 0.1855687 0.9727966 0.09855717 0.134474 0.9860036 -0.2614583 0.09558874 0.9604699 -0.2390629 0.1943055 0.9513645 0.03059834 0.1501123 0.9881954 0.05681037 0.1064474 0.9926941 -0.07320171 -0.005915164 0.9972996 -0.1768696 -0.001334071 0.9842334 -0.1091039 0.04016673 0.9932186 0.06680107 -0.003010571 0.9977618 0.1360479 0.04250484 0.98979 0.03549134 0.1580545 0.9867924 0.181481 0.0552361 0.981842 -0.008203148 0.02135413 0.9997384 -0.1833945 0.3268603 0.9271078 -0.08984428 0.5092338 0.8559259 -0.04195559 0.6076211 0.7931181 0.2611516 0.4708419 0.8426789 0.183318 0.389171 0.9027405 0.04456532 0.4780039 0.8772265 0.0782147 0.3799898 0.921678 0.1126975 0.08538019 0.9899543 -0.07259643 0.2972592 0.9520331 -0.1500351 0.3794912 0.912949 -0.04942327 0.2048852 0.9775375 -0.05782949 0.3351284 0.9403961 -0.003480732 0.33737 0.9413657 -0.1615407 0.08462822 0.9832307 -0.08243799 -0.004792273 0.9965847 -0.1064547 -0.1311607 0.985629 0.09893703 0.05372697 0.9936423 -0.0391035 0.02661907 0.9988806 0.0884065 0.2008044 0.9756342 0.6942844 -0.4807933 -0.5355436 0.2361966 -0.08645099 0.9678519 0.01674783 0.05060631 0.9985783 -0.03080272 0.009052574 0.9994846 0.1910064 0.6318852 0.7511575 0.2011931 0.1025177 0.9741722 -0.1296593 -0.03236144 0.9910305 0.01533687 0.1341909 0.9908369 -0.04429268 -0.01709848 0.9988723 0.01699888 0.1778125 0.9839177 -0.1057748 0.09507793 0.9898344 -0.09699141 0.212361 0.972366 -0.01060539 0.07497853 0.9971289 -0.08270275 0.2264565 0.9705039 -0.2907711 -0.1173071 0.9495742 -0.421074 -0.8321939 0.3607634 -0.6065298 -0.7215671 0.3338602 -0.6114197 -0.7525025 -0.2447572 -0.5376527 -0.7951942 -0.2803497 -0.4479531 -0.5790869 -0.6811729 -0.3801985 -0.6026413 -0.7016214 -0.2421114 -0.3126526 -0.9184936 -0.2096724 -0.3803626 -0.9007562 -0.1530388 -0.1739385 -0.9727922 -0.1194859 -0.2429786 -0.9626446 -0.09210509 -0.1048374 -0.990215 -0.06366795 -0.1503511 -0.9865805 0.03138625 -0.02079486 -0.9992911 0.04760581 -0.03127205 -0.9983766 0.07685238 -0.02130293 -0.996815 0.04003632 -0.01279741 -0.9991163 0.05792909 -0.08913344 -0.9943338 0.04472595 0.02572256 -0.9986681 0.01322591 -0.002396702 -0.9999098 0.05442428 0.06031477 -0.9966947 0.1122519 0.03826874 -0.9929426 0.06451278 0.06179165 -0.996002 0.3661739 0.2477618 -0.8969564 0.3077169 0.2983585 -0.9034891 0.7349437 0.4518823 -0.5056285 0.6202206 0.6198022 -0.4808032 0.7184555 0.6032326 0.3463124 0.7068588 0.694986 0.131701 0.4212761 0.05757427 0.9051031 0.5786074 0.3189793 0.7506435 0.3574808 0.04254889 0.9329508 0.4270725 -0.06332999 0.901997 0.01878309 0.07408934 0.9970747 0.2166248 -0.1366229 0.9666478 0.04301393 -0.1091859 0.9930903 0.08099371 -0.1738579 0.9814345 -0.1162406 -0.1311317 0.9845267 -0.1766768 -0.09499007 0.9796746 -0.3779491 -0.5627803 0.7351413 0.5952625 0.1346288 0.7921727 0.7324724 0.277193 0.6218104 0.109945 -0.05458098 0.992438 0.09090596 -0.307362 -0.9472407 0.2427741 0.1232018 0.9622277 0.04080432 -0.09048908 0.9950612 -0.7995735 -0.5298286 0.2827789 0.05773574 -0.06214106 0.9963961 -0.1224173 -0.9852691 0.1194103 0.2362136 -0.1451658 0.9607967 -0.2699835 -0.1502958 0.9510626 0.275752 0.130324 0.9523532 -0.8359643 -0.333509 0.4358158 -0.2458353 0.1870536 0.951092 -0.7460377 -0.229512 0.6251016 -0.8166778 -0.5101569 -0.2697727 -0.9021888 -0.371109 -0.2198489 -0.5648843 -0.418551 -0.7111405 -0.6016639 -0.315994 -0.7335861 -0.2089942 -0.1667348 -0.9635979 -0.2454773 -0.169846 -0.9544073 -0.1403436 -0.08813828 -0.9861721 -0.07510703 -0.09027552 -0.9930808 -0.1944097 -0.1190114 -0.9736741 -0.1088907 -0.0673142 -0.9917721 -0.1583999 -0.08670979 -0.9835603 -0.1610975 -0.05766344 -0.9852526 0.01357507 -0.02883422 -0.9994921 0.09475892 0.1157393 -0.9887493 -0.1103526 -0.05364966 -0.9924435 0.1473051 0.1796412 -0.9726409 0.1292538 0.07108891 -0.9890601 0.203696 0.2782194 -0.9386703 0.114584 0.1786779 -0.9772128 0.2912521 0.5020929 -0.8142942 0.1704532 0.3261935 -0.9298084 0.2933925 0.7575472 -0.5831322 0.3005423 0.5686697 -0.7656952 0.28189 0.7694727 0.5731054 0.4191035 0.8007758 -0.427914 -0.3242092 0.1299415 0.9370185 0.2082595 0.8250489 0.5252831 -0.1167533 0.04243475 0.992254 -0.4272382 0.06975221 0.9014446 0.7493114 0.4845356 0.4513953 -0.1956704 0.05702161 0.9790105 -0.9724179 0.2049219 -0.1114025 0.1204845 -0.03879606 0.9919569 -0.5548588 0.05015468 -0.8304313 -0.05205565 -0.006453514 0.9986234 -0.3750106 0.201937 0.9047589 -0.01544743 0.05863577 0.99816 -0.1618366 0.1829944 0.9697021 -0.219426 0.1850783 0.9579135 0.0790556 0.149931 0.9855308 -0.03240835 0.09296619 0.9951417 0.2168189 0.3394849 0.9152812 -0.09074795 0.2354 0.9676527 -0.07936924 0.1917083 0.9782375 -0.05197054 0.3023172 0.9517896 -0.7778153 -0.5945075 0.2038733 -0.5129306 -0.01157373 0.8583522 -0.6872189 -0.6126965 -0.390299 -0.6087741 -0.7520992 0.2524697 -0.531669 -0.520664 -0.6680098 -0.6322032 -0.7462669 -0.2083383 -0.2953341 -0.2922528 -0.9095967 -0.4994191 -0.6382666 -0.5858297 -0.3687424 -0.2806011 -0.8861671 -0.1673541 -0.1600351 -0.9728214 -0.2177199 -0.1157944 -0.9691181 -0.1179434 -0.1090907 -0.98701 -0.07782757 -0.06226181 -0.9950209 -0.1883099 -0.04562163 -0.9810495 0.06989115 -0.02734529 -0.9971798 0.003469228 -0.04324144 -0.9990587 0.05962145 0.01591032 -0.9980943 0.08800947 -0.02424597 -0.9958245 0.03928524 0.08416438 -0.9956772 0.03005558 -0.001294851 -0.9995475 0.1170082 0.2702569 -0.9556518 0.0590924 4.65424e-4 -0.9982525 0.3319597 0.5581817 -0.7604184 0.08645826 0.1362287 -0.9868976 0.5802116 0.7423191 -0.3351373 0.3085791 0.4977797 -0.8105519 0.5647076 0.696054 -0.443412 0.6670498 0.7205051 0.1895182 0.6892068 0.7235383 0.03855234 0.5774145 0.4645047 0.6714373 0.4216579 0.5690804 0.7059407 0.3051925 0.1859139 0.9339666 -0.1696089 0.3517216 0.9206111 -0.05569845 0.08274716 0.9950129 -0.5427056 0.2053629 0.8144304 -0.5028237 0.2268582 0.8340886 -0.2809727 0.2198145 0.9342035 -0.1576688 -0.1052649 -0.9818656 0.3036615 -0.4018626 -0.8638845 0.1565823 -0.2069427 -0.9657416 -0.1983924 -0.2835478 -0.9382117 -0.3741251 -0.9107205 0.1749824 -0.0310648 -0.8875613 -0.4596411 -0.6824625 -0.6863417 0.2513566 -0.8524722 -0.5121502 0.1048494 -0.7987455 -0.3170626 -0.5113483 -0.5563471 -0.1431798 -0.8185214 -0.3545165 0.0292651 -0.9345917 -0.2572746 0.1150594 -0.959464 -0.2794559 0.1384567 -0.9501233 -0.2461858 0.1562553 -0.9565442 -0.2968376 0.3719246 -0.8795225 -0.08978891 0.3115267 -0.9459858 0.10537 0.5299231 -0.8414741 0.2321605 0.7618885 -0.6046715 0.4145654 0.8821655 -0.2234271 0.6716653 0.5914927 0.4460967 0.7823703 0.585496 -0.2123467 0.5511706 0.2115227 -0.8071364 -0.233915 0.2474861 -0.940231 0.453966 -0.03864455 -0.8901807 0.03054368 -0.1718588 -0.9846481 0.1366109 -0.3121246 -0.940168 0.3082306 -0.6757833 -0.6695602 -0.5119135 -0.482383 0.7108103 -0.3768245 0.1092025 -0.9198251 0.521661 0.2504278 0.8155708 0.4652241 0.3884336 0.7954156 0.3205838 0.693781 -0.6448985 -0.989441 -0.1354249 -0.05163937 -0.9598689 0.2437245 0.1387448 -0.467662 0.7343788 0.4919148 -0.6575836 0.6327448 0.4089229 0.7755871 0.3409141 -0.5312649 0.8471771 0.5275096 0.06344008 0.4769598 0.1375913 -0.8680887 0.2155938 0.07642406 -0.9734879 0.04464405 -0.0373941 -0.9983029 -0.01871353 -0.01147794 -0.999759 0.04301369 -0.009153068 -0.9990326 0.01870161 -0.06067097 -0.9979826 -0.1048347 -0.1311846 -0.9857993 -0.2633508 -0.2356106 -0.935486 -0.4527651 -0.3766608 -0.8081648 -0.4627265 -0.5948238 -0.6573196 -0.571136 -0.820796 -0.009884238 7.77367e-4 -0.4563022 0.8898245 -0.1605976 -0.7431351 0.6495835 -0.09392404 -0.2039411 0.9744672 -0.03368872 0.05024713 0.9981685 -0.1486309 0.07387185 0.9861298 -0.07917577 0.03909474 0.9960939 -0.05007833 0.03601193 0.9980959 -0.1673826 0.1293047 0.9773758 0.01391571 0.1879383 0.9820823 0.5243111 0.3465656 0.7778111 0.141878 0.2365563 0.9612033 0.4580201 0.3845237 0.8014731 0.1490081 -0.01045334 -0.9887807 0.2697008 0.1124573 -0.9563549 0.1796358 0.1153346 -0.9769488 0.152373 -0.07133698 -0.9857452 0.2267843 -0.120344 -0.9664814 0.3208222 0.661207 -0.6781434 -0.4508724 0.6490316 0.6127579 0.1091568 0.7803661 -0.615722 -0.3625074 -0.5929275 -0.7190448 -0.2023695 -0.5557613 0.806335 -0.5363526 -0.7416931 -0.4027619 0.06781452 0.06446522 0.9956131 0.2714567 0.2053477 0.9402892 0.08520853 0.01833623 0.9961945 0.1693836 -0.1674559 0.9712198 0.02814847 -0.05811733 0.9979129 0.081824 -0.1061925 -0.9909733 -0.01875817 -0.06548148 -0.9976775 -0.8780146 -0.4476751 -0.1693437 -0.25411 -0.1615644 0.9535854 -0.3220839 -0.1891288 0.9276273 -0.1287645 -0.1653804 -0.9777878 -0.6954466 -0.6676849 -0.2656144 -0.06846636 -0.186816 -0.9800063 -0.2247748 -0.2798967 0.9333457 0.8030384 -0.5179276 0.2947549 0.1994876 -0.09758228 0.9750295 0.5746821 -0.4484754 0.6845512 -0.02041041 -0.965092 -0.2611146 0.01097542 -0.2555066 0.966745 0.6671121 0.731997 -0.1383548 0.2774333 0.2806454 0.9188411 0.1652246 0.1444002 -0.9756277 -0.43105 0.389108 0.8141199 0.257955 0.1195905 0.958727 -0.9676237 0.2478955 -0.0474593 0.857181 0.5118724 0.05681151 0.837326 0.4955188 -0.2309684 0.6897727 0.7240223 -0.002303361 0.1313623 0.05919593 -0.9895654 -0.3781489 0.8979339 -0.2252074 -0.3830344 0.4569042 0.8028221 0.9691134 0.03444141 0.2441989 0.3313562 -0.2166309 0.9182996 -0.009357273 -0.05194705 0.998606 0.1232933 -0.1515058 0.9807369 0.1155074 -0.1378552 -0.9836941 -0.116997 -0.1688759 -0.9786688 0.1273379 -0.01197069 -0.9917872 0.1036461 0.2620413 -0.9594748 -0.2083503 -0.1025051 -0.9726679 0.5145499 -0.8459836 0.139822 0.6869465 0.2302374 -0.6892715 0.5501286 -0.2338649 -0.8016645 -0.3105477 0.4020829 0.86133 0.1378958 -0.4285865 -0.8929158 -0.2972497 -0.2028748 -0.9329977 -0.134277 -0.08039355 -0.9876774 0.1489512 -0.4627962 -0.8738611 -0.03006637 0.01699012 0.9994035 0.0833773 0.1778246 -0.9805237 0.01753562 -0.03411537 -0.9992641 0.5503093 -0.7693996 -0.3243208 0.6978723 0.3022115 0.6493401 0.6415172 0.2803483 -0.7140452 0.0136252 0.911211 -0.4117143 -0.582789 0.6718784 -0.4570956 -0.07223784 0.008503675 0.9973512 0.1762906 0.3211207 0.9304854 -0.1677706 -0.02823942 -0.9854215 0.06509888 -0.2008509 -0.9774565 0.01918458 -0.0127865 -0.9997342 -0.395123 0.4357926 -0.8086796 -0.289858 0.3979763 -0.8704006 -0.03554791 0.219659 -0.9749289 0.7517631 0.441174 0.4901203 0.2907655 0.01512241 0.9566749 0.1231618 0.06960052 0.9899429 0.01651048 0.01889461 0.9996852 -0.1000769 -0.09410881 0.9905192 -0.1581 -0.2650293 0.9511908 -0.4874348 -0.8430979 -0.2271414 -0.04952818 0.09639263 -0.9941104 -0.6115556 0.2280418 -0.7576256 0.1142633 -0.05439299 -0.9919604 0.04959309 -0.03672254 -0.9980942 0.01523607 -0.08896976 -0.9959179 0.4640235 0.2900343 0.836996 0.1598312 0.1269379 0.9789488 0.04457253 0.08345401 0.9955143 -0.08822453 0.06249445 0.9941384 -0.1834667 0.0367074 0.9823404 -0.2861649 -0.1877763 0.9396009 -0.3641397 -0.7767341 -0.5138936 0.2940983 -0.07780396 -0.9526032 0.1345968 -0.1362205 -0.9814926 0.06244707 -0.06492245 -0.9959346 0.1363624 0.0266419 -0.9903008 0.2726123 0.4783704 0.834772 0.07647109 0.1942234 0.9779721 -0.02847361 0.07258915 0.9969554 -0.1346159 0.001050174 0.9908974 -0.1314832 0.01354783 0.9912258 -0.1677132 -0.0298981 0.9853824 -0.70551 -0.5683982 -0.4232956 -0.006188571 -0.1199994 -0.9927547 0.1493476 -0.02598941 -0.9884432 0.1153106 0.04782384 -0.9921777 0.121158 0.009997189 -0.992583 0.4179812 0.6560158 0.6284387 0.119048 0.2550559 0.9595698 0.01985919 0.08725649 0.995988 -0.03611397 -0.03367805 0.9987801 -0.02733373 -0.1220906 0.9921425 -0.09708261 -0.06371164 0.9932351 -0.8188226 -0.4278026 -0.3827723 -0.1260777 -0.04913467 -0.9908028 0.07324314 0.06143373 -0.9954202 0.110631 -0.03704565 -0.9931709 0.04705035 -0.113616 -0.9924101 0.4107775 0.9077047 -0.08563971 -0.9426602 -0.3333973 0.01543128 -0.05399739 -0.07696229 0.9955708 -0.02599126 0.1107219 0.9935116 -0.1354467 0.1732802 0.9755144 -0.2478442 0.1266615 0.9604843 -0.1626505 0.08888834 0.9826717 0.08204787 0.1791697 0.980391 0.3965401 0.3262284 0.8580973 0.1741336 0.3002647 0.9378266 0.8866235 0.4624913 -8.20413e-4 0.7807126 0.3836472 -0.4932573 0.5937885 0.1724488 -0.7859241 0.1752601 0.03479754 -0.9839071 0.05734628 -0.03407531 -0.9977727 0.02560555 -0.08153557 -0.9963415 0.09651929 -0.01967602 -0.9951366 0.07239234 -0.07845354 -0.994286 -0.1213783 -0.2885414 -0.9497427 -0.1721227 -0.424216 -0.8890527 -0.3092997 -0.5982855 -0.7391808 -0.484404 -0.8339249 -0.2644277 -0.2675469 -0.7369298 0.6207683 -0.3497345 -0.3959268 0.8490747 0.08492034 -0.1960945 0.9769009 -0.03451043 -0.1884794 -0.9814707 -0.0394513 0.118112 0.9922164 -0.8419498 -0.254251 0.475896 0.1303641 0.9637233 0.2329011 0.3444313 0.08273851 0.9351586 0.4989752 -0.8439857 -0.1967537 0.496043 -0.8304721 0.2534907 0.1089236 -0.002066969 0.9940481 0.2931264 -0.2863941 -0.9121707 0.1103953 0.03095453 0.9934056</float_array>
          <technique_common>
            <accessor source="#Can_Beverage_Damaged_03_002-mesh-normals-array" count="1240" stride="3">
              <param name="X" type="float"/>
              <param name="Y" type="float"/>
              <param name="Z" type="float"/>
            </accessor>
          </technique_common>
        </source>
        <source id="Can_Beverage_Damaged_03_002-mesh-map-0">
          <float_array id="Can_Beverage_Damaged_03_002-mesh-map-0-array" count="14688">0.681199 0.346882 0.664921 0.343668 0.681187 0.345606 0.641192 0.316345 0.643231 0.329033 0.639897 0.316472 0.719156 0.25206 0.718417 0.237285 0.720479 0.251956 0.669615 0.282857 0.680695 0.287323 0.664361 0.28733 0.661685 0.2150779 0.69936 0.213488 0.698976 0.214536 0.681199 0.346882 0.697403 0.3433 0.697755 0.344516 0.709541 0.306693 0.703291 0.300006 0.713581 0.285972 0.693006 0.296097 0.680695 0.287323 0.697026 0.28689 0.807045 0.314535 0.813739 0.327308 0.805318 0.322401 0.643809 0.238363 0.646794 0.226245 0.64776 0.226917 0.640546 0.252655 0.641818 0.269134 0.640375 0.269029 0.703481 0.329652 0.697403 0.3433 0.693337 0.334061 0.785748 0.262888 0.763995 0.253597 0.784885 0.253096 0.721866 0.301104 0.719108 0.285183 0.720638 0.285128 0.763043 0.2304159 0.782976 0.23423 0.765005 0.234672 0.764491 0.333919 0.777159 0.344994 0.760895 0.343567 0.713167 0.226121 0.718417 0.237285 0.717176 0.237594 0.71119 0.338108 0.717683 0.327743 0.718782 0.328292 0.736404 0.302992 0.745672 0.31624 0.736416 0.317284 0.807045 0.314535 0.815542 0.300729 0.816333 0.315038 0.658554 0.330168 0.664921 0.343668 0.651749 0.337791 0.639897 0.316472 0.64119 0.301907 0.641192 0.316345 0.697755 0.344516 0.710443 0.337154 0.71119 0.338108 0.651749 0.337791 0.652398 0.323449 0.658554 0.330168 0.799412 0.329081 0.793328 0.342709 0.789241 0.333266 0.641865 0.25281 0.642571 0.23803 0.643809 0.238363 0.720634 0.315566 0.718782 0.328292 0.717683 0.327743 0.651012 0.338749 0.644332 0.328495 0.651749 0.337791 0.698976 0.214536 0.714122 0.225458 0.713167 0.226121 0.720479 0.251956 0.719312 0.268388 0.719156 0.25206 0.719108 0.285183 0.720756 0.268358 0.720638 0.285128 0.661287 0.214026 0.64776 0.226917 0.646794 0.226245 0.642248 0.285928 0.640375 0.269029 0.641818 0.269134 0.709522 0.322815 0.720634 0.315566 0.717683 0.327743 0.703291 0.300006 0.697026 0.28689 0.713581 0.285972 0.652168 0.307327 0.641192 0.316345 0.64119 0.301907 0.709522 0.322815 0.710443 0.337154 0.703481 0.329652 0.664361 0.28733 0.658335 0.300539 0.647791 0.286693 0.736404 0.302992 0.742788 0.287853 0.747591 0.308389 0.736416 0.317284 0.747841 0.32397 0.739692 0.329345 0.754106 0.330293 0.760895 0.343567 0.747441 0.338373 0.668784 0.33435 0.681187 0.345606 0.664921 0.343668 0.680695 0.287323 0.66857 0.29643 0.664361 0.28733 0.711554 0.314773 0.72043 0.30114 0.720634 0.315566 0.698976 0.214536 0.704305 0.230512 0.693176 0.22479 0.719156 0.25206 0.707985 0.241443 0.717176 0.237594 0.713167 0.226121 0.707985 0.241443 0.704305 0.230512 0.795214 0.276805 0.813298 0.268422 0.81375 0.284985 0.73645 0.254533 0.747227 0.243544 0.747054 0.255889 0.749652 0.268033 0.742788 0.287853 0.73685 0.270622 0.801299 0.242072 0.812741 0.252366 0.802224 0.254329 0.642248 0.285928 0.639756 0.301806 0.64072 0.28579 0.813298 0.268422 0.802224 0.254329 0.812741 0.252366 0.73685 0.270622 0.747054 0.255889 0.749652 0.268033 0.698976 0.214536 0.667726 0.225204 0.661685 0.2150779 0.719312 0.268388 0.713581 0.285972 0.706607 0.266182 0.775808 0.295876 0.764608 0.283778 0.775528 0.285474 0.797579 0.2316049 0.792367 0.2152349 0.806673 0.226822 0.64776 0.226917 0.653025 0.242166 0.643809 0.238363 0.801299 0.242072 0.806673 0.226822 0.810659 0.238146 0.740986 0.22857 0.747227 0.243544 0.737662 0.240164 0.647791 0.286693 0.641818 0.269134 0.654495 0.266825 0.782522 0.247393 0.767253 0.242685 0.781118 0.242347 0.697026 0.28689 0.700972 0.276411 0.713581 0.285972 0.78803 0.296839 0.775528 0.285474 0.786334 0.283133 0.652261 0.254548 0.641818 0.269134 0.641865 0.25281 0.719312 0.268388 0.708769 0.253848 0.719156 0.25206 0.750314 0.232833 0.754672 0.216193 0.760978 0.226508 0.661685 0.2150779 0.656726 0.231232 0.64776 0.226917 0.78803 0.296839 0.786334 0.283133 0.795214 0.276805 0.777159 0.344994 0.789241 0.333266 0.793328 0.342709 0.747441 0.338373 0.747841 0.32397 0.754106 0.330293 0.650253 0.315439 0.644332 0.328495 0.641192 0.316345 0.805318 0.322401 0.806491 0.336785 0.799412 0.329081 0.64119 0.301907 0.642248 0.285928 0.647791 0.286693 0.681187 0.345606 0.693337 0.334061 0.697403 0.3433 0.67041 0.280664 0.660241 0.276938 0.661837 0.275266 0.704305 0.230512 0.700142 0.232152 0.699493 0.230109 0.699493 0.230109 0.697754 0.2342759 0.695977 0.232976 0.70638 0.253716 0.706607 0.266182 0.704404 0.265375 0.702567 0.261413 0.697845 0.267753 0.69984 0.261031 0.701408 0.251096 0.69984 0.261031 0.698867 0.251854 0.698867 0.251854 0.697562 0.24505 0.701408 0.251096 0.657987 0.23294 0.653025 0.242166 0.656726 0.231232 0.704404 0.265375 0.700972 0.276411 0.699292 0.274821 0.680675 0.284664 0.69083 0.280362 0.691687 0.282532 0.669615 0.282857 0.68065 0.282318 0.680675 0.284664 0.652261 0.254548 0.655428 0.242597 0.65464 0.254291 0.670381 0.261677 0.69129 0.251633 0.692059 0.261212 0.672702 0.2463099 0.687667 0.240961 0.689034 0.245982 0.66345 0.234925 0.668672 0.24139 0.666404 0.241479 0.669343 0.332092 0.681076 0.335691 0.668784 0.33435 0.654202 0.308346 0.658335 0.300539 0.659702 0.302406 0.702138 0.327795 0.709522 0.322815 0.703481 0.329652 0.693337 0.334061 0.681046 0.333351 0.692719 0.331818 0.669343 0.332092 0.658554 0.330168 0.659843 0.328277 0.66857 0.29643 0.659702 0.302406 0.658335 0.300539 0.650253 0.315439 0.654375 0.322325 0.652398 0.323449 0.703291 0.300006 0.707553 0.307799 0.701989 0.301912 0.703481 0.329652 0.692719 0.331818 0.702138 0.327795 0.709541 0.306693 0.70928 0.314795 0.707553 0.307799 0.692436 0.298391 0.680777 0.294936 0.693006 0.296097 0.701989 0.301912 0.693006 0.296097 0.703291 0.300006 0.707502 0.32176 0.711554 0.314773 0.709522 0.322815 0.659843 0.328277 0.652398 0.323449 0.654375 0.322325 0.652524 0.315363 0.652168 0.307327 0.654202 0.308346 0.781118 0.242347 0.765005 0.234672 0.782976 0.23423 0.760978 0.226508 0.784728 0.229879 0.763043 0.2304159 0.699306 0.269096 0.691836 0.269966 0.697845 0.267753 0.765005 0.234672 0.762085 0.242805 0.758266 0.235367 0.754765 0.232738 0.760978 0.226508 0.763043 0.2304159 0.763043 0.2304159 0.758266 0.235367 0.754765 0.232738 0.695077 0.240909 0.69519 0.2461619 0.692821 0.240918 0.786592 0.225866 0.754672 0.216193 0.792367 0.2152349 0.66978 0.228967 0.693176 0.22479 0.691229 0.22859 0.693176 0.22479 0.699493 0.230109 0.691229 0.22859 0.695977 0.232976 0.691229 0.22859 0.699493 0.230109 0.692821 0.240918 0.689445 0.2328709 0.695977 0.232976 0.664899 0.268469 0.659902 0.262346 0.662607 0.261842 0.666564 0.2467589 0.666404 0.241479 0.668672 0.24139 0.670997 0.270416 0.663501 0.269876 0.664899 0.268469 0.670997 0.270416 0.692511 0.272774 0.670454 0.273253 0.704305 0.230512 0.705593 0.241951 0.703079 0.232222 0.670997 0.270416 0.692059 0.261212 0.691836 0.269966 0.759969 0.247923 0.763995 0.253597 0.756225 0.253776 0.762085 0.242805 0.766088 0.247791 0.759969 0.247923 0.656726 0.231232 0.660956 0.232854 0.657987 0.23294 0.784885 0.253096 0.766088 0.247791 0.782522 0.247393 0.692821 0.240918 0.689034 0.245982 0.687667 0.240961 0.69519 0.2461619 0.69129 0.251633 0.689034 0.245982 0.671724 0.233199 0.691229 0.22859 0.689445 0.2328709 0.66345 0.234925 0.661565 0.2307749 0.665189 0.233556 0.708769 0.253848 0.705593 0.241951 0.707985 0.241443 0.695977 0.232976 0.695077 0.240909 0.692821 0.240918 0.65464 0.254291 0.654495 0.266825 0.652261 0.254548 0.673834 0.241225 0.689445 0.2328709 0.687667 0.240961 0.698867 0.251854 0.692059 0.261212 0.69129 0.251633 0.697845 0.267753 0.692059 0.261212 0.69984 0.261031 0.670715 0.252066 0.689034 0.245982 0.69129 0.251633 0.66059 0.251985 0.662607 0.261842 0.659902 0.262346 0.785573 0.2719 0.763597 0.263418 0.785748 0.262888 0.7577 0.270494 0.763597 0.263418 0.764202 0.272411 0.756225 0.253776 0.763597 0.263418 0.755527 0.263415 0.680695 0.287323 0.691687 0.282532 0.697026 0.28689 0.641865 0.25281 0.653025 0.242166 0.652261 0.254548 0.786592 0.225866 0.793115 0.23177 0.784728 0.229879 0.789743 0.2345899 0.784728 0.229879 0.793115 0.23177 0.786288 0.242217 0.782976 0.23423 0.789743 0.2345899 0.786288 0.242217 0.782522 0.247393 0.781118 0.242347 0.788642 0.247236 0.784885 0.253096 0.782522 0.247393 0.792657 0.252907 0.785748 0.262888 0.784885 0.253096 0.791976 0.269676 0.785748 0.262888 0.793809 0.262503 0.660241 0.276938 0.656646 0.265884 0.661837 0.275266 0.699292 0.274821 0.691687 0.282532 0.69083 0.280362 0.664143 0.245759 0.663161 0.252627 0.66059 0.251985 0.664899 0.268469 0.670381 0.261677 0.670997 0.270416 0.663161 0.252627 0.670381 0.261677 0.662607 0.261842 0.666564 0.2467589 0.670715 0.252066 0.663161 0.252627 0.668672 0.24139 0.672702 0.2463099 0.666564 0.2467589 0.668672 0.24139 0.671724 0.233199 0.673834 0.241225 0.661565 0.2307749 0.667726 0.225204 0.66978 0.228967 0.66978 0.228967 0.665189 0.233556 0.661565 0.2307749 0.660241 0.276938 0.664361 0.28733 0.647791 0.286693 0.753588 0.301716 0.742788 0.287853 0.755377 0.277988 0.721925 0.31573 0.72043 0.30114 0.721866 0.301104 0.680777 0.294936 0.669191 0.298715 0.66857 0.29643 0.651749 0.337791 0.664591 0.344889 0.651012 0.338749 0.23225 0.24152 0.22008 0.23116 0.23306 0.23927 0.23269 0.1306599 0.22235 0.1368899 0.21935 0.13592 0.23225 0.24152 0.25465 0.24308 0.25468 0.24557 0.23269 0.1306599 0.25489 0.1313599 0.23316 0.13313 0.27741 0.24096 0.25465 0.24308 0.2763 0.23881 0.2935 0.2256 0.2763 0.23881 0.29153 0.2242 0.30323 0.2044399 0.29153 0.2242 0.30092 0.20375 0.30323 0.2044399 0.30256 0.18751 0.30496 0.18743 0.30217 0.16947 0.30256 0.18751 0.29991 0.17031 0.29071 0.14875 0.29991 0.17031 0.28882 0.15027 0.27446 0.13466 0.28882 0.15027 0.27327 0.13681 0.25513 0.12884 0.27327 0.13681 0.25489 0.1313599 0.21984 0.22996 0.22838 0.21926 0.22177 0.23098 0.2185 0.2323099 0.22177 0.23098 0.22008 0.23116 0.23317 0.2018 0.22838 0.21926 0.22614 0.21852 0.23712 0.1858299 0.23531 0.20224 0.23317 0.2018 0.23412 0.1686699 0.23924 0.1859599 0.23712 0.1858299 0.22931 0.15308 0.23633 0.16818 0.23412 0.1686699 0.21935 0.13592 0.22235 0.13741 0.22073 0.13809 0.22073 0.13809 0.23135 0.15219 0.22931 0.15308 0.23729 0.38945 0.2009699 0.41351 0.2009699 0.38948 0.98193 0.93423 0.94166 0.97789 0.94168 0.93418 0.13771 0.93411 0.09749996 0.97774 0.09754997 0.9341 0.21813 0.97765 0.17792 0.93408 0.21816 0.93401 0.21812 0.98637 0.17786 0.98603 0.21813 0.98601 0.13766 0.98605 0.09748995 0.98637 0.09749996 0.98609 0.13766 0.98605 0.17787 0.98637 0.13766 0.98637 0.1376799 0.97772 0.17792 0.93408 0.17787 0.97769 0.05737996 0.97783 0.09754997 0.9341 0.09749996 0.97774 0.09749996 0.98609 0.05737996 0.98637 0.05737996 0.9862 0.98193 0.98619 0.94166 0.98637 0.94166 0.98628 0.01730996 0.98637 0.05737996 0.9862 0.05737996 0.98637 0.01730996 0.97782 0.05742996 0.93417 0.05737996 0.97783 0.21816 0.93401 0.17794 0.92282 0.21817 0.92276 0.17794 0.92282 0.13771 0.93411 0.13772 0.92286 0.13772 0.92286 0.09754997 0.9341 0.09755998 0.92285 0.05742996 0.93417 0.09755998 0.92285 0.09754997 0.9341 0.01730996 0.93417 0.05743998 0.92291 0.05742996 0.93417 0.98193 0.92297 0.94168 0.93418 0.94168 0.92292 0.74052 0.97766 0.70039 0.93398 0.74057 0.93406 0.86118 0.97778 0.82098 0.93407 0.86119 0.93416 0.9014 0.97784 0.94168 0.93418 0.94166 0.97789 0.9014 0.98637 0.94166 0.98628 0.94166 0.98637 0.82093 0.98606 0.86117 0.98637 0.82093 0.98637 0.86117 0.98612 0.9014 0.98637 0.86117 0.98637 0.9014 0.97784 0.86119 0.93416 0.90144 0.9342 0.82094 0.9777 0.78078 0.93408 0.82098 0.93407 0.78071 0.98602 0.82093 0.98637 0.78071 0.98637 0.70033 0.98599 0.74051 0.98637 0.70033 0.98637 0.7405 0.986 0.78071 0.98637 0.74051 0.98637 0.78071 0.97768 0.74057 0.93406 0.78078 0.93408 0.90144 0.9342 0.94168 0.92292 0.94168 0.93418 0.86119 0.9229 0.90144 0.9342 0.86119 0.93416 0.82099 0.92282 0.86119 0.93416 0.82098 0.93407 0.78079 0.92282 0.82098 0.93407 0.78078 0.93408 0.74058 0.9228 0.78078 0.93408 0.74057 0.93406 0.74058 0.9228 0.70039 0.93398 0.70041 0.92273 0.49972 0.97761 0.45951 0.93386 0.49968 0.9339 0.62007 0.93395 0.57992 0.97759 0.57995 0.93387 0.70034 0.97763 0.66023 0.93399 0.70039 0.93398 0.66017 0.98598 0.70033 0.98637 0.66017 0.98637 0.57991 0.98637 0.62003 0.98597 0.62003 0.98637 0.62003 0.98637 0.66017 0.98598 0.66017 0.98637 0.62004 0.97762 0.66023 0.93399 0.66017 0.97763 0.53982 0.97761 0.57995 0.93387 0.57992 0.97759 0.53983 0.98637 0.57991 0.98597 0.57991 0.98637 0.45956 0.98597 0.49973 0.98637 0.45956 0.98637 0.49973 0.98637 0.53983 0.98597 0.53983 0.98637 0.49972 0.97761 0.53983 0.93391 0.53982 0.97761 0.70039 0.93398 0.66026 0.92272 0.70041 0.92273 0.66026 0.92272 0.62007 0.93395 0.62009 0.92268 0.62009 0.92268 0.57995 0.93387 0.57996 0.92261 0.53983 0.93391 0.57996 0.92261 0.57995 0.93387 0.49968 0.9339 0.53984 0.92263 0.53983 0.93391 0.45951 0.92259 0.49968 0.9339 0.45951 0.93386 0.25842 0.97766 0.21816 0.93401 0.25842 0.93405 0.3792 0.97762 0.33894 0.93394 0.37915 0.93395 0.45955 0.97759 0.41934 0.93392 0.45951 0.93386 0.41937 0.98597 0.45956 0.98637 0.41937 0.98637 0.33899 0.98598 0.3792 0.98637 0.33899 0.98637 0.3792 0.98597 0.41937 0.98637 0.3792 0.98637 0.41937 0.97761 0.37915 0.93395 0.41934 0.93392 0.33898 0.97761 0.2987 0.93402 0.33894 0.93394 0.29871 0.98599 0.33899 0.98637 0.29871 0.98637 0.21813 0.98601 0.2584 0.98637 0.21812 0.98637 0.2584 0.98637 0.29871 0.98599 0.29871 0.98637 0.2987 0.97764 0.25842 0.93405 0.2987 0.93402 0.41934 0.92265 0.45951 0.93386 0.41934 0.93392 0.37914 0.92268 0.41934 0.93392 0.37915 0.93395 0.33893 0.92268 0.37915 0.93395 0.33894 0.93394 0.2987 0.92276 0.33894 0.93394 0.2987 0.93402 0.25842 0.92279 0.2987 0.93402 0.25842 0.93405 0.21817 0.92276 0.25842 0.93405 0.21816 0.93401 0.6746 0.41346 0.63811 0.38949 0.67461 0.38945 0.89336 0.39037 0.85694 0.41392 0.85695 0.38967 0.13772 0.91459 0.09757995 0.90562 0.13774 0.90561 0.21818 0.90554 0.17795 0.91455 0.17796 0.90558 0.17795 0.91455 0.13774 0.90561 0.17796 0.90558 0.94168 0.91465 0.98193 0.90571 0.98193 0.91469 0.05743998 0.91463 0.09757995 0.90562 0.09757 0.91458 0.01730996 0.91464 0.05744999 0.90565 0.05743998 0.91463 0.12811 0.41345 0.09165996 0.38947 0.12811 0.38942 0.12806 0.44663 0.09166997 0.43506 0.12809 0.43501 0.16465 0.44663 0.201 0.43507 0.20101 0.44663 0.21839 0.46937 0.17816 0.46281 0.21839 0.46281 0.16462 0.43503 0.12806 0.44663 0.12809 0.43501 0.13796 0.46281 0.17817 0.46937 0.13796 0.46937 0.13796 0.46281 0.09773999 0.46938 0.09772998 0.46281 0.1646 0.41344 0.2009699 0.38948 0.2009699 0.41351 0.16462 0.43503 0.2009699 0.41351 0.201 0.43507 0.1646 0.41344 0.12811 0.38942 0.16458 0.38944 0.12811 0.41345 0.16462 0.43503 0.12809 0.43501 0.09166997 0.41344 0.12809 0.43501 0.09166997 0.43506 0.89336 0.43588 0.85691 0.44663 0.85692 0.43524 0.09166997 0.44663 0.05516999 0.4349 0.09166997 0.43506 0.05751997 0.46281 0.09773999 0.46938 0.05752998 0.46938 0.05518996 0.44663 0.01863998 0.43429 0.05516999 0.4349 0.01730996 0.46281 0.05752998 0.46938 0.01730996 0.46938 0.94164 0.46281 0.98193 0.46938 0.94165 0.46938 0.09166997 0.41344 0.05513995 0.38932 0.09165996 0.38947 0.05515998 0.41325 0.09166997 0.43506 0.05516999 0.4349 0.05513995 0.38932 0.01863998 0.41244 0.01863998 0.38882 0.01863998 0.41244 0.05516999 0.4349 0.01863998 0.43429 0.85694 0.41392 0.89336 0.43588 0.85692 0.43524 0.8612 0.91463 0.821 0.90559 0.86121 0.90565 0.90145 0.91466 0.94169 0.90568 0.94168 0.91465 0.8612 0.91463 0.90145 0.90568 0.90145 0.91466 0.70044 0.90549 0.74059 0.91452 0.70042 0.91446 0.82099 0.91455 0.7808 0.90557 0.821 0.90559 0.7808 0.91455 0.7406 0.90555 0.7808 0.90557 0.78404 0.41349 0.74767 0.3895 0.78402 0.38943 0.74756 0.43508 0.78404 0.44663 0.74754 0.44663 0.82055 0.44663 0.85692 0.43524 0.85691 0.44663 0.9014 0.46938 0.94164 0.46281 0.94165 0.46938 0.82055 0.44663 0.78405 0.43501 0.82053 0.4351 0.86119 0.46937 0.90138 0.46281 0.9014 0.46938 0.86118 0.46281 0.82103 0.46937 0.82103 0.46281 0.85695 0.38967 0.82051 0.41351 0.82049 0.38951 0.85694 0.41392 0.82053 0.4351 0.82051 0.41351 0.82051 0.41351 0.78402 0.38943 0.82049 0.38951 0.78404 0.41349 0.82053 0.4351 0.78405 0.43501 0.74762 0.41349 0.78405 0.43501 0.74756 0.43508 0.6746 0.43503 0.6381 0.44663 0.6381 0.43508 0.74754 0.44663 0.71116 0.43503 0.74756 0.43508 0.78088 0.46937 0.82103 0.46281 0.82103 0.46937 0.7112 0.44663 0.6746 0.43503 0.71116 0.43503 0.7407 0.46937 0.78088 0.46281 0.78088 0.46937 0.70052 0.46281 0.7407 0.46937 0.70053 0.46937 0.74762 0.41349 0.71108 0.38944 0.74767 0.3895 0.7111 0.41346 0.74756 0.43508 0.71116 0.43503 0.7111 0.41346 0.67461 0.38945 0.71108 0.38944 0.6746 0.41346 0.71116 0.43503 0.6746 0.43503 0.6746 0.41346 0.6381 0.43508 0.6381 0.41352 0.45529 0.38946 0.41874 0.41354 0.41874 0.38951 0.62011 0.90542 0.57997 0.91433 0.57998 0.90537 0.66029 0.90546 0.70042 0.91446 0.66027 0.91445 0.4595 0.90535 0.49967 0.91433 0.4595 0.91432 0.53984 0.91435 0.57998 0.90537 0.57997 0.91433 0.49967 0.91433 0.53984 0.90536 0.53984 0.91435 0.56502 0.41348 0.52847 0.3895 0.56504 0.38946 0.52847 0.43509 0.565 0.44663 0.52849 0.44663 0.6381 0.44663 0.60159 0.43504 0.6381 0.43508 0.66041 0.46281 0.70053 0.46937 0.66041 0.46937 0.60162 0.44663 0.56502 0.43504 0.60159 0.43504 0.62032 0.46281 0.66041 0.46937 0.62032 0.46936 0.58017 0.46281 0.62032 0.46936 0.58017 0.46936 0.6381 0.41352 0.60157 0.38946 0.63811 0.38949 0.60158 0.41347 0.6381 0.43508 0.60159 0.43504 0.60158 0.41347 0.56504 0.38946 0.60157 0.38946 0.56502 0.41348 0.60159 0.43504 0.56502 0.43504 0.52848 0.41354 0.56502 0.43504 0.52847 0.43509 0.45526 0.43505 0.41871 0.44663 0.41872 0.43509 0.52849 0.44663 0.49192 0.43505 0.52847 0.43509 0.53994 0.46281 0.58017 0.46936 0.53995 0.46936 0.49193 0.44663 0.45526 0.43505 0.49192 0.43505 0.49975 0.46281 0.53995 0.46936 0.49975 0.46936 0.49975 0.46281 0.45959 0.46936 0.4596 0.46281 0.52848 0.41354 0.49189 0.38946 0.52847 0.3895 0.49189 0.41349 0.52847 0.43509 0.49192 0.43505 0.49189 0.38946 0.45529 0.41349 0.45529 0.38946 0.49189 0.41349 0.45526 0.43505 0.45529 0.41349 0.45529 0.41349 0.41872 0.43509 0.41874 0.41354 0.37912 0.91439 0.33891 0.90544 0.37912 0.90542 0.4595 0.91432 0.41933 0.90539 0.4595 0.90535 0.41933 0.91436 0.37912 0.90542 0.41933 0.90539 0.21818 0.90554 0.25842 0.91451 0.21817 0.9145 0.33893 0.91441 0.2987 0.9055 0.33891 0.90544 0.2987 0.91448 0.25843 0.90553 0.2987 0.9055 0.34604 0.41348 0.30986 0.3895 0.34604 0.38946 0.30987 0.43508 0.34598 0.44663 0.30989 0.44663 0.3823 0.44663 0.41872 0.43509 0.41871 0.44663 0.41938 0.46936 0.4596 0.46281 0.45959 0.46936 0.34598 0.44663 0.38231 0.43504 0.3823 0.44663 0.37916 0.46936 0.41938 0.46281 0.41938 0.46936 0.33898 0.46281 0.37916 0.46936 0.33898 0.46937 0.41874 0.38951 0.38231 0.41349 0.3823 0.38946 0.41874 0.41354 0.38231 0.43504 0.38231 0.41349 0.3823 0.38946 0.34604 0.41348 0.34604 0.38946 0.38231 0.41349 0.34601 0.43504 0.34604 0.41348 0.30987 0.41353 0.34601 0.43504 0.30987 0.43508 0.23723 0.43504 0.20101 0.44663 0.201 0.43507 0.27367 0.44663 0.30987 0.43508 0.30989 0.44663 0.29877 0.46937 0.33898 0.46281 0.33898 0.46937 0.23721 0.44663 0.27366 0.43504 0.27367 0.44663 0.25857 0.46937 0.29876 0.46281 0.29877 0.46937 0.25857 0.46281 0.21839 0.46937 0.21839 0.46281 0.30986 0.3895 0.27361 0.41347 0.27361 0.38945 0.30987 0.41353 0.27366 0.43504 0.27361 0.41347 0.27361 0.38945 0.2372699 0.41346 0.23729 0.38945 0.27361 0.41347 0.23723 0.43504 0.2372699 0.41346 0.2372699 0.41346 0.201 0.43507 0.2009699 0.41351 0.09371995 0.2044 0.14277 0.18676 0.14326 0.20612 0.12137 0.14006 0.14399 0.15002 0.10454 0.1507599 0.51387 0.30073 0.54182 0.2846 0.52876 0.29426 0.4816 0.18025 0.45365 0.19638 0.46671 0.18672 0.45365 0.19638 0.43744 0.2243199 0.44402 0.20947 0.43744 0.2243199 0.43749 0.25662 0.43571 0.24047 0.43749 0.25662 0.45362 0.28458 0.44396 0.27152 0.45362 0.28458 0.48156 0.30078 0.46671 0.2942 0.48156 0.30078 0.51387 0.30073 0.49772 0.30251 0.54182 0.2846 0.55802 0.25666 0.55144 0.27151 0.55802 0.25666 0.55798 0.22436 0.55976 0.24051 0.55798 0.22436 0.54184 0.1964 0.5515 0.20946 0.54184 0.1964 0.5139 0.1802 0.52876 0.18678 0.5139 0.1802 0.4816 0.18025 0.49775 0.17846 0.08449995 0.07397997 0.12262 0.05690997 0.09082996 0.08037996 0.11812 0.04903995 0.15942 0.04232996 0.12262 0.05690997 0.15707 0.03353995 0.1987 0.03750997 0.15942 0.04232996 0.19866 0.02840995 0.23796 0.04275 0.1987 0.03750997 0.23796 0.04275 0.27914 0.04961997 0.27473 0.05756998 0.27473 0.05756998 0.31283 0.07453 0.30664 0.08098995 0.30664 0.08098995 0.339 0.1071799 0.33149 0.11168 0.33149 0.11168 0.35567 0.14551 0.34742 0.14777 0.35567 0.14551 0.35295 0.1868399 0.34742 0.14777 0.35558 0.22816 0.35295 0.1868399 0.36138 0.1868399 0.35558 0.22816 0.33131 0.26194 0.34735 0.2258999 0.33883 0.26646 0.3064 0.29258 0.33131 0.26194 0.31259 0.29906 0.27446 0.31598 0.3064 0.29258 0.27886 0.32394 0.23768 0.33079 0.27446 0.31598 0.23768 0.33079 0.19837 0.34512 0.19842 0.33601 0.15678 0.33996 0.19842 0.33601 0.19837 0.34512 0.15914 0.33118 0.11786 0.32443 0.12236 0.31658 0.08427 0.29946 0.12236 0.31658 0.11786 0.32443 0.05836999 0.26661 0.09059995 0.29307 0.08427 0.29946 0.06612998 0.26209 0.04201996 0.2281 0.05066996 0.2257699 0.04538995 0.18668 0.04201996 0.2281 0.03645998 0.18667 0.04210996 0.14526 0.04538995 0.18668 0.03645998 0.18667 0.04210996 0.14526 0.06629997 0.11131 0.05075997 0.1475999 0.05853998 0.10678 0.09082996 0.08037996 0.06629997 0.11131 0.09082996 0.08037996 0.12426 0.05971997 0.09315997 0.08270996 0.11695 0.04701 0.08331996 0.07280999 0.08284997 0.07232999 0.12262 0.05690997 0.16026 0.04543995 0.12426 0.05971997 0.15644 0.03126996 0.11728 0.04759997 0.11695 0.04701 0.16026 0.04543995 0.1987 0.03750997 0.19873 0.04072999 0.19864 0.02673995 0.15644 0.03126996 0.19864 0.02605998 0.19873 0.04072999 0.23796 0.04275 0.23717 0.04585999 0.24064 0.03227996 0.19864 0.02605998 0.24082 0.03161996 0.23717 0.04585999 0.27473 0.05756998 0.27313 0.06040996 0.27994 0.04813998 0.24082 0.03161996 0.28026 0.04753994 0.27313 0.06040996 0.30664 0.08098995 0.30425 0.08344995 0.31442 0.07283997 0.27994 0.04813998 0.28026 0.04753994 0.30425 0.08344995 0.33149 0.11168 0.3284 0.11354 0.34095 0.10599 0.31398 0.07333999 0.31442 0.07283997 0.3284 0.11354 0.34742 0.14777 0.34391 0.1487399 0.35783 0.14489 0.3404 0.10635 0.34095 0.10599 0.34742 0.14777 0.34934 0.18683 0.34391 0.1487399 0.36298 0.18685 0.35783 0.14489 0.36361 0.18685 0.35774 0.22879 0.36298 0.18685 0.36361 0.18685 0.35295 0.1868399 0.34384 0.22491 0.34934 0.18683 0.34735 0.2258999 0.32824 0.26008 0.34384 0.22491 0.34077 0.26766 0.35714 0.22859 0.35774 0.22879 0.33131 0.26194 0.30403 0.29012 0.32824 0.26008 0.31374 0.30026 0.34077 0.26766 0.31418 0.30076 0.3064 0.29258 0.27287 0.31314 0.30403 0.29012 0.27999 0.32602 0.31374 0.30026 0.31418 0.30076 0.27446 0.31598 0.23689 0.32768 0.27287 0.31314 0.24053 0.34193 0.27967 0.32542 0.27999 0.32602 0.23768 0.33079 0.19845 0.3328 0.23689 0.32768 0.19835 0.34747 0.24036 0.34127 0.24053 0.34193 0.15633 0.34158 0.19835 0.34747 0.15615 0.34223 0.19845 0.3328 0.15914 0.33118 0.15999 0.32807 0.15999 0.32807 0.12236 0.31658 0.124 0.31376 0.1170099 0.32587 0.15615 0.34223 0.11669 0.32646 0.08307999 0.30063 0.11669 0.32646 0.08261996 0.30111 0.124 0.31376 0.09059995 0.29307 0.09293997 0.29074 0.05693 0.26743 0.08261996 0.30111 0.05634999 0.26777 0.09293997 0.29074 0.06612998 0.26209 0.069 0.26042 0.069 0.26042 0.05066996 0.2257699 0.0539 0.2249 0.04041999 0.22853 0.05634999 0.26777 0.03977996 0.2287099 0.03480994 0.18667 0.03977996 0.2287099 0.03413999 0.18667 0.0539 0.2249 0.04538995 0.18668 0.04874998 0.18668 0.03986996 0.14465 0.03480994 0.18667 0.03413999 0.18667 0.04538995 0.18668 0.05398994 0.14847 0.04874998 0.18668 0.05075997 0.1475999 0.06916999 0.11298 0.05398994 0.14847 0.05651998 0.10562 0.04051995 0.14483 0.03986996 0.14465 0.06629997 0.11131 0.09315997 0.08270996 0.06916999 0.11298 0.08284997 0.07232999 0.05709999 0.10596 0.05651998 0.10562 0.16403 0.31301 0.19845 0.3328 0.15999 0.32807 0.23717 0.04585999 0.1988 0.05634999 0.19873 0.04072999 0.19873 0.04072999 0.1643 0.06050997 0.16026 0.04543995 0.16026 0.04543995 0.1320199 0.07324999 0.12426 0.05971997 0.1320199 0.07324999 0.09315997 0.08270996 0.12426 0.05971997 0.1041 0.09375 0.06916999 0.11298 0.09315997 0.08270996 0.08256995 0.1208 0.05398994 0.14847 0.06916999 0.11298 0.06893998 0.15252 0.04874998 0.18668 0.05398994 0.14847 0.04874998 0.18668 0.06885999 0.22087 0.0539 0.2249 0.0539 0.2249 0.08240997 0.25262 0.069 0.26042 0.069 0.26042 0.10389 0.27971 0.09293997 0.29074 0.09293997 0.29074 0.13176 0.30025 0.124 0.31376 0.13176 0.30025 0.15999 0.32807 0.124 0.31376 0.19853 0.31718 0.23689 0.32768 0.19845 0.3328 0.233 0.31254 0.27287 0.31314 0.23689 0.32768 0.26527 0.29953 0.30403 0.29012 0.27287 0.31314 0.29331 0.27903 0.32824 0.26008 0.30403 0.29012 0.31521 0.25226 0.34384 0.22491 0.32824 0.26008 0.32954 0.22078 0.34934 0.18683 0.34384 0.22491 0.33464 0.18682 0.34391 0.1487399 0.34934 0.18683 0.32959 0.15285 0.3284 0.11354 0.34391 0.1487399 0.31538 0.12133 0.30425 0.08344995 0.3284 0.11354 0.30425 0.08344995 0.26552 0.07400995 0.27313 0.06040996 0.27313 0.06040996 0.23327 0.06099998 0.23717 0.04585999 0.16403 0.31301 0.19862 0.31338 0.19853 0.31718 0.23327 0.06099998 0.19889 0.06015998 0.1988 0.05634999 0.19889 0.06015998 0.1643 0.06050997 0.1988 0.05634999 0.16536 0.06417 0.1320199 0.07324999 0.1643 0.06050997 0.13399 0.07650995 0.1041 0.09375 0.1320199 0.07324999 0.10683 0.09639996 0.08256995 0.1208 0.1041 0.09375 0.08587998 0.12267 0.06893998 0.15252 0.08256995 0.1208 0.07261997 0.15349 0.06422996 0.18669 0.06893998 0.15252 0.06422996 0.18669 0.07253998 0.21991 0.06885999 0.22087 0.06885999 0.22087 0.08572 0.25075 0.08240997 0.25262 0.08240997 0.25262 0.10662 0.27706 0.10389 0.27971 0.10389 0.27971 0.1337299 0.29699 0.13176 0.30025 0.13176 0.30025 0.1651 0.30935 0.16403 0.31301 0.19862 0.31338 0.233 0.31254 0.19853 0.31718 0.23212 0.30884 0.26527 0.29953 0.233 0.31254 0.26346 0.2962 0.29331 0.27903 0.26527 0.29953 0.29074 0.27632 0.31521 0.25226 0.29331 0.27903 0.31228 0.25048 0.32954 0.22078 0.31521 0.25226 0.32626 0.21988 0.33464 0.18682 0.32954 0.22078 0.33096 0.18682 0.32959 0.15285 0.33464 0.18682 0.32959 0.15285 0.31245 0.1231 0.31538 0.12133 0.31538 0.12133 0.29098 0.09722 0.29353 0.09451997 0.29353 0.09451997 0.26371 0.07734 0.26552 0.07400995 0.26552 0.07400995 0.23238 0.0647 0.23327 0.06099998 0.1651 0.30935 0.19875 0.30702 0.19862 0.31338 0.23238 0.0647 0.19901 0.06650996 0.19889 0.06015998 0.19901 0.06650996 0.16536 0.06417 0.19889 0.06015998 0.1671 0.07029998 0.13399 0.07650995 0.16536 0.06417 0.13722 0.08199 0.10683 0.09639996 0.13399 0.07650995 0.1113499 0.1008599 0.08587998 0.12267 0.10683 0.09639996 0.09139996 0.1258299 0.07261997 0.15349 0.08587998 0.12267 0.07876998 0.15513 0.06803995 0.18669 0.07261997 0.15349 0.07440996 0.18669 0.07253998 0.21991 0.06803995 0.18669 0.07253998 0.21991 0.09123998 0.2476 0.08572 0.25075 0.08572 0.25075 0.1111299 0.2726 0.10662 0.27706 0.10662 0.27706 0.13696 0.29151 0.1337299 0.29699 0.1337299 0.29699 0.16684 0.30323 0.1651 0.30935 0.19862 0.31338 0.23062 0.30266 0.23212 0.30884 0.23062 0.30266 0.26346 0.2962 0.23212 0.30884 0.26046 0.29059 0.29074 0.27632 0.26346 0.2962 0.28658 0.27172 0.31228 0.25048 0.29074 0.27632 0.3073 0.24728 0.32626 0.21988 0.31228 0.25048 0.32085 0.21836 0.33096 0.18682 0.32626 0.21988 0.32554 0.18681 0.3263 0.15375 0.33096 0.18682 0.3263 0.15375 0.30748 0.1262699 0.31245 0.1231 0.31245 0.1231 0.28685 0.10172 0.29098 0.09722 0.29098 0.09722 0.26079 0.08291995 0.26371 0.07734 0.26371 0.07734 0.23089 0.07084995 0.23238 0.0647 0.16684 0.30323 0.19888 0.30507 0.19875 0.30702 0.23089 0.07084995 0.19915 0.06844997 0.19901 0.06650996 0.19915 0.06844997 0.1671 0.07029998 0.19901 0.06650996 0.16768 0.07220995 0.13722 0.08199 0.1671 0.07029998 0.13827 0.08367997 0.1113499 0.1008599 0.13722 0.08199 0.1128 0.10224 0.09139996 0.1258299 0.1113499 0.1008599 0.09318 0.12681 0.07876998 0.15513 0.09139996 0.1258299 0.08076 0.15564 0.07440996 0.18669 0.07876998 0.15513 0.07440996 0.18669 0.08066999 0.21775 0.07868999 0.21827 0.07868999 0.21827 0.09301 0.24661 0.09123998 0.2476 0.09123998 0.2476 0.11258 0.27123 0.1111299 0.2726 0.1111299 0.2726 0.13801 0.28983 0.13696 0.29151 0.13696 0.29151 0.16742 0.30131 0.16684 0.30323 0.19888 0.30507 0.23062 0.30266 0.19875 0.30702 0.23024 0.3008 0.26046 0.29059 0.23062 0.30266 0.25963 0.28894 0.28658 0.27172 0.26046 0.29059 0.28523 0.27019 0.3073 0.24728 0.28658 0.27172 0.30527 0.24599 0.32085 0.21836 0.3073 0.24728 0.31838 0.21763 0.32554 0.18681 0.32085 0.21836 0.32294 0.18682 0.32087 0.15526 0.32554 0.18681 0.32087 0.15526 0.30542 0.12756 0.30748 0.1262699 0.30748 0.1262699 0.28539 0.10335 0.28685 0.10172 0.28685 0.10172 0.2599 0.08465999 0.26079 0.08291995 0.26079 0.08291995 0.2305 0.07273995 0.23089 0.07084995 0.16742 0.30131 0.1989499 0.30342 0.19888 0.30507 0.2305 0.07273995 0.19922 0.0701 0.19915 0.06844997 0.19922 0.0701 0.16768 0.07220995 0.19915 0.06844997 0.1682 0.07376998 0.13827 0.08367997 0.16768 0.07220995 0.13917 0.08508998 0.1128 0.10224 0.13827 0.08367997 0.114 0.10337 0.09318 0.12681 0.1128 0.10224 0.09465998 0.12764 0.08076 0.15564 0.09318 0.12681 0.08243 0.15609 0.07646995 0.18669 0.08076 0.15564 0.07646995 0.18669 0.08234 0.21729 0.08066999 0.21775 0.08066999 0.21775 0.09447997 0.24577 0.09301 0.24661 0.09301 0.24661 0.11377 0.2701 0.11258 0.27123 0.11258 0.27123 0.1389099 0.28842 0.13801 0.28983 0.13801 0.28983 0.16793 0.29976 0.16742 0.30131 0.1989499 0.30342 0.23024 0.3008 0.19888 0.30507 0.22989 0.29911 0.25963 0.28894 0.23024 0.3008 0.25889 0.28735 0.28523 0.27019 0.25963 0.28894 0.28402 0.26892 0.30527 0.24599 0.28523 0.27019 0.30387 0.24516 0.31838 0.21763 0.30527 0.24599 0.31696 0.21722 0.32294 0.18682 0.31838 0.21763 0.32294 0.18682 0.31695 0.1564 0.31839 0.15599 0.31839 0.15599 0.30403 0.12839 0.30542 0.12756 0.30542 0.12756 0.28426 0.10457 0.28539 0.10335 0.28539 0.10335 0.25912 0.08617997 0.2599 0.08465999 0.2599 0.08465999 0.23015 0.0744 0.2305 0.07273995 0.16793 0.29976 0.19884 0.25685 0.1989499 0.30342 0.22853 0.1105 0.19922 0.0701 0.23015 0.0744 0.19918 0.11669 0.1682 0.07376998 0.19922 0.0701 0.16975 0.12474 0.13917 0.08508998 0.1682 0.07376998 0.14254 0.13072 0.114 0.10337 0.13917 0.08508998 0.11928 0.13807 0.09465998 0.12764 0.114 0.10337 0.10163 0.14933 0.08243 0.15609 0.09465998 0.12764 0.09043997 0.16824 0.07822 0.18668 0.08243 0.15609 0.07822 0.18668 0.09037995 0.20512 0.08234 0.21729 0.08234 0.21729 0.10147 0.22227 0.09447997 0.24577 0.09447997 0.24577 0.11905 0.23255 0.11377 0.2701 0.11377 0.2701 0.14221 0.23921 0.1389099 0.28842 0.1389099 0.28842 0.16942 0.24747 0.16793 0.29976 0.1989499 0.30342 0.2282299 0.2641 0.22989 0.29911 0.2282299 0.2641 0.25889 0.28735 0.22989 0.29911 0.25554 0.26592 0.28402 0.26892 0.25889 0.28735 0.28329 0.25508 0.30387 0.24516 0.28402 0.26892 0.30339 0.23458 0.31696 0.21722 0.30387 0.24516 0.31381 0.2093999 0.32148 0.18682 0.31696 0.21722 0.32148 0.18682 0.31288 0.16543 0.31695 0.1564 0.31695 0.1564 0.30149 0.1403 0.30403 0.12839 0.30403 0.12839 0.27933 0.11692 0.28426 0.10457 0.28426 0.10457 0.25579 0.1085 0.25912 0.08617997 0.25912 0.08617997 0.22853 0.1105 0.23015 0.0744 0.16942 0.24747 0.19932 0.25459 0.19884 0.25685 0.2286 0.11281 0.19918 0.11669 0.22853 0.1105 0.19971 0.11898 0.16975 0.12474 0.19918 0.11669 0.17046 0.12696 0.14254 0.13072 0.16975 0.12474 0.14379 0.1328999 0.11928 0.13807 0.14254 0.13072 0.12137 0.14006 0.10163 0.14933 0.11928 0.13807 0.10454 0.1507599 0.09043997 0.16824 0.10163 0.14933 0.09378999 0.16895 0.08657997 0.18668 0.09043997 0.16824 0.09002995 0.18668 0.09037995 0.20512 0.08657997 0.18668 0.09037995 0.20512 0.1043699 0.22083 0.10147 0.22227 0.10147 0.22227 0.12114 0.23057 0.11905 0.23255 0.11905 0.23255 0.1435199 0.23712 0.14221 0.23921 0.14221 0.23921 0.17021 0.24529 0.16942 0.24747 0.19884 0.25685 0.2283 0.2618 0.2282299 0.2641 0.2282299 0.2641 0.25484 0.26345 0.25554 0.26592 0.25484 0.26345 0.28329 0.25508 0.25554 0.26592 0.28158 0.25296 0.30339 0.23458 0.28329 0.25508 0.30124 0.23347 0.31381 0.2093999 0.30339 0.23458 0.31182 0.20889 0.31628 0.1872799 0.31381 0.2093999 0.31628 0.1872799 0.31084 0.16588 0.31288 0.16543 0.31288 0.16543 0.29934 0.1413699 0.30149 0.1403 0.30149 0.1403 0.27774 0.11902 0.27933 0.11692 0.27933 0.11692 0.25509 0.111 0.25579 0.1085 0.25579 0.1085 0.2286 0.11281 0.22853 0.1105 0.09002995 0.18668 0.1431699 0.16883 0.14277 0.18676 0.1437 0.22286 0.09371995 0.2044 0.14326 0.20612 0.12114 0.23057 0.1437 0.22286 0.1435199 0.23712 0.09378999 0.16895 0.14399 0.15002 0.1431699 0.16883 0.1435199 0.23712 0.1701599 0.22395 0.17021 0.24529 0.1701599 0.22395 0.14326 0.20612 0.16926 0.2069 0.14326 0.20612 0.16914 0.18679 0.16926 0.2069 0.14277 0.18676 0.16918 0.16883 0.16914 0.18679 0.16979 0.14967 0.1431699 0.16883 0.14399 0.15002 0.14379 0.1328999 0.16979 0.14967 0.14399 0.15002 0.17021 0.24529 0.19896 0.22495 0.19932 0.25459 0.19896 0.22495 0.16926 0.2069 0.1973299 0.20767 0.19668 0.18682 0.16926 0.2069 0.16914 0.18679 0.16914 0.18679 0.19727 0.16894 0.19668 0.18682 0.19793 0.14951 0.16918 0.16883 0.16979 0.14967 0.17046 0.12696 0.19793 0.14951 0.16979 0.14967 0.19896 0.22495 0.2176499 0.23274 0.19932 0.25459 0.19932 0.25459 0.2319 0.2424 0.2283 0.2618 0.1973299 0.20767 0.22422 0.22045 0.19896 0.22495 0.19668 0.18682 0.23171 0.20273 0.1973299 0.20767 0.23268 0.16781 0.19668 0.18682 0.19727 0.16894 0.22759 0.15151 0.19727 0.16894 0.19793 0.14951 0.21854 0.13543 0.19793 0.14951 0.19971 0.11898 0.23238 0.12973 0.19971 0.11898 0.2286 0.11281 0.2283 0.2618 0.25465 0.2465299 0.25484 0.26345 0.25509 0.111 0.23238 0.12973 0.2286 0.11281 0.25465 0.2465299 0.28158 0.25296 0.25484 0.26345 0.27774 0.24185 0.30124 0.23347 0.28158 0.25296 0.29415 0.22619 0.31182 0.20889 0.30124 0.23347 0.304 0.20477 0.31433 0.18731 0.31182 0.20889 0.31433 0.18731 0.30295 0.16916 0.31084 0.16588 0.31084 0.16588 0.29134 0.14816 0.29934 0.1413699 0.29934 0.1413699 0.27477 0.13378 0.27774 0.11902 0.27774 0.11902 0.25512 0.12787 0.25509 0.111 0.22422 0.22045 0.2185 0.2323099 0.2176499 0.23274 0.2176499 0.23274 0.23225 0.24152 0.2319 0.2424 0.23171 0.20273 0.22506 0.2203299 0.22422 0.22045 0.23592 0.18579 0.23243 0.20266 0.23171 0.20273 0.2334 0.16786 0.23592 0.18579 0.23268 0.16781 0.22832 0.1516 0.23268 0.16781 0.22759 0.15151 0.21935 0.13592 0.22759 0.15151 0.21854 0.13543 0.23269 0.1306599 0.21854 0.13543 0.23238 0.12973 0.2319 0.2424 0.25468 0.24557 0.25465 0.2465299 0.25513 0.12884 0.23238 0.12973 0.25512 0.12787 0.25468 0.24557 0.27774 0.24185 0.25465 0.2465299 0.27741 0.24096 0.29415 0.22619 0.27774 0.24185 0.2935 0.2256 0.304 0.20477 0.29415 0.22619 0.30323 0.2044399 0.30578 0.1874099 0.304 0.20477 0.30578 0.1874099 0.30217 0.16947 0.30295 0.16916 0.30295 0.16916 0.29071 0.14875 0.29134 0.14816 0.29134 0.14816 0.27446 0.13466 0.27477 0.13378 0.27477 0.13378 0.25513 0.12884 0.25512 0.12787 0.05510997 0.3767 0.09165996 0.38947 0.05513995 0.38932 0.49187 0.3767 0.52847 0.3895 0.49189 0.38946 0.52848 0.3767 0.56504 0.38946 0.52847 0.3895 0.56506 0.3767 0.60157 0.38946 0.56504 0.38946 0.60156 0.3767 0.63811 0.38949 0.60157 0.38946 0.63812 0.3767 0.67461 0.38945 0.63811 0.38949 0.67464 0.3767 0.71108 0.38944 0.67461 0.38945 0.71105 0.3767 0.74767 0.3895 0.71108 0.38944 0.7477 0.3767 0.78402 0.38943 0.74767 0.3895 0.78401 0.3767 0.82049 0.38951 0.78402 0.38943 0.82047 0.3767 0.85695 0.38967 0.82049 0.38951 0.85696 0.3767 0.89336 0.39037 0.85695 0.38967 0.01863998 0.3767 0.05513995 0.38932 0.01863998 0.38882 0.09165996 0.3767 0.12811 0.38942 0.09165996 0.38947 0.12812 0.3767 0.16458 0.38944 0.12811 0.38942 0.16458 0.38944 0.20098 0.3767 0.2009699 0.38948 0.2009699 0.38948 0.23732 0.3767 0.23729 0.38945 0.23729 0.38945 0.27359 0.3767 0.27361 0.38945 0.27361 0.38945 0.30987 0.3767 0.30986 0.3895 0.30986 0.3895 0.34606 0.3767 0.34604 0.38946 0.34606 0.3767 0.3823 0.38946 0.34604 0.38946 0.3823 0.38946 0.41873 0.3767 0.41874 0.38951 0.41874 0.38951 0.45531 0.3767 0.45529 0.38946 0.45531 0.3767 0.49189 0.38946 0.45529 0.38946 0.52713 0.3503 0.54836 0.32822 0.55458 0.339 0.47154 0.14269 0.44089 0.14198 0.46833 0.13067 0.44711 0.15276 0.41737 0.16008 0.44089 0.14198 0.41737 0.16008 0.41009 0.1898699 0.39931 0.18364 0.41009 0.1898699 0.38787 0.2110199 0.39931 0.18364 0.39987 0.21424 0.38407 0.24046 0.38787 0.2110199 0.39652 0.24046 0.38792 0.26989 0.38407 0.24046 0.38792 0.26989 0.41001 0.29111 0.39923 0.29733 0.39923 0.29733 0.42612 0.31206 0.41733 0.32086 0.42612 0.31206 0.44088 0.33892 0.41733 0.32086 0.44712 0.32813 0.46827 0.35035 0.44088 0.33892 0.47149 0.33835 0.49771 0.35416 0.46827 0.35035 0.49771 0.35416 0.52392 0.33829 0.52713 0.3503 0.54836 0.32822 0.5781 0.32089 0.55458 0.339 0.5781 0.32089 0.58538 0.29111 0.59616 0.29734 0.59616 0.29734 0.5956 0.26673 0.6076 0.26995 0.6076 0.26995 0.59894 0.24052 0.6114 0.24052 0.6114 0.24052 0.59553 0.2143 0.60755 0.21109 0.60755 0.21109 0.58546 0.18986 0.59624 0.18365 0.59624 0.18365 0.56935 0.16892 0.57814 0.16012 0.57814 0.16012 0.54835 0.15285 0.55459 0.14206 0.54835 0.15285 0.5272 0.13062 0.55459 0.14206 0.52398 0.14263 0.49776 0.12682 0.5272 0.13062 0.49776 0.13928 0.46833 0.13067 0.49776 0.12682 0.22506 0.2203299 0.21984 0.22996 0.2185 0.2323099 0.23243 0.20266 0.22614 0.21852 0.22506 0.2203299 0.23656 0.18582 0.23317 0.2018 0.23243 0.20266 0.2334 0.16786 0.23712 0.1858299 0.23656 0.18582 0.22931 0.15308 0.2334 0.16786 0.22832 0.1516 0.22073 0.13809 0.22832 0.1516 0.21935 0.13592 0.6201 0.9144 0.66029 0.90546 0.66027 0.91445 0.52392 0.33829 0.52876 0.29426 0.54836 0.32822 0.56931 0.3121 0.52876 0.29426 0.54182 0.2846 0.56931 0.3121 0.55144 0.27151 0.58538 0.29111 0.58538 0.29111 0.55802 0.25666 0.5956 0.26673 0.5956 0.26673 0.55976 0.24051 0.59894 0.24052 0.59553 0.2143 0.55976 0.24051 0.55798 0.22436 0.59553 0.2143 0.5515 0.20946 0.58546 0.18986 0.56935 0.16892 0.5515 0.20946 0.54184 0.1964 0.56935 0.16892 0.52876 0.18678 0.54835 0.15285 0.52398 0.14263 0.52876 0.18678 0.5139 0.1802 0.52398 0.14263 0.49775 0.17846 0.49776 0.13928 0.47154 0.14269 0.49775 0.17846 0.4816 0.18025 0.47154 0.14269 0.46671 0.18672 0.44711 0.15276 0.44711 0.15276 0.45365 0.19638 0.42616 0.16888 0.42616 0.16888 0.44402 0.20947 0.41009 0.1898699 0.39987 0.21424 0.44402 0.20947 0.43744 0.2243199 0.39652 0.24046 0.43744 0.2243199 0.43571 0.24047 0.39994 0.26668 0.43571 0.24047 0.43749 0.25662 0.39994 0.26668 0.44396 0.27152 0.41001 0.29111 0.42612 0.31206 0.44396 0.27152 0.45362 0.28458 0.42612 0.31206 0.46671 0.2942 0.44712 0.32813 0.47149 0.33835 0.46671 0.2942 0.48156 0.30078 0.47149 0.33835 0.49772 0.30251 0.4977 0.3417 0.52392 0.33829 0.49772 0.30251 0.51387 0.30073 0.70049 0.7674 0.74065 0.78558 0.70048 0.78554 0.78084 0.78561 0.74066 0.76744 0.78085 0.76747 0.82105 0.78564 0.78085 0.76747 0.82106 0.7675 0.86126 0.76752 0.82105 0.78564 0.82106 0.7675 0.90148 0.78568 0.86126 0.76752 0.90149 0.76754 0.90148 0.78568 0.94172 0.76755 0.94171 0.7857 0.94171 0.7857 0.98193 0.76756 0.98193 0.78571 0.01730996 0.78568 0.05747997 0.76753 0.05746996 0.78567 0.05746996 0.78567 0.09764999 0.76752 0.09763997 0.78566 0.13783 0.7675 0.09763997 0.78566 0.09764999 0.76752 0.13781 0.78564 0.17803 0.76748 0.17802 0.78562 0.21823 0.78559 0.17803 0.76748 0.21824 0.76745 0.21824 0.76745 0.25844 0.78556 0.21823 0.78559 0.29868 0.78553 0.25845 0.76742 0.29868 0.76739 0.3389 0.7855 0.29868 0.76739 0.3389 0.76737 0.37911 0.78548 0.3389 0.76737 0.37911 0.76735 0.41931 0.78546 0.37911 0.76735 0.41931 0.76733 0.45949 0.78546 0.41931 0.76733 0.45949 0.76733 0.49965 0.78545 0.45949 0.76733 0.49965 0.76732 0.53983 0.78546 0.49965 0.76732 0.53983 0.76733 0.57999 0.78547 0.53983 0.76733 0.58 0.76734 0.62016 0.78548 0.58 0.76734 0.62017 0.76735 0.66033 0.7855 0.62017 0.76735 0.66034 0.76737 0.70048 0.78554 0.66034 0.76737 0.70049 0.7674 0.70042 0.91446 0.74058 0.9228 0.70041 0.92273 0.78079 0.92282 0.74059 0.91452 0.7808 0.91455 0.82099 0.92282 0.7808 0.91455 0.82099 0.91455 0.82099 0.91455 0.86119 0.9229 0.82099 0.92282 0.86119 0.9229 0.90145 0.91466 0.90144 0.92294 0.90144 0.92294 0.94168 0.91465 0.94168 0.92292 0.98193 0.91469 0.94168 0.92292 0.94168 0.91465 0.01730996 0.92291 0.05743998 0.91463 0.05743998 0.92291 0.05743998 0.92291 0.09757 0.91458 0.09755998 0.92285 0.13772 0.91459 0.09755998 0.92285 0.09757 0.91458 0.13772 0.91459 0.17794 0.92282 0.13772 0.92286 0.17794 0.92282 0.21817 0.9145 0.21817 0.92276 0.21817 0.9145 0.25842 0.92279 0.21817 0.92276 0.2987 0.92276 0.25842 0.91451 0.2987 0.91448 0.33893 0.92268 0.2987 0.91448 0.33893 0.91441 0.37914 0.92268 0.33893 0.91441 0.37912 0.91439 0.41934 0.92265 0.37912 0.91439 0.41933 0.91436 0.45951 0.92259 0.41933 0.91436 0.4595 0.91432 0.4595 0.91432 0.49967 0.92263 0.45951 0.92259 0.49967 0.92263 0.53984 0.91435 0.53984 0.92263 0.53984 0.92263 0.57997 0.91433 0.57996 0.92261 0.6201 0.9144 0.57996 0.92261 0.57997 0.91433 0.66027 0.91445 0.62009 0.92268 0.6201 0.9144 0.70041 0.92273 0.66027 0.91445 0.70042 0.91446 0.70058 0.61105 0.6604 0.6257 0.66041 0.61103 0.74075 0.61107 0.70057 0.62572 0.70058 0.61105 0.78094 0.61109 0.74075 0.62574 0.74075 0.61107 0.82112 0.61111 0.78094 0.62576 0.78094 0.61109 0.86132 0.61112 0.82112 0.62578 0.82112 0.61111 0.86132 0.61112 0.90152 0.62579 0.86131 0.62579 0.90153 0.61112 0.94172 0.6258 0.90152 0.62579 0.94172 0.61113 0.98193 0.6258 0.94172 0.6258 0.01730996 0.61112 0.05751997 0.62579 0.01730996 0.62579 0.05752998 0.61112 0.09773999 0.62578 0.05751997 0.62579 0.09775 0.61111 0.13795 0.62578 0.09773999 0.62578 0.13796 0.61111 0.17816 0.62577 0.13795 0.62578 0.17817 0.6111 0.21836 0.62576 0.17816 0.62577 0.25856 0.61107 0.21836 0.62576 0.21837 0.61109 0.29877 0.61105 0.25855 0.62574 0.25856 0.61107 0.33896 0.61102 0.29876 0.62572 0.29877 0.61105 0.37914 0.611 0.33895 0.62569 0.33896 0.61102 0.41934 0.61098 0.37913 0.62567 0.37914 0.611 0.45952 0.61098 0.41933 0.62565 0.41934 0.61098 0.45952 0.61098 0.4997 0.62564 0.45951 0.62565 0.49971 0.61097 0.5399 0.62565 0.4997 0.62564 0.53991 0.61098 0.58006 0.62566 0.5399 0.62565 0.58007 0.61099 0.62023 0.62567 0.58006 0.62566 0.66041 0.61103 0.62023 0.62567 0.62024 0.611 0.70057 0.69661 0.66035 0.75187 0.6604 0.69659 0.70057 0.69661 0.74068 0.75194 0.7005 0.7519 0.78094 0.69666 0.74068 0.75194 0.74075 0.69664 0.82112 0.69669 0.78087 0.75197 0.78094 0.69666 0.86131 0.6967 0.82107 0.752 0.82112 0.69669 0.90151 0.69671 0.86127 0.75201 0.86131 0.6967 0.94172 0.69671 0.90149 0.75203 0.90151 0.69671 0.98193 0.69671 0.94172 0.75204 0.94172 0.69671 0.01730996 0.69669 0.05747997 0.75202 0.01730996 0.75202 0.05751997 0.69669 0.09766 0.75201 0.05747997 0.75202 0.09772998 0.69669 0.13785 0.75199 0.09766 0.75201 0.17813 0.69667 0.13785 0.75199 0.13792 0.69668 0.21832 0.69665 0.17805 0.75198 0.17813 0.69667 0.25852 0.69663 0.21825 0.75195 0.21832 0.69665 0.29873 0.69661 0.25846 0.75192 0.25852 0.69663 0.33892 0.69659 0.29869 0.75189 0.29873 0.69661 0.37911 0.69656 0.3389 0.75187 0.33892 0.69659 0.37911 0.69656 0.41931 0.75183 0.37911 0.75185 0.41931 0.69655 0.45949 0.75183 0.41931 0.75183 0.4595 0.69654 0.49966 0.75182 0.45949 0.75183 0.4997 0.69654 0.53984 0.75183 0.49966 0.75182 0.53989 0.69654 0.58001 0.75184 0.53984 0.75183 0.58005 0.69655 0.62017 0.75185 0.58001 0.75184 0.62021 0.69657 0.66035 0.75187 0.62017 0.75185 0.66042 0.53545 0.70058 0.61105 0.66041 0.61103 0.74073 0.53549 0.70058 0.61105 0.70057 0.53547 0.78092 0.58591 0.74075 0.61107 0.74073 0.53549 0.78092 0.58591 0.82112 0.61111 0.78094 0.61109 0.86125 0.53552 0.82112 0.61111 0.82107 0.53551 0.90147 0.53553 0.86132 0.61112 0.86125 0.53552 0.90147 0.53553 0.94172 0.61113 0.90153 0.61112 0.94168 0.53554 0.98193 0.61113 0.94172 0.61113 0.01730996 0.53554 0.05752998 0.61112 0.01730996 0.61112 0.05753999 0.53553 0.09775 0.61111 0.05752998 0.61112 0.09775 0.53553 0.13796 0.61111 0.09775 0.61111 0.13795 0.53552 0.17817 0.6111 0.13796 0.61111 0.17817 0.53551 0.21837 0.61109 0.17817 0.6111 0.25857 0.53548 0.21837 0.61109 0.21838 0.5355 0.29878 0.53547 0.25856 0.61107 0.25857 0.53548 0.33898 0.53545 0.29877 0.61105 0.29878 0.53547 0.37917 0.53543 0.33896 0.61102 0.33898 0.53545 0.41937 0.53542 0.37914 0.611 0.37917 0.53543 0.45957 0.53541 0.41934 0.61098 0.41937 0.53542 0.49975 0.53541 0.45952 0.61098 0.45957 0.53541 0.49975 0.53541 0.53991 0.61098 0.49971 0.61097 0.53994 0.53541 0.58009 0.57138 0.53991 0.61098 0.58011 0.53542 0.62027 0.53544 0.58009 0.57138 0.62027 0.53544 0.66041 0.61103 0.62024 0.611 0.70053 0.46937 0.66041 0.50835 0.66041 0.46937 0.74073 0.53549 0.70057 0.53547 0.70053 0.46937 0.74073 0.53549 0.78088 0.46937 0.7809 0.5355 0.7809 0.5355 0.82103 0.46937 0.82107 0.53551 0.86119 0.46937 0.82107 0.53551 0.82103 0.46937 0.86125 0.53552 0.9014 0.46938 0.90147 0.53553 0.90147 0.53553 0.94165 0.46938 0.94168 0.53554 0.98193 0.53555 0.94165 0.46938 0.98193 0.46938 0.05753999 0.53553 0.01730996 0.46938 0.05752998 0.46938 0.09775 0.53553 0.05752998 0.46938 0.09773999 0.46938 0.13795 0.53552 0.09773999 0.46938 0.13796 0.46937 0.17817 0.53551 0.13796 0.46937 0.17817 0.46937 0.21838 0.5355 0.17817 0.46937 0.21839 0.46937 0.25857 0.46937 0.21838 0.5355 0.21839 0.46937 0.25857 0.53548 0.29877 0.46937 0.29878 0.53547 0.29878 0.53547 0.33898 0.46937 0.33898 0.53545 0.37916 0.46936 0.33898 0.53545 0.33898 0.46937 0.37917 0.53543 0.41938 0.46936 0.41937 0.53542 0.41937 0.53542 0.45959 0.46936 0.45957 0.53541 0.49975 0.53541 0.45959 0.46936 0.49975 0.46936 0.53994 0.53541 0.49975 0.46936 0.53995 0.46936 0.58011 0.53542 0.53995 0.46936 0.58017 0.46936 0.62027 0.53544 0.58017 0.46936 0.62032 0.46936 0.66041 0.50835 0.62032 0.46936 0.66041 0.46937 0.53983 0.98597 0.57992 0.97759 0.57991 0.98597 0.57991 0.98597 0.62004 0.97762 0.62003 0.98597 0.62003 0.98597 0.66017 0.97763 0.66017 0.98598 0.70033 0.98599 0.66017 0.97763 0.70034 0.97763 0.70034 0.97763 0.7405 0.986 0.70033 0.98599 0.78071 0.98602 0.74052 0.97766 0.78071 0.97768 0.82093 0.98606 0.78071 0.97768 0.82094 0.9777 0.86117 0.98612 0.82094 0.9777 0.86118 0.97778 0.9014 0.98619 0.86118 0.97778 0.9014 0.97784 0.9014 0.98619 0.94166 0.97789 0.94166 0.98628 0.98193 0.97786 0.94166 0.98628 0.94166 0.97789 0.01730996 0.98617 0.05737996 0.97783 0.05737996 0.9862 0.09749996 0.97774 0.05737996 0.9862 0.05737996 0.97783 0.1376799 0.97772 0.09749996 0.98609 0.09749996 0.97774 0.13766 0.98605 0.17787 0.97769 0.17786 0.98603 0.21813 0.98601 0.17787 0.97769 0.21813 0.97765 0.21813 0.97765 0.25841 0.986 0.21813 0.98601 0.29871 0.98599 0.25842 0.97766 0.2987 0.97764 0.33899 0.98598 0.2987 0.97764 0.33898 0.97761 0.3792 0.98597 0.33898 0.97761 0.3792 0.97762 0.41937 0.98597 0.3792 0.97762 0.41937 0.97761 0.45956 0.98597 0.41937 0.97761 0.45955 0.97759 0.49973 0.98597 0.45955 0.97759 0.49972 0.97761 0.49973 0.98597 0.53982 0.97761 0.53983 0.98597 0.31398 0.07333999 0.27914 0.04961997 0.27994 0.04813998 0.24064 0.03227996 0.27914 0.04961997 0.24023 0.03390997 0.19864 0.02673995 0.24023 0.03390997 0.19866 0.02840995 0.15661 0.03192996 0.19866 0.02840995 0.15707 0.03353995 0.11728 0.04759997 0.15707 0.03353995 0.11812 0.04903995 0.08331996 0.07280999 0.11812 0.04903995 0.08449995 0.07397997 0.08331996 0.07280999 0.05853998 0.10678 0.05709999 0.10596 0.05709999 0.10596 0.04210996 0.14526 0.04051995 0.14483 0.04051995 0.14483 0.03645998 0.18667 0.03480994 0.18667 0.04041999 0.22853 0.03645998 0.18667 0.04201996 0.2281 0.05693 0.26743 0.04201996 0.2281 0.05836999 0.26661 0.08307999 0.30063 0.05836999 0.26661 0.08427 0.29946 0.08307999 0.30063 0.11786 0.32443 0.1170099 0.32587 0.1170099 0.32587 0.15678 0.33996 0.15633 0.34158 0.15633 0.34158 0.19837 0.34512 0.19835 0.34679 0.19835 0.34679 0.23995 0.33963 0.24036 0.34127 0.27967 0.32542 0.23995 0.33963 0.27886 0.32394 0.27967 0.32542 0.31259 0.29906 0.31374 0.30026 0.34023 0.26729 0.31259 0.29906 0.33883 0.26646 0.34023 0.26729 0.35558 0.22816 0.35714 0.22859 0.35714 0.22859 0.36138 0.1868399 0.36298 0.18685 0.35722 0.14509 0.36138 0.1868399 0.35567 0.14551 0.35722 0.14509 0.339 0.1071799 0.3404 0.10635 0.3404 0.10635 0.31283 0.07453 0.31398 0.07333999 0.4595 0.90535 0.41932 0.90074 0.45949 0.9007 0.41933 0.90539 0.37911 0.90077 0.41932 0.90074 0.33891 0.90079 0.37912 0.90542 0.33891 0.90544 0.33891 0.90544 0.29869 0.90085 0.33891 0.90079 0.2987 0.9055 0.25843 0.90088 0.29869 0.90085 0.21818 0.90089 0.25843 0.90553 0.21818 0.90554 0.17796 0.90093 0.21818 0.90554 0.17796 0.90558 0.17796 0.90558 0.13774 0.90096 0.17796 0.90093 0.09757995 0.90097 0.13774 0.90561 0.09757995 0.90562 0.05744999 0.90565 0.09757995 0.90097 0.09757995 0.90562 0.01730996 0.90566 0.05744999 0.901 0.05744999 0.90565 0.94169 0.90568 0.98193 0.90106 0.98193 0.90571 0.90145 0.90568 0.94169 0.90103 0.94169 0.90568 0.90145 0.90568 0.86121 0.901 0.90145 0.90103 0.821 0.90094 0.86121 0.90565 0.821 0.90559 0.821 0.90559 0.7808 0.90092 0.821 0.90094 0.7808 0.90557 0.7406 0.9009 0.7808 0.90092 0.70044 0.90084 0.7406 0.90555 0.70044 0.90549 0.70044 0.90549 0.66029 0.90081 0.70044 0.90084 0.62011 0.90542 0.66029 0.90081 0.66029 0.90546 0.62011 0.90077 0.57998 0.90537 0.57998 0.90072 0.53984 0.90536 0.57998 0.90072 0.57998 0.90537 0.49966 0.90536 0.53983 0.90071 0.53984 0.90536 0.4595 0.90535 0.49966 0.90071 0.49966 0.90536 0.79229 0.04514998 0.8094 0.03415995 0.80977 0.04534 0.77442 0.04367995 0.79286 0.03371 0.79229 0.04514998 0.80882 0.15652 0.79173 0.14206 0.80896 0.14275 0.69345 0.14024 0.67966 0.12507 0.6941 0.12733 0.62656 0.03644996 0.60728 0.03185999 0.62673 0.03455996 0.62673 0.03455996 0.64574 0.02303999 0.64531 0.03536999 0.75977 0.02854996 0.77442 0.04367995 0.75563 0.04005998 0.69851 0.03589999 0.68072 0.03766 0.68073 0.03589999 0.71669 0.03526997 0.6982 0.02384996 0.71554 0.02353996 0.6982 0.02384996 0.68073 0.03589999 0.68074 0.02449995 0.63526 0.14851 0.65028 0.12748 0.651 0.14047 0.67949 0.1376799 0.66513 0.12466 0.67966 0.12507 0.84642 0.04088997 0.82606 0.03257995 0.84243 0.02936995 0.70872 0.14721 0.7282 0.14509 0.72706 0.16101 0.69345 0.14024 0.70975 0.13334 0.70872 0.14721 0.80882 0.15652 0.82626 0.1449699 0.82603 0.1592 0.71554 0.02353996 0.73557 0.03270995 0.71669 0.03526997 0.82764 0.04424995 0.80981 0.04714995 0.80977 0.04534 0.79166 0.15576 0.77447 0.1444 0.79173 0.14206 0.61735 0.16627 0.63416 0.1344 0.63526 0.14851 0.68074 0.02449995 0.66328 0.03569996 0.66349 0.02388995 0.77418 0.04556 0.75563 0.04005998 0.77442 0.04367995 0.71685 0.03711998 0.69851 0.03589999 0.71669 0.03526997 0.79229 0.04514998 0.77418 0.04556 0.77442 0.04367995 0.79221 0.04688996 0.80977 0.04534 0.80981 0.04714995 0.70795 0.14845 0.72706 0.16101 0.72596 0.16237 0.6654 0.13722 0.65028 0.12748 0.66513 0.12466 0.61884 0.1676999 0.63526 0.14851 0.63621 0.14974 0.75579 0.1648499 0.77447 0.1444 0.77452 0.1586199 0.67937 0.13875 0.69345 0.14024 0.69312 0.1413 0.69312 0.1413 0.68648 0.15599 0.67937 0.13875 0.66552 0.13835 0.651 0.14047 0.6654 0.13722 0.66328 0.03569996 0.64527 0.03726994 0.64531 0.03536999 0.61097 0.01979994 0.62673 0.03455996 0.60728 0.03185999 0.8087 0.1578699 0.79166 0.15576 0.80882 0.15652 0.80977 0.04534 0.82606 0.03257995 0.82764 0.04424995 0.71669 0.03526997 0.73609 0.03465998 0.71685 0.03711998 0.63621 0.14974 0.651 0.14047 0.65141 0.14157 0.84477 0.1498399 0.82603 0.1592 0.82626 0.1449699 0.8087 0.1578699 0.82603 0.1592 0.82571 0.1605 0.77452 0.1586199 0.79175 0.15707 0.77486 0.15994 0.64527 0.03726994 0.62673 0.03455996 0.64531 0.03536999 0.82603 0.1592 0.84393 0.16674 0.82571 0.1605 0.67937 0.13875 0.6654 0.13722 0.67949 0.1376799 0.68073 0.03589999 0.66327 0.03746998 0.66328 0.03569996 0.75632 0.16633 0.77452 0.1586199 0.77486 0.15994 0.69312 0.1413 0.70872 0.14721 0.70795 0.14845 0.84701 0.04275 0.82764 0.04424995 0.84642 0.04088997 0.68648 0.15599 0.72596 0.16237 0.69952 0.19214 0.78312 0.18004 0.77486 0.15994 0.79175 0.15707 0.66552 0.13835 0.68648 0.15599 0.65947 0.15707 0.65947 0.15707 0.69952 0.19214 0.65124 0.19576 0.78312 0.18004 0.8087 0.1578699 0.81818 0.17956 0.65141 0.14157 0.65947 0.15707 0.63621 0.14974 0.63621 0.14974 0.65124 0.19576 0.61884 0.1676999 0.81818 0.17956 0.82571 0.1605 0.84393 0.16674 0.64531 0.03536999 0.66349 0.02388995 0.66328 0.03569996 0.79173 0.14206 0.77442 0.1255 0.79182 0.12387 0.80896 0.14275 0.79182 0.12387 0.80911 0.12447 0.80896 0.14275 0.82657 0.12606 0.82626 0.1449699 0.84519 0.12936 0.82626 0.1449699 0.82657 0.12606 0.61601 0.14959 0.63271 0.11567 0.63416 0.1344 0.63416 0.1344 0.64932 0.11024 0.65028 0.12748 0.66513 0.12466 0.64932 0.11024 0.66477 0.10799 0.67966 0.12507 0.66477 0.10799 0.67987 0.10836 0.6941 0.12733 0.67987 0.10836 0.69495 0.11021 0.70975 0.13334 0.69495 0.11021 0.71111 0.11494 0.70975 0.13334 0.7297 0.12397 0.7282 0.14509 0.7557 0.14935 0.77442 0.1255 0.77447 0.1444 0.79182 0.12387 0.77435 0.10382 0.79194 0.10299 0.80911 0.12447 0.79194 0.10299 0.8093 0.10349 0.80911 0.12447 0.82692 0.10439 0.82657 0.12606 0.84569 0.10588 0.82657 0.12606 0.82692 0.10439 0.61424 0.12745 0.63105 0.09419 0.63271 0.11567 0.64932 0.11024 0.63105 0.09419 0.64821 0.09043997 0.66477 0.10799 0.64821 0.09043997 0.66437 0.08885997 0.67987 0.10836 0.66437 0.08885997 0.6801 0.08919 0.69495 0.11021 0.6801 0.08919 0.69593 0.09055995 0.69495 0.11021 0.71267 0.09384 0.71111 0.11494 0.71111 0.11494 0.73144 0.09975999 0.7297 0.12397 0.75558 0.12883 0.77435 0.10382 0.77442 0.1255 0.8093 0.10349 0.79203 0.08515 0.80946 0.08557999 0.82692 0.10439 0.80946 0.08557999 0.82721 0.08585 0.84569 0.10588 0.82721 0.08585 0.8461 0.08578997 0.63105 0.09419 0.61046 0.08034998 0.62961 0.07582998 0.64821 0.09043997 0.62961 0.07582998 0.64729 0.07352 0.66437 0.08885997 0.64729 0.07352 0.66401 0.07251 0.6801 0.08919 0.66401 0.07251 0.68028 0.07279998 0.6801 0.08919 0.69675 0.07376998 0.69593 0.09055995 0.69593 0.09055995 0.714 0.07578998 0.71267 0.09384 0.73144 0.09975999 0.714 0.07578998 0.73291 0.07905 0.77435 0.10382 0.75529 0.08511 0.77429 0.08529996 0.77435 0.10382 0.79203 0.08515 0.79194 0.10299 0.79203 0.08515 0.80963 0.06746 0.80946 0.08557999 0.80946 0.08557999 0.82753 0.06712996 0.82721 0.08585 0.8461 0.08578997 0.82753 0.06712996 0.84652 0.06550997 0.62961 0.07582998 0.60872 0.05840998 0.62816 0.05728 0.64729 0.07352 0.62816 0.05728 0.64632 0.05642998 0.64729 0.07352 0.66365 0.05598998 0.66401 0.07251 0.66401 0.07251 0.68049 0.05624997 0.68028 0.07279998 0.68028 0.07279998 0.69759 0.05677998 0.69675 0.07376998 0.69675 0.07376998 0.71534 0.05756998 0.714 0.07578998 0.73291 0.07905 0.71534 0.05756998 0.7344 0.05812996 0.75529 0.08511 0.77424 0.06655997 0.77429 0.08529996 0.77429 0.08529996 0.79212 0.06712996 0.79203 0.08515 0.79212 0.06712996 0.80981 0.04714995 0.80963 0.06746 0.80963 0.06746 0.82787 0.04610997 0.82753 0.06712996 0.84652 0.06550997 0.82787 0.04610997 0.84701 0.04275 0.62816 0.05728 0.60674 0.03378999 0.62656 0.03644996 0.62816 0.05728 0.64527 0.03726994 0.64632 0.05642998 0.64632 0.05642998 0.66327 0.03746998 0.66365 0.05598998 0.66365 0.05598998 0.68072 0.03766 0.68049 0.05624997 0.68049 0.05624997 0.69854 0.03774994 0.69759 0.05677998 0.71534 0.05756998 0.69854 0.03774994 0.71685 0.03711998 0.7344 0.05812996 0.71685 0.03711998 0.73609 0.03465998 0.77424 0.06655997 0.75502 0.04189997 0.77418 0.04556 0.77424 0.06655997 0.79221 0.04688996 0.79212 0.06712996 0.74073 0.53549 0.70053 0.46937 0.7407 0.46937 0.74073 0.53549 0.7809 0.5355 0.78092 0.58591 0.82107 0.53551 0.78092 0.58591 0.7809 0.5355 0.70057 0.53547 0.66041 0.50835 0.70053 0.46937 0.66042 0.53545 0.62027 0.53544 0.66041 0.50835 0.58009 0.57138 0.62024 0.611 0.58007 0.61099 0.53991 0.61098 0.58009 0.57138 0.58007 0.61099 0.82103 0.84027 0.78084 0.78561 0.82105 0.78564 0.78082 0.84023 0.74065 0.78558 0.78084 0.78561 0.70048 0.78554 0.74063 0.8402 0.70046 0.84016 0.70046 0.84016 0.66033 0.7855 0.70048 0.78554 0.66031 0.84012 0.62016 0.78548 0.66033 0.7855 0.62016 0.78548 0.57999 0.84006 0.57999 0.78547 0.57999 0.84006 0.53983 0.78546 0.57999 0.78547 0.49966 0.84004 0.53983 0.78546 0.53983 0.84005 0.49966 0.84004 0.45949 0.78546 0.49965 0.78545 0.45949 0.84005 0.41931 0.78546 0.45949 0.78546 0.41932 0.84006 0.37911 0.78548 0.41931 0.78546 0.3389 0.7855 0.37911 0.84008 0.33891 0.84011 0.33891 0.84011 0.29868 0.78553 0.3389 0.7855 0.29869 0.84015 0.25844 0.78556 0.29868 0.78553 0.21823 0.78559 0.25844 0.84018 0.21821 0.84021 0.17802 0.78562 0.21821 0.84021 0.178 0.84025 0.178 0.84025 0.13781 0.78564 0.17802 0.78562 0.13781 0.78564 0.09760999 0.8403 0.09763997 0.78566 0.05745995 0.84032 0.09763997 0.78566 0.09760999 0.8403 0.01730996 0.84033 0.05746996 0.78567 0.05745995 0.84032 0.9417 0.84035 0.98193 0.78571 0.98193 0.84036 0.90147 0.84033 0.94171 0.7857 0.9417 0.84035 0.90147 0.84033 0.86125 0.78566 0.90148 0.78568 0.82105 0.78564 0.86124 0.84031 0.82103 0.84027 0.82107 0.752 0.78085 0.76747 0.78087 0.75197 0.78087 0.75197 0.74066 0.76744 0.74068 0.75194 0.7005 0.7519 0.74066 0.76744 0.70049 0.7674 0.66035 0.75187 0.70049 0.7674 0.66034 0.76737 0.62017 0.75185 0.66034 0.76737 0.62017 0.76735 0.58001 0.75184 0.62017 0.76735 0.58 0.76734 0.53984 0.75183 0.58 0.76734 0.53983 0.76733 0.49966 0.75182 0.53983 0.76733 0.49965 0.76732 0.45949 0.75183 0.49965 0.76732 0.45949 0.76733 0.41931 0.75183 0.45949 0.76733 0.41931 0.76733 0.37911 0.75185 0.41931 0.76733 0.37911 0.76735 0.3389 0.75187 0.37911 0.76735 0.3389 0.76737 0.3389 0.75187 0.29868 0.76739 0.29869 0.75189 0.29869 0.75189 0.25845 0.76742 0.25846 0.75192 0.25846 0.75192 0.21824 0.76745 0.21825 0.75195 0.21825 0.75195 0.17803 0.76748 0.17805 0.75198 0.17805 0.75198 0.13783 0.7675 0.13785 0.75199 0.09766 0.75201 0.13783 0.7675 0.09764999 0.76752 0.05747997 0.75202 0.09764999 0.76752 0.05747997 0.76753 0.05747997 0.75202 0.01730996 0.76753 0.01730996 0.75202 0.98193 0.75205 0.94172 0.76755 0.94172 0.75204 0.90149 0.75203 0.94172 0.76755 0.90149 0.76754 0.86127 0.75201 0.90149 0.76754 0.86126 0.76752 0.86127 0.75201 0.82106 0.7675 0.82107 0.752 0.82112 0.62578 0.78094 0.69666 0.78094 0.62576 0.78094 0.62576 0.74075 0.69664 0.74075 0.62574 0.74075 0.62574 0.70057 0.69661 0.70057 0.62572 0.70057 0.62572 0.6604 0.69659 0.6604 0.6257 0.62023 0.62567 0.6604 0.69659 0.62021 0.69657 0.58006 0.62566 0.62021 0.69657 0.58005 0.69655 0.5399 0.62565 0.58005 0.69655 0.53989 0.69654 0.4997 0.62564 0.53989 0.69654 0.4997 0.69654 0.45951 0.62565 0.4997 0.69654 0.4595 0.69654 0.41933 0.62565 0.4595 0.69654 0.41931 0.69655 0.37913 0.62567 0.41931 0.69655 0.37911 0.69656 0.37913 0.62567 0.33892 0.69659 0.33895 0.62569 0.33895 0.62569 0.29873 0.69661 0.29876 0.62572 0.29876 0.62572 0.25852 0.69663 0.25855 0.62574 0.25855 0.62574 0.21832 0.69665 0.21836 0.62576 0.21836 0.62576 0.17813 0.69667 0.17816 0.62577 0.13795 0.62578 0.17813 0.69667 0.13792 0.69668 0.09773999 0.62578 0.13792 0.69668 0.09772998 0.69669 0.05751997 0.62579 0.09772998 0.69669 0.05751997 0.69669 0.01730996 0.62579 0.05751997 0.69669 0.01730996 0.69669 0.94172 0.6258 0.98193 0.69671 0.94172 0.69671 0.90152 0.62579 0.94172 0.69671 0.90151 0.69671 0.86131 0.62579 0.90151 0.69671 0.86131 0.6967 0.86131 0.62579 0.82112 0.69669 0.82112 0.62578 0.821 0.90094 0.78082 0.84023 0.82103 0.84027 0.82103 0.84027 0.86121 0.901 0.821 0.90094 0.90145 0.90103 0.86124 0.84031 0.90147 0.84033 0.90145 0.90103 0.9417 0.84035 0.94169 0.90103 0.94169 0.90103 0.98193 0.84036 0.98193 0.90106 0.01730996 0.90101 0.05745995 0.84032 0.05744999 0.901 0.05744999 0.901 0.09760999 0.8403 0.09757995 0.90097 0.09760999 0.8403 0.13774 0.90096 0.09757995 0.90097 0.17796 0.90093 0.13778 0.84028 0.178 0.84025 0.178 0.84025 0.21818 0.90089 0.17796 0.90093 0.21821 0.84021 0.25843 0.90088 0.21818 0.90089 0.29869 0.90085 0.25844 0.84018 0.29869 0.84015 0.33891 0.90079 0.29869 0.84015 0.33891 0.84011 0.33891 0.84011 0.37911 0.90077 0.33891 0.90079 0.41932 0.90074 0.37911 0.84008 0.41932 0.84006 0.45949 0.9007 0.41932 0.84006 0.45949 0.84005 0.45949 0.9007 0.49966 0.84004 0.49966 0.90071 0.49966 0.90071 0.53983 0.84005 0.53983 0.90071 0.53983 0.90071 0.57999 0.84006 0.57998 0.90072 0.62014 0.84009 0.57998 0.90072 0.57999 0.84006 0.62011 0.90077 0.66031 0.84012 0.66029 0.90081 0.70044 0.90084 0.66031 0.84012 0.70046 0.84016 0.7406 0.9009 0.70046 0.84016 0.74063 0.8402 0.7808 0.90092 0.74063 0.8402 0.78082 0.84023 0.90138 0.46281 0.94164 0.45952 0.94164 0.46281 0.98193 0.45952 0.94164 0.46281 0.94164 0.45952 0.01730996 0.46281 0.05751997 0.45952 0.05751997 0.46281 0.09772998 0.46281 0.05751997 0.45952 0.09772998 0.45952 0.09772998 0.45952 0.13796 0.46281 0.09772998 0.46281 0.17816 0.45952 0.13796 0.46281 0.13796 0.45952 0.21839 0.46281 0.17816 0.45952 0.21839 0.45952 0.25857 0.45952 0.21839 0.46281 0.21839 0.45952 0.25857 0.46281 0.29876 0.45952 0.29876 0.46281 0.29876 0.46281 0.33899 0.45952 0.33898 0.46281 0.33899 0.45952 0.37915 0.46281 0.33898 0.46281 0.37915 0.46281 0.41938 0.45952 0.41938 0.46281 0.41938 0.46281 0.45961 0.45952 0.4596 0.46281 0.49975 0.45952 0.4596 0.46281 0.45961 0.45952 0.49975 0.46281 0.53994 0.45952 0.53994 0.46281 0.58017 0.46281 0.53994 0.45952 0.58018 0.45952 0.58018 0.45952 0.62032 0.46281 0.58017 0.46281 0.66041 0.46281 0.62033 0.45952 0.66041 0.45952 0.70052 0.46281 0.66041 0.45952 0.70052 0.45952 0.70052 0.45952 0.74069 0.46281 0.70052 0.46281 0.78088 0.46281 0.74069 0.45952 0.78088 0.45952 0.82103 0.46281 0.78088 0.45952 0.82103 0.45952 0.86118 0.45952 0.82103 0.46281 0.82103 0.45952 0.86118 0.46281 0.90138 0.45952 0.90138 0.46281 0.681199 0.346882 0.664591 0.344889 0.664921 0.343668 0.641192 0.316345 0.644332 0.328495 0.643231 0.329033 0.719156 0.25206 0.717176 0.237594 0.718417 0.237285 0.669615 0.282857 0.680675 0.284664 0.680695 0.287323 0.661685 0.2150779 0.661287 0.214026 0.69936 0.213488 0.681199 0.346882 0.681187 0.345606 0.697403 0.3433 0.719108 0.285183 0.72043 0.30114 0.713581 0.285972 0.72043 0.30114 0.709541 0.306693 0.713581 0.285972 0.693006 0.296097 0.680777 0.294936 0.680695 0.287323 0.807045 0.314535 0.816333 0.315038 0.813739 0.327308 0.643809 0.238363 0.642571 0.23803 0.646794 0.226245 0.640546 0.252655 0.641865 0.25281 0.641818 0.269134 0.703481 0.329652 0.710443 0.337154 0.697403 0.3433 0.785748 0.262888 0.763597 0.263418 0.763995 0.253597 0.721866 0.301104 0.72043 0.30114 0.719108 0.285183 0.763043 0.2304159 0.784728 0.229879 0.782976 0.23423 0.764491 0.333919 0.776901 0.334896 0.777159 0.344994 0.713167 0.226121 0.714122 0.225458 0.718417 0.237285 0.71119 0.338108 0.710443 0.337154 0.717683 0.327743 0.736404 0.302992 0.747591 0.308389 0.745672 0.31624 0.807045 0.314535 0.804686 0.306783 0.815542 0.300729 0.658554 0.330168 0.668784 0.33435 0.664921 0.343668 0.639897 0.316472 0.639756 0.301806 0.64119 0.301907 0.697755 0.344516 0.697403 0.3433 0.710443 0.337154 0.651749 0.337791 0.644332 0.328495 0.652398 0.323449 0.799412 0.329081 0.806491 0.336785 0.793328 0.342709 0.641865 0.25281 0.640546 0.252655 0.642571 0.23803 0.720634 0.315566 0.721925 0.31573 0.718782 0.328292 0.651012 0.338749 0.643231 0.329033 0.644332 0.328495 0.698976 0.214536 0.69936 0.213488 0.714122 0.225458 0.720479 0.251956 0.720756 0.268358 0.719312 0.268388 0.719108 0.285183 0.719312 0.268388 0.720756 0.268358 0.661287 0.214026 0.661685 0.2150779 0.64776 0.226917 0.642248 0.285928 0.64072 0.28579 0.640375 0.269029 0.709522 0.322815 0.711554 0.314773 0.720634 0.315566 0.703291 0.300006 0.693006 0.296097 0.697026 0.28689 0.652168 0.307327 0.650253 0.315439 0.641192 0.316345 0.709522 0.322815 0.717683 0.327743 0.710443 0.337154 0.664361 0.28733 0.66857 0.29643 0.658335 0.300539 0.737324 0.287193 0.742788 0.287853 0.736404 0.302992 0.742788 0.287853 0.753588 0.301716 0.747591 0.308389 0.736416 0.317284 0.745672 0.31624 0.747841 0.32397 0.754106 0.330293 0.764491 0.333919 0.760895 0.343567 0.668784 0.33435 0.681076 0.335691 0.681187 0.345606 0.680695 0.287323 0.680777 0.294936 0.66857 0.29643 0.711554 0.314773 0.709541 0.306693 0.72043 0.30114 0.698976 0.214536 0.713167 0.226121 0.704305 0.230512 0.719156 0.25206 0.708769 0.253848 0.707985 0.241443 0.713167 0.226121 0.717176 0.237594 0.707985 0.241443 0.795214 0.276805 0.800356 0.266556 0.813298 0.268422 0.73645 0.254533 0.737662 0.240164 0.747227 0.243544 0.755377 0.277988 0.742788 0.287853 0.749652 0.268033 0.742788 0.287853 0.737324 0.287193 0.73685 0.270622 0.801299 0.242072 0.810659 0.238146 0.812741 0.252366 0.642248 0.285928 0.64119 0.301907 0.639756 0.301806 0.813298 0.268422 0.800356 0.266556 0.802224 0.254329 0.73685 0.270622 0.73645 0.254533 0.747054 0.255889 0.698976 0.214536 0.693176 0.22479 0.667726 0.225204 0.719108 0.285183 0.713581 0.285972 0.719312 0.268388 0.713581 0.285972 0.700972 0.276411 0.706607 0.266182 0.775808 0.295876 0.763661 0.297518 0.764608 0.283778 0.797579 0.2316049 0.786592 0.225866 0.792367 0.2152349 0.64776 0.226917 0.656726 0.231232 0.653025 0.242166 0.801299 0.242072 0.797579 0.2316049 0.806673 0.226822 0.740986 0.22857 0.750314 0.232833 0.747227 0.243544 0.654495 0.266825 0.660241 0.276938 0.647791 0.286693 0.647791 0.286693 0.642248 0.285928 0.641818 0.269134 0.782522 0.247393 0.766088 0.247791 0.767253 0.242685 0.697026 0.28689 0.691687 0.282532 0.700972 0.276411 0.78803 0.296839 0.775808 0.295876 0.775528 0.285474 0.652261 0.254548 0.654495 0.266825 0.641818 0.269134 0.719312 0.268388 0.706607 0.266182 0.708769 0.253848 0.750314 0.232833 0.740986 0.22857 0.754672 0.216193 0.661685 0.2150779 0.667726 0.225204 0.656726 0.231232 0.795214 0.276805 0.81375 0.284985 0.798323 0.300448 0.81375 0.284985 0.815542 0.300729 0.804686 0.306783 0.798323 0.300448 0.81375 0.284985 0.804686 0.306783 0.798323 0.300448 0.78803 0.296839 0.795214 0.276805 0.777159 0.344994 0.776901 0.334896 0.789241 0.333266 0.747441 0.338373 0.739692 0.329345 0.747841 0.32397 0.650253 0.315439 0.652398 0.323449 0.644332 0.328495 0.805318 0.322401 0.813739 0.327308 0.806491 0.336785 0.647791 0.286693 0.658335 0.300539 0.652168 0.307327 0.652168 0.307327 0.64119 0.301907 0.647791 0.286693 0.681187 0.345606 0.681076 0.335691 0.693337 0.334061 0.67041 0.280664 0.669615 0.282857 0.660241 0.276938 0.704305 0.230512 0.703079 0.232222 0.700142 0.232152 0.699493 0.230109 0.700142 0.232152 0.697754 0.2342759 0.70638 0.253716 0.708769 0.253848 0.706607 0.266182 0.702567 0.261413 0.699306 0.269096 0.697845 0.267753 0.701408 0.251096 0.702567 0.261413 0.69984 0.261031 0.698867 0.251854 0.69519 0.2461619 0.697562 0.24505 0.657987 0.23294 0.655428 0.242597 0.653025 0.242166 0.704404 0.265375 0.706607 0.266182 0.700972 0.276411 0.680675 0.284664 0.68065 0.282318 0.69083 0.280362 0.669615 0.282857 0.67041 0.280664 0.68065 0.282318 0.652261 0.254548 0.653025 0.242166 0.655428 0.242597 0.670381 0.261677 0.670715 0.252066 0.69129 0.251633 0.672702 0.2463099 0.673834 0.241225 0.687667 0.240961 0.66345 0.234925 0.665189 0.233556 0.668672 0.24139 0.669343 0.332092 0.681046 0.333351 0.681076 0.335691 0.654202 0.308346 0.652168 0.307327 0.658335 0.300539 0.702138 0.327795 0.707502 0.32176 0.709522 0.322815 0.693337 0.334061 0.681076 0.335691 0.681046 0.333351 0.669343 0.332092 0.668784 0.33435 0.658554 0.330168 0.66857 0.29643 0.669191 0.298715 0.659702 0.302406 0.650253 0.315439 0.652524 0.315363 0.654375 0.322325 0.703291 0.300006 0.709541 0.306693 0.707553 0.307799 0.703481 0.329652 0.693337 0.334061 0.692719 0.331818 0.709541 0.306693 0.711554 0.314773 0.70928 0.314795 0.692436 0.298391 0.680798 0.297317 0.680777 0.294936 0.701989 0.301912 0.692436 0.298391 0.693006 0.296097 0.707502 0.32176 0.70928 0.314795 0.711554 0.314773 0.659843 0.328277 0.658554 0.330168 0.652398 0.323449 0.652524 0.315363 0.650253 0.315439 0.652168 0.307327 0.781118 0.242347 0.767253 0.242685 0.765005 0.234672 0.760978 0.226508 0.786592 0.225866 0.784728 0.229879 0.699306 0.269096 0.692511 0.272774 0.691836 0.269966 0.765005 0.234672 0.767253 0.242685 0.762085 0.242805 0.754765 0.232738 0.750314 0.232833 0.760978 0.226508 0.763043 0.2304159 0.765005 0.234672 0.758266 0.235367 0.695077 0.240909 0.697562 0.24505 0.69519 0.2461619 0.786592 0.225866 0.760978 0.226508 0.754672 0.216193 0.66978 0.228967 0.667726 0.225204 0.693176 0.22479 0.693176 0.22479 0.704305 0.230512 0.699493 0.230109 0.695977 0.232976 0.689445 0.2328709 0.691229 0.22859 0.692821 0.240918 0.687667 0.240961 0.689445 0.2328709 0.664899 0.268469 0.663501 0.269876 0.659902 0.262346 0.666564 0.2467589 0.664143 0.245759 0.666404 0.241479 0.670997 0.270416 0.670454 0.273253 0.663501 0.269876 0.670997 0.270416 0.691836 0.269966 0.692511 0.272774 0.704305 0.230512 0.707985 0.241443 0.705593 0.241951 0.670997 0.270416 0.670381 0.261677 0.692059 0.261212 0.759969 0.247923 0.766088 0.247791 0.763995 0.253597 0.762085 0.242805 0.767253 0.242685 0.766088 0.247791 0.656726 0.231232 0.661565 0.2307749 0.660956 0.232854 0.784885 0.253096 0.763995 0.253597 0.766088 0.247791 0.692821 0.240918 0.69519 0.2461619 0.689034 0.245982 0.69519 0.2461619 0.698867 0.251854 0.69129 0.251633 0.671724 0.233199 0.66978 0.228967 0.691229 0.22859 0.66345 0.234925 0.660956 0.232854 0.661565 0.2307749 0.708769 0.253848 0.70638 0.253716 0.705593 0.241951 0.695977 0.232976 0.697754 0.2342759 0.695077 0.240909 0.65464 0.254291 0.656646 0.265884 0.654495 0.266825 0.673834 0.241225 0.671724 0.233199 0.689445 0.2328709 0.698867 0.251854 0.69984 0.261031 0.692059 0.261212 0.697845 0.267753 0.691836 0.269966 0.692059 0.261212 0.670715 0.252066 0.672702 0.2463099 0.689034 0.245982 0.66059 0.251985 0.663161 0.252627 0.662607 0.261842 0.785573 0.2719 0.764202 0.272411 0.763597 0.263418 0.7577 0.270494 0.755527 0.263415 0.763597 0.263418 0.756225 0.253776 0.763995 0.253597 0.763597 0.263418 0.680695 0.287323 0.680675 0.284664 0.691687 0.282532 0.641865 0.25281 0.643809 0.238363 0.653025 0.242166 0.786592 0.225866 0.797579 0.2316049 0.793115 0.23177 0.789743 0.2345899 0.782976 0.23423 0.784728 0.229879 0.786288 0.242217 0.781118 0.242347 0.782976 0.23423 0.786288 0.242217 0.788642 0.247236 0.782522 0.247393 0.788642 0.247236 0.792657 0.252907 0.784885 0.253096 0.792657 0.252907 0.793809 0.262503 0.785748 0.262888 0.791976 0.269676 0.785573 0.2719 0.785748 0.262888 0.660241 0.276938 0.654495 0.266825 0.656646 0.265884 0.699292 0.274821 0.700972 0.276411 0.691687 0.282532 0.664143 0.245759 0.666564 0.2467589 0.663161 0.252627 0.664899 0.268469 0.662607 0.261842 0.670381 0.261677 0.663161 0.252627 0.670715 0.252066 0.670381 0.261677 0.666564 0.2467589 0.672702 0.2463099 0.670715 0.252066 0.668672 0.24139 0.673834 0.241225 0.672702 0.2463099 0.668672 0.24139 0.665189 0.233556 0.671724 0.233199 0.661565 0.2307749 0.656726 0.231232 0.667726 0.225204 0.66978 0.228967 0.671724 0.233199 0.665189 0.233556 0.660241 0.276938 0.669615 0.282857 0.664361 0.28733 0.755377 0.277988 0.764608 0.283778 0.763661 0.297518 0.763661 0.297518 0.753588 0.301716 0.755377 0.277988 0.721925 0.31573 0.720634 0.315566 0.72043 0.30114 0.680777 0.294936 0.680798 0.297317 0.669191 0.298715 0.651749 0.337791 0.664921 0.343668 0.664591 0.344889 0.23225 0.24152 0.2185 0.2323099 0.22008 0.23116 0.23269 0.1306599 0.23316 0.13313 0.22235 0.1368899 0.23225 0.24152 0.23306 0.23927 0.25465 0.24308 0.23269 0.1306599 0.25513 0.12884 0.25489 0.1313599 0.27741 0.24096 0.25468 0.24557 0.25465 0.24308 0.2935 0.2256 0.27741 0.24096 0.2763 0.23881 0.30323 0.2044399 0.2935 0.2256 0.29153 0.2242 0.30323 0.2044399 0.30092 0.20375 0.30256 0.18751 0.30217 0.16947 0.30496 0.18743 0.30256 0.18751 0.29071 0.14875 0.30217 0.16947 0.29991 0.17031 0.27446 0.13466 0.29071 0.14875 0.28882 0.15027 0.25513 0.12884 0.27446 0.13466 0.27327 0.13681 0.21984 0.22996 0.22614 0.21852 0.22838 0.21926 0.2185 0.2323099 0.21984 0.22996 0.22177 0.23098 0.23317 0.2018 0.23531 0.20224 0.22838 0.21926 0.23712 0.1858299 0.23924 0.1859599 0.23531 0.20224 0.23412 0.1686699 0.23633 0.16818 0.23924 0.1859599 0.22931 0.15308 0.23135 0.15219 0.23633 0.16818 0.21935 0.13592 0.22235 0.1368899 0.22235 0.13741 0.22073 0.13809 0.22235 0.13741 0.23135 0.15219 0.23729 0.38945 0.2372699 0.41346 0.2009699 0.41351 0.98193 0.93423 0.98193 0.97786 0.94166 0.97789 0.13771 0.93411 0.1376799 0.97772 0.09749996 0.97774 0.21813 0.97765 0.17787 0.97769 0.17792 0.93408 0.21812 0.98637 0.17787 0.98637 0.17786 0.98603 0.13766 0.98605 0.13766 0.98637 0.09748995 0.98637 0.13766 0.98605 0.17786 0.98603 0.17787 0.98637 0.1376799 0.97772 0.13771 0.93411 0.17792 0.93408 0.05737996 0.97783 0.05742996 0.93417 0.09754997 0.9341 0.09749996 0.98609 0.09748995 0.98637 0.05737996 0.98637 0.98193 0.98619 0.98193 0.98637 0.94166 0.98637 0.01730996 0.98637 0.01730996 0.98617 0.05737996 0.9862 0.01730996 0.97782 0.01730996 0.93417 0.05742996 0.93417 0.21816 0.93401 0.17792 0.93408 0.17794 0.92282 0.17794 0.92282 0.17792 0.93408 0.13771 0.93411 0.13772 0.92286 0.13771 0.93411 0.09754997 0.9341 0.05742996 0.93417 0.05743998 0.92291 0.09755998 0.92285 0.01730996 0.93417 0.01730996 0.92291 0.05743998 0.92291 0.98193 0.92297 0.98193 0.93423 0.94168 0.93418 0.74052 0.97766 0.70034 0.97763 0.70039 0.93398 0.86118 0.97778 0.82094 0.9777 0.82098 0.93407 0.9014 0.97784 0.90144 0.9342 0.94168 0.93418 0.9014 0.98637 0.9014 0.98619 0.94166 0.98628 0.82093 0.98606 0.86117 0.98612 0.86117 0.98637 0.86117 0.98612 0.9014 0.98619 0.9014 0.98637 0.9014 0.97784 0.86118 0.97778 0.86119 0.93416 0.82094 0.9777 0.78071 0.97768 0.78078 0.93408 0.78071 0.98602 0.82093 0.98606 0.82093 0.98637 0.70033 0.98599 0.7405 0.986 0.74051 0.98637 0.7405 0.986 0.78071 0.98602 0.78071 0.98637 0.78071 0.97768 0.74052 0.97766 0.74057 0.93406 0.90144 0.9342 0.90144 0.92294 0.94168 0.92292 0.86119 0.9229 0.90144 0.92294 0.90144 0.9342 0.82099 0.92282 0.86119 0.9229 0.86119 0.93416 0.78079 0.92282 0.82099 0.92282 0.82098 0.93407 0.74058 0.9228 0.78079 0.92282 0.78078 0.93408 0.74058 0.9228 0.74057 0.93406 0.70039 0.93398 0.49972 0.97761 0.45955 0.97759 0.45951 0.93386 0.62007 0.93395 0.62004 0.97762 0.57992 0.97759 0.70034 0.97763 0.66017 0.97763 0.66023 0.93399 0.66017 0.98598 0.70033 0.98599 0.70033 0.98637 0.57991 0.98637 0.57991 0.98597 0.62003 0.98597 0.62003 0.98637 0.62003 0.98597 0.66017 0.98598 0.62004 0.97762 0.62007 0.93395 0.66023 0.93399 0.53982 0.97761 0.53983 0.93391 0.57995 0.93387 0.53983 0.98637 0.53983 0.98597 0.57991 0.98597 0.45956 0.98597 0.49973 0.98597 0.49973 0.98637 0.49973 0.98637 0.49973 0.98597 0.53983 0.98597 0.49972 0.97761 0.49968 0.9339 0.53983 0.93391 0.70039 0.93398 0.66023 0.93399 0.66026 0.92272 0.66026 0.92272 0.66023 0.93399 0.62007 0.93395 0.62009 0.92268 0.62007 0.93395 0.57995 0.93387 0.53983 0.93391 0.53984 0.92263 0.57996 0.92261 0.49968 0.9339 0.49967 0.92263 0.53984 0.92263 0.45951 0.92259 0.49967 0.92263 0.49968 0.9339 0.25842 0.97766 0.21813 0.97765 0.21816 0.93401 0.3792 0.97762 0.33898 0.97761 0.33894 0.93394 0.45955 0.97759 0.41937 0.97761 0.41934 0.93392 0.41937 0.98597 0.45956 0.98597 0.45956 0.98637 0.33899 0.98598 0.3792 0.98597 0.3792 0.98637 0.3792 0.98597 0.41937 0.98597 0.41937 0.98637 0.41937 0.97761 0.3792 0.97762 0.37915 0.93395 0.33898 0.97761 0.2987 0.97764 0.2987 0.93402 0.29871 0.98599 0.33899 0.98598 0.33899 0.98637 0.21813 0.98601 0.25841 0.986 0.2584 0.98637 0.2584 0.98637 0.25841 0.986 0.29871 0.98599 0.2987 0.97764 0.25842 0.97766 0.25842 0.93405 0.41934 0.92265 0.45951 0.92259 0.45951 0.93386 0.37914 0.92268 0.41934 0.92265 0.41934 0.93392 0.33893 0.92268 0.37914 0.92268 0.37915 0.93395 0.2987 0.92276 0.33893 0.92268 0.33894 0.93394 0.25842 0.92279 0.2987 0.92276 0.2987 0.93402 0.21817 0.92276 0.25842 0.92279 0.25842 0.93405 0.6746 0.41346 0.6381 0.41352 0.63811 0.38949 0.89336 0.39037 0.89336 0.415 0.85694 0.41392 0.13772 0.91459 0.09757 0.91458 0.09757995 0.90562 0.21818 0.90554 0.21817 0.9145 0.17795 0.91455 0.17795 0.91455 0.13772 0.91459 0.13774 0.90561 0.94168 0.91465 0.94169 0.90568 0.98193 0.90571 0.05743998 0.91463 0.05744999 0.90565 0.09757995 0.90562 0.01730996 0.91464 0.01730996 0.90566 0.05744999 0.90565 0.12811 0.41345 0.09166997 0.41344 0.09165996 0.38947 0.12806 0.44663 0.09166997 0.44663 0.09166997 0.43506 0.16465 0.44663 0.16462 0.43503 0.201 0.43507 0.21839 0.46937 0.17817 0.46937 0.17816 0.46281 0.16462 0.43503 0.16465 0.44663 0.12806 0.44663 0.13796 0.46281 0.17816 0.46281 0.17817 0.46937 0.13796 0.46281 0.13796 0.46937 0.09773999 0.46938 0.1646 0.41344 0.16458 0.38944 0.2009699 0.38948 0.16462 0.43503 0.1646 0.41344 0.2009699 0.41351 0.1646 0.41344 0.12811 0.41345 0.12811 0.38942 0.12811 0.41345 0.1646 0.41344 0.16462 0.43503 0.09166997 0.41344 0.12811 0.41345 0.12809 0.43501 0.89336 0.43588 0.89336 0.44663 0.85691 0.44663 0.09166997 0.44663 0.05518996 0.44663 0.05516999 0.4349 0.05751997 0.46281 0.09772998 0.46281 0.09773999 0.46938 0.05518996 0.44663 0.01863998 0.44663 0.01863998 0.43429 0.01730996 0.46281 0.05751997 0.46281 0.05752998 0.46938 0.94164 0.46281 0.98193 0.46281 0.98193 0.46938 0.09166997 0.41344 0.05515998 0.41325 0.05513995 0.38932 0.05515998 0.41325 0.09166997 0.41344 0.09166997 0.43506 0.05513995 0.38932 0.05515998 0.41325 0.01863998 0.41244 0.01863998 0.41244 0.05515998 0.41325 0.05516999 0.4349 0.85694 0.41392 0.89336 0.415 0.89336 0.43588 0.8612 0.91463 0.82099 0.91455 0.821 0.90559 0.90145 0.91466 0.90145 0.90568 0.94169 0.90568 0.8612 0.91463 0.86121 0.90565 0.90145 0.90568 0.70044 0.90549 0.7406 0.90555 0.74059 0.91452 0.82099 0.91455 0.7808 0.91455 0.7808 0.90557 0.7808 0.91455 0.74059 0.91452 0.7406 0.90555 0.78404 0.41349 0.74762 0.41349 0.74767 0.3895 0.74756 0.43508 0.78405 0.43501 0.78404 0.44663 0.82055 0.44663 0.82053 0.4351 0.85692 0.43524 0.9014 0.46938 0.90138 0.46281 0.94164 0.46281 0.82055 0.44663 0.78404 0.44663 0.78405 0.43501 0.86119 0.46937 0.86118 0.46281 0.90138 0.46281 0.86118 0.46281 0.86119 0.46937 0.82103 0.46937 0.85695 0.38967 0.85694 0.41392 0.82051 0.41351 0.85694 0.41392 0.85692 0.43524 0.82053 0.4351 0.82051 0.41351 0.78404 0.41349 0.78402 0.38943 0.78404 0.41349 0.82051 0.41351 0.82053 0.4351 0.74762 0.41349 0.78404 0.41349 0.78405 0.43501 0.6746 0.43503 0.6746 0.44663 0.6381 0.44663 0.74754 0.44663 0.7112 0.44663 0.71116 0.43503 0.78088 0.46937 0.78088 0.46281 0.82103 0.46281 0.7112 0.44663 0.6746 0.44663 0.6746 0.43503 0.7407 0.46937 0.74069 0.46281 0.78088 0.46281 0.70052 0.46281 0.74069 0.46281 0.7407 0.46937 0.74762 0.41349 0.7111 0.41346 0.71108 0.38944 0.7111 0.41346 0.74762 0.41349 0.74756 0.43508 0.7111 0.41346 0.6746 0.41346 0.67461 0.38945 0.6746 0.41346 0.7111 0.41346 0.71116 0.43503 0.6746 0.41346 0.6746 0.43503 0.6381 0.43508 0.45529 0.38946 0.45529 0.41349 0.41874 0.41354 0.62011 0.90542 0.6201 0.9144 0.57997 0.91433 0.66029 0.90546 0.70044 0.90549 0.70042 0.91446 0.4595 0.90535 0.49966 0.90536 0.49967 0.91433 0.53984 0.91435 0.53984 0.90536 0.57998 0.90537 0.49967 0.91433 0.49966 0.90536 0.53984 0.90536 0.56502 0.41348 0.52848 0.41354 0.52847 0.3895 0.52847 0.43509 0.56502 0.43504 0.565 0.44663 0.6381 0.44663 0.60162 0.44663 0.60159 0.43504 0.66041 0.46281 0.70052 0.46281 0.70053 0.46937 0.60162 0.44663 0.565 0.44663 0.56502 0.43504 0.62032 0.46281 0.66041 0.46281 0.66041 0.46937 0.58017 0.46281 0.62032 0.46281 0.62032 0.46936 0.6381 0.41352 0.60158 0.41347 0.60157 0.38946 0.60158 0.41347 0.6381 0.41352 0.6381 0.43508 0.60158 0.41347 0.56502 0.41348 0.56504 0.38946 0.56502 0.41348 0.60158 0.41347 0.60159 0.43504 0.52848 0.41354 0.56502 0.41348 0.56502 0.43504 0.45526 0.43505 0.45525 0.44663 0.41871 0.44663 0.52849 0.44663 0.49193 0.44663 0.49192 0.43505 0.53994 0.46281 0.58017 0.46281 0.58017 0.46936 0.49193 0.44663 0.45525 0.44663 0.45526 0.43505 0.49975 0.46281 0.53994 0.46281 0.53995 0.46936 0.49975 0.46281 0.49975 0.46936 0.45959 0.46936 0.52848 0.41354 0.49189 0.41349 0.49189 0.38946 0.49189 0.41349 0.52848 0.41354 0.52847 0.43509 0.49189 0.38946 0.49189 0.41349 0.45529 0.41349 0.49189 0.41349 0.49192 0.43505 0.45526 0.43505 0.45529 0.41349 0.45526 0.43505 0.41872 0.43509 0.37912 0.91439 0.33893 0.91441 0.33891 0.90544 0.4595 0.91432 0.41933 0.91436 0.41933 0.90539 0.41933 0.91436 0.37912 0.91439 0.37912 0.90542 0.21818 0.90554 0.25843 0.90553 0.25842 0.91451 0.33893 0.91441 0.2987 0.91448 0.2987 0.9055 0.2987 0.91448 0.25842 0.91451 0.25843 0.90553 0.34604 0.41348 0.30987 0.41353 0.30986 0.3895 0.30987 0.43508 0.34601 0.43504 0.34598 0.44663 0.3823 0.44663 0.38231 0.43504 0.41872 0.43509 0.41938 0.46936 0.41938 0.46281 0.4596 0.46281 0.34598 0.44663 0.34601 0.43504 0.38231 0.43504 0.37916 0.46936 0.37915 0.46281 0.41938 0.46281 0.33898 0.46281 0.37915 0.46281 0.37916 0.46936 0.41874 0.38951 0.41874 0.41354 0.38231 0.41349 0.41874 0.41354 0.41872 0.43509 0.38231 0.43504 0.3823 0.38946 0.38231 0.41349 0.34604 0.41348 0.38231 0.41349 0.38231 0.43504 0.34601 0.43504 0.30987 0.41353 0.34604 0.41348 0.34601 0.43504 0.23723 0.43504 0.23721 0.44663 0.20101 0.44663 0.27367 0.44663 0.27366 0.43504 0.30987 0.43508 0.29877 0.46937 0.29876 0.46281 0.33898 0.46281 0.23721 0.44663 0.23723 0.43504 0.27366 0.43504 0.25857 0.46937 0.25857 0.46281 0.29876 0.46281 0.25857 0.46281 0.25857 0.46937 0.21839 0.46937 0.30986 0.3895 0.30987 0.41353 0.27361 0.41347 0.30987 0.41353 0.30987 0.43508 0.27366 0.43504 0.27361 0.38945 0.27361 0.41347 0.2372699 0.41346 0.27361 0.41347 0.27366 0.43504 0.23723 0.43504 0.2372699 0.41346 0.23723 0.43504 0.201 0.43507 0.09371995 0.2044 0.09002995 0.18668 0.14277 0.18676 0.12137 0.14006 0.14379 0.1328999 0.14399 0.15002 0.51387 0.30073 0.49773 0.24049 0.54182 0.2846 0.4816 0.18025 0.49773 0.24049 0.45365 0.19638 0.45365 0.19638 0.49773 0.24049 0.43744 0.2243199 0.43744 0.2243199 0.49773 0.24049 0.43749 0.25662 0.43749 0.25662 0.49773 0.24049 0.45362 0.28458 0.45362 0.28458 0.49773 0.24049 0.48156 0.30078 0.48156 0.30078 0.49773 0.24049 0.51387 0.30073 0.54182 0.2846 0.49773 0.24049 0.55802 0.25666 0.55802 0.25666 0.49773 0.24049 0.55798 0.22436 0.55798 0.22436 0.49773 0.24049 0.54184 0.1964 0.54184 0.1964 0.49773 0.24049 0.5139 0.1802 0.5139 0.1802 0.49773 0.24049 0.4816 0.18025 0.08449995 0.07397997 0.11812 0.04903995 0.12262 0.05690997 0.11812 0.04903995 0.15707 0.03353995 0.15942 0.04232996 0.15707 0.03353995 0.19866 0.02840995 0.1987 0.03750997 0.19866 0.02840995 0.24023 0.03390997 0.23796 0.04275 0.23796 0.04275 0.24023 0.03390997 0.27914 0.04961997 0.27473 0.05756998 0.27914 0.04961997 0.31283 0.07453 0.30664 0.08098995 0.31283 0.07453 0.339 0.1071799 0.33149 0.11168 0.339 0.1071799 0.35567 0.14551 0.35567 0.14551 0.36138 0.1868399 0.35295 0.1868399 0.35558 0.22816 0.34735 0.2258999 0.35295 0.1868399 0.35558 0.22816 0.33883 0.26646 0.33131 0.26194 0.33883 0.26646 0.31259 0.29906 0.3064 0.29258 0.31259 0.29906 0.27886 0.32394 0.27446 0.31598 0.27886 0.32394 0.23995 0.33963 0.23768 0.33079 0.23768 0.33079 0.23995 0.33963 0.19837 0.34512 0.15678 0.33996 0.15914 0.33118 0.19842 0.33601 0.15914 0.33118 0.15678 0.33996 0.11786 0.32443 0.08427 0.29946 0.09059995 0.29307 0.12236 0.31658 0.05836999 0.26661 0.06612998 0.26209 0.09059995 0.29307 0.06612998 0.26209 0.05836999 0.26661 0.04201996 0.2281 0.04538995 0.18668 0.05066996 0.2257699 0.04201996 0.2281 0.04210996 0.14526 0.05075997 0.1475999 0.04538995 0.18668 0.04210996 0.14526 0.05853998 0.10678 0.06629997 0.11131 0.05853998 0.10678 0.08449995 0.07397997 0.09082996 0.08037996 0.09082996 0.08037996 0.12262 0.05690997 0.12426 0.05971997 0.11695 0.04701 0.11728 0.04759997 0.08331996 0.07280999 0.12262 0.05690997 0.15942 0.04232996 0.16026 0.04543995 0.15644 0.03126996 0.15661 0.03192996 0.11728 0.04759997 0.16026 0.04543995 0.15942 0.04232996 0.1987 0.03750997 0.19864 0.02673995 0.15661 0.03192996 0.15644 0.03126996 0.19873 0.04072999 0.1987 0.03750997 0.23796 0.04275 0.24064 0.03227996 0.19864 0.02673995 0.19864 0.02605998 0.23717 0.04585999 0.23796 0.04275 0.27473 0.05756998 0.27994 0.04813998 0.24064 0.03227996 0.24082 0.03161996 0.27313 0.06040996 0.27473 0.05756998 0.30664 0.08098995 0.31442 0.07283997 0.31398 0.07333999 0.27994 0.04813998 0.30425 0.08344995 0.30664 0.08098995 0.33149 0.11168 0.34095 0.10599 0.3404 0.10635 0.31398 0.07333999 0.3284 0.11354 0.33149 0.11168 0.34742 0.14777 0.35783 0.14489 0.35722 0.14509 0.3404 0.10635 0.34742 0.14777 0.35295 0.1868399 0.34934 0.18683 0.36298 0.18685 0.35722 0.14509 0.35783 0.14489 0.35774 0.22879 0.35714 0.22859 0.36298 0.18685 0.35295 0.1868399 0.34735 0.2258999 0.34384 0.22491 0.34735 0.2258999 0.33131 0.26194 0.32824 0.26008 0.34077 0.26766 0.34023 0.26729 0.35714 0.22859 0.33131 0.26194 0.3064 0.29258 0.30403 0.29012 0.31374 0.30026 0.34023 0.26729 0.34077 0.26766 0.3064 0.29258 0.27446 0.31598 0.27287 0.31314 0.27999 0.32602 0.27967 0.32542 0.31374 0.30026 0.27446 0.31598 0.23768 0.33079 0.23689 0.32768 0.24053 0.34193 0.24036 0.34127 0.27967 0.32542 0.23768 0.33079 0.19842 0.33601 0.19845 0.3328 0.19835 0.34747 0.19835 0.34679 0.24036 0.34127 0.15633 0.34158 0.19835 0.34679 0.19835 0.34747 0.19845 0.3328 0.19842 0.33601 0.15914 0.33118 0.15999 0.32807 0.15914 0.33118 0.12236 0.31658 0.1170099 0.32587 0.15633 0.34158 0.15615 0.34223 0.08307999 0.30063 0.1170099 0.32587 0.11669 0.32646 0.124 0.31376 0.12236 0.31658 0.09059995 0.29307 0.05693 0.26743 0.08307999 0.30063 0.08261996 0.30111 0.09293997 0.29074 0.09059995 0.29307 0.06612998 0.26209 0.069 0.26042 0.06612998 0.26209 0.05066996 0.2257699 0.04041999 0.22853 0.05693 0.26743 0.05634999 0.26777 0.03480994 0.18667 0.04041999 0.22853 0.03977996 0.2287099 0.0539 0.2249 0.05066996 0.2257699 0.04538995 0.18668 0.03986996 0.14465 0.04051995 0.14483 0.03480994 0.18667 0.04538995 0.18668 0.05075997 0.1475999 0.05398994 0.14847 0.05075997 0.1475999 0.06629997 0.11131 0.06916999 0.11298 0.05651998 0.10562 0.05709999 0.10596 0.04051995 0.14483 0.06629997 0.11131 0.09082996 0.08037996 0.09315997 0.08270996 0.08284997 0.07232999 0.08331996 0.07280999 0.05709999 0.10596 0.16403 0.31301 0.19853 0.31718 0.19845 0.3328 0.23717 0.04585999 0.23327 0.06099998 0.1988 0.05634999 0.19873 0.04072999 0.1988 0.05634999 0.1643 0.06050997 0.16026 0.04543995 0.1643 0.06050997 0.1320199 0.07324999 0.1320199 0.07324999 0.1041 0.09375 0.09315997 0.08270996 0.1041 0.09375 0.08256995 0.1208 0.06916999 0.11298 0.08256995 0.1208 0.06893998 0.15252 0.05398994 0.14847 0.06893998 0.15252 0.06422996 0.18669 0.04874998 0.18668 0.04874998 0.18668 0.06422996 0.18669 0.06885999 0.22087 0.0539 0.2249 0.06885999 0.22087 0.08240997 0.25262 0.069 0.26042 0.08240997 0.25262 0.10389 0.27971 0.09293997 0.29074 0.10389 0.27971 0.13176 0.30025 0.13176 0.30025 0.16403 0.31301 0.15999 0.32807 0.19853 0.31718 0.233 0.31254 0.23689 0.32768 0.233 0.31254 0.26527 0.29953 0.27287 0.31314 0.26527 0.29953 0.29331 0.27903 0.30403 0.29012 0.29331 0.27903 0.31521 0.25226 0.32824 0.26008 0.31521 0.25226 0.32954 0.22078 0.34384 0.22491 0.32954 0.22078 0.33464 0.18682 0.34934 0.18683 0.33464 0.18682 0.32959 0.15285 0.34391 0.1487399 0.32959 0.15285 0.31538 0.12133 0.3284 0.11354 0.31538 0.12133 0.29353 0.09451997 0.30425 0.08344995 0.30425 0.08344995 0.29353 0.09451997 0.26552 0.07400995 0.27313 0.06040996 0.26552 0.07400995 0.23327 0.06099998 0.16403 0.31301 0.1651 0.30935 0.19862 0.31338 0.23327 0.06099998 0.23238 0.0647 0.19889 0.06015998 0.19889 0.06015998 0.16536 0.06417 0.1643 0.06050997 0.16536 0.06417 0.13399 0.07650995 0.1320199 0.07324999 0.13399 0.07650995 0.10683 0.09639996 0.1041 0.09375 0.10683 0.09639996 0.08587998 0.12267 0.08256995 0.1208 0.08587998 0.12267 0.07261997 0.15349 0.06893998 0.15252 0.07261997 0.15349 0.06803995 0.18669 0.06422996 0.18669 0.06422996 0.18669 0.06803995 0.18669 0.07253998 0.21991 0.06885999 0.22087 0.07253998 0.21991 0.08572 0.25075 0.08240997 0.25262 0.08572 0.25075 0.10662 0.27706 0.10389 0.27971 0.10662 0.27706 0.1337299 0.29699 0.13176 0.30025 0.1337299 0.29699 0.1651 0.30935 0.19862 0.31338 0.23212 0.30884 0.233 0.31254 0.23212 0.30884 0.26346 0.2962 0.26527 0.29953 0.26346 0.2962 0.29074 0.27632 0.29331 0.27903 0.29074 0.27632 0.31228 0.25048 0.31521 0.25226 0.31228 0.25048 0.32626 0.21988 0.32954 0.22078 0.32626 0.21988 0.33096 0.18682 0.33464 0.18682 0.33096 0.18682 0.3263 0.15375 0.32959 0.15285 0.32959 0.15285 0.3263 0.15375 0.31245 0.1231 0.31538 0.12133 0.31245 0.1231 0.29098 0.09722 0.29353 0.09451997 0.29098 0.09722 0.26371 0.07734 0.26552 0.07400995 0.26371 0.07734 0.23238 0.0647 0.1651 0.30935 0.16684 0.30323 0.19875 0.30702 0.23238 0.0647 0.23089 0.07084995 0.19901 0.06650996 0.19901 0.06650996 0.1671 0.07029998 0.16536 0.06417 0.1671 0.07029998 0.13722 0.08199 0.13399 0.07650995 0.13722 0.08199 0.1113499 0.1008599 0.10683 0.09639996 0.1113499 0.1008599 0.09139996 0.1258299 0.08587998 0.12267 0.09139996 0.1258299 0.07876998 0.15513 0.07261997 0.15349 0.07876998 0.15513 0.07440996 0.18669 0.06803995 0.18669 0.07440996 0.18669 0.07868999 0.21827 0.07253998 0.21991 0.07253998 0.21991 0.07868999 0.21827 0.09123998 0.2476 0.08572 0.25075 0.09123998 0.2476 0.1111299 0.2726 0.10662 0.27706 0.1111299 0.2726 0.13696 0.29151 0.1337299 0.29699 0.13696 0.29151 0.16684 0.30323 0.19862 0.31338 0.19875 0.30702 0.23062 0.30266 0.23062 0.30266 0.26046 0.29059 0.26346 0.2962 0.26046 0.29059 0.28658 0.27172 0.29074 0.27632 0.28658 0.27172 0.3073 0.24728 0.31228 0.25048 0.3073 0.24728 0.32085 0.21836 0.32626 0.21988 0.32085 0.21836 0.32554 0.18681 0.33096 0.18682 0.32554 0.18681 0.32087 0.15526 0.3263 0.15375 0.3263 0.15375 0.32087 0.15526 0.30748 0.1262699 0.31245 0.1231 0.30748 0.1262699 0.28685 0.10172 0.29098 0.09722 0.28685 0.10172 0.26079 0.08291995 0.26371 0.07734 0.26079 0.08291995 0.23089 0.07084995 0.16684 0.30323 0.16742 0.30131 0.19888 0.30507 0.23089 0.07084995 0.2305 0.07273995 0.19915 0.06844997 0.19915 0.06844997 0.16768 0.07220995 0.1671 0.07029998 0.16768 0.07220995 0.13827 0.08367997 0.13722 0.08199 0.13827 0.08367997 0.1128 0.10224 0.1113499 0.1008599 0.1128 0.10224 0.09318 0.12681 0.09139996 0.1258299 0.09318 0.12681 0.08076 0.15564 0.07876998 0.15513 0.08076 0.15564 0.07646995 0.18669 0.07440996 0.18669 0.07440996 0.18669 0.07646995 0.18669 0.08066999 0.21775 0.07868999 0.21827 0.08066999 0.21775 0.09301 0.24661 0.09123998 0.2476 0.09301 0.24661 0.11258 0.27123 0.1111299 0.2726 0.11258 0.27123 0.13801 0.28983 0.13696 0.29151 0.13801 0.28983 0.16742 0.30131 0.19888 0.30507 0.23024 0.3008 0.23062 0.30266 0.23024 0.3008 0.25963 0.28894 0.26046 0.29059 0.25963 0.28894 0.28523 0.27019 0.28658 0.27172 0.28523 0.27019 0.30527 0.24599 0.3073 0.24728 0.30527 0.24599 0.31838 0.21763 0.32085 0.21836 0.31838 0.21763 0.32294 0.18682 0.32554 0.18681 0.32294 0.18682 0.31839 0.15599 0.32087 0.15526 0.32087 0.15526 0.31839 0.15599 0.30542 0.12756 0.30748 0.1262699 0.30542 0.12756 0.28539 0.10335 0.28685 0.10172 0.28539 0.10335 0.2599 0.08465999 0.26079 0.08291995 0.2599 0.08465999 0.2305 0.07273995 0.16742 0.30131 0.16793 0.29976 0.1989499 0.30342 0.2305 0.07273995 0.23015 0.0744 0.19922 0.0701 0.19922 0.0701 0.1682 0.07376998 0.16768 0.07220995 0.1682 0.07376998 0.13917 0.08508998 0.13827 0.08367997 0.13917 0.08508998 0.114 0.10337 0.1128 0.10224 0.114 0.10337 0.09465998 0.12764 0.09318 0.12681 0.09465998 0.12764 0.08243 0.15609 0.08076 0.15564 0.08243 0.15609 0.07822 0.18668 0.07646995 0.18669 0.07646995 0.18669 0.07822 0.18668 0.08234 0.21729 0.08066999 0.21775 0.08234 0.21729 0.09447997 0.24577 0.09301 0.24661 0.09447997 0.24577 0.11377 0.2701 0.11258 0.27123 0.11377 0.2701 0.1389099 0.28842 0.13801 0.28983 0.1389099 0.28842 0.16793 0.29976 0.1989499 0.30342 0.22989 0.29911 0.23024 0.3008 0.22989 0.29911 0.25889 0.28735 0.25963 0.28894 0.25889 0.28735 0.28402 0.26892 0.28523 0.27019 0.28402 0.26892 0.30387 0.24516 0.30527 0.24599 0.30387 0.24516 0.31696 0.21722 0.31838 0.21763 0.31696 0.21722 0.32148 0.18682 0.32294 0.18682 0.32294 0.18682 0.32148 0.18682 0.31695 0.1564 0.31839 0.15599 0.31695 0.1564 0.30403 0.12839 0.30542 0.12756 0.30403 0.12839 0.28426 0.10457 0.28539 0.10335 0.28426 0.10457 0.25912 0.08617997 0.2599 0.08465999 0.25912 0.08617997 0.23015 0.0744 0.16793 0.29976 0.16942 0.24747 0.19884 0.25685 0.22853 0.1105 0.19918 0.11669 0.19922 0.0701 0.19918 0.11669 0.16975 0.12474 0.1682 0.07376998 0.16975 0.12474 0.14254 0.13072 0.13917 0.08508998 0.14254 0.13072 0.11928 0.13807 0.114 0.10337 0.11928 0.13807 0.10163 0.14933 0.09465998 0.12764 0.10163 0.14933 0.09043997 0.16824 0.08243 0.15609 0.09043997 0.16824 0.08657997 0.18668 0.07822 0.18668 0.07822 0.18668 0.08657997 0.18668 0.09037995 0.20512 0.08234 0.21729 0.09037995 0.20512 0.10147 0.22227 0.09447997 0.24577 0.10147 0.22227 0.11905 0.23255 0.11377 0.2701 0.11905 0.23255 0.14221 0.23921 0.1389099 0.28842 0.14221 0.23921 0.16942 0.24747 0.1989499 0.30342 0.19884 0.25685 0.2282299 0.2641 0.2282299 0.2641 0.25554 0.26592 0.25889 0.28735 0.25554 0.26592 0.28329 0.25508 0.28402 0.26892 0.28329 0.25508 0.30339 0.23458 0.30387 0.24516 0.30339 0.23458 0.31381 0.2093999 0.31696 0.21722 0.31381 0.2093999 0.31628 0.1872799 0.32148 0.18682 0.32148 0.18682 0.31628 0.1872799 0.31288 0.16543 0.31695 0.1564 0.31288 0.16543 0.30149 0.1403 0.30403 0.12839 0.30149 0.1403 0.27933 0.11692 0.28426 0.10457 0.27933 0.11692 0.25579 0.1085 0.25912 0.08617997 0.25579 0.1085 0.22853 0.1105 0.16942 0.24747 0.17021 0.24529 0.19932 0.25459 0.2286 0.11281 0.19971 0.11898 0.19918 0.11669 0.19971 0.11898 0.17046 0.12696 0.16975 0.12474 0.17046 0.12696 0.14379 0.1328999 0.14254 0.13072 0.14379 0.1328999 0.12137 0.14006 0.11928 0.13807 0.12137 0.14006 0.10454 0.1507599 0.10163 0.14933 0.10454 0.1507599 0.09378999 0.16895 0.09043997 0.16824 0.09378999 0.16895 0.09002995 0.18668 0.08657997 0.18668 0.09002995 0.18668 0.09371995 0.2044 0.09037995 0.20512 0.09037995 0.20512 0.09371995 0.2044 0.1043699 0.22083 0.10147 0.22227 0.1043699 0.22083 0.12114 0.23057 0.11905 0.23255 0.12114 0.23057 0.1435199 0.23712 0.14221 0.23921 0.1435199 0.23712 0.17021 0.24529 0.19884 0.25685 0.19932 0.25459 0.2283 0.2618 0.2282299 0.2641 0.2283 0.2618 0.25484 0.26345 0.25484 0.26345 0.28158 0.25296 0.28329 0.25508 0.28158 0.25296 0.30124 0.23347 0.30339 0.23458 0.30124 0.23347 0.31182 0.20889 0.31381 0.2093999 0.31182 0.20889 0.31433 0.18731 0.31628 0.1872799 0.31628 0.1872799 0.31433 0.18731 0.31084 0.16588 0.31288 0.16543 0.31084 0.16588 0.29934 0.1413699 0.30149 0.1403 0.29934 0.1413699 0.27774 0.11902 0.27933 0.11692 0.27774 0.11902 0.25509 0.111 0.25579 0.1085 0.25509 0.111 0.2286 0.11281 0.09002995 0.18668 0.09378999 0.16895 0.1431699 0.16883 0.1437 0.22286 0.1043699 0.22083 0.09371995 0.2044 0.12114 0.23057 0.1043699 0.22083 0.1437 0.22286 0.09378999 0.16895 0.10454 0.1507599 0.14399 0.15002 0.1435199 0.23712 0.1437 0.22286 0.1701599 0.22395 0.1701599 0.22395 0.1437 0.22286 0.14326 0.20612 0.14326 0.20612 0.14277 0.18676 0.16914 0.18679 0.14277 0.18676 0.1431699 0.16883 0.16918 0.16883 0.16979 0.14967 0.16918 0.16883 0.1431699 0.16883 0.14379 0.1328999 0.17046 0.12696 0.16979 0.14967 0.17021 0.24529 0.1701599 0.22395 0.19896 0.22495 0.19896 0.22495 0.1701599 0.22395 0.16926 0.2069 0.19668 0.18682 0.1973299 0.20767 0.16926 0.2069 0.16914 0.18679 0.16918 0.16883 0.19727 0.16894 0.19793 0.14951 0.19727 0.16894 0.16918 0.16883 0.17046 0.12696 0.19971 0.11898 0.19793 0.14951 0.19896 0.22495 0.22422 0.22045 0.2176499 0.23274 0.19932 0.25459 0.2176499 0.23274 0.2319 0.2424 0.1973299 0.20767 0.23171 0.20273 0.22422 0.22045 0.19668 0.18682 0.23592 0.18579 0.23171 0.20273 0.23268 0.16781 0.23592 0.18579 0.19668 0.18682 0.22759 0.15151 0.23268 0.16781 0.19727 0.16894 0.21854 0.13543 0.22759 0.15151 0.19793 0.14951 0.23238 0.12973 0.21854 0.13543 0.19971 0.11898 0.2283 0.2618 0.2319 0.2424 0.25465 0.2465299 0.25509 0.111 0.25512 0.12787 0.23238 0.12973 0.25465 0.2465299 0.27774 0.24185 0.28158 0.25296 0.27774 0.24185 0.29415 0.22619 0.30124 0.23347 0.29415 0.22619 0.304 0.20477 0.31182 0.20889 0.304 0.20477 0.30578 0.1874099 0.31433 0.18731 0.31433 0.18731 0.30578 0.1874099 0.30295 0.16916 0.31084 0.16588 0.30295 0.16916 0.29134 0.14816 0.29934 0.1413699 0.29134 0.14816 0.27477 0.13378 0.27774 0.11902 0.27477 0.13378 0.25512 0.12787 0.22422 0.22045 0.22506 0.2203299 0.2185 0.2323099 0.2176499 0.23274 0.2185 0.2323099 0.23225 0.24152 0.23171 0.20273 0.23243 0.20266 0.22506 0.2203299 0.23592 0.18579 0.23656 0.18582 0.23243 0.20266 0.2334 0.16786 0.23656 0.18582 0.23592 0.18579 0.22832 0.1516 0.2334 0.16786 0.23268 0.16781 0.21935 0.13592 0.22832 0.1516 0.22759 0.15151 0.23269 0.1306599 0.21935 0.13592 0.21854 0.13543 0.2319 0.2424 0.23225 0.24152 0.25468 0.24557 0.25513 0.12884 0.23269 0.1306599 0.23238 0.12973 0.25468 0.24557 0.27741 0.24096 0.27774 0.24185 0.27741 0.24096 0.2935 0.2256 0.29415 0.22619 0.2935 0.2256 0.30323 0.2044399 0.304 0.20477 0.30323 0.2044399 0.30496 0.18743 0.30578 0.1874099 0.30578 0.1874099 0.30496 0.18743 0.30217 0.16947 0.30295 0.16916 0.30217 0.16947 0.29071 0.14875 0.29134 0.14816 0.29071 0.14875 0.27446 0.13466 0.27477 0.13378 0.27446 0.13466 0.25513 0.12884 0.05510997 0.3767 0.09165996 0.3767 0.09165996 0.38947 0.49187 0.3767 0.52848 0.3767 0.52847 0.3895 0.52848 0.3767 0.56506 0.3767 0.56504 0.38946 0.56506 0.3767 0.60156 0.3767 0.60157 0.38946 0.60156 0.3767 0.63812 0.3767 0.63811 0.38949 0.63812 0.3767 0.67464 0.3767 0.67461 0.38945 0.67464 0.3767 0.71105 0.3767 0.71108 0.38944 0.71105 0.3767 0.7477 0.3767 0.74767 0.3895 0.7477 0.3767 0.78401 0.3767 0.78402 0.38943 0.78401 0.3767 0.82047 0.3767 0.82049 0.38951 0.82047 0.3767 0.85696 0.3767 0.85695 0.38967 0.85696 0.3767 0.89336 0.3767 0.89336 0.39037 0.01863998 0.3767 0.05510997 0.3767 0.05513995 0.38932 0.09165996 0.3767 0.12812 0.3767 0.12811 0.38942 0.12812 0.3767 0.16456 0.3767 0.16458 0.38944 0.16458 0.38944 0.16456 0.3767 0.20098 0.3767 0.2009699 0.38948 0.20098 0.3767 0.23732 0.3767 0.23729 0.38945 0.23732 0.3767 0.27359 0.3767 0.27361 0.38945 0.27359 0.3767 0.30987 0.3767 0.30986 0.3895 0.30987 0.3767 0.34606 0.3767 0.34606 0.3767 0.38228 0.3767 0.3823 0.38946 0.3823 0.38946 0.38228 0.3767 0.41873 0.3767 0.41874 0.38951 0.41873 0.3767 0.45531 0.3767 0.45531 0.3767 0.49187 0.3767 0.49189 0.38946 0.52713 0.3503 0.52392 0.33829 0.54836 0.32822 0.47154 0.14269 0.44711 0.15276 0.44089 0.14198 0.44711 0.15276 0.42616 0.16888 0.41737 0.16008 0.41737 0.16008 0.42616 0.16888 0.41009 0.1898699 0.41009 0.1898699 0.39987 0.21424 0.38787 0.2110199 0.39987 0.21424 0.39652 0.24046 0.38407 0.24046 0.39652 0.24046 0.39994 0.26668 0.38792 0.26989 0.38792 0.26989 0.39994 0.26668 0.41001 0.29111 0.39923 0.29733 0.41001 0.29111 0.42612 0.31206 0.42612 0.31206 0.44712 0.32813 0.44088 0.33892 0.44712 0.32813 0.47149 0.33835 0.46827 0.35035 0.47149 0.33835 0.4977 0.3417 0.49771 0.35416 0.49771 0.35416 0.4977 0.3417 0.52392 0.33829 0.54836 0.32822 0.56931 0.3121 0.5781 0.32089 0.5781 0.32089 0.56931 0.3121 0.58538 0.29111 0.59616 0.29734 0.58538 0.29111 0.5956 0.26673 0.6076 0.26995 0.5956 0.26673 0.59894 0.24052 0.6114 0.24052 0.59894 0.24052 0.59553 0.2143 0.60755 0.21109 0.59553 0.2143 0.58546 0.18986 0.59624 0.18365 0.58546 0.18986 0.56935 0.16892 0.57814 0.16012 0.56935 0.16892 0.54835 0.15285 0.54835 0.15285 0.52398 0.14263 0.5272 0.13062 0.52398 0.14263 0.49776 0.13928 0.49776 0.12682 0.49776 0.13928 0.47154 0.14269 0.46833 0.13067 0.22506 0.2203299 0.22614 0.21852 0.21984 0.22996 0.23243 0.20266 0.23317 0.2018 0.22614 0.21852 0.23656 0.18582 0.23712 0.1858299 0.23317 0.2018 0.2334 0.16786 0.23412 0.1686699 0.23712 0.1858299 0.22931 0.15308 0.23412 0.1686699 0.2334 0.16786 0.22073 0.13809 0.22931 0.15308 0.22832 0.1516 0.6201 0.9144 0.62011 0.90542 0.66029 0.90546 0.52392 0.33829 0.51387 0.30073 0.52876 0.29426 0.56931 0.3121 0.54836 0.32822 0.52876 0.29426 0.56931 0.3121 0.54182 0.2846 0.55144 0.27151 0.58538 0.29111 0.55144 0.27151 0.55802 0.25666 0.5956 0.26673 0.55802 0.25666 0.55976 0.24051 0.59553 0.2143 0.59894 0.24052 0.55976 0.24051 0.59553 0.2143 0.55798 0.22436 0.5515 0.20946 0.56935 0.16892 0.58546 0.18986 0.5515 0.20946 0.56935 0.16892 0.54184 0.1964 0.52876 0.18678 0.52398 0.14263 0.54835 0.15285 0.52876 0.18678 0.52398 0.14263 0.5139 0.1802 0.49775 0.17846 0.47154 0.14269 0.49776 0.13928 0.49775 0.17846 0.47154 0.14269 0.4816 0.18025 0.46671 0.18672 0.44711 0.15276 0.46671 0.18672 0.45365 0.19638 0.42616 0.16888 0.45365 0.19638 0.44402 0.20947 0.39987 0.21424 0.41009 0.1898699 0.44402 0.20947 0.39652 0.24046 0.39987 0.21424 0.43744 0.2243199 0.39994 0.26668 0.39652 0.24046 0.43571 0.24047 0.39994 0.26668 0.43749 0.25662 0.44396 0.27152 0.42612 0.31206 0.41001 0.29111 0.44396 0.27152 0.42612 0.31206 0.45362 0.28458 0.46671 0.2942 0.47149 0.33835 0.44712 0.32813 0.46671 0.2942 0.47149 0.33835 0.48156 0.30078 0.49772 0.30251 0.52392 0.33829 0.4977 0.3417 0.49772 0.30251 0.70049 0.7674 0.74066 0.76744 0.74065 0.78558 0.78084 0.78561 0.74065 0.78558 0.74066 0.76744 0.82105 0.78564 0.78084 0.78561 0.78085 0.76747 0.86126 0.76752 0.86125 0.78566 0.82105 0.78564 0.90148 0.78568 0.86125 0.78566 0.86126 0.76752 0.90148 0.78568 0.90149 0.76754 0.94172 0.76755 0.94171 0.7857 0.94172 0.76755 0.98193 0.76756 0.01730996 0.78568 0.01730996 0.76753 0.05747997 0.76753 0.05746996 0.78567 0.05747997 0.76753 0.09764999 0.76752 0.13783 0.7675 0.13781 0.78564 0.09763997 0.78566 0.13781 0.78564 0.13783 0.7675 0.17803 0.76748 0.21823 0.78559 0.17802 0.78562 0.17803 0.76748 0.21824 0.76745 0.25845 0.76742 0.25844 0.78556 0.29868 0.78553 0.25844 0.78556 0.25845 0.76742 0.3389 0.7855 0.29868 0.78553 0.29868 0.76739 0.37911 0.78548 0.3389 0.7855 0.3389 0.76737 0.41931 0.78546 0.37911 0.78548 0.37911 0.76735 0.45949 0.78546 0.41931 0.78546 0.41931 0.76733 0.49965 0.78545 0.45949 0.78546 0.45949 0.76733 0.53983 0.78546 0.49965 0.78545 0.49965 0.76732 0.57999 0.78547 0.53983 0.78546 0.53983 0.76733 0.62016 0.78548 0.57999 0.78547 0.58 0.76734 0.66033 0.7855 0.62016 0.78548 0.62017 0.76735 0.70048 0.78554 0.66033 0.7855 0.66034 0.76737 0.70042 0.91446 0.74059 0.91452 0.74058 0.9228 0.78079 0.92282 0.74058 0.9228 0.74059 0.91452 0.82099 0.92282 0.78079 0.92282 0.7808 0.91455 0.82099 0.91455 0.8612 0.91463 0.86119 0.9229 0.86119 0.9229 0.8612 0.91463 0.90145 0.91466 0.90144 0.92294 0.90145 0.91466 0.94168 0.91465 0.98193 0.91469 0.98193 0.92297 0.94168 0.92292 0.01730996 0.92291 0.01730996 0.91464 0.05743998 0.91463 0.05743998 0.92291 0.05743998 0.91463 0.09757 0.91458 0.13772 0.91459 0.13772 0.92286 0.09755998 0.92285 0.13772 0.91459 0.17795 0.91455 0.17794 0.92282 0.17794 0.92282 0.17795 0.91455 0.21817 0.9145 0.21817 0.9145 0.25842 0.91451 0.25842 0.92279 0.2987 0.92276 0.25842 0.92279 0.25842 0.91451 0.33893 0.92268 0.2987 0.92276 0.2987 0.91448 0.37914 0.92268 0.33893 0.92268 0.33893 0.91441 0.41934 0.92265 0.37914 0.92268 0.37912 0.91439 0.45951 0.92259 0.41934 0.92265 0.41933 0.91436 0.4595 0.91432 0.49967 0.91433 0.49967 0.92263 0.49967 0.92263 0.49967 0.91433 0.53984 0.91435 0.53984 0.92263 0.53984 0.91435 0.57997 0.91433 0.6201 0.9144 0.62009 0.92268 0.57996 0.92261 0.66027 0.91445 0.66026 0.92272 0.62009 0.92268 0.70041 0.92273 0.66026 0.92272 0.66027 0.91445 0.70058 0.61105 0.70057 0.62572 0.6604 0.6257 0.74075 0.61107 0.74075 0.62574 0.70057 0.62572 0.78094 0.61109 0.78094 0.62576 0.74075 0.62574 0.82112 0.61111 0.82112 0.62578 0.78094 0.62576 0.86132 0.61112 0.86131 0.62579 0.82112 0.62578 0.86132 0.61112 0.90153 0.61112 0.90152 0.62579 0.90153 0.61112 0.94172 0.61113 0.94172 0.6258 0.94172 0.61113 0.98193 0.61113 0.98193 0.6258 0.01730996 0.61112 0.05752998 0.61112 0.05751997 0.62579 0.05752998 0.61112 0.09775 0.61111 0.09773999 0.62578 0.09775 0.61111 0.13796 0.61111 0.13795 0.62578 0.13796 0.61111 0.17817 0.6111 0.17816 0.62577 0.17817 0.6111 0.21837 0.61109 0.21836 0.62576 0.25856 0.61107 0.25855 0.62574 0.21836 0.62576 0.29877 0.61105 0.29876 0.62572 0.25855 0.62574 0.33896 0.61102 0.33895 0.62569 0.29876 0.62572 0.37914 0.611 0.37913 0.62567 0.33895 0.62569 0.41934 0.61098 0.41933 0.62565 0.37913 0.62567 0.45952 0.61098 0.45951 0.62565 0.41933 0.62565 0.45952 0.61098 0.49971 0.61097 0.4997 0.62564 0.49971 0.61097 0.53991 0.61098 0.5399 0.62565 0.53991 0.61098 0.58007 0.61099 0.58006 0.62566 0.58007 0.61099 0.62024 0.611 0.62023 0.62567 0.66041 0.61103 0.6604 0.6257 0.62023 0.62567 0.70057 0.69661 0.7005 0.7519 0.66035 0.75187 0.70057 0.69661 0.74075 0.69664 0.74068 0.75194 0.78094 0.69666 0.78087 0.75197 0.74068 0.75194 0.82112 0.69669 0.82107 0.752 0.78087 0.75197 0.86131 0.6967 0.86127 0.75201 0.82107 0.752 0.90151 0.69671 0.90149 0.75203 0.86127 0.75201 0.94172 0.69671 0.94172 0.75204 0.90149 0.75203 0.98193 0.69671 0.98193 0.75205 0.94172 0.75204 0.01730996 0.69669 0.05751997 0.69669 0.05747997 0.75202 0.05751997 0.69669 0.09772998 0.69669 0.09766 0.75201 0.09772998 0.69669 0.13792 0.69668 0.13785 0.75199 0.17813 0.69667 0.17805 0.75198 0.13785 0.75199 0.21832 0.69665 0.21825 0.75195 0.17805 0.75198 0.25852 0.69663 0.25846 0.75192 0.21825 0.75195 0.29873 0.69661 0.29869 0.75189 0.25846 0.75192 0.33892 0.69659 0.3389 0.75187 0.29869 0.75189 0.37911 0.69656 0.37911 0.75185 0.3389 0.75187 0.37911 0.69656 0.41931 0.69655 0.41931 0.75183 0.41931 0.69655 0.4595 0.69654 0.45949 0.75183 0.4595 0.69654 0.4997 0.69654 0.49966 0.75182 0.4997 0.69654 0.53989 0.69654 0.53984 0.75183 0.53989 0.69654 0.58005 0.69655 0.58001 0.75184 0.58005 0.69655 0.62021 0.69657 0.62017 0.75185 0.62021 0.69657 0.6604 0.69659 0.66035 0.75187 0.66042 0.53545 0.70057 0.53547 0.70058 0.61105 0.74073 0.53549 0.74075 0.61107 0.70058 0.61105 0.78092 0.58591 0.78094 0.61109 0.74075 0.61107 0.86125 0.53552 0.86132 0.61112 0.82112 0.61111 0.90147 0.53553 0.90153 0.61112 0.86132 0.61112 0.90147 0.53553 0.94168 0.53554 0.94172 0.61113 0.94168 0.53554 0.98193 0.53555 0.98193 0.61113 0.01730996 0.53554 0.05753999 0.53553 0.05752998 0.61112 0.05753999 0.53553 0.09775 0.53553 0.09775 0.61111 0.09775 0.53553 0.13795 0.53552 0.13796 0.61111 0.13795 0.53552 0.17817 0.53551 0.17817 0.6111 0.17817 0.53551 0.21838 0.5355 0.21837 0.61109 0.25857 0.53548 0.25856 0.61107 0.21837 0.61109 0.29878 0.53547 0.29877 0.61105 0.25856 0.61107 0.33898 0.53545 0.33896 0.61102 0.29877 0.61105 0.37917 0.53543 0.37914 0.611 0.33896 0.61102 0.41937 0.53542 0.41934 0.61098 0.37914 0.611 0.45957 0.53541 0.45952 0.61098 0.41934 0.61098 0.49975 0.53541 0.49971 0.61097 0.45952 0.61098 0.49975 0.53541 0.53994 0.53541 0.53991 0.61098 0.53994 0.53541 0.58011 0.53542 0.58009 0.57138 0.62027 0.53544 0.66042 0.53545 0.66041 0.61103 0.74073 0.53549 0.7407 0.46937 0.78088 0.46937 0.7809 0.5355 0.78088 0.46937 0.82103 0.46937 0.86119 0.46937 0.86125 0.53552 0.82107 0.53551 0.86125 0.53552 0.86119 0.46937 0.9014 0.46938 0.90147 0.53553 0.9014 0.46938 0.94165 0.46938 0.98193 0.53555 0.94168 0.53554 0.94165 0.46938 0.05753999 0.53553 0.01730996 0.53554 0.01730996 0.46938 0.09775 0.53553 0.05753999 0.53553 0.05752998 0.46938 0.13795 0.53552 0.09775 0.53553 0.09773999 0.46938 0.17817 0.53551 0.13795 0.53552 0.13796 0.46937 0.21838 0.5355 0.17817 0.53551 0.17817 0.46937 0.25857 0.46937 0.25857 0.53548 0.21838 0.5355 0.25857 0.53548 0.25857 0.46937 0.29877 0.46937 0.29878 0.53547 0.29877 0.46937 0.33898 0.46937 0.37916 0.46936 0.37917 0.53543 0.33898 0.53545 0.37917 0.53543 0.37916 0.46936 0.41938 0.46936 0.41937 0.53542 0.41938 0.46936 0.45959 0.46936 0.49975 0.53541 0.45957 0.53541 0.45959 0.46936 0.53994 0.53541 0.49975 0.53541 0.49975 0.46936 0.58011 0.53542 0.53994 0.53541 0.53995 0.46936 0.62027 0.53544 0.58011 0.53542 0.58017 0.46936 0.66041 0.50835 0.62027 0.53544 0.62032 0.46936 0.53983 0.98597 0.53982 0.97761 0.57992 0.97759 0.57991 0.98597 0.57992 0.97759 0.62004 0.97762 0.62003 0.98597 0.62004 0.97762 0.66017 0.97763 0.70033 0.98599 0.66017 0.98598 0.66017 0.97763 0.70034 0.97763 0.74052 0.97766 0.7405 0.986 0.78071 0.98602 0.7405 0.986 0.74052 0.97766 0.82093 0.98606 0.78071 0.98602 0.78071 0.97768 0.86117 0.98612 0.82093 0.98606 0.82094 0.9777 0.9014 0.98619 0.86117 0.98612 0.86118 0.97778 0.9014 0.98619 0.9014 0.97784 0.94166 0.97789 0.98193 0.97786 0.98193 0.98619 0.94166 0.98628 0.01730996 0.98617 0.01730996 0.97782 0.05737996 0.97783 0.09749996 0.97774 0.09749996 0.98609 0.05737996 0.9862 0.1376799 0.97772 0.13766 0.98605 0.09749996 0.98609 0.13766 0.98605 0.1376799 0.97772 0.17787 0.97769 0.21813 0.98601 0.17786 0.98603 0.17787 0.97769 0.21813 0.97765 0.25842 0.97766 0.25841 0.986 0.29871 0.98599 0.25841 0.986 0.25842 0.97766 0.33899 0.98598 0.29871 0.98599 0.2987 0.97764 0.3792 0.98597 0.33899 0.98598 0.33898 0.97761 0.41937 0.98597 0.3792 0.98597 0.3792 0.97762 0.45956 0.98597 0.41937 0.98597 0.41937 0.97761 0.49973 0.98597 0.45956 0.98597 0.45955 0.97759 0.49973 0.98597 0.49972 0.97761 0.53982 0.97761 0.31398 0.07333999 0.31283 0.07453 0.27914 0.04961997 0.24064 0.03227996 0.27994 0.04813998 0.27914 0.04961997 0.19864 0.02673995 0.24064 0.03227996 0.24023 0.03390997 0.15661 0.03192996 0.19864 0.02673995 0.19866 0.02840995 0.11728 0.04759997 0.15661 0.03192996 0.15707 0.03353995 0.08331996 0.07280999 0.11728 0.04759997 0.11812 0.04903995 0.08331996 0.07280999 0.08449995 0.07397997 0.05853998 0.10678 0.05709999 0.10596 0.05853998 0.10678 0.04210996 0.14526 0.04051995 0.14483 0.04210996 0.14526 0.03645998 0.18667 0.04041999 0.22853 0.03480994 0.18667 0.03645998 0.18667 0.05693 0.26743 0.04041999 0.22853 0.04201996 0.2281 0.08307999 0.30063 0.05693 0.26743 0.05836999 0.26661 0.08307999 0.30063 0.08427 0.29946 0.11786 0.32443 0.1170099 0.32587 0.11786 0.32443 0.15678 0.33996 0.15633 0.34158 0.15678 0.33996 0.19837 0.34512 0.19835 0.34679 0.19837 0.34512 0.23995 0.33963 0.27967 0.32542 0.24036 0.34127 0.23995 0.33963 0.27967 0.32542 0.27886 0.32394 0.31259 0.29906 0.34023 0.26729 0.31374 0.30026 0.31259 0.29906 0.34023 0.26729 0.33883 0.26646 0.35558 0.22816 0.35714 0.22859 0.35558 0.22816 0.36138 0.1868399 0.35722 0.14509 0.36298 0.18685 0.36138 0.1868399 0.35722 0.14509 0.35567 0.14551 0.339 0.1071799 0.3404 0.10635 0.339 0.1071799 0.31283 0.07453 0.4595 0.90535 0.41933 0.90539 0.41932 0.90074 0.41933 0.90539 0.37912 0.90542 0.37911 0.90077 0.33891 0.90079 0.37911 0.90077 0.37912 0.90542 0.33891 0.90544 0.2987 0.9055 0.29869 0.90085 0.2987 0.9055 0.25843 0.90553 0.25843 0.90088 0.21818 0.90089 0.25843 0.90088 0.25843 0.90553 0.17796 0.90093 0.21818 0.90089 0.21818 0.90554 0.17796 0.90558 0.13774 0.90561 0.13774 0.90096 0.09757995 0.90097 0.13774 0.90096 0.13774 0.90561 0.05744999 0.90565 0.05744999 0.901 0.09757995 0.90097 0.01730996 0.90566 0.01730996 0.90101 0.05744999 0.901 0.94169 0.90568 0.94169 0.90103 0.98193 0.90106 0.90145 0.90568 0.90145 0.90103 0.94169 0.90103 0.90145 0.90568 0.86121 0.90565 0.86121 0.901 0.821 0.90094 0.86121 0.901 0.86121 0.90565 0.821 0.90559 0.7808 0.90557 0.7808 0.90092 0.7808 0.90557 0.7406 0.90555 0.7406 0.9009 0.70044 0.90084 0.7406 0.9009 0.7406 0.90555 0.70044 0.90549 0.66029 0.90546 0.66029 0.90081 0.62011 0.90542 0.62011 0.90077 0.66029 0.90081 0.62011 0.90077 0.62011 0.90542 0.57998 0.90537 0.53984 0.90536 0.53983 0.90071 0.57998 0.90072 0.49966 0.90536 0.49966 0.90071 0.53983 0.90071 0.4595 0.90535 0.45949 0.9007 0.49966 0.90071 0.79229 0.04514998 0.79286 0.03371 0.8094 0.03415995 0.77442 0.04367995 0.77617 0.03197997 0.79286 0.03371 0.80882 0.15652 0.79166 0.15576 0.79173 0.14206 0.69345 0.14024 0.67949 0.1376799 0.67966 0.12507 0.62656 0.03644996 0.60674 0.03378999 0.60728 0.03185999 0.62673 0.03455996 0.62798 0.02253997 0.64574 0.02303999 0.75977 0.02854996 0.77617 0.03197997 0.77442 0.04367995 0.69851 0.03589999 0.69854 0.03774994 0.68072 0.03766 0.71669 0.03526997 0.69851 0.03589999 0.6982 0.02384996 0.6982 0.02384996 0.69851 0.03589999 0.68073 0.03589999 0.63526 0.14851 0.63416 0.1344 0.65028 0.12748 0.67949 0.1376799 0.6654 0.13722 0.66513 0.12466 0.84642 0.04088997 0.82764 0.04424995 0.82606 0.03257995 0.70872 0.14721 0.70975 0.13334 0.7282 0.14509 0.69345 0.14024 0.6941 0.12733 0.70975 0.13334 0.80882 0.15652 0.80896 0.14275 0.82626 0.1449699 0.71554 0.02353996 0.73206 0.02099996 0.73557 0.03270995 0.82764 0.04424995 0.82787 0.04610997 0.80981 0.04714995 0.79166 0.15576 0.77452 0.1586199 0.77447 0.1444 0.61735 0.16627 0.61601 0.14959 0.63416 0.1344 0.68074 0.02449995 0.68073 0.03589999 0.66328 0.03569996 0.77418 0.04556 0.75502 0.04189997 0.75563 0.04005998 0.71685 0.03711998 0.69854 0.03774994 0.69851 0.03589999 0.79229 0.04514998 0.79221 0.04688996 0.77418 0.04556 0.79221 0.04688996 0.79229 0.04514998 0.80977 0.04534 0.70795 0.14845 0.70872 0.14721 0.72706 0.16101 0.6654 0.13722 0.651 0.14047 0.65028 0.12748 0.61884 0.1676999 0.61735 0.16627 0.63526 0.14851 0.75579 0.1648499 0.7557 0.14935 0.77447 0.1444 0.67937 0.13875 0.67949 0.1376799 0.69345 0.14024 0.69312 0.1413 0.70795 0.14845 0.68648 0.15599 0.66552 0.13835 0.65141 0.14157 0.651 0.14047 0.66328 0.03569996 0.66327 0.03746998 0.64527 0.03726994 0.61097 0.01979994 0.62798 0.02253997 0.62673 0.03455996 0.8087 0.1578699 0.79175 0.15707 0.79166 0.15576 0.80977 0.04534 0.8094 0.03415995 0.82606 0.03257995 0.71669 0.03526997 0.73557 0.03270995 0.73609 0.03465998 0.63621 0.14974 0.63526 0.14851 0.651 0.14047 0.84477 0.1498399 0.84445 0.16526 0.82603 0.1592 0.8087 0.1578699 0.80882 0.15652 0.82603 0.1592 0.77452 0.1586199 0.79166 0.15576 0.79175 0.15707 0.64527 0.03726994 0.62656 0.03644996 0.62673 0.03455996 0.82603 0.1592 0.84445 0.16526 0.84393 0.16674 0.67937 0.13875 0.66552 0.13835 0.6654 0.13722 0.68073 0.03589999 0.68072 0.03766 0.66327 0.03746998 0.75632 0.16633 0.75579 0.1648499 0.77452 0.1586199 0.69312 0.1413 0.69345 0.14024 0.70872 0.14721 0.84701 0.04275 0.82787 0.04610997 0.82764 0.04424995 0.68648 0.15599 0.70795 0.14845 0.72596 0.16237 0.78312 0.18004 0.75632 0.16633 0.77486 0.15994 0.66552 0.13835 0.67937 0.13875 0.68648 0.15599 0.65947 0.15707 0.68648 0.15599 0.69952 0.19214 0.78312 0.18004 0.79175 0.15707 0.8087 0.1578699 0.65141 0.14157 0.66552 0.13835 0.65947 0.15707 0.63621 0.14974 0.65947 0.15707 0.65124 0.19576 0.81818 0.17956 0.8087 0.1578699 0.82571 0.1605 0.64531 0.03536999 0.64574 0.02303999 0.66349 0.02388995 0.79173 0.14206 0.77447 0.1444 0.77442 0.1255 0.80896 0.14275 0.79173 0.14206 0.79182 0.12387 0.80896 0.14275 0.80911 0.12447 0.82657 0.12606 0.84519 0.12936 0.84477 0.1498399 0.82626 0.1449699 0.61601 0.14959 0.61424 0.12745 0.63271 0.11567 0.63416 0.1344 0.63271 0.11567 0.64932 0.11024 0.66513 0.12466 0.65028 0.12748 0.64932 0.11024 0.67966 0.12507 0.66513 0.12466 0.66477 0.10799 0.6941 0.12733 0.67966 0.12507 0.67987 0.10836 0.70975 0.13334 0.6941 0.12733 0.69495 0.11021 0.70975 0.13334 0.71111 0.11494 0.7297 0.12397 0.7557 0.14935 0.75558 0.12883 0.77442 0.1255 0.79182 0.12387 0.77442 0.1255 0.77435 0.10382 0.80911 0.12447 0.79182 0.12387 0.79194 0.10299 0.80911 0.12447 0.8093 0.10349 0.82692 0.10439 0.84569 0.10588 0.84519 0.12936 0.82657 0.12606 0.61424 0.12745 0.61221 0.10205 0.63105 0.09419 0.64932 0.11024 0.63271 0.11567 0.63105 0.09419 0.66477 0.10799 0.64932 0.11024 0.64821 0.09043997 0.67987 0.10836 0.66477 0.10799 0.66437 0.08885997 0.69495 0.11021 0.67987 0.10836 0.6801 0.08919 0.69495 0.11021 0.69593 0.09055995 0.71267 0.09384 0.71111 0.11494 0.71267 0.09384 0.73144 0.09975999 0.75558 0.12883 0.75542 0.10525 0.77435 0.10382 0.8093 0.10349 0.79194 0.10299 0.79203 0.08515 0.82692 0.10439 0.8093 0.10349 0.80946 0.08557999 0.84569 0.10588 0.82692 0.10439 0.82721 0.08585 0.63105 0.09419 0.61221 0.10205 0.61046 0.08034998 0.64821 0.09043997 0.63105 0.09419 0.62961 0.07582998 0.66437 0.08885997 0.64821 0.09043997 0.64729 0.07352 0.6801 0.08919 0.66437 0.08885997 0.66401 0.07251 0.6801 0.08919 0.68028 0.07279998 0.69675 0.07376998 0.69593 0.09055995 0.69675 0.07376998 0.714 0.07578998 0.73144 0.09975999 0.71267 0.09384 0.714 0.07578998 0.77435 0.10382 0.75542 0.10525 0.75529 0.08511 0.77435 0.10382 0.77429 0.08529996 0.79203 0.08515 0.79203 0.08515 0.79212 0.06712996 0.80963 0.06746 0.80946 0.08557999 0.80963 0.06746 0.82753 0.06712996 0.8461 0.08578997 0.82721 0.08585 0.82753 0.06712996 0.62961 0.07582998 0.61046 0.08034998 0.60872 0.05840998 0.64729 0.07352 0.62961 0.07582998 0.62816 0.05728 0.64729 0.07352 0.64632 0.05642998 0.66365 0.05598998 0.66401 0.07251 0.66365 0.05598998 0.68049 0.05624997 0.68028 0.07279998 0.68049 0.05624997 0.69759 0.05677998 0.69675 0.07376998 0.69759 0.05677998 0.71534 0.05756998 0.73291 0.07905 0.714 0.07578998 0.71534 0.05756998 0.75529 0.08511 0.75517 0.06475996 0.77424 0.06655997 0.77429 0.08529996 0.77424 0.06655997 0.79212 0.06712996 0.79212 0.06712996 0.79221 0.04688996 0.80981 0.04714995 0.80963 0.06746 0.80981 0.04714995 0.82787 0.04610997 0.84652 0.06550997 0.82753 0.06712996 0.82787 0.04610997 0.62816 0.05728 0.60872 0.05840998 0.60674 0.03378999 0.62816 0.05728 0.62656 0.03644996 0.64527 0.03726994 0.64632 0.05642998 0.64527 0.03726994 0.66327 0.03746998 0.66365 0.05598998 0.66327 0.03746998 0.68072 0.03766 0.68049 0.05624997 0.68072 0.03766 0.69854 0.03774994 0.71534 0.05756998 0.69759 0.05677998 0.69854 0.03774994 0.7344 0.05812996 0.71534 0.05756998 0.71685 0.03711998 0.77424 0.06655997 0.75517 0.06475996 0.75502 0.04189997 0.77424 0.06655997 0.77418 0.04556 0.79221 0.04688996 0.82107 0.53551 0.82112 0.61111 0.78092 0.58591 0.70057 0.53547 0.66042 0.53545 0.66041 0.50835 0.58009 0.57138 0.62027 0.53544 0.62024 0.611 0.82103 0.84027 0.78082 0.84023 0.78084 0.78561 0.78082 0.84023 0.74063 0.8402 0.74065 0.78558 0.70048 0.78554 0.74065 0.78558 0.74063 0.8402 0.70046 0.84016 0.66031 0.84012 0.66033 0.7855 0.66031 0.84012 0.62014 0.84009 0.62016 0.78548 0.62016 0.78548 0.62014 0.84009 0.57999 0.84006 0.57999 0.84006 0.53983 0.84005 0.53983 0.78546 0.49966 0.84004 0.49965 0.78545 0.53983 0.78546 0.49966 0.84004 0.45949 0.84005 0.45949 0.78546 0.45949 0.84005 0.41932 0.84006 0.41931 0.78546 0.41932 0.84006 0.37911 0.84008 0.37911 0.78548 0.3389 0.7855 0.37911 0.78548 0.37911 0.84008 0.33891 0.84011 0.29869 0.84015 0.29868 0.78553 0.29869 0.84015 0.25844 0.84018 0.25844 0.78556 0.21823 0.78559 0.25844 0.78556 0.25844 0.84018 0.17802 0.78562 0.21823 0.78559 0.21821 0.84021 0.178 0.84025 0.13778 0.84028 0.13781 0.78564 0.13781 0.78564 0.13778 0.84028 0.09760999 0.8403 0.05745995 0.84032 0.05746996 0.78567 0.09763997 0.78566 0.01730996 0.84033 0.01730996 0.78568 0.05746996 0.78567 0.9417 0.84035 0.94171 0.7857 0.98193 0.78571 0.90147 0.84033 0.90148 0.78568 0.94171 0.7857 0.90147 0.84033 0.86124 0.84031 0.86125 0.78566 0.82105 0.78564 0.86125 0.78566 0.86124 0.84031 0.82107 0.752 0.82106 0.7675 0.78085 0.76747 0.78087 0.75197 0.78085 0.76747 0.74066 0.76744 0.7005 0.7519 0.74068 0.75194 0.74066 0.76744 0.66035 0.75187 0.7005 0.7519 0.70049 0.7674 0.62017 0.75185 0.66035 0.75187 0.66034 0.76737 0.58001 0.75184 0.62017 0.75185 0.62017 0.76735 0.53984 0.75183 0.58001 0.75184 0.58 0.76734 0.49966 0.75182 0.53984 0.75183 0.53983 0.76733 0.45949 0.75183 0.49966 0.75182 0.49965 0.76732 0.41931 0.75183 0.45949 0.75183 0.45949 0.76733 0.37911 0.75185 0.41931 0.75183 0.41931 0.76733 0.3389 0.75187 0.37911 0.75185 0.37911 0.76735 0.3389 0.75187 0.3389 0.76737 0.29868 0.76739 0.29869 0.75189 0.29868 0.76739 0.25845 0.76742 0.25846 0.75192 0.25845 0.76742 0.21824 0.76745 0.21825 0.75195 0.21824 0.76745 0.17803 0.76748 0.17805 0.75198 0.17803 0.76748 0.13783 0.7675 0.09766 0.75201 0.13785 0.75199 0.13783 0.7675 0.05747997 0.75202 0.09766 0.75201 0.09764999 0.76752 0.05747997 0.75202 0.05747997 0.76753 0.01730996 0.76753 0.98193 0.75205 0.98193 0.76756 0.94172 0.76755 0.90149 0.75203 0.94172 0.75204 0.94172 0.76755 0.86127 0.75201 0.90149 0.75203 0.90149 0.76754 0.86127 0.75201 0.86126 0.76752 0.82106 0.7675 0.82112 0.62578 0.82112 0.69669 0.78094 0.69666 0.78094 0.62576 0.78094 0.69666 0.74075 0.69664 0.74075 0.62574 0.74075 0.69664 0.70057 0.69661 0.70057 0.62572 0.70057 0.69661 0.6604 0.69659 0.62023 0.62567 0.6604 0.6257 0.6604 0.69659 0.58006 0.62566 0.62023 0.62567 0.62021 0.69657 0.5399 0.62565 0.58006 0.62566 0.58005 0.69655 0.4997 0.62564 0.5399 0.62565 0.53989 0.69654 0.45951 0.62565 0.4997 0.62564 0.4997 0.69654 0.41933 0.62565 0.45951 0.62565 0.4595 0.69654 0.37913 0.62567 0.41933 0.62565 0.41931 0.69655 0.37913 0.62567 0.37911 0.69656 0.33892 0.69659 0.33895 0.62569 0.33892 0.69659 0.29873 0.69661 0.29876 0.62572 0.29873 0.69661 0.25852 0.69663 0.25855 0.62574 0.25852 0.69663 0.21832 0.69665 0.21836 0.62576 0.21832 0.69665 0.17813 0.69667 0.13795 0.62578 0.17816 0.62577 0.17813 0.69667 0.09773999 0.62578 0.13795 0.62578 0.13792 0.69668 0.05751997 0.62579 0.09773999 0.62578 0.09772998 0.69669 0.01730996 0.62579 0.05751997 0.62579 0.05751997 0.69669 0.94172 0.6258 0.98193 0.6258 0.98193 0.69671 0.90152 0.62579 0.94172 0.6258 0.94172 0.69671 0.86131 0.62579 0.90152 0.62579 0.90151 0.69671 0.86131 0.62579 0.86131 0.6967 0.82112 0.69669 0.821 0.90094 0.7808 0.90092 0.78082 0.84023 0.82103 0.84027 0.86124 0.84031 0.86121 0.901 0.90145 0.90103 0.86121 0.901 0.86124 0.84031 0.90145 0.90103 0.90147 0.84033 0.9417 0.84035 0.94169 0.90103 0.9417 0.84035 0.98193 0.84036 0.01730996 0.90101 0.01730996 0.84033 0.05745995 0.84032 0.05744999 0.901 0.05745995 0.84032 0.09760999 0.8403 0.09760999 0.8403 0.13778 0.84028 0.13774 0.90096 0.17796 0.90093 0.13774 0.90096 0.13778 0.84028 0.178 0.84025 0.21821 0.84021 0.21818 0.90089 0.21821 0.84021 0.25844 0.84018 0.25843 0.90088 0.29869 0.90085 0.25843 0.90088 0.25844 0.84018 0.33891 0.90079 0.29869 0.90085 0.29869 0.84015 0.33891 0.84011 0.37911 0.84008 0.37911 0.90077 0.41932 0.90074 0.37911 0.90077 0.37911 0.84008 0.45949 0.9007 0.41932 0.90074 0.41932 0.84006 0.45949 0.9007 0.45949 0.84005 0.49966 0.84004 0.49966 0.90071 0.49966 0.84004 0.53983 0.84005 0.53983 0.90071 0.53983 0.84005 0.57999 0.84006 0.62014 0.84009 0.62011 0.90077 0.57998 0.90072 0.62011 0.90077 0.62014 0.84009 0.66031 0.84012 0.70044 0.90084 0.66029 0.90081 0.66031 0.84012 0.7406 0.9009 0.70044 0.90084 0.70046 0.84016 0.7808 0.90092 0.7406 0.9009 0.74063 0.8402 0.90138 0.46281 0.90138 0.45952 0.94164 0.45952 0.98193 0.45952 0.98193 0.46281 0.94164 0.46281 0.01730996 0.46281 0.01730996 0.45952 0.05751997 0.45952 0.09772998 0.46281 0.05751997 0.46281 0.05751997 0.45952 0.09772998 0.45952 0.13796 0.45952 0.13796 0.46281 0.17816 0.45952 0.17816 0.46281 0.13796 0.46281 0.21839 0.46281 0.17816 0.46281 0.17816 0.45952 0.25857 0.45952 0.25857 0.46281 0.21839 0.46281 0.25857 0.46281 0.25857 0.45952 0.29876 0.45952 0.29876 0.46281 0.29876 0.45952 0.33899 0.45952 0.33899 0.45952 0.37915 0.45952 0.37915 0.46281 0.37915 0.46281 0.37915 0.45952 0.41938 0.45952 0.41938 0.46281 0.41938 0.45952 0.45961 0.45952 0.49975 0.45952 0.49975 0.46281 0.4596 0.46281 0.49975 0.46281 0.49975 0.45952 0.53994 0.45952 0.58017 0.46281 0.53994 0.46281 0.53994 0.45952 0.58018 0.45952 0.62033 0.45952 0.62032 0.46281 0.66041 0.46281 0.62032 0.46281 0.62033 0.45952 0.70052 0.46281 0.66041 0.46281 0.66041 0.45952 0.70052 0.45952 0.74069 0.45952 0.74069 0.46281 0.78088 0.46281 0.74069 0.46281 0.74069 0.45952 0.82103 0.46281 0.78088 0.46281 0.78088 0.45952 0.86118 0.45952 0.86118 0.46281 0.82103 0.46281 0.86118 0.46281 0.86118 0.45952 0.90138 0.45952</float_array>
          <technique_common>
            <accessor source="#Can_Beverage_Damaged_03_002-mesh-map-0-array" count="7344" stride="2">
              <param name="S" type="float"/>
              <param name="T" type="float"/>
            </accessor>
          </technique_common>
        </source>
        <vertices id="Can_Beverage_Damaged_03_002-mesh-vertices">
          <input semantic="POSITION" source="#Can_Beverage_Damaged_03_002-mesh-positions"/>
        </vertices>
        <triangles material="AK_Can_Beverage_Damaged_01_D-material" count="2448">
          <input semantic="VERTEX" source="#Can_Beverage_Damaged_03_002-mesh-vertices" offset="0"/>
          <input semantic="NORMAL" source="#Can_Beverage_Damaged_03_002-mesh-normals" offset="1"/>
          <input semantic="TEXCOORD" source="#Can_Beverage_Damaged_03_002-mesh-map-0" offset="2" set="0"/>
          <p>1 0 0 3 1 1 0 2 2 5 3 3 7 4 4 4 5 5 9 6 6 11 7 7 8 8 8 12 9 9 14 10 10 15 11 11 17 12 12 19 13 13 16 14 14 1 0 15 20 15 16 21 16 17 23 17 18 24 18 19 25 19 20 27 20 21 14 10 22 29 21 23 31 22 24 7 4 25 30 23 26 33 24 27 35 25 28 32 26 29 36 27 30 38 28 31 39 29 32 40 30 33 20 15 34 42 31 35 44 32 36 46 33 37 43 34 38 48 35 39 26 36 40 47 37 41 49 38 42 51 39 43 52 40 44 53 41 45 1 0 46 21 16 47 55 42 48 11 7 49 10 43 50 57 44 51 58 45 52 59 46 53 48 35 54 61 47 55 62 48 56 31 22 57 64 49 58 4 5 59 65 50 60 3 1 61 67 51 62 4 5 63 68 52 64 5 3 65 21 16 66 41 53 67 57 44 68 67 51 69 69 54 70 65 50 71 70 55 72 2 56 73 72 57 74 37 58 75 34 59 76 33 24 77 73 60 78 59 46 79 58 45 80 71 61 81 6 62 82 67 51 83 16 14 84 56 63 85 55 42 86 8 8 87 75 64 88 9 6 89 26 36 90 74 65 91 47 37 92 18 66 93 32 26 94 35 25 95 76 67 96 39 29 97 38 28 98 78 68 99 73 60 100 58 45 101 24 18 102 29 21 103 25 19 104 80 69 105 5 3 106 68 52 107 78 68 108 41 53 109 40 30 110 15 11 111 84 70 112 82 71 113 48 35 114 85 72 115 60 73 116 62 48 117 87 74 118 59 46 119 88 75 120 21 16 121 57 44 122 66 76 123 0 2 124 3 1 125 14 10 126 83 77 127 15 11 128 79 78 129 22 79 130 73 60 131 16 14 132 90 80 133 91 81 134 9 6 135 93 82 136 10 43 137 55 42 138 93 82 139 90 80 140 94 83 141 39 29 142 77 84 143 8 8 144 97 85 145 96 86 146 98 87 147 85 72 148 74 65 149 100 88 150 36 27 151 101 89 152 76 67 153 64 49 154 77 84 155 39 29 156 101 89 157 36 27 158 74 65 159 96 86 160 98 87 161 16 14 162 102 90 163 17 12 164 75 64 165 25 19 166 104 91 167 106 92 168 108 93 169 105 94 170 109 95 171 18 66 172 35 25 173 32 26 174 112 96 175 33 24 176 100 88 177 35 25 178 34 59 179 56 63 180 97 85 181 11 7 182 82 71 183 38 28 184 115 97 185 117 98 186 119 99 187 116 100 188 29 21 189 103 101 190 25 19 191 122 102 192 105 94 193 121 103 194 123 104 195 38 28 196 37 58 197 75 64 198 92 105 199 9 6 200 113 106 201 19 13 202 124 107 203 17 12 204 111 108 205 32 26 206 122 102 207 121 103 208 94 83 209 1 0 210 72 57 211 2 56 212 57 44 213 87 74 214 88 75 215 81 109 216 6 62 217 5 3 218 30 23 219 71 61 220 70 55 221 68 52 222 76 67 223 82 71 224 0 2 225 42 31 226 20 15 227 121 103 228 114 110 229 94 83 230 90 80 231 126 111 232 127 112 233 127 112 234 129 113 235 128 114 236 96 86 237 104 91 238 98 87 239 131 115 240 133 116 241 130 117 242 134 118 243 130 117 244 135 119 245 135 119 246 137 120 247 134 118 248 109 95 249 112 96 250 111 108 251 98 87 252 103 101 253 99 121 254 13 122 255 108 93 256 120 123 257 12 9 258 105 94 259 13 122 260 123 104 261 100 88 262 101 89 263 138 124 264 140 125 265 141 126 266 143 127 267 145 128 268 142 129 269 147 130 270 149 131 271 146 132 272 72 57 273 89 133 274 66 76 275 63 134 276 84 70 277 125 135 278 88 75 279 78 68 280 40 30 281 42 31 282 54 136 283 53 41 284 72 57 285 65 50 286 70 55 287 83 77 288 125 135 289 84 70 290 81 109 291 30 23 292 69 54 293 24 18 294 60 73 295 86 137 296 40 30 297 53 41 298 88 75 299 23 17 300 61 47 301 60 73 302 107 138 303 28 139 304 27 20 305 86 137 306 27 20 307 24 18 308 87 74 309 79 78 310 78 68 311 70 55 312 69 54 313 30 23 314 31 22 315 80 69 316 63 134 317 116 100 318 52 40 319 51 39 320 124 107 321 50 140 322 49 38 323 132 141 324 151 142 325 133 116 326 52 40 327 152 143 328 129 113 329 126 111 330 124 107 331 49 38 332 49 38 333 129 113 334 126 111 335 152 143 336 136 144 337 153 145 338 110 146 339 19 13 340 18 66 341 154 147 342 91 81 343 155 148 344 91 81 345 127 112 346 155 148 347 128 114 348 155 148 349 127 112 350 153 145 351 156 149 352 128 114 353 157 150 354 159 151 355 160 152 356 161 153 357 146 132 358 149 131 359 163 154 360 158 155 361 157 150 362 163 154 363 150 156 364 164 157 365 90 80 366 97 85 367 113 106 368 163 154 369 141 126 370 151 142 371 137 120 372 46 33 373 134 118 374 152 143 375 118 158 376 137 120 377 111 108 378 166 159 379 109 95 380 43 34 381 118 158 382 117 98 383 153 145 384 142 129 385 145 128 386 136 144 387 140 125 388 142 129 389 167 160 390 155 148 391 156 149 392 147 130 393 165 161 394 148 162 395 92 105 396 97 85 397 93 82 398 128 114 399 152 143 400 153 145 401 101 89 402 115 97 403 123 104 404 144 163 405 156 149 406 145 128 407 135 119 408 141 126 409 140 125 410 133 116 411 141 126 412 130 117 413 139 164 414 142 129 415 140 125 416 168 165 417 160 152 418 159 151 419 164 157 420 45 166 421 44 32 422 132 141 423 45 166 424 150 156 425 134 118 426 45 166 427 131 115 428 14 10 429 120 123 430 29 21 431 37 58 432 112 96 433 123 104 434 110 146 435 166 159 436 50 140 437 147 130 438 50 140 439 166 159 440 146 132 441 51 39 442 147 130 443 146 132 444 117 98 445 116 100 446 162 167 447 43 34 448 117 98 449 168 165 450 44 32 451 43 34 452 158 155 453 44 32 454 159 151 455 114 110 456 95 168 457 94 83 458 99 121 459 120 123 460 108 93 461 162 167 462 169 169 463 168 165 464 157 150 465 138 124 466 163 154 467 169 169 468 138 124 469 160 152 470 161 153 471 139 164 472 169 169 473 149 131 474 143 127 475 161 153 476 149 131 477 167 160 478 144 163 479 165 161 480 102 90 481 154 147 482 154 147 483 148 162 484 165 161 485 114 110 486 15 11 487 82 71 488 86 137 489 85 72 490 99 121 491 62 48 492 22 79 493 48 35 494 28 139 495 122 102 496 83 77 497 67 51 498 2 56 499 71 61 500 170 170 501 172 171 502 173 172 503 175 173 504 177 174 505 174 175 506 170 170 507 179 176 508 178 177 509 175 173 510 181 178 511 176 179 512 182 180 513 179 176 514 183 181 515 184 182 516 183 181 517 185 183 518 186 184 519 185 183 520 187 185 521 186 184 522 189 186 523 188 187 524 190 188 525 189 186 526 191 189 527 192 190 528 191 189 529 193 191 530 194 192 531 193 191 532 195 193 533 180 194 534 195 193 535 181 178 536 196 195 537 198 196 538 199 197 539 171 198 540 199 197 541 172 171 542 200 199 543 198 196 544 197 200 545 202 201 546 201 202 547 200 199 548 204 203 549 203 204 550 202 201 551 206 205 552 205 206 553 204 203 554 174 175 555 209 207 556 208 208 557 208 208 558 207 209 559 206 205 560 210 210 561 212 211 562 213 212 563 214 213 564 216 214 565 217 215 566 218 216 567 220 217 568 221 218 569 223 219 570 225 220 571 222 221 572 226 222 573 228 223 574 229 224 575 231 225 576 233 226 577 230 227 578 231 225 579 227 228 580 232 229 581 219 230 582 225 220 583 224 231 584 234 232 585 221 218 586 220 217 587 230 227 588 237 233 589 236 234 590 239 235 591 241 236 592 238 237 593 240 238 594 236 234 595 237 233 596 215 239 597 235 240 598 234 232 599 222 221 600 242 241 601 243 242 602 242 241 603 218 216 604 244 243 605 244 243 606 221 218 607 245 244 608 235 240 609 245 244 610 221 218 611 214 213 612 246 245 613 235 240 614 247 246 615 217 215 616 248 247 617 250 248 618 252 249 619 249 250 620 254 251 621 256 252 622 253 253 623 257 254 624 217 215 625 216 214 626 259 255 627 238 237 628 241 236 629 262 256 630 264 257 631 261 258 632 263 259 633 259 255 634 264 257 635 257 254 636 253 253 637 258 260 638 255 261 639 266 262 640 256 252 641 268 263 642 261 258 643 267 264 644 269 265 645 271 266 646 272 267 647 270 268 648 267 264 649 271 266 650 265 269 651 249 250 652 266 262 653 258 260 654 248 247 655 217 215 656 274 270 657 258 260 658 253 253 659 275 271 660 253 253 661 256 252 662 276 272 663 256 252 664 266 262 665 277 273 666 266 262 667 249 250 668 277 273 669 252 249 670 278 274 671 280 275 672 282 276 673 279 277 674 283 278 675 285 279 676 286 280 677 251 281 678 288 282 679 252 249 680 290 283 681 272 267 682 289 284 683 291 285 684 293 286 685 294 287 686 294 287 687 290 283 688 289 284 689 284 288 690 288 282 691 287 289 692 295 290 693 286 280 694 285 279 695 297 291 696 292 292 697 291 285 698 300 293 699 302 294 700 299 295 701 302 294 702 298 296 703 297 291 704 280 275 705 296 297 706 295 290 707 252 249 708 303 298 709 278 274 710 303 298 711 283 278 712 304 299 713 304 299 714 286 280 715 305 300 716 296 297 717 305 300 718 286 280 719 279 277 720 306 301 721 296 297 722 308 302 723 279 277 724 282 276 725 310 303 726 222 221 727 309 304 728 312 305 729 314 306 730 311 307 731 281 308 732 316 309 733 282 276 734 318 310 735 299 295 736 317 311 737 320 312 738 322 313 739 319 314 740 321 315 741 317 311 742 322 313 743 315 316 744 311 307 745 316 309 746 313 317 747 324 318 748 314 306 749 326 319 750 319 314 751 325 320 752 229 224 753 328 321 754 226 222 755 328 321 756 326 319 757 325 320 758 323 322 759 309 304 760 324 318 761 329 323 762 282 276 763 316 309 764 330 324 765 316 309 766 311 307 767 331 325 768 311 307 769 314 306 770 332 326 771 314 306 772 324 318 773 333 327 774 324 318 775 309 304 776 243 242 777 309 304 778 222 221 779 335 328 780 337 329 781 334 330 782 338 331 783 340 332 784 341 333 785 343 334 786 345 335 787 342 336 788 346 337 789 348 338 790 349 339 791 348 338 792 342 336 793 349 339 794 350 340 795 352 341 796 353 342 797 354 343 798 345 335 799 344 344 800 353 342 801 355 345 802 354 343 803 357 346 804 359 347 805 356 348 806 361 349 807 363 350 808 360 351 809 365 352 810 367 353 811 364 354 812 368 355 813 370 356 814 371 357 815 366 358 816 361 349 817 360 351 818 372 359 819 369 360 820 373 361 821 372 359 822 375 362 823 374 363 824 376 364 825 213 212 826 212 211 827 366 358 828 212 211 829 367 353 830 376 364 831 356 348 832 377 365 833 357 346 834 366 358 835 360 351 836 358 366 837 360 351 838 363 350 839 379 367 840 381 368 841 378 369 842 362 370 843 383 371 844 363 350 845 385 372 846 375 362 847 384 373 848 382 374 849 379 367 850 383 371 851 387 375 852 384 373 853 386 376 854 388 377 855 386 376 856 389 378 857 358 366 858 391 379 859 359 347 860 390 380 861 363 350 862 383 371 863 391 379 864 339 381 865 338 331 866 339 381 867 383 371 868 379 367 869 340 332 870 379 367 871 378 369 872 393 382 873 395 383 874 392 384 875 396 385 876 351 386 877 350 340 878 393 382 879 397 387 880 396 385 881 399 388 882 401 389 883 398 390 884 394 391 885 403 392 886 395 383 887 402 393 888 400 394 889 403 392 890 405 395 891 407 396 892 404 397 893 408 398 894 410 399 895 411 400 896 412 401 897 378 369 898 381 368 899 414 402 900 388 377 901 389 378 902 412 401 903 409 403 904 413 404 905 416 405 906 415 406 907 414 402 908 417 407 909 419 408 910 418 409 911 341 333 912 420 410 913 421 411 914 340 332 915 413 404 916 420 410 917 420 410 918 404 397 919 421 411 920 405 395 921 413 404 922 409 403 923 406 412 924 409 403 925 408 398 926 423 413 927 425 414 928 422 415 929 411 400 930 427 416 931 408 398 932 428 417 933 418 409 934 419 408 935 426 418 936 423 413 937 427 416 938 430 419 939 429 420 940 428 417 941 432 421 942 430 419 943 433 422 944 406 412 945 435 423 946 407 396 947 434 424 948 408 398 949 427 416 950 434 424 951 334 330 952 435 423 953 335 328 954 427 416 955 423 413 956 335 328 957 422 415 958 336 425 959 436 426 960 438 427 961 439 428 962 440 429 963 442 430 964 443 431 965 445 432 966 398 390 967 444 433 968 447 434 969 449 435 970 446 436 971 450 437 972 443 431 973 442 430 974 449 435 975 451 438 976 450 437 977 453 439 978 455 440 979 452 441 980 456 442 981 458 443 982 459 444 983 425 414 984 461 445 985 422 415 986 463 446 987 433 422 988 462 447 989 460 448 990 457 449 991 461 445 992 465 450 993 462 447 994 464 451 995 466 452 996 464 451 997 467 453 998 336 425 999 469 454 1000 337 329 1001 468 455 1002 422 415 1003 461 445 1004 468 455 1005 452 441 1006 469 454 1007 453 439 1008 461 445 1009 457 449 1010 454 456 1011 457 449 1012 456 442 1013 471 457 1014 473 458 1015 470 459 1016 459 444 1017 475 460 1018 456 442 1019 477 461 1020 467 453 1021 476 462 1022 474 463 1023 471 457 1024 475 460 1025 479 464 1026 476 462 1027 478 465 1028 479 464 1029 481 466 1030 480 467 1031 454 456 1032 483 468 1033 455 440 1034 482 469 1035 456 442 1036 475 460 1037 483 468 1038 437 470 1039 436 426 1040 482 469 1041 471 457 1042 437 470 1043 437 470 1044 470 459 1045 438 427 1046 485 471 1047 487 472 1048 484 473 1049 446 436 1050 489 474 1051 447 434 1052 488 475 1053 484 473 1054 489 474 1055 346 337 1056 491 476 1057 347 477 1058 486 478 1059 493 479 1060 487 472 1061 492 480 1062 490 481 1063 493 479 1064 495 482 1065 497 483 1066 494 484 1067 498 485 1068 500 486 1069 501 487 1070 502 488 1071 470 459 1072 473 458 1073 504 489 1074 480 467 1075 481 466 1076 500 486 1077 503 490 1078 502 488 1079 506 491 1080 505 492 1081 504 489 1082 508 493 1083 506 491 1084 509 494 1085 439 428 1086 510 495 1087 511 496 1088 438 427 1089 503 490 1090 510 495 1091 511 496 1092 495 482 1093 494 484 1094 510 495 1095 499 497 1096 495 482 1097 496 498 1098 499 497 1099 498 485 1100 512 499 1101 364 354 1102 367 353 1103 514 500 1104 498 485 1105 501 487 1106 516 501 1107 508 493 1108 509 494 1109 513 502 1110 515 503 1111 514 500 1112 518 504 1113 517 505 1114 516 501 1115 519 506 1116 368 355 1117 371 357 1118 497 483 1119 520 507 1120 521 508 1121 496 498 1122 515 503 1123 520 507 1124 521 508 1125 211 509 1126 210 210 1127 520 507 1128 512 499 1129 211 509 1130 211 509 1131 367 353 1132 212 211 1133 523 510 1134 525 511 1135 522 512 1136 527 513 1137 529 514 1138 526 515 1139 531 516 1140 533 517 1141 530 518 1142 535 519 1143 536 520 1144 534 521 1145 536 520 1146 538 522 1147 537 523 1148 538 522 1149 540 524 1150 539 525 1151 540 524 1152 542 526 1153 541 527 1154 542 526 1155 544 528 1156 543 529 1157 544 528 1158 531 516 1159 545 530 1160 533 517 1161 547 531 1162 546 532 1163 547 531 1164 549 533 1165 548 534 1166 549 533 1167 551 535 1168 550 536 1169 551 535 1170 553 537 1171 552 538 1172 553 537 1173 535 519 1174 554 539 1175 556 540 1176 558 541 1177 555 542 1178 557 543 1179 560 544 1180 558 541 1181 559 545 1182 562 546 1183 560 544 1184 561 547 1185 564 548 1186 562 546 1187 564 548 1188 565 549 1189 566 550 1190 566 550 1191 567 551 1192 568 552 1193 568 552 1194 569 553 1195 570 554 1196 570 554 1197 571 555 1198 572 556 1199 571 555 1200 574 557 1201 572 556 1202 575 558 1203 574 557 1204 573 559 1205 575 558 1206 578 560 1207 576 561 1208 577 562 1209 580 563 1210 578 560 1211 579 564 1212 582 565 1213 580 563 1214 581 566 1215 584 567 1216 582 565 1217 584 567 1218 585 568 1219 586 569 1220 587 570 1221 586 569 1222 585 568 1223 588 571 1224 589 572 1225 590 573 1226 591 574 1227 590 573 1228 589 572 1229 593 575 1230 592 576 1231 591 574 1232 594 577 1233 595 578 1234 596 579 1235 597 580 1236 595 578 1237 598 581 1238 599 582 1239 597 580 1240 598 581 1241 599 582 1242 602 583 1243 600 584 1244 601 585 1245 555 542 1246 602 583 1247 555 542 1248 604 586 1249 603 587 1250 322 313 1251 606 588 1252 319 314 1253 558 541 1254 607 589 1255 604 586 1256 317 311 1257 605 590 1258 322 313 1259 607 589 1260 562 546 1261 609 591 1262 610 592 1263 317 311 1264 299 295 1265 609 591 1266 564 548 1267 611 593 1268 612 594 1269 299 295 1270 302 294 1271 611 593 1272 566 550 1273 613 595 1274 614 596 1275 302 294 1276 297 291 1277 613 595 1278 568 552 1279 615 597 1280 291 285 1281 614 596 1282 297 291 1283 615 597 1284 570 554 1285 617 598 1286 294 287 1287 616 599 1288 291 285 1289 617 598 1290 572 556 1291 619 600 1292 289 284 1293 618 601 1294 294 287 1295 572 556 1296 621 602 1297 619 600 1298 622 603 1299 289 284 1300 272 267 1301 271 266 1302 622 603 1303 272 267 1304 574 557 1305 624 604 1306 621 602 1307 576 561 1308 625 605 1309 624 604 1310 267 264 1311 623 606 1312 271 266 1313 578 560 1314 627 607 1315 625 605 1316 628 608 1317 267 264 1318 261 258 1319 580 563 1320 629 609 1321 627 607 1322 264 257 1323 628 608 1324 261 258 1325 582 565 1326 631 610 1327 629 609 1328 259 255 1329 630 611 1330 264 257 1331 584 567 1332 633 612 1333 631 610 1334 241 236 1335 632 613 1336 259 255 1337 635 614 1338 241 236 1339 240 238 1340 633 612 1341 588 571 1342 636 615 1343 636 615 1344 590 573 1345 637 616 1346 638 617 1347 240 238 1348 237 233 1349 639 618 1350 237 233 1351 233 226 1352 637 616 1353 592 576 1354 640 619 1355 641 620 1356 233 226 1357 232 229 1358 640 619 1359 594 577 1360 642 621 1361 642 621 1362 596 579 1363 643 622 1364 644 623 1365 232 229 1366 227 228 1367 645 624 1368 227 228 1369 226 222 1370 643 622 1371 597 580 1372 646 625 1373 328 321 1374 645 624 1375 226 222 1376 597 580 1377 648 626 1378 646 625 1379 600 584 1380 649 627 1381 648 626 1382 325 320 1383 647 628 1384 328 321 1385 602 583 1386 603 587 1387 649 627 1388 319 314 1389 650 629 1390 325 320 1391 651 630 1392 633 612 1393 636 615 1394 611 593 1395 654 631 1396 609 591 1397 609 591 1398 655 632 1399 607 589 1400 607 589 1401 656 633 1402 604 586 1403 656 633 1404 603 587 1405 604 586 1406 657 634 1407 649 627 1408 603 587 1409 658 635 1410 648 626 1411 649 627 1412 659 636 1413 646 625 1414 648 626 1415 646 625 1416 661 637 1417 643 622 1418 643 622 1419 662 638 1420 642 621 1421 642 621 1422 663 639 1423 640 619 1424 640 619 1425 664 640 1426 637 616 1427 664 640 1428 636 615 1429 637 616 1430 652 641 1431 631 610 1432 633 612 1433 665 642 1434 629 609 1435 631 610 1436 666 643 1437 627 607 1438 629 609 1439 667 644 1440 625 605 1441 627 607 1442 668 645 1443 624 604 1444 625 605 1445 669 646 1446 621 602 1447 624 604 1448 670 647 1449 619 600 1450 621 602 1451 671 648 1452 617 598 1453 619 600 1454 672 649 1455 615 597 1456 617 598 1457 615 597 1458 674 650 1459 613 595 1460 613 595 1461 653 651 1462 611 593 1463 651 630 1464 676 652 1465 652 641 1466 653 651 1467 678 653 1468 654 631 1469 678 653 1470 655 632 1471 654 631 1472 679 654 1473 656 633 1474 655 632 1475 680 655 1476 657 634 1477 656 633 1478 681 656 1479 658 635 1480 657 634 1481 682 657 1482 659 636 1483 658 635 1484 683 658 1485 660 659 1486 659 636 1487 660 659 1488 685 660 1489 661 637 1490 661 637 1491 686 661 1492 662 638 1493 662 638 1494 687 662 1495 663 639 1496 663 639 1497 688 663 1498 664 640 1499 664 640 1500 675 664 1501 651 630 1502 676 652 1503 665 642 1504 652 641 1505 689 665 1506 666 643 1507 665 642 1508 690 666 1509 667 644 1510 666 643 1511 691 667 1512 668 645 1513 667 644 1514 692 668 1515 669 646 1516 668 645 1517 693 669 1518 670 647 1519 669 646 1520 694 670 1521 671 648 1522 670 647 1523 671 648 1524 696 671 1525 672 649 1526 672 649 1527 697 672 1528 673 673 1529 673 673 1530 698 674 1531 674 650 1532 674 650 1533 677 675 1534 653 651 1535 675 664 1536 700 676 1537 676 652 1538 677 675 1539 702 677 1540 678 653 1541 702 677 1542 679 654 1543 678 653 1544 703 678 1545 680 655 1546 679 654 1547 704 679 1548 681 656 1549 680 655 1550 705 680 1551 682 657 1552 681 656 1553 706 681 1554 683 658 1555 682 657 1556 707 682 1557 684 683 1558 683 658 1559 708 684 1560 685 660 1561 684 683 1562 685 660 1563 710 685 1564 686 661 1565 686 661 1566 711 686 1567 687 662 1568 687 662 1569 712 687 1570 688 663 1571 688 663 1572 699 688 1573 675 664 1574 676 652 1575 713 689 1576 689 665 1577 713 689 1578 690 666 1579 689 665 1580 714 690 1581 691 667 1582 690 666 1583 715 691 1584 692 668 1585 691 667 1586 716 692 1587 693 669 1588 692 668 1589 717 693 1590 694 670 1591 693 669 1592 718 694 1593 695 695 1594 694 670 1595 695 695 1596 720 696 1597 696 671 1598 696 671 1599 721 697 1600 697 672 1601 697 672 1602 722 698 1603 698 674 1604 698 674 1605 701 699 1606 677 675 1607 699 688 1608 724 700 1609 700 676 1610 701 699 1611 726 701 1612 702 677 1613 726 701 1614 703 678 1615 702 677 1616 727 702 1617 704 679 1618 703 678 1619 728 703 1620 705 680 1621 704 679 1622 729 704 1623 706 681 1624 705 680 1625 730 705 1626 707 682 1627 706 681 1628 731 706 1629 708 684 1630 707 682 1631 708 684 1632 733 707 1633 709 708 1634 709 708 1635 734 709 1636 710 685 1637 710 685 1638 735 710 1639 711 686 1640 711 686 1641 736 711 1642 712 687 1643 712 687 1644 723 712 1645 699 688 1646 724 700 1647 713 689 1648 700 676 1649 737 713 1650 714 690 1651 713 689 1652 738 714 1653 715 691 1654 714 690 1655 739 715 1656 716 692 1657 715 691 1658 740 716 1659 717 693 1660 716 692 1661 741 717 1662 718 694 1663 717 693 1664 742 718 1665 719 719 1666 718 694 1667 719 719 1668 744 720 1669 720 696 1670 720 696 1671 745 721 1672 721 697 1673 721 697 1674 746 722 1675 722 698 1676 722 698 1677 725 723 1678 701 699 1679 723 712 1680 748 724 1681 724 700 1682 725 723 1683 750 725 1684 726 701 1685 750 725 1686 727 702 1687 726 701 1688 751 726 1689 728 703 1690 727 702 1691 752 727 1692 729 704 1693 728 703 1694 753 728 1695 730 705 1696 729 704 1697 754 729 1698 731 706 1699 730 705 1700 755 730 1701 732 731 1702 731 706 1703 732 731 1704 757 732 1705 733 707 1706 733 707 1707 758 733 1708 734 709 1709 734 709 1710 759 734 1711 735 710 1712 735 710 1713 760 735 1714 736 711 1715 736 711 1716 747 736 1717 723 712 1718 748 724 1719 737 713 1720 724 700 1721 761 737 1722 738 714 1723 737 713 1724 762 738 1725 739 715 1726 738 714 1727 763 739 1728 740 716 1729 739 715 1730 764 740 1731 741 717 1732 740 716 1733 765 741 1734 742 718 1735 741 717 1736 742 718 1737 767 742 1738 743 743 1739 743 743 1740 768 744 1741 744 720 1742 744 720 1743 769 745 1744 745 721 1745 745 721 1746 770 746 1747 746 722 1748 746 722 1749 749 747 1750 725 723 1751 747 736 1752 772 748 1753 748 724 1754 773 749 1755 750 725 1756 749 747 1757 774 750 1758 751 726 1759 750 725 1760 775 751 1761 752 727 1762 751 726 1763 776 752 1764 753 728 1765 752 727 1766 777 753 1767 754 729 1768 753 728 1769 778 754 1770 755 730 1771 754 729 1772 779 755 1773 756 756 1774 755 730 1775 756 756 1776 781 757 1777 757 732 1778 757 732 1779 782 758 1780 758 733 1781 758 733 1782 783 759 1783 759 734 1784 759 734 1785 784 760 1786 760 735 1787 760 735 1788 771 761 1789 747 736 1790 748 724 1791 785 762 1792 761 737 1793 785 762 1794 762 738 1795 761 737 1796 786 763 1797 763 739 1798 762 738 1799 787 764 1800 764 740 1801 763 739 1802 788 765 1803 765 741 1804 764 740 1805 789 766 1806 766 767 1807 765 741 1808 766 767 1809 791 768 1810 767 742 1811 767 742 1812 792 769 1813 768 744 1814 768 744 1815 793 770 1816 769 745 1817 769 745 1818 794 771 1819 770 746 1820 770 746 1821 773 749 1822 749 747 1823 771 761 1824 796 772 1825 772 748 1826 797 773 1827 774 750 1828 773 749 1829 798 774 1830 775 751 1831 774 750 1832 799 775 1833 776 752 1834 775 751 1835 528 776 1836 777 753 1837 776 752 1838 527 513 1839 778 754 1840 777 753 1841 526 515 1842 779 755 1843 778 754 1844 800 777 1845 780 778 1846 779 755 1847 524 779 1848 781 757 1849 780 778 1850 781 757 1851 801 780 1852 782 758 1853 782 758 1854 802 781 1855 783 759 1856 783 759 1857 803 782 1858 784 760 1859 784 760 1860 795 783 1861 771 761 1862 772 748 1863 804 784 1864 785 762 1865 785 762 1866 805 785 1867 786 763 1868 805 785 1869 787 764 1870 786 763 1871 806 786 1872 788 765 1873 787 764 1874 807 787 1875 789 766 1876 788 765 1877 808 788 1878 790 789 1879 789 766 1880 790 789 1881 810 790 1882 791 768 1883 791 768 1884 811 791 1885 792 769 1886 792 769 1887 812 792 1888 793 770 1889 793 770 1890 813 793 1891 794 771 1892 794 771 1893 797 773 1894 773 749 1895 524 779 1896 814 794 1897 525 511 1898 815 795 1899 523 510 1900 522 512 1901 802 781 1902 815 795 1903 803 782 1904 800 777 1905 529 514 1906 814 794 1907 803 782 1908 816 796 1909 795 783 1910 816 796 1911 522 512 1912 817 797 1913 522 512 1914 818 798 1915 817 797 1916 525 511 1917 819 799 1918 818 798 1919 820 800 1920 814 794 1921 529 514 1922 528 776 1923 820 800 1924 529 514 1925 795 783 1926 821 801 1927 796 772 1928 821 801 1929 817 797 1930 822 802 1931 823 803 1932 817 797 1933 818 798 1934 818 798 1935 824 804 1936 823 803 1937 825 805 1938 819 799 1939 820 800 1940 799 775 1941 825 805 1942 820 800 1943 821 801 1944 827 806 1945 796 772 1946 796 772 1947 828 807 1948 804 784 1949 822 802 1950 826 808 1951 821 801 1952 823 803 1953 829 809 1954 822 802 1955 831 810 1956 823 803 1957 824 804 1958 832 811 1959 824 804 1960 825 805 1961 833 812 1962 825 805 1963 798 774 1964 834 813 1965 798 774 1966 797 773 1967 804 784 1968 835 814 1969 805 785 1970 813 793 1971 834 813 1972 797 773 1973 835 814 1974 806 786 1975 805 785 1976 837 815 1977 807 787 1978 806 786 1979 838 816 1980 808 788 1981 807 787 1982 839 817 1983 809 818 1984 808 788 1985 809 818 1986 841 819 1987 810 790 1988 810 790 1989 842 820 1990 811 791 1991 811 791 1992 843 821 1993 812 792 1994 812 792 1995 836 822 1996 813 793 1997 826 808 1998 171 198 1999 827 806 2000 827 806 2001 170 170 2002 828 807 2003 829 809 2004 844 823 2005 826 808 2006 830 824 2007 845 825 2008 829 809 2009 847 826 2010 830 824 2011 831 810 2012 848 827 2013 831 810 2014 832 811 2015 174 175 2016 832 811 2017 833 812 2018 175 173 2019 833 812 2020 834 813 2021 828 807 2022 178 177 2023 835 814 2024 180 194 2025 834 813 2026 836 822 2027 178 177 2028 837 815 2029 835 814 2030 182 180 2031 838 816 2032 837 815 2033 184 182 2034 839 817 2035 838 816 2036 186 184 2037 840 828 2038 839 817 2039 840 828 2040 190 188 2041 841 819 2042 841 819 2043 192 190 2044 842 820 2045 842 820 2046 194 192 2047 843 821 2048 843 821 2049 180 194 2050 836 822 2051 849 829 2052 359 347 2053 391 379 2054 851 830 2055 455 440 2056 483 468 2057 852 831 2058 452 441 2059 455 440 2060 853 832 2061 469 454 2062 452 441 2063 854 833 2064 337 329 2065 469 454 2066 855 834 2067 334 330 2068 337 329 2069 856 835 2070 435 423 2071 334 330 2072 857 836 2073 407 396 2074 435 423 2075 858 837 2076 404 397 2077 407 396 2078 859 838 2079 421 411 2080 404 397 2081 860 839 2082 341 333 2083 421 411 2084 861 840 2085 338 331 2086 341 333 2087 862 841 2088 391 379 2089 338 331 2090 850 842 2091 356 348 2092 359 347 2093 863 843 2094 377 365 2095 356 348 2096 377 365 2097 865 844 2098 213 212 2099 213 212 2100 866 845 2101 210 210 2102 210 210 2103 867 846 2104 521 508 2105 521 508 2106 868 847 2107 497 483 2108 497 483 2109 869 848 2110 494 484 2111 869 848 2112 511 496 2113 494 484 2114 511 496 2115 871 849 2116 439 428 2117 439 428 2118 872 850 2119 436 426 2120 872 850 2121 483 468 2122 436 426 2123 849 829 2124 874 851 2125 850 842 2126 875 852 2127 852 831 2128 851 830 2129 876 853 2130 853 832 2131 852 831 2132 853 832 2133 878 854 2134 854 833 2135 878 854 2136 855 834 2137 854 833 2138 879 855 2139 856 835 2140 855 834 2141 880 856 2142 857 836 2143 856 835 2144 857 836 2145 882 857 2146 858 837 2147 858 837 2148 883 858 2149 859 838 2150 883 858 2151 860 839 2152 859 838 2153 884 859 2154 861 840 2155 860 839 2156 885 860 2157 862 841 2158 861 840 2159 862 841 2160 873 861 2161 849 829 2162 874 851 2163 863 843 2164 850 842 2165 863 843 2166 888 862 2167 864 863 2168 864 863 2169 889 864 2170 865 844 2171 865 844 2172 890 865 2173 866 845 2174 866 845 2175 891 866 2176 867 846 2177 867 846 2178 892 867 2179 868 847 2180 868 847 2181 893 868 2182 869 848 2183 869 848 2184 894 869 2185 870 870 2186 894 869 2187 871 849 2188 870 870 2189 895 871 2190 872 850 2191 871 849 2192 896 872 2193 851 830 2194 872 850 2195 844 823 2196 196 195 2197 171 198 2198 845 825 2199 197 200 2200 844 823 2201 846 873 2202 200 199 2203 845 825 2204 847 826 2205 202 201 2206 846 873 2207 206 205 2208 847 826 2209 848 827 2210 208 208 2211 848 827 2212 174 175 2213 441 874 2214 445 432 2215 444 433 2216 873 861 2217 530 518 2218 874 851 2219 887 875 2220 530 518 2221 533 517 2222 887 875 2223 546 532 2224 888 862 2225 888 862 2226 547 531 2227 889 864 2228 889 864 2229 548 534 2230 890 865 2231 891 866 2232 548 534 2233 549 533 2234 891 866 2235 550 536 2236 892 867 2237 893 868 2238 550 536 2239 551 535 2240 893 868 2241 552 538 2242 894 869 2243 895 871 2244 552 538 2245 553 537 2246 895 871 2247 554 539 2248 896 872 2249 875 852 2250 554 539 2251 535 519 2252 875 852 2253 534 521 2254 876 853 2255 876 853 2256 536 520 2257 877 876 2258 877 876 2259 537 523 2260 878 854 2261 879 855 2262 537 523 2263 538 522 2264 880 856 2265 538 522 2266 539 525 2267 881 877 2268 539 525 2269 540 524 2270 881 877 2271 541 527 2272 882 857 2273 883 858 2274 541 527 2275 542 526 2276 883 858 2277 543 529 2278 884 859 2279 885 860 2280 543 529 2281 544 528 2282 885 860 2283 545 530 2284 886 878 2285 873 861 2286 545 530 2287 531 516 2288 898 879 2289 900 880 2290 897 881 2291 901 882 2292 899 883 2293 902 884 2294 903 885 2295 902 884 2296 904 886 2297 905 887 2298 903 885 2299 904 886 2300 907 888 2301 905 887 2302 908 889 2303 907 888 2304 910 890 2305 909 891 2306 909 891 2307 912 892 2308 911 893 2309 911 893 2310 914 894 2311 913 895 2312 913 895 2313 916 896 2314 915 897 2315 917 898 2316 915 897 2317 916 896 2318 918 899 2319 920 900 2320 919 901 2321 922 902 2322 920 900 2323 921 903 2324 921 903 2325 924 904 2326 922 902 2327 925 905 2328 923 906 2329 926 907 2330 927 908 2331 926 907 2332 928 909 2333 930 910 2334 928 909 2335 929 911 2336 931 912 2337 929 911 2338 932 913 2339 933 914 2340 932 913 2341 934 915 2342 935 916 2343 934 915 2344 936 917 2345 937 918 2346 936 917 2347 938 919 2348 939 920 2349 938 919 2350 940 921 2351 942 922 2352 940 921 2353 941 923 2354 943 924 2355 941 923 2356 944 925 2357 897 881 2358 944 925 2359 898 879 2360 398 390 2361 277 273 2362 278 274 2363 276 272 2364 401 389 2365 402 393 2366 275 271 2367 402 393 2368 394 391 2369 394 391 2370 274 270 2371 275 271 2372 274 270 2373 396 385 2374 273 926 2375 273 926 2376 350 340 2377 248 247 2378 353 342 2379 248 247 2380 350 340 2381 247 246 2382 354 343 2383 246 245 2384 246 245 2385 344 344 2386 245 244 2387 343 334 2388 245 244 2389 344 344 2390 343 334 2391 242 241 2392 244 243 2393 242 241 2394 347 477 2395 243 242 2396 347 477 2397 333 327 2398 243 242 2399 332 326 2400 491 476 2401 492 480 2402 331 325 2403 492 480 2404 486 478 2405 330 324 2406 486 478 2407 485 471 2408 329 323 2409 485 471 2410 488 475 2411 308 302 2412 488 475 2413 446 436 2414 446 436 2415 307 927 2416 308 302 2417 307 927 2418 450 437 2419 306 301 2420 306 301 2421 442 430 2422 305 300 2423 441 874 2424 305 300 2425 442 430 2426 444 433 2427 304 299 2428 441 874 2429 278 274 2430 444 433 2431 398 390 2432 946 928 2433 948 929 2434 945 930 2435 949 931 2436 947 932 2437 946 928 2438 951 933 2439 950 934 2440 949 931 2441 953 935 2442 952 936 2443 951 933 2444 955 937 2445 954 938 2446 953 935 2447 955 937 2448 958 939 2449 956 940 2450 957 941 2451 960 942 2452 958 939 2453 959 943 2454 962 944 2455 960 942 2456 961 945 2457 964 946 2458 962 944 2459 963 947 2460 966 948 2461 964 946 2462 965 949 2463 968 950 2464 966 948 2465 967 951 2466 970 952 2467 968 950 2468 969 953 2469 972 954 2470 970 952 2471 973 955 2472 972 954 2473 971 956 2474 975 957 2475 974 958 2476 973 955 2477 977 959 2478 976 960 2479 975 957 2480 979 961 2481 978 962 2482 977 959 2483 981 963 2484 980 964 2485 979 961 2486 983 965 2487 982 966 2488 981 963 2489 983 965 2490 986 967 2491 984 968 2492 985 969 2493 988 970 2494 986 967 2495 987 971 2496 990 972 2497 988 970 2498 989 973 2499 992 974 2500 990 972 2501 945 930 2502 992 974 2503 991 975 2504 994 976 2505 996 977 2506 993 978 2507 994 976 2508 998 979 2509 995 980 2510 999 981 2511 998 979 2512 997 982 2513 1001 983 2514 1000 984 2515 999 981 2516 1003 985 2517 1002 986 2518 1001 983 2519 1005 987 2520 1004 988 2521 1003 985 2522 1007 989 2523 1006 990 2524 1005 987 2525 1009 991 2526 1008 992 2527 1007 989 2528 1009 991 2529 1012 993 2530 1010 994 2531 1011 995 2532 1014 996 2533 1012 993 2534 1013 997 2535 1016 998 2536 1014 996 2537 1017 999 2538 1016 998 2539 1015 1000 2540 1019 1001 2541 1018 1002 2542 1017 999 2543 1021 1003 2544 1020 1004 2545 1019 1001 2546 1023 1005 2547 1022 1006 2548 1021 1003 2549 1025 1007 2550 1024 1008 2551 1023 1005 2552 1027 1009 2553 1026 1010 2554 1025 1007 2555 1027 1009 2556 1030 1011 2557 1028 1012 2558 1029 1013 2559 1032 1014 2560 1030 1011 2561 1031 1015 2562 1034 1016 2563 1032 1014 2564 1033 1017 2565 1036 1018 2566 1034 1016 2567 1035 1019 2568 1038 1020 2569 1036 1018 2570 1037 1021 2571 1040 1022 2572 1038 1020 2573 1039 1023 2574 996 977 2575 1040 1022 2576 1041 1024 2577 946 928 2578 945 930 2579 1043 1025 2580 946 928 2581 1042 1026 2582 1044 1027 2583 949 931 2584 1043 1025 2585 1044 1027 2586 953 935 2587 951 933 2588 1046 1028 2589 953 935 2590 1045 1029 2591 1047 1030 2592 955 937 2593 1046 1028 2594 1047 1030 2595 959 943 2596 957 941 2597 1048 1031 2598 961 945 2599 959 943 2600 1049 1032 2601 963 947 2602 961 945 2603 1050 1033 2604 965 949 2605 963 947 2606 1051 1034 2607 967 951 2608 965 949 2609 1052 1035 2610 969 953 2611 967 951 2612 1053 1036 2613 971 956 2614 969 953 2615 1055 1037 2616 971 956 2617 1054 1038 2618 1056 1039 2619 973 955 2620 1055 1037 2621 1057 1040 2622 975 957 2623 1056 1039 2624 1058 1041 2625 977 959 2626 1057 1040 2627 1059 1042 2628 979 961 2629 1058 1041 2630 1060 1043 2631 981 963 2632 1059 1042 2633 1061 1044 2634 983 965 2635 1060 1043 2636 1061 1044 2637 987 971 2638 985 969 2639 1062 1045 2640 1064 1046 2641 987 971 2642 1063 1047 2643 1065 1048 2644 1064 1046 2645 1065 1048 2646 945 930 2647 991 975 2648 433 422 2649 1066 1049 2650 462 447 2651 1043 1025 2652 1042 1026 2653 433 422 2654 1043 1025 2655 428 417 2656 1067 1050 2657 1067 1050 2658 419 408 2659 1045 1029 2660 416 405 2661 1045 1029 2662 419 408 2663 1046 1028 2664 414 402 2665 1047 1030 2666 1047 1030 2667 389 378 2668 1048 1031 2669 1049 1032 2670 389 378 2671 386 376 2672 1050 1033 2673 386 376 2674 384 373 2675 1051 1034 2676 384 373 2677 375 362 2678 1052 1035 2679 375 362 2680 373 361 2681 1053 1036 2682 373 361 2683 369 360 2684 1054 1038 2685 369 360 2686 368 355 2687 518 504 2688 1054 1038 2689 368 355 2690 1055 1037 2691 516 501 2692 1056 1039 2693 1056 1039 2694 509 494 2695 1057 1040 2696 506 491 2697 1057 1040 2698 509 494 2699 1058 1041 2700 504 489 2701 1059 1042 2702 1059 1042 2703 481 466 2704 1060 1043 2705 1061 1044 2706 481 466 2707 478 465 2708 1062 1045 2709 478 465 2710 476 462 2711 1063 1047 2712 476 462 2713 467 453 2714 1065 1048 2715 467 453 2716 464 451 2717 1066 1049 2718 464 451 2719 462 447 2720 298 296 2721 285 279 2722 292 292 2723 292 292 2724 284 288 2725 293 286 2726 293 286 2727 287 289 2728 290 283 2729 269 265 2730 287 289 2731 251 281 2732 251 281 2733 270 268 2734 269 265 2735 268 263 2736 250 248 2737 265 269 2738 262 256 2739 265 269 2740 255 261 2741 263 259 2742 255 261 2743 254 251 2744 260 1051 2745 254 251 2746 257 254 2747 260 1051 2748 216 214 2749 238 237 2750 215 239 2751 238 237 2752 216 214 2753 239 235 2754 234 232 2755 236 234 2756 220 217 2757 236 234 2758 234 232 2759 219 230 2760 230 227 2761 220 217 2762 231 225 2763 224 231 2764 228 223 2765 229 224 2766 224 231 2767 223 219 2768 223 219 2769 327 1052 2770 229 224 2771 326 319 2772 310 303 2773 323 322 2774 320 312 2775 323 322 2776 313 317 2777 321 315 2778 313 317 2779 312 305 2780 318 310 2781 312 305 2782 315 316 2783 300 293 2784 315 316 2785 281 308 2786 301 1053 2787 281 308 2788 280 275 2789 301 1053 2790 295 290 2791 298 296 2792 616 599 2793 565 549 2794 614 596 2795 612 594 2796 565 549 2797 563 1054 2798 610 592 2799 563 1054 2800 561 547 2801 608 1055 2802 561 547 2803 559 545 2804 605 590 2805 559 545 2806 557 543 2807 606 588 2808 557 543 2809 556 540 2810 606 588 2811 601 585 2812 650 629 2813 650 629 2814 599 582 2815 647 628 2816 647 628 2817 598 581 2818 645 624 2819 644 623 2820 598 581 2821 595 578 2822 641 620 2823 595 578 2824 593 575 2825 639 618 2826 593 575 2827 591 574 2828 639 618 2829 589 572 2830 638 617 2831 638 617 2832 587 570 2833 635 614 2834 635 614 2835 585 568 2836 634 1056 2837 634 1056 2838 583 1057 2839 632 613 2840 630 611 2841 583 1057 2842 581 566 2843 630 611 2844 579 564 2845 628 608 2846 626 1058 2847 579 564 2848 577 562 2849 626 1058 2850 575 558 2851 623 606 2852 623 606 2853 573 559 2854 622 603 2855 620 1059 2856 573 559 2857 571 555 2858 620 1059 2859 569 553 2860 618 601 2861 618 601 2862 567 551 2863 616 599 2864 447 434 2865 1068 1060 2866 1069 1061 2867 489 474 2868 1070 1062 2869 1068 1060 2870 1071 1063 2871 484 473 2872 487 472 2873 487 472 2874 1072 1064 2875 1071 1063 2876 493 479 2877 1073 1065 2878 1072 1064 2879 1074 1066 2880 490 481 2881 346 337 2882 1075 1067 2883 346 337 2884 349 339 2885 349 339 2886 1076 1068 2887 1075 1067 2888 1077 1069 2889 342 336 2890 345 335 2891 355 345 2892 1077 1069 2893 345 335 2894 352 341 2895 1078 1070 2896 355 345 2897 351 386 2898 1079 1071 2899 352 341 2900 397 387 2901 1080 1072 2902 351 386 2903 397 387 2904 1082 1073 2905 1081 1074 2906 1083 1075 2907 392 384 2908 395 383 2909 395 383 2910 1084 1076 2911 1083 1075 2912 403 392 2913 1085 1077 2914 1084 1076 2915 1086 1078 2916 400 394 2917 399 388 2918 399 388 2919 1087 1079 2920 1086 1078 2921 440 429 2922 1087 1079 2923 445 432 2924 1088 1080 2925 443 431 2926 1089 1081 2927 451 438 2928 1089 1081 2929 443 431 2930 448 1082 2931 1090 1083 2932 451 438 2933 447 434 2934 1091 1084 2935 448 1082 2936 1092 1085 2937 1094 1086 2938 1095 1087 2939 1096 1088 2940 1093 1089 2941 1092 1085 2942 1098 1090 2943 1100 1091 2944 1101 1092 2945 1102 1093 2946 1104 1094 2947 1105 1095 2948 1106 1096 2949 1108 1097 2950 1109 1098 2951 1109 1098 2952 1111 1099 2953 1112 1100 2954 1114 1101 2955 1096 1088 2956 1113 1102 2957 1115 1103 2958 1117 1104 2959 1118 1105 2960 1120 1106 2961 1121 1107 2962 1119 1108 2963 1121 1107 2964 1118 1105 2965 1122 1109 2966 1124 1110 2967 1126 1111 2968 1123 1112 2969 1103 1113 2970 1128 1114 2971 1104 1094 2972 1108 1097 2973 1131 1115 2974 1129 1116 2975 1133 1117 2976 1135 1118 2977 1132 1119 2978 1102 1093 2979 1134 1120 2980 1133 1117 2981 1098 1090 2982 1137 1121 2983 1136 1122 2984 1119 1108 2985 1113 1102 2986 1120 1106 2987 1130 1123 2988 1139 1124 2989 1095 1087 2990 1099 1125 2991 1141 1126 2992 1100 1091 2993 1142 1127 2994 1125 1128 2995 1124 1110 2996 1122 1109 2997 1144 1129 2998 1145 1130 2999 1146 1131 3000 1113 1102 3001 1096 1088 3002 1148 1132 3003 1115 1103 3004 1120 1106 3005 1092 1085 3006 1146 1131 3007 1096 1088 3008 1149 1133 3009 1095 1087 3010 1139 1124 3011 1151 1134 3012 1132 1119 3013 1150 1135 3014 1127 1136 3015 1126 1111 3016 1128 1114 3017 1152 1137 3018 1124 1110 3019 1153 1138 3020 1132 1119 3021 1141 1126 3022 1140 1139 3023 1154 1140 3024 1102 1093 3025 1155 1141 3026 1155 1141 3027 1156 1142 3028 1154 1140 3029 1157 1143 3030 1123 1112 3031 1127 1136 3032 1144 1129 3033 1160 1144 3034 1112 1100 3035 1129 1116 3036 1109 1098 3037 1108 1097 3038 1161 1145 3039 1099 1125 3040 1098 1090 3041 1095 1087 3042 1131 1115 3043 1130 1123 3044 1120 1106 3045 1147 1146 3046 1148 1132 3047 1153 1138 3048 1123 1112 3049 1158 1147 3050 1143 1148 3051 1136 1122 3052 1137 1121 3053 1161 1145 3054 1136 1122 3055 1163 1149 3056 1140 1139 3057 1162 1150 3058 1164 1151 3059 1160 1144 3060 1109 1098 3061 1112 1100 3062 1136 1122 3063 1152 1137 3064 1163 1149 3065 1154 1140 3066 1127 1136 3067 1103 1113 3068 1118 1105 3069 1159 1152 3070 1144 1129 3071 1150 1135 3072 1140 1139 3073 1164 1151 3074 1155 1141 3075 1133 1117 3076 1151 1134 3077 1107 1153 3078 1130 1123 3079 1108 1097 3080 1156 1142 3081 1150 1135 3082 1165 1154 3083 1165 1154 3084 1164 1151 3085 1162 1150 3086 1157 1143 3087 1156 1142 3088 1166 1155 3089 1166 1155 3090 1165 1154 3091 1167 1156 3092 1165 1154 3093 1161 1145 3094 1167 1156 3095 1158 1147 3096 1166 1155 3097 1153 1138 3098 1153 1138 3099 1167 1156 3100 1152 1137 3101 1167 1156 3102 1163 1149 3103 1152 1137 3104 1112 1100 3105 1145 1130 3106 1144 1129 3107 1100 1091 3108 1168 1157 3109 1169 1158 3110 1101 1092 3111 1169 1158 3112 1170 1159 3113 1101 1092 3114 1171 1160 3115 1137 1121 3116 1172 1161 3117 1137 1121 3118 1171 1160 3119 1143 1148 3120 1173 1162 3121 1125 1128 3122 1125 1128 3123 1174 1163 3124 1126 1111 3125 1128 1114 3126 1174 1163 3127 1175 1164 3128 1104 1094 3129 1175 1164 3130 1176 1165 3131 1105 1095 3132 1176 1165 3133 1177 1166 3134 1134 1120 3135 1177 1166 3136 1178 1167 3137 1134 1120 3138 1179 1168 3139 1135 1118 3140 1135 1118 3141 1168 1157 3142 1141 1126 3143 1169 1158 3144 1180 1169 3145 1181 1170 3146 1170 1159 3147 1181 1170 3148 1182 1171 3149 1170 1159 3150 1183 1172 3151 1171 1160 3152 1184 1173 3153 1171 1160 3154 1183 1172 3155 1172 1161 3156 1185 1174 3157 1173 1162 3158 1174 1163 3159 1185 1174 3160 1186 1175 3161 1175 1164 3162 1186 1175 3163 1187 1176 3164 1176 1165 3165 1187 1176 3166 1188 1177 3167 1177 1166 3168 1188 1177 3169 1189 1178 3170 1177 1166 3171 1190 1179 3172 1178 1167 3173 1178 1167 3174 1191 1180 3175 1179 1168 3176 1179 1168 3177 1180 1169 3178 1168 1157 3179 1182 1171 3180 1192 1181 3181 1193 1182 3182 1183 1172 3183 1193 1182 3184 1194 1183 3185 1184 1173 3186 1194 1183 3187 1195 1184 3188 1185 1174 3189 1195 1184 3190 1196 1185 3191 1186 1175 3192 1196 1185 3193 1197 1186 3194 1187 1176 3195 1197 1186 3196 1198 1187 3197 1188 1177 3198 1198 1187 3199 1199 1188 3200 1188 1177 3201 1200 1189 3202 1189 1178 3203 1189 1178 3204 1201 1190 3205 1190 1179 3206 1191 1180 3207 1201 1190 3208 1202 1191 3209 1180 1169 3210 1202 1191 3211 1203 1192 3212 1180 1169 3213 1192 1181 3214 1181 1170 3215 1192 1181 3216 1205 1193 3217 1193 1182 3218 1193 1182 3219 1206 1194 3220 1194 1183 3221 1195 1184 3222 1206 1194 3223 1207 1195 3224 1196 1185 3225 1207 1195 3226 1208 1196 3227 1197 1186 3228 1208 1196 3229 1209 1197 3230 1197 1186 3231 1210 1198 3232 1198 1187 3233 1198 1187 3234 1211 1199 3235 1199 1188 3236 1199 1188 3237 1212 1200 3238 1200 1189 3239 1200 1189 3240 1213 1201 3241 1201 1190 3242 1202 1191 3243 1213 1201 3244 1214 1202 3245 1202 1191 3246 1215 1203 3247 1203 1192 3248 1203 1192 3249 1204 1204 3250 1192 1181 3251 1204 1204 3252 1139 1124 3253 1205 1193 3254 1205 1193 3255 1138 1205 3256 1206 1194 3257 1207 1195 3258 1138 1205 3259 1107 1153 3260 1208 1196 3261 1107 1153 3262 1106 1096 3263 1208 1196 3264 1160 1144 3265 1209 1197 3266 1209 1197 3267 1159 1152 3268 1210 1198 3269 1210 1198 3270 1117 1104 3271 1211 1199 3272 1211 1199 3273 1116 1206 3274 1212 1200 3275 1213 1201 3276 1116 1206 3277 1148 1132 3278 1214 1202 3279 1148 1132 3280 1147 1146 3281 1215 1203 3282 1147 1146 3283 1146 1131 3284 1215 1203 3285 1149 1133 3286 1204 1204 3287 1043 1025 3288 433 422 3289 430 419 3290 1043 1025 3291 1067 1050 3292 1044 1027 3293 1045 1029 3294 1044 1027 3295 1067 1050 3296 1042 1026 3297 1066 1049 3298 433 422 3299 1041 1024 3300 1065 1048 3301 1066 1049 3302 1064 1046 3303 991 975 3304 989 973 3305 987 971 3306 1064 1046 3307 989 973 3308 1216 1207 3309 901 882 3310 903 885 3311 1217 1208 3312 900 880 3313 901 882 3314 897 881 3315 1218 1209 3316 1219 1210 3317 1219 1210 3318 943 924 3319 897 881 3320 1220 1211 3321 942 922 3322 943 924 3323 942 922 3324 1222 1212 3325 939 920 3326 1222 1212 3327 937 918 3328 939 920 3329 1224 1213 3330 937 918 3331 1223 1214 3332 1224 1213 3333 933 914 3334 935 916 3335 1225 1215 3336 931 912 3337 933 914 3338 1226 1216 3339 930 910 3340 931 912 3341 927 908 3342 1227 1217 3343 1228 1218 3344 1228 1218 3345 925 905 3346 927 908 3347 1229 1219 3348 924 904 3349 925 905 3350 922 902 3351 1230 1220 3352 1231 1221 3353 919 901 3354 1231 1221 3355 1232 1222 3356 1232 1222 3357 918 899 3358 919 901 3359 918 899 3360 1234 1223 3361 915 897 3362 1235 1224 3363 915 897 3364 1234 1223 3365 1236 1225 3366 913 895 3367 1235 1224 3368 1237 1226 3369 911 893 3370 1236 1225 3371 1238 1227 3372 909 891 3373 1237 1226 3374 1238 1227 3375 906 1228 3376 907 888 3377 903 885 3378 1239 1229 3379 1216 1207 3380 1002 986 3381 902 884 3382 1000 984 3383 1000 984 3384 899 883 3385 998 979 3386 995 980 3387 899 883 3388 898 879 3389 996 977 3390 898 879 3391 944 925 3392 1040 1022 3393 944 925 3394 941 923 3395 1038 1020 3396 941 923 3397 940 921 3398 1036 1018 3399 940 921 3400 938 919 3401 1034 1016 3402 938 919 3403 936 917 3404 1032 1014 3405 936 917 3406 934 915 3407 1030 1011 3408 934 915 3409 932 913 3410 1028 1012 3411 932 913 3412 929 911 3413 1026 1010 3414 929 911 3415 928 909 3416 1026 1010 3417 926 907 3418 1024 1008 3419 1024 1008 3420 923 906 3421 1022 1006 3422 1022 1006 3423 921 903 3424 1020 1004 3425 1020 1004 3426 920 900 3427 1018 1002 3428 1018 1002 3429 917 898 3430 1016 998 3431 1014 996 3432 917 898 3433 916 896 3434 1012 993 3435 916 896 3436 914 894 3437 1012 993 3438 912 892 3439 1010 994 3440 1010 994 3441 910 890 3442 1008 992 3443 1006 990 3444 910 890 3445 908 889 3446 1004 988 3447 908 889 3448 905 887 3449 1004 988 3450 904 886 3451 1002 986 3452 954 938 3453 999 981 3454 952 936 3455 952 936 3456 997 982 3457 950 934 3458 950 934 3459 994 976 3460 947 932 3461 947 932 3462 993 978 3463 948 929 3464 992 974 3465 993 978 3466 1039 1023 3467 990 972 3468 1039 1023 3469 1037 1021 3470 988 970 3471 1037 1021 3472 1035 1019 3473 986 967 3474 1035 1019 3475 1033 1017 3476 984 968 3477 1033 1017 3478 1031 1015 3479 982 966 3480 1031 1015 3481 1029 1013 3482 980 964 3483 1029 1013 3484 1027 1009 3485 980 964 3486 1025 1007 3487 978 962 3488 978 962 3489 1023 1005 3490 976 960 3491 976 960 3492 1021 1003 3493 974 958 3494 974 958 3495 1019 1001 3496 972 954 3497 972 954 3498 1017 999 3499 970 952 3500 968 950 3501 1017 999 3502 1015 1000 3503 966 948 3504 1015 1000 3505 1013 997 3506 964 946 3507 1013 997 3508 1011 995 3509 962 944 3510 1011 995 3511 1009 991 3512 960 942 3513 1009 991 3514 1007 989 3515 958 939 3516 1007 989 3517 1005 987 3518 956 940 3519 1005 987 3520 1003 985 3521 956 940 3522 1001 983 3523 954 938 3524 1083 1075 3525 1217 1208 3526 1216 1207 3527 1216 1207 3528 1082 1073 3529 1083 1075 3530 1081 1074 3531 1239 1229 3532 1238 1227 3533 1081 1074 3534 1237 1226 3535 1080 1072 3536 1080 1072 3537 1236 1225 3538 1079 1071 3539 1079 1071 3540 1235 1224 3541 1078 1070 3542 1078 1070 3543 1234 1223 3544 1077 1069 3545 1234 1223 3546 1076 1068 3547 1077 1069 3548 1075 1067 3549 1233 1230 3550 1232 1222 3551 1232 1222 3552 1074 1066 3553 1075 1067 3554 1231 1221 3555 1073 1065 3556 1074 1066 3557 1072 1064 3558 1230 1220 3559 1229 1219 3560 1071 1063 3561 1229 1219 3562 1228 1218 3563 1228 1218 3564 1070 1062 3565 1071 1063 3566 1068 1060 3567 1227 1217 3568 1226 1216 3569 1069 1061 3570 1226 1216 3571 1225 1215 3572 1069 1061 3573 1224 1213 3574 1091 1084 3575 1091 1084 3576 1223 1214 3577 1090 1083 3578 1090 1083 3579 1222 1212 3580 1089 1081 3581 1221 1231 3582 1089 1081 3583 1222 1212 3584 1088 1080 3585 1220 1211 3586 1087 1079 3587 1086 1078 3588 1220 1211 3589 1219 1210 3590 1085 1077 3591 1219 1210 3592 1218 1209 3593 1084 1076 3594 1218 1209 3595 1217 1208 3596 415 406 3597 381 368 3598 388 377 3599 380 1232 3600 388 377 3601 381 368 3602 387 375 3603 382 374 3604 385 372 3605 374 363 3606 382 374 3607 362 370 3608 362 370 3609 372 359 3610 374 363 3611 365 352 3612 372 359 3613 361 349 3614 371 357 3615 365 352 3616 364 354 3617 513 502 3618 371 357 3619 364 354 3620 519 506 3621 514 500 3622 517 505 3623 517 505 3624 501 487 3625 508 493 3626 501 487 3627 507 1233 3628 508 493 3629 507 1233 3630 502 488 3631 505 492 3632 505 492 3633 473 458 3634 480 467 3635 472 1234 3636 480 467 3637 473 458 3638 479 464 3639 474 463 3640 477 461 3641 466 452 3642 474 463 3643 459 444 3644 459 444 3645 465 450 3646 466 452 3647 463 446 3648 458 443 3649 460 448 3650 432 421 3651 460 448 3652 425 414 3653 425 414 3654 431 1235 3655 432 421 3656 429 420 3657 424 1236 3658 426 418 3659 418 409 3660 426 418 3661 411 400 3662 410 399 3663 418 409 3664 411 400 3665 417 407 3666 412 401 3667 415 406 3668 1 0 3669 2 56 3670 3 1 3671 5 3 3672 6 62 3673 7 4 3674 9 6 3675 10 43 3676 11 7 3677 12 9 3678 13 122 3679 14 10 3680 17 12 3681 18 66 3682 19 13 3683 1 0 3684 0 2 3685 20 15 3686 26 36 3687 22 79 3688 25 19 3689 22 79 3690 23 17 3691 25 19 3692 27 20 3693 28 139 3694 14 10 3695 31 22 3696 4 5 3697 7 4 3698 33 24 3699 34 59 3700 35 25 3701 36 27 3702 37 58 3703 38 28 3704 40 30 3705 41 53 3706 20 15 3707 44 32 3708 45 166 3709 46 33 3710 48 35 3711 22 79 3712 26 36 3713 49 38 3714 50 140 3715 51 39 3716 53 41 3717 54 136 3718 1 0 3719 55 42 3720 56 63 3721 11 7 3722 57 44 3723 41 53 3724 58 45 3725 48 35 3726 60 73 3727 61 47 3728 31 22 3729 63 134 3730 64 49 3731 65 50 3732 66 76 3733 3 1 3734 4 5 3735 64 49 3736 68 52 3737 21 16 3738 20 15 3739 41 53 3740 67 51 3741 6 62 3742 69 54 3743 70 55 3744 71 61 3745 2 56 3746 37 58 3747 36 27 3748 34 59 3749 73 60 3750 62 48 3751 59 46 3752 71 61 3753 7 4 3754 6 62 3755 16 14 3756 19 13 3757 56 63 3758 8 8 3759 74 65 3760 75 64 3761 26 36 3762 75 64 3763 74 65 3764 18 66 3765 17 12 3766 32 26 3767 76 67 3768 77 84 3769 39 29 3770 78 68 3771 79 78 3772 73 60 3773 24 18 3774 27 20 3775 29 21 3776 80 69 3777 81 109 3778 5 3 3779 78 68 3780 58 45 3781 41 53 3782 15 11 3783 83 77 3784 84 70 3785 47 37 3786 85 72 3787 48 35 3788 85 72 3789 86 137 3790 60 73 3791 62 48 3792 61 47 3793 87 74 3794 88 75 3795 53 41 3796 21 16 3797 66 76 3798 89 133 3799 0 2 3800 14 10 3801 28 139 3802 83 77 3803 79 78 3804 23 17 3805 22 79 3806 16 14 3807 55 42 3808 90 80 3809 9 6 3810 92 105 3811 93 82 3812 55 42 3813 10 43 3814 93 82 3815 94 83 3816 95 168 3817 39 29 3818 8 8 3819 11 7 3820 97 85 3821 99 121 3822 85 72 3823 98 87 3824 85 72 3825 47 37 3826 74 65 3827 100 88 3828 34 59 3829 36 27 3830 76 67 3831 68 52 3832 64 49 3833 39 29 3834 95 168 3835 101 89 3836 74 65 3837 8 8 3838 96 86 3839 16 14 3840 91 81 3841 102 90 3842 26 36 3843 25 19 3844 75 64 3845 25 19 3846 103 101 3847 104 91 3848 106 92 3849 107 138 3850 108 93 3851 109 95 3852 110 146 3853 18 66 3854 32 26 3855 111 108 3856 112 96 3857 100 88 3858 109 95 3859 35 25 3860 56 63 3861 113 106 3862 97 85 3863 115 97 3864 114 110 3865 82 71 3866 82 71 3867 76 67 3868 38 28 3869 117 98 3870 118 158 3871 119 99 3872 29 21 3873 120 123 3874 103 101 3875 122 102 3876 106 92 3877 105 94 3878 123 104 3879 115 97 3880 38 28 3881 75 64 3882 104 91 3883 92 105 3884 113 106 3885 56 63 3886 19 13 3887 17 12 3888 102 90 3889 111 108 3890 94 83 3891 77 84 3892 125 135 3893 77 84 3894 64 49 3895 63 134 3896 125 135 3897 77 84 3898 63 134 3899 125 135 3900 122 102 3901 94 83 3902 1 0 3903 54 136 3904 72 57 3905 57 44 3906 59 46 3907 87 74 3908 81 109 3909 69 54 3910 6 62 3911 30 23 3912 7 4 3913 71 61 3914 82 71 3915 84 70 3916 80 69 3917 80 69 3918 68 52 3919 82 71 3920 0 2 3921 89 133 3922 42 31 3923 121 103 3924 12 9 3925 114 110 3926 90 80 3927 113 106 3928 126 111 3929 127 112 3930 126 111 3931 129 113 3932 96 86 3933 92 105 3934 104 91 3935 131 115 3936 132 141 3937 133 116 3938 134 118 3939 131 115 3940 130 117 3941 135 119 3942 136 144 3943 137 120 3944 109 95 3945 100 88 3946 112 96 3947 98 87 3948 104 91 3949 103 101 3950 13 122 3951 105 94 3952 108 93 3953 12 9 3954 121 103 3955 105 94 3956 123 104 3957 112 96 3958 100 88 3959 138 124 3960 139 164 3961 140 125 3962 143 127 3963 144 163 3964 145 128 3965 147 130 3966 148 162 3967 149 131 3968 72 57 3969 54 136 3970 89 133 3971 63 134 3972 80 69 3973 84 70 3974 88 75 3975 87 74 3976 78 68 3977 42 31 3978 89 133 3979 54 136 3980 72 57 3981 66 76 3982 65 50 3983 83 77 3984 122 102 3985 125 135 3986 81 109 3987 31 22 3988 30 23 3989 24 18 3990 23 17 3991 60 73 3992 40 30 3993 42 31 3994 53 41 3995 23 17 3996 79 78 3997 61 47 3998 107 138 3999 106 92 4000 28 139 4001 86 137 4002 107 138 4003 27 20 4004 87 74 4005 61 47 4006 79 78 4007 70 55 4008 65 50 4009 69 54 4010 31 22 4011 81 109 4012 80 69 4013 116 100 4014 119 99 4015 52 40 4016 124 107 4017 110 146 4018 50 140 4019 132 141 4020 150 156 4021 151 142 4022 52 40 4023 119 99 4024 152 143 4025 126 111 4026 113 106 4027 124 107 4028 49 38 4029 52 40 4030 129 113 4031 152 143 4032 137 120 4033 136 144 4034 110 146 4035 124 107 4036 19 13 4037 154 147 4038 102 90 4039 91 81 4040 91 81 4041 90 80 4042 127 112 4043 128 114 4044 156 149 4045 155 148 4046 153 145 4047 145 128 4048 156 149 4049 157 150 4050 158 155 4051 159 151 4052 161 153 4053 162 167 4054 146 132 4055 163 154 4056 164 157 4057 158 155 4058 163 154 4059 151 142 4060 150 156 4061 90 80 4062 93 82 4063 97 85 4064 163 154 4065 138 124 4066 141 126 4067 137 120 4068 118 158 4069 46 33 4070 152 143 4071 119 99 4072 118 158 4073 111 108 4074 165 161 4075 166 159 4076 43 34 4077 46 33 4078 118 158 4079 153 145 4080 136 144 4081 142 129 4082 136 144 4083 135 119 4084 140 125 4085 167 160 4086 154 147 4087 155 148 4088 147 130 4089 166 159 4090 165 161 4091 92 105 4092 96 86 4093 97 85 4094 128 114 4095 129 113 4096 152 143 4097 101 89 4098 95 168 4099 115 97 4100 144 163 4101 167 160 4102 156 149 4103 135 119 4104 130 117 4105 141 126 4106 133 116 4107 151 142 4108 141 126 4109 139 164 4110 143 127 4111 142 129 4112 168 165 4113 169 169 4114 160 152 4115 164 157 4116 150 156 4117 45 166 4118 132 141 4119 131 115 4120 45 166 4121 134 118 4122 46 33 4123 45 166 4124 14 10 4125 13 122 4126 120 123 4127 37 58 4128 33 24 4129 112 96 4130 110 146 4131 109 95 4132 166 159 4133 147 130 4134 51 39 4135 50 140 4136 146 132 4137 116 100 4138 51 39 4139 146 132 4140 162 167 4141 117 98 4142 162 167 4143 168 165 4144 43 34 4145 168 165 4146 159 151 4147 44 32 4148 158 155 4149 164 157 4150 44 32 4151 114 110 4152 115 97 4153 95 168 4154 99 121 4155 103 101 4156 120 123 4157 162 167 4158 161 153 4159 169 169 4160 157 150 4161 160 152 4162 138 124 4163 169 169 4164 139 164 4165 138 124 4166 161 153 4167 143 127 4168 139 164 4169 149 131 4170 144 163 4171 143 127 4172 149 131 4173 148 162 4174 167 160 4175 165 161 4176 111 108 4177 102 90 4178 154 147 4179 167 160 4180 148 162 4181 114 110 4182 12 9 4183 15 11 4184 99 121 4185 108 93 4186 107 138 4187 107 138 4188 86 137 4189 99 121 4190 62 48 4191 73 60 4192 22 79 4193 28 139 4194 106 92 4195 122 102 4196 67 51 4197 3 1 4198 2 56 4199 170 170 4200 171 198 4201 172 171 4202 175 173 4203 176 179 4204 177 174 4205 170 170 4206 173 172 4207 179 176 4208 175 173 4209 180 194 4210 181 178 4211 182 180 4212 178 177 4213 179 176 4214 184 182 4215 182 180 4216 183 181 4217 186 184 4218 184 182 4219 185 183 4220 186 184 4221 187 185 4222 189 186 4223 190 188 4224 188 187 4225 189 186 4226 192 190 4227 190 188 4228 191 189 4229 194 192 4230 192 190 4231 193 191 4232 180 194 4233 194 192 4234 195 193 4235 196 195 4236 197 200 4237 198 196 4238 171 198 4239 196 195 4240 199 197 4241 200 199 4242 201 202 4243 198 196 4244 202 201 4245 203 204 4246 201 202 4247 204 203 4248 205 206 4249 203 204 4250 206 205 4251 207 209 4252 205 206 4253 174 175 4254 177 174 4255 209 207 4256 208 208 4257 209 207 4258 207 209 4259 210 210 4260 211 509 4261 212 211 4262 214 213 4263 215 239 4264 216 214 4265 218 216 4266 219 230 4267 220 217 4268 223 219 4269 224 231 4270 225 220 4271 226 222 4272 227 228 4273 228 223 4274 231 225 4275 232 229 4276 233 226 4277 231 225 4278 228 223 4279 227 228 4280 219 230 4281 218 216 4282 225 220 4283 234 232 4284 235 240 4285 221 218 4286 230 227 4287 233 226 4288 237 233 4289 239 235 4290 240 238 4291 241 236 4292 240 238 4293 239 235 4294 236 234 4295 215 239 4296 214 213 4297 235 240 4298 222 221 4299 225 220 4300 242 241 4301 242 241 4302 225 220 4303 218 216 4304 244 243 4305 218 216 4306 221 218 4307 235 240 4308 246 245 4309 245 244 4310 214 213 4311 247 246 4312 246 245 4313 247 246 4314 214 213 4315 217 215 4316 250 248 4317 251 281 4318 252 249 4319 254 251 4320 255 261 4321 256 252 4322 257 254 4323 258 260 4324 217 215 4325 259 255 4326 260 1051 4327 238 237 4328 262 256 4329 263 259 4330 264 257 4331 263 259 4332 260 1051 4333 259 255 4334 257 254 4335 254 251 4336 253 253 4337 255 261 4338 265 269 4339 266 262 4340 268 263 4341 262 256 4342 261 258 4343 269 265 4344 270 268 4345 271 266 4346 270 268 4347 268 263 4348 267 264 4349 265 269 4350 250 248 4351 249 250 4352 258 260 4353 273 926 4354 248 247 4355 274 270 4356 273 926 4357 258 260 4358 275 271 4359 274 270 4360 253 253 4361 276 272 4362 275 271 4363 256 252 4364 277 273 4365 276 272 4366 266 262 4367 277 273 4368 249 250 4369 252 249 4370 280 275 4371 281 308 4372 282 276 4373 283 278 4374 284 288 4375 285 279 4376 251 281 4377 287 289 4378 288 282 4379 290 283 4380 269 265 4381 272 267 4382 291 285 4383 292 292 4384 293 286 4385 294 287 4386 293 286 4387 290 283 4388 284 288 4389 283 278 4390 288 282 4391 295 290 4392 296 297 4393 286 280 4394 297 291 4395 298 296 4396 292 292 4397 300 293 4398 301 1053 4399 302 294 4400 302 294 4401 301 1053 4402 298 296 4403 280 275 4404 279 277 4405 296 297 4406 252 249 4407 288 282 4408 303 298 4409 303 298 4410 288 282 4411 283 278 4412 304 299 4413 283 278 4414 286 280 4415 296 297 4416 306 301 4417 305 300 4418 279 277 4419 307 927 4420 306 301 4421 308 302 4422 307 927 4423 279 277 4424 310 303 4425 223 219 4426 222 221 4427 312 305 4428 313 317 4429 314 306 4430 281 308 4431 315 316 4432 316 309 4433 318 310 4434 300 293 4435 299 295 4436 320 312 4437 321 315 4438 322 313 4439 321 315 4440 318 310 4441 317 311 4442 315 316 4443 312 305 4444 311 307 4445 313 317 4446 323 322 4447 324 318 4448 326 319 4449 320 312 4450 319 314 4451 229 224 4452 327 1052 4453 328 321 4454 328 321 4455 327 1052 4456 326 319 4457 323 322 4458 310 303 4459 309 304 4460 329 323 4461 308 302 4462 282 276 4463 330 324 4464 329 323 4465 316 309 4466 331 325 4467 330 324 4468 311 307 4469 332 326 4470 331 325 4471 314 306 4472 333 327 4473 332 326 4474 324 318 4475 243 242 4476 333 327 4477 309 304 4478 335 328 4479 336 425 4480 337 329 4481 338 331 4482 339 381 4483 340 332 4484 343 334 4485 344 344 4486 345 335 4487 346 337 4488 347 477 4489 348 338 4490 348 338 4491 343 334 4492 342 336 4493 350 340 4494 351 386 4495 352 341 4496 354 343 4497 355 345 4498 345 335 4499 353 342 4500 352 341 4501 355 345 4502 357 346 4503 358 366 4504 359 347 4505 361 349 4506 362 370 4507 363 350 4508 365 352 4509 366 358 4510 367 353 4511 368 355 4512 369 360 4513 370 356 4514 366 358 4515 365 352 4516 361 349 4517 372 359 4518 370 356 4519 369 360 4520 372 359 4521 373 361 4522 375 362 4523 376 364 4524 377 365 4525 213 212 4526 366 358 4527 376 364 4528 212 211 4529 376 364 4530 357 346 4531 356 348 4532 357 346 4533 376 364 4534 366 358 4535 358 366 4536 357 346 4537 360 351 4538 379 367 4539 380 1232 4540 381 368 4541 362 370 4542 382 374 4543 383 371 4544 385 372 4545 374 363 4546 375 362 4547 382 374 4548 380 1232 4549 379 367 4550 387 375 4551 385 372 4552 384 373 4553 388 377 4554 387 375 4555 386 376 4556 358 366 4557 390 380 4558 391 379 4559 390 380 4560 358 366 4561 363 350 4562 391 379 4563 390 380 4564 339 381 4565 339 381 4566 390 380 4567 383 371 4568 340 332 4569 339 381 4570 379 367 4571 393 382 4572 394 391 4573 395 383 4574 396 385 4575 397 387 4576 351 386 4577 393 382 4578 392 384 4579 397 387 4580 399 388 4581 400 394 4582 401 389 4583 394 391 4584 402 393 4585 403 392 4586 402 393 4587 401 389 4588 400 394 4589 405 395 4590 406 412 4591 407 396 4592 408 398 4593 409 403 4594 410 399 4595 412 401 4596 413 404 4597 378 369 4598 414 402 4599 415 406 4600 388 377 4601 412 401 4602 410 399 4603 409 403 4604 416 405 4605 417 407 4606 415 406 4607 417 407 4608 416 405 4609 419 408 4610 341 333 4611 340 332 4612 420 410 4613 340 332 4614 378 369 4615 413 404 4616 420 410 4617 405 395 4618 404 397 4619 405 395 4620 420 410 4621 413 404 4622 406 412 4623 405 395 4624 409 403 4625 423 413 4626 424 1236 4627 425 414 4628 411 400 4629 426 418 4630 427 416 4631 428 417 4632 429 420 4633 418 409 4634 426 418 4635 424 1236 4636 423 413 4637 430 419 4638 431 1235 4639 429 420 4640 432 421 4641 431 1235 4642 430 419 4643 406 412 4644 434 424 4645 435 423 4646 434 424 4647 406 412 4648 408 398 4649 434 424 4650 335 328 4651 334 330 4652 335 328 4653 434 424 4654 427 416 4655 335 328 4656 423 413 4657 422 415 4658 436 426 4659 437 470 4660 438 427 4661 440 429 4662 441 874 4663 442 430 4664 445 432 4665 399 388 4666 398 390 4667 447 434 4668 448 1082 4669 449 435 4670 450 437 4671 451 438 4672 443 431 4673 449 435 4674 448 1082 4675 451 438 4676 453 439 4677 454 456 4678 455 440 4679 456 442 4680 457 449 4681 458 443 4682 425 414 4683 460 448 4684 461 445 4685 463 446 4686 432 421 4687 433 422 4688 460 448 4689 458 443 4690 457 449 4691 465 450 4692 463 446 4693 462 447 4694 466 452 4695 465 450 4696 464 451 4697 336 425 4698 468 455 4699 469 454 4700 468 455 4701 336 425 4702 422 415 4703 468 455 4704 453 439 4705 452 441 4706 453 439 4707 468 455 4708 461 445 4709 454 456 4710 453 439 4711 457 449 4712 471 457 4713 472 1234 4714 473 458 4715 459 444 4716 474 463 4717 475 460 4718 477 461 4719 466 452 4720 467 453 4721 474 463 4722 472 1234 4723 471 457 4724 479 464 4725 477 461 4726 476 462 4727 479 464 4728 478 465 4729 481 466 4730 454 456 4731 482 469 4732 483 468 4733 482 469 4734 454 456 4735 456 442 4736 483 468 4737 482 469 4738 437 470 4739 482 469 4740 475 460 4741 471 457 4742 437 470 4743 471 457 4744 470 459 4745 485 471 4746 486 478 4747 487 472 4748 446 436 4749 488 475 4750 489 474 4751 488 475 4752 485 471 4753 484 473 4754 346 337 4755 490 481 4756 491 476 4757 486 478 4758 492 480 4759 493 479 4760 492 480 4761 491 476 4762 490 481 4763 495 482 4764 496 498 4765 497 483 4766 498 485 4767 499 497 4768 500 486 4769 502 488 4770 503 490 4771 470 459 4772 504 489 4773 505 492 4774 480 467 4775 500 486 4776 499 497 4777 503 490 4778 506 491 4779 507 1233 4780 505 492 4781 508 493 4782 507 1233 4783 506 491 4784 439 428 4785 438 427 4786 510 495 4787 438 427 4788 470 459 4789 503 490 4790 511 496 4791 510 495 4792 495 482 4793 510 495 4794 503 490 4795 499 497 4796 496 498 4797 495 482 4798 499 497 4799 512 499 4800 513 502 4801 364 354 4802 514 500 4803 515 503 4804 498 485 4805 516 501 4806 517 505 4807 508 493 4808 513 502 4809 512 499 4810 515 503 4811 518 504 4812 519 506 4813 517 505 4814 519 506 4815 518 504 4816 368 355 4817 497 483 4818 496 498 4819 520 507 4820 496 498 4821 498 485 4822 515 503 4823 521 508 4824 520 507 4825 211 509 4826 520 507 4827 515 503 4828 512 499 4829 211 509 4830 512 499 4831 367 353 4832 523 510 4833 524 779 4834 525 511 4835 527 513 4836 528 776 4837 529 514 4838 531 516 4839 532 1237 4840 533 517 4841 535 519 4842 532 1237 4843 536 520 4844 536 520 4845 532 1237 4846 538 522 4847 538 522 4848 532 1237 4849 540 524 4850 540 524 4851 532 1237 4852 542 526 4853 542 526 4854 532 1237 4855 544 528 4856 544 528 4857 532 1237 4858 531 516 4859 533 517 4860 532 1237 4861 547 531 4862 547 531 4863 532 1237 4864 549 533 4865 549 533 4866 532 1237 4867 551 535 4868 551 535 4869 532 1237 4870 553 537 4871 553 537 4872 532 1237 4873 535 519 4874 556 540 4875 557 543 4876 558 541 4877 557 543 4878 559 545 4879 560 544 4880 559 545 4881 561 547 4882 562 546 4883 561 547 4884 563 1054 4885 564 548 4886 564 548 4887 563 1054 4888 565 549 4889 566 550 4890 565 549 4891 567 551 4892 568 552 4893 567 551 4894 569 553 4895 570 554 4896 569 553 4897 571 555 4898 571 555 4899 573 559 4900 574 557 4901 575 558 4902 576 561 4903 574 557 4904 575 558 4905 577 562 4906 578 560 4907 577 562 4908 579 564 4909 580 563 4910 579 564 4911 581 566 4912 582 565 4913 581 566 4914 583 1057 4915 584 567 4916 584 567 4917 583 1057 4918 585 568 4919 587 570 4920 588 571 4921 586 569 4922 588 571 4923 587 570 4924 589 572 4925 591 574 4926 592 576 4927 590 573 4928 593 575 4929 594 577 4930 592 576 4931 594 577 4932 593 575 4933 595 578 4934 597 580 4935 596 579 4936 595 578 4937 599 582 4938 600 584 4939 597 580 4940 599 582 4941 601 585 4942 602 583 4943 601 585 4944 556 540 4945 555 542 4946 555 542 4947 558 541 4948 604 586 4949 322 313 4950 605 590 4951 606 588 4952 558 541 4953 560 544 4954 607 589 4955 317 311 4956 608 1055 4957 605 590 4958 607 589 4959 560 544 4960 562 546 4961 610 592 4962 608 1055 4963 317 311 4964 609 591 4965 562 546 4966 564 548 4967 612 594 4968 610 592 4969 299 295 4970 611 593 4971 564 548 4972 566 550 4973 614 596 4974 612 594 4975 302 294 4976 613 595 4977 566 550 4978 568 552 4979 291 285 4980 616 599 4981 614 596 4982 615 597 4983 568 552 4984 570 554 4985 294 287 4986 618 601 4987 616 599 4988 617 598 4989 570 554 4990 572 556 4991 289 284 4992 620 1059 4993 618 601 4994 572 556 4995 574 557 4996 621 602 4997 622 603 4998 620 1059 4999 289 284 5000 271 266 5001 623 606 5002 622 603 5003 574 557 5004 576 561 5005 624 604 5006 576 561 5007 578 560 5008 625 605 5009 267 264 5010 626 1058 5011 623 606 5012 578 560 5013 580 563 5014 627 607 5015 628 608 5016 626 1058 5017 267 264 5018 580 563 5019 582 565 5020 629 609 5021 264 257 5022 630 611 5023 628 608 5024 582 565 5025 584 567 5026 631 610 5027 259 255 5028 632 613 5029 630 611 5030 584 567 5031 586 569 5032 633 612 5033 241 236 5034 634 1056 5035 632 613 5036 635 614 5037 634 1056 5038 241 236 5039 633 612 5040 586 569 5041 588 571 5042 636 615 5043 588 571 5044 590 573 5045 638 617 5046 635 614 5047 240 238 5048 639 618 5049 638 617 5050 237 233 5051 637 616 5052 590 573 5053 592 576 5054 641 620 5055 639 618 5056 233 226 5057 640 619 5058 592 576 5059 594 577 5060 642 621 5061 594 577 5062 596 579 5063 644 623 5064 641 620 5065 232 229 5066 645 624 5067 644 623 5068 227 228 5069 643 622 5070 596 579 5071 597 580 5072 328 321 5073 647 628 5074 645 624 5075 597 580 5076 600 584 5077 648 626 5078 600 584 5079 602 583 5080 649 627 5081 325 320 5082 650 629 5083 647 628 5084 602 583 5085 555 542 5086 603 587 5087 319 314 5088 606 588 5089 650 629 5090 651 630 5091 652 641 5092 633 612 5093 611 593 5094 653 651 5095 654 631 5096 609 591 5097 654 631 5098 655 632 5099 607 589 5100 655 632 5101 656 633 5102 656 633 5103 657 634 5104 603 587 5105 657 634 5106 658 635 5107 649 627 5108 658 635 5109 659 636 5110 648 626 5111 659 636 5112 660 659 5113 646 625 5114 646 625 5115 660 659 5116 661 637 5117 643 622 5118 661 637 5119 662 638 5120 642 621 5121 662 638 5122 663 639 5123 640 619 5124 663 639 5125 664 640 5126 664 640 5127 651 630 5128 636 615 5129 652 641 5130 665 642 5131 631 610 5132 665 642 5133 666 643 5134 629 609 5135 666 643 5136 667 644 5137 627 607 5138 667 644 5139 668 645 5140 625 605 5141 668 645 5142 669 646 5143 624 604 5144 669 646 5145 670 647 5146 621 602 5147 670 647 5148 671 648 5149 619 600 5150 671 648 5151 672 649 5152 617 598 5153 672 649 5154 673 673 5155 615 597 5156 615 597 5157 673 673 5158 674 650 5159 613 595 5160 674 650 5161 653 651 5162 651 630 5163 675 664 5164 676 652 5165 653 651 5166 677 675 5167 678 653 5168 678 653 5169 679 654 5170 655 632 5171 679 654 5172 680 655 5173 656 633 5174 680 655 5175 681 656 5176 657 634 5177 681 656 5178 682 657 5179 658 635 5180 682 657 5181 683 658 5182 659 636 5183 683 658 5184 684 683 5185 660 659 5186 660 659 5187 684 683 5188 685 660 5189 661 637 5190 685 660 5191 686 661 5192 662 638 5193 686 661 5194 687 662 5195 663 639 5196 687 662 5197 688 663 5198 664 640 5199 688 663 5200 675 664 5201 676 652 5202 689 665 5203 665 642 5204 689 665 5205 690 666 5206 666 643 5207 690 666 5208 691 667 5209 667 644 5210 691 667 5211 692 668 5212 668 645 5213 692 668 5214 693 669 5215 669 646 5216 693 669 5217 694 670 5218 670 647 5219 694 670 5220 695 695 5221 671 648 5222 671 648 5223 695 695 5224 696 671 5225 672 649 5226 696 671 5227 697 672 5228 673 673 5229 697 672 5230 698 674 5231 674 650 5232 698 674 5233 677 675 5234 675 664 5235 699 688 5236 700 676 5237 677 675 5238 701 699 5239 702 677 5240 702 677 5241 703 678 5242 679 654 5243 703 678 5244 704 679 5245 680 655 5246 704 679 5247 705 680 5248 681 656 5249 705 680 5250 706 681 5251 682 657 5252 706 681 5253 707 682 5254 683 658 5255 707 682 5256 708 684 5257 684 683 5258 708 684 5259 709 708 5260 685 660 5261 685 660 5262 709 708 5263 710 685 5264 686 661 5265 710 685 5266 711 686 5267 687 662 5268 711 686 5269 712 687 5270 688 663 5271 712 687 5272 699 688 5273 676 652 5274 700 676 5275 713 689 5276 713 689 5277 714 690 5278 690 666 5279 714 690 5280 715 691 5281 691 667 5282 715 691 5283 716 692 5284 692 668 5285 716 692 5286 717 693 5287 693 669 5288 717 693 5289 718 694 5290 694 670 5291 718 694 5292 719 719 5293 695 695 5294 695 695 5295 719 719 5296 720 696 5297 696 671 5298 720 696 5299 721 697 5300 697 672 5301 721 697 5302 722 698 5303 698 674 5304 722 698 5305 701 699 5306 699 688 5307 723 712 5308 724 700 5309 701 699 5310 725 723 5311 726 701 5312 726 701 5313 727 702 5314 703 678 5315 727 702 5316 728 703 5317 704 679 5318 728 703 5319 729 704 5320 705 680 5321 729 704 5322 730 705 5323 706 681 5324 730 705 5325 731 706 5326 707 682 5327 731 706 5328 732 731 5329 708 684 5330 708 684 5331 732 731 5332 733 707 5333 709 708 5334 733 707 5335 734 709 5336 710 685 5337 734 709 5338 735 710 5339 711 686 5340 735 710 5341 736 711 5342 712 687 5343 736 711 5344 723 712 5345 724 700 5346 737 713 5347 713 689 5348 737 713 5349 738 714 5350 714 690 5351 738 714 5352 739 715 5353 715 691 5354 739 715 5355 740 716 5356 716 692 5357 740 716 5358 741 717 5359 717 693 5360 741 717 5361 742 718 5362 718 694 5363 742 718 5364 743 743 5365 719 719 5366 719 719 5367 743 743 5368 744 720 5369 720 696 5370 744 720 5371 745 721 5372 721 697 5373 745 721 5374 746 722 5375 722 698 5376 746 722 5377 725 723 5378 723 712 5379 747 736 5380 748 724 5381 725 723 5382 749 747 5383 750 725 5384 750 725 5385 751 726 5386 727 702 5387 751 726 5388 752 727 5389 728 703 5390 752 727 5391 753 728 5392 729 704 5393 753 728 5394 754 729 5395 730 705 5396 754 729 5397 755 730 5398 731 706 5399 755 730 5400 756 756 5401 732 731 5402 732 731 5403 756 756 5404 757 732 5405 733 707 5406 757 732 5407 758 733 5408 734 709 5409 758 733 5410 759 734 5411 735 710 5412 759 734 5413 760 735 5414 736 711 5415 760 735 5416 747 736 5417 748 724 5418 761 737 5419 737 713 5420 761 737 5421 762 738 5422 738 714 5423 762 738 5424 763 739 5425 739 715 5426 763 739 5427 764 740 5428 740 716 5429 764 740 5430 765 741 5431 741 717 5432 765 741 5433 766 767 5434 742 718 5435 742 718 5436 766 767 5437 767 742 5438 743 743 5439 767 742 5440 768 744 5441 744 720 5442 768 744 5443 769 745 5444 745 721 5445 769 745 5446 770 746 5447 746 722 5448 770 746 5449 749 747 5450 747 736 5451 771 761 5452 772 748 5453 773 749 5454 774 750 5455 750 725 5456 774 750 5457 775 751 5458 751 726 5459 775 751 5460 776 752 5461 752 727 5462 776 752 5463 777 753 5464 753 728 5465 777 753 5466 778 754 5467 754 729 5468 778 754 5469 779 755 5470 755 730 5471 779 755 5472 780 778 5473 756 756 5474 756 756 5475 780 778 5476 781 757 5477 757 732 5478 781 757 5479 782 758 5480 758 733 5481 782 758 5482 783 759 5483 759 734 5484 783 759 5485 784 760 5486 760 735 5487 784 760 5488 771 761 5489 748 724 5490 772 748 5491 785 762 5492 785 762 5493 786 763 5494 762 738 5495 786 763 5496 787 764 5497 763 739 5498 787 764 5499 788 765 5500 764 740 5501 788 765 5502 789 766 5503 765 741 5504 789 766 5505 790 789 5506 766 767 5507 766 767 5508 790 789 5509 791 768 5510 767 742 5511 791 768 5512 792 769 5513 768 744 5514 792 769 5515 793 770 5516 769 745 5517 793 770 5518 794 771 5519 770 746 5520 794 771 5521 773 749 5522 771 761 5523 795 783 5524 796 772 5525 797 773 5526 798 774 5527 774 750 5528 798 774 5529 799 775 5530 775 751 5531 799 775 5532 528 776 5533 776 752 5534 528 776 5535 527 513 5536 777 753 5537 527 513 5538 526 515 5539 778 754 5540 526 515 5541 800 777 5542 779 755 5543 800 777 5544 524 779 5545 780 778 5546 524 779 5547 523 510 5548 781 757 5549 781 757 5550 523 510 5551 801 780 5552 782 758 5553 801 780 5554 802 781 5555 783 759 5556 802 781 5557 803 782 5558 784 760 5559 803 782 5560 795 783 5561 772 748 5562 796 772 5563 804 784 5564 785 762 5565 804 784 5566 805 785 5567 805 785 5568 806 786 5569 787 764 5570 806 786 5571 807 787 5572 788 765 5573 807 787 5574 808 788 5575 789 766 5576 808 788 5577 809 818 5578 790 789 5579 790 789 5580 809 818 5581 810 790 5582 791 768 5583 810 790 5584 811 791 5585 792 769 5586 811 791 5587 812 792 5588 793 770 5589 812 792 5590 813 793 5591 794 771 5592 813 793 5593 797 773 5594 524 779 5595 800 777 5596 814 794 5597 815 795 5598 801 780 5599 523 510 5600 802 781 5601 801 780 5602 815 795 5603 800 777 5604 526 515 5605 529 514 5606 803 782 5607 815 795 5608 816 796 5609 816 796 5610 815 795 5611 522 512 5612 522 512 5613 525 511 5614 818 798 5615 525 511 5616 814 794 5617 819 799 5618 820 800 5619 819 799 5620 814 794 5621 528 776 5622 799 775 5623 820 800 5624 795 783 5625 816 796 5626 821 801 5627 821 801 5628 816 796 5629 817 797 5630 823 803 5631 822 802 5632 817 797 5633 818 798 5634 819 799 5635 824 804 5636 825 805 5637 824 804 5638 819 799 5639 799 775 5640 798 774 5641 825 805 5642 821 801 5643 826 808 5644 827 806 5645 796 772 5646 827 806 5647 828 807 5648 822 802 5649 829 809 5650 826 808 5651 823 803 5652 830 824 5653 829 809 5654 831 810 5655 830 824 5656 823 803 5657 832 811 5658 831 810 5659 824 804 5660 833 812 5661 832 811 5662 825 805 5663 834 813 5664 833 812 5665 798 774 5666 804 784 5667 828 807 5668 835 814 5669 813 793 5670 836 822 5671 834 813 5672 835 814 5673 837 815 5674 806 786 5675 837 815 5676 838 816 5677 807 787 5678 838 816 5679 839 817 5680 808 788 5681 839 817 5682 840 828 5683 809 818 5684 809 818 5685 840 828 5686 841 819 5687 810 790 5688 841 819 5689 842 820 5690 811 791 5691 842 820 5692 843 821 5693 812 792 5694 843 821 5695 836 822 5696 826 808 5697 844 823 5698 171 198 5699 827 806 5700 171 198 5701 170 170 5702 829 809 5703 845 825 5704 844 823 5705 830 824 5706 846 873 5707 845 825 5708 847 826 5709 846 873 5710 830 824 5711 848 827 5712 847 826 5713 831 810 5714 174 175 5715 848 827 5716 832 811 5717 175 173 5718 174 175 5719 833 812 5720 828 807 5721 170 170 5722 178 177 5723 180 194 5724 175 173 5725 834 813 5726 178 177 5727 182 180 5728 837 815 5729 182 180 5730 184 182 5731 838 816 5732 184 182 5733 186 184 5734 839 817 5735 186 184 5736 188 187 5737 840 828 5738 840 828 5739 188 187 5740 190 188 5741 841 819 5742 190 188 5743 192 190 5744 842 820 5745 192 190 5746 194 192 5747 843 821 5748 194 192 5749 180 194 5750 849 829 5751 850 842 5752 359 347 5753 851 830 5754 852 831 5755 455 440 5756 852 831 5757 853 832 5758 452 441 5759 853 832 5760 854 833 5761 469 454 5762 854 833 5763 855 834 5764 337 329 5765 855 834 5766 856 835 5767 334 330 5768 856 835 5769 857 836 5770 435 423 5771 857 836 5772 858 837 5773 407 396 5774 858 837 5775 859 838 5776 404 397 5777 859 838 5778 860 839 5779 421 411 5780 860 839 5781 861 840 5782 341 333 5783 861 840 5784 862 841 5785 338 331 5786 862 841 5787 849 829 5788 391 379 5789 850 842 5790 863 843 5791 356 348 5792 863 843 5793 864 863 5794 377 365 5795 377 365 5796 864 863 5797 865 844 5798 213 212 5799 865 844 5800 866 845 5801 210 210 5802 866 845 5803 867 846 5804 521 508 5805 867 846 5806 868 847 5807 497 483 5808 868 847 5809 869 848 5810 869 848 5811 870 870 5812 511 496 5813 511 496 5814 870 870 5815 871 849 5816 439 428 5817 871 849 5818 872 850 5819 872 850 5820 851 830 5821 483 468 5822 849 829 5823 873 861 5824 874 851 5825 875 852 5826 876 853 5827 852 831 5828 876 853 5829 877 876 5830 853 832 5831 853 832 5832 877 876 5833 878 854 5834 878 854 5835 879 855 5836 855 834 5837 879 855 5838 880 856 5839 856 835 5840 880 856 5841 881 877 5842 857 836 5843 857 836 5844 881 877 5845 882 857 5846 858 837 5847 882 857 5848 883 858 5849 883 858 5850 884 859 5851 860 839 5852 884 859 5853 885 860 5854 861 840 5855 885 860 5856 886 878 5857 862 841 5858 862 841 5859 886 878 5860 873 861 5861 874 851 5862 887 875 5863 863 843 5864 863 843 5865 887 875 5866 888 862 5867 864 863 5868 888 862 5869 889 864 5870 865 844 5871 889 864 5872 890 865 5873 866 845 5874 890 865 5875 891 866 5876 867 846 5877 891 866 5878 892 867 5879 868 847 5880 892 867 5881 893 868 5882 869 848 5883 893 868 5884 894 869 5885 894 869 5886 895 871 5887 871 849 5888 895 871 5889 896 872 5890 872 850 5891 896 872 5892 875 852 5893 851 830 5894 844 823 5895 197 200 5896 196 195 5897 845 825 5898 200 199 5899 197 200 5900 846 873 5901 202 201 5902 200 199 5903 847 826 5904 204 203 5905 202 201 5906 206 205 5907 204 203 5908 847 826 5909 208 208 5910 206 205 5911 848 827 5912 441 874 5913 440 429 5914 445 432 5915 873 861 5916 531 516 5917 530 518 5918 887 875 5919 874 851 5920 530 518 5921 887 875 5922 533 517 5923 546 532 5924 888 862 5925 546 532 5926 547 531 5927 889 864 5928 547 531 5929 548 534 5930 891 866 5931 890 865 5932 548 534 5933 891 866 5934 549 533 5935 550 536 5936 893 868 5937 892 867 5938 550 536 5939 893 868 5940 551 535 5941 552 538 5942 895 871 5943 894 869 5944 552 538 5945 895 871 5946 553 537 5947 554 539 5948 875 852 5949 896 872 5950 554 539 5951 875 852 5952 535 519 5953 534 521 5954 876 853 5955 534 521 5956 536 520 5957 877 876 5958 536 520 5959 537 523 5960 879 855 5961 878 854 5962 537 523 5963 880 856 5964 879 855 5965 538 522 5966 881 877 5967 880 856 5968 539 525 5969 881 877 5970 540 524 5971 541 527 5972 883 858 5973 882 857 5974 541 527 5975 883 858 5976 542 526 5977 543 529 5978 885 860 5979 884 859 5980 543 529 5981 885 860 5982 544 528 5983 545 530 5984 873 861 5985 886 878 5986 545 530 5987 898 879 5988 899 883 5989 900 880 5990 901 882 5991 900 880 5992 899 883 5993 903 885 5994 901 882 5995 902 884 5996 905 887 5997 906 1228 5998 903 885 5999 907 888 6000 906 1228 6001 905 887 6002 907 888 6003 908 889 6004 910 890 6005 909 891 6006 910 890 6007 912 892 6008 911 893 6009 912 892 6010 914 894 6011 913 895 6012 914 894 6013 916 896 6014 917 898 6015 918 899 6016 915 897 6017 918 899 6018 917 898 6019 920 900 6020 922 902 6021 919 901 6022 920 900 6023 921 903 6024 923 906 6025 924 904 6026 925 905 6027 924 904 6028 923 906 6029 927 908 6030 925 905 6031 926 907 6032 930 910 6033 927 908 6034 928 909 6035 931 912 6036 930 910 6037 929 911 6038 933 914 6039 931 912 6040 932 913 6041 935 916 6042 933 914 6043 934 915 6044 937 918 6045 935 916 6046 936 917 6047 939 920 6048 937 918 6049 938 919 6050 942 922 6051 939 920 6052 940 921 6053 943 924 6054 942 922 6055 941 923 6056 897 881 6057 943 924 6058 944 925 6059 398 390 6060 401 389 6061 277 273 6062 276 272 6063 277 273 6064 401 389 6065 275 271 6066 276 272 6067 402 393 6068 394 391 6069 393 382 6070 274 270 6071 274 270 6072 393 382 6073 396 385 6074 273 926 6075 396 385 6076 350 340 6077 353 342 6078 247 246 6079 248 247 6080 247 246 6081 353 342 6082 354 343 6083 246 245 6084 354 343 6085 344 344 6086 343 334 6087 244 243 6088 245 244 6089 343 334 6090 348 338 6091 242 241 6092 242 241 6093 348 338 6094 347 477 6095 347 477 6096 491 476 6097 333 327 6098 332 326 6099 333 327 6100 491 476 6101 331 325 6102 332 326 6103 492 480 6104 330 324 6105 331 325 6106 486 478 6107 329 323 6108 330 324 6109 485 471 6110 308 302 6111 329 323 6112 488 475 6113 446 436 6114 449 435 6115 307 927 6116 307 927 6117 449 435 6118 450 437 6119 306 301 6120 450 437 6121 442 430 6122 441 874 6123 304 299 6124 305 300 6125 444 433 6126 303 298 6127 304 299 6128 278 274 6129 303 298 6130 444 433 6131 946 928 6132 947 932 6133 948 929 6134 949 931 6135 950 934 6136 947 932 6137 951 933 6138 952 936 6139 950 934 6140 953 935 6141 954 938 6142 952 936 6143 955 937 6144 956 940 6145 954 938 6146 955 937 6147 957 941 6148 958 939 6149 957 941 6150 959 943 6151 960 942 6152 959 943 6153 961 945 6154 962 944 6155 961 945 6156 963 947 6157 964 946 6158 963 947 6159 965 949 6160 966 948 6161 965 949 6162 967 951 6163 968 950 6164 967 951 6165 969 953 6166 970 952 6167 969 953 6168 971 956 6169 972 954 6170 973 955 6171 974 958 6172 972 954 6173 975 957 6174 976 960 6175 974 958 6176 977 959 6177 978 962 6178 976 960 6179 979 961 6180 980 964 6181 978 962 6182 981 963 6183 982 966 6184 980 964 6185 983 965 6186 984 968 6187 982 966 6188 983 965 6189 985 969 6190 986 967 6191 985 969 6192 987 971 6193 988 970 6194 987 971 6195 989 973 6196 990 972 6197 989 973 6198 991 975 6199 992 974 6200 945 930 6201 948 929 6202 992 974 6203 994 976 6204 995 980 6205 996 977 6206 994 976 6207 997 982 6208 998 979 6209 999 981 6210 1000 984 6211 998 979 6212 1001 983 6213 1002 986 6214 1000 984 6215 1003 985 6216 1004 988 6217 1002 986 6218 1005 987 6219 1006 990 6220 1004 988 6221 1007 989 6222 1008 992 6223 1006 990 6224 1009 991 6225 1010 994 6226 1008 992 6227 1009 991 6228 1011 995 6229 1012 993 6230 1011 995 6231 1013 997 6232 1014 996 6233 1013 997 6234 1015 1000 6235 1016 998 6236 1017 999 6237 1018 1002 6238 1016 998 6239 1019 1001 6240 1020 1004 6241 1018 1002 6242 1021 1003 6243 1022 1006 6244 1020 1004 6245 1023 1005 6246 1024 1008 6247 1022 1006 6248 1025 1007 6249 1026 1010 6250 1024 1008 6251 1027 1009 6252 1028 1012 6253 1026 1010 6254 1027 1009 6255 1029 1013 6256 1030 1011 6257 1029 1013 6258 1031 1015 6259 1032 1014 6260 1031 1015 6261 1033 1017 6262 1034 1016 6263 1033 1017 6264 1035 1019 6265 1036 1018 6266 1035 1019 6267 1037 1021 6268 1038 1020 6269 1037 1021 6270 1039 1023 6271 1040 1022 6272 1039 1023 6273 993 978 6274 996 977 6275 1041 1024 6276 1042 1026 6277 946 928 6278 1043 1025 6279 949 931 6280 946 928 6281 1044 1027 6282 951 933 6283 949 931 6284 1046 1028 6285 955 937 6286 953 935 6287 1047 1030 6288 957 941 6289 955 937 6290 1047 1030 6291 1048 1031 6292 959 943 6293 1048 1031 6294 1049 1032 6295 961 945 6296 1049 1032 6297 1050 1033 6298 963 947 6299 1050 1033 6300 1051 1034 6301 965 949 6302 1051 1034 6303 1052 1035 6304 967 951 6305 1052 1035 6306 1053 1036 6307 969 953 6308 1053 1036 6309 1054 1038 6310 971 956 6311 1055 1037 6312 973 955 6313 971 956 6314 1056 1039 6315 975 957 6316 973 955 6317 1057 1040 6318 977 959 6319 975 957 6320 1058 1041 6321 979 961 6322 977 959 6323 1059 1042 6324 981 963 6325 979 961 6326 1060 1043 6327 983 965 6328 981 963 6329 1061 1044 6330 985 969 6331 983 965 6332 1061 1044 6333 1062 1045 6334 987 971 6335 1062 1045 6336 1063 1047 6337 1064 1046 6338 1065 1048 6339 1041 1024 6340 945 930 6341 1043 1025 6342 430 419 6343 428 417 6344 1067 1050 6345 428 417 6346 419 408 6347 416 405 6348 1046 1028 6349 1045 1029 6350 1046 1028 6351 416 405 6352 414 402 6353 1047 1030 6354 414 402 6355 389 378 6356 1049 1032 6357 1048 1031 6358 389 378 6359 1050 1033 6360 1049 1032 6361 386 376 6362 1051 1034 6363 1050 1033 6364 384 373 6365 1052 1035 6366 1051 1034 6367 375 362 6368 1053 1036 6369 1052 1035 6370 373 361 6371 1054 1038 6372 1053 1036 6373 369 360 6374 518 504 6375 1055 1037 6376 1054 1038 6377 1055 1037 6378 518 504 6379 516 501 6380 1056 1039 6381 516 501 6382 509 494 6383 506 491 6384 1058 1041 6385 1057 1040 6386 1058 1041 6387 506 491 6388 504 489 6389 1059 1042 6390 504 489 6391 481 466 6392 1061 1044 6393 1060 1043 6394 481 466 6395 1062 1045 6396 1061 1044 6397 478 465 6398 1063 1047 6399 1062 1045 6400 476 462 6401 1065 1048 6402 1063 1047 6403 467 453 6404 1066 1049 6405 1065 1048 6406 464 451 6407 298 296 6408 295 290 6409 285 279 6410 292 292 6411 285 279 6412 284 288 6413 293 286 6414 284 288 6415 287 289 6416 269 265 6417 290 283 6418 287 289 6419 251 281 6420 250 248 6421 270 268 6422 268 263 6423 270 268 6424 250 248 6425 262 256 6426 268 263 6427 265 269 6428 263 259 6429 262 256 6430 255 261 6431 260 1051 6432 263 259 6433 254 251 6434 260 1051 6435 257 254 6436 216 214 6437 215 239 6438 239 235 6439 238 237 6440 239 235 6441 215 239 6442 234 232 6443 220 217 6444 230 227 6445 236 234 6446 219 230 6447 231 225 6448 230 227 6449 231 225 6450 219 230 6451 224 231 6452 229 224 6453 228 223 6454 224 231 6455 223 219 6456 310 303 6457 327 1052 6458 326 319 6459 327 1052 6460 310 303 6461 320 312 6462 326 319 6463 323 322 6464 321 315 6465 320 312 6466 313 317 6467 318 310 6468 321 315 6469 312 305 6470 300 293 6471 318 310 6472 315 316 6473 301 1053 6474 300 293 6475 281 308 6476 301 1053 6477 280 275 6478 295 290 6479 616 599 6480 567 551 6481 565 549 6482 612 594 6483 614 596 6484 565 549 6485 610 592 6486 612 594 6487 563 1054 6488 608 1055 6489 610 592 6490 561 547 6491 605 590 6492 608 1055 6493 559 545 6494 606 588 6495 605 590 6496 557 543 6497 606 588 6498 556 540 6499 601 585 6500 650 629 6501 601 585 6502 599 582 6503 647 628 6504 599 582 6505 598 581 6506 644 623 6507 645 624 6508 598 581 6509 641 620 6510 644 623 6511 595 578 6512 639 618 6513 641 620 6514 593 575 6515 639 618 6516 591 574 6517 589 572 6518 638 617 6519 589 572 6520 587 570 6521 635 614 6522 587 570 6523 585 568 6524 634 1056 6525 585 568 6526 583 1057 6527 630 611 6528 632 613 6529 583 1057 6530 630 611 6531 581 566 6532 579 564 6533 626 1058 6534 628 608 6535 579 564 6536 626 1058 6537 577 562 6538 575 558 6539 623 606 6540 575 558 6541 573 559 6542 620 1059 6543 622 603 6544 573 559 6545 620 1059 6546 571 555 6547 569 553 6548 618 601 6549 569 553 6550 567 551 6551 447 434 6552 489 474 6553 1068 1060 6554 489 474 6555 484 473 6556 1070 1062 6557 1071 1063 6558 1070 1062 6559 484 473 6560 487 472 6561 493 479 6562 1072 1064 6563 493 479 6564 490 481 6565 1073 1065 6566 1074 1066 6567 1073 1065 6568 490 481 6569 1075 1067 6570 1074 1066 6571 346 337 6572 349 339 6573 342 336 6574 1076 1068 6575 1077 1069 6576 1076 1068 6577 342 336 6578 355 345 6579 1078 1070 6580 1077 1069 6581 352 341 6582 1079 1071 6583 1078 1070 6584 351 386 6585 1080 1072 6586 1079 1071 6587 397 387 6588 1081 1074 6589 1080 1072 6590 397 387 6591 392 384 6592 1082 1073 6593 1083 1075 6594 1082 1073 6595 392 384 6596 395 383 6597 403 392 6598 1084 1076 6599 403 392 6600 400 394 6601 1085 1077 6602 1086 1078 6603 1085 1077 6604 400 394 6605 399 388 6606 445 432 6607 1087 1079 6608 440 429 6609 1088 1080 6610 1087 1079 6611 1088 1080 6612 440 429 6613 443 431 6614 451 438 6615 1090 1083 6616 1089 1081 6617 448 1082 6618 1091 1084 6619 1090 1083 6620 447 434 6621 1069 1061 6622 1091 1084 6623 1092 1085 6624 1093 1089 6625 1094 1086 6626 1096 1088 6627 1097 1238 6628 1093 1089 6629 1098 1090 6630 1099 1125 6631 1100 1091 6632 1102 1093 6633 1103 1113 6634 1104 1094 6635 1106 1096 6636 1107 1153 6637 1108 1097 6638 1109 1098 6639 1110 1239 6640 1111 1099 6641 1114 1101 6642 1097 1238 6643 1096 1088 6644 1115 1103 6645 1116 1206 6646 1117 1104 6647 1120 1106 6648 1115 1103 6649 1121 1107 6650 1121 1107 6651 1115 1103 6652 1118 1105 6653 1124 1110 6654 1125 1128 6655 1126 1111 6656 1103 1113 6657 1127 1136 6658 1128 1114 6659 1108 1097 6660 1130 1123 6661 1131 1115 6662 1133 1117 6663 1134 1120 6664 1135 1118 6665 1102 1093 6666 1105 1095 6667 1134 1120 6668 1098 1090 6669 1101 1092 6670 1137 1121 6671 1119 1108 6672 1114 1101 6673 1113 1102 6674 1130 1123 6675 1138 1205 6676 1139 1124 6677 1099 1125 6678 1140 1139 6679 1141 1126 6680 1142 1127 6681 1143 1148 6682 1125 1128 6683 1122 1109 6684 1118 1105 6685 1144 1129 6686 1146 1131 6687 1147 1146 6688 1113 1102 6689 1148 1132 6690 1116 1206 6691 1115 1103 6692 1092 1085 6693 1149 1133 6694 1146 1131 6695 1149 1133 6696 1092 1085 6697 1095 1087 6698 1151 1134 6699 1133 1117 6700 1132 1119 6701 1127 1136 6702 1123 1112 6703 1126 1111 6704 1152 1137 6705 1142 1127 6706 1124 1110 6707 1132 1119 6708 1135 1118 6709 1141 1126 6710 1154 1140 6711 1103 1113 6712 1102 1093 6713 1155 1141 6714 1151 1134 6715 1156 1142 6716 1157 1143 6717 1158 1147 6718 1123 1112 6719 1144 1129 6720 1159 1152 6721 1160 1144 6722 1129 1116 6723 1110 1239 6724 1109 1098 6725 1161 1145 6726 1162 1150 6727 1099 1125 6728 1095 1087 6729 1094 1086 6730 1131 1115 6731 1120 1106 6732 1113 1102 6733 1147 1146 6734 1153 1138 6735 1124 1110 6736 1123 1112 6737 1143 1148 6738 1142 1127 6739 1136 1122 6740 1161 1145 6741 1098 1090 6742 1136 1122 6743 1140 1139 6744 1099 1125 6745 1162 1150 6746 1160 1144 6747 1106 1096 6748 1109 1098 6749 1136 1122 6750 1142 1127 6751 1152 1137 6752 1154 1140 6753 1157 1143 6754 1127 1136 6755 1118 1105 6756 1117 1104 6757 1159 1152 6758 1150 1135 6759 1132 1119 6760 1140 1139 6761 1155 1141 6762 1102 1093 6763 1133 1117 6764 1107 1153 6765 1138 1205 6766 1130 1123 6767 1156 1142 6768 1151 1134 6769 1150 1135 6770 1165 1154 6771 1150 1135 6772 1164 1151 6773 1157 1143 6774 1154 1140 6775 1156 1142 6776 1166 1155 6777 1156 1142 6778 1165 1154 6779 1165 1154 6780 1162 1150 6781 1161 1145 6782 1158 1147 6783 1157 1143 6784 1166 1155 6785 1153 1138 6786 1166 1155 6787 1167 1156 6788 1167 1156 6789 1161 1145 6790 1163 1149 6791 1112 1100 6792 1111 1099 6793 1145 1130 6794 1100 1091 6795 1141 1126 6796 1168 1157 6797 1101 1092 6798 1100 1091 6799 1169 1158 6800 1101 1092 6801 1170 1159 6802 1171 1160 6803 1172 1161 6804 1143 1148 6805 1137 1121 6806 1143 1148 6807 1172 1161 6808 1173 1162 6809 1125 1128 6810 1173 1162 6811 1174 1163 6812 1128 1114 6813 1126 1111 6814 1174 1163 6815 1104 1094 6816 1128 1114 6817 1175 1164 6818 1105 1095 6819 1104 1094 6820 1176 1165 6821 1134 1120 6822 1105 1095 6823 1177 1166 6824 1134 1120 6825 1178 1167 6826 1179 1168 6827 1135 1118 6828 1179 1168 6829 1168 1157 6830 1169 1158 6831 1168 1157 6832 1180 1169 6833 1170 1159 6834 1169 1158 6835 1181 1170 6836 1170 1159 6837 1182 1171 6838 1183 1172 6839 1184 1173 6840 1172 1161 6841 1171 1160 6842 1172 1161 6843 1184 1173 6844 1185 1174 6845 1174 1163 6846 1173 1162 6847 1185 1174 6848 1175 1164 6849 1174 1163 6850 1186 1175 6851 1176 1165 6852 1175 1164 6853 1187 1176 6854 1177 1166 6855 1176 1165 6856 1188 1177 6857 1177 1166 6858 1189 1178 6859 1190 1179 6860 1178 1167 6861 1190 1179 6862 1191 1180 6863 1179 1168 6864 1191 1180 6865 1180 1169 6866 1182 1171 6867 1181 1170 6868 1192 1181 6869 1183 1172 6870 1182 1171 6871 1193 1182 6872 1184 1173 6873 1183 1172 6874 1194 1183 6875 1185 1174 6876 1184 1173 6877 1195 1184 6878 1186 1175 6879 1185 1174 6880 1196 1185 6881 1187 1176 6882 1186 1175 6883 1197 1186 6884 1188 1177 6885 1187 1176 6886 1198 1187 6887 1188 1177 6888 1199 1188 6889 1200 1189 6890 1189 1178 6891 1200 1189 6892 1201 1190 6893 1191 1180 6894 1190 1179 6895 1201 1190 6896 1180 1169 6897 1191 1180 6898 1202 1191 6899 1180 1169 6900 1203 1192 6901 1192 1181 6902 1192 1181 6903 1204 1204 6904 1205 1193 6905 1193 1182 6906 1205 1193 6907 1206 1194 6908 1195 1184 6909 1194 1183 6910 1206 1194 6911 1196 1185 6912 1195 1184 6913 1207 1195 6914 1197 1186 6915 1196 1185 6916 1208 1196 6917 1197 1186 6918 1209 1197 6919 1210 1198 6920 1198 1187 6921 1210 1198 6922 1211 1199 6923 1199 1188 6924 1211 1199 6925 1212 1200 6926 1200 1189 6927 1212 1200 6928 1213 1201 6929 1202 1191 6930 1201 1190 6931 1213 1201 6932 1202 1191 6933 1214 1202 6934 1215 1203 6935 1203 1192 6936 1215 1203 6937 1204 1204 6938 1204 1204 6939 1149 1133 6940 1139 1124 6941 1205 1193 6942 1139 1124 6943 1138 1205 6944 1207 1195 6945 1206 1194 6946 1138 1205 6947 1208 1196 6948 1207 1195 6949 1107 1153 6950 1208 1196 6951 1106 1096 6952 1160 1144 6953 1209 1197 6954 1160 1144 6955 1159 1152 6956 1210 1198 6957 1159 1152 6958 1117 1104 6959 1211 1199 6960 1117 1104 6961 1116 1206 6962 1213 1201 6963 1212 1200 6964 1116 1206 6965 1214 1202 6966 1213 1201 6967 1148 1132 6968 1215 1203 6969 1214 1202 6970 1147 1146 6971 1215 1203 6972 1146 1131 6973 1149 1133 6974 1045 1029 6975 953 935 6976 1044 1027 6977 1042 1026 6978 1041 1024 6979 1066 1049 6980 1064 1046 6981 1065 1048 6982 991 975 6983 1216 1207 6984 1217 1208 6985 901 882 6986 1217 1208 6987 1218 1209 6988 900 880 6989 897 881 6990 900 880 6991 1218 1209 6992 1219 1210 6993 1220 1211 6994 943 924 6995 1220 1211 6996 1221 1231 6997 942 922 6998 942 922 6999 1221 1231 7000 1222 1212 7001 1222 1212 7002 1223 1214 7003 937 918 7004 1224 1213 7005 935 916 7006 937 918 7007 1224 1213 7008 1225 1215 7009 933 914 7010 1225 1215 7011 1226 1216 7012 931 912 7013 1226 1216 7014 1227 1217 7015 930 910 7016 927 908 7017 930 910 7018 1227 1217 7019 1228 1218 7020 1229 1219 7021 925 905 7022 1229 1219 7023 1230 1220 7024 924 904 7025 922 902 7026 924 904 7027 1230 1220 7028 919 901 7029 922 902 7030 1231 1221 7031 1232 1222 7032 1233 1230 7033 918 899 7034 918 899 7035 1233 1230 7036 1234 1223 7037 1235 1224 7038 913 895 7039 915 897 7040 1236 1225 7041 911 893 7042 913 895 7043 1237 1226 7044 909 891 7045 911 893 7046 1238 1227 7047 907 888 7048 909 891 7049 1238 1227 7050 1239 1229 7051 906 1228 7052 903 885 7053 906 1228 7054 1239 1229 7055 1002 986 7056 904 886 7057 902 884 7058 1000 984 7059 902 884 7060 899 883 7061 995 980 7062 998 979 7063 899 883 7064 996 977 7065 995 980 7066 898 879 7067 1040 1022 7068 996 977 7069 944 925 7070 1038 1020 7071 1040 1022 7072 941 923 7073 1036 1018 7074 1038 1020 7075 940 921 7076 1034 1016 7077 1036 1018 7078 938 919 7079 1032 1014 7080 1034 1016 7081 936 917 7082 1030 1011 7083 1032 1014 7084 934 915 7085 1028 1012 7086 1030 1011 7087 932 913 7088 1026 1010 7089 1028 1012 7090 929 911 7091 1026 1010 7092 928 909 7093 926 907 7094 1024 1008 7095 926 907 7096 923 906 7097 1022 1006 7098 923 906 7099 921 903 7100 1020 1004 7101 921 903 7102 920 900 7103 1018 1002 7104 920 900 7105 917 898 7106 1014 996 7107 1016 998 7108 917 898 7109 1012 993 7110 1014 996 7111 916 896 7112 1012 993 7113 914 894 7114 912 892 7115 1010 994 7116 912 892 7117 910 890 7118 1006 990 7119 1008 992 7120 910 890 7121 1004 988 7122 1006 990 7123 908 889 7124 1004 988 7125 905 887 7126 904 886 7127 954 938 7128 1001 983 7129 999 981 7130 952 936 7131 999 981 7132 997 982 7133 950 934 7134 997 982 7135 994 976 7136 947 932 7137 994 976 7138 993 978 7139 992 974 7140 948 929 7141 993 978 7142 990 972 7143 992 974 7144 1039 1023 7145 988 970 7146 990 972 7147 1037 1021 7148 986 967 7149 988 970 7150 1035 1019 7151 984 968 7152 986 967 7153 1033 1017 7154 982 966 7155 984 968 7156 1031 1015 7157 980 964 7158 982 966 7159 1029 1013 7160 980 964 7161 1027 1009 7162 1025 1007 7163 978 962 7164 1025 1007 7165 1023 1005 7166 976 960 7167 1023 1005 7168 1021 1003 7169 974 958 7170 1021 1003 7171 1019 1001 7172 972 954 7173 1019 1001 7174 1017 999 7175 968 950 7176 970 952 7177 1017 999 7178 966 948 7179 968 950 7180 1015 1000 7181 964 946 7182 966 948 7183 1013 997 7184 962 944 7185 964 946 7186 1011 995 7187 960 942 7188 962 944 7189 1009 991 7190 958 939 7191 960 942 7192 1007 989 7193 956 940 7194 958 939 7195 1005 987 7196 956 940 7197 1003 985 7198 1001 983 7199 1083 1075 7200 1084 1076 7201 1217 1208 7202 1216 1207 7203 1239 1229 7204 1082 1073 7205 1081 1074 7206 1082 1073 7207 1239 1229 7208 1081 1074 7209 1238 1227 7210 1237 1226 7211 1080 1072 7212 1237 1226 7213 1236 1225 7214 1079 1071 7215 1236 1225 7216 1235 1224 7217 1078 1070 7218 1235 1224 7219 1234 1223 7220 1234 1223 7221 1233 1230 7222 1076 1068 7223 1075 1067 7224 1076 1068 7225 1233 1230 7226 1232 1222 7227 1231 1221 7228 1074 1066 7229 1231 1221 7230 1230 1220 7231 1073 1065 7232 1072 1064 7233 1073 1065 7234 1230 1220 7235 1071 1063 7236 1072 1064 7237 1229 1219 7238 1228 1218 7239 1227 1217 7240 1070 1062 7241 1068 1060 7242 1070 1062 7243 1227 1217 7244 1069 1061 7245 1068 1060 7246 1226 1216 7247 1069 1061 7248 1225 1215 7249 1224 1213 7250 1091 1084 7251 1224 1213 7252 1223 1214 7253 1090 1083 7254 1223 1214 7255 1222 1212 7256 1221 1231 7257 1088 1080 7258 1089 1081 7259 1088 1080 7260 1221 1231 7261 1220 1211 7262 1086 1078 7263 1087 1079 7264 1220 1211 7265 1085 1077 7266 1086 1078 7267 1219 1210 7268 1084 1076 7269 1085 1077 7270 1218 1209 7271 415 406 7272 412 401 7273 381 368 7274 380 1232 7275 387 375 7276 388 377 7277 387 375 7278 380 1232 7279 382 374 7280 374 363 7281 385 372 7282 382 374 7283 362 370 7284 361 349 7285 372 359 7286 365 352 7287 370 356 7288 372 359 7289 371 357 7290 370 356 7291 365 352 7292 513 502 7293 519 506 7294 371 357 7295 519 506 7296 513 502 7297 514 500 7298 517 505 7299 514 500 7300 501 487 7301 501 487 7302 500 486 7303 507 1233 7304 507 1233 7305 500 486 7306 502 488 7307 505 492 7308 502 488 7309 473 458 7310 472 1234 7311 479 464 7312 480 467 7313 479 464 7314 472 1234 7315 474 463 7316 466 452 7317 477 461 7318 474 463 7319 459 444 7320 458 443 7321 465 450 7322 463 446 7323 465 450 7324 458 443 7325 432 421 7326 463 446 7327 460 448 7328 425 414 7329 424 1236 7330 431 1235 7331 429 420 7332 431 1235 7333 424 1236 7334 418 409 7335 429 420 7336 426 418 7337 410 399 7338 417 407 7339 418 409 7340 417 407 7341 410 399 7342 412 401 7343</p>
        </triangles>
      </mesh>
    </geometry>
  </library_geometries>
  <library_visual_scenes>
    <visual_scene id="Scene" name="Scene">
      <node id="Can_Beverage_Damaged_03_002" name="Can_Beverage_Damaged_03.002" type="NODE">
        <matrix sid="transform">1 0 0 8.55583 0 1 0 -1.420517 0 0 1 0 0 0 0 1</matrix>
        <instance_geometry url="#Can_Beverage_Damaged_03_002-mesh" name="Can_Beverage_Damaged_03.002">
          <bind_material>
            <technique_common>
              <instance_material symbol="AK_Can_Beverage_Damaged_01_D-material" target="#AK_Can_Beverage_Damaged_01_D-material">
                <bind_vertex_input semantic="UVMap" input_semantic="TEXCOORD" input_set="0"/>
              </instance_material>
            </technique_common>
          </bind_material>
        </instance_geometry>
      </node>
    </visual_scene>
  </library_visual_scenes>
  <scene>
    <instance_visual_scene url="#Scene"/>
  </scene>
</COLLADA>