<?xml version="1.0" encoding="utf-8"?>
<COLLADA xmlns="http://www.collada.org/2005/11/COLLADASchema" version="1.4.1" xmlns:xsi="http://www.w3.org/2001/XMLSchema-instance">
  <asset>
    <contributor>
      <author>Blender User</author>
      <authoring_tool>Blender 3.0.1</authoring_tool>
    </contributor>
    <created>2026-07-31T12:34:46</created>
    <modified>2026-07-31T12:34:46</modified>
    <unit name="meter" meter="1"/>
    <up_axis>Z_UP</up_axis>
  </asset>
  <library_effects>
    <effect id="AK_Can_Food_Damaged_LableB-effect">
      <profile_COMMON>
        <newparam sid="Can_Food_Damaged_LabelB_BaseColor_jpg_001-surface">
          <surface type="2D">
            <init_from>Can_Food_Damaged_LabelB_BaseColor_jpg_001</init_from>
          </surface>
        </newparam>
        <newparam sid="Can_Food_Damaged_LabelB_BaseColor_jpg_001-sampler">
          <sampler2D>
            <source>Can_Food_Damaged_LabelB_BaseColor_jpg_001-surface</source>
          </sampler2D>
        </newparam>
        <technique sid="common">
          <lambert>
            <emission>
              <color sid="emission">0 0 0 1</color>
            </emission>
            <diffuse>
              <texture texture="Can_Food_Damaged_LabelB_BaseColor_jpg_001-sampler" texcoord="UVMap"/>
            </diffuse>
            <reflectivity>
              <float sid="specular">0.8166667</float>
            </reflectivity>
            <index_of_refraction>
              <float sid="ior">1.45</float>
            </index_of_refraction>
          </lambert>
        </technique>
      </profile_COMMON>
    </effect>
  </library_effects>
  <library_images>
    <image id="Can_Food_Damaged_LabelB_BaseColor_jpg_001" name="Can_Food_Damaged_LabelB_BaseColor.jpg">
      <init_from>../materials/textures/Can_Food_Damaged_LabelB_BaseColor.jpg</init_from>
    </image>
  </library_images>
  <library_materials>
    <material id="AK_Can_Food_Damaged_LableB-material" name="AK_Can_Food_Damaged_LableB">
      <instance_effect url="#AK_Can_Food_Damaged_LableB-effect"/>
    </material>
  </library_materials>
  <library_geometries>
    <geometry id="Can_Food_Damaged_LableB_001-mesh" name="Can_Food_Damaged_LableB.001">
      <mesh>
        <source id="Can_Food_Damaged_LableB_001-mesh-positions">
          <float_array id="Can_Food_Damaged_LableB_001-mesh-positions-array" count="4326">0.02000302 -0.02789455 0.005476117 0.02042025 -0.02833998 0.009656012 0.02517461 -0.02367514 0.009184062 0.02462792 -0.02333253 0.004888057 0.02893865 -0.01800507 0.009150326 0.02826523 -0.01808536 0.004503428 0.03149425 -0.01149469 0.009829282 0.03074854 -0.01224875 0.004358649 0.03276854 -0.003927826 0.01191741 0.03201192 -0.005857169 0.004685699 0.03259629 0.003090858 0.01320058 0.03201395 0.001100182 0.005975544 0.03144246 0.007853269 0.01186728 0.03069561 0.007204353 0.006569623 0.02900892 0.01215428 0.01050817 0.02808201 0.01212596 0.006328225 0.02432531 0.01814538 0.01022082 0.02426105 0.01702964 0.006475925 0.02156299 0.02024745 0.01245254 0.02012866 0.02025032 0.007391273 0.01363027 0.0216735 0.01160496 0.01359885 0.02240139 0.007463574 0.00729531 0.0209074 0.01221406 0.007512152 0.02291512 0.008028984 7.92641e-4 0.02055311 0.01278269 0.001272499 0.02333432 0.008532226 -0.005170404 0.02125263 0.01315325 -0.004731655 0.02403903 0.008970022 -0.01024651 0.02185589 0.01321732 -0.01023608 0.02442938 0.009049057 -0.01509779 0.02172809 0.01293545 -0.01558953 0.02388221 0.008856534 -0.0201289 0.02052521 0.01275867 -0.02079528 0.02198189 0.008749783 0.01457434 -0.03146302 0.006119728 0.01492196 -0.03189939 0.01028263 0.008560359 -0.03387123 0.006674349 0.008923888 -0.03432977 0.01086181 0.002191066 -0.03505969 0.007179558 0.002637267 -0.03557819 0.01140356 -0.004308998 -0.0349546 0.007709145 -0.003820061 -0.03551614 0.01195234 -0.01069515 -0.03355926 0.008189797 -0.01033133 -0.03412055 0.01255172 -0.01674932 -0.03096181 0.008542656 -0.01678496 -0.0314725 0.01336377 -0.02250117 -0.02726399 0.008900761 -0.02313256 -0.0279262 0.01427739 -0.0274167 -0.02276855 0.008944332 -0.0274477 -0.02403867 0.01359707 -0.03111994 -0.01734358 0.008880615 -0.03114408 -0.01843225 0.01346331 -0.03338986 -0.0110616 0.008879601 -0.03381168 -0.01174175 0.01364344 -0.0343427 -0.004388153 0.008776485 -0.03546744 -0.004519224 0.01323395 -0.03418648 0.002079427 0.009089469 -0.03530824 0.002092659 0.01370841 -0.03258883 0.008615553 0.008820712 -0.03356558 0.008262395 0.01404476 -0.0296275 0.01439905 0.008649945 -0.03002393 0.01405727 0.01327782 -0.02558618 0.01878356 0.008745014 -0.02526897 0.0181095 0.01284384 0.02123153 -0.02658212 0.1038442 0.02159225 -0.02705675 0.1089226 0.02647501 -0.02230817 0.1089299 0.02609556 -0.02182281 0.1037259 0.01561188 -0.03024858 0.1038535 0.01586973 -0.030757 0.1089017 0.009463906 -0.03278988 0.1038503 0.009560942 -0.03327351 0.108888 0.002963542 -0.03404003 0.103728 0.002895593 -0.034505 0.1088079 -0.003761708 -0.03379154 0.1031062 -0.003894865 -0.03431528 0.1084125 -0.0104739 -0.03195422 0.1020731 -0.01054096 -0.03269457 0.1077305 -0.01659208 -0.02900731 0.1014648 -0.01677906 -0.02971881 0.1069191 -0.02210366 -0.02508068 0.1008135 -0.02245134 -0.02564758 0.1062611 -0.02684664 -0.02024668 0.1000797 -0.02725726 -0.02054601 0.105576 -0.03043276 -0.0147534 0.1000432 -0.03094434 -0.01468116 0.1049245 -0.03282743 -0.008585214 0.1001815 -0.03341811 -0.008411705 0.1049009 -0.03390985 -0.002024173 0.1000713 -0.03459006 -0.001792073 0.1049501 -0.03379076 0.004604816 0.1000643 -0.0345627 0.004821896 0.105163 -0.03252279 0.01150709 0.1003996 -0.03326952 0.01115566 0.1052562 -0.03032785 0.01718235 0.1003047 -0.03063338 0.0169866 0.105254 -0.02726757 0.02128863 0.1000188 -0.02681744 0.02220678 0.105446 -0.02170842 0.02584737 0.1005244 -0.02179366 0.02667534 0.1057631 -0.01564759 0.02929222 0.1012121 -0.01599436 0.03004735 0.1061832 -0.009610772 0.0317713 0.1018654 -0.009889006 0.03270858 0.1069746 -0.003803312 0.03342723 0.1026014 -0.003808498 0.0342009 0.1079849 0.001706779 0.03361266 0.103575 0.002046883 0.03433257 0.108988 0.006739318 0.03273403 0.1045776 0.007643699 0.03312575 0.1098334 0.01137357 0.03027528 0.1052073 0.01293975 0.03032046 0.1101462 0.01610034 0.02562069 0.1048957 0.01794874 0.02588695 0.109703 0.02057266 0.02008318 0.104245 0.02257132 0.02050858 0.1090781 0.02475428 0.01439398 0.1040819 0.02672576 0.01490807 0.1089691 0.02849906 0.00868386 0.1046261 0.03017759 0.009300053 0.1094866 0.03139436 0.002350807 0.1049656 0.03252577 0.003208935 0.1098222 0.03259903 -0.003953099 0.1041665 0.03343707 -0.003668367 0.1093568 0.0321201 -0.009890794 0.1035711 0.03277707 -0.01041233 0.1090974 0.02988493 -0.01603323 0.1034659 0.03030598 -0.01670271 0.1089625 0.02087759 -0.02751129 0.02259898 0.02584677 -0.02251118 0.0229637 0.01579469 -0.0312525 0.02310734 0.01085466 -0.03364592 0.02374595 0.005647063 -0.03496831 0.02432626 9.00328e-5 -0.03513216 0.02498567 -0.009851455 -0.03271621 0.02968281 -0.01422172 -0.03144109 0.02942144 -0.01655364 -0.03073585 0.02764856 -0.01897513 -0.02940398 0.02597361 -0.02296841 -0.02139198 0.02626514 -0.02681529 -0.01253974 0.0261895 -0.0313853 -0.003901183 0.02437335 -0.03320717 0.004787743 0.02282744 -0.03149062 0.01048487 0.02402496 -0.02900493 0.01473617 0.02600634 -0.02618223 0.01887756 0.02777129 -0.0207051 0.02380102 0.02825814 -0.01539003 0.02652686 0.02766817 -0.01065325 0.02787256 0.02700781 -0.005685567 0.02803641 0.02628499 5.4054e-6 0.02698802 0.02546191 0.006837844 0.02554321 0.02514511 0.01280397 0.02380234 0.02490007 0.01660132 0.0218265 0.02278929 0.02111244 0.01648133 0.0220943 0.03019714 0.006925165 0.0185576 0.03239625 0.001540362 0.0197227 0.03273826 -0.002423584 0.02185547 0.03260934 -0.005830407 0.02392607 0.03214699 -0.009267389 0.02575719 0.03040301 -0.0150606 0.02549815 -0.02406328 0.02444076 0.08630049 -0.02727872 0.02240496 0.08690053 -0.01474148 0.02759903 0.08803683 -0.008708834 0.03053325 0.08832615 -0.002994 0.03302747 0.08821892 6.79331e-4 0.03314626 0.0897662 0.003824293 0.03221768 0.09143042 0.007184565 0.02970707 0.09211671 0.01105999 0.02465128 0.09176993 0.01524466 0.01858329 0.09143072 0.01950198 0.01233816 0.09108036 0.02406489 0.005450069 0.09111702 0.02950608 -0.002832233 0.09203517 0.03126788 -0.007544219 0.09097516 0.031313 -0.01062792 0.08912992 0.03050285 -0.01383787 0.08757001 0.0263071 -0.0210579 0.08946079 0.02121871 -0.02615475 0.09016543 0.01576119 -0.0296784 0.09032815 0.01016885 -0.03251844 0.09048134 0.004351198 -0.03414255 0.09041714 -0.002207577 -0.03389221 0.08906334 -0.01031279 -0.03113335 0.08465838 -0.014813 -0.02893447 0.08601295 -0.01862573 -0.0264073 0.0876612 -0.02179533 -0.0231375 0.08865052 -0.02473694 -0.01788443 0.08869212 -0.02646052 -0.00998634 0.08585512 -0.02853405 -0.002795636 0.0844711 -0.0306701 0.004263699 0.08601456 -0.030092 0.01509392 0.08879804 -0.0287463 0.0203197 0.08849793 -0.02255904 0.02813839 0.0723533 -0.02440434 0.02625381 0.07318538 -0.01818501 0.03025579 0.0726363 -0.01134979 0.03279644 0.07337063 -0.006838321 0.03370702 0.07404643 -0.004265964 0.03330367 0.07512801 -0.00209254 0.03141963 0.0757693 0.001358807 0.02604162 0.07474988 0.004788815 0.01943862 0.07349121 0.008729934 0.01262414 0.07244718 0.01349306 0.005681633 0.07203084 0.01860827 -0.001090168 0.07239681 0.02394026 -0.008181333 0.07323449 0.02824503 -0.01555192 0.07414293 0.02867406 -0.01811343 0.07318669 0.02833473 -0.01990848 0.07214814 0.02728092 -0.02172821 0.07156187 0.02408015 -0.02423423 0.07172149 0.0172559 -0.02802312 0.0733326 0.01251709 -0.03185707 0.07393312 0.0081712 -0.03435868 0.07375031 0.002705931 -0.03422945 0.07221186 -0.001198172 -0.03311842 0.07307231 -0.003879129 -0.03228276 0.07509773 -0.00630939 -0.03141653 0.07715994 -0.008906662 -0.02992832 0.07915359 -0.01213741 -0.02301818 0.07975876 -0.01884144 -0.01312154 0.07972371 -0.02340543 -0.004760742 0.07863587 -0.02627909 0.004610598 0.07655763 -0.02661544 0.01378297 0.07500702 -0.02557247 0.02292358 0.07453835 -0.02121496 0.02991396 0.05611175 -0.02218693 0.0290386 0.05643612 -0.0194028 0.03043615 0.05612289 -0.01412701 0.03069514 0.05707317 -0.007004261 0.03090745 0.05721336 -0.004499793 0.03086233 0.05737471 -0.003085136 0.029495 0.05752235 -0.001137018 0.02539914 0.05732774 0.002110958 0.01678502 0.05697178 0.006496071 0.008793294 0.05703264 0.012461 0.001939952 0.05701369 0.01819747 -0.004146814 0.05623233 0.02299588 -0.01054906 0.0553652 0.02654808 -0.01785939 0.05489575 0.02736943 -0.02058631 0.05495899 0.02735859 -0.02185893 0.05530321 0.0267964 -0.02292662 0.05573612 0.02511394 -0.02435022 0.05622172 0.02061265 -0.02722758 0.05670636 0.0142222 -0.03248035 0.05729347 0.01025867 -0.03496181 0.05822843 0.008673548 -0.03536117 0.05926012 0.007589042 -0.03529512 0.06028312 0.006625652 -0.0349819 0.06129485 0.005479216 -0.03432601 0.06234788 0.002911746 -0.03196907 0.06402397 -0.001517415 -0.02203595 0.06270051 -0.006463646 -0.01405483 0.06187605 -0.01196688 -0.00566101 0.06149768 -0.01896762 0.003513336 0.06050264 -0.02244931 0.01195937 0.0589652 -0.02309322 0.02347183 0.05755972 -0.02236002 0.02672594 0.03846669 -0.02429395 0.02537184 0.03863549 -0.01894181 0.02719813 0.03877186 -0.01203536 0.0286346 0.03915625 -0.007386982 0.03084796 0.03953623 -0.002589643 0.03072762 0.04100245 8.107e-4 0.02919334 0.04075485 0.003622889 0.02660489 0.03886556 0.008377552 0.01763552 0.03980267 0.01227325 0.01088124 0.04002666 0.01648271 0.004236936 0.03986454 0.02129352 -0.002072036 0.0386542 0.02760726 -0.01009625 0.03573107 0.02919447 -0.01468306 0.03579807 0.02907431 -0.01740837 0.03723055 0.02848076 -0.01990443 0.03826862 0.02696788 -0.02248352 0.03893625 0.02340799 -0.02552574 0.03934192 0.01824462 -0.02970725 0.03962618 0.01430529 -0.0331459 0.04029542 0.01161468 -0.03458333 0.04117047 0.008054196 -0.034873 0.04245537 0.002771139 -0.03384214 0.0444445 -1.2812e-4 -0.0328927 0.04495173 -0.001559019 -0.0322557 0.0445581 -0.002957344 -0.03137367 0.04373222 -0.006836831 -0.02166491 0.04483717 -0.01111382 -0.01374095 0.04451382 -0.01660448 -0.005173742 0.04374766 -0.02263617 0.003125131 0.04296666 -0.02551352 0.01156175 0.04147088 -0.02572834 0.02140861 0.03908985 0.02357834 -0.02259612 0.004538178 0.01913487 -0.02691394 0.005121171 0.02708262 -0.01763057 0.004186689 0.02946215 -0.01203888 0.004029035 0.0306769 -0.005992293 0.004229187 0.03078281 5.54939e-4 0.005407691 0.0295934 0.006510436 0.006317734 0.02695286 0.01123446 0.006303966 0.02316975 0.01582348 0.0065701 0.0188468 0.01901268 0.007411479 0.01280939 0.02072143 0.007726609 0.006913244 0.02123397 0.008164405 7.91535e-4 0.02173924 0.008532226 -0.004706442 0.02248197 0.009007155 -0.009964585 0.02278381 0.009289622 -0.01507616 0.02232515 0.009132206 -0.02005386 0.02062326 0.008960664 0.0139361 -0.03037804 0.005809247 0.00816977 -0.03275954 0.00641191 0.0020442 -0.03392773 0.00693953 -0.004213273 -0.03382599 0.007457315 -0.01035708 -0.03247576 0.007914185 -0.01616185 -0.02997386 0.008243739 -0.02161353 -0.02642762 0.008538305 -0.0263229 -0.02207726 0.008573353 -0.02984982 -0.01679795 0.008445441 -0.03200501 -0.01072514 0.008338749 -0.03292196 -0.004348814 0.008264362 -0.0328682 0.001838922 0.008676111 -0.03134125 0.007997393 0.00870943 -0.02847391 0.01346075 0.008724153 -0.02463024 0.01763999 0.008872926 0.02031832 -0.02071046 0.004785418 0.01450276 -0.0178889 0.005832135 0.01151722 -0.02048021 0.006021201 0.0164113 -0.0241959 0.005222022 0.02335989 -0.01645433 0.004655241 0.01647913 -0.01454931 0.006097435 0.02539718 -0.01156663 0.004613161 0.01784139 -0.01105654 0.006345868 0.02639311 -0.006442606 0.004868686 0.01827609 -0.007622778 0.006850004 0.02657097 -0.001039981 0.006040513 0.0179485 -0.004304707 0.007522404 0.02573096 0.00403434 0.007264375 0.01667666 -0.001182734 0.008316099 0.02315127 0.008028268 0.007644832 0.01466453 0.001708865 0.008924841 0.0191133 0.01132613 0.008117973 0.01154607 0.003846287 0.009334921 0.01463049 0.01392388 0.008763372 0.007795035 0.005347371 0.009254515 0.01013827 0.01564645 0.009190142 0.004879891 0.006636083 0.009802699 0.005139052 0.01652401 0.009375512 0.002118766 0.008006274 0.0106253 -4.78512e-4 0.01713407 0.009743452 -0.001730203 0.008762121 0.012147 -0.004589915 0.01799678 0.01043838 -0.005049169 0.00991261 0.01313292 -0.009238958 0.01818472 0.01120936 -0.008407413 0.0102995 0.01351612 -0.0137102 0.01776945 0.01109033 -0.01172596 0.01005756 0.01316416 -0.01795643 0.01636177 0.01067256 -0.01464462 0.008786618 0.01245832 0.008198559 -0.02239751 0.006435513 0.01187932 -0.02709364 0.005985558 0.004450738 -0.02340859 0.007152497 0.006879091 -0.02923345 0.006768763 5.36432e-4 -0.02397698 0.00771445 0.001531362 -0.03028964 0.007405161 -0.003533482 -0.02383029 0.008352696 -0.003960549 -0.03023147 0.007905006 -0.007444679 -0.02327573 0.008841872 -0.009329974 -0.0290966 0.00830245 -0.01107555 -0.02179151 0.009562909 -0.01437407 -0.02697527 0.008656859 -0.01449549 -0.01954925 0.0103057 -0.01907801 -0.02392292 0.009022474 -0.01737242 -0.01652884 0.01079452 -0.02318704 -0.0200656 0.009184539 -0.01978683 -0.01310795 0.0105462 -0.02624815 -0.01537543 0.00900042 -0.02147102 -0.009228885 0.009858191 -0.02816611 -0.01007348 0.008742392 -0.0222215 -0.005402565 0.00940448 -0.02887076 -0.004674196 0.00867629 -0.02154737 -0.002156496 0.009586215 -0.02873557 5.63066e-4 0.009051084 -0.020253 9.29809e-4 0.01014971 -0.02734833 0.005610525 0.009525358 -0.01869672 0.003928542 0.01096647 -0.02490162 0.01016283 0.009931206 -0.01699572 0.006758928 0.01170653 -0.02178102 0.01381945 0.01029711 0.008982658 -0.01489758 0.008310973 0.00560528 -0.01595669 0.009397149 0.00844407 -0.01248216 0.008930623 0.01064193 -0.01083707 0.008256137 0.008845567 -0.008990645 0.009160101 0.01014631 -0.006845176 0.008924424 0.007604598 -0.005576372 0.009884953 0.007883608 -0.003052353 0.009853959 0.004832804 -0.002409338 0.01081424 0.003999054 2.67417e-4 0.01053667 9.47407e-4 -8.30531e-5 0.01220965 -4.6903e-4 0.002106308 0.01286387 -0.003146886 0.001107871 0.0142368 -0.005339384 0.00294739 0.01470232 -0.007415354 0.001389503 0.01470613 -0.01010406 0.002899587 0.01411211 -0.01141303 9.51022e-4 0.01343303 0.004683434 -0.0184549 0.008769631 0.00150305 -0.01811051 0.009757161 -4.02149e-4 -0.01964813 0.009343564 -0.003169476 -0.01819986 0.0105527 -0.005780458 -0.01874887 0.01056623 -0.007722258 -0.01649814 0.01185834 -0.01061707 -0.01585739 0.01210951 -0.01151138 -0.0133171 0.01270216 -0.01425921 -0.0116539 0.01217722 -0.01433116 -0.008994162 0.01185822 -0.01702302 -0.005832493 0.01064288 -0.01561081 -0.00399065 0.01102554 -0.01620674 -0.001464664 0.01095372 -0.01408851 -8.73454e-4 0.01194536 -0.01391321 0.001550197 0.01241141 -0.003706395 -0.008595168 0.01294028 0.0210995 -0.0292263 0.005219459 0.02597504 -0.02444326 0.004618883 0.02591592 -0.02428126 0.009145021 0.02102333 -0.02907973 0.009624183 0.02980059 -0.0188772 0.004217386 0.02978855 -0.01843529 0.009115576 0.03240573 -0.01271176 0.004091978 0.0323643 -0.01175254 0.009785294 0.0336644 -0.006012737 0.004435658 0.03344619 -0.004007875 0.01188886 0.03351008 0.001253902 0.005675256 0.03303003 0.003147423 0.01318228 0.03207403 0.007666528 0.006170153 0.03187179 0.008054018 0.01183241 0.02945995 0.01296591 0.005928158 0.02955651 0.01254004 0.01049751 0.02544218 0.01803106 0.006029665 0.02469271 0.01845663 0.01017916 0.021021 0.02155417 0.00683701 0.02178072 0.020469 0.01240187 0.01450997 0.0243591 0.006929755 0.0140717 0.02259874 0.01157671 0.008140206 0.02517092 0.007521629 0.007561624 0.0217778 0.01216042 0.001612007 0.02572053 0.008056879 9.04934e-4 0.02131146 0.01273083 -0.004726409 0.02648317 0.008451879 -0.005175888 0.02208095 0.01308476 -0.01065039 0.0267331 0.008488535 -0.01039779 0.02275973 0.01312762 -0.01641458 0.02592492 0.008299589 -0.01543617 0.02264273 0.012829 -0.02194011 0.02370148 0.008221507 -0.02066576 0.02138471 0.01264655 0.01537162 -0.03273671 0.01025515 0.0153796 -0.03295129 0.005871832 0.009207487 -0.03523522 0.01083624 0.00905168 -0.03547757 0.006439805 0.00273776 -0.03652173 0.01138222 0.002353668 -0.03672993 0.006956458 -0.003911554 -0.03646004 0.01194357 -0.004482448 -0.03662204 0.007498204 -0.01060283 -0.03502684 0.01255816 -0.01119881 -0.03515553 0.007988333 -0.0171712 -0.03223776 0.01336687 -0.01756799 -0.0324285 0.008350193 -0.02359843 -0.02850502 0.01427215 -0.02360343 -0.02853155 0.008711993 -0.02801322 -0.02449661 0.01359885 -0.02878707 -0.023804 0.008771657 -0.03195279 -0.0188499 0.01353985 -0.03273808 -0.01813846 0.008762598 -0.03469502 -0.0120235 0.01371759 -0.03514075 -0.0115478 0.008766889 -0.0362603 -0.0046373 0.01323491 -0.03604483 -0.004511535 0.008600175 -0.03597974 0.002139151 0.01366841 -0.03575867 0.002319812 0.008817076 -0.03424948 0.008519589 0.01396119 -0.03418695 0.009298622 0.008351683 -0.03079646 0.01459711 0.01314586 -0.03119301 0.01541173 0.008185088 -0.02598673 0.01884359 0.01273947 -0.02696639 0.02014464 0.008257448 0.03085821 -0.01700562 0.1088643 0.03339946 -0.01062631 0.1090232 0.03349202 -0.01065725 0.109401 0.03096377 -0.01706278 0.1092756 0.02695441 -0.02270936 0.108831 0.02704405 -0.0227847 0.1092429 0.02198618 -0.02754956 0.1088293 0.02205121 -0.02762967 0.1092275 0.01617109 -0.03133046 0.1088272 0.01618891 -0.03137791 0.1091705 0.009746551 -0.03389585 0.1088185 0.009748101 -0.03393858 0.1091485 0.002950072 -0.03513574 0.1087319 0.002954602 -0.03523808 0.1091266 -0.003971457 -0.03494298 0.1083568 -0.003979742 -0.03505241 0.1087588 -0.01074081 -0.03329795 0.1076817 -0.01074022 -0.0333507 0.1080495 -0.01708257 -0.03026032 0.1068756 -0.01703459 -0.03021949 0.1071748 -0.02284437 -0.02611035 0.106218 -0.02284568 -0.02611434 0.106552 -0.02775621 -0.0209372 0.1055384 -0.02779829 -0.02099579 0.1059194 -0.03155875 -0.01498234 0.1050075 -0.03155225 -0.01499956 0.1052458 -0.0340864 -0.008581519 0.105005 -0.03407359 -0.008581519 0.1052209 -0.03527653 -0.001838088 0.105067 -0.03518271 -0.00183022 0.1052426 -0.03518378 0.004882633 0.1051533 -0.03507328 0.004885554 0.1053984 -0.03383809 0.01132768 0.1052005 -0.03375756 0.01133465 0.1054973 -0.03113913 0.01729393 0.1052271 -0.03105956 0.0173164 0.1055298 -0.02725976 0.02262389 0.1054239 -0.0273016 0.02271592 0.1058171 -0.02216762 0.02716106 0.105694 -0.02223539 0.02724272 0.1060913 -0.01626586 0.03057581 0.1061 -0.01624321 0.030559 0.1064016 -0.01006013 0.03329378 0.1069155 -0.01002824 0.03332245 0.1072207 -0.003848135 0.03459262 0.1079377 -0.003812432 0.03462916 0.1082751 0.002109766 0.03468549 0.1089543 0.002162933 0.03468811 0.1092756 0.007852375 0.03365314 0.1098209 0.007902383 0.03358447 0.110089 0.01327437 0.03085774 0.1101623 0.01334917 0.03082054 0.1104214 0.0183773 0.02636569 0.1096695 0.01853394 0.02640861 0.1100266 0.02306121 0.02089905 0.108972 0.02326112 0.02095538 0.1093842 0.0272814 0.0152117 0.1088506 0.0274778 0.01525652 0.1092667 0.03079557 0.009514212 0.1093845 0.03090924 0.009536445 0.1097452 0.03317099 0.003289163 0.1097142 0.03316277 0.003306984 0.1100024 0.03412586 -0.003750741 0.1093012 0.03410029 -0.003736674 0.1095629 0.03045755 -0.01677918 0.1082754 0.03294742 -0.01045048 0.1084264 0.03312873 -0.01054126 0.1089676 0.03060901 -0.0168693 0.1087946 0.0329504 -0.01048868 0.1106337 0.0305072 -0.01681029 0.1105628 0.03070563 -0.01691889 0.1106852 0.03314805 -0.0105521 0.1107287 0.02660912 -0.02241849 0.1082447 0.02673888 -0.02252781 0.1087589 0.02664232 -0.02244591 0.1105248 0.0268138 -0.0225901 0.1106483 0.02170401 -0.02719682 0.1082429 0.02181041 -0.02732986 0.1087574 0.02169555 -0.02718144 0.1104572 0.02182114 -0.02733612 0.1105546 0.01596421 -0.03093147 0.1082432 0.0160427 -0.03108263 0.1087574 0.01582634 -0.03072911 0.1102117 0.01586616 -0.03083062 0.1102148 0.009622156 -0.0334652 0.1082352 0.009669721 -0.03362905 0.1087496 0.009506642 -0.03322887 0.1101639 0.009518504 -0.03333842 0.1101564 0.002911448 -0.03468394 0.1081364 0.002926111 -0.03485393 0.1086533 0.002895474 -0.03467309 0.110296 0.002905905 -0.0348764 0.1103958 -0.003921866 -0.03448987 0.1077451 -0.003940582 -0.03465974 0.1082665 -0.003901302 -0.03451484 0.1098409 -0.00391817 -0.03472465 0.1099515 -0.01061743 -0.03288227 0.1070729 -0.0106669 -0.03304237 0.1075948 -0.01052004 -0.03274434 0.1091358 -0.01054251 -0.03287029 0.1091914 -0.01692247 -0.02994102 0.1063131 -0.01699542 -0.03007799 0.1068259 -0.01666676 -0.02961069 0.1081972 -0.01667886 -0.02966594 0.1082271 -0.02259236 -0.02581107 0.1056305 -0.02269494 -0.02593302 0.1061448 -0.02241611 -0.02562654 0.1075081 -0.02247768 -0.02570104 0.1075606 -0.02743899 -0.02064317 0.1048789 -0.02754944 -0.02076554 0.105453 -0.02727222 -0.0206319 0.1069507 -0.02740859 -0.02074527 0.1070401 -0.03119587 -0.01478564 0.1043695 -0.03132814 -0.01485943 0.1049459 -0.03078281 -0.01465743 0.1058931 -0.0308938 -0.01472544 0.1058793 -0.03368192 -0.008488774 0.1043931 -0.03383988 -0.008508324 0.1049528 -0.03324955 -0.008348226 0.1056984 -0.03333812 -0.008375585 0.105672 -0.03491586 -0.001823663 0.1045126 -0.03507471 -0.001819431 0.1050439 -0.03435039 -0.001758635 0.1057488 -0.03440469 -0.001764059 0.1057328 -0.034855 0.004839003 0.1046127 -0.03500407 0.00485742 0.105122 -0.03428554 0.004829227 0.1062033 -0.03430765 0.004842102 0.1062121 -0.03351247 0.01120924 0.104624 -0.03364396 0.01125854 0.1051462 -0.03304791 0.01117324 0.1065071 -0.03307723 0.01120823 0.1065316 -0.03087806 0.01706928 0.1046125 -0.0309689 0.01718354 0.1051727 -0.03038614 0.01708227 0.1065301 -0.03042984 0.01714777 0.1065535 -0.02698397 0.02226698 0.1047766 -0.02706551 0.02244842 0.1053384 -0.02688711 0.02254444 0.1067256 -0.0270186 0.02267527 0.1068258 -0.0218842 0.02679628 0.1050976 -0.02200448 0.02696692 0.1056237 -0.0219987 0.02701693 0.1071442 -0.02211141 0.02714502 0.1072767 -0.01612377 0.03027433 0.1055868 -0.01619946 0.03044104 0.1060866 -0.01598376 0.03015118 0.1074249 -0.01601147 0.03022849 0.1074498 -0.009988367 0.03288525 0.1063548 -0.01002287 0.0331003 0.106882 -0.009791314 0.0328921 0.1080755 -0.009800493 0.03303188 0.1080754 -0.003886938 0.03434544 0.1073288 -0.00384885 0.03449684 0.1078826 -0.003685176 0.0343154 0.1092235 -0.003676772 0.03441172 0.109232 0.001984298 0.03449749 0.108365 0.002081573 0.03461349 0.1089158 0.002238452 0.0342825 0.1103907 0.002270936 0.03434878 0.1104305 0.007645249 0.03344446 0.1092715 0.007784426 0.03353673 0.1098148 0.007864773 0.03296315 0.1110888 0.00792247 0.03304839 0.1111037 0.0129528 0.03061282 0.109597 0.01314985 0.03069657 0.110131 0.01317191 0.03014361 0.1111606 0.01326519 0.03025329 0.1111875 0.01792812 0.02607637 0.109063 0.01816874 0.02616834 0.1095937 0.01832222 0.02588486 0.1108552 0.01849567 0.0260328 0.1109648 0.02253848 0.02064871 0.1083682 0.02280479 0.02072805 0.1088945 0.02310955 0.02058625 0.1105966 0.02332919 0.02072292 0.1107271 0.02671688 0.01501935 0.108242 0.02699482 0.01508182 0.1087731 0.02725076 0.0149936 0.1105682 0.02748399 0.01509791 0.1106935 0.0302357 0.009389936 0.1087866 0.03050905 0.009429395 0.1093174 0.03046548 0.009344935 0.1109361 0.03064602 0.009406924 0.1110142 0.03269243 0.003259718 0.1091755 0.03293639 0.003259479 0.1096932 0.03253632 0.003252029 0.1111235 0.03263491 0.003281772 0.1111428 0.03366929 -0.003673791 0.1087493 0.03388291 -0.003726482 0.1092859 0.03335464 -0.003631174 0.1105936 0.03346359 -0.003632724 0.110598 0.02658355 -0.02239674 0.1101158 0.02166581 -0.02714681 0.1100821 0.03043723 -0.01677262 0.1101534 0.03290033 -0.01047176 0.1102629 0.03343063 -0.003655135 0.1103531 0.03259152 0.00323832 0.1108441 0.03040868 0.00933367 0.1105883 0.02709567 0.01496112 0.1101518 0.02295422 0.02055126 0.1102134 0.01824033 0.02588009 0.110634 0.01314371 0.03021121 0.1110042 0.007821738 0.0330348 0.1108393 0.002193272 0.03433555 0.1100946 -0.0037238 0.03431195 0.1090347 -0.009843647 0.032857 0.1079268 -0.01600855 0.03015071 0.1071974 -0.02191704 0.0268889 0.1068663 0.01587033 -0.03078103 0.1099579 0.009548068 -0.03328734 0.1099261 0.002898514 -0.0346198 0.1099448 -0.003905355 -0.03444486 0.109519 -0.01054614 -0.03275668 0.1088258 -0.01673394 -0.02968829 0.1079245 -0.0224539 -0.02566272 0.1072524 -0.02727305 -0.02061599 0.106665 -0.03085613 -0.01467442 0.1057816 -0.03334885 -0.008372485 0.1056488 -0.03448301 -0.001767992 0.1056756 -0.03444123 0.004830002 0.1060293 -0.03317725 0.01117771 0.1062567 -0.03049647 0.01707136 0.1062976 -0.02684086 0.02242839 0.1065162 0.02621823 -0.02455431 0.003993272 0.02124971 -0.02932399 0.004542291 0.02124947 -0.02930819 0.004131913 0.02618074 -0.02449476 0.003627479 0.03013002 -0.01895463 0.003539085 0.03014039 -0.01893967 0.003136217 0.03280937 -0.01275831 0.003454029 0.03275704 -0.012739 0.003093123 0.03384876 -0.006056308 0.003871619 0.03367304 -0.00607407 0.00358051 0.0335834 0.001097261 0.004813015 0.03339368 9.87686e-4 0.004492223 0.03225541 0.007623672 0.0051108 0.03216189 0.007542848 0.004777908 0.02978771 0.01322019 0.005002677 0.02978277 0.01322758 0.004592955 0.02568155 0.01827895 0.005134224 0.02571207 0.01831018 0.004685044 0.02099579 0.02240633 0.005670487 0.02094078 0.02260416 0.00512284 0.01488977 0.02537477 0.006005644 0.0149554 0.02558743 0.005530655 0.008478343 0.02663695 0.006608307 0.008551597 0.02702152 0.006131649 0.001878738 0.02744805 0.007138013 0.001953244 0.02793669 0.006653368 -0.004594385 0.02812552 0.007487893 -0.004545271 0.02857142 0.006989181 -0.01074564 0.02800846 0.007504165 -0.01075369 0.02831685 0.007012844 -0.01671147 0.02693319 0.007373213 -0.01674711 0.02710872 0.006925404 -0.02231669 0.02444624 0.007348835 -0.02233862 0.02453219 0.006949543 0.01547443 -0.03304767 0.005175113 0.01548373 -0.03304487 0.004749894 0.009124577 -0.03566074 0.005747079 0.009133398 -0.03567206 0.005322575 0.002401888 -0.03708577 0.006280362 0.002412796 -0.03710031 0.005867242 -0.00451368 -0.03703409 0.006828665 -0.004492461 -0.03700143 0.006456673 -0.01132315 -0.03555536 0.007317662 -0.01131176 -0.03553271 0.006932199 -0.01774424 -0.03274834 0.007680773 -0.01771521 -0.03271198 0.007325053 -0.02374762 -0.02878636 0.008017182 -0.0236324 -0.0287072 0.007710456 -0.02896678 -0.02395844 0.008055269 -0.02885758 -0.02387535 0.007716834 -0.03296363 -0.01819956 0.007976412 -0.03287684 -0.01814693 0.007552742 -0.03538137 -0.01150876 0.007894098 -0.03523981 -0.01146453 0.007517099 -0.03632158 -0.004402577 0.007698178 -0.03625559 -0.004367828 0.00725919 -0.03607279 0.002539932 0.007851541 -0.03605949 0.002606391 0.007318377 -0.0345394 0.009597718 0.00739175 -0.03453737 0.009639859 0.006900489 -0.03157699 0.01572328 0.007382452 -0.0315712 0.0157209 0.006991326 -0.02736324 0.02064847 0.007447659 -0.02731549 0.02062195 0.0071612 0.02575445 -0.02417922 0.00231266 0.02100682 -0.02907896 0.002811133 0.02072942 -0.0288062 0.003005385 0.02549594 -0.02404659 0.002426445 0.02968144 -0.01874661 0.001822352 0.02928364 -0.01861739 0.002004265 0.03210091 -0.01261335 0.001829147 0.03175753 -0.01256763 0.001931786 0.03285151 -0.006145775 0.002445042 0.03269833 -0.00616151 0.002374947 0.03270876 5.77168e-4 0.003498733 0.03263759 5.38523e-4 0.003418862 0.0316739 0.007166504 0.004191398 0.03156316 0.007055878 0.004188299 0.02929478 0.01291227 0.003953456 0.02900826 0.0126475 0.004115879 0.02542418 0.01801699 0.003564953 0.02504116 0.01758813 0.003872275 0.0204789 0.02224439 0.003780543 0.02011287 0.02162426 0.004211008 0.01468265 0.02515184 0.004310548 0.01434129 0.02436882 0.004770934 0.008407413 0.02681213 0.004924476 0.008142709 0.02581977 0.005390167 0.001935243 0.02786326 0.005424976 0.001757025 0.02676832 0.005883574 -0.004486262 0.0284416 0.005753159 -0.004556894 0.02740705 0.006239235 -0.0106731 0.02815496 0.005809187 -0.01058894 0.02730393 0.00626868 -0.01658499 0.02674192 0.005835413 -0.01640361 0.02608907 0.006189584 -0.02204537 0.02408415 0.006010413 -0.02181482 0.02358549 0.006257414 0.01534336 -0.03284841 0.003429472 0.015118 -0.03251624 0.00365293 0.009038031 -0.03539305 0.00399816 0.008892834 -0.03501552 0.004219353 0.002375006 -0.03660207 0.004563927 0.002299368 -0.03622537 0.004748463 -0.004380702 -0.03629922 0.005276739 -0.004416465 -0.03606486 0.005337774 -0.01108932 -0.0348699 0.005738377 -0.01102733 -0.03463393 0.005828857 -0.01731538 -0.03205823 0.006231844 -0.01721596 -0.03188806 0.006266653 -0.02295392 -0.02809613 0.006695628 -0.02286106 -0.02797359 0.006647586 -0.02808409 -0.02333992 0.006625175 -0.02790337 -0.02324682 0.006622612 -0.03206318 -0.0177716 0.006229102 -0.03175544 -0.01765477 0.006369769 -0.03427284 -0.01122862 0.006264805 -0.03403455 -0.01118004 0.006301999 -0.03542476 -0.004294395 0.005896449 -0.03508281 -0.00432527 0.0060364 -0.03536713 0.002612769 0.005756735 -0.03494912 0.002480864 0.006026268 -0.03389114 0.009385824 0.005592942 -0.03346157 0.009160637 0.005919992 -0.03097575 0.01526755 0.005905449 -0.03060972 0.01497685 0.006205201 -0.02677732 0.02005612 0.006313741 -0.02657991 0.0197736 0.006383955 0.02061575 -0.02869755 0.003364562 0.02537673 -0.02398145 0.002765357 0.02912807 -0.01857167 0.002359509 0.0316416 -0.01255655 0.002239465 0.03272974 -0.00616008 0.002535462 0.03266584 5.60353e-4 0.00349456 0.03148519 0.007014513 0.004224956 0.02885705 0.01251327 0.00427258 0.02487671 0.01740169 0.004258811 0.02000916 0.02132767 0.004719674 0.01418864 0.02397048 0.005259215 0.008010029 0.0252496 0.005873858 0.001650273 0.02610939 0.006363391 -0.00461626 0.02678722 0.006739139 -0.01055389 0.02681201 0.00676757 -0.01630461 0.02572554 0.006643891 -0.02169924 0.02332979 0.006637036 0.01502782 -0.03238487 0.004021108 0.008834958 -0.03487056 0.004587471 0.002270817 -0.03608709 0.00510472 -0.004426419 -0.03597199 0.005654513 -0.01100236 -0.03453731 0.006153166 -0.0171985 -0.03183889 0.006532907 -0.02289438 -0.02797424 0.006845176 -0.02790409 -0.02325749 0.006868839 -0.03170949 -0.01764667 0.006703555 -0.03403323 -0.01119047 0.00658375 -0.03499615 -0.004352569 0.006395697 -0.03482562 0.002403795 0.006474852 -0.03332453 0.009070098 0.006358087 -0.03048396 0.01487219 0.006606936 -0.02649676 0.01964861 0.006690382 0.02522891 -0.02390074 0.003510296 0.02049499 -0.0285899 0.004118621 0.01969593 -0.02770268 0.004255652 0.02426964 -0.02325803 0.003655374 0.02895879 -0.01852935 0.003115177 0.02787685 -0.01814705 0.003293633 0.03150337 -0.01255381 0.002959311 0.03032559 -0.01239126 0.003131389 0.03276693 -0.006159245 0.00307691 0.03155338 -0.006229102 0.003249824 0.03269195 6.35068e-4 0.003904104 0.03155928 3.39321e-4 0.004206657 0.03129452 0.006997168 0.004678368 0.03025472 0.006490468 0.005218744 0.028611 0.01232457 0.00480926 0.02758115 0.0114938 0.005397737 0.02469903 0.0172168 0.005075573 0.02372741 0.01614475 0.005729675 0.02004897 0.02091401 0.005761325 0.01926231 0.01955455 0.006566822 0.01399725 0.02339607 0.006180644 0.01322638 0.02157527 0.006947398 0.007818102 0.02435213 0.006774067 0.007176876 0.02227294 0.007395565 0.001460313 0.02503812 0.007255136 8.87347e-4 0.02288162 0.007758915 -0.0047279 0.02577322 0.007656633 -0.004780232 0.02369672 0.008222818 -0.01051002 0.02599442 0.007717549 -0.01025879 0.02396428 0.008495748 -0.0161457 0.02513813 0.007561504 -0.01560896 0.02337038 0.00834304 -0.02150893 0.02292901 0.007497072 -0.0207619 0.02147203 0.008188545 0.01493692 -0.03225904 0.004782676 0.01434391 -0.03126686 0.004963874 0.008775711 -0.03472954 0.00535041 0.008408784 -0.03371781 0.00558412 0.002245426 -0.0359407 0.005867481 0.002104043 -0.03492009 0.006127238 -0.004418075 -0.03582984 0.006412684 -0.004336535 -0.03481578 0.006660044 -0.01096081 -0.03440058 0.00690937 -0.01065993 -0.03342539 0.007130384 -0.01714754 -0.03173416 0.007263958 -0.01663458 -0.03085052 0.007469534 -0.02291011 -0.0279318 0.007546186 -0.02221286 -0.0271936 0.007754385 -0.02792459 -0.02326673 0.007597148 -0.0270645 -0.02269423 0.007805705 -0.0317195 -0.01767802 0.007494449 -0.03071558 -0.01727586 0.007680118 -0.03403604 -0.01123237 0.007388055 -0.03293848 -0.01103872 0.007565796 -0.03494793 -0.004403948 0.00721991 -0.03381597 -0.004467546 0.00745052 -0.03475743 0.002275764 0.007415354 -0.03367805 0.001939237 0.007769405 -0.03322786 0.008946478 0.007252573 -0.03216576 0.008295476 0.007800638 -0.03035426 0.01475507 0.007416963 -0.02933371 0.01388269 0.007960677 -0.02633082 0.01941925 0.007515192 -0.02543437 0.01827555 0.008112013 0.02091652 -0.0213176 0.003909289 0.01689487 -0.02490472 0.004359006 0.01185584 -0.02108234 0.005174815 0.01492941 -0.01841545 0.004981815 0.02404713 -0.01693677 0.003775238 0.01696294 -0.01497519 0.005258381 0.02614384 -0.01190507 0.003731429 0.01836568 -0.01137912 0.005515217 0.02715331 -0.006648659 0.00396806 0.01881355 -0.007844984 0.006035387 0.02720957 -0.001178085 0.005042612 0.01847577 -0.004430294 0.00672847 0.02625864 0.004056215 0.006351411 0.01716619 -0.001217424 0.007546007 0.0236966 0.008237659 0.00684446 0.01509422 0.001758694 0.008172094 0.01965826 0.01165795 0.007343471 0.01188272 0.003957033 0.008593678 0.0150637 0.01434862 0.008006513 0.008015751 0.005497872 0.008506596 0.01044207 0.01615172 0.008445918 0.005019187 0.006823778 0.009070217 0.005299448 0.01708143 0.008633494 0.002182662 0.008236169 0.009916424 -4.84302e-4 0.01772427 0.009007394 -0.001781702 0.009014427 0.01148796 -0.004707455 0.01863646 0.009719192 -0.005196928 0.01020127 0.01250338 -0.009501814 0.0188179 0.01051265 -0.008653223 0.01060032 0.0128982 -0.0141263 0.01838362 0.01038885 -0.01206845 0.01035189 0.01253557 -0.01851522 0.01691186 0.009963631 -0.0150721 0.009043276 0.01180869 0.01222938 -0.02788841 0.005145967 0.008439719 -0.0230537 0.005600452 0.007081568 -0.03009164 0.005952358 0.00458163 -0.02409005 0.006339848 0.001576542 -0.03117793 0.006607055 5.52416e-4 -0.0246731 0.006917893 -0.00407648 -0.03111708 0.007121205 -0.00363785 -0.02452278 0.007576346 -0.009603202 -0.02994859 0.007530152 -0.007663369 -0.02395558 0.008078694 -0.01479595 -0.02776652 0.007894814 -0.01139968 -0.02242994 0.008822381 -0.0196349 -0.02461808 0.008271157 -0.01492011 -0.02012199 0.00958985 -0.02386403 -0.02063935 0.008441448 -0.017883 -0.01701271 0.01009643 -0.02701818 -0.01582306 0.00824815 -0.02036631 -0.01349103 0.009839534 -0.02899354 -0.01036852 0.007981956 -0.02210056 -0.009497284 0.009128749 -0.02969366 -0.00481218 0.007909178 -0.02287143 -0.005560696 0.008661806 -0.02951729 5.75515e-4 0.008283317 -0.02217411 -0.002223253 0.008850038 -0.02811044 0.005775809 0.008770704 -0.02083933 9.51571e-4 0.009430646 -0.02563619 0.01046812 0.009204983 -0.01923859 0.004039049 0.0102725 -0.0224446 0.01426213 0.009581387 -0.01749044 0.006954729 0.01103466 0.005763769 -0.01641881 0.008662343 0.009244322 -0.01533001 0.007539629 0.008686006 -0.01284492 0.008178055 0.01094865 -0.01115429 0.007481634 0.009097278 -0.009255349 0.008413136 0.01043754 -0.00704807 0.008169114 0.007822155 -0.005742669 0.009158432 0.008111119 -0.003144383 0.009125649 0.004972517 -0.002481639 0.0101155 0.00411576 2.74929e-4 0.009828567 9.7511e-4 -8.54543e-5 0.01155132 -4.82646e-4 0.00216794 0.01222461 -0.003238558 0.00114125 0.01363712 -0.005495488 0.003033757 0.01411694 -0.007632255 0.001429975 0.01412105 -0.01039987 0.002982735 0.0135101 -0.01174694 9.76058e-4 0.012811 0.004819393 -0.01899385 0.008011937 0.001544892 -0.01863598 0.009030997 -4.12662e-4 -0.02022248 0.008600354 -0.003260254 -0.01872652 0.009849429 -0.005946397 -0.01929473 0.009860634 -0.007943689 -0.01697474 0.01119458 -0.01092422 -0.01631796 0.01145142 -0.01184296 -0.01370376 0.01206213 -0.01467174 -0.01199376 0.01152074 -0.01474386 -0.009258151 0.01119232 -0.01752161 -0.005999505 0.009937345 -0.01606708 -0.004104495 0.01033169 -0.01668131 -0.00150597 0.01025766 -0.01450037 -8.9993e-4 0.01127916 -0.01432085 0.001594364 0.0117588 -0.003815591 -0.008845031 0.01230651 0.02116477 -0.02928197 0.004689216 0.02605921 -0.02448672 0.004089236 0.02597296 -0.02428776 0.002497076 0.0211966 -0.02924007 0.002927601 0.02990221 -0.01890307 0.003681361 0.03001803 -0.01886159 0.001952409 0.03251373 -0.01272165 0.003561079 0.03239893 -0.01265245 0.002015948 0.0337243 -0.006072998 0.003844082 0.03306978 -0.006115555 0.002688467 0.03357207 0.001065552 0.004854917 0.0328297 6.62775e-4 0.003671228 0.03217661 0.007563531 0.005351006 0.03177475 0.007280588 0.00421977 0.02954804 0.0130288 0.005257129 0.02954959 0.01312351 0.00387907 0.02553027 0.01810145 0.005396962 0.02567607 0.01830685 0.003557324 0.02085804 0.02192771 0.006025493 0.02078866 0.0227248 0.003742277 0.01462799 0.02475005 0.006313681 0.01496273 0.02575302 0.004236221 0.008267939 0.02581274 0.006922245 0.008612096 0.0275157 0.004838943 0.001730442 0.02651643 0.007449686 0.002057135 0.02861636 0.005343198 -0.004660189 0.02725321 0.007820844 -0.004455089 0.02915221 0.005659341 -0.01069211 0.02735918 0.007852137 -0.01073694 0.0287227 0.00573945 -0.01654618 0.02637928 0.007693648 -0.01670026 0.02716898 0.005839824 -0.022098 0.02401363 0.007642149 -0.02222287 0.02445143 0.006007134 0.01542878 -0.033019 0.005342066 0.01547962 -0.03301781 0.003521859 0.009085953 -0.03556233 0.005910873 0.00913304 -0.03563845 0.004094362 0.002369463 -0.03683066 0.006429195 0.002430737 -0.03693866 0.004681825 -0.004490196 -0.03672564 0.006972074 -0.004372119 -0.03657346 0.005463302 -0.01122945 -0.03525447 0.007464289 -0.01115804 -0.03511214 0.005920529 -0.01760601 -0.03250747 0.007820963 -0.01744061 -0.03225386 0.006418466 -0.02358394 -0.02859359 0.008130908 -0.02312606 -0.02827358 0.006914079 -0.02875798 -0.02382004 0.008179128 -0.02833509 -0.02349013 0.006831943 -0.03270393 -0.01810252 0.008128583 -0.03241246 -0.01791405 0.006373763 -0.03510397 -0.01146662 0.008039712 -0.03459757 -0.01130145 0.006468415 -0.03601765 -0.00442332 0.007860422 -0.03578412 -0.00428313 0.006058156 -0.03577017 0.002437531 0.008062899 -0.0357722 0.002706944 0.005855917 -0.03422904 0.009414672 0.007648706 -0.03429877 0.009585559 0.005613803 -0.03127419 0.01548421 0.007629692 -0.03132551 0.01553845 0.005913138 -0.02709519 0.02032119 0.007697105 -0.02698206 0.02032029 0.006425619 0.0220232 -0.02759021 0.1100167 0.02704763 -0.02278715 0.1100858 0.02698701 -0.02273595 0.1105345 0.02195829 -0.02750676 0.1104356 0.01605576 -0.03117507 0.1097567 0.01595151 -0.0310015 0.110071 0.009641587 -0.03370958 0.1097066 0.009566068 -0.03352135 0.1100093 0.00293678 -0.03519392 0.1098968 0.0029217 -0.03509366 0.1102941 -0.003963172 -0.03502911 0.109524 -0.003943204 -0.03494071 0.1098859 -0.01065683 -0.03319972 0.1087366 -0.01059335 -0.03305017 0.1090807 -0.016851 -0.02996319 0.1077674 -0.01674038 -0.0297923 0.1080935 -0.02269536 -0.02594894 0.1071488 -0.02258276 -0.02582287 0.1074588 -0.02768468 -0.02094662 0.106607 -0.02757608 -0.02087593 0.106956 -0.03127938 -0.01490312 0.105607 -0.03108018 -0.0148217 0.1057905 -0.03375738 -0.008496403 0.1054922 -0.03352504 -0.008430719 0.1056087 -0.03479772 -0.001799345 0.105533 -0.03456068 -0.001778662 0.1056671 -0.03467494 0.004870116 0.1058736 -0.03443747 0.004858076 0.1061131 -0.0334115 0.01129186 0.1060828 -0.03320002 0.01125484 0.1064005 -0.03074085 0.01726728 0.1061266 -0.03055047 0.01722067 0.1064365 -0.02722471 0.02275627 0.1065514 -0.02714908 0.02275848 0.1068353 -0.02223503 0.02724814 0.1068851 -0.02220112 0.02722382 0.107262 -0.01613152 0.03040844 0.1070234 -0.01606202 0.03031837 0.1073441 -0.009916603 0.0332297 0.1077789 -0.009845077 0.03316593 0.1080065 -0.003735125 0.03457909 0.1088851 -0.003691613 0.0345121 0.1091514 0.002242505 0.03456765 0.1099225 0.002278208 0.03445136 0.1102897 0.007946729 0.03333514 0.1106321 0.007960557 0.03318333 0.1109547 0.01338088 0.03059399 0.1108835 0.01335895 0.0304259 0.1111157 0.01865857 0.02632021 0.1106563 0.01865404 0.02621197 0.110947 0.02346318 0.02092999 0.1102064 0.02349877 0.02086818 0.1106362 0.02765178 0.01524519 0.1101176 0.0276705 0.01520478 0.1105763 0.03089743 0.009511113 0.1104764 0.03082996 0.009475827 0.1108827 0.03294587 0.003317296 0.1106219 0.0327906 0.003310441 0.110983 0.03384011 -0.003683328 0.1101239 0.03364861 -0.003650605 0.1104478 0.03345477 -0.01064836 0.1101824 0.03336 -0.01061946 0.1106045 0.0309723 -0.01706606 0.1101195 0.03090471 -0.01702833 0.1105697 0.021649 -0.02710247 0.1037244 0.0266112 -0.02223938 0.103603 0.01593029 -0.03083622 0.1037371 0.009668171 -0.03342372 0.1037425 0.003023922 -0.03469997 0.1036238 -0.003863155 -0.03444606 0.1029894 -0.01071602 -0.03257691 0.1019358 -0.01694053 -0.02958381 0.1013131 -0.02252358 -0.02554458 0.1006228 -0.02728337 -0.02057915 0.0998938 -0.03093039 -0.01500761 0.09988492 -0.03342777 -0.00876671 0.1000116 -0.03456664 -0.002094984 0.09990268 -0.03445047 0.004655718 0.09988868 -0.03314924 0.01168608 0.1002455 -0.03082162 0.01746004 0.1001831 -0.02769458 0.02162539 0.09988379 -0.02209085 0.02637296 0.1003954 -0.0159443 0.02990299 0.1010833 -0.009821236 0.03239381 0.1017253 -0.003888428 0.03363323 0.1024928 0.001657783 0.03362822 0.1034976 0.006785213 0.0327937 0.1044924 0.01163506 0.03066438 0.1050337 0.0165258 0.02609318 0.1046305 0.02104407 0.02049547 0.1039472 0.02526086 0.01475697 0.1037771 0.02904856 0.008989572 0.1043395 0.03199762 0.002555787 0.1047124 0.03322494 -0.003885865 0.1039649 0.03274571 -0.009984374 0.1034018 0.03048318 -0.01630729 0.1033289 0.02641242 -0.0229609 0.02296829 0.02139163 -0.02810591 0.02259355 0.01618766 -0.03191351 0.02310043 0.01112836 -0.03435128 0.02373999 0.005774676 -0.03567934 0.02433067 6.30598e-5 -0.0357781 0.02501082 -0.009858369 -0.03300523 0.02966141 -0.01427477 -0.03150731 0.02940642 -0.01661193 -0.03076303 0.02760988 -0.0190469 -0.02942317 0.02594357 -0.02340805 -0.02163416 0.02648031 -0.027444 -0.01279878 0.02651166 -0.03199231 -0.004099845 0.02461832 -0.03364467 0.004723072 0.02291399 -0.03187608 0.01055502 0.02407634 -0.02937036 0.01492166 0.02605724 -0.02652925 0.01919531 0.02781242 -0.02092939 0.02418726 0.02832132 -0.01549333 0.02683395 0.02768623 -0.01068311 0.02808314 0.02700549 -0.005660951 0.0282076 0.02627742 9.13804e-5 0.02723032 0.02545624 0.007021725 0.02585405 0.02517998 0.01296061 0.02397924 0.02494084 0.01673734 0.02195441 0.02282744 0.02157741 0.01687985 0.02228116 0.03038281 0.007084608 0.01860487 0.03246384 0.001614212 0.01972466 0.0328021 -0.00239551 0.02187019 0.03269374 -0.005840837 0.02396029 0.03227913 -0.00933963 0.02580553 0.0307514 -0.01529312 0.02552849 0.02617508 -0.02454757 0.004065394 0.03005415 -0.01894509 0.003639936 0.03270381 -0.0127474 0.003539144 0.03382724 -0.006059885 0.003900349 0.03361219 0.001100361 0.00488311 0.03224301 0.007613003 0.005257546 0.02970176 0.01315009 0.005156397 0.02563232 0.01821756 0.005287349 0.02095395 0.02219963 0.005870103 0.01478213 0.02511143 0.006177484 0.008389234 0.02627551 0.006783068 0.001812994 0.02703154 0.00731343 -0.004626274 0.02774381 0.007673919 -0.01072913 0.02774804 0.007697343 -0.01664859 0.02671301 0.007550477 -0.02223879 0.02428203 0.007509708 -0.0272665 0.02052748 0.007578849 -0.03146094 0.01563167 0.007523238 -0.03442019 0.009521842 0.007548868 -0.03595775 0.002492308 0.007996559 -0.03621149 -0.004414856 0.007814586 -0.03529089 -0.01149809 0.007996976 -0.03287464 -0.01816886 0.008086025 -0.02889984 -0.02391511 0.008144676 -0.02369964 -0.02872234 0.00809729 -0.01769298 -0.03265625 0.007779479 -0.01128709 -0.03543889 0.007422208 -0.004505395 -0.03691649 0.006930828 0.002389669 -0.03699213 0.006386637 0.009113252 -0.03563332 0.005860269 0.0154621 -0.033046 0.005289793 0.02122706 -0.02932012 0.004645466 0.02608138 -0.02437329 0.002923309 0.03011715 -0.01890552 0.002383887 0.03257071 -0.01268672 0.002425849 0.03331118 -0.006096482 0.003036618 0.03303337 7.85686e-4 0.003962993 0.03191566 0.007385253 0.004377603 0.02967756 0.01319569 0.004050612 0.02573245 0.01835495 0.003918647 0.02087932 0.02280336 0.004187464 0.01501935 0.02583068 0.004666328 0.008636832 0.02751588 0.005265772 0.002051353 0.02857542 0.005775034 -0.004475533 0.02913337 0.006093621 -0.01075339 0.02870696 0.006152808 -0.0167433 0.02723985 0.006188511 -0.02230238 0.02455675 0.00629574 -0.02713716 0.0204752 0.006689488 -0.03148216 0.01565611 0.006291687 -0.03446447 0.009652078 0.006056487 -0.03595578 0.002697527 0.00637257 -0.03602504 -0.004308402 0.006495416 -0.0348829 -0.01137071 0.006861567 -0.03264003 -0.01802045 0.006800115 -0.02856415 -0.02365195 0.007170319 -0.02333623 -0.028463 0.007223129 -0.01756978 -0.03247195 0.006752312 -0.0112313 -0.0353226 0.006287872 -0.004414558 -0.03678357 0.005833387 0.002434194 -0.03705823 0.00510925 0.009145617 -0.03568035 0.004531919 0.0154978 -0.03304123 0.003958404 0.02124023 -0.02927917 0.00336194 0.0290997 -0.01857519 0.002847611 0.02535265 -0.02397912 0.003248274 0.03164559 -0.01256805 0.002701163 0.0328617 -0.006156325 0.002867698 0.03276354 6.23399e-4 0.00371313 0.03142976 0.007024109 0.00439763 0.02876389 0.01244068 0.004523932 0.02483141 0.01735252 0.004745125 0.02007788 0.02116584 0.005344152 0.01412236 0.02373534 0.005812287 0.007932782 0.02483302 0.006418704 0.001567959 0.02559435 0.00690788 -0.004675865 0.02630543 0.007297754 -0.01054275 0.02644556 0.007338762 -0.01624435 0.02548271 0.007193863 -0.02163583 0.02318263 0.007150232 -0.02646285 0.01959013 0.007184982 -0.03048032 0.01486217 0.007099032 -0.03334373 0.009040892 0.006901979 -0.03486299 0.002344727 0.00706917 -0.0350489 -0.004382967 0.006923735 -0.0341205 -0.01123279 0.007097721 -0.03179246 -0.01769769 0.00721085 -0.02798926 -0.02331274 0.007326126 -0.0229671 -0.02801227 0.007277905 -0.01720798 -0.03184103 0.006997883 -0.01099878 -0.03452211 0.006639957 -0.004427671 -0.03595715 0.006142258 0.002264976 -0.03606849 0.00559616 0.008823752 -0.03485178 0.005079925 0.01501226 -0.03237068 0.004513144 0.02059626 -0.02869009 0.003853082 -0.02432906 0.02480608 0.08630782 -0.02752935 0.02261555 0.0868889 -0.01506 0.02829116 0.08807677 -0.008936524 0.03125196 0.08834874 -0.003083348 0.03359889 0.08820873 7.54481e-4 0.03346163 0.08973354 0.004010856 0.0324012 0.09136819 0.007555305 0.03007853 0.09196442 0.01157903 0.02509313 0.09151613 0.01583832 0.0190283 0.09112876 0.02011245 0.01275831 0.09077662 0.02470189 0.00583148 0.09083688 0.03002464 -0.00260657 0.09186595 0.03169769 -0.007442772 0.09086984 0.03169769 -0.01065003 0.08906203 0.03086936 -0.01398938 0.08752882 0.02687865 -0.02154856 0.08947288 0.02172303 -0.02677297 0.09017294 0.0161696 -0.03036463 0.09034281 0.01046407 -0.03325444 0.0905103 0.004472136 -0.03491854 0.090447 -0.002276659 -0.03465491 0.08908826 -0.01040363 -0.03147083 0.08463168 -0.01495212 -0.02920961 0.08594089 -0.01883488 -0.0266543 0.08757561 -0.02205896 -0.02332925 0.08856964 -0.02504116 -0.01802128 0.08865439 -0.02676928 -0.01006114 0.08587038 -0.02889293 -0.00281161 0.08446997 -0.03131771 0.004267156 0.08589339 -0.0306549 0.01512968 0.08865147 -0.02906268 0.02045947 0.08845144 -0.02279245 0.02847456 0.0723775 -0.02471321 0.02644515 0.07317852 -0.0183407 0.03087121 0.07268935 -0.01151597 0.03353625 0.07339078 -0.006829261 0.03437548 0.07402306 -0.004012703 0.03385961 0.07506704 -0.001629948 0.0318582 0.0756607 0.001974582 0.02645975 0.07455515 0.005417823 0.01983577 0.07325118 0.009335696 0.01305103 0.07218885 0.0140897 0.006135284 0.07179081 0.01922452 -6.47219e-4 0.07219129 0.02456802 -0.007811844 0.07306909 0.02859711 -0.01537418 0.07411843 0.0289765 -0.01805692 0.07318526 0.02860981 -0.01997959 0.07214206 0.02754205 -0.02194684 0.07154393 0.02441495 -0.02466905 0.07171845 0.01769429 -0.02866142 0.07337856 0.01284784 -0.03251057 0.07397538 0.00853914 -0.0349496 0.07392525 0.002940833 -0.03465586 0.07229882 -0.001214683 -0.03333884 0.0730347 -0.003985345 -0.03243613 0.07505124 -0.006457984 -0.03152924 0.07709074 -0.00909537 -0.03003215 0.07906281 -0.01255267 -0.02338719 0.07957607 -0.01921677 -0.0132659 0.07970321 -0.02361536 -0.0048545 0.078619 -0.0266385 0.004520118 0.07642805 -0.02729094 0.01372712 0.07481437 -0.02599173 0.02301156 0.07446312 -0.02136981 0.0300132 0.05618643 -0.0224477 0.0290752 0.05650776 -0.0194453 0.03053927 0.05619561 -0.01417708 0.03103411 0.05712574 -0.006968677 0.03156626 0.05717444 -0.004234075 0.03142201 0.05733978 -0.00265336 0.02991563 0.05751889 -5.88248e-4 0.02575391 0.05734902 0.002758562 0.0171501 0.05699515 0.007108271 0.009212374 0.05704694 0.01305419 0.002414882 0.05702376 0.018812 -0.003676474 0.05625367 0.0236597 -0.0101487 0.05539393 0.0270884 -0.01764434 0.05491507 0.02786922 -0.02053803 0.05496352 0.02783137 -0.02197545 0.05530744 0.02721345 -0.0232048 0.05574882 0.02549058 -0.0247665 0.05624175 0.02102094 -0.02782237 0.05673313 0.01455157 -0.0329563 0.05730742 0.01044684 -0.03524303 0.05821388 0.008734107 -0.03559261 0.05924224 0.007545173 -0.0354793 0.0602647 0.006503522 -0.03511303 0.0612781 0.005300641 -0.03441399 0.06235021 0.002646982 -0.03212338 0.06408512 -0.002106726 -0.02239614 0.06260406 -0.007073938 -0.01441127 0.06177842 -0.01258814 -0.006049156 0.0614233 -0.01963007 0.003192007 0.06045776 -0.0231893 0.01184034 0.0589382 -0.02365219 0.0235123 0.05755883 -0.02258735 0.02707928 0.03842353 -0.02464747 0.02558833 0.03868836 -0.01906824 0.02768313 0.03867435 -0.01189917 0.0290094 0.03899997 -0.007350385 0.0311377 0.03947108 -0.002394378 0.0310505 0.04100036 9.42736e-4 0.02934247 0.04077649 0.003806114 0.02682477 0.03888666 0.008974671 0.01803702 0.04008209 0.01286673 0.0112816 0.04032069 0.01707434 0.004650056 0.04013979 0.02190345 -0.001685976 0.03890246 0.02803969 -0.009869337 0.03583145 0.02955722 -0.0145483 0.03586333 0.02949965 -0.01738834 0.0372774 0.02894365 -0.02004557 0.03829085 0.02744221 -0.02281981 0.03894311 0.02388405 -0.02604925 0.03932666 0.01862645 -0.03030192 0.03960442 0.0145477 -0.03366023 0.04027813 0.0117771 -0.03509342 0.04116117 0.008140802 -0.03540492 0.04244089 0.002630114 -0.03417891 0.04446899 -3.04619e-4 -0.03307354 0.04495912 -0.001718461 -0.03237706 0.04455959 -0.003125488 -0.03149241 0.0437141 -0.007411062 -0.0220431 0.04510408 -0.01172757 -0.01406955 0.04479104 -0.01722806 -0.005506277 0.04399681 -0.02330517 0.002887308 0.04318755 -0.02622789 0.011527 0.04164534 -0.0261954 0.02148383 0.03917759</float_array>
          <technique_common>
            <accessor source="#Can_Food_Damaged_LableB_001-mesh-positions-array" count="1442" stride="3">
              <param name="X" type="float"/>
              <param name="Y" type="float"/>
              <param name="Z" type="float"/>
            </accessor>
          </technique_common>
        </source>
        <source id="Can_Food_Damaged_LableB_001-mesh-normals">
          <float_array id="Can_Food_Damaged_LableB_001-mesh-normals-array" count="4326">-0.6921791 0.4706829 0.5471251 -0.7779508 0.6280143 0.01976603 -0.7002384 0.6184322 0.3566623 -0.8292971 0.4551264 0.3242318 -0.8753475 0.4827609 0.02661997 -0.9255444 0.2551414 0.2797688 -0.9608165 0.2739322 0.04234349 -0.9661601 0.04550009 0.2538985 -0.9956049 0.0714125 0.0605911 -0.9532551 -0.1386735 0.2684669 -0.9871589 -0.1431936 0.07080239 -0.8697049 -0.3053156 0.387809 -0.8011811 -0.5793151 -0.15001 -0.7473101 -0.4846137 0.4546177 -0.5723367 -0.6201769 0.5364806 -0.8270648 -0.561998 0.01105308 -0.3011422 -0.8670465 0.3969179 -0.1139103 -0.9919263 0.05573701 -0.1661946 -0.9655931 0.2000232 -0.01242303 -0.9976462 -0.06743818 0.1998834 -0.9797275 0.01344364 -0.0816062 -0.9575971 -0.2763122 0.1624066 -0.9853169 0.05267608 -0.09566366 -0.9379718 -0.3332528 0.1084849 -0.990056 0.08955532 -0.01527893 -0.97816 -0.207291 0.2080491 -0.969972 0.1259761 0.1891748 -0.9722896 -0.1373534 0.4169251 -0.9069746 0.05975395 0.4336928 -0.9003899 -0.0347678 -0.591667 0.5948845 0.544098 -0.6523934 0.754848 0.06773149 -0.4847022 0.6938483 0.5325771 -0.492829 0.8672128 0.07114517 -0.3469774 0.7793045 0.5218152 -0.3097609 0.9476336 0.07771021 0.125669 0.9916471 -0.02904087 -0.1211183 0.9903222 0.06776654 0.4644126 0.7512949 0.4689105 0.2744532 0.9606783 -0.04210448 0.09700155 0.8719455 0.4798976 0.608726 0.5175103 0.6013616 0.238473 0.8245856 0.5130197 0.4068281 0.9122463 0.04793566 0.7796286 0.6022714 -0.1716063 0.5811715 0.8118594 0.05589354 0.7928678 0.2960336 0.5326583 0.8478912 0.4348509 -0.3032905 0.8495602 0.1129352 0.5152602 0.8971517 0.313183 -0.311505 0.8645828 -0.04447102 0.5005187 0.9679105 0.1278908 -0.2163177 0.8384075 0.1165793 0.5324306 0.7316067 -0.2563651 0.6316871 0.9173356 -0.3980574 -0.006773412 0.9994486 -0.03296375 -0.004007399 0.5499919 -0.6019064 0.5789799 0.7715406 -0.6361759 0.002331316 0.311542 -0.7868061 0.5328019 0.5775491 -0.8158453 0.02887016 0.0979737 -0.901605 0.4213191 -0.638503 0.7670229 0.06316626 -0.7621742 0.6366657 0.1172494 -0.777855 0.6266495 0.04745489 -0.4861299 0.8718448 0.0597043 -0.6099079 0.7849359 0.1090329 -0.3109201 0.9495221 0.04167246 -0.4390587 0.8958877 0.06791812 -0.08031022 0.9921779 0.09556794 -0.07850611 0.9967845 0.01605206 0.1329959 0.9853334 0.1069123 0.1632562 0.9858364 0.03839439 0.3460585 0.9319772 0.1079908 0.3443311 0.9366151 0.06471675 0.5255244 0.8472177 0.07775694 0.4973213 0.86377 0.08107447 0.6642822 0.7412266 0.09650027 0.6389001 0.7623319 0.1032322 0.7909397 0.6033874 0.1016764 0.7706622 0.6167147 0.1604453 0.9034276 0.4261915 0.04668569 0.8691028 0.4243869 0.2540791 0.9407435 0.2101112 0.2661859 0.9641249 0.06427419 0.2575503 0.9813644 0.1918278 0.01122468 0.9747043 -0.1002629 0.1997473 0.9998916 -0.01469784 -9.24455e-4 0.9380646 -0.3372848 0.07920795 0.9610258 -0.2446154 0.1288133 0.8606992 -0.5090655 0.00701344 0.8897785 -0.4556263 0.02643895 0.7155869 -0.6975316 -0.03721791 0.5428424 -0.8381967 0.05242556 0.7389501 -0.6679434 0.08834326 0.434722 -0.8918069 0.1252895 0.5819543 -0.793732 0.1769711 0.3424491 -0.9294918 0.137017 0.4222788 -0.8960677 0.1369058 0.166153 -0.9801424 0.1082309 0.2862394 -0.9457466 0.1537219 -0.07486951 -0.9923242 0.09842419 0.0921781 -0.9878419 0.1251871 -0.3571906 -0.9249146 0.1301843 -0.1366982 -0.9871337 0.08295071 -0.6150382 -0.7650241 0.1909614 -0.3926169 -0.9173914 0.06515395 -0.7040712 -0.6460834 0.2947204 -0.6155359 -0.779656 0.1151171 -0.7320389 -0.5813688 0.3551473 -0.7037431 -0.6654751 0.2487742 -0.7673307 -0.5184925 0.3773184 -0.7483026 -0.5848854 0.3129733 -0.8220922 -0.4276522 0.3758697 -0.8035702 -0.4986109 0.3250572 -0.8977723 -0.3067188 0.316115 -0.8855438 -0.3723448 0.2777978 -0.9919044 -0.01599472 0.1259759 -0.9831951 -0.09786671 0.1541087 -0.9629453 0.2330933 0.1356609 -0.9749784 0.2073938 0.08003175 -0.8988615 0.4342021 0.05930072 -0.8763836 0.4645028 0.1272364 -0.6475041 0.7620601 0.001772582 -0.3442952 0.9381998 0.03524416 -0.1320593 0.9912406 0.00158286 0.08915525 0.9926177 -0.08222895 0.5120825 0.8441907 -0.1584729 0.6283329 0.7090668 -0.3200348 0.5631014 0.7744964 -0.2882226 0.7502101 0.412613 -0.5166578 0.776891 0.3537455 -0.5208691 0.8656328 0.278732 -0.4159186 0.984445 0.05059272 -0.1682515 0.9519128 -0.2781677 -0.1283937 0.8729525 -0.4818774 -0.07581764 0.7226919 -0.6867567 0.07798558 0.5378242 -0.8047544 0.2512283 0.178255 -0.9520829 0.2485225 -0.0488699 -0.9551815 -0.291959 -0.04574131 -0.9455728 0.3221799 -0.1597207 -0.931717 0.3261791 -0.2448162 -0.9356442 0.2542342 -0.4790046 -0.8755916 -0.06240314 -0.4451242 -0.835536 -0.3220933 -0.5438681 -0.8258109 -0.149144 -0.6989712 -0.5762718 -0.4234976 -0.9081431 -0.4174222 -0.03217166 -0.7398671 -0.5666541 -0.3626291 -0.8140287 -0.4637836 -0.34966 -0.9020808 -0.2913658 -0.3183649 -0.9504486 0.2841557 -0.1261067 -0.9140927 0.4024582 -0.04962086 -0.7869604 0.6169521 0.00797075 0.4100946 -0.9052674 -0.1109666 0.6496519 -0.7584931 -0.05138957 0.402108 -0.9132573 -0.06534767 0.4143716 -0.9094512 -0.03456544 0.2478091 -0.9687547 0.0102511 -0.1181481 -0.9892199 0.08651733 -0.5420454 -0.8176401 0.1940404 -0.7090994 -0.6423708 0.290754 -0.7529963 -0.5552971 0.3530462 -0.7499575 -0.5337734 0.3907042 -0.7535468 -0.5184195 0.4042382 -0.7816312 -0.4923301 0.3829671 -0.8236418 -0.4588204 0.3333138 -0.9190052 -0.3048083 0.250043 -0.9913281 0.1073578 0.07578295 -0.9044371 0.4265856 -0.004271209 -0.7895418 0.6136127 -0.0101642 -0.6203663 0.7842252 0.01169693 -0.5072373 0.8616089 0.01845455 -0.3746703 0.927086 -0.01156473 -0.1060952 0.994135 -0.02096205 0.1738027 0.984459 0.02516585 0.3558483 0.9320404 0.06835728 0.4819997 0.863828 0.1465528 0.6013732 0.7670591 0.2235413 0.7546008 0.5146356 0.4070969 0.7865184 0.368702 0.4954269 0.8014047 0.3591124 0.4783188 0.876528 0.2706086 0.3980826 0.9556254 0.03639072 0.2923282 0.9575573 -0.1775963 0.2270319 0.9358711 -0.3310489 0.1206318 0.8887989 -0.4560579 0.04525172 0.5107728 -0.850005 -0.1288514 0.3855264 -0.9153776 -0.115989 0.2783318 -0.9593548 -0.04658126 0.06144231 -0.997521 0.03430533 -0.4446029 -0.888174 0.1160829 -0.7818769 -0.5944079 0.1880102 -0.8198504 -0.5172345 0.245589 -0.8163515 -0.4921367 0.3022776 -0.7810666 -0.5261005 0.3363827 -0.7639406 -0.5545204 0.3300027 -0.771747 -0.5611978 0.2991046 -0.8206292 -0.5106061 0.2566109 -0.882388 -0.4155725 0.2206606 -0.9861974 -0.08870309 0.1398097 -0.913616 0.4062904 -0.01529943 -0.7410442 0.6692414 -0.05449271 -0.5490838 0.8348591 -0.03895241 -0.5640113 0.8252303 -0.02977252 -0.5676749 0.8217537 -0.04965895 -0.2341414 0.9707814 -0.05254912 0.1665304 0.9859173 0.01532858 0.31134 0.9464405 0.08554482 0.4413441 0.8747839 0.199922 0.6288044 0.664674 0.4035018 0.7407205 0.3093143 0.5963706 0.7130542 0.4095445 0.5690579 0.6860924 0.4886388 0.5389893 0.735268 0.4521481 0.5049188 0.8641303 0.2381799 0.4433386 0.9530966 0.004142403 0.3026379 0.9773606 -0.09880316 0.187094 0.9366688 -0.3500297 0.01144433 0.4483004 -0.893019 0.03929424 0.1597989 -0.9854842 0.05731838 0.066352 -0.9955775 0.06650644 0.04571312 -0.9953216 0.0851202 -0.3580573 -0.9322252 0.05245071 -0.8343368 -0.5510984 -0.0131421 -0.9200375 -0.3893294 -0.04419922 -0.9005524 -0.4298358 -0.06516611 -0.8227447 -0.5649709 -0.06244337 -0.7560847 -0.6518074 -0.05901724 -0.7759364 -0.6282626 -0.05664694 -0.8508867 -0.5235469 -0.04348051 -0.9106337 -0.4125525 -0.02338099 -0.9828602 -0.1836974 -0.01553207 -0.9660295 0.2583653 -0.00586009 -0.7480962 0.6635444 -0.00781548 -0.5819171 0.8128412 -0.02572131 -0.595297 0.8026005 -0.03813129 -0.6034248 0.7956852 -0.05257171 -0.4246004 0.9047809 -0.03295487 -0.0829516 0.996536 -0.005937159 0.1219814 0.9923446 -0.01931124 0.4474695 0.8920525 0.06335216 0.7089589 0.690747 0.1422878 0.8821677 0.4592835 0.1041104 0.8712489 0.4673709 0.1499663 0.8409119 0.5144926 0.1678231 0.8095625 0.5684512 0.1465322 0.8764719 0.4738965 0.08496588 0.9815934 0.1908556 -0.006972014 0.9996911 -0.02407169 -0.006195545 0.3444085 -0.9086375 0.2361371 0.8474233 -0.5268302 0.06575548 0.160726 -0.9709534 0.1772474 0.2965462 -0.9460345 0.1306868 0.1584156 -0.980184 0.1189278 -0.2197139 -0.9707854 0.09644395 -0.5396417 -0.8404636 -0.04906743 -0.830901 -0.4652065 -0.3052647 -0.7976775 -0.4661336 -0.3826621 -0.7699694 -0.4854287 -0.4141332 -0.7679802 -0.5000391 -0.4002091 -0.7833695 -0.5060721 -0.3608648 -0.8374071 -0.446509 -0.3152446 -0.9213508 -0.2865611 -0.2626695 -0.9886624 0.07475918 -0.1302224 -0.9106272 0.4132216 0.002493977 -0.7522348 0.6579099 0.03602027 -0.635487 0.7720793 0.007079124 -0.6419913 0.7666715 -0.007888376 -0.5781665 0.8158992 0.005669116 -0.2695813 0.9629599 0.00584954 0.08957111 0.9951007 -0.04185277 0.2143217 0.9739906 -0.07354211 0.3401176 0.9313568 -0.1299791 0.5564961 0.7959438 -0.238297 0.7942389 0.4351896 -0.4240221 0.8024532 0.3919821 -0.4499099 0.7911856 0.4296054 -0.4352754 0.7877097 0.4782895 -0.3882688 0.8536438 0.3968471 -0.3373494 0.9644876 0.1039094 -0.2428306 0.9835486 -0.1109377 -0.1425656 0.3745123 -0.9020184 0.2147172 -0.9572954 -0.1510083 -0.2465403 -0.5255144 0.850782 0.002142667 0.2247425 0.9643002 -0.140057 0.02973735 0.08706325 0.9957588 0.04136365 0.04264932 0.9982336 0.04799187 0.002138674 0.9988455 0.04165047 -0.09569966 0.9945386 0.06939655 -0.1511403 0.9860734 0.1499707 -0.009512424 0.9886447 0.1640458 0.1127581 0.979987 0.1994429 0.09640914 0.9751553 0.07222718 0.07752472 0.9943708 0.06680005 0.164704 0.9840785 0.03770714 0.1482713 0.9882277 0.04464584 0.1341435 0.9899557 -0.01143306 0.3204215 0.9472061 -0.1234406 0.2941377 0.9477581 -0.1672895 0.2341105 0.957709 -0.05710166 0.1089963 0.9924008 -0.02336424 0.1052263 0.9941738 -0.009941697 0.07313251 0.9972727 -0.007570087 0.05203032 0.9986169 -0.007538437 0.05632764 0.9983839 0.03486871 -0.04749202 0.9982628 0.009678423 -0.03933644 0.9991793 -0.03334116 -0.01618105 0.9993131 -0.02098816 0.01633757 0.9996463 0.02866172 0.02091437 0.9993703 0.02647316 -0.02557742 0.9993223 -0.004308044 -0.05187392 0.9986444 -0.1200222 0.02763527 0.9923866 -0.1813162 0.09669297 0.9786598 -0.1825336 0.1668514 0.9689387 0.1988761 -0.1627654 0.9664139 0.1244008 0.005974113 0.9922142 0.1204972 -0.04363936 0.991754 0.2059132 -0.1577262 0.9657754 0.1546515 -0.07099103 0.9854152 0.2172006 -0.152535 0.9641354 0.1872514 -0.0836265 0.9787459 0.2435655 -0.1600681 0.9565846 0.2099286 -0.1522462 0.9657904 0.2350276 -0.1678589 0.9573847 0.2218673 -0.195936 0.9551879 0.2014891 -0.1146227 0.972761 0.1992293 -0.08472234 0.9762836 0.1778891 0.03856348 0.9832946 0.1731987 0.05289888 0.9834653 0.1635776 -0.03245007 0.9859967 0.1388822 0.06300777 0.9883025 0.09769934 0.04213243 0.9943238 0.1116766 0.09937793 0.9887631 0.1220574 0.06081861 0.990658 0.09715127 0.1481248 0.9841853 0.2763506 0.01240348 0.9609769 0.1891093 0.2057105 0.9601672 0.3372489 0.1149787 0.9343678 0.2258303 0.2497042 0.9416202 0.1850376 0.2857522 0.9402695 -0.006465971 0.2305493 0.9730393 0.04262322 0.3144997 0.9483003 -0.1991601 0.1670168 0.9656298 -0.1287648 0.2740773 0.9530484 -0.2829342 0.07016754 0.9565694 -0.1858195 0.2057945 0.9607913 0.2062385 -0.1366789 0.968909 0.1429381 0.01288872 0.9896478 0.2141971 -0.1253215 0.9687178 0.1428388 -0.02551454 0.9894171 0.2104262 -0.133244 0.968487 0.1132866 -0.06522327 0.9914193 0.1636841 -0.1591465 0.9735913 0.08009529 -0.09128612 0.9925985 0.138186 -0.1957682 0.9708654 0.05152243 -0.1241377 0.9909265 0.04028475 -0.271234 0.96167 -0.001422882 -0.1671617 0.9859285 -0.06316852 -0.2693386 0.9609716 -0.07174384 -0.1787161 0.9812816 -0.178234 -0.168528 0.9694488 -0.155605 -0.1236717 0.9800471 -0.242669 -0.01935517 0.9699161 -0.1781397 -0.03570693 0.9833572 -0.2183433 0.05992639 0.9740303 -0.1358946 0.00384289 0.9907159 -0.1679189 0.02009338 0.985596 -0.1075223 -0.02967208 0.9937598 -0.155023 -0.06914347 0.9854883 -0.1109504 -0.06951701 0.9913917 -0.1794503 -0.1105192 0.9775393 -0.1591748 -0.02821314 0.9868472 -0.2404641 -0.08787047 0.9666726 -0.2021303 0.03724044 0.9786503 -0.2661466 -0.02558088 0.9635931 -0.2179121 0.1129732 0.9694077 0.3049546 -0.2014559 0.9308159 0.2935641 -0.1265009 0.9475325 0.2571851 -0.1133427 0.9596924 0.2352591 -0.02955478 0.9714832 0.3272398 0.1372855 0.9349155 0.4468213 0.09698194 0.8893511 0.3619228 0.2119362 0.9077968 0.1565957 0.08088511 0.9843451 -0.2400505 9.60413e-4 0.9707599 0.2776603 -0.2214388 0.93481 0.252719 -0.3011682 0.9194732 0.1875627 -0.2992748 0.9355506 0.1469967 -0.3659107 0.9189676 0.08880358 -0.3964599 0.913747 0.07128298 -0.2464089 0.9665409 -0.04138088 -0.2925468 0.9553555 -0.2184482 0.04380345 0.974865 -0.1974929 0.1157617 0.9734454 -0.257379 0.07598841 0.9633181 -0.3178625 -0.1076178 0.9420096 -0.3656443 -0.1368771 0.9206351 0.3053268 -0.1094077 0.9459417 0.1025375 -0.1249929 0.9868449 0.2912613 -0.09084647 0.9523202 0.2727907 -0.06309229 0.9600025 0.2959916 0.02032393 0.9549743 0.4235826 -0.0203014 0.90563 0.326121 -0.05949473 0.943454 -0.06636482 -0.124595 0.9899858 -0.3103122 -0.181158 0.9332138 0.1542283 -0.3184638 0.9353046 0.09607672 -0.3124015 0.9450792 -0.08205467 -0.1024332 0.9913499 -0.2702338 -0.02952331 0.962342 -0.3388581 -0.1825329 0.922961 0.1622062 0.1643046 0.9729816 0.02739053 0.1256478 0.9916967 0.6509318 -0.757089 0.05571293 0.7820408 -0.6223439 0.0331723 0.6335317 -0.7727665 0.03833591 0.8992232 -0.4272119 0.09427493 0.7295863 -0.6760508 0.1032432 0.9650766 -0.2331139 0.1195202 0.887946 -0.4566131 0.05528509 0.9953886 -0.05063718 0.08147001 0.9671971 -0.2498861 0.04568105 0.9913604 0.1291439 0.02294582 0.9981666 -0.05275541 0.02967238 0.9407542 0.3388586 0.01251029 0.9854865 0.1673124 0.02868634 0.7970167 0.5646493 0.2143258 0.9090134 0.4058241 0.09487593 0.6786293 0.7277135 0.09947502 0.859718 0.5020923 0.09374684 0.4261633 0.8742711 0.2324546 0.7625122 0.6389728 0.1014348 0.1544613 0.9860287 0.06236183 0.4605306 0.86173 0.2129154 0.03392708 0.761541 0.6472283 0.3602442 0.8366132 0.4126774 0.05320388 0.6929793 0.7189917 -0.2135199 0.9623576 0.168158 0.06651002 0.7073822 0.7036953 -0.1527433 0.9776844 0.1442314 0.01645916 0.998805 -0.04601955 -0.08318096 0.9838604 0.1584286 -0.009093284 0.7432357 0.668968 -0.1970432 0.9803944 -9.6488e-4 -0.1910445 0.7714807 0.6068935 -0.3920907 0.9187613 0.04629051 0.464206 -0.8841726 0.0524562 0.4710807 -0.8817972 0.02273279 0.2848006 -0.9569834 0.05542182 0.2880081 -0.957493 0.01608419 0.09258121 -0.9940416 0.05753308 -0.1227105 -0.9888989 0.08379155 -0.1096254 -0.9918392 0.06509619 -0.2799347 -0.9542083 0.1054669 -0.3016474 -0.9499455 0.08131712 -0.4631751 -0.8828201 0.07808727 -0.4257712 -0.9016554 0.07574075 -0.5943945 -0.8038534 0.02269423 -0.7554324 -0.6066986 0.247465 -0.7512277 -0.6597598 0.01933914 -0.8237642 -0.4447039 0.3516406 -0.8838783 -0.4655447 0.04502588 -0.8852432 -0.3027248 0.3531323 -0.9655029 -0.2591372 0.02553778 -0.9573312 -0.1095334 0.2674311 -0.9978725 -0.05358272 -0.03714185 -0.9890951 0.1463574 -0.01644998 -0.9191878 0.3820298 0.0956403 -0.9338594 0.3529042 0.05801206 -0.7788713 0.6217024 0.08273833 -0.8008239 0.5744994 0.1692093 -0.6016157 0.795691 0.07024657 -0.6068555 0.7181509 0.3405671 -0.3923095 0.7571947 0.5222542 0.6712377 -0.1972854 -0.7145057 0.8778114 -0.468298 -0.100719 0.6769551 -0.3527678 -0.6459774 0.7608696 -0.6420645 -0.09397166 0.5898827 -0.4937832 -0.6389183 0.6192312 -0.7841078 -0.04156816 0.4816923 -0.5997692 -0.6389441 0.4524176 -0.8718285 0.1877061 0.3655505 -0.6970915 -0.6167952 0.2182078 -0.7598518 -0.6123811 0.2678715 -0.94024 0.2102227 0.07685059 -0.7643776 -0.6401726 0.08503776 -0.9954317 -0.04340988 -0.1344474 -0.9887226 -0.06596642 -0.05625581 -0.7768011 -0.6272284 -0.3569649 -0.9278138 0.1083403 -0.2167479 -0.7928059 -0.5696309 -0.5011923 -0.7734822 0.3879843 -0.4189768 -0.7998227 -0.4298163 -0.648165 -0.7281618 0.222851 -0.5340741 -0.6817715 -0.4999526 -0.7898632 -0.610387 0.05953085 -0.591148 -0.5323184 -0.6059549 -0.8266761 -0.4061844 0.3893851 -0.6772921 -0.3829821 -0.6281721 -0.8019394 -0.2221557 0.554563 -0.7218833 -0.2012826 -0.662095 -0.6937413 -0.05672699 0.7179868 -0.8944891 -0.06369584 -0.4425292 -0.9393966 0.1138645 -0.3233712 -0.8121756 0.08064997 0.5778118 -0.8892032 0.2966781 -0.3482813 -0.8614947 0.2725329 0.4284306 -0.7784605 0.4702945 -0.4157192 -0.811344 0.4559022 0.3658881 -0.579073 0.5591127 -0.5933528 -0.7473723 0.6622582 -0.05337381 -0.4466614 0.6674516 -0.5958206 -0.5793898 0.8098986 -0.09149861 -0.3437045 0.8082242 -0.4781641 -0.4442829 0.8699356 0.2140672 -0.2010454 0.8484731 -0.4895653 -0.3269509 0.9372375 0.1211982 -0.04641211 0.9453681 -0.3226841 -0.1172403 0.9925318 0.03369659 0.136758 0.9665455 -0.2169958 0.07130175 0.9917351 0.1066663 0.33823 0.8653017 -0.369937 0.281479 0.9033955 0.3234906 0.4519605 0.6703846 -0.5884864 0.556738 0.8081277 0.1922823 0.4723142 0.5422619 -0.6948894 0.6874861 0.7049564 -0.1743541 0.5251287 0.4654418 -0.7124632 0.7453451 0.6152633 -0.2567331 0.5920043 0.3722026 -0.7148401 0.8067687 0.535221 -0.2503259 0.6716956 0.2804634 -0.685686 0.9029727 0.4193683 -0.09365165 0.762905 0.1912996 -0.6175603 0.9471798 0.2269052 0.2266376 0.9503487 0.01607996 0.3107712 0.8075392 0.0439561 -0.5881738 0.9558936 -0.272258 -0.1101959 0.881906 -0.4671535 -0.06332176 0.7764192 -0.1681211 -0.6073786 0.7104779 -0.3666006 -0.6006873 -0.7566492 0.2515958 0.6034747 0.08952873 -0.006685912 0.9959619 -0.8614562 0.206578 0.4639169 0.761936 -0.6454847 -0.05294477 0.6105749 -0.5109546 -0.6050817 -0.01470965 -0.001342356 0.9998909 0.001388669 -0.03678548 0.9993223 0.5001414 -0.6251339 -0.5992215 0.6249331 -0.7787556 -0.05475801 -0.52298 0.6060216 0.5993577 0.01518607 -0.07784223 0.9968501 0.4545398 -0.8894134 -0.04834884 0.3646671 -0.702236 -0.6114594 -0.3409807 0.7217307 0.6023595 0.1479132 -0.3605105 0.9209527 0.2250152 -0.7670231 -0.6008692 0.2799118 -0.9593215 -0.03676676 -0.4707946 0.5416702 0.6963806 -0.08015763 0.8255665 0.5585827 0.08133488 -0.7972549 -0.5981383 0.07470911 -0.9967626 -0.02971363 -0.2562462 0.7430825 0.618196 0.2036288 -0.3449118 0.9162812 -0.06216025 -0.8082278 -0.5855801 -0.1374993 -0.9895659 -0.04305279 -0.07777822 0.08565384 0.9932845 -0.007862091 -0.02652001 0.9996174 -0.2179914 -0.7998762 -0.5591762 -0.3312893 -0.9410126 -0.06886672 0.1851248 0.7399461 0.6466906 -0.1817812 -0.1149526 0.9765969 -0.3718684 -0.7434101 -0.5559275 -0.5020408 -0.8615916 -0.074934 0.4258312 0.6544912 0.6247472 -0.2785181 -0.2499035 0.9273489 -0.5212473 -0.6655073 -0.5342298 -0.653441 -0.7532727 -0.07480162 0.6543059 0.5629114 0.5049899 -0.1653954 -0.08146196 0.9828572 -0.6414242 -0.5550836 -0.529582 -0.779581 -0.623574 -0.05838763 0.7242681 0.5076201 0.466645 -0.09669071 0.07787442 0.9922633 -0.743138 -0.403534 -0.5337661 -0.8856692 -0.4613083 -0.0527715 0.6957827 0.3953884 0.5996287 -0.3018948 -0.04088115 0.9524643 -0.9620926 -0.2638034 -0.0691778 -0.8131538 -0.231216 -0.5341538 0.7854425 0.339304 0.5176417 -0.2999639 -0.07275736 0.9511719 -0.9927901 -0.07379043 -0.0944606 -0.8301876 -0.06693255 -0.5534515 0.8835792 0.2843488 0.3720665 -0.3860907 -0.05919438 0.9205597 -0.9878917 0.1131196 -0.1061783 -0.8516685 0.09440714 -0.5155076 0.5848475 0.5200342 0.6225094 0.3106636 -0.7049049 0.6376498 -0.9508205 0.3014726 -0.07109671 -0.8309925 0.2744668 -0.4838591 0.7796413 0.2160259 0.5877858 -0.3577772 -0.2531754 0.8988313 -0.8613079 0.5080781 -0.002363741 -0.7429277 0.4490858 -0.4963673 0.7975897 -0.1424153 0.5861473 -0.4267846 -0.1341298 0.8943513 -0.7154358 0.698071 -0.02913141 -0.6074998 0.583117 -0.5393689 0.5594642 -0.4011858 0.725293 -0.3026338 0.01108223 0.9530426 -0.5728547 0.8149132 -0.08805656 -0.4621033 0.6753457 -0.5747773 0.4623156 -0.5899788 0.6619588 0.2127881 -0.1794616 0.9604764 -0.4298344 0.8960702 -0.1109087 -0.3142938 0.7406208 -0.5938857 -0.1613605 0.1941314 0.9676135 0.2153673 -0.1517836 0.9646652 -0.2774222 0.9476133 -0.1583226 -0.1923837 0.8112681 -0.5521165 0.2209073 -0.5017191 0.8363479 0.201353 -0.8180787 0.5387063 -0.09142613 0.9846754 -0.1485114 -0.07169175 0.9366387 -0.3428822 0.1805416 -0.5837015 0.7916422 -0.2259545 0.2036893 0.9526044 0.1065102 0.9790608 -0.1734812 0.1297438 0.94293 -0.3066751 0.1606135 -0.7301938 0.6640936 -0.2559292 0.3152161 0.9138595 0.3309599 0.9280378 -0.1709136 0.3494666 0.8067894 -0.4764075 0.0142349 -0.6623777 0.7490349 -0.2332047 0.3775154 0.8961573 0.5740951 0.7970712 -0.18733 0.4699895 0.6857791 -0.5557129 -0.3473101 -0.719507 0.601403 -0.01772665 0.4266234 0.9042558 0.6926283 0.6774302 -0.2476981 0.5211622 0.5805528 -0.6255785 -0.4918279 -0.58954 0.6407402 0.05491912 0.08227813 0.9950951 0.7440714 0.6014023 -0.2909865 0.5560742 0.4918289 -0.6699894 -0.5263176 -0.5263836 0.6677651 -0.08236855 -0.1681451 0.982315 0.7922198 0.5298326 -0.3027627 0.6156392 0.395877 -0.6813736 -0.5711525 -0.4593151 0.6803047 0.009829401 -0.06819891 0.9976233 0.861312 0.4242792 -0.2795153 0.6812672 0.2928367 -0.6709111 -0.6138764 -0.4256305 0.6648268 0.04035103 0.004719018 0.9991745 0.9439434 0.2525508 -0.2125775 0.7229809 0.18774 -0.6648702 -0.6477634 -0.5212453 0.5556132 0.1059802 0.09238636 0.9900673 0.9907022 0.03077274 -0.1325232 0.7689595 0.04721885 -0.6375513 0.4176227 -0.008037149 0.908585 0.2922525 0.152064 0.9441744 0.9746368 -0.1008045 -0.1998037 -0.7818396 0.256802 0.568137 -0.7575849 0.6381927 0.1370224 -0.61689 0.778049 0.1186873 -0.8745281 0.4632822 0.143424 -0.9627863 0.2336198 0.1358839 -0.9949647 -0.02181726 -0.09782302 -0.9722118 -0.234058 0.004603683 -0.8892067 -0.4148694 0.1928602 -0.7906829 -0.5308156 0.3050501 -0.722727 -0.6212738 0.3027949 -0.684935 -0.693466 0.2235378 -0.6105118 -0.7856281 -0.1003199 -0.3915958 -0.9147181 -0.09971755 -0.1458081 -0.987143 -0.06548851 0.08987063 -0.9950609 0.04215848 0.2802661 -0.9516093 0.126059 0.4371117 -0.8986781 0.03621077 -0.4588895 0.8865599 -0.05858451 -0.2752301 0.9586856 -0.07190501 -0.08659303 0.9881713 0.1265669 0.1232808 0.9801574 0.1552202 0.3388736 0.9402794 0.03224188 0.5130254 0.8487089 -0.1284455 0.6568739 0.7528568 -0.04151374 0.7839862 0.6153185 0.08215105 0.8870135 0.4371377 -0.1487201 0.9258916 0.2621437 -0.2720397 0.9477055 0.08640807 -0.3072264 0.9664787 -0.09532016 -0.238397 0.9415699 -0.3024047 -0.1483154 0.8574738 -0.491886 -0.1509537 0.7087082 -0.643458 0.2893 0.5852886 -0.7275524 0.3579174 0.7679812 -0.6402333 -0.01750224 0.6200566 -0.7837835 -0.03483372 0.7390255 -0.6437519 -0.198557 0.8753519 -0.4719711 0.1048923 0.8680269 -0.4951052 -0.03741943 0.9602296 -0.2647126 0.08880656 0.9442456 -0.2416349 -0.2236354 0.8381485 0.013399 -0.5452775 0.977308 -0.04803895 -0.2063039 0.8074856 0.1369145 -0.5737783 0.7954612 0.1487001 -0.5874776 0.8480485 0.2452608 -0.4697455 0.9286137 0.2999252 -0.2184527 0.8456133 0.5253691 -0.09447658 0.8310925 0.5158633 0.2077747 0.7228556 0.6871119 0.07319205 0.7099088 0.6784286 0.1891143 0.5132595 0.7539992 0.4099391 0.5572492 0.8117833 0.1745893 0.2962762 0.7263616 0.6201768 0.353007 0.8727983 0.3370597 0.1936782 0.8072394 0.5575423 0.1665384 0.6259384 0.7618833 0.126564 0.758982 0.6386923 0.1176689 0.5763701 0.8086727 0.03883588 0.8073562 0.588785 0.04997271 0.6323745 0.7730493 -0.1069225 0.8811916 0.4605096 -0.07689172 0.7615216 0.6435624 -0.294288 0.9205637 0.2568214 -0.2490585 0.7981404 0.5485818 -0.5154907 0.8522847 0.08876985 -0.4488337 0.7784507 0.4388197 0.5559383 -0.8265523 0.08799964 0.4648454 -0.8853849 0.003534972 0.4348 -0.8995336 0.04228883 0.2964704 -0.9548748 0.01787316 0.227847 -0.9617765 0.1518939 0.09239846 -0.9954614 -0.02278763 -0.02706027 -0.9234809 0.3826891 -0.1256404 -0.9617072 -0.2435856 -0.2545991 -0.8853974 0.3889098 -0.3156008 -0.9183487 -0.2388132 -0.4404743 -0.8070431 0.3932733 -0.474631 -0.816993 -0.3274872 -0.614939 -0.7108487 0.3413858 -0.5317903 -0.6523864 -0.5399917 -0.7859039 -0.5784426 0.2185387 -0.657557 -0.5733665 -0.4887429 -0.7218049 -0.6555711 0.2218656 -0.8982373 -0.4058138 0.1687746 -0.8705054 -0.4611465 0.1719427 -0.8348716 -0.4665595 -0.2920816 -0.9252364 -0.2469664 0.2880027 -0.8752131 -0.2380844 -0.4210914 -0.9365366 -0.05016547 0.3469622 -0.9707515 -0.0742141 -0.2283287 -0.9088205 0.1838699 0.3744827 -0.9931395 0.1013119 -0.05839407 -0.8304771 0.4033558 0.3842033 -0.94903 0.3147255 -0.01703321 -0.7116282 0.6187354 0.3327938 -0.8345516 0.5461556 -0.07237279 -0.6794071 0.6700482 -0.2990677 0.05297672 -0.001709342 -0.9985944 -0.5709515 0.4114746 -0.7104247 0.03950279 -0.1223892 -0.9916958 -0.6208741 0.3097391 -0.7201229 -0.0614143 -0.01192247 -0.9980412 -0.6367027 0.2085888 -0.7423614 0.1360458 0.009741008 -0.9906547 -0.5667547 0.1682679 -0.8065204 0.5901329 0.06568646 -0.8046295 -0.3843996 0.1510751 -0.9107214 0.774791 0.1498658 -0.6141981 -0.2125918 -0.0537458 -0.9756619 -0.01253116 0.01968485 -0.9997277 -0.4075063 -0.3013905 -0.8620339 -0.258588 -0.2162988 -0.9414602 -0.4616219 -0.4590385 -0.7590709 -0.206766 -0.2067828 -0.9562891 -0.4000114 -0.5444774 -0.7372485 -0.2308576 -0.2555911 -0.9388175 -0.195599 -0.2745992 -0.9414545 -0.2618618 -0.5323648 -0.8049945 -0.1422681 -0.2696805 -0.9523825 -0.164115 -0.4787147 -0.8624955 -0.0992558 -0.2653524 -0.9590289 -0.1118763 -0.4557008 -0.8830745 -0.04833239 -0.308856 -0.94988 -0.04978102 -0.5058542 -0.8611814 0.02403771 -0.3420524 -0.9393734 0.05859971 -0.5714536 -0.8185395 0.06968307 -0.2770755 -0.9583181 0.1815255 -0.5768682 -0.7964118 0.09803944 -0.2432155 -0.9650049 0.2968899 -0.5307078 -0.7938548 0.0506168 0.03436493 -0.9981268 -0.4931945 0.5114202 -0.7037107 0.01889336 0.053595 -0.998384 -0.4023503 0.6105819 -0.6821321 -0.04364699 0.01745784 -0.9988945 -0.2672358 0.6810702 -0.68171 -0.1229628 -0.1912223 -0.9738143 -0.1031489 0.7127704 -0.6937714 -0.1586295 -0.1289869 -0.9788765 0.08231788 0.6849996 -0.723878 -0.2409257 -0.1763582 -0.954386 0.2635095 0.6607466 -0.7028348 -0.3927489 -0.3267359 -0.8596464 0.3922024 0.5518044 -0.7359954 0.5976274 0.4746239 -0.6461995 0.4714026 0.3976099 -0.7872014 -0.1929907 -0.280742 -0.9401801 0.7280076 0.349702 -0.5896724 0.003101646 -0.06637966 -0.9977896 0.7453407 0.1689365 -0.6449246 -0.1966466 -0.1029072 -0.9750591 0.7650156 0.02829861 -0.6433898 -0.03979784 -0.03424119 -0.9986209 0.7780134 -0.1079955 -0.618896 0.1310058 0.01230257 -0.9913054 0.7300637 -0.2452612 -0.6378511 0.256087 -0.01642894 -0.9665142 0.649487 -0.382183 -0.6573455 0.2687614 -0.05445176 -0.9616664 0.4194078 -0.4182963 -0.8056831 -0.009273648 0.08490782 -0.9963456 -0.7612985 0.6211621 -0.1859627 -0.8599478 0.466013 -0.208139 -0.9463028 0.2881847 -0.1464939 -0.9565902 0.07651805 0.2812123 -0.8325504 -0.127377 0.5391057 -0.7229964 -0.2322171 -0.6506547 -0.6734558 -0.4617251 -0.5772932 -0.6629571 -0.670602 -0.3328377 -0.5067319 -0.7883448 -0.3489062 -0.309004 -0.7799512 -0.544236 -0.1745128 -0.6905491 -0.7019169 -0.1256093 -0.6424074 -0.7559995 -0.06328552 -0.6869037 -0.7239878 0.06857842 -0.7730847 -0.6305849 0.2489386 -0.8080726 -0.5338991 0.4490227 -0.7747433 -0.4451419 -0.6115258 0.758315 -0.2258192 -0.4514399 0.8640604 -0.2227144 -0.2683731 0.937767 -0.2203841 -0.0735836 0.9761387 -0.2043009 0.1265025 0.9802175 -0.1522197 0.3182824 0.9341976 -0.1611555 0.4956825 0.8647708 -0.08043867 0.6344624 0.7595236 0.1434627 0.8901901 0.4513828 0.06176781 0.7687546 0.629143 0.1148717 0.9639798 0.2361313 0.1224133 0.9977674 0.05307531 -0.04053825 0.9871559 -0.125859 -0.09840232 0.9355055 -0.3198533 -0.1500784 0.8305193 -0.5259957 -0.1832111 0.6644916 -0.696727 -0.2702265 -0.6277247 0.1447516 -0.7648587 -0.1007398 -0.00402671 -0.9949047 -0.2638272 0.1276075 -0.9560919 -0.1266083 0.02809333 -0.991555 -0.2904493 0.1142664 -0.9500434 -0.1396571 0.04562973 -0.989148 -0.2793526 0.08499425 -0.9564195 -0.1658548 0.1120617 -0.9797624 -0.2889047 0.101926 -0.9519167 -0.2531113 0.1424549 -0.9568915 -0.4273629 0.07427942 -0.9010236 -0.3265312 -0.009094893 -0.9451427 -0.5103893 -0.1149186 -0.8522303 -0.2762798 -0.1345975 -0.9516056 -0.4248903 -0.2446128 -0.8715692 -0.2646253 -0.1461654 -0.9532099 -0.4210116 -0.324624 -0.8469761 -0.3018292 -0.4813326 -0.8229326 -0.2168542 -0.1988195 -0.9557432 -0.1429486 -0.4174236 -0.8973981 -0.1248434 -0.2303568 -0.9650648 -0.07735723 -0.3351675 -0.9389774 -0.08626228 -0.2209737 -0.9714575 -0.06296318 -0.2889854 -0.9552608 -0.1037597 -0.2155007 -0.9709755 -0.04696607 -0.3354708 -0.9408792 -0.1144349 -0.2858694 -0.9514112 -0.001678168 -0.3566728 -0.934228 0.02343446 -0.4173585 -0.9084398 0.1170834 -0.3460944 -0.9308653 0.1384481 -0.4398223 -0.8873491 0.1801809 -0.2958465 -0.9380884 0.2330741 -0.4149928 -0.8794643 -0.5926862 0.2981275 -0.7482267 -0.1403432 -0.02055776 -0.9898895 -0.5043337 0.4506686 -0.7365768 -0.1674656 0.02803695 -0.9854792 -0.3905983 0.560646 -0.7301432 -0.1675959 0.1113376 -0.9795487 -0.2682858 0.6222625 -0.7353994 -0.1372694 0.1737309 -0.9751794 -0.1421446 0.6448069 -0.751012 -0.08990269 0.1924754 -0.9771749 -0.03085613 0.6454187 -0.7632055 -0.03711938 0.1871097 -0.9816375 0.07580715 0.1459895 -0.9863774 0.01581668 0.1834596 -0.9829 0.6162722 0.2833274 -0.7348023 0.133191 0.1032972 -0.9856926 0.7102392 0.1400148 -0.6898958 0.1365048 0.04181766 -0.9897564 0.7261583 -0.07169866 -0.6837788 0.1167431 0.01047527 -0.9931069 0.6730967 -0.230522 -0.7027094 0.1313995 0.02789908 -0.9909369 0.6343442 -0.2983815 -0.7131451 0.1890023 0.01680076 -0.981833 0.6432435 -0.3574425 -0.6771062 0.2602683 -0.06861484 -0.9630953 0.5727857 -0.471807 -0.6703095 0.2562718 -0.1277818 -0.9581214 0.4170625 -0.5243183 -0.7423943 0.2323957 -0.2158945 -0.9483574 0.2712106 -0.563403 -0.7803986 -0.1215329 -0.005286276 -0.9925734 -0.1961396 0.1673232 -0.9661948 -0.1203137 0.04368281 -0.9917744 -0.2041749 0.1534227 -0.9668372 -0.1546675 0.07113915 -0.9854021 -0.2194349 0.1496729 -0.964078 -0.1879134 0.08183109 -0.9787708 -0.2414736 0.1618549 -0.9568143 -0.2165107 0.1386827 -0.96638 -0.2385693 0.1644484 -0.9571006 -0.2390888 0.1830133 -0.9535947 -0.209407 0.1100509 -0.9716159 -0.223913 0.08784276 -0.9706425 -0.1818516 -0.06298637 -0.9813066 -0.1647385 0.02822273 -0.9859335 -0.1749264 -0.08424037 -0.9809712 -0.09526556 -0.05151957 -0.9941179 -0.1212838 -0.08053302 -0.9893456 -0.09376788 -0.06196099 -0.9936642 -0.08580803 -0.1030271 -0.9909704 -0.2264103 -0.04313516 -0.9730765 -0.07929265 -0.1305072 -0.9882715 -0.3097025 -0.1374316 -0.9408491 -0.176041 -0.1959229 -0.9646885 -0.3497847 -0.1920695 -0.9169297 -0.240005 -0.2455953 -0.9391915 -0.1836838 -0.2750604 -0.9437172 -0.006943285 -0.2306025 -0.9730234 -0.04220193 -0.304861 -0.9514615 0.1895146 -0.1666303 -0.9676356 0.1270052 -0.2681971 -0.9549556 0.2695313 -0.06862753 -0.9605432 0.1845138 -0.2023672 -0.9617704 -0.142634 -0.01176744 -0.9897056 -0.2071806 0.1349299 -0.9689531 -0.1451172 0.02678602 -0.9890518 -0.2199255 0.1292639 -0.9669145 -0.1167872 0.06739801 -0.9908674 -0.2253909 0.1472356 -0.9630787 -0.08263838 0.09385389 -0.9921504 -0.1761325 0.1799483 -0.9677789 -0.05133575 0.1261387 -0.9906834 -0.1511831 0.2179479 -0.9641797 -0.0406962 0.2709618 -0.9617295 -0.106604 0.2457458 -0.9634546 -0.001589059 0.1638388 -0.9864858 0.062774 0.2696864 -0.9609 0.06812018 0.1787126 -0.9815404 0.1781525 0.1686423 -0.9694439 0.1516403 0.1263896 -0.9803219 0.242936 0.01890337 -0.9698581 0.1760885 0.04069912 -0.9835326 0.2185925 -0.06034916 -0.9739483 0.1365885 3.27603e-4 -0.9906279 0.1684464 -0.02044266 -0.9854988 0.1123571 0.02831131 -0.9932646 0.1563496 0.06845641 -0.9853267 0.1230204 0.06275963 -0.9904177 0.1811801 0.1101056 -0.9772669 0.169492 0.02212667 -0.9852832 0.2410883 0.08775722 -0.9665274 0.2024026 -0.03713399 -0.9785982 0.2658677 0.02558773 -0.9636699 0.2114411 -0.1126358 -0.970879 -0.3207152 0.1775557 -0.9303848 -0.3088532 0.121048 -0.9433754 -0.3053267 0.1197377 -0.9446896 -0.2822687 0.1150307 -0.9524139 -0.2688462 0.1126562 -0.9565722 -0.2530827 0.08386433 -0.9638029 -0.2435144 0.03578376 -0.969237 -0.2547509 -0.02460902 -0.9666935 -0.3191897 -0.1225903 -0.9397285 -0.4137575 -0.003407835 -0.9103808 -0.4311282 -0.07714939 -0.8989864 -0.3238092 -0.028907 -0.9456808 -0.1359805 -0.06011122 -0.9888863 0.09961014 0.03827357 -0.9942902 0.2701213 0.03534376 -0.9621775 0.3406699 0.1411405 -0.9295286 -0.2745316 0.2214772 -0.9357245 -0.2667183 0.3163555 -0.9103738 -0.1864355 0.3008469 -0.9352716 -0.1475213 0.3801529 -0.9130834 -0.08864974 0.3974155 -0.9133468 -0.1517079 0.3223807 -0.9343745 0.04172569 0.2932742 -0.9551174 -0.07529312 0.3059185 -0.9490758 0.2188651 -0.04366886 -0.9747775 0.1068394 0.0822826 -0.9908658 0.1977567 -0.116034 -0.9733594 0.2576406 -0.07623612 -0.9632287 0.3180855 0.1076934 -0.9419255 0.2364518 0.02588087 -0.9712985 0.3659384 0.1366344 -0.9205543 0.3300291 0.1721757 -0.9281359 -0.1026199 0.1248048 -0.9868601 0.6285519 -0.732439 0.2616405 0.7305008 -0.5715453 0.3737708 0.5258203 -0.6971093 -0.4873928 0.8233869 -0.4351157 0.3642917 0.5711215 -0.6088541 -0.5505606 0.8898122 -0.2569763 0.3770909 0.6363685 -0.4200084 -0.6470149 0.9400422 -0.1197801 0.3193329 0.746573 -0.1667181 -0.6440759 0.9499855 -0.06151694 0.3061751 0.7812728 0.03971046 -0.6229254 0.9447621 0.3274869 0.01330769 0.7886792 0.1086331 -0.6051316 0.794181 0.4994505 0.3461586 0.5210151 0.09817522 -0.8478827 0.6847121 0.6522512 0.3251734 0.2922656 0.1845838 -0.9383548 0.4680364 0.7397216 0.4834811 0.4211382 0.4796018 -0.7698214 0.2518705 0.6500929 0.7168965 0.09082055 0.4367739 -0.894975 0.1985495 0.5879005 -0.7841883 0.1367418 0.5315188 0.8359364 0.02354216 0.4644505 -0.8852861 0.1099399 0.4819449 0.869277 0.002744257 0.4805076 -0.8769864 0.07144355 0.5209374 0.8505999 -0.02470773 0.4702242 -0.8822011 -0.04548007 0.6110221 0.7903061 -0.09601026 0.5292335 -0.8430267 -0.1966981 0.6435113 0.7397318 -0.1955588 0.508212 -0.8387356 -0.3594959 0.6447168 0.6746132 -0.3096852 0.3976655 -0.8636882 0.4647041 -0.8762713 0.1272743 0.3850635 -0.8104622 -0.4414489 0.2826145 -0.9224511 0.2630838 0.2040088 -0.8348286 -0.5113136 0.1053463 -0.9101682 0.4006197 -0.006717801 -0.7750821 -0.6318249 -0.07146781 -0.8966552 0.4369232 -0.1508508 -0.7449854 -0.6498006 -0.249561 -0.8649919 0.4353257 -0.2779183 -0.7032003 -0.654424 -0.4209125 -0.818925 0.3901214 -0.4018139 -0.6098923 -0.6830644 -0.5793861 -0.7583828 0.2986093 -0.4609075 -0.5398442 -0.7043669 -0.7375581 -0.6416265 0.2105319 -0.5059422 -0.4821337 -0.7152409 -0.8845605 -0.4468956 0.1335562 -0.5904823 -0.3213146 -0.7403295 -0.671205 -0.1807343 -0.7189013 -0.6184438 -0.639235 0.4570624 -0.7061046 -0.08173614 -0.7033743 -0.7281271 -0.4981946 0.4707794 -0.7077274 0.05578678 -0.7042797 -0.8278066 -0.2732001 0.4899979 -0.5729535 0.19733 -0.7954779 -0.8505652 -0.01739555 0.525582 -0.4165068 0.3321985 -0.8462662 -0.762831 0.2207893 0.6077343 -0.3759887 0.3997473 -0.8359634 -0.6039765 0.4169505 0.6792383 -0.296856 0.9534671 0.05269891 0.9999759 -0.004263103 0.00548917 -0.9429365 -0.2984582 0.1476261 0.7754743 -0.625559 0.08553016 0.5008228 -0.6860099 0.5277945 0.6053394 -0.786546 0.1221053 0.3272191 -0.6976984 0.6372948 0.4052536 -0.8064673 0.430558 0.2531365 -0.8543763 0.4538317 0.2315924 -0.7312539 0.6415861 0.09274929 -0.9881839 0.1220256 0.07997858 -0.8273144 0.5560166 -0.1685485 -0.7854412 0.5955448 -0.1524925 -0.9826083 0.1059585 -0.3627294 -0.7097451 0.6038951 -0.3759032 -0.8736724 0.308858 -0.4737197 -0.6603406 0.5827006 -0.4907316 -0.7255796 0.4824073 -0.5372421 -0.5672311 0.6241955 -0.6138767 -0.6819928 0.3975441 -0.6483841 -0.4072762 0.643214 -0.7821425 -0.5770789 0.2350172 -0.5297734 -0.1728356 0.8303422 -0.6932459 -0.2980735 0.6561726 -0.3750836 -0.09399932 0.9222129 -0.5437049 -0.1462464 0.8264364 -0.5675117 -0.05456721 0.8215553 -0.4523244 -0.06031203 0.8898119 -0.7506583 0.06069135 0.6578972 -0.6803535 0.03606992 0.7319961 -0.8148202 0.2499104 0.5230804 -0.7611831 0.2279508 0.6071563 -0.7780104 0.415087 0.4715958 -0.7247911 0.3633337 0.5853773 -0.7589523 0.645442 0.08600074 -0.6076047 0.4779926 0.6343025 -0.5773503 0.8157572 0.03473967 -0.5213857 0.7136988 0.4677511 -0.4355996 0.853711 0.2853607 -0.4232138 0.8181579 0.3892398 -0.3419675 0.9007549 0.2677665 -0.335088 0.7326043 0.5924584 -0.1321325 0.9788733 0.1560392 -0.1724984 0.8701312 0.461645 0.06423336 0.9735103 0.2194352 0.05022662 0.9217714 0.3844671 0.2730203 0.8850407 0.3770453 0.2557891 0.8264328 0.5015784 0.5061414 0.7539113 0.4188543 0.3684993 0.5515509 0.7483314 0.7004171 0.7119312 0.05069434 0.52068 0.4969717 0.6941984 0.769451 0.62973 -0.1067024 0.7051047 0.5630726 0.4310182 0.8295048 0.5493764 -0.1005365 0.7730224 0.5117575 0.3748875 0.9081803 0.4111992 0.07825535 0.8123423 0.3717947 0.4492982 0.8464278 0.1700016 0.504638 0.9173762 0.2074401 0.3396902 0.7967945 0.01436263 0.6040797 0.8960661 0.02148199 0.4434006 0.8373755 -0.1796848 0.5162518 0.9668472 -0.228317 0.1143591 0.7733483 -0.4116086 0.4821937 0.8810995 -0.4698802 0.05363214 0.6833534 -0.434782 0.5865091 0.6277372 -0.7782545 -0.01631212 0.4744521 -0.880213 -0.01097488 0.2973535 -0.9546513 0.01489925 0.07262116 -0.9972088 0.01734071 -0.1703681 -0.9852893 -0.01340907 -0.3533139 -0.933882 -0.05507963 -0.5012827 -0.8617923 -0.07765161 -0.6454798 -0.7574071 -0.09843915 -0.7735963 -0.6128861 -0.1609957 -0.8464177 -0.4694955 -0.251299 -0.9032536 -0.3316575 -0.2722797 -0.9604318 -0.1674547 -0.222553 -0.9847123 0.05153703 -0.1663903 -0.9613147 0.2499024 -0.1158565 -0.8850962 0.4652622 -0.01166158 -0.7100499 0.7041465 0.002641558 -0.5347074 0.8423551 -0.06727665 -0.4271667 0.8968111 -0.1151459 -0.3053044 0.9491761 -0.07651245 -0.1011747 0.9939441 -0.04288464 0.1205096 0.9892855 -0.08241182 0.332611 0.9306017 -0.152808 0.5603328 0.7926846 -0.2401633 0.6845491 0.6650742 -0.2984442 0.7269944 0.5960528 -0.3408818 0.7633654 0.5408066 -0.3532726 0.8227263 0.4591799 -0.3350754 0.9054673 0.3451358 -0.2470025 0.9857538 0.09433382 -0.1392509 0.976966 -0.2033113 -0.06482195 0.8955795 -0.443141 -0.03954023 0.7776024 -0.6276826 -0.036731 0.6529987 -0.757322 0.007499814 0.5312813 -0.8471881 -0.003525912 0.3467684 -0.9378717 -0.01219034 0.1263304 -0.9919007 0.01317816 0.09435933 -0.9944419 0.04670888 -0.1277108 -0.9881051 0.08566409 -0.2523218 -0.9590082 0.1289848 -0.3929496 -0.9035212 0.1709976 -0.5316848 -0.813372 0.2360879 -0.5959957 -0.7921159 0.1316881 -0.7009362 -0.5257217 0.4819805 -0.7440153 -0.3972427 0.5372519 -0.771553 -0.3343231 0.541234 -0.8448615 -0.2362452 0.4799973 -0.9870216 0.1440243 0.07103079 -0.9265068 -0.06183576 0.3711626 -0.9335764 0.2709898 0.2345204 -0.8808759 0.464302 0.0920943 -0.6965817 0.7057432 -0.1292303 -0.5211576 0.8268823 -0.2113307 -0.3468049 0.9141114 -0.2100636 -0.1636526 0.9555047 -0.2454153 0.03784871 0.9487434 -0.313773 0.14415 0.9427249 -0.3008167 0.2002118 0.9546667 -0.2202876 0.4426947 0.8927279 0.08401435 0.670166 0.6563631 0.3465042 0.7218897 0.5398224 0.4329747 0.7660606 0.4630205 0.4458287 0.8208101 0.3593714 0.4439854 0.8949853 0.2522503 0.3679283 0.9847686 0.02613377 0.1718949 0.9759458 -0.2106431 0.05620825 0.9151024 -0.4027646 0.01919269 0.7965312 -0.6045418 0.008198916 0.4426518 -0.2947815 0.8468549 0.463036 -0.2136627 0.8602011 0.3091283 -0.1126091 0.94433 0.04238867 -0.08905547 0.9951243 0.6136639 0.01510953 0.7894228 0.8716182 0.3131408 0.3771269 0.5463435 0.3397852 0.7655422 0.5606831 0.4990655 0.6607331 0.3461135 0.4698898 0.8120401 0.1860958 0.36935 0.9104663 0.128429 0.3227863 0.937718 0.09751194 0.3020835 0.9482811 0.0518285 0.349207 0.9356112 -0.0441308 0.4689662 0.8821129 -0.1500952 0.4602317 0.875019 -0.256143 0.452256 0.8543157 -0.3462827 0.3745069 0.8601354 -0.4546923 0.2936605 0.840844 -0.5411331 0.2154719 0.8128633 -0.5473564 0.0895971 0.8320897 -0.4753464 -0.02202999 0.879523 -0.4617489 -0.09379798 0.8820374 -0.4299197 -0.2091578 0.8783063 -0.3431326 -0.2947438 0.8918443 -0.2398794 -0.349407 0.9057443 -0.1716455 -0.412576 0.8946054 -0.07590872 -0.4176108 0.9054497 0.01807701 -0.4247388 0.9051355 0.1072022 -0.4894966 0.8653905 0.2732993 -0.7694398 0.5772955 0.465837 -0.8386932 0.2821166 0.5621413 -0.6312526 0.5343383 0.7300856 -0.6388737 -0.242519 0.8613011 -0.4902067 -0.1336333 0.9219073 -0.2170289 -0.3209137 0.831681 0.02308773 -0.5547735 0.7962051 0.1379346 -0.5890939 0.7580187 0.2083714 -0.6180527 0.8049605 0.4785899 -0.3506998 0.7282686 0.6852911 -0.001063764 0.5647225 0.8251957 0.0118609 0.3671001 0.9217082 0.1252657 0.2111368 0.9116144 0.3526762 0.1318354 0.8798571 0.4565861 0.02764344 0.9171804 0.3975123 -0.1321941 0.9404814 0.3130806 -0.3203023 0.9456923 0.05543136 -0.5347087 0.8326733 -0.1440207 -0.6012192 0.623069 -0.5003205 -0.800176 0.5383539 -0.264374 -0.9313899 0.3129079 -0.1860151 -0.9770737 0.1029422 -0.1863602 -0.9281094 -0.07350283 -0.3649802 -0.8235021 -0.2087386 -0.5275155 -0.8075411 -0.4234614 -0.410558 -0.6038274 -0.546087 -0.5806733 -0.4947522 -0.5957697 -0.6326759 -0.4500222 -0.7346255 -0.5077454 -0.3105748 -0.8588954 -0.4072371 -0.1391121 -0.9064882 -0.3986566 0.07153022 -0.9881366 -0.1359032 0.290059 -0.9566844 -0.0249142 0.4641139 -0.8855594 -0.01957303 0.6226678 -0.7790331 -0.07343184 -0.7169834 0.6416338 -0.2724719 -0.8587563 0.4646127 -0.2160385 -0.9406896 0.2878457 -0.1795774 -0.9949753 0.09407436 0.03426712 -0.9912318 -0.1041603 0.08130347 -0.8804828 -0.2867544 -0.3775209 -0.731163 -0.4777519 -0.4869844 -0.6818023 -0.6673209 -0.2997138 -0.4996314 -0.808128 -0.3119257 -0.294613 -0.7809116 -0.5507999 -0.1617189 -0.6790762 -0.7160326 -0.1244968 -0.6239491 -0.7714843 -0.07443356 -0.6652583 -0.7428937 0.05722659 -0.7559489 -0.6521245 0.2410253 -0.7973481 -0.5533018 0.440613 -0.7719554 -0.4581978 0.6462642 -0.6916186 -0.3225002 0.8209529 -0.5315182 -0.2086262 0.9348889 -0.3255598 -0.1413989 0.9876137 -0.129752 -0.0882256 0.9971503 0.05066114 -0.05590033 0.9721082 0.2340887 0.01443034 0.8933755 0.4482832 0.03037196 0.7624041 0.6464469 0.02909743 0.6192933 0.7844442 -0.03351527 0.4662287 0.8708605 -0.1556689 0.2900995 0.9390422 -0.1845047 0.09941095 0.9779067 -0.1838914 -0.09661012 0.9770565 -0.1898077 -0.2883484 0.9375429 -0.1945982 -0.4707024 0.8600633 -0.1968007 -0.6313786 0.7473282 -0.2070311 -0.4863167 0.87291 0.03904175 -0.3970013 0.9160403 0.05709844 -0.3839972 0.9224083 0.04134124 -0.1622999 0.9838216 0.07585406 0.2519848 0.9676665 -0.01119834 0.4292648 0.876606 -0.2174713 0.6036158 0.7291292 -0.3225193 0.7270806 0.5863261 -0.3571771 0.7411383 0.5468152 -0.389496 0.7523235 0.523671 -0.3997225 0.7879968 0.4887213 -0.3744499 0.8361455 0.4383162 -0.3297568 0.9266206 0.2808572 -0.2499872 0.9903058 -0.1083862 -0.08687245 0.9160417 -0.4009512 -0.01028126 0.8016168 -0.5978361 0.001607596 0.6220862 -0.7828541 -0.01217782 0.5086966 -0.8608432 -0.01329797 0.3687924 -0.9290363 0.02973139 0.1023753 -0.9945721 0.01859593 -0.1884552 -0.9812379 -0.04070562 -0.3742676 -0.9229758 -0.08966302 -0.6485899 -0.7407836 -0.1748453 -0.7716264 -0.5635488 -0.2949671 -0.74274 -0.5055601 -0.4390288 -0.75342 -0.4428666 -0.4860324 -0.7944191 -0.3408795 -0.5026923 -0.8546404 -0.2520037 -0.4539648 -0.9376061 -0.05405282 -0.3434721 -0.9702629 0.1764113 -0.165738 -0.9283138 0.3512197 -0.1219768 -0.7091246 0.699358 0.08967047 -0.8853216 0.4642931 -0.02525281 -0.5446433 0.8310237 0.1129752 -0.3866747 0.9169953 0.09799182 -0.2691026 0.9620988 0.04415506 -0.02159482 0.9997539 0.005079746 0.3816474 0.9177418 -0.1099782 0.691424 0.6777255 -0.2502418 0.8055806 0.5338875 -0.2569128 0.8143095 0.4941884 -0.3044304 0.7799115 0.5260457 -0.339137 0.7632945 0.5539184 -0.3324995 0.7733712 0.558466 -0.3000216 0.8321108 0.4972205 -0.2456901 0.9011962 0.3782091 -0.2116686 0.9895457 0.06201261 -0.1302074 0.9234355 -0.3837313 0.004156589 0.7687221 -0.6383144 0.0402646 0.6037883 -0.7970639 0.01135808 0.5722268 -0.8198346 0.02068507 0.5500708 -0.8334257 0.05313998 0.2311595 -0.9724659 0.02958709 -0.1762752 -0.9839333 -0.02832549 -0.3521822 -0.9319214 -0.08654642 -0.4739144 -0.8550585 -0.2104281 -0.5919232 -0.7231466 -0.3559298 -0.6877641 -0.4044728 -0.6028121 -0.7312956 -0.3449219 -0.5884178 -0.7323126 -0.41069 -0.543187 -0.7886812 -0.4010966 -0.465944 -0.8909097 -0.2722903 -0.3635078 -0.9670877 0.03128522 -0.2525128 -0.9755908 0.1259731 -0.1798707 -0.9125068 0.4088912 0.01180732 -0.4388946 0.8977034 -0.03873324 -0.1913912 0.9779021 -0.08412379 -0.1156261 0.9895105 -0.08660018 -0.02323281 0.9986027 -0.04746526 0.3973743 0.9169221 -0.03670984 0.7929254 0.6060882 -0.06266117 0.9141522 0.4041926 0.03089147 0.8968898 0.4381837 0.05986559 0.8222513 0.5657098 0.06225353 0.7550113 0.653105 0.05841183 0.7764171 0.6277302 0.05595928 0.8586872 0.510681 0.04314202 0.9241705 0.3811878 0.02459126 0.9881893 0.1521809 0.01797282 0.9674196 -0.2529122 0.01161664 0.7705497 -0.6372331 0.01369035 0.6234183 -0.7818875 0.001245617 0.5917772 -0.804575 0.04958975 0.5644134 -0.822289 0.07265353 0.3418936 -0.938056 0.05621308 0.06034678 -0.9981688 0.00417912 -0.1896058 -0.9817168 0.01679193 -0.4604939 -0.8810701 -0.1079862 -0.6466699 -0.7217658 -0.2467231 -0.7523974 -0.5389587 -0.3787109 -0.8562771 -0.5004211 -0.1279396 -0.8117243 -0.5688402 -0.1323801 -0.8080793 -0.5747026 -0.129324 -0.8653163 -0.4911191 -0.1001487 -0.9849765 -0.1663993 -0.04618048 -0.9983728 0.05664849 0.006546437 -0.4014664 0.8843982 -0.2380431 -0.1739904 0.9619374 -0.2107219 -0.2882483 0.9469722 -0.1419745 -0.1403165 0.9821513 -0.1252605 0.23217 0.9719532 -0.037472 0.5467992 0.8361828 0.04253393 0.815557 0.4992467 0.292608 0.7899587 0.4881769 0.3710103 0.771602 0.4878705 0.4081823 0.772527 0.4989826 0.3927066 0.7928715 0.5004284 0.3477446 0.8518828 0.4291219 0.3002501 0.9306178 0.2709017 0.246095 0.9883096 -0.09309554 0.1207371 0.9446607 -0.3275778 -0.01758056 0.7938269 -0.6065792 -0.043594 0.6493131 -0.7604319 -0.01165825 0.6314249 -0.7753644 0.01061654 0.5609794 -0.8278293 -0.001046717 0.2962946 -0.9546581 -0.02893984 -0.05308914 -0.9978119 -0.03940904 -0.2822795 -0.955132 0.08967387 -0.380068 -0.9121611 0.1533317 -0.565416 -0.7885714 0.2417846 -0.7782074 -0.4743729 0.4115383 -0.7927017 -0.4201686 0.4416813 -0.7905015 -0.4307371 0.4353997 -0.7885939 -0.4757904 0.3895426 -0.8570339 -0.3916121 0.3348627 -0.9673767 -0.09109127 0.2363997 -0.9822457 0.1329107 0.132394 -0.846714 0.5240049 -0.09216499</float_array>
          <technique_common>
            <accessor source="#Can_Food_Damaged_LableB_001-mesh-normals-array" count="1442" stride="3">
              <param name="X" type="float"/>
              <param name="Y" type="float"/>
              <param name="Z" type="float"/>
            </accessor>
          </technique_common>
        </source>
        <source id="Can_Food_Damaged_LableB_001-mesh-map-0">
          <float_array id="Can_Food_Damaged_LableB_001-mesh-map-0-array" count="17280">0.49746 0.1210872 0.476393 0.1322567 0.47673 0.1210872 0.476393 0.1322567 0.45638 0.1210972 0.47673 0.1210872 0.454908 0.1326799 0.43594 0.1211072 0.45638 0.1210972 0.43281 0.1339784 0.41544 0.1211172 0.43594 0.1211072 0.408883 0.1372533 0.39471 0.1211372 0.41544 0.1211172 0.387303 0.1385968 0.37409 0.1211672 0.39471 0.1211372 0.37409 0.1211672 0.356543 0.1304972 0.35375 0.1211872 0.356543 0.1304972 0.33345 0.1212072 0.35375 0.1211872 0.98891 0.1214272 0.96798 0.1211672 0.98769 0.1211672 0.96798 0.1211672 0.949157 0.1333131 0.94756 0.1211672 0.949157 0.1333131 0.92721 0.1211772 0.94756 0.1211672 0.927587 0.1347895 0.90711 0.1211572 0.92721 0.1211772 0.906033 0.1356709 0.88662 0.1211572 0.90711 0.1211572 0.885438 0.1363027 0.86663 0.1211372 0.88662 0.1211572 0.86663 0.1211372 0.847443 0.1356813 0.84624 0.1211072 0.84624 0.1211072 0.827211 0.1347064 0.82602 0.1210872 0.51801 0.1210772 0.497427 0.1323474 0.49746 0.1210872 0.53849 0.1210672 0.518085 0.1326243 0.51801 0.1210772 0.55892 0.1210472 0.538477 0.1327986 0.53849 0.1210672 0.55892 0.1210472 0.578666 0.1328393 0.558573 0.1328561 0.57939 0.1210472 0.599266 0.1329303 0.578666 0.1328393 0.6203 0.1210372 0.599266 0.1329303 0.59986 0.1210472 0.64071 0.1210372 0.620641 0.1336006 0.6203 0.1210372 0.64071 0.1210372 0.659315 0.1326796 0.642434 0.1346806 0.66118 0.1210272 0.679094 0.1321145 0.659315 0.1326796 0.68173 0.1210272 0.700471 0.1327532 0.679094 0.1321145 0.70235 0.1210272 0.722617 0.1322876 0.700471 0.1327532 0.74387 0.1210172 0.722617 0.1322876 0.72342 0.1210072 0.74387 0.1210172 0.761776 0.1354516 0.742411 0.1338829 0.76435 0.1210372 0.783767 0.1344494 0.761776 0.1354516 0.78498 0.1210772 0.805824 0.1341298 0.783767 0.1344494 0.80562 0.1210772 0.827211 0.1347064 0.805824 0.1341298 0.496978 0.31841 0.47667 0.33325 0.475715 0.318088 0.517901 0.318558 0.49725 0.33323 0.496978 0.31841 0.538605 0.31885 0.51782 0.33322 0.517901 0.318558 0.55874 0.33321 0.538605 0.31885 0.559169 0.319164 0.57922 0.33321 0.559169 0.319164 0.580053 0.318725 0.59969 0.3332 0.580053 0.318725 0.601491 0.317763 0.62006 0.33318 0.601491 0.317763 0.62208 0.318211 0.64053 0.33319 0.62208 0.318211 0.642335 0.318382 0.66095 0.33319 0.642335 0.318382 0.662394 0.318137 0.6813 0.33318 0.662394 0.318137 0.681606 0.319393 0.701349 0.320133 0.6813 0.33318 0.681606 0.319393 0.721587 0.31944 0.70182 0.33319 0.701349 0.320133 0.742129 0.318709 0.7223 0.33318 0.721587 0.31944 0.76298 0.3332 0.742129 0.318709 0.764503 0.318843 0.78373 0.33321 0.764503 0.318843 0.784194 0.317846 0.800857 0.316215 0.78373 0.33321 0.784194 0.317846 0.82434 0.31663 0.80418 0.33321 0.800857 0.316215 0.84698 0.317556 0.82478 0.33322 0.82434 0.31663 0.868478 0.317825 0.84541 0.33321 0.84698 0.317556 0.889042 0.318321 0.866 0.33323 0.868478 0.317825 0.908186 0.319651 0.88652 0.33325 0.889042 0.318321 0.925961 0.321559 0.90693 0.33326 0.908186 0.319651 0.943975 0.323333 0.92746 0.33326 0.925961 0.321559 0.965975 0.325097 0.94801 0.33328 0.943975 0.323333 0.98873 0.33306 0.96864 0.33329 0.965975 0.325097 0.35392 0.323684 0.33347 0.33334 0.33328 0.33309 0.374332 0.322113 0.35382 0.33332 0.35392 0.323684 0.395659 0.321872 0.3741 0.3333 0.374332 0.322113 0.41487 0.33328 0.395659 0.321872 0.415258 0.319596 0.43554 0.33327 0.415258 0.319596 0.433653 0.317914 0.454044 0.317451 0.43554 0.33327 0.433653 0.317914 0.475715 0.318088 0.45606 0.33326 0.454044 0.317451 0.495125 0.1588629 0.476393 0.1322567 0.497427 0.1323474 0.518085 0.1326243 0.495125 0.1588629 0.497427 0.1323474 0.534249 0.1597423 0.518085 0.1326243 0.538477 0.1327986 0.551982 0.1598022 0.538477 0.1327986 0.558573 0.1328561 0.570192 0.1597717 0.558573 0.1328561 0.578666 0.1328393 0.599266 0.1329303 0.570192 0.1597717 0.578666 0.1328393 0.618179 0.1640262 0.599266 0.1329303 0.620641 0.1336006 0.624969 0.160609 0.620641 0.1336006 0.642434 0.1346806 0.63301 0.1572518 0.642434 0.1346806 0.659315 0.1326796 0.659979 0.1587905 0.659315 0.1326796 0.679094 0.1321145 0.689884 0.1591313 0.679094 0.1321145 0.700471 0.1327532 0.720749 0.1559692 0.700471 0.1327532 0.722617 0.1322876 0.742411 0.1338829 0.720749 0.1559692 0.722617 0.1322876 0.761776 0.1354516 0.749474 0.1536194 0.742411 0.1338829 0.783767 0.1344494 0.768447 0.1574754 0.761776 0.1354516 0.805824 0.1341298 0.784144 0.1624941 0.783767 0.1344494 0.827211 0.1347064 0.801423 0.1664301 0.805824 0.1341298 0.847443 0.1356813 0.828323 0.1685054 0.827211 0.1347064 0.867952 0.1677317 0.847443 0.1356813 0.86647 0.1364571 0.885387 0.166683 0.86647 0.1364571 0.885438 0.1363027 0.905294 0.1650106 0.885438 0.1363027 0.906033 0.1356709 0.929542 0.1640182 0.906033 0.1356709 0.927587 0.1347895 0.951039 0.163136 0.927587 0.1347895 0.949157 0.1333131 0.964505 0.1596534 0.949157 0.1333131 0.977122 0.1327821 0.98887 0.1611276 0.977122 0.1327821 0.98891 0.1214272 0.356543 0.1304972 0.33309 0.1625633 0.33306 0.1214672 0.372277 0.1349173 0.373226 0.1515489 0.356543 0.1304972 0.387303 0.1385968 0.391103 0.1519687 0.372277 0.1349173 0.408883 0.1372533 0.402792 0.1558077 0.387303 0.1385968 0.423365 0.1627961 0.408883 0.1372533 0.43281 0.1339784 0.442787 0.1631044 0.43281 0.1339784 0.454908 0.1326799 0.471778 0.159593 0.454908 0.1326799 0.476393 0.1322567 0.816114 0.272394 0.800857 0.316215 0.802902 0.274962 0.850395 0.276807 0.82434 0.31663 0.816114 0.272394 0.874134 0.276926 0.84698 0.317556 0.850395 0.276807 0.896842 0.276094 0.868478 0.317825 0.874134 0.276926 0.909842 0.280636 0.889042 0.318321 0.896842 0.276094 0.9213 0.285474 0.908186 0.319651 0.909842 0.280636 0.936651 0.2869 0.925961 0.321559 0.9213 0.285474 0.960382 0.284109 0.943975 0.323333 0.936651 0.2869 0.98876 0.2802 0.965975 0.325097 0.960382 0.284109 0.354258 0.281315 0.33328 0.33309 0.33324 0.28024 0.378616 0.281982 0.35392 0.323684 0.354258 0.281315 0.395659 0.321872 0.378616 0.281982 0.408932 0.285523 0.415258 0.319596 0.408932 0.285523 0.424614 0.282553 0.433653 0.317914 0.424614 0.282553 0.434022 0.276623 0.454044 0.317451 0.434022 0.276623 0.444216 0.271272 0.471769 0.275837 0.454044 0.317451 0.444216 0.271272 0.495569 0.277707 0.475715 0.318088 0.471769 0.275837 0.516955 0.278348 0.496978 0.31841 0.495569 0.277707 0.537542 0.279385 0.517901 0.318558 0.516955 0.278348 0.557268 0.280274 0.538605 0.31885 0.537542 0.279385 0.580053 0.318725 0.557268 0.280274 0.578861 0.278096 0.601491 0.317763 0.578861 0.278096 0.607488 0.268444 0.622518 0.274699 0.601491 0.317763 0.607488 0.268444 0.635965 0.281281 0.62208 0.318211 0.622518 0.274699 0.649597 0.285133 0.642335 0.318382 0.635965 0.281281 0.667694 0.285517 0.662394 0.318137 0.649597 0.285133 0.692242 0.276299 0.681606 0.319393 0.667694 0.285517 0.716099 0.272096 0.701349 0.320133 0.692242 0.276299 0.739873 0.27663 0.721587 0.31944 0.716099 0.272096 0.776243 0.282902 0.742129 0.318709 0.739873 0.27663 0.784194 0.317846 0.776243 0.282902 0.794446 0.280699 0.800857 0.316215 0.794446 0.280699 0.802902 0.274962 0.816114 0.272394 0.817184 0.2334911 0.826657 0.231209 0.844267 0.2316375 0.816114 0.272394 0.826657 0.231209 0.870625 0.2335292 0.850395 0.276807 0.844267 0.2316375 0.887245 0.2355906 0.874134 0.276926 0.870625 0.2335292 0.896671 0.2384216 0.896842 0.276094 0.887245 0.2355906 0.907511 0.239842 0.909842 0.280636 0.896671 0.2384216 0.931393 0.2363266 0.9213 0.285474 0.907511 0.239842 0.960382 0.284109 0.931393 0.2363266 0.959136 0.2327158 0.98876 0.2802 0.959136 0.2327158 0.98879 0.2313345 0.354258 0.281315 0.33319 0.2337083 0.359309 0.2315521 0.378616 0.281982 0.359309 0.2315521 0.38672 0.2307814 0.416293 0.2305567 0.378616 0.281982 0.38672 0.2307814 0.424614 0.282553 0.416293 0.2305567 0.445751 0.2326624 0.434022 0.276623 0.445751 0.2326624 0.454716 0.2303501 0.444216 0.271272 0.454716 0.2303501 0.460844 0.2277678 0.471769 0.275837 0.460844 0.2277678 0.468104 0.2262001 0.482395 0.2263442 0.471769 0.275837 0.468104 0.2262001 0.509845 0.2297343 0.495569 0.277707 0.482395 0.2263442 0.531272 0.2312176 0.516955 0.278348 0.509845 0.2297343 0.549002 0.2311251 0.537542 0.279385 0.531272 0.2312176 0.568661 0.2287129 0.557268 0.280274 0.549002 0.2311251 0.582448 0.2318148 0.578861 0.278096 0.568661 0.2287129 0.591168 0.2376986 0.607488 0.268444 0.582448 0.2318148 0.598776 0.244161 0.622518 0.274699 0.591168 0.2376986 0.607973 0.2506992 0.635965 0.281281 0.598776 0.244161 0.633336 0.2502896 0.649597 0.285133 0.607973 0.2506992 0.672533 0.2519772 0.667694 0.285517 0.633336 0.2502896 0.70465 0.2504131 0.692242 0.276299 0.672533 0.2519772 0.738712 0.2449575 0.716099 0.272096 0.70465 0.2504131 0.771159 0.2395659 0.739873 0.27663 0.738712 0.2449575 0.794446 0.280699 0.771159 0.2395659 0.804523 0.2373924 0.802902 0.274962 0.804523 0.2373924 0.817184 0.2334911 0.826657 0.231209 0.828843 0.2028347 0.833734 0.20235 0.840733 0.2024493 0.826657 0.231209 0.833734 0.20235 0.860581 0.2036422 0.844267 0.2316375 0.840733 0.2024493 0.88786 0.2038159 0.870625 0.2335292 0.860581 0.2036422 0.89769 0.2038406 0.887245 0.2355906 0.88786 0.2038159 0.905468 0.2040653 0.896671 0.2384216 0.89769 0.2038406 0.931393 0.2363266 0.905468 0.2040653 0.923 0.2035945 0.959136 0.2327158 0.923 0.2035945 0.956871 0.2027317 0.98879 0.2313345 0.956871 0.2027317 0.98882 0.202451 0.359309 0.2315521 0.33317 0.2068448 0.363478 0.2079229 0.38672 0.2307814 0.363478 0.2079229 0.392072 0.2043015 0.416293 0.2305567 0.392072 0.2043015 0.420372 0.1997862 0.445751 0.2326624 0.420372 0.1997862 0.449863 0.1988821 0.454716 0.2303501 0.449863 0.1988821 0.460401 0.1989325 0.460844 0.2277678 0.460401 0.1989325 0.465157 0.1992089 0.468104 0.2262001 0.465157 0.1992089 0.469669 0.1997787 0.477847 0.2004539 0.468104 0.2262001 0.469669 0.1997787 0.497503 0.2009861 0.482395 0.2263442 0.477847 0.2004539 0.527942 0.2013042 0.509845 0.2297343 0.497503 0.2009861 0.54545 0.2025316 0.531272 0.2312176 0.527942 0.2013042 0.551629 0.2039551 0.549002 0.2311251 0.54545 0.2025316 0.555574 0.2055787 0.568661 0.2287129 0.551629 0.2039551 0.559039 0.2072162 0.582448 0.2318148 0.555574 0.2055787 0.563874 0.208872 0.591168 0.2376986 0.559039 0.2072162 0.57716 0.2115187 0.598776 0.244161 0.563874 0.208872 0.616886 0.2091946 0.607973 0.2506992 0.57716 0.2115187 0.649784 0.208147 0.633336 0.2502896 0.616886 0.2091946 0.685002 0.2081986 0.672533 0.2519772 0.649784 0.208147 0.727477 0.2076343 0.70465 0.2504131 0.685002 0.2081986 0.771159 0.2395659 0.727477 0.2076343 0.763018 0.2056977 0.804523 0.2373924 0.763018 0.2056977 0.807466 0.2041167 0.817184 0.2334911 0.807466 0.2041167 0.828843 0.2028347 0.826769 0.1820686 0.828843 0.2028347 0.818419 0.1818624 0.839026 0.1821865 0.833734 0.20235 0.826769 0.1820686 0.864205 0.1827939 0.840733 0.2024493 0.839026 0.1821865 0.882482 0.1833288 0.860581 0.2036422 0.864205 0.1827939 0.899758 0.1846035 0.88786 0.2038159 0.882482 0.1833288 0.905468 0.2040653 0.899758 0.1846035 0.912815 0.1840667 0.923 0.2035945 0.912815 0.1840667 0.925688 0.1818553 0.956871 0.2027317 0.925688 0.1818553 0.961899 0.1830198 0.98882 0.202451 0.961899 0.1830198 0.98885 0.1835882 0.363478 0.2079229 0.33313 0.1876647 0.360592 0.1893232 0.392072 0.2043015 0.360592 0.1893232 0.387464 0.1843301 0.420372 0.1997862 0.387464 0.1843301 0.421858 0.1771559 0.449863 0.1988821 0.421858 0.1771559 0.439122 0.1770685 0.448633 0.1786157 0.449863 0.1988821 0.439122 0.1770685 0.457667 0.1800972 0.460401 0.1989325 0.448633 0.1786157 0.468151 0.1806929 0.465157 0.1992089 0.457667 0.1800972 0.484687 0.181182 0.469669 0.1997787 0.468151 0.1806929 0.497503 0.2009861 0.484687 0.181182 0.508118 0.1812463 0.527942 0.2013042 0.508118 0.1812463 0.526642 0.1818499 0.537581 0.1828735 0.527942 0.2013042 0.526642 0.1818499 0.550651 0.1837974 0.54545 0.2025316 0.537581 0.1828735 0.570733 0.1854739 0.551629 0.2039551 0.550651 0.1837974 0.559039 0.2072162 0.570733 0.1854739 0.582031 0.1859349 0.563874 0.208872 0.582031 0.1859349 0.587509 0.1851916 0.57716 0.2115187 0.587509 0.1851916 0.593253 0.1842914 0.616886 0.2091946 0.593253 0.1842914 0.629728 0.1867212 0.649784 0.208147 0.629728 0.1867212 0.660929 0.1872004 0.685002 0.2081986 0.660929 0.1872004 0.696377 0.1863559 0.727477 0.2076343 0.696377 0.1863559 0.732965 0.1847254 0.763018 0.2056977 0.732965 0.1847254 0.766039 0.1834751 0.807466 0.2041167 0.766039 0.1834751 0.803199 0.1818361 0.818419 0.1818624 0.807466 0.2041167 0.803199 0.1818361 0.828323 0.1685054 0.818419 0.1818624 0.801423 0.1664301 0.839026 0.1821865 0.828323 0.1685054 0.850249 0.1682796 0.864205 0.1827939 0.850249 0.1682796 0.867952 0.1677317 0.882482 0.1833288 0.867952 0.1677317 0.885387 0.166683 0.899758 0.1846035 0.885387 0.166683 0.905294 0.1650106 0.912815 0.1840667 0.905294 0.1650106 0.929542 0.1640182 0.925688 0.1818553 0.929542 0.1640182 0.951039 0.163136 0.961899 0.1830198 0.951039 0.163136 0.964505 0.1596534 0.98885 0.1835882 0.964505 0.1596534 0.98887 0.1611276 0.360592 0.1893232 0.33309 0.1625633 0.373226 0.1515489 0.387464 0.1843301 0.373226 0.1515489 0.391103 0.1519687 0.402792 0.1558077 0.387464 0.1843301 0.391103 0.1519687 0.412838 0.1598193 0.421858 0.1771559 0.402792 0.1558077 0.423365 0.1627961 0.439122 0.1770685 0.412838 0.1598193 0.442787 0.1631044 0.448633 0.1786157 0.423365 0.1627961 0.468151 0.1806929 0.442787 0.1631044 0.471778 0.159593 0.484687 0.181182 0.471778 0.159593 0.495125 0.1588629 0.508118 0.1812463 0.495125 0.1588629 0.516046 0.1593068 0.526642 0.1818499 0.516046 0.1593068 0.534249 0.1597423 0.537581 0.1828735 0.534249 0.1597423 0.551982 0.1598022 0.550651 0.1837974 0.551982 0.1598022 0.570192 0.1597717 0.570733 0.1854739 0.570192 0.1597717 0.60427 0.1653933 0.582031 0.1859349 0.60427 0.1653933 0.618179 0.1640262 0.587509 0.1851916 0.618179 0.1640262 0.624969 0.160609 0.593253 0.1842914 0.624969 0.160609 0.63301 0.1572518 0.629728 0.1867212 0.63301 0.1572518 0.659979 0.1587905 0.660929 0.1872004 0.659979 0.1587905 0.689884 0.1591313 0.696377 0.1863559 0.689884 0.1591313 0.720749 0.1559692 0.732965 0.1847254 0.720749 0.1559692 0.749474 0.1536194 0.766039 0.1834751 0.749474 0.1536194 0.768447 0.1574754 0.784144 0.1624941 0.766039 0.1834751 0.768447 0.1574754 0.801423 0.1664301 0.803199 0.1818361 0.784144 0.1624941 0.1389563 0.2619376 0.1185135 0.2589013 0.1390606 0.2614277 0.1584372 0.268242 0.1390606 0.2614277 0.1587038 0.2676972 0.1763073 0.2782316 0.1587038 0.2676972 0.1766433 0.2777448 0.1918827 0.2915124 0.1766433 0.2777448 0.1922883 0.2911068 0.2045726 0.3075746 0.1922883 0.2911068 0.2050709 0.3072965 0.2138784 0.3258155 0.2050709 0.3072965 0.2143651 0.3255953 0.2194527 0.3455166 0.2143651 0.3255953 0.2201364 0.3453776 0.2210751 0.3659131 0.2201364 0.3453776 0.2217473 0.3659247 0.2192441 0.3863906 0.2210751 0.3659131 0.2217473 0.3659247 0.2128354 0.4059295 0.2186878 0.3862516 0.2192441 0.3863906 0.2027994 0.4239386 0.2123719 0.4057325 0.2128354 0.4059295 0.1893332 0.4394214 0.2023823 0.423591 0.2027994 0.4239386 0.1732362 0.4523777 0.1890898 0.4391664 0.1893332 0.4394214 0.1547983 0.4611622 0.1732362 0.4523777 0.1549373 0.4616836 0.1350972 0.4667248 0.1549373 0.4616836 0.1351783 0.4673159 0.1145849 0.4683473 0.1351783 0.4673159 0.1145732 0.4689614 0.1185135 0.2595502 0.09789687 0.2605585 0.1185135 0.2589013 0.09800118 0.2611727 0.07806825 0.2661443 0.09789687 0.2605585 0.07830005 0.2667469 0.05972301 0.2755197 0.07806825 0.2661443 0.06007069 0.2760528 0.04355657 0.2882675 0.05972301 0.2755197 0.04400849 0.2887427 0.03019458 0.3039473 0.04355657 0.2882675 0.03019458 0.3039473 0.020738 0.3221766 0.0201354 0.3219217 0.0201354 0.3219217 0.01442211 0.3416575 0.01380789 0.3415185 0.01380789 0.3415185 0.01203477 0.3619844 0.01137423 0.3619844 0.01137423 0.3619844 0.01365721 0.3823925 0.01298505 0.38252 0.01298505 0.38252 0.01923149 0.4020936 0.01862883 0.4023138 0.01862883 0.4023138 0.02853733 0.4203229 0.02813172 0.4205778 0.02813172 0.4205778 0.04121559 0.4363851 0.04084473 0.436756 0.04084473 0.436756 0.05680263 0.449666 0.0564202 0.4501875 0.0564202 0.4501875 0.07467275 0.4596556 0.07441776 0.460235 0.07441776 0.460235 0.09414201 0.4659599 0.09399139 0.4665973 0.09414201 0.4659599 0.1145732 0.4689614 0.09399139 0.4665973 0.1308209 0.299022 0.1183165 0.2708031 0.1365458 0.2729355 0.1432094 0.3030434 0.1365458 0.2729355 0.1539291 0.2785676 0.1545897 0.3093941 0.1539291 0.2785676 0.1698638 0.2874795 0.1645097 0.317854 0.1698638 0.2874795 0.1837589 0.2993349 0.1725756 0.3280754 0.1837589 0.2993349 0.1950812 0.3136588 0.1784976 0.3396758 0.1950812 0.3136588 0.2033905 0.3299296 0.2083621 0.3474984 0.1784976 0.3396758 0.2033905 0.3299296 0.2098107 0.3657045 0.1820437 0.3522034 0.2083621 0.3474984 0.2076668 0.3838411 0.1830751 0.3651946 0.2098107 0.3657045 0.2020345 0.4012244 0.1815454 0.3781393 0.2076668 0.3838411 0.1931227 0.4171591 0.1775473 0.3905279 0.2020345 0.4012244 0.1812789 0.4310542 0.1711733 0.4018965 0.1931227 0.4171591 0.1524921 0.4198941 0.1812789 0.4310542 0.1669434 0.4423765 0.1408916 0.4258044 0.1669434 0.4423765 0.1506726 0.4506742 0.128364 0.4293622 0.1506726 0.4506742 0.1330923 0.4556458 0.1152918 0.4303936 0.1330923 0.4556458 0.1147934 0.4570944 0.1178066 0.2975039 0.100006 0.2722517 0.1183165 0.2708031 0.1047459 0.2985353 0.08243727 0.2772233 0.100006 0.2722517 0.09220671 0.3020815 0.06616646 0.2855325 0.08243727 0.2772233 0.08060622 0.3080034 0.051831 0.2968433 0.06616646 0.2855325 0.07037323 0.3160808 0.03997558 0.3107383 0.051831 0.2968433 0.03997558 0.3107383 0.05556261 0.3373696 0.03106373 0.3266963 0.03106373 0.3266963 0.05155289 0.3497582 0.02543151 0.3440564 0.02543151 0.3440564 0.05003476 0.362703 0.02329915 0.3622046 0.02329915 0.3622046 0.05106616 0.3756941 0.02474778 0.3803992 0.02474778 0.3803992 0.05461233 0.3882217 0.02971941 0.3979795 0.02971941 0.3979795 0.06053423 0.3998337 0.03802865 0.4142503 0.03802865 0.4142503 0.06861174 0.4100435 0.04933941 0.4285742 0.04933941 0.4285742 0.07852023 0.4185035 0.0632345 0.4404296 0.0632345 0.4404296 0.08988893 0.4248542 0.07919239 0.4493299 0.07919239 0.4493299 0.102289 0.4288755 0.09655255 0.4549621 0.09655255 0.4549621 0.1152918 0.4303936 0.1147934 0.4570944 0.124192 0.3291531 0.1178066 0.2975039 0.1308209 0.299022 0.1432094 0.3030434 0.124192 0.3291531 0.1308209 0.299022 0.1369282 0.3347158 0.1432094 0.3030434 0.1545897 0.3093941 0.1645097 0.317854 0.1369282 0.3347158 0.1545897 0.3093941 0.1465702 0.344717 0.1645097 0.317854 0.1725756 0.3280754 0.1784976 0.3396758 0.1465702 0.344717 0.1725756 0.3280754 0.1516461 0.3576502 0.1784976 0.3396758 0.1820437 0.3522034 0.1830751 0.3651946 0.1516461 0.3576502 0.1820437 0.3522034 0.1513795 0.3715569 0.1830751 0.3651946 0.1815454 0.3781393 0.1775473 0.3905279 0.1513795 0.3715569 0.1815454 0.3781393 0.1458169 0.3842815 0.1775473 0.3905279 0.1711733 0.4018965 0.162725 0.4118167 0.1458169 0.3842815 0.1711733 0.4018965 0.1358157 0.3939234 0.162725 0.4118167 0.1524921 0.4198941 0.1408916 0.4258044 0.1358157 0.3939234 0.1524921 0.4198941 0.1228825 0.3989993 0.1408916 0.4258044 0.128364 0.4293622 0.1152918 0.4303936 0.1228825 0.3989993 0.128364 0.4293622 0.1172271 0.3283419 0.1047459 0.2985353 0.1178066 0.2975039 0.1102274 0.3288981 0.09220671 0.3020815 0.1047459 0.2985353 0.1035059 0.3307988 0.08060622 0.3080034 0.09220671 0.3020815 0.09729421 0.3339741 0.07037323 0.3160808 0.08060622 0.3080034 0.07037323 0.3160808 0.0872814 0.3436161 0.06192493 0.3260009 0.0872814 0.3436161 0.05556261 0.3373696 0.06192493 0.3260009 0.05556261 0.3373696 0.08171874 0.3563522 0.05155289 0.3497582 0.08171874 0.3563522 0.05003476 0.362703 0.05155289 0.3497582 0.05003476 0.362703 0.08145219 0.3702358 0.05106616 0.3756941 0.05106616 0.3756941 0.0833528 0.3769573 0.05461233 0.3882217 0.05461233 0.3882217 0.08653974 0.3831689 0.06053423 0.3998337 0.08653974 0.3831689 0.06861174 0.4100435 0.06053423 0.3998337 0.06861174 0.4100435 0.09618169 0.3931818 0.07852023 0.4185035 0.09618169 0.3931818 0.08988893 0.4248542 0.07852023 0.4185035 0.08988893 0.4248542 0.1089178 0.3987328 0.102289 0.4288755 0.1089178 0.3987328 0.1152918 0.4303936 0.102289 0.4288755 0.1172271 0.3283419 0.1308324 0.3313086 0.116555 0.3639546 0.1308324 0.3313086 0.1422359 0.3392471 0.116555 0.3639546 0.1422359 0.3392471 0.1497455 0.3509402 0.116555 0.3639546 0.1497455 0.3509402 0.1521908 0.3646151 0.116555 0.3639546 0.1521908 0.3646151 0.1492356 0.3781857 0.116555 0.3639546 0.1492356 0.3781857 0.1412972 0.3896008 0.116555 0.3639546 0.1412972 0.3896008 0.1296041 0.3970988 0.116555 0.3639546 0.1296041 0.3970988 0.1158828 0.3995556 0.116555 0.3639546 0.1035059 0.3307988 0.1172271 0.3283419 0.116555 0.3639546 0.09181267 0.3382968 0.1035059 0.3307988 0.116555 0.3639546 0.08387428 0.3497002 0.09181267 0.3382968 0.116555 0.3639546 0.08090752 0.3632824 0.08387428 0.3497002 0.116555 0.3639546 0.0833528 0.3769573 0.08090752 0.3632824 0.116555 0.3639546 0.09086239 0.3886505 0.0833528 0.3769573 0.116555 0.3639546 0.1022658 0.3965889 0.09086239 0.3886505 0.116555 0.3639546 0.1158828 0.3995556 0.1022658 0.3965889 0.116555 0.3639546 0.1539291 0.2785676 0.1389563 0.2619376 0.1584372 0.268242 0.1698638 0.2874795 0.1584372 0.268242 0.1763073 0.2782316 0.1837589 0.2993349 0.1763073 0.2782316 0.1918827 0.2915124 0.1950812 0.3136588 0.1918827 0.2915124 0.2045726 0.3075746 0.2033905 0.3299296 0.2045726 0.3075746 0.2138784 0.3258155 0.2083621 0.3474984 0.2138784 0.3258155 0.2194527 0.3455166 0.2210751 0.3659131 0.2083621 0.3474984 0.2194527 0.3455166 0.2186878 0.3862516 0.2098107 0.3657045 0.2210751 0.3659131 0.2123719 0.4057325 0.2076668 0.3838411 0.2186878 0.3862516 0.2023823 0.423591 0.2020345 0.4012244 0.2123719 0.4057325 0.1890898 0.4391664 0.1931227 0.4171591 0.2023823 0.423591 0.1669434 0.4423765 0.1890898 0.4391664 0.1730276 0.4518447 0.1506726 0.4506742 0.1730276 0.4518447 0.1547983 0.4611622 0.1330923 0.4556458 0.1547983 0.4611622 0.1350972 0.4667248 0.1147934 0.4570944 0.1350972 0.4667248 0.1145849 0.4683473 0.09414201 0.4659599 0.1147934 0.4570944 0.1145849 0.4683473 0.07467275 0.4596556 0.09655255 0.4549621 0.09414201 0.4659599 0.05680263 0.449666 0.07919239 0.4493299 0.07467275 0.4596556 0.04121559 0.4363851 0.0632345 0.4404296 0.05680263 0.449666 0.02853733 0.4203229 0.04933941 0.4285742 0.04121559 0.4363851 0.01923149 0.4020936 0.03802865 0.4142503 0.02853733 0.4203229 0.01365721 0.3823925 0.02971941 0.3979795 0.01923149 0.4020936 0.01203477 0.3619844 0.02474778 0.3803992 0.01365721 0.3823925 0.01442211 0.3416575 0.02329915 0.3622046 0.01203477 0.3619844 0.020738 0.3221766 0.02543151 0.3440564 0.01442211 0.3416575 0.03072762 0.3043181 0.03106373 0.3266963 0.020738 0.3221766 0.051831 0.2968433 0.03072762 0.3043181 0.04400849 0.2887427 0.06616646 0.2855325 0.04400849 0.2887427 0.06007069 0.2760528 0.08243727 0.2772233 0.06007069 0.2760528 0.07830005 0.2667469 0.100006 0.2722517 0.07830005 0.2667469 0.09800118 0.2611727 0.1183165 0.2708031 0.09800118 0.2611727 0.1185135 0.2595502 0.1365458 0.2729355 0.1185135 0.2595502 0.1389563 0.2619376 0.74357 0.52135 0.77432 0.53929 0.743479 0.539511 0.80379 0.52139 0.77432 0.53929 0.77376 0.52138 0.83382 0.5214 0.805902 0.540029 0.80379 0.52139 0.86385 0.52143 0.838234 0.542264 0.83382 0.5214 0.89389 0.52144 0.873163 0.548343 0.86385 0.52143 0.92392 0.52147 0.904759 0.550768 0.89389 0.52144 0.92392 0.52147 0.950076 0.535329 0.926979 0.543572 0.98396 0.52151 0.950076 0.535329 0.95393 0.5215 0.05227994 0.52144 0.02224999 0.52182 0.02224999 0.52147 0.05227994 0.52144 0.08038097 0.542871 0.03972399 0.540767 0.11234 0.5214 0.08038097 0.542871 0.08230996 0.52143 0.14237 0.52139 0.112355 0.546948 0.11234 0.5214 0.1723999 0.52136 0.143849 0.549351 0.14237 0.52139 0.1723999 0.52136 0.201411 0.550134 0.173606 0.550381 0.20243 0.52135 0.229534 0.548197 0.201411 0.550134 0.23247 0.52133 0.259573 0.545908 0.229534 0.548197 0.743479 0.539511 0.71338 0.52133 0.74357 0.52135 0.713152 0.540021 0.68333 0.52132 0.71338 0.52133 0.683233 0.540248 0.6533 0.52131 0.68333 0.52132 0.6533 0.52131 0.624178 0.540279 0.62327 0.52129 0.62327 0.52129 0.593982 0.54047 0.59323 0.52129 0.593982 0.54047 0.5632 0.52128 0.59323 0.52129 0.562785 0.541567 0.53315 0.52128 0.5632 0.52128 0.53315 0.52128 0.506079 0.53969 0.50312 0.52128 0.50312 0.52128 0.477076 0.538993 0.47309 0.52128 0.47309 0.52128 0.446087 0.540084 0.44305 0.52128 0.44305 0.52128 0.414201 0.539118 0.41301 0.52128 0.414201 0.539118 0.38297 0.52128 0.41301 0.52128 0.38297 0.52128 0.356414 0.545191 0.35294 0.52129 0.35294 0.52129 0.323861 0.543765 0.3229 0.52129 0.3229 0.52129 0.291375 0.544105 0.29286 0.52131 0.291375 0.544105 0.26267 0.52132 0.29286 0.52131 0.40713 0.39544 0.42855 0.39508 0.42855 0.39544 0.42855 0.39544 0.44993 0.39508 0.44993 0.39544 0.44993 0.39544 0.47141 0.39508 0.47141 0.39544 0.47141 0.39544 0.4929 0.39508 0.4929 0.39544 0.51431 0.39544 0.4929 0.39508 0.51431 0.39508 0.53575 0.39544 0.51431 0.39508 0.53575 0.39508 0.53575 0.39544 0.55721 0.39508 0.55721 0.39544 0.55721 0.39544 0.57872 0.39508 0.57872 0.39544 0.57872 0.39544 0.60025 0.39508 0.60025 0.39544 0.60025 0.39544 0.6218 0.39508 0.6218 0.39544 0.6218 0.39544 0.64336 0.39508 0.64336 0.39544 0.64336 0.39544 0.66494 0.39508 0.66494 0.39544 0.66494 0.39544 0.6865 0.39508 0.6865 0.39544 0.6865 0.39544 0.70806 0.39508 0.70806 0.39544 0.72959 0.39544 0.70806 0.39508 0.72959 0.39508 0.7511 0.39544 0.72959 0.39508 0.7511 0.39507 0.77258 0.39544 0.7511 0.39507 0.77258 0.39508 0.79405 0.39543 0.77258 0.39508 0.79405 0.39507 0.81561 0.39544 0.79405 0.39507 0.81561 0.39508 0.83708 0.39544 0.81561 0.39508 0.83708 0.39508 0.85837 0.39544 0.83708 0.39508 0.85837 0.39508 0.87957 0.39544 0.85837 0.39508 0.87957 0.39508 0.90074 0.39544 0.87957 0.39508 0.90074 0.39508 0.92183 0.39544 0.90074 0.39508 0.92183 0.39508 0.94293 0.39544 0.92183 0.39508 0.94293 0.39507 0.96397 0.39544 0.94293 0.39507 0.96397 0.39508 0.98503 0.39544 0.96397 0.39508 0.98503 0.39508 0.32135 0.39544 0.2999 0.39508 0.32135 0.39508 0.34282 0.39544 0.32135 0.39508 0.34282 0.39507 0.36425 0.39544 0.34282 0.39507 0.36425 0.39508 0.36425 0.39544 0.38572 0.39508 0.38572 0.39544 0.38572 0.39544 0.40713 0.39508 0.40713 0.39544 0.42855 0.39738 0.40713 0.39704 0.42855 0.39704 0.42855 0.38769 0.40713 0.38878 0.40713 0.38769 0.44993 0.39738 0.42855 0.39704 0.44993 0.39704 0.42855 0.38769 0.44993 0.38878 0.42855 0.38878 0.44993 0.39738 0.47141 0.39704 0.47141 0.39738 0.44993 0.38768 0.47141 0.38878 0.44993 0.38878 0.4929 0.39738 0.47141 0.39704 0.4929 0.39704 0.47141 0.38768 0.4929 0.38878 0.47141 0.38878 0.4929 0.39738 0.51431 0.39704 0.51431 0.39738 0.51431 0.38768 0.4929 0.38878 0.4929 0.38768 0.51431 0.39738 0.53575 0.39704 0.53575 0.39738 0.53575 0.38768 0.51431 0.38878 0.51431 0.38768 0.53575 0.39738 0.55721 0.39704 0.55721 0.39738 0.53575 0.38768 0.55721 0.38878 0.53575 0.38878 0.55721 0.39738 0.57872 0.39704 0.57872 0.39738 0.55721 0.38768 0.57872 0.38878 0.55721 0.38878 0.57872 0.39738 0.60025 0.39704 0.60025 0.39738 0.57872 0.38768 0.60025 0.38878 0.57872 0.38878 0.60025 0.39738 0.6218 0.39704 0.6218 0.39738 0.60026 0.38768 0.6218 0.38878 0.60025 0.38878 0.6218 0.39738 0.64336 0.39704 0.64336 0.39738 0.6218 0.38768 0.64336 0.38878 0.6218 0.38878 0.64336 0.39738 0.66494 0.39704 0.66494 0.39738 0.64336 0.38768 0.66494 0.38878 0.64336 0.38878 0.6865 0.39738 0.66494 0.39704 0.6865 0.39704 0.66494 0.38768 0.6865 0.38878 0.66494 0.38878 0.70806 0.39738 0.6865 0.39704 0.70806 0.39704 0.6865 0.38768 0.70806 0.38878 0.6865 0.38878 0.72959 0.39738 0.70806 0.39704 0.72959 0.39704 0.72959 0.38768 0.70806 0.38878 0.70806 0.38768 0.7511 0.39738 0.72959 0.39704 0.7511 0.39704 0.7511 0.38768 0.72959 0.38878 0.72959 0.38768 0.77258 0.39738 0.7511 0.39704 0.77258 0.39704 0.77258 0.38768 0.7511 0.38878 0.7511 0.38768 0.79405 0.39738 0.77258 0.39704 0.79405 0.39704 0.79405 0.38765 0.77258 0.38878 0.77258 0.38768 0.81561 0.39738 0.79405 0.39704 0.81561 0.39704 0.81561 0.38768 0.79405 0.38875 0.79405 0.38765 0.83708 0.39738 0.81561 0.39704 0.83708 0.39704 0.81561 0.38768 0.83708 0.38878 0.81561 0.38878 0.85837 0.39738 0.83708 0.39704 0.85837 0.39704 0.85837 0.38769 0.83708 0.38878 0.83708 0.38768 0.87957 0.39738 0.85837 0.39704 0.87957 0.39704 0.87957 0.38769 0.85837 0.38878 0.85837 0.38769 0.90074 0.39738 0.87957 0.39704 0.90074 0.39704 0.90074 0.38769 0.87957 0.38878 0.87957 0.38769 0.92183 0.39738 0.90074 0.39704 0.92183 0.39704 0.92183 0.38769 0.90074 0.38878 0.90074 0.38769 0.94293 0.39738 0.92183 0.39704 0.94293 0.39704 0.94293 0.38768 0.92183 0.38878 0.92183 0.38769 0.96397 0.39738 0.94293 0.39704 0.96397 0.39704 0.96397 0.38768 0.94293 0.38877 0.94293 0.38768 0.98503 0.39738 0.96397 0.39704 0.98503 0.39704 0.98503 0.38768 0.96397 0.38878 0.96397 0.38768 0.32135 0.39738 0.2999 0.39704 0.32135 0.39704 0.32135 0.38768 0.2999 0.38878 0.2999 0.38768 0.34282 0.39738 0.32135 0.39704 0.34282 0.39704 0.34282 0.38768 0.32135 0.38878 0.32135 0.38768 0.36425 0.39738 0.34282 0.39704 0.36425 0.39704 0.36426 0.38769 0.34282 0.38877 0.34282 0.38768 0.38572 0.39738 0.36425 0.39704 0.38572 0.39704 0.36426 0.38769 0.38572 0.38878 0.36426 0.38878 0.40713 0.39738 0.38572 0.39704 0.40713 0.39704 0.40713 0.38769 0.38572 0.38878 0.38572 0.38769 0.47141 0.38768 0.44993 0.38711 0.47141 0.38711 0.44993 0.38768 0.42855 0.38711 0.44993 0.38711 0.42855 0.38769 0.40713 0.38711 0.42855 0.38711 0.40713 0.38769 0.38572 0.38711 0.40713 0.38711 0.38572 0.38769 0.36426 0.38711 0.38572 0.38711 0.36426 0.38769 0.34282 0.3871 0.36426 0.38711 0.32135 0.38768 0.34282 0.3871 0.34282 0.38768 0.2999 0.38768 0.32135 0.3871 0.32135 0.38768 0.96397 0.38768 0.98503 0.38711 0.98503 0.38768 0.94293 0.38768 0.96397 0.3871 0.96397 0.38768 0.92183 0.38769 0.94293 0.3871 0.94293 0.38768 0.90074 0.38769 0.92183 0.38711 0.92183 0.38769 0.87957 0.38769 0.90074 0.38711 0.90074 0.38769 0.85837 0.38769 0.87957 0.38711 0.87957 0.38769 0.83708 0.38768 0.85837 0.38711 0.85837 0.38769 0.81561 0.38768 0.83708 0.38711 0.83708 0.38768 0.4929 0.38768 0.47141 0.38711 0.4929 0.38711 0.4929 0.38768 0.51431 0.38711 0.51431 0.38768 0.51431 0.38768 0.53575 0.38711 0.53575 0.38768 0.55721 0.38768 0.53575 0.38711 0.55721 0.38711 0.57872 0.38768 0.55721 0.38711 0.57872 0.38711 0.60026 0.38768 0.57872 0.38711 0.60026 0.38711 0.6218 0.38768 0.60026 0.38711 0.6218 0.38711 0.64336 0.38768 0.6218 0.38711 0.64336 0.38711 0.66494 0.38768 0.64336 0.38711 0.66494 0.38711 0.6865 0.38768 0.66494 0.38711 0.6865 0.38711 0.70806 0.38768 0.6865 0.38711 0.70806 0.38711 0.70806 0.38768 0.72959 0.38711 0.72959 0.38768 0.72959 0.38768 0.7511 0.3871 0.7511 0.38768 0.7511 0.38768 0.77257 0.3871 0.77258 0.38768 0.77258 0.38768 0.79405 0.38707 0.79405 0.38765 0.79405 0.38765 0.81561 0.3871 0.81561 0.38768 0.44999 0.35784 0.47153 0.35846 0.44999 0.35846 0.42855 0.35784 0.44999 0.35846 0.42855 0.35846 0.40708 0.35784 0.42855 0.35846 0.40708 0.35846 0.40708 0.35784 0.38558 0.35846 0.38558 0.35784 0.38558 0.35784 0.36408 0.35846 0.36408 0.35784 0.36408 0.35784 0.34256 0.35846 0.34256 0.35784 0.34256 0.35784 0.32103 0.35846 0.32103 0.35784 0.32103 0.35784 0.29949 0.35846 0.29949 0.35784 0.961 0.35785 0.98259 0.35846 0.96101 0.35847 0.94027 0.35869 0.96101 0.35847 0.94027 0.35925 0.94027 0.35869 0.91947 0.35848 0.91947 0.35786 0.91947 0.35786 0.89875 0.35933 0.89875 0.35877 0.89875 0.35877 0.87811 0.35847 0.87812 0.35785 0.87812 0.35785 0.85659 0.35846 0.85659 0.35784 0.85659 0.35784 0.83514 0.35846 0.83514 0.35784 0.83514 0.35784 0.81358 0.35846 0.81358 0.35784 0.47153 0.35784 0.49305 0.35846 0.47153 0.35846 0.49305 0.35784 0.51441 0.35846 0.49305 0.35846 0.51441 0.35784 0.53577 0.35846 0.51441 0.35846 0.53577 0.35784 0.55712 0.35846 0.53577 0.35846 0.55712 0.35784 0.5784 0.35846 0.55712 0.35846 0.5784 0.35784 0.59968 0.35846 0.5784 0.35846 0.59968 0.35784 0.62096 0.35846 0.59968 0.35846 0.62096 0.35784 0.6423 0.35846 0.62096 0.35846 0.66365 0.35784 0.6423 0.35846 0.6423 0.35784 0.685 0.35784 0.66365 0.35846 0.66365 0.35784 0.70636 0.35784 0.685 0.35846 0.685 0.35784 0.72776 0.35784 0.70636 0.35846 0.70636 0.35784 0.7492 0.35784 0.72776 0.35846 0.72776 0.35784 0.77061 0.35784 0.7492 0.35846 0.7492 0.35784 0.79205 0.35784 0.77061 0.35846 0.77061 0.35784 0.81358 0.35784 0.79205 0.35846 0.79205 0.35784 0.47153 0.3652 0.44999 0.36772 0.44999 0.3652 0.44999 0.3652 0.42855 0.36772 0.42854 0.3652 0.42854 0.3652 0.40708 0.36772 0.40708 0.3652 0.40708 0.3652 0.38558 0.36772 0.38558 0.3652 0.38558 0.3652 0.36408 0.36772 0.36408 0.3652 0.36408 0.3652 0.34256 0.36772 0.34256 0.3652 0.34256 0.3652 0.32103 0.36772 0.32103 0.3652 0.32103 0.3652 0.29949 0.36772 0.29949 0.3652 0.98259 0.3652 0.96112 0.36774 0.9611 0.36522 0.94027 0.36556 0.96112 0.36774 0.94027 0.36794 0.91948 0.36524 0.94027 0.36794 0.91948 0.36775 0.89875 0.3656 0.91948 0.36775 0.89874 0.36795 0.87801 0.36522 0.89874 0.36795 0.87799 0.36774 0.85659 0.3652 0.87799 0.36774 0.85658 0.36772 0.83514 0.3652 0.85658 0.36772 0.83514 0.36772 0.81358 0.3652 0.83514 0.36772 0.81358 0.36773 0.49305 0.3652 0.47153 0.36772 0.47153 0.3652 0.51442 0.3652 0.49305 0.36772 0.49305 0.3652 0.53577 0.3652 0.51441 0.36772 0.51442 0.3652 0.55712 0.3652 0.53577 0.36772 0.53577 0.3652 0.5784 0.3652 0.55711 0.36772 0.55712 0.3652 0.59968 0.3652 0.5784 0.36772 0.5784 0.3652 0.62096 0.3652 0.59968 0.36772 0.59968 0.3652 0.62096 0.3652 0.6423 0.36772 0.62096 0.36772 0.6423 0.3652 0.66365 0.36772 0.6423 0.36772 0.66365 0.3652 0.685 0.36772 0.66365 0.36772 0.685 0.3652 0.70637 0.36772 0.685 0.36772 0.70636 0.3652 0.72776 0.36772 0.70637 0.36772 0.72776 0.3652 0.7492 0.36772 0.72776 0.36772 0.7492 0.3652 0.77061 0.36772 0.7492 0.36772 0.77061 0.3652 0.79205 0.36772 0.77061 0.36772 0.79205 0.3652 0.81358 0.36773 0.79205 0.36772 0.47153 0.36772 0.44999 0.36829 0.44999 0.36772 0.44999 0.36772 0.42855 0.36829 0.42855 0.36772 0.42855 0.36772 0.40708 0.36829 0.40708 0.36772 0.38558 0.36772 0.40708 0.36829 0.38558 0.36829 0.36408 0.36772 0.38558 0.36829 0.36408 0.36829 0.34256 0.36772 0.36408 0.36829 0.34256 0.36829 0.34256 0.36772 0.32103 0.36829 0.32103 0.36772 0.32103 0.36772 0.29949 0.36829 0.29949 0.36772 0.98259 0.36773 0.96113 0.3683 0.96112 0.36774 0.94027 0.36794 0.96113 0.3683 0.94027 0.36846 0.91948 0.36775 0.94027 0.36846 0.91948 0.36832 0.89874 0.36795 0.91948 0.36832 0.89874 0.36848 0.87799 0.36774 0.89874 0.36848 0.87799 0.36831 0.85658 0.36772 0.87799 0.36831 0.85658 0.36829 0.83514 0.36772 0.85658 0.36829 0.83514 0.36829 0.81358 0.36773 0.83514 0.36829 0.81358 0.36829 0.49305 0.36772 0.47153 0.36829 0.47153 0.36772 0.51441 0.36772 0.49305 0.36829 0.49305 0.36772 0.53577 0.36772 0.51441 0.36829 0.51441 0.36772 0.55711 0.36772 0.53577 0.36829 0.53577 0.36772 0.5784 0.36772 0.55711 0.36829 0.55711 0.36772 0.59968 0.36772 0.5784 0.36829 0.5784 0.36772 0.62096 0.36772 0.59968 0.36829 0.59968 0.36772 0.6423 0.36772 0.62096 0.36829 0.62096 0.36772 0.6423 0.36772 0.66365 0.36829 0.6423 0.36829 0.66365 0.36772 0.685 0.36829 0.66365 0.36829 0.685 0.36772 0.70636 0.36829 0.685 0.36829 0.70637 0.36772 0.72776 0.36829 0.70636 0.36829 0.72776 0.36772 0.7492 0.36829 0.72776 0.36829 0.7492 0.36772 0.77061 0.36829 0.7492 0.36829 0.77061 0.36772 0.79205 0.36829 0.77061 0.36829 0.79205 0.36772 0.81358 0.36829 0.79205 0.36829 0.1138097 0.259716 0.09354019 0.2627338 0.09340113 0.2620941 0.09340113 0.2620941 0.07421642 0.268992 0.07395219 0.2684009 0.07395219 0.2684009 0.05648505 0.2788938 0.05610954 0.2783722 0.05610954 0.2783722 0.04102742 0.2920776 0.04055458 0.2916256 0.04055458 0.2916256 0.02843463 0.308015 0.02788531 0.3076673 0.02788531 0.3076673 0.01919347 0.326108 0.01858848 0.3258785 0.01858848 0.3258785 0.01367241 0.3456612 0.0130257 0.345536 0.0130257 0.345536 0.01205915 0.3659028 0.0114125 0.3659237 0.01380449 0.3862209 0.01205915 0.3659028 0.01443034 0.3860818 0.02010434 0.4056628 0.01443034 0.3860818 0.02069538 0.4054056 0.03007566 0.4235056 0.02069538 0.4054056 0.03061109 0.42313 0.04334294 0.4390605 0.03061109 0.42313 0.04379492 0.4385877 0.05938464 0.4517089 0.04379492 0.4385877 0.05973231 0.4511665 0.05938464 0.4517089 0.0778253 0.4604077 0.07758194 0.4610058 0.07758194 0.4610058 0.0973646 0.4659357 0.09725338 0.4665685 0.09725338 0.4665685 0.1177244 0.4675351 0.1177314 0.4681956 0.1342877 0.2613292 0.1138235 0.2603627 0.1138097 0.259716 0.153966 0.266899 0.1341764 0.2619759 0.1342877 0.2613292 0.1721633 0.2761958 0.1537296 0.267497 0.153966 0.266899 0.188205 0.2888581 0.1718156 0.2767382 0.1721633 0.2761958 0.2014653 0.3044131 0.187753 0.289331 0.188205 0.2888581 0.2114506 0.3222488 0.2009299 0.3047816 0.2014653 0.3044131 0.2114506 0.3222488 0.2171177 0.3418368 0.2108457 0.3225061 0.2177435 0.3416907 0.2194819 0.3620019 0.2171177 0.3418368 0.2201355 0.3619949 0.2178756 0.3822574 0.2194819 0.3620019 0.2185153 0.3823687 0.2123406 0.4017968 0.2178756 0.3822574 0.2129526 0.4020401 0.2031064 0.4198897 0.2123406 0.4017968 0.2036557 0.4202374 0.1905205 0.4358271 0.2031064 0.4198897 0.1909864 0.4362791 0.175063 0.449004 0.1905205 0.4358271 0.1754384 0.4495325 0.1573315 0.4589197 0.175063 0.449004 0.1575958 0.4595108 0.1380078 0.4651709 0.1573315 0.4589197 0.1381468 0.4658036 0.1177244 0.4675351 0.1380078 0.4651709 0.1140252 0.27153 0.1016201 0.2995317 0.09593218 0.2736439 0.09593218 0.2736439 0.0893194 0.303523 0.07868754 0.2792345 0.07868754 0.2792345 0.07803392 0.3098229 0.06287533 0.2880724 0.06287533 0.2880724 0.06819474 0.3182157 0.04908651 0.2998377 0.04908651 0.2998377 0.06018429 0.328354 0.03785663 0.3140576 0.03785663 0.3140576 0.05430859 0.3398759 0.02960979 0.3301897 0.0246728 0.347629 0.05430859 0.3398759 0.05079013 0.3523018 0.02324038 0.3657011 0.05079013 0.3523018 0.04976797 0.3651936 0.02536118 0.3836898 0.04976797 0.3651936 0.05127686 0.3780366 0.03095179 0.4009345 0.05127686 0.3780366 0.05525428 0.3903235 0.03979665 0.4167467 0.05525428 0.3903235 0.06156802 0.401609 0.05154806 0.4305425 0.06156802 0.401609 0.06995397 0.4114482 0.05154806 0.4305425 0.08010607 0.4194586 0.06577491 0.4417654 0.06577491 0.4417654 0.09161406 0.4253343 0.08192092 0.4500053 0.08192092 0.4500053 0.1040539 0.4288597 0.09935331 0.4549422 0.09935331 0.4549422 0.1170222 0.4298819 0.1175158 0.4563747 0.1321877 0.2729694 0.1145259 0.2980228 0.1140252 0.27153 0.149627 0.2778994 0.1274871 0.299045 0.1321877 0.2729694 0.1657731 0.2861393 0.1399269 0.3025634 0.149627 0.2778994 0.1799929 0.2973692 0.1514419 0.3084461 0.1657731 0.2861393 0.1917583 0.311158 0.1615871 0.3164565 0.1799929 0.2973692 0.1917583 0.311158 0.1762868 0.3375812 0.169973 0.3262957 0.2005962 0.3269841 0.1802641 0.349875 0.1762868 0.3375812 0.2061868 0.3442149 0.18178 0.3627181 0.1802641 0.349875 0.2083006 0.3622175 0.1807578 0.3756029 0.18178 0.3627181 0.2068613 0.3802757 0.1772394 0.3880358 0.1807578 0.3756029 0.2019243 0.397715 0.1713567 0.3995577 0.1772394 0.3880358 0.1936913 0.413861 0.1633463 0.4096959 0.1713567 0.3995577 0.1824615 0.428074 0.153514 0.4180818 0.1633463 0.4096959 0.1686727 0.4398393 0.1422286 0.4243887 0.153514 0.4180818 0.1528465 0.4486702 0.1299278 0.428373 0.1422286 0.4243887 0.1356158 0.4542539 0.1170222 0.4298819 0.1299278 0.428373 0.1145259 0.2980228 0.1081912 0.3294317 0.1016201 0.2995317 0.0893194 0.303523 0.1081912 0.3294317 0.1015993 0.3315734 0.0893194 0.303523 0.09555673 0.3349459 0.07803392 0.3098229 0.06819474 0.3182157 0.09555673 0.3349459 0.09028595 0.3394448 0.06819474 0.3182157 0.0859887 0.3448755 0.06018429 0.328354 0.05430859 0.3398759 0.0859887 0.3448755 0.08283877 0.3510432 0.05430859 0.3398759 0.08095437 0.3577046 0.05079013 0.3523018 0.04976797 0.3651936 0.08095437 0.3577046 0.08040505 0.3646094 0.04976797 0.3651936 0.08121168 0.3714934 0.05127686 0.3780366 0.05525428 0.3903235 0.08121168 0.3714934 0.08334636 0.3780784 0.05525428 0.3903235 0.08673274 0.3841348 0.06156802 0.401609 0.06995397 0.4114482 0.08673274 0.3841348 0.09122467 0.3894056 0.06995397 0.4114482 0.09666234 0.393689 0.08010607 0.4194586 0.09161406 0.4253343 0.09666234 0.393689 0.1028301 0.3968458 0.09161406 0.4253343 0.1094985 0.3987302 0.1040539 0.4288597 0.1170222 0.4298819 0.1094985 0.3987302 0.116438 0.3992795 0.1274871 0.299045 0.1151099 0.3286252 0.1145259 0.2980228 0.1399269 0.3025634 0.1220495 0.3291814 0.1274871 0.299045 0.1514419 0.3084461 0.1287179 0.3310658 0.1399269 0.3025634 0.1615871 0.3164565 0.1348787 0.3342088 0.1514419 0.3084461 0.1615871 0.3164565 0.1448152 0.3437768 0.1403233 0.3385061 0.1762868 0.3375812 0.1448152 0.3437768 0.169973 0.3262957 0.1762868 0.3375812 0.1503294 0.3564113 0.1481946 0.3498194 0.18178 0.3627181 0.1503294 0.3564113 0.1802641 0.349875 0.18178 0.3627181 0.1505936 0.3701931 0.151136 0.3632883 0.1807578 0.3756029 0.1487092 0.3768615 0.1505936 0.3701931 0.1772394 0.3880358 0.1455593 0.3830223 0.1487092 0.3768615 0.1633463 0.4096959 0.1455593 0.3830223 0.1713567 0.3995577 0.1633463 0.4096959 0.1359913 0.3929588 0.141262 0.3884669 0.1422286 0.4243887 0.1359913 0.3929588 0.153514 0.4180818 0.1422286 0.4243887 0.1233498 0.398466 0.1299487 0.3963382 0.1170222 0.4298819 0.1233498 0.398466 0.1299278 0.428373 0.1015993 0.3315734 0.1151099 0.3286252 0.1157705 0.3639559 0.09028595 0.3394448 0.1015993 0.3315734 0.1157705 0.3639559 0.08283877 0.3510432 0.09028595 0.3394448 0.1157705 0.3639559 0.08040505 0.3646094 0.08283877 0.3510432 0.1157705 0.3639559 0.08334636 0.3780784 0.08040505 0.3646094 0.1157705 0.3639559 0.09122467 0.3894056 0.08334636 0.3780784 0.1157705 0.3639559 0.1028301 0.3968458 0.09122467 0.3894056 0.1157705 0.3639559 0.116438 0.3992795 0.1028301 0.3968458 0.1157705 0.3639559 0.1151099 0.3286252 0.1287179 0.3310658 0.1157705 0.3639559 0.1287179 0.3310658 0.1403233 0.3385061 0.1157705 0.3639559 0.1403233 0.3385061 0.1481946 0.3498194 0.1157705 0.3639559 0.1481946 0.3498194 0.151136 0.3632883 0.1157705 0.3639559 0.151136 0.3632883 0.1487092 0.3768615 0.1157705 0.3639559 0.1487092 0.3768615 0.141262 0.3884669 0.1157705 0.3639559 0.141262 0.3884669 0.1299487 0.3963382 0.1157705 0.3639559 0.1299487 0.3963382 0.116438 0.3992795 0.1157705 0.3639559 0.44999 0.35612 0.47153 0.35633 0.44999 0.35633 0.44999 0.3652 0.47153 0.36321 0.47153 0.3652 0.42855 0.35612 0.44999 0.35633 0.42855 0.35633 0.42854 0.3652 0.44999 0.36321 0.44999 0.3652 0.40708 0.35612 0.42855 0.35633 0.40708 0.35633 0.40708 0.3652 0.42854 0.36321 0.42854 0.3652 0.40708 0.35612 0.38558 0.35633 0.38558 0.35612 0.38558 0.3652 0.40708 0.36321 0.40708 0.3652 0.38558 0.35612 0.36408 0.35633 0.36408 0.35612 0.36408 0.3652 0.38558 0.36321 0.38558 0.3652 0.36408 0.35612 0.34256 0.35633 0.34256 0.35612 0.34256 0.3652 0.36408 0.36321 0.36408 0.3652 0.34256 0.35612 0.32103 0.35633 0.32103 0.35612 0.32103 0.3652 0.34256 0.36321 0.34256 0.3652 0.32103 0.35612 0.29949 0.35633 0.29949 0.35612 0.29949 0.3652 0.32103 0.36321 0.32103 0.3652 0.96097 0.35612 0.98259 0.35633 0.96097 0.35634 0.9611 0.36522 0.98259 0.36321 0.98259 0.3652 0.94027 0.35709 0.96097 0.35634 0.94027 0.35729 0.9611 0.36522 0.94027 0.3637 0.96108 0.36323 0.94027 0.35709 0.91946 0.35634 0.91946 0.35612 0.94027 0.36556 0.91947 0.36325 0.94027 0.3637 0.91946 0.35612 0.89875 0.3574 0.89875 0.3572 0.91948 0.36524 0.89875 0.36374 0.91947 0.36325 0.89875 0.3572 0.87816 0.35634 0.87816 0.35612 0.89875 0.3656 0.87803 0.36324 0.89875 0.36374 0.85659 0.35612 0.87816 0.35634 0.85659 0.35633 0.87801 0.36522 0.85659 0.36321 0.87803 0.36324 0.83514 0.35612 0.85659 0.35633 0.83514 0.35633 0.85659 0.3652 0.83514 0.36321 0.85659 0.36321 0.83514 0.35612 0.81358 0.35633 0.81358 0.35612 0.83514 0.3652 0.81357 0.36321 0.83514 0.36321 0.47153 0.35612 0.49305 0.35633 0.47153 0.35633 0.47153 0.3652 0.49305 0.36321 0.49305 0.3652 0.49305 0.35612 0.51441 0.35633 0.49305 0.35633 0.49305 0.3652 0.51442 0.36321 0.51442 0.3652 0.51441 0.35612 0.53577 0.35633 0.51441 0.35633 0.51442 0.3652 0.53577 0.36321 0.53577 0.3652 0.53577 0.35612 0.55712 0.35633 0.53577 0.35633 0.53577 0.3652 0.55712 0.36321 0.55712 0.3652 0.55712 0.35612 0.5784 0.35633 0.55712 0.35633 0.55712 0.3652 0.5784 0.36321 0.5784 0.3652 0.5784 0.35612 0.59968 0.35633 0.5784 0.35633 0.59968 0.3652 0.5784 0.36321 0.59968 0.36321 0.59968 0.35612 0.62096 0.35633 0.59968 0.35633 0.62096 0.3652 0.59968 0.36321 0.62096 0.36321 0.62096 0.35612 0.6423 0.35633 0.62096 0.35633 0.6423 0.3652 0.62096 0.36321 0.6423 0.36321 0.6423 0.35612 0.66365 0.35633 0.6423 0.35633 0.66365 0.3652 0.6423 0.36321 0.66365 0.36321 0.685 0.35612 0.66365 0.35633 0.66365 0.35612 0.685 0.3652 0.66365 0.36321 0.685 0.36321 0.70636 0.35612 0.685 0.35633 0.685 0.35612 0.70636 0.3652 0.685 0.36321 0.70636 0.36321 0.72776 0.35612 0.70636 0.35633 0.70636 0.35612 0.72776 0.3652 0.70636 0.36321 0.72776 0.36321 0.7492 0.35612 0.72776 0.35633 0.72776 0.35612 0.7492 0.3652 0.72776 0.36321 0.7492 0.36321 0.77061 0.35612 0.7492 0.35633 0.7492 0.35612 0.77061 0.3652 0.7492 0.36321 0.77061 0.36321 0.79205 0.35612 0.77061 0.35633 0.77061 0.35612 0.79205 0.3652 0.77061 0.36321 0.79205 0.36321 0.81358 0.35612 0.79205 0.35633 0.79205 0.35612 0.81358 0.3652 0.79205 0.36321 0.81357 0.36321 0.47141 0.38711 0.44993 0.38256 0.4714 0.38247 0.4929 0.38711 0.4714 0.38247 0.49286 0.38269 0.4929 0.38711 0.51431 0.38284 0.51431 0.38711 0.51431 0.38711 0.53577 0.3824 0.53575 0.38711 0.55721 0.38711 0.53577 0.3824 0.55721 0.38274 0.57872 0.38711 0.55721 0.38274 0.57869 0.38244 0.60026 0.38711 0.57869 0.38244 0.60029 0.38284 0.6218 0.38711 0.60029 0.38284 0.62182 0.38276 0.64336 0.38711 0.62182 0.38276 0.64336 0.38229 0.66494 0.38711 0.64336 0.38229 0.66494 0.38359 0.6865 0.38711 0.66494 0.38359 0.6865 0.38302 0.6865 0.38711 0.70804 0.38369 0.70806 0.38711 0.70806 0.38711 0.72959 0.38253 0.72959 0.38711 0.72959 0.38711 0.75113 0.38244 0.7511 0.3871 0.7511 0.3871 0.77253 0.38278 0.77257 0.3871 0.77257 0.3871 0.79412 0.38255 0.79405 0.38707 0.79405 0.38707 0.8156 0.38234 0.81561 0.3871 0.81561 0.3871 0.83709 0.38252 0.83708 0.38711 0.83708 0.38711 0.8583 0.38306 0.85837 0.38711 0.85837 0.38711 0.8796 0.38252 0.87957 0.38711 0.87957 0.38711 0.90074 0.3824 0.90074 0.38711 0.90074 0.38711 0.92179 0.38268 0.92183 0.38711 0.92183 0.38711 0.94297 0.38296 0.94293 0.3871 0.94293 0.3871 0.96398 0.38295 0.96397 0.3871 0.96397 0.3871 0.98502 0.38225 0.98503 0.38711 0.2999 0.38711 0.32131 0.3825 0.32135 0.3871 0.32135 0.3871 0.34279 0.38261 0.34282 0.3871 0.34282 0.3871 0.36426 0.38256 0.36426 0.38711 0.38572 0.38711 0.36426 0.38256 0.38577 0.3833 0.40713 0.38711 0.38577 0.3833 0.40713 0.38236 0.42855 0.38711 0.40713 0.38236 0.42855 0.38258 0.44993 0.38711 0.42855 0.38258 0.44993 0.38256 0.44992 0.39029 0.47141 0.38988 0.47141 0.39028 0.47141 0.39028 0.4929 0.38988 0.4929 0.39028 0.51431 0.39028 0.4929 0.38988 0.51431 0.38988 0.53575 0.39028 0.51431 0.38988 0.53575 0.38988 0.53575 0.39028 0.55721 0.38988 0.55721 0.39028 0.55721 0.39028 0.57872 0.38988 0.57872 0.39028 0.57872 0.39028 0.60025 0.38988 0.60025 0.39028 0.60025 0.39028 0.6218 0.38988 0.6218 0.39028 0.6218 0.39028 0.64336 0.38988 0.64336 0.39028 0.64336 0.39028 0.66494 0.38988 0.66494 0.39028 0.66494 0.39028 0.6865 0.38988 0.6865 0.39028 0.70806 0.39028 0.6865 0.38988 0.70806 0.38988 0.72959 0.39028 0.70806 0.38988 0.72959 0.38988 0.7511 0.39028 0.72959 0.38988 0.7511 0.38987 0.77258 0.39028 0.7511 0.38987 0.77258 0.38987 0.79405 0.39026 0.77258 0.38987 0.79405 0.38986 0.81561 0.39028 0.79405 0.38986 0.81561 0.38987 0.83708 0.39028 0.81561 0.38987 0.83708 0.38987 0.85837 0.39029 0.83708 0.38987 0.85837 0.38988 0.87957 0.39029 0.85837 0.38988 0.87957 0.38988 0.90074 0.39029 0.87957 0.38988 0.90074 0.38988 0.92183 0.39029 0.90074 0.38988 0.92183 0.38988 0.94293 0.39028 0.92183 0.38988 0.94293 0.38987 0.96397 0.39028 0.94293 0.38987 0.96397 0.38988 0.98503 0.39028 0.96397 0.38988 0.98503 0.38988 0.32135 0.39028 0.2999 0.38988 0.32135 0.38988 0.34282 0.39028 0.32135 0.38988 0.34282 0.38987 0.34282 0.39028 0.36426 0.38988 0.36426 0.39029 0.36426 0.39029 0.38572 0.38988 0.38572 0.39029 0.38572 0.39029 0.40713 0.38988 0.40713 0.39029 0.40713 0.39029 0.42855 0.38988 0.42855 0.39029 0.42855 0.39029 0.44992 0.38988 0.44992 0.39029 0.44993 0.39508 0.47141 0.39028 0.47141 0.39508 0.47141 0.39508 0.4929 0.39028 0.4929 0.39508 0.51431 0.39508 0.4929 0.39028 0.51431 0.39028 0.53575 0.39508 0.51431 0.39028 0.53575 0.39028 0.53575 0.39508 0.55721 0.39028 0.55721 0.39508 0.55721 0.39508 0.57872 0.39028 0.57872 0.39508 0.57872 0.39508 0.60025 0.39028 0.60025 0.39508 0.60025 0.39508 0.6218 0.39028 0.6218 0.39508 0.6218 0.39508 0.64336 0.39028 0.64336 0.39508 0.64336 0.39508 0.66494 0.39028 0.66494 0.39508 0.66494 0.39508 0.6865 0.39028 0.6865 0.39508 0.70806 0.39508 0.6865 0.39028 0.70806 0.39028 0.72959 0.39508 0.70806 0.39028 0.72959 0.39028 0.7511 0.39507 0.72959 0.39028 0.7511 0.39028 0.77258 0.39508 0.7511 0.39028 0.77258 0.39028 0.79405 0.39507 0.77258 0.39028 0.79405 0.39026 0.81561 0.39508 0.79405 0.39026 0.81561 0.39028 0.83708 0.39508 0.81561 0.39028 0.83708 0.39028 0.85837 0.39508 0.83708 0.39028 0.85837 0.39029 0.87957 0.39508 0.85837 0.39029 0.87957 0.39029 0.90074 0.39508 0.87957 0.39029 0.90074 0.39029 0.92183 0.39508 0.90074 0.39029 0.92183 0.39029 0.94293 0.39507 0.92183 0.39029 0.94293 0.39028 0.96397 0.39508 0.94293 0.39028 0.96397 0.39028 0.98503 0.39508 0.96397 0.39028 0.98503 0.39028 0.32135 0.39508 0.2999 0.39028 0.32135 0.39028 0.34282 0.39507 0.32135 0.39028 0.34282 0.39028 0.34282 0.39507 0.36426 0.39029 0.36425 0.39508 0.36425 0.39508 0.38572 0.39029 0.38572 0.39508 0.38572 0.39508 0.40713 0.39029 0.40713 0.39508 0.40713 0.39508 0.42855 0.39029 0.42855 0.39508 0.42855 0.39508 0.44992 0.39029 0.44993 0.39508 0.743705 0.96735 0.77352 0.98706 0.74334 0.98703 0.713102 0.967516 0.74334 0.98703 0.71317 0.98701 0.682801 0.967919 0.71317 0.98701 0.68316 0.987 0.65262 0.968393 0.68316 0.987 0.65315 0.98699 0.65262 0.968393 0.62314 0.98699 0.621908 0.967738 0.621908 0.967738 0.59312 0.98697 0.590432 0.966308 0.590432 0.966308 0.56311 0.98696 0.560263 0.966922 0.560263 0.966922 0.5331 0.98696 0.530536 0.967057 0.530536 0.967057 0.50309 0.98696 0.501177 0.966739 0.472953 0.968507 0.50309 0.98696 0.47308 0.98696 0.443966 0.969397 0.47308 0.98696 0.44306 0.98696 0.41423 0.9683 0.44306 0.98696 0.41306 0.98696 0.383984 0.967389 0.41306 0.98696 0.38304 0.98697 0.383984 0.967389 0.35303 0.98697 0.35104 0.967909 0.35104 0.967909 0.32302 0.98699 0.32217 0.966691 0.297928 0.964339 0.32302 0.98699 0.293 0.987 0.26364 0.965029 0.293 0.987 0.26282 0.98701 0.2305729 0.966205 0.26282 0.98701 0.23265 0.98703 0.199138 0.966334 0.23265 0.98703 0.2026399 0.98704 0.169122 0.966834 0.2026399 0.98704 0.1726199 0.98706 0.140946 0.968611 0.1726199 0.98706 0.1425999 0.98707 0.114475 0.971179 0.1425999 0.98707 0.11258 0.9871 0.08800798 0.973492 0.11258 0.9871 0.08256995 0.98711 0.05592197 0.975661 0.08256995 0.98711 0.05254995 0.98712 0.02252 0.98684 0.05254995 0.98712 0.02252 0.98715 0.953491 0.973741 0.98364 0.9872 0.95362 0.98718 0.923502 0.971866 0.95362 0.98718 0.92361 0.98715 0.892123 0.971699 0.92361 0.98715 0.89358 0.98714 0.892123 0.971699 0.86357 0.98711 0.863464 0.968576 0.863464 0.968576 0.83355 0.9871 0.836529 0.966315 0.80659 0.965835 0.83355 0.9871 0.80354 0.98707 0.774854 0.966859 0.80354 0.98707 0.77352 0.98706 0.44993 0.39704 0.47141 0.39544 0.47141 0.39704 0.47141 0.39704 0.4929 0.39544 0.4929 0.39704 0.51431 0.39704 0.4929 0.39544 0.51431 0.39544 0.51431 0.39704 0.53575 0.39544 0.53575 0.39704 0.53575 0.39704 0.55721 0.39544 0.55721 0.39704 0.55721 0.39704 0.57872 0.39544 0.57872 0.39704 0.57872 0.39704 0.60025 0.39544 0.60025 0.39704 0.60025 0.39704 0.6218 0.39544 0.6218 0.39704 0.6218 0.39704 0.64336 0.39544 0.64336 0.39704 0.64336 0.39704 0.66494 0.39544 0.66494 0.39704 0.66494 0.39704 0.6865 0.39544 0.6865 0.39704 0.6865 0.39704 0.70806 0.39544 0.70806 0.39704 0.72959 0.39704 0.70806 0.39544 0.72959 0.39544 0.7511 0.39704 0.72959 0.39544 0.7511 0.39544 0.77258 0.39704 0.7511 0.39544 0.77258 0.39544 0.79405 0.39704 0.77258 0.39544 0.79405 0.39543 0.79405 0.39704 0.81561 0.39544 0.81561 0.39704 0.81561 0.39704 0.83708 0.39544 0.83708 0.39704 0.85837 0.39704 0.83708 0.39544 0.85837 0.39544 0.87957 0.39704 0.85837 0.39544 0.87957 0.39544 0.90074 0.39704 0.87957 0.39544 0.90074 0.39544 0.92183 0.39704 0.90074 0.39544 0.92183 0.39544 0.94293 0.39704 0.92183 0.39544 0.94293 0.39544 0.96397 0.39704 0.94293 0.39544 0.96397 0.39544 0.98503 0.39704 0.96397 0.39544 0.98503 0.39544 0.32135 0.39704 0.2999 0.39544 0.32135 0.39544 0.34282 0.39704 0.32135 0.39544 0.34282 0.39544 0.36425 0.39704 0.34282 0.39544 0.36425 0.39544 0.38572 0.39704 0.36425 0.39544 0.38572 0.39544 0.40713 0.39704 0.38572 0.39544 0.40713 0.39544 0.42855 0.39704 0.40713 0.39544 0.42855 0.39544 0.42855 0.39704 0.44993 0.39544 0.44993 0.39704 0.77432 0.53929 0.74683 0.594375 0.743479 0.539511 0.713152 0.540021 0.74683 0.594375 0.716121 0.595449 0.713152 0.540021 0.689365 0.596767 0.683233 0.540248 0.683233 0.540248 0.663187 0.597379 0.653699 0.540286 0.653699 0.540286 0.636239 0.597833 0.624178 0.540279 0.593982 0.54047 0.636239 0.597833 0.586748 0.612975 0.593982 0.54047 0.566017 0.608953 0.562785 0.541567 0.562785 0.541567 0.556028 0.599558 0.530949 0.543192 0.530949 0.543192 0.544257 0.59128 0.506079 0.53969 0.506079 0.53969 0.505113 0.595077 0.477076 0.538993 0.477076 0.538993 0.461706 0.597126 0.446087 0.540084 0.446087 0.540084 0.417066 0.588505 0.414201 0.539118 0.385096 0.542046 0.417066 0.588505 0.375075 0.583003 0.356414 0.545191 0.375075 0.583003 0.34678 0.592295 0.323861 0.543765 0.34678 0.592295 0.323299 0.605473 0.291375 0.544105 0.323299 0.605473 0.297529 0.617195 0.259573 0.545908 0.297529 0.617195 0.257777 0.623651 0.229534 0.548197 0.257777 0.623651 0.225537 0.622852 0.229534 0.548197 0.1995429 0.620777 0.201411 0.550134 0.201411 0.550134 0.173874 0.617495 0.173606 0.550381 0.173606 0.550381 0.144638 0.612628 0.143849 0.549351 0.143849 0.549351 0.109004 0.6096 0.112355 0.546948 0.112355 0.546948 0.07767695 0.60662 0.08038097 0.542871 0.08038097 0.542871 0.05784696 0.596961 0.03972399 0.540767 0.03972399 0.540767 0.0223 0.59933 0.02224999 0.52182 0.950076 0.535329 0.98391 0.59938 0.925823 0.573579 0.926979 0.543572 0.925823 0.573579 0.899684 0.577826 0.904759 0.550768 0.899684 0.577826 0.882415 0.587536 0.873163 0.548343 0.882415 0.587536 0.86754 0.597191 0.873163 0.548343 0.851927 0.605996 0.838234 0.542264 0.838234 0.542264 0.823264 0.606501 0.805902 0.540029 0.805902 0.540029 0.781071 0.596527 0.77432 0.53929 0.42855 0.35633 0.44999 0.35746 0.42855 0.35746 0.40708 0.35633 0.42855 0.35746 0.40708 0.35746 0.38558 0.35633 0.40708 0.35746 0.38558 0.35746 0.36408 0.35633 0.38558 0.35746 0.36408 0.35746 0.34256 0.35633 0.36408 0.35746 0.34256 0.35746 0.32103 0.35633 0.34256 0.35746 0.32103 0.35746 0.29949 0.35633 0.32103 0.35746 0.29949 0.35746 0.96097 0.35634 0.98259 0.35746 0.96099 0.35746 0.94027 0.35729 0.96099 0.35746 0.94027 0.35832 0.94027 0.35729 0.91947 0.35747 0.91946 0.35634 0.91946 0.35634 0.89875 0.35842 0.89875 0.3574 0.89875 0.3574 0.87813 0.35747 0.87816 0.35634 0.85659 0.35633 0.87813 0.35747 0.85659 0.35746 0.83514 0.35633 0.85659 0.35746 0.83514 0.35746 0.83514 0.35633 0.81358 0.35746 0.81358 0.35633 0.81358 0.35633 0.79205 0.35746 0.79205 0.35633 0.79205 0.35633 0.77061 0.35746 0.77061 0.35633 0.77061 0.35633 0.7492 0.35746 0.7492 0.35633 0.7492 0.35633 0.72776 0.35746 0.72776 0.35633 0.72776 0.35633 0.70636 0.35746 0.70636 0.35633 0.70636 0.35633 0.685 0.35746 0.685 0.35633 0.685 0.35633 0.66365 0.35746 0.66365 0.35633 0.66365 0.35633 0.6423 0.35746 0.6423 0.35633 0.6423 0.35633 0.62096 0.35746 0.62096 0.35633 0.62096 0.35633 0.59968 0.35746 0.59968 0.35633 0.5784 0.35633 0.59968 0.35746 0.5784 0.35746 0.55712 0.35633 0.5784 0.35746 0.55712 0.35746 0.53577 0.35633 0.55712 0.35746 0.53577 0.35746 0.51441 0.35633 0.53577 0.35746 0.51441 0.35746 0.49305 0.35633 0.51441 0.35746 0.49305 0.35746 0.47153 0.35633 0.49305 0.35746 0.47153 0.35746 0.44999 0.35633 0.47153 0.35746 0.44999 0.35746 0.42855 0.35746 0.44999 0.35784 0.42855 0.35784 0.40708 0.35746 0.42855 0.35784 0.40708 0.35784 0.38558 0.35746 0.40708 0.35784 0.38558 0.35784 0.38558 0.35746 0.36408 0.35784 0.36408 0.35746 0.36408 0.35746 0.34256 0.35784 0.34256 0.35746 0.32103 0.35746 0.34256 0.35784 0.32103 0.35784 0.29949 0.35746 0.32103 0.35784 0.29949 0.35784 0.96099 0.35746 0.98259 0.35784 0.961 0.35785 0.94027 0.35832 0.961 0.35785 0.94027 0.35869 0.94027 0.35832 0.91947 0.35786 0.91947 0.35747 0.91947 0.35747 0.89875 0.35877 0.89875 0.35842 0.89875 0.35842 0.87812 0.35785 0.87813 0.35747 0.87813 0.35747 0.85659 0.35784 0.85659 0.35746 0.83514 0.35746 0.85659 0.35784 0.83514 0.35784 0.83514 0.35746 0.81358 0.35784 0.81358 0.35746 0.81358 0.35746 0.79205 0.35784 0.79205 0.35746 0.79205 0.35746 0.77061 0.35784 0.77061 0.35746 0.77061 0.35746 0.7492 0.35784 0.7492 0.35746 0.7492 0.35746 0.72776 0.35784 0.72776 0.35746 0.72776 0.35746 0.70636 0.35784 0.70636 0.35746 0.70636 0.35746 0.685 0.35784 0.685 0.35746 0.685 0.35746 0.66365 0.35784 0.66365 0.35746 0.66365 0.35746 0.6423 0.35784 0.6423 0.35746 0.6423 0.35746 0.62096 0.35784 0.62096 0.35746 0.59968 0.35746 0.62096 0.35784 0.59968 0.35784 0.5784 0.35746 0.59968 0.35784 0.5784 0.35784 0.55712 0.35746 0.5784 0.35784 0.55712 0.35784 0.53577 0.35746 0.55712 0.35784 0.53577 0.35784 0.51441 0.35746 0.53577 0.35784 0.51441 0.35784 0.49305 0.35746 0.51441 0.35784 0.49305 0.35784 0.47153 0.35746 0.49305 0.35784 0.47153 0.35784 0.44999 0.35746 0.47153 0.35784 0.44999 0.35784 0.42855 0.35846 0.44999 0.36274 0.42854 0.36274 0.40708 0.35846 0.42854 0.36274 0.40708 0.36274 0.40708 0.35846 0.38558 0.36274 0.38558 0.35846 0.38558 0.35846 0.36408 0.36274 0.36408 0.35846 0.36408 0.35846 0.34256 0.36274 0.34256 0.35846 0.34256 0.35846 0.32103 0.36274 0.32103 0.35846 0.29949 0.35846 0.32103 0.36274 0.29949 0.36274 0.96101 0.35847 0.98259 0.36274 0.96108 0.36276 0.94027 0.35925 0.96108 0.36276 0.94027 0.36325 0.94027 0.35925 0.91947 0.36278 0.91947 0.35848 0.91947 0.35848 0.89875 0.3633 0.89875 0.35933 0.89875 0.35933 0.87804 0.36276 0.87811 0.35847 0.87811 0.35847 0.85659 0.36274 0.85659 0.35846 0.85659 0.35846 0.83514 0.36274 0.83514 0.35846 0.83514 0.35846 0.81357 0.36274 0.81358 0.35846 0.81358 0.35846 0.79205 0.36274 0.79205 0.35846 0.77061 0.35846 0.79205 0.36274 0.77061 0.36274 0.7492 0.35846 0.77061 0.36274 0.7492 0.36274 0.7492 0.35846 0.72776 0.36274 0.72776 0.35846 0.72776 0.35846 0.70636 0.36274 0.70636 0.35846 0.70636 0.35846 0.685 0.36274 0.685 0.35846 0.685 0.35846 0.66365 0.36274 0.66365 0.35846 0.66365 0.35846 0.6423 0.36274 0.6423 0.35846 0.62096 0.35846 0.6423 0.36274 0.62096 0.36274 0.59968 0.35846 0.62096 0.36274 0.59968 0.36274 0.5784 0.35846 0.59968 0.36274 0.5784 0.36274 0.55712 0.35846 0.5784 0.36274 0.55712 0.36274 0.53577 0.35846 0.55712 0.36274 0.53577 0.36274 0.51441 0.35846 0.53577 0.36274 0.51442 0.36274 0.49305 0.35846 0.51442 0.36274 0.49305 0.36274 0.47153 0.35846 0.49305 0.36274 0.47153 0.36274 0.44999 0.35846 0.47153 0.36274 0.44999 0.36274 0.42854 0.36274 0.44999 0.36321 0.42854 0.36321 0.42854 0.36274 0.40708 0.36321 0.40708 0.36274 0.40708 0.36274 0.38558 0.36321 0.38558 0.36274 0.38558 0.36274 0.36408 0.36321 0.36408 0.36274 0.36408 0.36274 0.34256 0.36321 0.34256 0.36274 0.34256 0.36274 0.32103 0.36321 0.32103 0.36274 0.29949 0.36274 0.32103 0.36321 0.29949 0.36321 0.98259 0.36274 0.96108 0.36323 0.96108 0.36276 0.96108 0.36276 0.94027 0.3637 0.94027 0.36325 0.94027 0.36325 0.91947 0.36325 0.91947 0.36278 0.91947 0.36278 0.89875 0.36374 0.89875 0.3633 0.89875 0.3633 0.87803 0.36324 0.87804 0.36276 0.87804 0.36276 0.85659 0.36321 0.85659 0.36274 0.85659 0.36274 0.83514 0.36321 0.83514 0.36274 0.83514 0.36274 0.81357 0.36321 0.81357 0.36274 0.81357 0.36274 0.79205 0.36321 0.79205 0.36274 0.77061 0.36274 0.79205 0.36321 0.77061 0.36321 0.7492 0.36274 0.77061 0.36321 0.7492 0.36321 0.7492 0.36274 0.72776 0.36321 0.72776 0.36274 0.72776 0.36274 0.70636 0.36321 0.70636 0.36274 0.70636 0.36274 0.685 0.36321 0.685 0.36274 0.66365 0.36274 0.685 0.36321 0.66365 0.36321 0.6423 0.36274 0.66365 0.36321 0.6423 0.36321 0.62096 0.36274 0.6423 0.36321 0.62096 0.36321 0.59968 0.36274 0.62096 0.36321 0.59968 0.36321 0.5784 0.36274 0.59968 0.36321 0.5784 0.36321 0.55712 0.36274 0.5784 0.36321 0.55712 0.36321 0.53577 0.36274 0.55712 0.36321 0.53577 0.36321 0.51442 0.36274 0.53577 0.36321 0.51442 0.36321 0.49305 0.36274 0.51442 0.36321 0.49305 0.36321 0.47153 0.36274 0.49305 0.36321 0.47153 0.36321 0.44999 0.36274 0.47153 0.36321 0.44999 0.36321 0.44999 0.37086 0.42855 0.37123 0.42855 0.37086 0.42855 0.37086 0.40708 0.37123 0.40708 0.37086 0.40708 0.37086 0.38558 0.37123 0.38558 0.37086 0.36408 0.37086 0.38558 0.37123 0.36408 0.37123 0.34256 0.37086 0.36408 0.37123 0.34256 0.37123 0.32103 0.37086 0.34256 0.37123 0.32103 0.37123 0.29949 0.37086 0.32103 0.37123 0.29949 0.37123 0.98259 0.37086 0.96113 0.37123 0.96113 0.37086 0.96113 0.37086 0.94027 0.37123 0.94027 0.37088 0.91948 0.37086 0.94027 0.37123 0.91948 0.37123 0.89874 0.37088 0.91948 0.37123 0.89874 0.37123 0.87799 0.37086 0.89874 0.37123 0.87799 0.37123 0.87799 0.37086 0.85658 0.37123 0.85658 0.37086 0.85658 0.37086 0.83514 0.37123 0.83514 0.37086 0.81358 0.37086 0.83514 0.37123 0.81358 0.37123 0.79205 0.37086 0.81358 0.37123 0.79205 0.37123 0.77061 0.37086 0.79205 0.37123 0.77061 0.37123 0.7492 0.37086 0.77061 0.37123 0.7492 0.37123 0.72776 0.37086 0.7492 0.37123 0.72776 0.37123 0.70636 0.37086 0.72776 0.37123 0.70636 0.37123 0.685 0.37086 0.70636 0.37123 0.685 0.37123 0.66365 0.37086 0.685 0.37123 0.66365 0.37123 0.6423 0.37086 0.66365 0.37123 0.6423 0.37123 0.6423 0.37086 0.62096 0.37123 0.62096 0.37086 0.62096 0.37086 0.59968 0.37123 0.59968 0.37086 0.59968 0.37086 0.5784 0.37123 0.5784 0.37086 0.5784 0.37086 0.55711 0.37123 0.55711 0.37086 0.55711 0.37086 0.53577 0.37123 0.53577 0.37086 0.53577 0.37086 0.51441 0.37123 0.51441 0.37086 0.51441 0.37086 0.49305 0.37123 0.49305 0.37086 0.49305 0.37086 0.47153 0.37123 0.47153 0.37086 0.47153 0.37086 0.44999 0.37123 0.44999 0.37086 0.09354019 0.2627338 0.07868754 0.2792345 0.07421642 0.268992 0.07421642 0.268992 0.06287533 0.2880724 0.05648505 0.2788938 0.05648505 0.2788938 0.04908651 0.2998377 0.04102742 0.2920776 0.04102742 0.2920776 0.03785663 0.3140576 0.02843463 0.308015 0.02843463 0.308015 0.02960979 0.3301897 0.01919347 0.326108 0.01919347 0.326108 0.0246728 0.347629 0.01367241 0.3456612 0.01205915 0.3659028 0.0246728 0.347629 0.02324038 0.3657011 0.01443034 0.3860818 0.02324038 0.3657011 0.02536118 0.3836898 0.02069538 0.4054056 0.02536118 0.3836898 0.03095179 0.4009345 0.03061109 0.42313 0.03095179 0.4009345 0.03979665 0.4167467 0.04379492 0.4385877 0.03979665 0.4167467 0.05154806 0.4305425 0.04379492 0.4385877 0.06577491 0.4417654 0.05973231 0.4511665 0.05973231 0.4511665 0.08192092 0.4500053 0.0778253 0.4604077 0.0778253 0.4604077 0.09935331 0.4549422 0.0973646 0.4659357 0.0973646 0.4659357 0.1175158 0.4563747 0.1177244 0.4675351 0.1380078 0.4651709 0.1175158 0.4563747 0.1356158 0.4542539 0.1573315 0.4589197 0.1356158 0.4542539 0.1528465 0.4486702 0.175063 0.449004 0.1528465 0.4486702 0.1686727 0.4398393 0.1905205 0.4358271 0.1686727 0.4398393 0.1824615 0.428074 0.2031064 0.4198897 0.1824615 0.428074 0.1936913 0.413861 0.2123406 0.4017968 0.1936913 0.413861 0.2019243 0.397715 0.2178756 0.3822574 0.2019243 0.397715 0.2068613 0.3802757 0.2194819 0.3620019 0.2068613 0.3802757 0.2083006 0.3622175 0.2171177 0.3418368 0.2083006 0.3622175 0.2061868 0.3442149 0.2108457 0.3225061 0.2061868 0.3442149 0.2005962 0.3269841 0.2009299 0.3047816 0.2005962 0.3269841 0.1917583 0.311158 0.2009299 0.3047816 0.1799929 0.2973692 0.187753 0.289331 0.187753 0.289331 0.1657731 0.2861393 0.1718156 0.2767382 0.1718156 0.2767382 0.149627 0.2778994 0.1537296 0.267497 0.1537296 0.267497 0.1321877 0.2729694 0.1341764 0.2619759 0.1341764 0.2619759 0.1140252 0.27153 0.1138235 0.2603627 0.1138235 0.2603627 0.09593218 0.2736439 0.09354019 0.2627338 0.44999 0.36829 0.42855 0.37086 0.42855 0.36829 0.42855 0.36829 0.40708 0.37086 0.40708 0.36829 0.38558 0.36829 0.40708 0.37086 0.38558 0.37086 0.36408 0.36829 0.38558 0.37086 0.36408 0.37086 0.34256 0.36829 0.36408 0.37086 0.34256 0.37086 0.32103 0.36829 0.34256 0.37086 0.32103 0.37086 0.29949 0.36829 0.32103 0.37086 0.29949 0.37086 0.98259 0.3683 0.96113 0.37086 0.96113 0.3683 0.96113 0.3683 0.94027 0.37088 0.94027 0.36846 0.91948 0.36832 0.94027 0.37088 0.91948 0.37086 0.89874 0.36848 0.91948 0.37086 0.89874 0.37088 0.87799 0.36831 0.89874 0.37088 0.87799 0.37086 0.85658 0.36829 0.87799 0.37086 0.85658 0.37086 0.83514 0.36829 0.85658 0.37086 0.83514 0.37086 0.81358 0.36829 0.83514 0.37086 0.81358 0.37086 0.79205 0.36829 0.81358 0.37086 0.79205 0.37086 0.77061 0.36829 0.79205 0.37086 0.77061 0.37086 0.7492 0.36829 0.77061 0.37086 0.7492 0.37086 0.72776 0.36829 0.7492 0.37086 0.72776 0.37086 0.70636 0.36829 0.72776 0.37086 0.70636 0.37086 0.685 0.36829 0.70636 0.37086 0.685 0.37086 0.66365 0.36829 0.685 0.37086 0.66365 0.37086 0.6423 0.36829 0.66365 0.37086 0.6423 0.37086 0.6423 0.36829 0.62096 0.37086 0.62096 0.36829 0.62096 0.36829 0.59968 0.37086 0.59968 0.36829 0.59968 0.36829 0.5784 0.37086 0.5784 0.36829 0.5784 0.36829 0.55711 0.37086 0.55711 0.36829 0.55711 0.36829 0.53577 0.37086 0.53577 0.36829 0.53577 0.36829 0.51441 0.37086 0.51441 0.36829 0.51441 0.36829 0.49305 0.37086 0.49305 0.36829 0.49305 0.36829 0.47153 0.37086 0.47153 0.36829 0.47153 0.36829 0.44999 0.37086 0.44999 0.36829 0.44993 0.38878 0.47141 0.38988 0.44992 0.38988 0.44993 0.38878 0.42855 0.38988 0.42855 0.38878 0.42855 0.38878 0.40713 0.38988 0.40713 0.38878 0.40713 0.38878 0.38572 0.38988 0.38572 0.38878 0.38572 0.38878 0.36426 0.38988 0.36426 0.38878 0.36426 0.38878 0.34282 0.38987 0.34282 0.38877 0.34282 0.38877 0.32135 0.38988 0.32135 0.38878 0.32135 0.38878 0.2999 0.38988 0.2999 0.38878 0.96397 0.38878 0.98503 0.38988 0.96397 0.38988 0.94293 0.38877 0.96397 0.38988 0.94293 0.38987 0.92183 0.38878 0.94293 0.38987 0.92183 0.38988 0.90074 0.38878 0.92183 0.38988 0.90074 0.38988 0.87957 0.38878 0.90074 0.38988 0.87957 0.38988 0.85837 0.38878 0.87957 0.38988 0.85837 0.38988 0.83708 0.38878 0.85837 0.38988 0.83708 0.38987 0.81561 0.38878 0.83708 0.38987 0.81561 0.38987 0.79405 0.38875 0.81561 0.38987 0.79405 0.38986 0.77258 0.38878 0.79405 0.38986 0.77258 0.38987 0.77258 0.38878 0.7511 0.38987 0.7511 0.38878 0.7511 0.38878 0.72959 0.38988 0.72959 0.38878 0.70806 0.38878 0.72959 0.38988 0.70806 0.38988 0.6865 0.38878 0.70806 0.38988 0.6865 0.38988 0.66494 0.38878 0.6865 0.38988 0.66494 0.38988 0.66494 0.38878 0.64336 0.38988 0.64336 0.38878 0.64336 0.38878 0.6218 0.38988 0.6218 0.38878 0.6218 0.38878 0.60025 0.38988 0.60025 0.38878 0.57872 0.38878 0.60025 0.38988 0.57872 0.38988 0.55721 0.38878 0.57872 0.38988 0.55721 0.38988 0.55721 0.38878 0.53575 0.38988 0.53575 0.38878 0.53575 0.38878 0.51431 0.38988 0.51431 0.38878 0.51431 0.38878 0.4929 0.38988 0.4929 0.38878 0.47141 0.38878 0.4929 0.38988 0.47141 0.38988 0.275722 0.900459 0.297928 0.964339 0.26364 0.965029 0.2259359 0.906771 0.26364 0.965029 0.2305729 0.966205 0.191154 0.906518 0.2305729 0.966205 0.199138 0.966334 0.157944 0.904775 0.199138 0.966334 0.169122 0.966834 0.138206 0.911136 0.169122 0.966834 0.140946 0.968611 0.120765 0.917971 0.140946 0.968611 0.114475 0.971179 0.09832698 0.919921 0.114475 0.971179 0.08800798 0.973492 0.063757 0.915446 0.08800798 0.973492 0.05592197 0.975661 0.02246999 0.90933 0.05592197 0.975661 0.02252 0.98684 0.953154 0.911241 0.98364 0.98689 0.953491 0.973741 0.917717 0.912648 0.953491 0.973741 0.923502 0.971866 0.917717 0.912648 0.892123 0.971699 0.873612 0.918362 0.873612 0.918362 0.863464 0.968576 0.850649 0.914276 0.850649 0.914276 0.836529 0.966315 0.836541 0.905711 0.836541 0.905711 0.80659 0.965835 0.821252 0.89796 0.780688 0.904969 0.80659 0.965835 0.774854 0.966859 0.745883 0.907713 0.774854 0.966859 0.743705 0.96735 0.714665 0.908704 0.743705 0.96735 0.713102 0.967516 0.684572 0.910293 0.713102 0.967516 0.682801 0.967919 0.655476 0.911646 0.682801 0.967919 0.65262 0.968393 0.655476 0.911646 0.621908 0.967738 0.623634 0.908511 0.623634 0.908511 0.590432 0.966308 0.581698 0.894011 0.559629 0.903041 0.590432 0.966308 0.560263 0.966922 0.539835 0.912766 0.560263 0.966922 0.530536 0.967057 0.51975 0.918486 0.530536 0.967057 0.501177 0.966739 0.493211 0.919111 0.501177 0.966739 0.472953 0.968507 0.45743 0.905504 0.472953 0.968507 0.443966 0.969397 0.422497 0.899258 0.443966 0.969397 0.41423 0.9683 0.38763 0.905941 0.41423 0.9683 0.383984 0.967389 0.334899 0.915329 0.383984 0.967389 0.35104 0.967909 0.334899 0.915329 0.32217 0.966691 0.307801 0.91249 0.307801 0.91249 0.297928 0.964339 0.295117 0.904212 0.274841 0.838875 0.275722 0.900459 0.260432 0.834393 0.234198 0.835233 0.275722 0.900459 0.2259359 0.906771 0.196373 0.83855 0.2259359 0.906771 0.191154 0.906518 0.1718 0.841999 0.191154 0.906518 0.157944 0.904775 0.156915 0.846956 0.157944 0.904775 0.138206 0.911136 0.140147 0.849122 0.138206 0.911136 0.120765 0.917971 0.105222 0.842312 0.120765 0.917971 0.09832698 0.919921 0.105222 0.842312 0.063757 0.915446 0.06506395 0.835073 0.06506395 0.835073 0.02246999 0.90933 0.02241998 0.83183 0.98376 0.83188 0.953154 0.911241 0.94612 0.825975 0.94612 0.825975 0.917717 0.912648 0.906358 0.826361 0.863191 0.830748 0.917717 0.912648 0.873612 0.918362 0.863191 0.830748 0.850649 0.914276 0.820315 0.836045 0.820315 0.836045 0.836541 0.905711 0.806783 0.831395 0.806783 0.831395 0.821252 0.89796 0.797227 0.826004 0.797227 0.826004 0.780688 0.904969 0.786012 0.822673 0.764916 0.822993 0.780688 0.904969 0.745883 0.907713 0.725232 0.830605 0.745883 0.907713 0.714665 0.908704 0.6939 0.833733 0.714665 0.908704 0.684572 0.910293 0.668752 0.834318 0.684572 0.910293 0.655476 0.911646 0.639751 0.82885 0.655476 0.911646 0.623634 0.908511 0.618229 0.834476 0.623634 0.908511 0.581698 0.894011 0.60499 0.845724 0.581698 0.894011 0.559629 0.903041 0.593592 0.856905 0.559629 0.903041 0.539835 0.912766 0.580062 0.86736 0.539835 0.912766 0.51975 0.918486 0.543997 0.867118 0.51975 0.918486 0.493211 0.919111 0.486299 0.869651 0.493211 0.919111 0.45743 0.905504 0.439899 0.866703 0.45743 0.905504 0.422497 0.899258 0.390097 0.857667 0.422497 0.899258 0.38763 0.905941 0.342624 0.849399 0.38763 0.905941 0.334899 0.915329 0.342624 0.849399 0.307801 0.91249 0.293726 0.845846 0.293726 0.845846 0.295117 0.904212 0.274841 0.838875 0.258219 0.759159 0.260432 0.834393 0.250458 0.757798 0.2397029 0.757888 0.260432 0.834393 0.234198 0.835233 0.210931 0.761902 0.234198 0.835233 0.196373 0.83855 0.171086 0.761675 0.196373 0.83855 0.1718 0.841999 0.155643 0.762165 0.1718 0.841999 0.156915 0.846956 0.14324 0.762393 0.156915 0.846956 0.140147 0.849122 0.14324 0.762393 0.105222 0.842312 0.117398 0.760504 0.117398 0.760504 0.06506395 0.835073 0.06830495 0.757156 0.06830495 0.757156 0.02241998 0.83183 0.02237999 0.75432 0.9838 0.75438 0.94612 0.825975 0.94028 0.754875 0.94028 0.754875 0.906358 0.826361 0.89888 0.750901 0.89888 0.750901 0.863191 0.830748 0.857595 0.746114 0.857595 0.746114 0.820315 0.836045 0.814542 0.742976 0.814542 0.742976 0.806783 0.831395 0.798634 0.742906 0.798634 0.742906 0.797227 0.826004 0.790938 0.744431 0.790938 0.744431 0.786012 0.822673 0.783575 0.746454 0.77122 0.748715 0.786012 0.822673 0.764916 0.822993 0.742642 0.750835 0.764916 0.822993 0.725232 0.830605 0.698946 0.752884 0.725232 0.830605 0.6939 0.833733 0.673592 0.757004 0.6939 0.833733 0.668752 0.834318 0.664041 0.762078 0.668752 0.834318 0.639751 0.82885 0.65769 0.767322 0.639751 0.82885 0.618229 0.834476 0.652074 0.772648 0.618229 0.834476 0.60499 0.845724 0.644665 0.778052 0.60499 0.845724 0.593592 0.856905 0.625437 0.786327 0.593592 0.856905 0.580062 0.86736 0.568117 0.778833 0.580062 0.86736 0.543997 0.867118 0.520252 0.775886 0.543997 0.867118 0.486299 0.869651 0.469328 0.775812 0.486299 0.869651 0.439899 0.866703 0.407577 0.774155 0.439899 0.866703 0.390097 0.857667 0.35489 0.768487 0.390097 0.857667 0.342624 0.849399 0.35489 0.768487 0.293726 0.845846 0.289525 0.763271 0.289525 0.763271 0.274841 0.838875 0.258219 0.759159 0.260015 0.673119 0.258219 0.759159 0.250458 0.757798 0.24171 0.674154 0.250458 0.757798 0.2397029 0.757888 0.204034 0.675623 0.2397029 0.757888 0.210931 0.761902 0.1781899 0.67833 0.210931 0.761902 0.171086 0.761675 0.152302 0.684385 0.171086 0.761675 0.155643 0.762165 0.152302 0.684385 0.14324 0.762393 0.133195 0.681765 0.133195 0.681765 0.117398 0.760504 0.114548 0.671789 0.114548 0.671789 0.06830495 0.757156 0.06153899 0.676495 0.06153899 0.676495 0.02237999 0.75432 0.02233999 0.67682 0.98386 0.67687 0.94028 0.754875 0.944113 0.677061 0.944113 0.677061 0.89888 0.750901 0.905029 0.670006 0.905029 0.670006 0.857595 0.746114 0.855102 0.652939 0.855102 0.652939 0.814542 0.742976 0.829944 0.652337 0.815641 0.658963 0.814542 0.742976 0.798634 0.742906 0.801871 0.663975 0.798634 0.742906 0.790938 0.744431 0.785969 0.667301 0.790938 0.744431 0.783575 0.746454 0.761625 0.669098 0.783575 0.746454 0.77122 0.748715 0.761625 0.669098 0.742642 0.750835 0.727404 0.669831 0.727404 0.669831 0.698946 0.752884 0.700518 0.672033 0.684445 0.675404 0.698946 0.752884 0.673592 0.757004 0.665289 0.680306 0.673592 0.757004 0.664041 0.762078 0.635096 0.687952 0.664041 0.762078 0.65769 0.767322 0.635096 0.687952 0.652074 0.772648 0.618404 0.689163 0.618404 0.689163 0.644665 0.778052 0.610427 0.686777 0.610427 0.686777 0.625437 0.786327 0.602103 0.682586 0.602103 0.682586 0.568117 0.778833 0.549665 0.694236 0.549665 0.694236 0.520252 0.775886 0.504095 0.695581 0.504095 0.695581 0.469328 0.775812 0.452755 0.692496 0.452755 0.692496 0.407577 0.774155 0.3993 0.686362 0.3993 0.686362 0.35489 0.768487 0.35034 0.67989 0.35034 0.67989 0.289525 0.763271 0.295951 0.672757 0.273038 0.673361 0.289525 0.763271 0.258219 0.759159 0.257777 0.623651 0.273038 0.673361 0.260015 0.673119 0.257777 0.623651 0.24171 0.674154 0.225537 0.622852 0.225537 0.622852 0.204034 0.675623 0.1995429 0.620777 0.1995429 0.620777 0.1781899 0.67833 0.173874 0.617495 0.173874 0.617495 0.152302 0.684385 0.144638 0.612628 0.144638 0.612628 0.133195 0.681765 0.109004 0.6096 0.109004 0.6096 0.114548 0.671789 0.07767695 0.60662 0.07767695 0.60662 0.06153899 0.676495 0.05784696 0.596961 0.05784696 0.596961 0.02233999 0.67682 0.0223 0.59933 0.98391 0.59938 0.944113 0.677061 0.925823 0.573579 0.925823 0.573579 0.905029 0.670006 0.899684 0.577826 0.882415 0.587536 0.905029 0.670006 0.855102 0.652939 0.86754 0.597191 0.855102 0.652939 0.829944 0.652337 0.851927 0.605996 0.829944 0.652337 0.815641 0.658963 0.823264 0.606501 0.815641 0.658963 0.801871 0.663975 0.823264 0.606501 0.785969 0.667301 0.781071 0.596527 0.781071 0.596527 0.761625 0.669098 0.74683 0.594375 0.74683 0.594375 0.727404 0.669831 0.716121 0.595449 0.716121 0.595449 0.700518 0.672033 0.689365 0.596767 0.689365 0.596767 0.684445 0.675404 0.663187 0.597379 0.663187 0.597379 0.665289 0.680306 0.636239 0.597833 0.636239 0.597833 0.635096 0.687952 0.586748 0.612975 0.586748 0.612975 0.618404 0.689163 0.566017 0.608953 0.566017 0.608953 0.610427 0.686777 0.556028 0.599558 0.556028 0.599558 0.602103 0.682586 0.544257 0.59128 0.544257 0.59128 0.549665 0.694236 0.505113 0.595077 0.505113 0.595077 0.504095 0.695581 0.461706 0.597126 0.461706 0.597126 0.452755 0.692496 0.417066 0.588505 0.417066 0.588505 0.3993 0.686362 0.375075 0.583003 0.375075 0.583003 0.35034 0.67989 0.34678 0.592295 0.323299 0.605473 0.35034 0.67989 0.295951 0.672757 0.297529 0.617195 0.295951 0.672757 0.273038 0.673361 0.49746 0.1210872 0.497427 0.1323474 0.476393 0.1322567 0.476393 0.1322567 0.454908 0.1326799 0.45638 0.1210972 0.454908 0.1326799 0.43281 0.1339784 0.43594 0.1211072 0.43281 0.1339784 0.408883 0.1372533 0.41544 0.1211172 0.408883 0.1372533 0.387303 0.1385968 0.39471 0.1211372 0.387303 0.1385968 0.372277 0.1349173 0.37409 0.1211672 0.37409 0.1211672 0.372277 0.1349173 0.356543 0.1304972 0.356543 0.1304972 0.33306 0.1214672 0.33345 0.1212072 0.98891 0.1214272 0.977122 0.1327821 0.96798 0.1211672 0.96798 0.1211672 0.977122 0.1327821 0.949157 0.1333131 0.949157 0.1333131 0.927587 0.1347895 0.92721 0.1211772 0.927587 0.1347895 0.906033 0.1356709 0.90711 0.1211572 0.906033 0.1356709 0.885438 0.1363027 0.88662 0.1211572 0.885438 0.1363027 0.86647 0.1364571 0.86663 0.1211372 0.86663 0.1211372 0.86647 0.1364571 0.847443 0.1356813 0.84624 0.1211072 0.847443 0.1356813 0.827211 0.1347064 0.51801 0.1210772 0.518085 0.1326243 0.497427 0.1323474 0.53849 0.1210672 0.538477 0.1327986 0.518085 0.1326243 0.55892 0.1210472 0.558573 0.1328561 0.538477 0.1327986 0.55892 0.1210472 0.57939 0.1210472 0.578666 0.1328393 0.57939 0.1210472 0.59986 0.1210472 0.599266 0.1329303 0.6203 0.1210372 0.620641 0.1336006 0.599266 0.1329303 0.64071 0.1210372 0.642434 0.1346806 0.620641 0.1336006 0.64071 0.1210372 0.66118 0.1210272 0.659315 0.1326796 0.66118 0.1210272 0.68173 0.1210272 0.679094 0.1321145 0.68173 0.1210272 0.70235 0.1210272 0.700471 0.1327532 0.70235 0.1210272 0.72342 0.1210072 0.722617 0.1322876 0.74387 0.1210172 0.742411 0.1338829 0.722617 0.1322876 0.74387 0.1210172 0.76435 0.1210372 0.761776 0.1354516 0.76435 0.1210372 0.78498 0.1210772 0.783767 0.1344494 0.78498 0.1210772 0.80562 0.1210772 0.805824 0.1341298 0.80562 0.1210772 0.82602 0.1210872 0.827211 0.1347064 0.496978 0.31841 0.49725 0.33323 0.47667 0.33325 0.517901 0.318558 0.51782 0.33322 0.49725 0.33323 0.538605 0.31885 0.53828 0.33321 0.51782 0.33322 0.55874 0.33321 0.53828 0.33321 0.538605 0.31885 0.57922 0.33321 0.55874 0.33321 0.559169 0.319164 0.59969 0.3332 0.57922 0.33321 0.580053 0.318725 0.62006 0.33318 0.59969 0.3332 0.601491 0.317763 0.64053 0.33319 0.62006 0.33318 0.62208 0.318211 0.66095 0.33319 0.64053 0.33319 0.642335 0.318382 0.6813 0.33318 0.66095 0.33319 0.662394 0.318137 0.701349 0.320133 0.70182 0.33319 0.6813 0.33318 0.721587 0.31944 0.7223 0.33318 0.70182 0.33319 0.742129 0.318709 0.7427 0.3332 0.7223 0.33318 0.76298 0.3332 0.7427 0.3332 0.742129 0.318709 0.78373 0.33321 0.76298 0.3332 0.764503 0.318843 0.800857 0.316215 0.80418 0.33321 0.78373 0.33321 0.82434 0.31663 0.82478 0.33322 0.80418 0.33321 0.84698 0.317556 0.84541 0.33321 0.82478 0.33322 0.868478 0.317825 0.866 0.33323 0.84541 0.33321 0.889042 0.318321 0.88652 0.33325 0.866 0.33323 0.908186 0.319651 0.90693 0.33326 0.88652 0.33325 0.925961 0.321559 0.92746 0.33326 0.90693 0.33326 0.943975 0.323333 0.94801 0.33328 0.92746 0.33326 0.965975 0.325097 0.96864 0.33329 0.94801 0.33328 0.98873 0.33306 0.98917 0.3333 0.96864 0.33329 0.35392 0.323684 0.35382 0.33332 0.33347 0.33334 0.374332 0.322113 0.3741 0.3333 0.35382 0.33332 0.395659 0.321872 0.39438 0.33329 0.3741 0.3333 0.41487 0.33328 0.39438 0.33329 0.395659 0.321872 0.43554 0.33327 0.41487 0.33328 0.415258 0.319596 0.454044 0.317451 0.45606 0.33326 0.43554 0.33327 0.475715 0.318088 0.47667 0.33325 0.45606 0.33326 0.495125 0.1588629 0.471778 0.159593 0.476393 0.1322567 0.518085 0.1326243 0.516046 0.1593068 0.495125 0.1588629 0.534249 0.1597423 0.516046 0.1593068 0.518085 0.1326243 0.551982 0.1598022 0.534249 0.1597423 0.538477 0.1327986 0.570192 0.1597717 0.551982 0.1598022 0.558573 0.1328561 0.599266 0.1329303 0.60427 0.1653933 0.570192 0.1597717 0.618179 0.1640262 0.60427 0.1653933 0.599266 0.1329303 0.624969 0.160609 0.618179 0.1640262 0.620641 0.1336006 0.63301 0.1572518 0.624969 0.160609 0.642434 0.1346806 0.659979 0.1587905 0.63301 0.1572518 0.659315 0.1326796 0.689884 0.1591313 0.659979 0.1587905 0.679094 0.1321145 0.720749 0.1559692 0.689884 0.1591313 0.700471 0.1327532 0.742411 0.1338829 0.749474 0.1536194 0.720749 0.1559692 0.761776 0.1354516 0.768447 0.1574754 0.749474 0.1536194 0.783767 0.1344494 0.784144 0.1624941 0.768447 0.1574754 0.805824 0.1341298 0.801423 0.1664301 0.784144 0.1624941 0.827211 0.1347064 0.828323 0.1685054 0.801423 0.1664301 0.847443 0.1356813 0.850249 0.1682796 0.828323 0.1685054 0.867952 0.1677317 0.850249 0.1682796 0.847443 0.1356813 0.885387 0.166683 0.867952 0.1677317 0.86647 0.1364571 0.905294 0.1650106 0.885387 0.166683 0.885438 0.1363027 0.929542 0.1640182 0.905294 0.1650106 0.906033 0.1356709 0.951039 0.163136 0.929542 0.1640182 0.927587 0.1347895 0.964505 0.1596534 0.951039 0.163136 0.949157 0.1333131 0.98887 0.1611276 0.964505 0.1596534 0.977122 0.1327821 0.356543 0.1304972 0.373226 0.1515489 0.33309 0.1625633 0.372277 0.1349173 0.391103 0.1519687 0.373226 0.1515489 0.387303 0.1385968 0.402792 0.1558077 0.391103 0.1519687 0.408883 0.1372533 0.412838 0.1598193 0.402792 0.1558077 0.423365 0.1627961 0.412838 0.1598193 0.408883 0.1372533 0.442787 0.1631044 0.423365 0.1627961 0.43281 0.1339784 0.471778 0.159593 0.442787 0.1631044 0.454908 0.1326799 0.816114 0.272394 0.82434 0.31663 0.800857 0.316215 0.850395 0.276807 0.84698 0.317556 0.82434 0.31663 0.874134 0.276926 0.868478 0.317825 0.84698 0.317556 0.896842 0.276094 0.889042 0.318321 0.868478 0.317825 0.909842 0.280636 0.908186 0.319651 0.889042 0.318321 0.9213 0.285474 0.925961 0.321559 0.908186 0.319651 0.936651 0.2869 0.943975 0.323333 0.925961 0.321559 0.960382 0.284109 0.965975 0.325097 0.943975 0.323333 0.98876 0.2802 0.98873 0.33306 0.965975 0.325097 0.354258 0.281315 0.35392 0.323684 0.33328 0.33309 0.378616 0.281982 0.374332 0.322113 0.35392 0.323684 0.395659 0.321872 0.374332 0.322113 0.378616 0.281982 0.415258 0.319596 0.395659 0.321872 0.408932 0.285523 0.433653 0.317914 0.415258 0.319596 0.424614 0.282553 0.454044 0.317451 0.433653 0.317914 0.434022 0.276623 0.471769 0.275837 0.475715 0.318088 0.454044 0.317451 0.495569 0.277707 0.496978 0.31841 0.475715 0.318088 0.516955 0.278348 0.517901 0.318558 0.496978 0.31841 0.537542 0.279385 0.538605 0.31885 0.517901 0.318558 0.557268 0.280274 0.559169 0.319164 0.538605 0.31885 0.580053 0.318725 0.559169 0.319164 0.557268 0.280274 0.601491 0.317763 0.580053 0.318725 0.578861 0.278096 0.622518 0.274699 0.62208 0.318211 0.601491 0.317763 0.635965 0.281281 0.642335 0.318382 0.62208 0.318211 0.649597 0.285133 0.662394 0.318137 0.642335 0.318382 0.667694 0.285517 0.681606 0.319393 0.662394 0.318137 0.692242 0.276299 0.701349 0.320133 0.681606 0.319393 0.716099 0.272096 0.721587 0.31944 0.701349 0.320133 0.739873 0.27663 0.742129 0.318709 0.721587 0.31944 0.776243 0.282902 0.764503 0.318843 0.742129 0.318709 0.784194 0.317846 0.764503 0.318843 0.776243 0.282902 0.800857 0.316215 0.784194 0.317846 0.794446 0.280699 0.816114 0.272394 0.802902 0.274962 0.817184 0.2334911 0.844267 0.2316375 0.850395 0.276807 0.816114 0.272394 0.870625 0.2335292 0.874134 0.276926 0.850395 0.276807 0.887245 0.2355906 0.896842 0.276094 0.874134 0.276926 0.896671 0.2384216 0.909842 0.280636 0.896842 0.276094 0.907511 0.239842 0.9213 0.285474 0.909842 0.280636 0.931393 0.2363266 0.936651 0.2869 0.9213 0.285474 0.960382 0.284109 0.936651 0.2869 0.931393 0.2363266 0.98876 0.2802 0.960382 0.284109 0.959136 0.2327158 0.354258 0.281315 0.33324 0.28024 0.33319 0.2337083 0.378616 0.281982 0.354258 0.281315 0.359309 0.2315521 0.416293 0.2305567 0.408932 0.285523 0.378616 0.281982 0.424614 0.282553 0.408932 0.285523 0.416293 0.2305567 0.434022 0.276623 0.424614 0.282553 0.445751 0.2326624 0.444216 0.271272 0.434022 0.276623 0.454716 0.2303501 0.471769 0.275837 0.444216 0.271272 0.460844 0.2277678 0.482395 0.2263442 0.495569 0.277707 0.471769 0.275837 0.509845 0.2297343 0.516955 0.278348 0.495569 0.277707 0.531272 0.2312176 0.537542 0.279385 0.516955 0.278348 0.549002 0.2311251 0.557268 0.280274 0.537542 0.279385 0.568661 0.2287129 0.578861 0.278096 0.557268 0.280274 0.582448 0.2318148 0.607488 0.268444 0.578861 0.278096 0.591168 0.2376986 0.622518 0.274699 0.607488 0.268444 0.598776 0.244161 0.635965 0.281281 0.622518 0.274699 0.607973 0.2506992 0.649597 0.285133 0.635965 0.281281 0.633336 0.2502896 0.667694 0.285517 0.649597 0.285133 0.672533 0.2519772 0.692242 0.276299 0.667694 0.285517 0.70465 0.2504131 0.716099 0.272096 0.692242 0.276299 0.738712 0.2449575 0.739873 0.27663 0.716099 0.272096 0.771159 0.2395659 0.776243 0.282902 0.739873 0.27663 0.794446 0.280699 0.776243 0.282902 0.771159 0.2395659 0.802902 0.274962 0.794446 0.280699 0.804523 0.2373924 0.826657 0.231209 0.817184 0.2334911 0.828843 0.2028347 0.840733 0.2024493 0.844267 0.2316375 0.826657 0.231209 0.860581 0.2036422 0.870625 0.2335292 0.844267 0.2316375 0.88786 0.2038159 0.887245 0.2355906 0.870625 0.2335292 0.89769 0.2038406 0.896671 0.2384216 0.887245 0.2355906 0.905468 0.2040653 0.907511 0.239842 0.896671 0.2384216 0.931393 0.2363266 0.907511 0.239842 0.905468 0.2040653 0.959136 0.2327158 0.931393 0.2363266 0.923 0.2035945 0.98879 0.2313345 0.959136 0.2327158 0.956871 0.2027317 0.359309 0.2315521 0.33319 0.2337083 0.33317 0.2068448 0.38672 0.2307814 0.359309 0.2315521 0.363478 0.2079229 0.416293 0.2305567 0.38672 0.2307814 0.392072 0.2043015 0.445751 0.2326624 0.416293 0.2305567 0.420372 0.1997862 0.454716 0.2303501 0.445751 0.2326624 0.449863 0.1988821 0.460844 0.2277678 0.454716 0.2303501 0.460401 0.1989325 0.468104 0.2262001 0.460844 0.2277678 0.465157 0.1992089 0.477847 0.2004539 0.482395 0.2263442 0.468104 0.2262001 0.497503 0.2009861 0.509845 0.2297343 0.482395 0.2263442 0.527942 0.2013042 0.531272 0.2312176 0.509845 0.2297343 0.54545 0.2025316 0.549002 0.2311251 0.531272 0.2312176 0.551629 0.2039551 0.568661 0.2287129 0.549002 0.2311251 0.555574 0.2055787 0.582448 0.2318148 0.568661 0.2287129 0.559039 0.2072162 0.591168 0.2376986 0.582448 0.2318148 0.563874 0.208872 0.598776 0.244161 0.591168 0.2376986 0.57716 0.2115187 0.607973 0.2506992 0.598776 0.244161 0.616886 0.2091946 0.633336 0.2502896 0.607973 0.2506992 0.649784 0.208147 0.672533 0.2519772 0.633336 0.2502896 0.685002 0.2081986 0.70465 0.2504131 0.672533 0.2519772 0.727477 0.2076343 0.738712 0.2449575 0.70465 0.2504131 0.771159 0.2395659 0.738712 0.2449575 0.727477 0.2076343 0.804523 0.2373924 0.771159 0.2395659 0.763018 0.2056977 0.817184 0.2334911 0.804523 0.2373924 0.807466 0.2041167 0.826769 0.1820686 0.833734 0.20235 0.828843 0.2028347 0.839026 0.1821865 0.840733 0.2024493 0.833734 0.20235 0.864205 0.1827939 0.860581 0.2036422 0.840733 0.2024493 0.882482 0.1833288 0.88786 0.2038159 0.860581 0.2036422 0.899758 0.1846035 0.89769 0.2038406 0.88786 0.2038159 0.905468 0.2040653 0.89769 0.2038406 0.899758 0.1846035 0.923 0.2035945 0.905468 0.2040653 0.912815 0.1840667 0.956871 0.2027317 0.923 0.2035945 0.925688 0.1818553 0.98882 0.202451 0.956871 0.2027317 0.961899 0.1830198 0.363478 0.2079229 0.33317 0.2068448 0.33313 0.1876647 0.392072 0.2043015 0.363478 0.2079229 0.360592 0.1893232 0.420372 0.1997862 0.392072 0.2043015 0.387464 0.1843301 0.449863 0.1988821 0.420372 0.1997862 0.421858 0.1771559 0.448633 0.1786157 0.460401 0.1989325 0.449863 0.1988821 0.457667 0.1800972 0.465157 0.1992089 0.460401 0.1989325 0.468151 0.1806929 0.469669 0.1997787 0.465157 0.1992089 0.484687 0.181182 0.477847 0.2004539 0.469669 0.1997787 0.497503 0.2009861 0.477847 0.2004539 0.484687 0.181182 0.527942 0.2013042 0.497503 0.2009861 0.508118 0.1812463 0.537581 0.1828735 0.54545 0.2025316 0.527942 0.2013042 0.550651 0.1837974 0.551629 0.2039551 0.54545 0.2025316 0.570733 0.1854739 0.555574 0.2055787 0.551629 0.2039551 0.559039 0.2072162 0.555574 0.2055787 0.570733 0.1854739 0.563874 0.208872 0.559039 0.2072162 0.582031 0.1859349 0.57716 0.2115187 0.563874 0.208872 0.587509 0.1851916 0.616886 0.2091946 0.57716 0.2115187 0.593253 0.1842914 0.649784 0.208147 0.616886 0.2091946 0.629728 0.1867212 0.685002 0.2081986 0.649784 0.208147 0.660929 0.1872004 0.727477 0.2076343 0.685002 0.2081986 0.696377 0.1863559 0.763018 0.2056977 0.727477 0.2076343 0.732965 0.1847254 0.807466 0.2041167 0.763018 0.2056977 0.766039 0.1834751 0.818419 0.1818624 0.828843 0.2028347 0.807466 0.2041167 0.828323 0.1685054 0.826769 0.1820686 0.818419 0.1818624 0.839026 0.1821865 0.826769 0.1820686 0.828323 0.1685054 0.864205 0.1827939 0.839026 0.1821865 0.850249 0.1682796 0.882482 0.1833288 0.864205 0.1827939 0.867952 0.1677317 0.899758 0.1846035 0.882482 0.1833288 0.885387 0.166683 0.912815 0.1840667 0.899758 0.1846035 0.905294 0.1650106 0.925688 0.1818553 0.912815 0.1840667 0.929542 0.1640182 0.961899 0.1830198 0.925688 0.1818553 0.951039 0.163136 0.98885 0.1835882 0.961899 0.1830198 0.964505 0.1596534 0.360592 0.1893232 0.33313 0.1876647 0.33309 0.1625633 0.387464 0.1843301 0.360592 0.1893232 0.373226 0.1515489 0.402792 0.1558077 0.421858 0.1771559 0.387464 0.1843301 0.412838 0.1598193 0.439122 0.1770685 0.421858 0.1771559 0.423365 0.1627961 0.448633 0.1786157 0.439122 0.1770685 0.442787 0.1631044 0.457667 0.1800972 0.448633 0.1786157 0.468151 0.1806929 0.457667 0.1800972 0.442787 0.1631044 0.484687 0.181182 0.468151 0.1806929 0.471778 0.159593 0.508118 0.1812463 0.484687 0.181182 0.495125 0.1588629 0.526642 0.1818499 0.508118 0.1812463 0.516046 0.1593068 0.537581 0.1828735 0.526642 0.1818499 0.534249 0.1597423 0.550651 0.1837974 0.537581 0.1828735 0.551982 0.1598022 0.570733 0.1854739 0.550651 0.1837974 0.570192 0.1597717 0.582031 0.1859349 0.570733 0.1854739 0.60427 0.1653933 0.587509 0.1851916 0.582031 0.1859349 0.618179 0.1640262 0.593253 0.1842914 0.587509 0.1851916 0.624969 0.160609 0.629728 0.1867212 0.593253 0.1842914 0.63301 0.1572518 0.660929 0.1872004 0.629728 0.1867212 0.659979 0.1587905 0.696377 0.1863559 0.660929 0.1872004 0.689884 0.1591313 0.732965 0.1847254 0.696377 0.1863559 0.720749 0.1559692 0.766039 0.1834751 0.732965 0.1847254 0.749474 0.1536194 0.784144 0.1624941 0.803199 0.1818361 0.766039 0.1834751 0.801423 0.1664301 0.818419 0.1818624 0.803199 0.1818361 0.1389563 0.2619376 0.1185135 0.2595502 0.1185135 0.2589013 0.1584372 0.268242 0.1389563 0.2619376 0.1390606 0.2614277 0.1763073 0.2782316 0.1584372 0.268242 0.1587038 0.2676972 0.1918827 0.2915124 0.1763073 0.2782316 0.1766433 0.2777448 0.2045726 0.3075746 0.1918827 0.2915124 0.1922883 0.2911068 0.2138784 0.3258155 0.2045726 0.3075746 0.2050709 0.3072965 0.2194527 0.3455166 0.2138784 0.3258155 0.2143651 0.3255953 0.2210751 0.3659131 0.2194527 0.3455166 0.2201364 0.3453776 0.2192441 0.3863906 0.2186878 0.3862516 0.2210751 0.3659131 0.2128354 0.4059295 0.2123719 0.4057325 0.2186878 0.3862516 0.2027994 0.4239386 0.2023823 0.423591 0.2123719 0.4057325 0.1893332 0.4394214 0.1890898 0.4391664 0.2023823 0.423591 0.1732362 0.4523777 0.1730276 0.4518447 0.1890898 0.4391664 0.1547983 0.4611622 0.1730276 0.4518447 0.1732362 0.4523777 0.1350972 0.4667248 0.1547983 0.4611622 0.1549373 0.4616836 0.1145849 0.4683473 0.1350972 0.4667248 0.1351783 0.4673159 0.1185135 0.2595502 0.09800118 0.2611727 0.09789687 0.2605585 0.09800118 0.2611727 0.07830005 0.2667469 0.07806825 0.2661443 0.07830005 0.2667469 0.06007069 0.2760528 0.05972301 0.2755197 0.06007069 0.2760528 0.04400849 0.2887427 0.04355657 0.2882675 0.04400849 0.2887427 0.03072762 0.3043181 0.03019458 0.3039473 0.03019458 0.3039473 0.03072762 0.3043181 0.020738 0.3221766 0.0201354 0.3219217 0.020738 0.3221766 0.01442211 0.3416575 0.01380789 0.3415185 0.01442211 0.3416575 0.01203477 0.3619844 0.01137423 0.3619844 0.01203477 0.3619844 0.01365721 0.3823925 0.01298505 0.38252 0.01365721 0.3823925 0.01923149 0.4020936 0.01862883 0.4023138 0.01923149 0.4020936 0.02853733 0.4203229 0.02813172 0.4205778 0.02853733 0.4203229 0.04121559 0.4363851 0.04084473 0.436756 0.04121559 0.4363851 0.05680263 0.449666 0.0564202 0.4501875 0.05680263 0.449666 0.07467275 0.4596556 0.07441776 0.460235 0.07467275 0.4596556 0.09414201 0.4659599 0.09414201 0.4659599 0.1145849 0.4683473 0.1145732 0.4689614 0.1308209 0.299022 0.1178066 0.2975039 0.1183165 0.2708031 0.1432094 0.3030434 0.1308209 0.299022 0.1365458 0.2729355 0.1545897 0.3093941 0.1432094 0.3030434 0.1539291 0.2785676 0.1645097 0.317854 0.1545897 0.3093941 0.1698638 0.2874795 0.1725756 0.3280754 0.1645097 0.317854 0.1837589 0.2993349 0.1784976 0.3396758 0.1725756 0.3280754 0.1950812 0.3136588 0.2083621 0.3474984 0.1820437 0.3522034 0.1784976 0.3396758 0.2098107 0.3657045 0.1830751 0.3651946 0.1820437 0.3522034 0.2076668 0.3838411 0.1815454 0.3781393 0.1830751 0.3651946 0.2020345 0.4012244 0.1775473 0.3905279 0.1815454 0.3781393 0.1931227 0.4171591 0.1711733 0.4018965 0.1775473 0.3905279 0.1812789 0.4310542 0.162725 0.4118167 0.1711733 0.4018965 0.1524921 0.4198941 0.162725 0.4118167 0.1812789 0.4310542 0.1408916 0.4258044 0.1524921 0.4198941 0.1669434 0.4423765 0.128364 0.4293622 0.1408916 0.4258044 0.1506726 0.4506742 0.1152918 0.4303936 0.128364 0.4293622 0.1330923 0.4556458 0.1178066 0.2975039 0.1047459 0.2985353 0.100006 0.2722517 0.1047459 0.2985353 0.09220671 0.3020815 0.08243727 0.2772233 0.09220671 0.3020815 0.08060622 0.3080034 0.06616646 0.2855325 0.08060622 0.3080034 0.07037323 0.3160808 0.051831 0.2968433 0.07037323 0.3160808 0.06192493 0.3260009 0.03997558 0.3107383 0.03997558 0.3107383 0.06192493 0.3260009 0.05556261 0.3373696 0.03106373 0.3266963 0.05556261 0.3373696 0.05155289 0.3497582 0.02543151 0.3440564 0.05155289 0.3497582 0.05003476 0.362703 0.02329915 0.3622046 0.05003476 0.362703 0.05106616 0.3756941 0.02474778 0.3803992 0.05106616 0.3756941 0.05461233 0.3882217 0.02971941 0.3979795 0.05461233 0.3882217 0.06053423 0.3998337 0.03802865 0.4142503 0.06053423 0.3998337 0.06861174 0.4100435 0.04933941 0.4285742 0.06861174 0.4100435 0.07852023 0.4185035 0.0632345 0.4404296 0.07852023 0.4185035 0.08988893 0.4248542 0.07919239 0.4493299 0.08988893 0.4248542 0.102289 0.4288755 0.09655255 0.4549621 0.102289 0.4288755 0.1152918 0.4303936 0.124192 0.3291531 0.1172271 0.3283419 0.1178066 0.2975039 0.1432094 0.3030434 0.1308324 0.3313086 0.124192 0.3291531 0.1369282 0.3347158 0.1308324 0.3313086 0.1432094 0.3030434 0.1645097 0.317854 0.1422359 0.3392471 0.1369282 0.3347158 0.1465702 0.344717 0.1422359 0.3392471 0.1645097 0.317854 0.1784976 0.3396758 0.1497455 0.3509402 0.1465702 0.344717 0.1516461 0.3576502 0.1497455 0.3509402 0.1784976 0.3396758 0.1830751 0.3651946 0.1521908 0.3646151 0.1516461 0.3576502 0.1513795 0.3715569 0.1521908 0.3646151 0.1830751 0.3651946 0.1775473 0.3905279 0.1492356 0.3781857 0.1513795 0.3715569 0.1458169 0.3842815 0.1492356 0.3781857 0.1775473 0.3905279 0.162725 0.4118167 0.1412972 0.3896008 0.1458169 0.3842815 0.1358157 0.3939234 0.1412972 0.3896008 0.162725 0.4118167 0.1408916 0.4258044 0.1296041 0.3970988 0.1358157 0.3939234 0.1228825 0.3989993 0.1296041 0.3970988 0.1408916 0.4258044 0.1152918 0.4303936 0.1158828 0.3995556 0.1228825 0.3989993 0.1172271 0.3283419 0.1102274 0.3288981 0.1047459 0.2985353 0.1102274 0.3288981 0.1035059 0.3307988 0.09220671 0.3020815 0.1035059 0.3307988 0.09729421 0.3339741 0.08060622 0.3080034 0.09729421 0.3339741 0.09181267 0.3382968 0.07037323 0.3160808 0.07037323 0.3160808 0.09181267 0.3382968 0.0872814 0.3436161 0.0872814 0.3436161 0.08387428 0.3497002 0.05556261 0.3373696 0.05556261 0.3373696 0.08387428 0.3497002 0.08171874 0.3563522 0.08171874 0.3563522 0.08090752 0.3632824 0.05003476 0.362703 0.05003476 0.362703 0.08090752 0.3632824 0.08145219 0.3702358 0.05106616 0.3756941 0.08145219 0.3702358 0.0833528 0.3769573 0.05461233 0.3882217 0.0833528 0.3769573 0.08653974 0.3831689 0.08653974 0.3831689 0.09086239 0.3886505 0.06861174 0.4100435 0.06861174 0.4100435 0.09086239 0.3886505 0.09618169 0.3931818 0.09618169 0.3931818 0.1022658 0.3965889 0.08988893 0.4248542 0.08988893 0.4248542 0.1022658 0.3965889 0.1089178 0.3987328 0.1089178 0.3987328 0.1158828 0.3995556 0.1152918 0.4303936 0.1172271 0.3283419 0.124192 0.3291531 0.1308324 0.3313086 0.1308324 0.3313086 0.1369282 0.3347158 0.1422359 0.3392471 0.1422359 0.3392471 0.1465702 0.344717 0.1497455 0.3509402 0.1497455 0.3509402 0.1516461 0.3576502 0.1521908 0.3646151 0.1521908 0.3646151 0.1513795 0.3715569 0.1492356 0.3781857 0.1492356 0.3781857 0.1458169 0.3842815 0.1412972 0.3896008 0.1412972 0.3896008 0.1358157 0.3939234 0.1296041 0.3970988 0.1296041 0.3970988 0.1228825 0.3989993 0.1158828 0.3995556 0.1035059 0.3307988 0.1102274 0.3288981 0.1172271 0.3283419 0.09181267 0.3382968 0.09729421 0.3339741 0.1035059 0.3307988 0.08387428 0.3497002 0.0872814 0.3436161 0.09181267 0.3382968 0.08090752 0.3632824 0.08171874 0.3563522 0.08387428 0.3497002 0.0833528 0.3769573 0.08145219 0.3702358 0.08090752 0.3632824 0.09086239 0.3886505 0.08653974 0.3831689 0.0833528 0.3769573 0.1022658 0.3965889 0.09618169 0.3931818 0.09086239 0.3886505 0.1158828 0.3995556 0.1089178 0.3987328 0.1022658 0.3965889 0.1539291 0.2785676 0.1365458 0.2729355 0.1389563 0.2619376 0.1698638 0.2874795 0.1539291 0.2785676 0.1584372 0.268242 0.1837589 0.2993349 0.1698638 0.2874795 0.1763073 0.2782316 0.1950812 0.3136588 0.1837589 0.2993349 0.1918827 0.2915124 0.2033905 0.3299296 0.1950812 0.3136588 0.2045726 0.3075746 0.2083621 0.3474984 0.2033905 0.3299296 0.2138784 0.3258155 0.2210751 0.3659131 0.2098107 0.3657045 0.2083621 0.3474984 0.2186878 0.3862516 0.2076668 0.3838411 0.2098107 0.3657045 0.2123719 0.4057325 0.2020345 0.4012244 0.2076668 0.3838411 0.2023823 0.423591 0.1931227 0.4171591 0.2020345 0.4012244 0.1890898 0.4391664 0.1812789 0.4310542 0.1931227 0.4171591 0.1669434 0.4423765 0.1812789 0.4310542 0.1890898 0.4391664 0.1506726 0.4506742 0.1669434 0.4423765 0.1730276 0.4518447 0.1330923 0.4556458 0.1506726 0.4506742 0.1547983 0.4611622 0.1147934 0.4570944 0.1330923 0.4556458 0.1350972 0.4667248 0.09414201 0.4659599 0.09655255 0.4549621 0.1147934 0.4570944 0.07467275 0.4596556 0.07919239 0.4493299 0.09655255 0.4549621 0.05680263 0.449666 0.0632345 0.4404296 0.07919239 0.4493299 0.04121559 0.4363851 0.04933941 0.4285742 0.0632345 0.4404296 0.02853733 0.4203229 0.03802865 0.4142503 0.04933941 0.4285742 0.01923149 0.4020936 0.02971941 0.3979795 0.03802865 0.4142503 0.01365721 0.3823925 0.02474778 0.3803992 0.02971941 0.3979795 0.01203477 0.3619844 0.02329915 0.3622046 0.02474778 0.3803992 0.01442211 0.3416575 0.02543151 0.3440564 0.02329915 0.3622046 0.020738 0.3221766 0.03106373 0.3266963 0.02543151 0.3440564 0.03072762 0.3043181 0.03997558 0.3107383 0.03106373 0.3266963 0.051831 0.2968433 0.03997558 0.3107383 0.03072762 0.3043181 0.06616646 0.2855325 0.051831 0.2968433 0.04400849 0.2887427 0.08243727 0.2772233 0.06616646 0.2855325 0.06007069 0.2760528 0.100006 0.2722517 0.08243727 0.2772233 0.07830005 0.2667469 0.1183165 0.2708031 0.100006 0.2722517 0.09800118 0.2611727 0.1365458 0.2729355 0.1183165 0.2708031 0.1185135 0.2595502 0.74357 0.52135 0.77376 0.52138 0.77432 0.53929 0.80379 0.52139 0.805902 0.540029 0.77432 0.53929 0.83382 0.5214 0.838234 0.542264 0.805902 0.540029 0.86385 0.52143 0.873163 0.548343 0.838234 0.542264 0.89389 0.52144 0.904759 0.550768 0.873163 0.548343 0.92392 0.52147 0.926979 0.543572 0.904759 0.550768 0.92392 0.52147 0.95393 0.5215 0.950076 0.535329 0.98396 0.52151 0.98396 0.52187 0.950076 0.535329 0.05227994 0.52144 0.03972399 0.540767 0.02224999 0.52182 0.05227994 0.52144 0.08230996 0.52143 0.08038097 0.542871 0.11234 0.5214 0.112355 0.546948 0.08038097 0.542871 0.14237 0.52139 0.143849 0.549351 0.112355 0.546948 0.1723999 0.52136 0.173606 0.550381 0.143849 0.549351 0.1723999 0.52136 0.20243 0.52135 0.201411 0.550134 0.20243 0.52135 0.23247 0.52133 0.229534 0.548197 0.23247 0.52133 0.26267 0.52132 0.259573 0.545908 0.743479 0.539511 0.713152 0.540021 0.71338 0.52133 0.713152 0.540021 0.683233 0.540248 0.68333 0.52132 0.683233 0.540248 0.653699 0.540286 0.6533 0.52131 0.6533 0.52131 0.653699 0.540286 0.624178 0.540279 0.62327 0.52129 0.624178 0.540279 0.593982 0.54047 0.593982 0.54047 0.562785 0.541567 0.5632 0.52128 0.562785 0.541567 0.530949 0.543192 0.53315 0.52128 0.53315 0.52128 0.530949 0.543192 0.506079 0.53969 0.50312 0.52128 0.506079 0.53969 0.477076 0.538993 0.47309 0.52128 0.477076 0.538993 0.446087 0.540084 0.44305 0.52128 0.446087 0.540084 0.414201 0.539118 0.414201 0.539118 0.385096 0.542046 0.38297 0.52128 0.38297 0.52128 0.385096 0.542046 0.356414 0.545191 0.35294 0.52129 0.356414 0.545191 0.323861 0.543765 0.3229 0.52129 0.323861 0.543765 0.291375 0.544105 0.291375 0.544105 0.259573 0.545908 0.26267 0.52132 0.40713 0.39544 0.40713 0.39508 0.42855 0.39508 0.42855 0.39544 0.42855 0.39508 0.44993 0.39508 0.44993 0.39544 0.44993 0.39508 0.47141 0.39508 0.47141 0.39544 0.47141 0.39508 0.4929 0.39508 0.51431 0.39544 0.4929 0.39544 0.4929 0.39508 0.53575 0.39544 0.51431 0.39544 0.51431 0.39508 0.53575 0.39544 0.53575 0.39508 0.55721 0.39508 0.55721 0.39544 0.55721 0.39508 0.57872 0.39508 0.57872 0.39544 0.57872 0.39508 0.60025 0.39508 0.60025 0.39544 0.60025 0.39508 0.6218 0.39508 0.6218 0.39544 0.6218 0.39508 0.64336 0.39508 0.64336 0.39544 0.64336 0.39508 0.66494 0.39508 0.66494 0.39544 0.66494 0.39508 0.6865 0.39508 0.6865 0.39544 0.6865 0.39508 0.70806 0.39508 0.72959 0.39544 0.70806 0.39544 0.70806 0.39508 0.7511 0.39544 0.72959 0.39544 0.72959 0.39508 0.77258 0.39544 0.7511 0.39544 0.7511 0.39507 0.79405 0.39543 0.77258 0.39544 0.77258 0.39508 0.81561 0.39544 0.79405 0.39543 0.79405 0.39507 0.83708 0.39544 0.81561 0.39544 0.81561 0.39508 0.85837 0.39544 0.83708 0.39544 0.83708 0.39508 0.87957 0.39544 0.85837 0.39544 0.85837 0.39508 0.90074 0.39544 0.87957 0.39544 0.87957 0.39508 0.92183 0.39544 0.90074 0.39544 0.90074 0.39508 0.94293 0.39544 0.92183 0.39544 0.92183 0.39508 0.96397 0.39544 0.94293 0.39544 0.94293 0.39507 0.98503 0.39544 0.96397 0.39544 0.96397 0.39508 0.32135 0.39544 0.2999 0.39544 0.2999 0.39508 0.34282 0.39544 0.32135 0.39544 0.32135 0.39508 0.36425 0.39544 0.34282 0.39544 0.34282 0.39507 0.36425 0.39544 0.36425 0.39508 0.38572 0.39508 0.38572 0.39544 0.38572 0.39508 0.40713 0.39508 0.42855 0.39738 0.40713 0.39738 0.40713 0.39704 0.42855 0.38769 0.42855 0.38878 0.40713 0.38878 0.44993 0.39738 0.42855 0.39738 0.42855 0.39704 0.42855 0.38769 0.44993 0.38768 0.44993 0.38878 0.44993 0.39738 0.44993 0.39704 0.47141 0.39704 0.44993 0.38768 0.47141 0.38768 0.47141 0.38878 0.4929 0.39738 0.47141 0.39738 0.47141 0.39704 0.47141 0.38768 0.4929 0.38768 0.4929 0.38878 0.4929 0.39738 0.4929 0.39704 0.51431 0.39704 0.51431 0.38768 0.51431 0.38878 0.4929 0.38878 0.51431 0.39738 0.51431 0.39704 0.53575 0.39704 0.53575 0.38768 0.53575 0.38878 0.51431 0.38878 0.53575 0.39738 0.53575 0.39704 0.55721 0.39704 0.53575 0.38768 0.55721 0.38768 0.55721 0.38878 0.55721 0.39738 0.55721 0.39704 0.57872 0.39704 0.55721 0.38768 0.57872 0.38768 0.57872 0.38878 0.57872 0.39738 0.57872 0.39704 0.60025 0.39704 0.57872 0.38768 0.60026 0.38768 0.60025 0.38878 0.60025 0.39738 0.60025 0.39704 0.6218 0.39704 0.60026 0.38768 0.6218 0.38768 0.6218 0.38878 0.6218 0.39738 0.6218 0.39704 0.64336 0.39704 0.6218 0.38768 0.64336 0.38768 0.64336 0.38878 0.64336 0.39738 0.64336 0.39704 0.66494 0.39704 0.64336 0.38768 0.66494 0.38768 0.66494 0.38878 0.6865 0.39738 0.66494 0.39738 0.66494 0.39704 0.66494 0.38768 0.6865 0.38768 0.6865 0.38878 0.70806 0.39738 0.6865 0.39738 0.6865 0.39704 0.6865 0.38768 0.70806 0.38768 0.70806 0.38878 0.72959 0.39738 0.70806 0.39738 0.70806 0.39704 0.72959 0.38768 0.72959 0.38878 0.70806 0.38878 0.7511 0.39738 0.72959 0.39738 0.72959 0.39704 0.7511 0.38768 0.7511 0.38878 0.72959 0.38878 0.77258 0.39738 0.7511 0.39738 0.7511 0.39704 0.77258 0.38768 0.77258 0.38878 0.7511 0.38878 0.79405 0.39738 0.77258 0.39738 0.77258 0.39704 0.79405 0.38765 0.79405 0.38875 0.77258 0.38878 0.81561 0.39738 0.79405 0.39738 0.79405 0.39704 0.81561 0.38768 0.81561 0.38878 0.79405 0.38875 0.83708 0.39738 0.81561 0.39738 0.81561 0.39704 0.81561 0.38768 0.83708 0.38768 0.83708 0.38878 0.85837 0.39738 0.83708 0.39738 0.83708 0.39704 0.85837 0.38769 0.85837 0.38878 0.83708 0.38878 0.87957 0.39738 0.85837 0.39738 0.85837 0.39704 0.87957 0.38769 0.87957 0.38878 0.85837 0.38878 0.90074 0.39738 0.87957 0.39738 0.87957 0.39704 0.90074 0.38769 0.90074 0.38878 0.87957 0.38878 0.92183 0.39738 0.90074 0.39738 0.90074 0.39704 0.92183 0.38769 0.92183 0.38878 0.90074 0.38878 0.94293 0.39738 0.92183 0.39738 0.92183 0.39704 0.94293 0.38768 0.94293 0.38877 0.92183 0.38878 0.96397 0.39738 0.94293 0.39738 0.94293 0.39704 0.96397 0.38768 0.96397 0.38878 0.94293 0.38877 0.98503 0.39738 0.96397 0.39738 0.96397 0.39704 0.98503 0.38768 0.98503 0.38878 0.96397 0.38878 0.32135 0.39738 0.2999 0.39738 0.2999 0.39704 0.32135 0.38768 0.32135 0.38878 0.2999 0.38878 0.34282 0.39738 0.32135 0.39738 0.32135 0.39704 0.34282 0.38768 0.34282 0.38877 0.32135 0.38878 0.36425 0.39738 0.34282 0.39738 0.34282 0.39704 0.36426 0.38769 0.36426 0.38878 0.34282 0.38877 0.38572 0.39738 0.36425 0.39738 0.36425 0.39704 0.36426 0.38769 0.38572 0.38769 0.38572 0.38878 0.40713 0.39738 0.38572 0.39738 0.38572 0.39704 0.40713 0.38769 0.40713 0.38878 0.38572 0.38878 0.47141 0.38768 0.44993 0.38768 0.44993 0.38711 0.44993 0.38768 0.42855 0.38769 0.42855 0.38711 0.42855 0.38769 0.40713 0.38769 0.40713 0.38711 0.40713 0.38769 0.38572 0.38769 0.38572 0.38711 0.38572 0.38769 0.36426 0.38769 0.36426 0.38711 0.36426 0.38769 0.34282 0.38768 0.34282 0.3871 0.32135 0.38768 0.32135 0.3871 0.34282 0.3871 0.2999 0.38768 0.2999 0.38711 0.32135 0.3871 0.96397 0.38768 0.96397 0.3871 0.98503 0.38711 0.94293 0.38768 0.94293 0.3871 0.96397 0.3871 0.92183 0.38769 0.92183 0.38711 0.94293 0.3871 0.90074 0.38769 0.90074 0.38711 0.92183 0.38711 0.87957 0.38769 0.87957 0.38711 0.90074 0.38711 0.85837 0.38769 0.85837 0.38711 0.87957 0.38711 0.83708 0.38768 0.83708 0.38711 0.85837 0.38711 0.81561 0.38768 0.81561 0.3871 0.83708 0.38711 0.4929 0.38768 0.47141 0.38768 0.47141 0.38711 0.4929 0.38768 0.4929 0.38711 0.51431 0.38711 0.51431 0.38768 0.51431 0.38711 0.53575 0.38711 0.55721 0.38768 0.53575 0.38768 0.53575 0.38711 0.57872 0.38768 0.55721 0.38768 0.55721 0.38711 0.60026 0.38768 0.57872 0.38768 0.57872 0.38711 0.6218 0.38768 0.60026 0.38768 0.60026 0.38711 0.64336 0.38768 0.6218 0.38768 0.6218 0.38711 0.66494 0.38768 0.64336 0.38768 0.64336 0.38711 0.6865 0.38768 0.66494 0.38768 0.66494 0.38711 0.70806 0.38768 0.6865 0.38768 0.6865 0.38711 0.70806 0.38768 0.70806 0.38711 0.72959 0.38711 0.72959 0.38768 0.72959 0.38711 0.7511 0.3871 0.7511 0.38768 0.7511 0.3871 0.77257 0.3871 0.77258 0.38768 0.77257 0.3871 0.79405 0.38707 0.79405 0.38765 0.79405 0.38707 0.81561 0.3871 0.44999 0.35784 0.47153 0.35784 0.47153 0.35846 0.42855 0.35784 0.44999 0.35784 0.44999 0.35846 0.40708 0.35784 0.42855 0.35784 0.42855 0.35846 0.40708 0.35784 0.40708 0.35846 0.38558 0.35846 0.38558 0.35784 0.38558 0.35846 0.36408 0.35846 0.36408 0.35784 0.36408 0.35846 0.34256 0.35846 0.34256 0.35784 0.34256 0.35846 0.32103 0.35846 0.32103 0.35784 0.32103 0.35846 0.29949 0.35846 0.961 0.35785 0.98259 0.35784 0.98259 0.35846 0.94027 0.35869 0.961 0.35785 0.96101 0.35847 0.94027 0.35869 0.94027 0.35925 0.91947 0.35848 0.91947 0.35786 0.91947 0.35848 0.89875 0.35933 0.89875 0.35877 0.89875 0.35933 0.87811 0.35847 0.87812 0.35785 0.87811 0.35847 0.85659 0.35846 0.85659 0.35784 0.85659 0.35846 0.83514 0.35846 0.83514 0.35784 0.83514 0.35846 0.81358 0.35846 0.47153 0.35784 0.49305 0.35784 0.49305 0.35846 0.49305 0.35784 0.51441 0.35784 0.51441 0.35846 0.51441 0.35784 0.53577 0.35784 0.53577 0.35846 0.53577 0.35784 0.55712 0.35784 0.55712 0.35846 0.55712 0.35784 0.5784 0.35784 0.5784 0.35846 0.5784 0.35784 0.59968 0.35784 0.59968 0.35846 0.59968 0.35784 0.62096 0.35784 0.62096 0.35846 0.62096 0.35784 0.6423 0.35784 0.6423 0.35846 0.66365 0.35784 0.66365 0.35846 0.6423 0.35846 0.685 0.35784 0.685 0.35846 0.66365 0.35846 0.70636 0.35784 0.70636 0.35846 0.685 0.35846 0.72776 0.35784 0.72776 0.35846 0.70636 0.35846 0.7492 0.35784 0.7492 0.35846 0.72776 0.35846 0.77061 0.35784 0.77061 0.35846 0.7492 0.35846 0.79205 0.35784 0.79205 0.35846 0.77061 0.35846 0.81358 0.35784 0.81358 0.35846 0.79205 0.35846 0.47153 0.3652 0.47153 0.36772 0.44999 0.36772 0.44999 0.3652 0.44999 0.36772 0.42855 0.36772 0.42854 0.3652 0.42855 0.36772 0.40708 0.36772 0.40708 0.3652 0.40708 0.36772 0.38558 0.36772 0.38558 0.3652 0.38558 0.36772 0.36408 0.36772 0.36408 0.3652 0.36408 0.36772 0.34256 0.36772 0.34256 0.3652 0.34256 0.36772 0.32103 0.36772 0.32103 0.3652 0.32103 0.36772 0.29949 0.36772 0.98259 0.3652 0.98259 0.36773 0.96112 0.36774 0.94027 0.36556 0.9611 0.36522 0.96112 0.36774 0.91948 0.36524 0.94027 0.36556 0.94027 0.36794 0.89875 0.3656 0.91948 0.36524 0.91948 0.36775 0.87801 0.36522 0.89875 0.3656 0.89874 0.36795 0.85659 0.3652 0.87801 0.36522 0.87799 0.36774 0.83514 0.3652 0.85659 0.3652 0.85658 0.36772 0.81358 0.3652 0.83514 0.3652 0.83514 0.36772 0.49305 0.3652 0.49305 0.36772 0.47153 0.36772 0.51442 0.3652 0.51441 0.36772 0.49305 0.36772 0.53577 0.3652 0.53577 0.36772 0.51441 0.36772 0.55712 0.3652 0.55711 0.36772 0.53577 0.36772 0.5784 0.3652 0.5784 0.36772 0.55711 0.36772 0.59968 0.3652 0.59968 0.36772 0.5784 0.36772 0.62096 0.3652 0.62096 0.36772 0.59968 0.36772 0.62096 0.3652 0.6423 0.3652 0.6423 0.36772 0.6423 0.3652 0.66365 0.3652 0.66365 0.36772 0.66365 0.3652 0.685 0.3652 0.685 0.36772 0.685 0.3652 0.70636 0.3652 0.70637 0.36772 0.70636 0.3652 0.72776 0.3652 0.72776 0.36772 0.72776 0.3652 0.7492 0.3652 0.7492 0.36772 0.7492 0.3652 0.77061 0.3652 0.77061 0.36772 0.77061 0.3652 0.79205 0.3652 0.79205 0.36772 0.79205 0.3652 0.81358 0.3652 0.81358 0.36773 0.47153 0.36772 0.47153 0.36829 0.44999 0.36829 0.44999 0.36772 0.44999 0.36829 0.42855 0.36829 0.42855 0.36772 0.42855 0.36829 0.40708 0.36829 0.38558 0.36772 0.40708 0.36772 0.40708 0.36829 0.36408 0.36772 0.38558 0.36772 0.38558 0.36829 0.34256 0.36772 0.36408 0.36772 0.36408 0.36829 0.34256 0.36772 0.34256 0.36829 0.32103 0.36829 0.32103 0.36772 0.32103 0.36829 0.29949 0.36829 0.98259 0.36773 0.98259 0.3683 0.96113 0.3683 0.94027 0.36794 0.96112 0.36774 0.96113 0.3683 0.91948 0.36775 0.94027 0.36794 0.94027 0.36846 0.89874 0.36795 0.91948 0.36775 0.91948 0.36832 0.87799 0.36774 0.89874 0.36795 0.89874 0.36848 0.85658 0.36772 0.87799 0.36774 0.87799 0.36831 0.83514 0.36772 0.85658 0.36772 0.85658 0.36829 0.81358 0.36773 0.83514 0.36772 0.83514 0.36829 0.49305 0.36772 0.49305 0.36829 0.47153 0.36829 0.51441 0.36772 0.51441 0.36829 0.49305 0.36829 0.53577 0.36772 0.53577 0.36829 0.51441 0.36829 0.55711 0.36772 0.55711 0.36829 0.53577 0.36829 0.5784 0.36772 0.5784 0.36829 0.55711 0.36829 0.59968 0.36772 0.59968 0.36829 0.5784 0.36829 0.62096 0.36772 0.62096 0.36829 0.59968 0.36829 0.6423 0.36772 0.6423 0.36829 0.62096 0.36829 0.6423 0.36772 0.66365 0.36772 0.66365 0.36829 0.66365 0.36772 0.685 0.36772 0.685 0.36829 0.685 0.36772 0.70637 0.36772 0.70636 0.36829 0.70637 0.36772 0.72776 0.36772 0.72776 0.36829 0.72776 0.36772 0.7492 0.36772 0.7492 0.36829 0.7492 0.36772 0.77061 0.36772 0.77061 0.36829 0.77061 0.36772 0.79205 0.36772 0.79205 0.36829 0.79205 0.36772 0.81358 0.36773 0.81358 0.36829 0.1138097 0.259716 0.1138235 0.2603627 0.09354019 0.2627338 0.09340113 0.2620941 0.09354019 0.2627338 0.07421642 0.268992 0.07395219 0.2684009 0.07421642 0.268992 0.05648505 0.2788938 0.05610954 0.2783722 0.05648505 0.2788938 0.04102742 0.2920776 0.04055458 0.2916256 0.04102742 0.2920776 0.02843463 0.308015 0.02788531 0.3076673 0.02843463 0.308015 0.01919347 0.326108 0.01858848 0.3258785 0.01919347 0.326108 0.01367241 0.3456612 0.0130257 0.345536 0.01367241 0.3456612 0.01205915 0.3659028 0.01380449 0.3862209 0.0114125 0.3659237 0.01205915 0.3659028 0.02010434 0.4056628 0.01380449 0.3862209 0.01443034 0.3860818 0.03007566 0.4235056 0.02010434 0.4056628 0.02069538 0.4054056 0.04334294 0.4390605 0.03007566 0.4235056 0.03061109 0.42313 0.05938464 0.4517089 0.04334294 0.4390605 0.04379492 0.4385877 0.05938464 0.4517089 0.05973231 0.4511665 0.0778253 0.4604077 0.07758194 0.4610058 0.0778253 0.4604077 0.0973646 0.4659357 0.09725338 0.4665685 0.0973646 0.4659357 0.1177244 0.4675351 0.1342877 0.2613292 0.1341764 0.2619759 0.1138235 0.2603627 0.153966 0.266899 0.1537296 0.267497 0.1341764 0.2619759 0.1721633 0.2761958 0.1718156 0.2767382 0.1537296 0.267497 0.188205 0.2888581 0.187753 0.289331 0.1718156 0.2767382 0.2014653 0.3044131 0.2009299 0.3047816 0.187753 0.289331 0.2114506 0.3222488 0.2108457 0.3225061 0.2009299 0.3047816 0.2114506 0.3222488 0.2177435 0.3416907 0.2171177 0.3418368 0.2177435 0.3416907 0.2201355 0.3619949 0.2194819 0.3620019 0.2201355 0.3619949 0.2185153 0.3823687 0.2178756 0.3822574 0.2185153 0.3823687 0.2129526 0.4020401 0.2123406 0.4017968 0.2129526 0.4020401 0.2036557 0.4202374 0.2031064 0.4198897 0.2036557 0.4202374 0.1909864 0.4362791 0.1905205 0.4358271 0.1909864 0.4362791 0.1754384 0.4495325 0.175063 0.449004 0.1754384 0.4495325 0.1575958 0.4595108 0.1573315 0.4589197 0.1575958 0.4595108 0.1381468 0.4658036 0.1380078 0.4651709 0.1381468 0.4658036 0.1177314 0.4681956 0.1177244 0.4675351 0.1140252 0.27153 0.1145259 0.2980228 0.1016201 0.2995317 0.09593218 0.2736439 0.1016201 0.2995317 0.0893194 0.303523 0.07868754 0.2792345 0.0893194 0.303523 0.07803392 0.3098229 0.06287533 0.2880724 0.07803392 0.3098229 0.06819474 0.3182157 0.04908651 0.2998377 0.06819474 0.3182157 0.06018429 0.328354 0.03785663 0.3140576 0.06018429 0.328354 0.05430859 0.3398759 0.0246728 0.347629 0.02960979 0.3301897 0.05430859 0.3398759 0.02324038 0.3657011 0.0246728 0.347629 0.05079013 0.3523018 0.02536118 0.3836898 0.02324038 0.3657011 0.04976797 0.3651936 0.03095179 0.4009345 0.02536118 0.3836898 0.05127686 0.3780366 0.03979665 0.4167467 0.03095179 0.4009345 0.05525428 0.3903235 0.05154806 0.4305425 0.03979665 0.4167467 0.06156802 0.401609 0.05154806 0.4305425 0.06995397 0.4114482 0.08010607 0.4194586 0.06577491 0.4417654 0.08010607 0.4194586 0.09161406 0.4253343 0.08192092 0.4500053 0.09161406 0.4253343 0.1040539 0.4288597 0.09935331 0.4549422 0.1040539 0.4288597 0.1170222 0.4298819 0.1321877 0.2729694 0.1274871 0.299045 0.1145259 0.2980228 0.149627 0.2778994 0.1399269 0.3025634 0.1274871 0.299045 0.1657731 0.2861393 0.1514419 0.3084461 0.1399269 0.3025634 0.1799929 0.2973692 0.1615871 0.3164565 0.1514419 0.3084461 0.1917583 0.311158 0.169973 0.3262957 0.1615871 0.3164565 0.1917583 0.311158 0.2005962 0.3269841 0.1762868 0.3375812 0.2005962 0.3269841 0.2061868 0.3442149 0.1802641 0.349875 0.2061868 0.3442149 0.2083006 0.3622175 0.18178 0.3627181 0.2083006 0.3622175 0.2068613 0.3802757 0.1807578 0.3756029 0.2068613 0.3802757 0.2019243 0.397715 0.1772394 0.3880358 0.2019243 0.397715 0.1936913 0.413861 0.1713567 0.3995577 0.1936913 0.413861 0.1824615 0.428074 0.1633463 0.4096959 0.1824615 0.428074 0.1686727 0.4398393 0.153514 0.4180818 0.1686727 0.4398393 0.1528465 0.4486702 0.1422286 0.4243887 0.1528465 0.4486702 0.1356158 0.4542539 0.1299278 0.428373 0.1356158 0.4542539 0.1175158 0.4563747 0.1170222 0.4298819 0.1145259 0.2980228 0.1151099 0.3286252 0.1081912 0.3294317 0.0893194 0.303523 0.1016201 0.2995317 0.1081912 0.3294317 0.0893194 0.303523 0.1015993 0.3315734 0.09555673 0.3349459 0.06819474 0.3182157 0.07803392 0.3098229 0.09555673 0.3349459 0.06819474 0.3182157 0.09028595 0.3394448 0.0859887 0.3448755 0.05430859 0.3398759 0.06018429 0.328354 0.0859887 0.3448755 0.05430859 0.3398759 0.08283877 0.3510432 0.08095437 0.3577046 0.04976797 0.3651936 0.05079013 0.3523018 0.08095437 0.3577046 0.04976797 0.3651936 0.08040505 0.3646094 0.08121168 0.3714934 0.05525428 0.3903235 0.05127686 0.3780366 0.08121168 0.3714934 0.05525428 0.3903235 0.08334636 0.3780784 0.08673274 0.3841348 0.06995397 0.4114482 0.06156802 0.401609 0.08673274 0.3841348 0.06995397 0.4114482 0.09122467 0.3894056 0.09666234 0.393689 0.09161406 0.4253343 0.08010607 0.4194586 0.09666234 0.393689 0.09161406 0.4253343 0.1028301 0.3968458 0.1094985 0.3987302 0.1170222 0.4298819 0.1040539 0.4288597 0.1094985 0.3987302 0.1274871 0.299045 0.1220495 0.3291814 0.1151099 0.3286252 0.1399269 0.3025634 0.1287179 0.3310658 0.1220495 0.3291814 0.1514419 0.3084461 0.1348787 0.3342088 0.1287179 0.3310658 0.1615871 0.3164565 0.1403233 0.3385061 0.1348787 0.3342088 0.1615871 0.3164565 0.169973 0.3262957 0.1448152 0.3437768 0.1762868 0.3375812 0.1481946 0.3498194 0.1448152 0.3437768 0.1762868 0.3375812 0.1802641 0.349875 0.1503294 0.3564113 0.18178 0.3627181 0.151136 0.3632883 0.1503294 0.3564113 0.18178 0.3627181 0.1807578 0.3756029 0.1505936 0.3701931 0.1807578 0.3756029 0.1772394 0.3880358 0.1487092 0.3768615 0.1772394 0.3880358 0.1713567 0.3995577 0.1455593 0.3830223 0.1633463 0.4096959 0.141262 0.3884669 0.1455593 0.3830223 0.1633463 0.4096959 0.153514 0.4180818 0.1359913 0.3929588 0.1422286 0.4243887 0.1299487 0.3963382 0.1359913 0.3929588 0.1422286 0.4243887 0.1299278 0.428373 0.1233498 0.398466 0.1170222 0.4298819 0.116438 0.3992795 0.1233498 0.398466 0.1015993 0.3315734 0.1081912 0.3294317 0.1151099 0.3286252 0.09028595 0.3394448 0.09555673 0.3349459 0.1015993 0.3315734 0.08283877 0.3510432 0.0859887 0.3448755 0.09028595 0.3394448 0.08040505 0.3646094 0.08095437 0.3577046 0.08283877 0.3510432 0.08334636 0.3780784 0.08121168 0.3714934 0.08040505 0.3646094 0.09122467 0.3894056 0.08673274 0.3841348 0.08334636 0.3780784 0.1028301 0.3968458 0.09666234 0.393689 0.09122467 0.3894056 0.116438 0.3992795 0.1094985 0.3987302 0.1028301 0.3968458 0.1151099 0.3286252 0.1220495 0.3291814 0.1287179 0.3310658 0.1287179 0.3310658 0.1348787 0.3342088 0.1403233 0.3385061 0.1403233 0.3385061 0.1448152 0.3437768 0.1481946 0.3498194 0.1481946 0.3498194 0.1503294 0.3564113 0.151136 0.3632883 0.151136 0.3632883 0.1505936 0.3701931 0.1487092 0.3768615 0.1487092 0.3768615 0.1455593 0.3830223 0.141262 0.3884669 0.141262 0.3884669 0.1359913 0.3929588 0.1299487 0.3963382 0.1299487 0.3963382 0.1233498 0.398466 0.116438 0.3992795 0.44999 0.35612 0.47153 0.35612 0.47153 0.35633 0.44999 0.3652 0.44999 0.36321 0.47153 0.36321 0.42855 0.35612 0.44999 0.35612 0.44999 0.35633 0.42854 0.3652 0.42854 0.36321 0.44999 0.36321 0.40708 0.35612 0.42855 0.35612 0.42855 0.35633 0.40708 0.3652 0.40708 0.36321 0.42854 0.36321 0.40708 0.35612 0.40708 0.35633 0.38558 0.35633 0.38558 0.3652 0.38558 0.36321 0.40708 0.36321 0.38558 0.35612 0.38558 0.35633 0.36408 0.35633 0.36408 0.3652 0.36408 0.36321 0.38558 0.36321 0.36408 0.35612 0.36408 0.35633 0.34256 0.35633 0.34256 0.3652 0.34256 0.36321 0.36408 0.36321 0.34256 0.35612 0.34256 0.35633 0.32103 0.35633 0.32103 0.3652 0.32103 0.36321 0.34256 0.36321 0.32103 0.35612 0.32103 0.35633 0.29949 0.35633 0.29949 0.3652 0.29949 0.36321 0.32103 0.36321 0.96097 0.35612 0.98259 0.35612 0.98259 0.35633 0.9611 0.36522 0.96108 0.36323 0.98259 0.36321 0.94027 0.35709 0.96097 0.35612 0.96097 0.35634 0.9611 0.36522 0.94027 0.36556 0.94027 0.3637 0.94027 0.35709 0.94027 0.35729 0.91946 0.35634 0.94027 0.36556 0.91948 0.36524 0.91947 0.36325 0.91946 0.35612 0.91946 0.35634 0.89875 0.3574 0.91948 0.36524 0.89875 0.3656 0.89875 0.36374 0.89875 0.3572 0.89875 0.3574 0.87816 0.35634 0.89875 0.3656 0.87801 0.36522 0.87803 0.36324 0.85659 0.35612 0.87816 0.35612 0.87816 0.35634 0.87801 0.36522 0.85659 0.3652 0.85659 0.36321 0.83514 0.35612 0.85659 0.35612 0.85659 0.35633 0.85659 0.3652 0.83514 0.3652 0.83514 0.36321 0.83514 0.35612 0.83514 0.35633 0.81358 0.35633 0.83514 0.3652 0.81358 0.3652 0.81357 0.36321 0.47153 0.35612 0.49305 0.35612 0.49305 0.35633 0.47153 0.3652 0.47153 0.36321 0.49305 0.36321 0.49305 0.35612 0.51441 0.35612 0.51441 0.35633 0.49305 0.3652 0.49305 0.36321 0.51442 0.36321 0.51441 0.35612 0.53577 0.35612 0.53577 0.35633 0.51442 0.3652 0.51442 0.36321 0.53577 0.36321 0.53577 0.35612 0.55712 0.35612 0.55712 0.35633 0.53577 0.3652 0.53577 0.36321 0.55712 0.36321 0.55712 0.35612 0.5784 0.35612 0.5784 0.35633 0.55712 0.3652 0.55712 0.36321 0.5784 0.36321 0.5784 0.35612 0.59968 0.35612 0.59968 0.35633 0.59968 0.3652 0.5784 0.3652 0.5784 0.36321 0.59968 0.35612 0.62096 0.35612 0.62096 0.35633 0.62096 0.3652 0.59968 0.3652 0.59968 0.36321 0.62096 0.35612 0.6423 0.35612 0.6423 0.35633 0.6423 0.3652 0.62096 0.3652 0.62096 0.36321 0.6423 0.35612 0.66365 0.35612 0.66365 0.35633 0.66365 0.3652 0.6423 0.3652 0.6423 0.36321 0.685 0.35612 0.685 0.35633 0.66365 0.35633 0.685 0.3652 0.66365 0.3652 0.66365 0.36321 0.70636 0.35612 0.70636 0.35633 0.685 0.35633 0.70636 0.3652 0.685 0.3652 0.685 0.36321 0.72776 0.35612 0.72776 0.35633 0.70636 0.35633 0.72776 0.3652 0.70636 0.3652 0.70636 0.36321 0.7492 0.35612 0.7492 0.35633 0.72776 0.35633 0.7492 0.3652 0.72776 0.3652 0.72776 0.36321 0.77061 0.35612 0.77061 0.35633 0.7492 0.35633 0.77061 0.3652 0.7492 0.3652 0.7492 0.36321 0.79205 0.35612 0.79205 0.35633 0.77061 0.35633 0.79205 0.3652 0.77061 0.3652 0.77061 0.36321 0.81358 0.35612 0.81358 0.35633 0.79205 0.35633 0.81358 0.3652 0.79205 0.3652 0.79205 0.36321 0.47141 0.38711 0.44993 0.38711 0.44993 0.38256 0.4929 0.38711 0.47141 0.38711 0.4714 0.38247 0.4929 0.38711 0.49286 0.38269 0.51431 0.38284 0.51431 0.38711 0.51431 0.38284 0.53577 0.3824 0.55721 0.38711 0.53575 0.38711 0.53577 0.3824 0.57872 0.38711 0.55721 0.38711 0.55721 0.38274 0.60026 0.38711 0.57872 0.38711 0.57869 0.38244 0.6218 0.38711 0.60026 0.38711 0.60029 0.38284 0.64336 0.38711 0.6218 0.38711 0.62182 0.38276 0.66494 0.38711 0.64336 0.38711 0.64336 0.38229 0.6865 0.38711 0.66494 0.38711 0.66494 0.38359 0.6865 0.38711 0.6865 0.38302 0.70804 0.38369 0.70806 0.38711 0.70804 0.38369 0.72959 0.38253 0.72959 0.38711 0.72959 0.38253 0.75113 0.38244 0.7511 0.3871 0.75113 0.38244 0.77253 0.38278 0.77257 0.3871 0.77253 0.38278 0.79412 0.38255 0.79405 0.38707 0.79412 0.38255 0.8156 0.38234 0.81561 0.3871 0.8156 0.38234 0.83709 0.38252 0.83708 0.38711 0.83709 0.38252 0.8583 0.38306 0.85837 0.38711 0.8583 0.38306 0.8796 0.38252 0.87957 0.38711 0.8796 0.38252 0.90074 0.3824 0.90074 0.38711 0.90074 0.3824 0.92179 0.38268 0.92183 0.38711 0.92179 0.38268 0.94297 0.38296 0.94293 0.3871 0.94297 0.38296 0.96398 0.38295 0.96397 0.3871 0.96398 0.38295 0.98502 0.38225 0.2999 0.38711 0.29988 0.38259 0.32131 0.3825 0.32135 0.3871 0.32131 0.3825 0.34279 0.38261 0.34282 0.3871 0.34279 0.38261 0.36426 0.38256 0.38572 0.38711 0.36426 0.38711 0.36426 0.38256 0.40713 0.38711 0.38572 0.38711 0.38577 0.3833 0.42855 0.38711 0.40713 0.38711 0.40713 0.38236 0.44993 0.38711 0.42855 0.38711 0.42855 0.38258 0.44992 0.39029 0.44992 0.38988 0.47141 0.38988 0.47141 0.39028 0.47141 0.38988 0.4929 0.38988 0.51431 0.39028 0.4929 0.39028 0.4929 0.38988 0.53575 0.39028 0.51431 0.39028 0.51431 0.38988 0.53575 0.39028 0.53575 0.38988 0.55721 0.38988 0.55721 0.39028 0.55721 0.38988 0.57872 0.38988 0.57872 0.39028 0.57872 0.38988 0.60025 0.38988 0.60025 0.39028 0.60025 0.38988 0.6218 0.38988 0.6218 0.39028 0.6218 0.38988 0.64336 0.38988 0.64336 0.39028 0.64336 0.38988 0.66494 0.38988 0.66494 0.39028 0.66494 0.38988 0.6865 0.38988 0.70806 0.39028 0.6865 0.39028 0.6865 0.38988 0.72959 0.39028 0.70806 0.39028 0.70806 0.38988 0.7511 0.39028 0.72959 0.39028 0.72959 0.38988 0.77258 0.39028 0.7511 0.39028 0.7511 0.38987 0.79405 0.39026 0.77258 0.39028 0.77258 0.38987 0.81561 0.39028 0.79405 0.39026 0.79405 0.38986 0.83708 0.39028 0.81561 0.39028 0.81561 0.38987 0.85837 0.39029 0.83708 0.39028 0.83708 0.38987 0.87957 0.39029 0.85837 0.39029 0.85837 0.38988 0.90074 0.39029 0.87957 0.39029 0.87957 0.38988 0.92183 0.39029 0.90074 0.39029 0.90074 0.38988 0.94293 0.39028 0.92183 0.39029 0.92183 0.38988 0.96397 0.39028 0.94293 0.39028 0.94293 0.38987 0.98503 0.39028 0.96397 0.39028 0.96397 0.38988 0.32135 0.39028 0.2999 0.39028 0.2999 0.38988 0.34282 0.39028 0.32135 0.39028 0.32135 0.38988 0.34282 0.39028 0.34282 0.38987 0.36426 0.38988 0.36426 0.39029 0.36426 0.38988 0.38572 0.38988 0.38572 0.39029 0.38572 0.38988 0.40713 0.38988 0.40713 0.39029 0.40713 0.38988 0.42855 0.38988 0.42855 0.39029 0.42855 0.38988 0.44992 0.38988 0.44993 0.39508 0.44992 0.39029 0.47141 0.39028 0.47141 0.39508 0.47141 0.39028 0.4929 0.39028 0.51431 0.39508 0.4929 0.39508 0.4929 0.39028 0.53575 0.39508 0.51431 0.39508 0.51431 0.39028 0.53575 0.39508 0.53575 0.39028 0.55721 0.39028 0.55721 0.39508 0.55721 0.39028 0.57872 0.39028 0.57872 0.39508 0.57872 0.39028 0.60025 0.39028 0.60025 0.39508 0.60025 0.39028 0.6218 0.39028 0.6218 0.39508 0.6218 0.39028 0.64336 0.39028 0.64336 0.39508 0.64336 0.39028 0.66494 0.39028 0.66494 0.39508 0.66494 0.39028 0.6865 0.39028 0.70806 0.39508 0.6865 0.39508 0.6865 0.39028 0.72959 0.39508 0.70806 0.39508 0.70806 0.39028 0.7511 0.39507 0.72959 0.39508 0.72959 0.39028 0.77258 0.39508 0.7511 0.39507 0.7511 0.39028 0.79405 0.39507 0.77258 0.39508 0.77258 0.39028 0.81561 0.39508 0.79405 0.39507 0.79405 0.39026 0.83708 0.39508 0.81561 0.39508 0.81561 0.39028 0.85837 0.39508 0.83708 0.39508 0.83708 0.39028 0.87957 0.39508 0.85837 0.39508 0.85837 0.39029 0.90074 0.39508 0.87957 0.39508 0.87957 0.39029 0.92183 0.39508 0.90074 0.39508 0.90074 0.39029 0.94293 0.39507 0.92183 0.39508 0.92183 0.39029 0.96397 0.39508 0.94293 0.39507 0.94293 0.39028 0.98503 0.39508 0.96397 0.39508 0.96397 0.39028 0.32135 0.39508 0.2999 0.39508 0.2999 0.39028 0.34282 0.39507 0.32135 0.39508 0.32135 0.39028 0.34282 0.39507 0.34282 0.39028 0.36426 0.39029 0.36425 0.39508 0.36426 0.39029 0.38572 0.39029 0.38572 0.39508 0.38572 0.39029 0.40713 0.39029 0.40713 0.39508 0.40713 0.39029 0.42855 0.39029 0.42855 0.39508 0.42855 0.39029 0.44992 0.39029 0.743705 0.96735 0.774854 0.966859 0.77352 0.98706 0.713102 0.967516 0.743705 0.96735 0.74334 0.98703 0.682801 0.967919 0.713102 0.967516 0.71317 0.98701 0.65262 0.968393 0.682801 0.967919 0.68316 0.987 0.65262 0.968393 0.65315 0.98699 0.62314 0.98699 0.621908 0.967738 0.62314 0.98699 0.59312 0.98697 0.590432 0.966308 0.59312 0.98697 0.56311 0.98696 0.560263 0.966922 0.56311 0.98696 0.5331 0.98696 0.530536 0.967057 0.5331 0.98696 0.50309 0.98696 0.472953 0.968507 0.501177 0.966739 0.50309 0.98696 0.443966 0.969397 0.472953 0.968507 0.47308 0.98696 0.41423 0.9683 0.443966 0.969397 0.44306 0.98696 0.383984 0.967389 0.41423 0.9683 0.41306 0.98696 0.383984 0.967389 0.38304 0.98697 0.35303 0.98697 0.35104 0.967909 0.35303 0.98697 0.32302 0.98699 0.297928 0.964339 0.32217 0.966691 0.32302 0.98699 0.26364 0.965029 0.297928 0.964339 0.293 0.987 0.2305729 0.966205 0.26364 0.965029 0.26282 0.98701 0.199138 0.966334 0.2305729 0.966205 0.23265 0.98703 0.169122 0.966834 0.199138 0.966334 0.2026399 0.98704 0.140946 0.968611 0.169122 0.966834 0.1726199 0.98706 0.114475 0.971179 0.140946 0.968611 0.1425999 0.98707 0.08800798 0.973492 0.114475 0.971179 0.11258 0.9871 0.05592197 0.975661 0.08800798 0.973492 0.08256995 0.98711 0.02252 0.98684 0.05592197 0.975661 0.05254995 0.98712 0.953491 0.973741 0.98364 0.98689 0.98364 0.9872 0.923502 0.971866 0.953491 0.973741 0.95362 0.98718 0.892123 0.971699 0.923502 0.971866 0.92361 0.98715 0.892123 0.971699 0.89358 0.98714 0.86357 0.98711 0.863464 0.968576 0.86357 0.98711 0.83355 0.9871 0.80659 0.965835 0.836529 0.966315 0.83355 0.9871 0.774854 0.966859 0.80659 0.965835 0.80354 0.98707 0.44993 0.39704 0.44993 0.39544 0.47141 0.39544 0.47141 0.39704 0.47141 0.39544 0.4929 0.39544 0.51431 0.39704 0.4929 0.39704 0.4929 0.39544 0.51431 0.39704 0.51431 0.39544 0.53575 0.39544 0.53575 0.39704 0.53575 0.39544 0.55721 0.39544 0.55721 0.39704 0.55721 0.39544 0.57872 0.39544 0.57872 0.39704 0.57872 0.39544 0.60025 0.39544 0.60025 0.39704 0.60025 0.39544 0.6218 0.39544 0.6218 0.39704 0.6218 0.39544 0.64336 0.39544 0.64336 0.39704 0.64336 0.39544 0.66494 0.39544 0.66494 0.39704 0.66494 0.39544 0.6865 0.39544 0.6865 0.39704 0.6865 0.39544 0.70806 0.39544 0.72959 0.39704 0.70806 0.39704 0.70806 0.39544 0.7511 0.39704 0.72959 0.39704 0.72959 0.39544 0.77258 0.39704 0.7511 0.39704 0.7511 0.39544 0.79405 0.39704 0.77258 0.39704 0.77258 0.39544 0.79405 0.39704 0.79405 0.39543 0.81561 0.39544 0.81561 0.39704 0.81561 0.39544 0.83708 0.39544 0.85837 0.39704 0.83708 0.39704 0.83708 0.39544 0.87957 0.39704 0.85837 0.39704 0.85837 0.39544 0.90074 0.39704 0.87957 0.39704 0.87957 0.39544 0.92183 0.39704 0.90074 0.39704 0.90074 0.39544 0.94293 0.39704 0.92183 0.39704 0.92183 0.39544 0.96397 0.39704 0.94293 0.39704 0.94293 0.39544 0.98503 0.39704 0.96397 0.39704 0.96397 0.39544 0.32135 0.39704 0.2999 0.39704 0.2999 0.39544 0.34282 0.39704 0.32135 0.39704 0.32135 0.39544 0.36425 0.39704 0.34282 0.39704 0.34282 0.39544 0.38572 0.39704 0.36425 0.39704 0.36425 0.39544 0.40713 0.39704 0.38572 0.39704 0.38572 0.39544 0.42855 0.39704 0.40713 0.39704 0.40713 0.39544 0.42855 0.39704 0.42855 0.39544 0.44993 0.39544 0.77432 0.53929 0.781071 0.596527 0.74683 0.594375 0.713152 0.540021 0.743479 0.539511 0.74683 0.594375 0.713152 0.540021 0.716121 0.595449 0.689365 0.596767 0.683233 0.540248 0.689365 0.596767 0.663187 0.597379 0.653699 0.540286 0.663187 0.597379 0.636239 0.597833 0.593982 0.54047 0.624178 0.540279 0.636239 0.597833 0.593982 0.54047 0.586748 0.612975 0.566017 0.608953 0.562785 0.541567 0.566017 0.608953 0.556028 0.599558 0.530949 0.543192 0.556028 0.599558 0.544257 0.59128 0.506079 0.53969 0.544257 0.59128 0.505113 0.595077 0.477076 0.538993 0.505113 0.595077 0.461706 0.597126 0.446087 0.540084 0.461706 0.597126 0.417066 0.588505 0.385096 0.542046 0.414201 0.539118 0.417066 0.588505 0.356414 0.545191 0.385096 0.542046 0.375075 0.583003 0.323861 0.543765 0.356414 0.545191 0.34678 0.592295 0.291375 0.544105 0.323861 0.543765 0.323299 0.605473 0.259573 0.545908 0.291375 0.544105 0.297529 0.617195 0.229534 0.548197 0.259573 0.545908 0.257777 0.623651 0.229534 0.548197 0.225537 0.622852 0.1995429 0.620777 0.201411 0.550134 0.1995429 0.620777 0.173874 0.617495 0.173606 0.550381 0.173874 0.617495 0.144638 0.612628 0.143849 0.549351 0.144638 0.612628 0.109004 0.6096 0.112355 0.546948 0.109004 0.6096 0.07767695 0.60662 0.08038097 0.542871 0.07767695 0.60662 0.05784696 0.596961 0.03972399 0.540767 0.05784696 0.596961 0.0223 0.59933 0.950076 0.535329 0.98396 0.52187 0.98391 0.59938 0.926979 0.543572 0.950076 0.535329 0.925823 0.573579 0.904759 0.550768 0.926979 0.543572 0.899684 0.577826 0.873163 0.548343 0.904759 0.550768 0.882415 0.587536 0.873163 0.548343 0.86754 0.597191 0.851927 0.605996 0.838234 0.542264 0.851927 0.605996 0.823264 0.606501 0.805902 0.540029 0.823264 0.606501 0.781071 0.596527 0.42855 0.35633 0.44999 0.35633 0.44999 0.35746 0.40708 0.35633 0.42855 0.35633 0.42855 0.35746 0.38558 0.35633 0.40708 0.35633 0.40708 0.35746 0.36408 0.35633 0.38558 0.35633 0.38558 0.35746 0.34256 0.35633 0.36408 0.35633 0.36408 0.35746 0.32103 0.35633 0.34256 0.35633 0.34256 0.35746 0.29949 0.35633 0.32103 0.35633 0.32103 0.35746 0.96097 0.35634 0.98259 0.35633 0.98259 0.35746 0.94027 0.35729 0.96097 0.35634 0.96099 0.35746 0.94027 0.35729 0.94027 0.35832 0.91947 0.35747 0.91946 0.35634 0.91947 0.35747 0.89875 0.35842 0.89875 0.3574 0.89875 0.35842 0.87813 0.35747 0.85659 0.35633 0.87816 0.35634 0.87813 0.35747 0.83514 0.35633 0.85659 0.35633 0.85659 0.35746 0.83514 0.35633 0.83514 0.35746 0.81358 0.35746 0.81358 0.35633 0.81358 0.35746 0.79205 0.35746 0.79205 0.35633 0.79205 0.35746 0.77061 0.35746 0.77061 0.35633 0.77061 0.35746 0.7492 0.35746 0.7492 0.35633 0.7492 0.35746 0.72776 0.35746 0.72776 0.35633 0.72776 0.35746 0.70636 0.35746 0.70636 0.35633 0.70636 0.35746 0.685 0.35746 0.685 0.35633 0.685 0.35746 0.66365 0.35746 0.66365 0.35633 0.66365 0.35746 0.6423 0.35746 0.6423 0.35633 0.6423 0.35746 0.62096 0.35746 0.62096 0.35633 0.62096 0.35746 0.59968 0.35746 0.5784 0.35633 0.59968 0.35633 0.59968 0.35746 0.55712 0.35633 0.5784 0.35633 0.5784 0.35746 0.53577 0.35633 0.55712 0.35633 0.55712 0.35746 0.51441 0.35633 0.53577 0.35633 0.53577 0.35746 0.49305 0.35633 0.51441 0.35633 0.51441 0.35746 0.47153 0.35633 0.49305 0.35633 0.49305 0.35746 0.44999 0.35633 0.47153 0.35633 0.47153 0.35746 0.42855 0.35746 0.44999 0.35746 0.44999 0.35784 0.40708 0.35746 0.42855 0.35746 0.42855 0.35784 0.38558 0.35746 0.40708 0.35746 0.40708 0.35784 0.38558 0.35746 0.38558 0.35784 0.36408 0.35784 0.36408 0.35746 0.36408 0.35784 0.34256 0.35784 0.32103 0.35746 0.34256 0.35746 0.34256 0.35784 0.29949 0.35746 0.32103 0.35746 0.32103 0.35784 0.96099 0.35746 0.98259 0.35746 0.98259 0.35784 0.94027 0.35832 0.96099 0.35746 0.961 0.35785 0.94027 0.35832 0.94027 0.35869 0.91947 0.35786 0.91947 0.35747 0.91947 0.35786 0.89875 0.35877 0.89875 0.35842 0.89875 0.35877 0.87812 0.35785 0.87813 0.35747 0.87812 0.35785 0.85659 0.35784 0.83514 0.35746 0.85659 0.35746 0.85659 0.35784 0.83514 0.35746 0.83514 0.35784 0.81358 0.35784 0.81358 0.35746 0.81358 0.35784 0.79205 0.35784 0.79205 0.35746 0.79205 0.35784 0.77061 0.35784 0.77061 0.35746 0.77061 0.35784 0.7492 0.35784 0.7492 0.35746 0.7492 0.35784 0.72776 0.35784 0.72776 0.35746 0.72776 0.35784 0.70636 0.35784 0.70636 0.35746 0.70636 0.35784 0.685 0.35784 0.685 0.35746 0.685 0.35784 0.66365 0.35784 0.66365 0.35746 0.66365 0.35784 0.6423 0.35784 0.6423 0.35746 0.6423 0.35784 0.62096 0.35784 0.59968 0.35746 0.62096 0.35746 0.62096 0.35784 0.5784 0.35746 0.59968 0.35746 0.59968 0.35784 0.55712 0.35746 0.5784 0.35746 0.5784 0.35784 0.53577 0.35746 0.55712 0.35746 0.55712 0.35784 0.51441 0.35746 0.53577 0.35746 0.53577 0.35784 0.49305 0.35746 0.51441 0.35746 0.51441 0.35784 0.47153 0.35746 0.49305 0.35746 0.49305 0.35784 0.44999 0.35746 0.47153 0.35746 0.47153 0.35784 0.42855 0.35846 0.44999 0.35846 0.44999 0.36274 0.40708 0.35846 0.42855 0.35846 0.42854 0.36274 0.40708 0.35846 0.40708 0.36274 0.38558 0.36274 0.38558 0.35846 0.38558 0.36274 0.36408 0.36274 0.36408 0.35846 0.36408 0.36274 0.34256 0.36274 0.34256 0.35846 0.34256 0.36274 0.32103 0.36274 0.29949 0.35846 0.32103 0.35846 0.32103 0.36274 0.96101 0.35847 0.98259 0.35846 0.98259 0.36274 0.94027 0.35925 0.96101 0.35847 0.96108 0.36276 0.94027 0.35925 0.94027 0.36325 0.91947 0.36278 0.91947 0.35848 0.91947 0.36278 0.89875 0.3633 0.89875 0.35933 0.89875 0.3633 0.87804 0.36276 0.87811 0.35847 0.87804 0.36276 0.85659 0.36274 0.85659 0.35846 0.85659 0.36274 0.83514 0.36274 0.83514 0.35846 0.83514 0.36274 0.81357 0.36274 0.81358 0.35846 0.81357 0.36274 0.79205 0.36274 0.77061 0.35846 0.79205 0.35846 0.79205 0.36274 0.7492 0.35846 0.77061 0.35846 0.77061 0.36274 0.7492 0.35846 0.7492 0.36274 0.72776 0.36274 0.72776 0.35846 0.72776 0.36274 0.70636 0.36274 0.70636 0.35846 0.70636 0.36274 0.685 0.36274 0.685 0.35846 0.685 0.36274 0.66365 0.36274 0.66365 0.35846 0.66365 0.36274 0.6423 0.36274 0.62096 0.35846 0.6423 0.35846 0.6423 0.36274 0.59968 0.35846 0.62096 0.35846 0.62096 0.36274 0.5784 0.35846 0.59968 0.35846 0.59968 0.36274 0.55712 0.35846 0.5784 0.35846 0.5784 0.36274 0.53577 0.35846 0.55712 0.35846 0.55712 0.36274 0.51441 0.35846 0.53577 0.35846 0.53577 0.36274 0.49305 0.35846 0.51441 0.35846 0.51442 0.36274 0.47153 0.35846 0.49305 0.35846 0.49305 0.36274 0.44999 0.35846 0.47153 0.35846 0.47153 0.36274 0.42854 0.36274 0.44999 0.36274 0.44999 0.36321 0.42854 0.36274 0.42854 0.36321 0.40708 0.36321 0.40708 0.36274 0.40708 0.36321 0.38558 0.36321 0.38558 0.36274 0.38558 0.36321 0.36408 0.36321 0.36408 0.36274 0.36408 0.36321 0.34256 0.36321 0.34256 0.36274 0.34256 0.36321 0.32103 0.36321 0.29949 0.36274 0.32103 0.36274 0.32103 0.36321 0.98259 0.36274 0.98259 0.36321 0.96108 0.36323 0.96108 0.36276 0.96108 0.36323 0.94027 0.3637 0.94027 0.36325 0.94027 0.3637 0.91947 0.36325 0.91947 0.36278 0.91947 0.36325 0.89875 0.36374 0.89875 0.3633 0.89875 0.36374 0.87803 0.36324 0.87804 0.36276 0.87803 0.36324 0.85659 0.36321 0.85659 0.36274 0.85659 0.36321 0.83514 0.36321 0.83514 0.36274 0.83514 0.36321 0.81357 0.36321 0.81357 0.36274 0.81357 0.36321 0.79205 0.36321 0.77061 0.36274 0.79205 0.36274 0.79205 0.36321 0.7492 0.36274 0.77061 0.36274 0.77061 0.36321 0.7492 0.36274 0.7492 0.36321 0.72776 0.36321 0.72776 0.36274 0.72776 0.36321 0.70636 0.36321 0.70636 0.36274 0.70636 0.36321 0.685 0.36321 0.66365 0.36274 0.685 0.36274 0.685 0.36321 0.6423 0.36274 0.66365 0.36274 0.66365 0.36321 0.62096 0.36274 0.6423 0.36274 0.6423 0.36321 0.59968 0.36274 0.62096 0.36274 0.62096 0.36321 0.5784 0.36274 0.59968 0.36274 0.59968 0.36321 0.55712 0.36274 0.5784 0.36274 0.5784 0.36321 0.53577 0.36274 0.55712 0.36274 0.55712 0.36321 0.51442 0.36274 0.53577 0.36274 0.53577 0.36321 0.49305 0.36274 0.51442 0.36274 0.51442 0.36321 0.47153 0.36274 0.49305 0.36274 0.49305 0.36321 0.44999 0.36274 0.47153 0.36274 0.47153 0.36321 0.44999 0.37086 0.44999 0.37123 0.42855 0.37123 0.42855 0.37086 0.42855 0.37123 0.40708 0.37123 0.40708 0.37086 0.40708 0.37123 0.38558 0.37123 0.36408 0.37086 0.38558 0.37086 0.38558 0.37123 0.34256 0.37086 0.36408 0.37086 0.36408 0.37123 0.32103 0.37086 0.34256 0.37086 0.34256 0.37123 0.29949 0.37086 0.32103 0.37086 0.32103 0.37123 0.98259 0.37086 0.98259 0.37123 0.96113 0.37123 0.96113 0.37086 0.96113 0.37123 0.94027 0.37123 0.91948 0.37086 0.94027 0.37088 0.94027 0.37123 0.89874 0.37088 0.91948 0.37086 0.91948 0.37123 0.87799 0.37086 0.89874 0.37088 0.89874 0.37123 0.87799 0.37086 0.87799 0.37123 0.85658 0.37123 0.85658 0.37086 0.85658 0.37123 0.83514 0.37123 0.81358 0.37086 0.83514 0.37086 0.83514 0.37123 0.79205 0.37086 0.81358 0.37086 0.81358 0.37123 0.77061 0.37086 0.79205 0.37086 0.79205 0.37123 0.7492 0.37086 0.77061 0.37086 0.77061 0.37123 0.72776 0.37086 0.7492 0.37086 0.7492 0.37123 0.70636 0.37086 0.72776 0.37086 0.72776 0.37123 0.685 0.37086 0.70636 0.37086 0.70636 0.37123 0.66365 0.37086 0.685 0.37086 0.685 0.37123 0.6423 0.37086 0.66365 0.37086 0.66365 0.37123 0.6423 0.37086 0.6423 0.37123 0.62096 0.37123 0.62096 0.37086 0.62096 0.37123 0.59968 0.37123 0.59968 0.37086 0.59968 0.37123 0.5784 0.37123 0.5784 0.37086 0.5784 0.37123 0.55711 0.37123 0.55711 0.37086 0.55711 0.37123 0.53577 0.37123 0.53577 0.37086 0.53577 0.37123 0.51441 0.37123 0.51441 0.37086 0.51441 0.37123 0.49305 0.37123 0.49305 0.37086 0.49305 0.37123 0.47153 0.37123 0.47153 0.37086 0.47153 0.37123 0.44999 0.37123 0.09354019 0.2627338 0.09593218 0.2736439 0.07868754 0.2792345 0.07421642 0.268992 0.07868754 0.2792345 0.06287533 0.2880724 0.05648505 0.2788938 0.06287533 0.2880724 0.04908651 0.2998377 0.04102742 0.2920776 0.04908651 0.2998377 0.03785663 0.3140576 0.02843463 0.308015 0.03785663 0.3140576 0.02960979 0.3301897 0.01919347 0.326108 0.02960979 0.3301897 0.0246728 0.347629 0.01205915 0.3659028 0.01367241 0.3456612 0.0246728 0.347629 0.01443034 0.3860818 0.01205915 0.3659028 0.02324038 0.3657011 0.02069538 0.4054056 0.01443034 0.3860818 0.02536118 0.3836898 0.03061109 0.42313 0.02069538 0.4054056 0.03095179 0.4009345 0.04379492 0.4385877 0.03061109 0.42313 0.03979665 0.4167467 0.04379492 0.4385877 0.05154806 0.4305425 0.06577491 0.4417654 0.05973231 0.4511665 0.06577491 0.4417654 0.08192092 0.4500053 0.0778253 0.4604077 0.08192092 0.4500053 0.09935331 0.4549422 0.0973646 0.4659357 0.09935331 0.4549422 0.1175158 0.4563747 0.1380078 0.4651709 0.1177244 0.4675351 0.1175158 0.4563747 0.1573315 0.4589197 0.1380078 0.4651709 0.1356158 0.4542539 0.175063 0.449004 0.1573315 0.4589197 0.1528465 0.4486702 0.1905205 0.4358271 0.175063 0.449004 0.1686727 0.4398393 0.2031064 0.4198897 0.1905205 0.4358271 0.1824615 0.428074 0.2123406 0.4017968 0.2031064 0.4198897 0.1936913 0.413861 0.2178756 0.3822574 0.2123406 0.4017968 0.2019243 0.397715 0.2194819 0.3620019 0.2178756 0.3822574 0.2068613 0.3802757 0.2171177 0.3418368 0.2194819 0.3620019 0.2083006 0.3622175 0.2108457 0.3225061 0.2171177 0.3418368 0.2061868 0.3442149 0.2009299 0.3047816 0.2108457 0.3225061 0.2005962 0.3269841 0.2009299 0.3047816 0.1917583 0.311158 0.1799929 0.2973692 0.187753 0.289331 0.1799929 0.2973692 0.1657731 0.2861393 0.1718156 0.2767382 0.1657731 0.2861393 0.149627 0.2778994 0.1537296 0.267497 0.149627 0.2778994 0.1321877 0.2729694 0.1341764 0.2619759 0.1321877 0.2729694 0.1140252 0.27153 0.1138235 0.2603627 0.1140252 0.27153 0.09593218 0.2736439 0.44999 0.36829 0.44999 0.37086 0.42855 0.37086 0.42855 0.36829 0.42855 0.37086 0.40708 0.37086 0.38558 0.36829 0.40708 0.36829 0.40708 0.37086 0.36408 0.36829 0.38558 0.36829 0.38558 0.37086 0.34256 0.36829 0.36408 0.36829 0.36408 0.37086 0.32103 0.36829 0.34256 0.36829 0.34256 0.37086 0.29949 0.36829 0.32103 0.36829 0.32103 0.37086 0.98259 0.3683 0.98259 0.37086 0.96113 0.37086 0.96113 0.3683 0.96113 0.37086 0.94027 0.37088 0.91948 0.36832 0.94027 0.36846 0.94027 0.37088 0.89874 0.36848 0.91948 0.36832 0.91948 0.37086 0.87799 0.36831 0.89874 0.36848 0.89874 0.37088 0.85658 0.36829 0.87799 0.36831 0.87799 0.37086 0.83514 0.36829 0.85658 0.36829 0.85658 0.37086 0.81358 0.36829 0.83514 0.36829 0.83514 0.37086 0.79205 0.36829 0.81358 0.36829 0.81358 0.37086 0.77061 0.36829 0.79205 0.36829 0.79205 0.37086 0.7492 0.36829 0.77061 0.36829 0.77061 0.37086 0.72776 0.36829 0.7492 0.36829 0.7492 0.37086 0.70636 0.36829 0.72776 0.36829 0.72776 0.37086 0.685 0.36829 0.70636 0.36829 0.70636 0.37086 0.66365 0.36829 0.685 0.36829 0.685 0.37086 0.6423 0.36829 0.66365 0.36829 0.66365 0.37086 0.6423 0.36829 0.6423 0.37086 0.62096 0.37086 0.62096 0.36829 0.62096 0.37086 0.59968 0.37086 0.59968 0.36829 0.59968 0.37086 0.5784 0.37086 0.5784 0.36829 0.5784 0.37086 0.55711 0.37086 0.55711 0.36829 0.55711 0.37086 0.53577 0.37086 0.53577 0.36829 0.53577 0.37086 0.51441 0.37086 0.51441 0.36829 0.51441 0.37086 0.49305 0.37086 0.49305 0.36829 0.49305 0.37086 0.47153 0.37086 0.47153 0.36829 0.47153 0.37086 0.44999 0.37086 0.44993 0.38878 0.47141 0.38878 0.47141 0.38988 0.44993 0.38878 0.44992 0.38988 0.42855 0.38988 0.42855 0.38878 0.42855 0.38988 0.40713 0.38988 0.40713 0.38878 0.40713 0.38988 0.38572 0.38988 0.38572 0.38878 0.38572 0.38988 0.36426 0.38988 0.36426 0.38878 0.36426 0.38988 0.34282 0.38987 0.34282 0.38877 0.34282 0.38987 0.32135 0.38988 0.32135 0.38878 0.32135 0.38988 0.2999 0.38988 0.96397 0.38878 0.98503 0.38878 0.98503 0.38988 0.94293 0.38877 0.96397 0.38878 0.96397 0.38988 0.92183 0.38878 0.94293 0.38877 0.94293 0.38987 0.90074 0.38878 0.92183 0.38878 0.92183 0.38988 0.87957 0.38878 0.90074 0.38878 0.90074 0.38988 0.85837 0.38878 0.87957 0.38878 0.87957 0.38988 0.83708 0.38878 0.85837 0.38878 0.85837 0.38988 0.81561 0.38878 0.83708 0.38878 0.83708 0.38987 0.79405 0.38875 0.81561 0.38878 0.81561 0.38987 0.77258 0.38878 0.79405 0.38875 0.79405 0.38986 0.77258 0.38878 0.77258 0.38987 0.7511 0.38987 0.7511 0.38878 0.7511 0.38987 0.72959 0.38988 0.70806 0.38878 0.72959 0.38878 0.72959 0.38988 0.6865 0.38878 0.70806 0.38878 0.70806 0.38988 0.66494 0.38878 0.6865 0.38878 0.6865 0.38988 0.66494 0.38878 0.66494 0.38988 0.64336 0.38988 0.64336 0.38878 0.64336 0.38988 0.6218 0.38988 0.6218 0.38878 0.6218 0.38988 0.60025 0.38988 0.57872 0.38878 0.60025 0.38878 0.60025 0.38988 0.55721 0.38878 0.57872 0.38878 0.57872 0.38988 0.55721 0.38878 0.55721 0.38988 0.53575 0.38988 0.53575 0.38878 0.53575 0.38988 0.51431 0.38988 0.51431 0.38878 0.51431 0.38988 0.4929 0.38988 0.47141 0.38878 0.4929 0.38878 0.4929 0.38988 0.275722 0.900459 0.295117 0.904212 0.297928 0.964339 0.2259359 0.906771 0.275722 0.900459 0.26364 0.965029 0.191154 0.906518 0.2259359 0.906771 0.2305729 0.966205 0.157944 0.904775 0.191154 0.906518 0.199138 0.966334 0.138206 0.911136 0.157944 0.904775 0.169122 0.966834 0.120765 0.917971 0.138206 0.911136 0.140946 0.968611 0.09832698 0.919921 0.120765 0.917971 0.114475 0.971179 0.063757 0.915446 0.09832698 0.919921 0.08800798 0.973492 0.02246999 0.90933 0.063757 0.915446 0.05592197 0.975661 0.953154 0.911241 0.98369 0.90939 0.98364 0.98689 0.917717 0.912648 0.953154 0.911241 0.953491 0.973741 0.917717 0.912648 0.923502 0.971866 0.892123 0.971699 0.873612 0.918362 0.892123 0.971699 0.863464 0.968576 0.850649 0.914276 0.863464 0.968576 0.836529 0.966315 0.836541 0.905711 0.836529 0.966315 0.80659 0.965835 0.780688 0.904969 0.821252 0.89796 0.80659 0.965835 0.745883 0.907713 0.780688 0.904969 0.774854 0.966859 0.714665 0.908704 0.745883 0.907713 0.743705 0.96735 0.684572 0.910293 0.714665 0.908704 0.713102 0.967516 0.655476 0.911646 0.684572 0.910293 0.682801 0.967919 0.655476 0.911646 0.65262 0.968393 0.621908 0.967738 0.623634 0.908511 0.621908 0.967738 0.590432 0.966308 0.559629 0.903041 0.581698 0.894011 0.590432 0.966308 0.539835 0.912766 0.559629 0.903041 0.560263 0.966922 0.51975 0.918486 0.539835 0.912766 0.530536 0.967057 0.493211 0.919111 0.51975 0.918486 0.501177 0.966739 0.45743 0.905504 0.493211 0.919111 0.472953 0.968507 0.422497 0.899258 0.45743 0.905504 0.443966 0.969397 0.38763 0.905941 0.422497 0.899258 0.41423 0.9683 0.334899 0.915329 0.38763 0.905941 0.383984 0.967389 0.334899 0.915329 0.35104 0.967909 0.32217 0.966691 0.307801 0.91249 0.32217 0.966691 0.297928 0.964339 0.274841 0.838875 0.295117 0.904212 0.275722 0.900459 0.234198 0.835233 0.260432 0.834393 0.275722 0.900459 0.196373 0.83855 0.234198 0.835233 0.2259359 0.906771 0.1718 0.841999 0.196373 0.83855 0.191154 0.906518 0.156915 0.846956 0.1718 0.841999 0.157944 0.904775 0.140147 0.849122 0.156915 0.846956 0.138206 0.911136 0.105222 0.842312 0.140147 0.849122 0.120765 0.917971 0.105222 0.842312 0.09832698 0.919921 0.063757 0.915446 0.06506395 0.835073 0.063757 0.915446 0.02246999 0.90933 0.98376 0.83188 0.98369 0.90939 0.953154 0.911241 0.94612 0.825975 0.953154 0.911241 0.917717 0.912648 0.863191 0.830748 0.906358 0.826361 0.917717 0.912648 0.863191 0.830748 0.873612 0.918362 0.850649 0.914276 0.820315 0.836045 0.850649 0.914276 0.836541 0.905711 0.806783 0.831395 0.836541 0.905711 0.821252 0.89796 0.797227 0.826004 0.821252 0.89796 0.780688 0.904969 0.764916 0.822993 0.786012 0.822673 0.780688 0.904969 0.725232 0.830605 0.764916 0.822993 0.745883 0.907713 0.6939 0.833733 0.725232 0.830605 0.714665 0.908704 0.668752 0.834318 0.6939 0.833733 0.684572 0.910293 0.639751 0.82885 0.668752 0.834318 0.655476 0.911646 0.618229 0.834476 0.639751 0.82885 0.623634 0.908511 0.60499 0.845724 0.618229 0.834476 0.581698 0.894011 0.593592 0.856905 0.60499 0.845724 0.559629 0.903041 0.580062 0.86736 0.593592 0.856905 0.539835 0.912766 0.543997 0.867118 0.580062 0.86736 0.51975 0.918486 0.486299 0.869651 0.543997 0.867118 0.493211 0.919111 0.439899 0.866703 0.486299 0.869651 0.45743 0.905504 0.390097 0.857667 0.439899 0.866703 0.422497 0.899258 0.342624 0.849399 0.390097 0.857667 0.38763 0.905941 0.342624 0.849399 0.334899 0.915329 0.307801 0.91249 0.293726 0.845846 0.307801 0.91249 0.295117 0.904212 0.258219 0.759159 0.274841 0.838875 0.260432 0.834393 0.2397029 0.757888 0.250458 0.757798 0.260432 0.834393 0.210931 0.761902 0.2397029 0.757888 0.234198 0.835233 0.171086 0.761675 0.210931 0.761902 0.196373 0.83855 0.155643 0.762165 0.171086 0.761675 0.1718 0.841999 0.14324 0.762393 0.155643 0.762165 0.156915 0.846956 0.14324 0.762393 0.140147 0.849122 0.105222 0.842312 0.117398 0.760504 0.105222 0.842312 0.06506395 0.835073 0.06830495 0.757156 0.06506395 0.835073 0.02241998 0.83183 0.9838 0.75438 0.98376 0.83188 0.94612 0.825975 0.94028 0.754875 0.94612 0.825975 0.906358 0.826361 0.89888 0.750901 0.906358 0.826361 0.863191 0.830748 0.857595 0.746114 0.863191 0.830748 0.820315 0.836045 0.814542 0.742976 0.820315 0.836045 0.806783 0.831395 0.798634 0.742906 0.806783 0.831395 0.797227 0.826004 0.790938 0.744431 0.797227 0.826004 0.786012 0.822673 0.77122 0.748715 0.783575 0.746454 0.786012 0.822673 0.742642 0.750835 0.77122 0.748715 0.764916 0.822993 0.698946 0.752884 0.742642 0.750835 0.725232 0.830605 0.673592 0.757004 0.698946 0.752884 0.6939 0.833733 0.664041 0.762078 0.673592 0.757004 0.668752 0.834318 0.65769 0.767322 0.664041 0.762078 0.639751 0.82885 0.652074 0.772648 0.65769 0.767322 0.618229 0.834476 0.644665 0.778052 0.652074 0.772648 0.60499 0.845724 0.625437 0.786327 0.644665 0.778052 0.593592 0.856905 0.568117 0.778833 0.625437 0.786327 0.580062 0.86736 0.520252 0.775886 0.568117 0.778833 0.543997 0.867118 0.469328 0.775812 0.520252 0.775886 0.486299 0.869651 0.407577 0.774155 0.469328 0.775812 0.439899 0.866703 0.35489 0.768487 0.407577 0.774155 0.390097 0.857667 0.35489 0.768487 0.342624 0.849399 0.293726 0.845846 0.289525 0.763271 0.293726 0.845846 0.274841 0.838875 0.260015 0.673119 0.273038 0.673361 0.258219 0.759159 0.24171 0.674154 0.260015 0.673119 0.250458 0.757798 0.204034 0.675623 0.24171 0.674154 0.2397029 0.757888 0.1781899 0.67833 0.204034 0.675623 0.210931 0.761902 0.152302 0.684385 0.1781899 0.67833 0.171086 0.761675 0.152302 0.684385 0.155643 0.762165 0.14324 0.762393 0.133195 0.681765 0.14324 0.762393 0.117398 0.760504 0.114548 0.671789 0.117398 0.760504 0.06830495 0.757156 0.06153899 0.676495 0.06830495 0.757156 0.02237999 0.75432 0.98386 0.67687 0.9838 0.75438 0.94028 0.754875 0.944113 0.677061 0.94028 0.754875 0.89888 0.750901 0.905029 0.670006 0.89888 0.750901 0.857595 0.746114 0.855102 0.652939 0.857595 0.746114 0.814542 0.742976 0.815641 0.658963 0.829944 0.652337 0.814542 0.742976 0.801871 0.663975 0.815641 0.658963 0.798634 0.742906 0.785969 0.667301 0.801871 0.663975 0.790938 0.744431 0.761625 0.669098 0.785969 0.667301 0.783575 0.746454 0.761625 0.669098 0.77122 0.748715 0.742642 0.750835 0.727404 0.669831 0.742642 0.750835 0.698946 0.752884 0.684445 0.675404 0.700518 0.672033 0.698946 0.752884 0.665289 0.680306 0.684445 0.675404 0.673592 0.757004 0.635096 0.687952 0.665289 0.680306 0.664041 0.762078 0.635096 0.687952 0.65769 0.767322 0.652074 0.772648 0.618404 0.689163 0.652074 0.772648 0.644665 0.778052 0.610427 0.686777 0.644665 0.778052 0.625437 0.786327 0.602103 0.682586 0.625437 0.786327 0.568117 0.778833 0.549665 0.694236 0.568117 0.778833 0.520252 0.775886 0.504095 0.695581 0.520252 0.775886 0.469328 0.775812 0.452755 0.692496 0.469328 0.775812 0.407577 0.774155 0.3993 0.686362 0.407577 0.774155 0.35489 0.768487 0.35034 0.67989 0.35489 0.768487 0.289525 0.763271 0.273038 0.673361 0.295951 0.672757 0.289525 0.763271 0.257777 0.623651 0.297529 0.617195 0.273038 0.673361 0.257777 0.623651 0.260015 0.673119 0.24171 0.674154 0.225537 0.622852 0.24171 0.674154 0.204034 0.675623 0.1995429 0.620777 0.204034 0.675623 0.1781899 0.67833 0.173874 0.617495 0.1781899 0.67833 0.152302 0.684385 0.144638 0.612628 0.152302 0.684385 0.133195 0.681765 0.109004 0.6096 0.133195 0.681765 0.114548 0.671789 0.07767695 0.60662 0.114548 0.671789 0.06153899 0.676495 0.05784696 0.596961 0.06153899 0.676495 0.02233999 0.67682 0.98391 0.59938 0.98386 0.67687 0.944113 0.677061 0.925823 0.573579 0.944113 0.677061 0.905029 0.670006 0.882415 0.587536 0.899684 0.577826 0.905029 0.670006 0.86754 0.597191 0.882415 0.587536 0.855102 0.652939 0.851927 0.605996 0.86754 0.597191 0.829944 0.652337 0.823264 0.606501 0.851927 0.605996 0.815641 0.658963 0.823264 0.606501 0.801871 0.663975 0.785969 0.667301 0.781071 0.596527 0.785969 0.667301 0.761625 0.669098 0.74683 0.594375 0.761625 0.669098 0.727404 0.669831 0.716121 0.595449 0.727404 0.669831 0.700518 0.672033 0.689365 0.596767 0.700518 0.672033 0.684445 0.675404 0.663187 0.597379 0.684445 0.675404 0.665289 0.680306 0.636239 0.597833 0.665289 0.680306 0.635096 0.687952 0.586748 0.612975 0.635096 0.687952 0.618404 0.689163 0.566017 0.608953 0.618404 0.689163 0.610427 0.686777 0.556028 0.599558 0.610427 0.686777 0.602103 0.682586 0.544257 0.59128 0.602103 0.682586 0.549665 0.694236 0.505113 0.595077 0.549665 0.694236 0.504095 0.695581 0.461706 0.597126 0.504095 0.695581 0.452755 0.692496 0.417066 0.588505 0.452755 0.692496 0.3993 0.686362 0.375075 0.583003 0.3993 0.686362 0.35034 0.67989 0.323299 0.605473 0.34678 0.592295 0.35034 0.67989 0.297529 0.617195 0.323299 0.605473 0.295951 0.672757</float_array>
          <technique_common>
            <accessor source="#Can_Food_Damaged_LableB_001-mesh-map-0-array" count="8640" stride="2">
              <param name="S" type="float"/>
              <param name="T" type="float"/>
            </accessor>
          </technique_common>
        </source>
        <vertices id="Can_Food_Damaged_LableB_001-mesh-vertices">
          <input semantic="POSITION" source="#Can_Food_Damaged_LableB_001-mesh-positions"/>
        </vertices>
        <triangles material="AK_Can_Food_Damaged_LableB-material" count="2880">
          <input semantic="VERTEX" source="#Can_Food_Damaged_LableB_001-mesh-vertices" offset="0"/>
          <input semantic="NORMAL" source="#Can_Food_Damaged_LableB_001-mesh-normals" offset="1"/>
          <input semantic="TEXCOORD" source="#Can_Food_Damaged_LableB_001-mesh-map-0" offset="2" set="0"/>
          <p>0 0 0 2 1 1 3 2 2 2 1 3 5 3 4 3 2 5 4 4 6 7 5 7 5 3 8 6 6 9 9 7 10 7 5 11 8 8 12 11 9 13 9 7 14 10 10 15 13 11 16 11 9 17 13 11 18 14 12 19 15 13 20 14 12 21 17 14 22 15 13 23 16 15 24 19 16 25 17 14 26 19 16 27 20 17 28 21 18 29 20 17 30 23 19 31 21 18 32 22 20 33 25 21 34 23 19 35 24 22 36 27 23 37 25 21 38 26 24 39 29 25 40 27 23 41 29 25 42 30 26 43 31 27 44 31 27 45 32 28 46 33 29 47 34 30 48 1 31 49 0 0 50 36 32 51 35 33 52 34 30 53 38 34 54 37 35 55 36 32 56 38 34 57 41 36 58 39 37 59 40 38 60 43 39 61 41 36 62 44 40 63 43 39 64 42 41 65 46 42 66 45 43 67 44 40 68 46 42 69 49 44 70 47 45 71 48 46 72 51 47 73 49 44 74 50 48 75 53 49 76 51 47 77 52 50 78 55 51 79 53 49 80 56 52 81 55 51 82 54 53 83 56 52 84 59 54 85 57 55 86 58 56 87 61 57 88 59 54 89 60 58 90 63 59 91 61 57 92 62 60 93 32 28 94 63 59 95 64 61 96 66 62 97 67 63 98 68 64 99 65 65 100 64 61 101 70 66 102 69 67 103 68 64 104 73 68 105 70 66 106 72 69 107 75 70 108 72 69 109 74 71 110 77 72 111 74 71 112 76 73 113 79 74 114 76 73 115 78 75 116 81 76 117 78 75 118 80 77 119 83 78 120 80 77 121 82 79 122 85 80 123 82 79 124 84 81 125 86 82 126 85 80 127 84 81 128 88 83 129 87 84 130 86 82 131 90 85 132 89 86 133 88 83 134 93 87 135 90 85 136 92 88 137 95 89 138 92 88 139 94 90 140 96 91 141 95 89 142 94 90 143 98 92 144 97 93 145 96 91 146 100 94 147 99 95 148 98 92 149 102 96 150 101 97 151 100 94 152 104 98 153 103 99 154 102 96 155 106 100 156 105 101 157 104 98 158 108 102 159 107 103 160 106 100 161 110 104 162 109 105 163 108 102 164 112 106 165 111 107 166 110 104 167 114 108 168 113 109 169 112 106 170 116 110 171 115 111 172 114 108 173 118 112 174 117 113 175 116 110 176 120 114 177 119 115 178 118 112 179 123 116 180 120 114 181 122 117 182 125 118 183 122 117 184 124 119 185 126 120 186 125 118 187 124 119 188 67 63 189 127 121 190 126 120 191 128 122 192 2 1 193 1 31 194 35 33 195 128 122 196 1 31 197 131 123 198 35 33 199 37 35 200 132 124 201 37 35 202 39 37 203 133 125 204 39 37 205 41 36 206 43 39 207 133 125 208 41 36 209 135 126 210 43 39 211 45 43 212 136 127 213 45 43 214 47 45 215 137 128 216 47 45 217 49 44 218 138 129 219 49 44 220 51 47 221 139 130 222 51 47 223 53 49 224 140 131 225 53 49 226 55 51 227 57 55 228 140 131 229 55 51 230 59 54 231 141 132 232 57 55 233 61 57 234 142 133 235 59 54 236 63 59 237 143 134 238 61 57 239 32 28 240 144 135 241 63 59 242 30 26 243 145 136 244 32 28 245 147 137 246 30 26 247 28 138 248 148 139 249 28 138 250 26 24 251 149 140 252 26 24 253 24 22 254 150 141 255 24 22 256 22 20 257 151 142 258 22 20 259 20 17 260 152 143 261 20 17 262 18 144 263 153 145 264 18 144 265 16 15 266 14 12 267 153 145 268 16 15 269 12 146 270 154 147 271 14 12 272 10 10 273 155 148 274 12 146 275 8 8 276 156 149 277 10 10 278 158 150 279 8 8 280 6 6 281 159 151 282 6 6 283 4 4 284 129 152 285 4 4 286 2 1 287 160 153 288 96 91 289 161 154 290 162 155 291 98 92 292 160 153 293 163 156 294 100 94 295 162 155 296 164 157 297 102 96 298 163 156 299 165 158 300 104 98 301 164 157 302 166 159 303 106 100 304 165 158 305 167 160 306 108 102 307 166 159 308 168 161 309 110 104 310 167 160 311 169 162 312 112 106 313 168 161 314 170 163 315 114 108 316 169 162 317 171 164 318 116 110 319 170 163 320 120 114 321 171 164 322 172 165 323 122 117 324 172 165 325 173 166 326 124 119 327 173 166 328 174 167 329 126 120 330 174 167 331 175 168 332 176 169 333 126 120 334 175 168 335 177 170 336 67 63 337 176 169 338 178 171 339 64 61 340 177 170 341 179 172 342 68 64 343 178 171 344 180 173 345 70 66 346 179 172 347 74 71 348 180 173 349 181 174 350 76 73 351 181 174 352 182 175 353 183 176 354 76 73 355 182 175 356 184 177 357 78 75 358 183 176 359 185 178 360 80 77 361 184 177 362 186 179 363 82 79 364 185 178 365 187 180 366 84 81 367 186 179 368 188 181 369 86 82 370 187 180 371 189 182 372 88 83 373 188 181 374 190 183 375 90 85 376 189 182 377 94 90 378 190 183 379 191 184 380 96 91 381 191 184 382 161 154 383 160 153 384 193 185 385 192 186 386 194 187 387 160 153 388 192 186 389 195 188 390 162 155 391 194 187 392 196 189 393 163 156 394 195 188 395 197 190 396 164 157 397 196 189 398 198 191 399 165 158 400 197 190 401 199 192 402 166 159 403 198 191 404 168 161 405 199 192 406 200 193 407 169 162 408 200 193 409 201 194 410 170 163 411 201 194 412 202 195 413 171 164 414 202 195 415 203 196 416 204 197 417 171 164 418 203 196 419 173 166 420 204 197 421 205 198 422 174 167 423 205 198 424 206 199 425 175 168 426 206 199 427 207 200 428 176 169 429 207 200 430 208 201 431 209 202 432 176 169 433 208 201 434 210 203 435 177 170 436 209 202 437 211 204 438 178 171 439 210 203 440 212 205 441 179 172 442 211 204 443 213 206 444 180 173 445 212 205 446 214 207 447 181 174 448 213 206 449 215 208 450 182 175 451 214 207 452 216 209 453 183 176 454 215 208 455 217 210 456 184 177 457 216 209 458 218 211 459 185 178 460 217 210 461 219 212 462 186 179 463 218 211 464 220 213 465 187 180 466 219 212 467 221 214 468 188 181 469 220 213 470 222 215 471 189 182 472 221 214 473 191 184 474 222 215 475 223 216 476 161 154 477 223 216 478 193 185 479 192 186 480 225 217 481 224 218 482 226 219 483 192 186 484 224 218 485 227 220 486 194 187 487 226 219 488 228 221 489 195 188 490 227 220 491 229 222 492 196 189 493 228 221 494 230 223 495 197 190 496 229 222 497 199 192 498 230 223 499 231 224 500 200 193 501 231 224 502 232 225 503 201 194 504 232 225 505 233 226 506 202 195 507 233 226 508 234 227 509 203 196 510 234 227 511 235 228 512 204 197 513 235 228 514 236 229 515 205 198 516 236 229 517 237 230 518 206 199 519 237 230 520 238 231 521 207 200 522 238 231 523 239 232 524 208 201 525 239 232 526 240 233 527 241 234 528 208 201 529 240 233 530 242 235 531 209 202 532 241 234 533 243 236 534 210 203 535 242 235 536 244 237 537 211 204 538 243 236 539 245 238 540 212 205 541 244 237 542 246 239 543 213 206 544 245 238 545 247 240 546 214 207 547 246 239 548 248 241 549 215 208 550 247 240 551 249 242 552 216 209 553 248 241 554 250 243 555 217 210 556 249 242 557 251 244 558 218 211 559 250 243 560 252 245 561 219 212 562 251 244 563 253 246 564 220 213 565 252 245 566 222 215 567 253 246 568 254 247 569 223 216 570 254 247 571 255 248 572 193 185 573 255 248 574 225 217 575 256 249 576 225 217 577 257 250 578 258 251 579 224 218 580 256 249 581 259 252 582 226 219 583 258 251 584 260 253 585 227 220 586 259 252 587 261 254 588 228 221 589 260 253 590 230 223 591 261 254 592 262 255 593 231 224 594 262 255 595 263 256 596 232 225 597 263 256 598 264 257 599 233 226 600 264 257 601 265 258 602 234 227 603 265 258 604 266 259 605 235 228 606 266 259 607 267 260 608 236 229 609 267 260 610 268 261 611 237 230 612 268 261 613 269 262 614 270 263 615 237 230 616 269 262 617 271 264 618 238 231 619 270 263 620 272 265 621 239 232 622 271 264 623 273 266 624 240 233 625 272 265 626 242 235 627 273 266 628 274 267 629 243 236 630 274 267 631 275 268 632 276 269 633 243 236 634 275 268 635 277 270 636 244 237 637 276 269 638 278 271 639 245 238 640 277 270 641 247 240 642 278 271 643 279 272 644 248 241 645 279 272 646 280 273 647 249 242 648 280 273 649 281 274 650 250 243 651 281 274 652 282 275 653 251 244 654 282 275 655 283 276 656 252 245 657 283 276 658 284 277 659 253 246 660 284 277 661 285 278 662 254 247 663 285 278 664 286 279 665 255 248 666 286 279 667 287 280 668 257 250 669 255 248 670 287 280 671 145 136 672 257 250 673 144 135 674 258 251 675 145 136 676 146 281 677 259 252 678 146 281 679 147 137 680 260 253 681 147 137 682 148 139 683 261 254 684 148 139 685 149 140 686 262 255 687 149 140 688 150 141 689 263 256 690 150 141 691 151 142 692 264 257 693 151 142 694 152 143 695 265 258 696 152 143 697 153 145 698 266 259 699 153 145 700 154 147 701 267 260 702 154 147 703 155 148 704 156 149 705 267 260 706 155 148 707 157 282 708 268 261 709 156 149 710 158 150 711 269 262 712 157 282 713 159 151 714 270 263 715 158 150 716 272 265 717 159 151 718 129 152 719 273 266 720 129 152 721 128 122 722 274 267 723 128 122 724 130 283 725 275 268 726 130 283 727 131 123 728 276 269 729 131 123 730 132 124 731 277 270 732 132 124 733 133 125 734 278 271 735 133 125 736 134 284 737 279 272 738 134 284 739 135 126 740 280 273 741 135 126 742 136 127 743 281 274 744 136 127 745 137 128 746 282 275 747 137 128 748 138 129 749 283 276 750 138 129 751 139 130 752 284 277 753 139 130 754 140 131 755 285 278 756 140 131 757 141 132 758 286 279 759 141 132 760 142 133 761 143 134 762 286 279 763 142 133 764 144 135 765 287 280 766 143 134 767 288 285 768 0 0 769 3 2 770 290 286 771 3 2 772 5 3 773 291 287 774 5 3 775 7 5 776 292 288 777 7 5 778 9 7 779 293 289 780 9 7 781 11 9 782 294 290 783 11 9 784 13 11 785 295 291 786 13 11 787 15 13 788 296 292 789 15 13 790 17 14 791 19 16 792 296 292 793 17 14 794 21 18 795 297 293 796 19 16 797 23 19 798 298 294 799 21 18 800 25 21 801 299 295 802 23 19 803 27 23 804 300 296 805 25 21 806 302 297 807 27 23 808 29 25 809 303 298 810 29 25 811 31 27 812 304 299 813 31 27 814 33 29 815 289 300 816 34 30 817 0 0 818 305 301 819 36 32 820 34 30 821 306 302 822 38 34 823 36 32 824 307 303 825 40 38 826 38 34 827 308 304 828 42 41 829 40 38 830 42 41 831 310 305 832 44 40 833 44 40 834 311 306 835 46 42 836 46 42 837 312 307 838 48 46 839 48 46 840 313 308 841 50 48 842 50 48 843 314 309 844 52 50 845 52 50 846 315 310 847 54 53 848 54 53 849 316 311 850 56 52 851 56 52 852 317 312 853 58 56 854 58 56 855 318 313 856 60 58 857 60 58 858 319 314 859 62 60 860 319 314 861 33 29 862 62 60 863 321 315 864 323 316 865 320 317 866 325 318 867 320 317 868 324 319 869 327 320 870 324 319 871 326 321 872 329 322 873 326 321 874 328 323 875 331 324 876 328 323 877 330 325 878 333 326 879 330 325 880 332 327 881 334 328 882 333 326 883 332 327 884 336 329 885 335 330 886 334 328 887 338 331 888 337 332 889 336 329 890 340 333 891 339 334 892 338 331 893 342 335 894 341 336 895 340 333 896 344 337 897 343 338 898 342 335 899 347 339 900 344 337 901 346 340 902 349 341 903 346 340 904 348 342 905 351 343 906 348 342 907 350 344 908 353 345 909 350 344 910 352 346 911 322 347 912 355 348 913 323 316 914 354 349 915 357 350 916 355 348 917 356 351 918 359 352 919 357 350 920 358 353 921 361 354 922 359 352 923 360 355 924 363 356 925 361 354 926 363 356 927 364 357 928 365 358 929 365 358 930 366 359 931 367 360 932 367 360 933 368 361 934 369 362 935 369 362 936 370 363 937 371 364 938 371 364 939 372 365 940 373 366 941 373 366 942 374 367 943 375 368 944 375 368 945 376 369 946 377 370 947 377 370 948 378 371 949 379 372 950 379 372 951 380 373 952 381 374 953 381 374 954 382 375 955 383 376 956 383 376 957 353 345 958 352 346 959 384 377 960 322 347 961 321 315 962 325 318 963 384 377 964 321 315 965 387 378 966 325 318 967 327 320 968 329 322 969 387 378 970 327 320 971 389 379 972 329 322 973 331 324 974 333 326 975 389 379 976 331 324 977 391 380 978 333 326 979 335 330 980 337 332 981 391 380 982 335 330 983 393 381 984 337 332 985 339 334 986 341 336 987 393 381 988 339 334 989 395 382 990 341 336 991 343 338 992 345 383 993 395 382 994 343 338 995 397 384 996 345 383 997 347 339 998 349 341 999 397 384 1000 347 339 1001 399 385 1002 349 341 1003 351 343 1004 353 345 1005 399 385 1006 351 343 1007 385 386 1008 354 349 1009 322 347 1010 401 387 1011 356 351 1012 354 349 1013 402 388 1014 358 353 1015 356 351 1016 403 389 1017 360 355 1018 358 353 1019 360 355 1020 405 390 1021 362 391 1022 405 390 1023 364 357 1024 362 391 1025 364 357 1026 407 392 1027 366 359 1028 407 392 1029 368 361 1030 366 359 1031 368 361 1032 409 393 1033 370 363 1034 370 363 1035 410 394 1036 372 365 1037 372 365 1038 411 395 1039 374 367 1040 411 395 1041 376 369 1042 374 367 1043 376 369 1044 413 396 1045 378 371 1046 413 396 1047 380 373 1048 378 371 1049 380 373 1050 415 397 1051 382 375 1052 415 397 1053 353 345 1054 382 375 1055 385 386 1056 386 398 1057 416 399 1058 386 398 1059 388 400 1060 416 399 1061 388 400 1062 390 401 1063 416 399 1064 390 401 1065 392 402 1066 416 399 1067 392 402 1068 394 403 1069 416 399 1070 394 403 1071 396 404 1072 416 399 1073 396 404 1074 398 405 1075 416 399 1076 398 405 1077 400 406 1078 416 399 1079 402 388 1080 385 386 1081 416 399 1082 404 407 1083 402 388 1084 416 399 1085 406 408 1086 404 407 1087 416 399 1088 408 409 1089 406 408 1090 416 399 1091 410 394 1092 408 409 1093 416 399 1094 412 410 1095 410 394 1096 416 399 1097 414 411 1098 412 410 1099 416 399 1100 400 406 1101 414 411 1102 416 399 1103 324 319 1104 288 285 1105 290 286 1106 326 321 1107 290 286 1108 291 287 1109 328 323 1110 291 287 1111 292 288 1112 330 325 1113 292 288 1114 293 289 1115 332 327 1116 293 289 1117 294 290 1118 334 328 1119 294 290 1120 295 291 1121 296 292 1122 334 328 1123 295 291 1124 297 293 1125 336 329 1126 296 292 1127 298 294 1128 338 331 1129 297 293 1130 299 295 1131 340 333 1132 298 294 1133 300 296 1134 342 335 1135 299 295 1136 346 340 1137 300 296 1138 301 412 1139 348 342 1140 301 412 1141 302 297 1142 350 344 1143 302 297 1144 303 298 1145 352 346 1146 303 298 1147 304 299 1148 319 314 1149 352 346 1150 304 299 1151 318 313 1152 383 376 1153 319 314 1154 317 312 1155 381 374 1156 318 313 1157 316 311 1158 379 372 1159 317 312 1160 315 310 1161 377 370 1162 316 311 1163 314 309 1164 375 368 1165 315 310 1166 313 308 1167 373 366 1168 314 309 1169 312 307 1170 371 364 1171 313 308 1172 311 306 1173 369 362 1174 312 307 1175 310 305 1176 367 360 1177 311 306 1178 309 413 1179 365 358 1180 310 305 1181 361 354 1182 309 413 1183 308 304 1184 359 352 1185 308 304 1186 307 303 1187 357 350 1188 307 303 1189 306 302 1190 355 348 1191 306 302 1192 305 301 1193 323 316 1194 305 301 1195 289 300 1196 320 317 1197 289 300 1198 288 285 1199 417 414 1200 419 415 1201 420 416 1202 421 417 1203 419 415 1204 418 418 1205 423 419 1206 422 420 1207 421 417 1208 425 421 1209 424 422 1210 423 419 1211 427 423 1212 426 424 1213 425 421 1214 429 425 1215 428 426 1216 427 423 1217 429 425 1218 432 427 1219 430 428 1220 433 429 1221 432 427 1222 431 430 1223 435 431 1224 434 432 1225 433 429 1226 435 431 1227 438 433 1228 436 434 1229 439 435 1230 438 433 1231 437 436 1232 441 437 1233 440 438 1234 439 435 1235 443 439 1236 442 440 1237 441 437 1238 443 439 1239 446 441 1240 444 442 1241 445 443 1242 448 444 1243 446 441 1244 447 445 1245 450 446 1246 448 444 1247 420 416 1248 452 447 1249 417 414 1250 451 448 1251 454 449 1252 452 447 1253 453 450 1254 456 451 1255 454 449 1256 456 451 1257 457 452 1258 458 453 1259 458 453 1260 459 454 1261 460 455 1262 459 454 1263 462 456 1264 460 455 1265 461 457 1266 464 458 1267 462 456 1268 464 458 1269 465 459 1270 466 460 1271 466 460 1272 467 461 1273 468 462 1274 468 462 1275 469 463 1276 470 464 1277 470 464 1278 471 465 1279 472 466 1280 471 465 1281 474 467 1282 472 466 1283 474 467 1284 475 468 1285 476 469 1286 476 469 1287 477 470 1288 478 471 1289 478 471 1290 479 472 1291 480 473 1292 479 472 1293 449 474 1294 480 473 1295 482 475 1296 484 476 1297 481 477 1298 481 477 1299 486 478 1300 485 479 1301 485 479 1302 488 480 1303 487 481 1304 487 481 1305 490 482 1306 489 483 1307 491 484 1308 490 482 1309 492 485 1310 493 486 1311 492 485 1312 494 487 1313 493 486 1314 496 488 1315 495 489 1316 495 489 1317 498 490 1318 497 491 1319 497 491 1320 500 492 1321 499 493 1322 499 493 1323 502 494 1324 501 495 1325 501 495 1326 504 496 1327 503 497 1328 503 497 1329 506 498 1330 505 499 1331 505 499 1332 508 500 1333 507 501 1334 507 501 1335 510 502 1336 509 503 1337 511 504 1338 510 502 1339 512 505 1340 513 506 1341 512 505 1342 514 507 1343 515 508 1344 514 507 1345 516 509 1346 517 510 1347 516 509 1348 518 511 1349 519 512 1350 518 511 1351 520 513 1352 521 514 1353 520 513 1354 522 515 1355 523 516 1356 522 515 1357 524 517 1358 525 518 1359 524 517 1360 526 519 1361 527 520 1362 526 519 1363 528 521 1364 529 522 1365 528 521 1366 530 523 1367 531 524 1368 530 523 1369 532 525 1370 533 526 1371 532 525 1372 534 527 1373 535 528 1374 534 527 1375 536 529 1376 537 530 1377 536 529 1378 538 531 1379 539 532 1380 538 531 1381 540 533 1382 541 534 1383 540 533 1384 542 535 1385 541 534 1386 544 536 1387 543 537 1388 543 537 1389 483 538 1390 482 475 1391 545 539 1392 547 540 1393 548 541 1394 550 542 1395 552 543 1396 549 544 1397 553 545 1398 548 541 1399 554 546 1400 550 542 1401 556 547 1402 551 548 1403 553 545 1404 558 549 1405 557 550 1406 555 551 1407 560 552 1408 556 547 1409 561 553 1410 558 549 1411 562 554 1412 559 555 1413 564 556 1414 560 552 1415 561 553 1416 566 557 1417 565 558 1418 567 559 1419 564 556 1420 563 560 1421 565 558 1422 570 561 1423 569 562 1424 571 563 1425 568 564 1426 567 559 1427 569 562 1428 574 565 1429 573 566 1430 571 563 1431 576 567 1432 572 568 1433 573 566 1434 578 569 1435 577 570 1436 575 571 1437 580 572 1438 576 567 1439 577 570 1440 582 573 1441 581 574 1442 579 575 1443 584 576 1444 580 572 1445 581 574 1446 586 577 1447 585 578 1448 583 579 1449 588 580 1450 584 576 1451 585 578 1452 590 581 1453 589 582 1454 587 583 1455 592 584 1456 588 580 1457 589 582 1458 594 585 1459 593 586 1460 591 587 1461 596 588 1462 592 584 1463 597 589 1464 594 585 1465 598 590 1466 595 591 1467 600 592 1468 596 588 1469 601 593 1470 598 590 1471 602 594 1472 599 595 1473 604 596 1474 600 592 1475 605 597 1476 602 594 1477 606 598 1478 607 599 1479 604 596 1480 603 600 1481 609 601 1482 606 598 1483 610 602 1484 611 603 1485 608 604 1486 607 599 1487 613 605 1488 610 602 1489 614 606 1490 615 607 1491 612 608 1492 611 603 1493 617 609 1494 614 606 1495 618 610 1496 619 611 1497 616 612 1498 615 607 1499 621 613 1500 618 610 1501 622 614 1502 623 615 1503 620 616 1504 619 611 1505 625 617 1506 622 614 1507 626 618 1508 623 615 1509 628 619 1510 624 620 1511 629 621 1512 626 618 1513 630 622 1514 631 623 1515 628 619 1516 627 624 1517 633 625 1518 630 622 1519 634 626 1520 635 627 1521 632 628 1522 631 623 1523 637 629 1524 634 626 1525 638 630 1526 639 631 1527 636 632 1528 635 627 1529 641 633 1530 638 630 1531 642 634 1532 643 635 1533 640 636 1534 639 631 1535 645 637 1536 642 634 1537 646 638 1538 647 639 1539 644 640 1540 643 635 1541 649 641 1542 646 638 1543 650 642 1544 651 643 1545 648 644 1546 647 639 1547 653 645 1548 650 642 1549 654 646 1550 655 647 1551 652 648 1552 651 643 1553 657 649 1554 654 646 1555 658 650 1556 659 651 1557 656 652 1558 655 647 1559 661 653 1560 658 650 1561 662 654 1562 663 655 1563 660 656 1564 659 651 1565 665 657 1566 662 654 1567 666 658 1568 667 659 1569 664 660 1570 663 655 1571 669 661 1572 666 658 1573 670 662 1574 667 659 1575 672 663 1576 668 664 1577 546 665 1578 670 662 1579 547 540 1580 549 544 1581 672 663 1582 671 666 1583 559 555 1584 673 667 1585 674 668 1586 555 551 1587 675 669 1588 673 667 1589 550 542 1590 676 670 1591 675 669 1592 549 544 1593 677 671 1594 676 670 1595 671 666 1596 678 672 1597 677 671 1598 667 659 1599 679 673 1600 678 672 1601 659 651 1602 679 673 1603 663 655 1604 655 647 1605 680 674 1606 659 651 1607 651 643 1608 681 675 1609 655 647 1610 647 639 1611 682 676 1612 651 643 1613 643 635 1614 683 677 1615 647 639 1616 639 631 1617 684 678 1618 643 635 1619 635 627 1620 685 679 1621 639 631 1622 631 623 1623 686 680 1624 635 627 1625 627 624 1626 687 681 1627 631 623 1628 623 615 1629 688 682 1630 627 624 1631 563 560 1632 674 668 1633 690 683 1634 563 560 1635 691 684 1636 567 559 1637 567 559 1638 692 685 1639 571 563 1640 575 571 1641 692 685 1642 693 686 1643 579 575 1644 693 686 1645 694 687 1646 583 579 1647 694 687 1648 695 688 1649 587 583 1650 695 688 1651 696 689 1652 591 587 1653 696 689 1654 697 690 1655 595 591 1656 697 690 1657 698 691 1658 599 595 1659 698 691 1660 699 692 1661 603 600 1662 699 692 1663 700 693 1664 603 600 1665 701 694 1666 607 599 1667 607 599 1668 702 695 1669 611 603 1670 611 603 1671 703 696 1672 615 607 1673 615 607 1674 704 697 1675 619 611 1676 619 611 1677 689 698 1678 623 615 1679 705 699 1680 707 700 1681 708 701 1682 709 702 1683 708 701 1684 710 703 1685 711 704 1686 710 703 1687 712 705 1688 711 704 1689 714 706 1690 713 707 1691 713 707 1692 716 708 1693 715 709 1694 715 709 1695 718 710 1696 717 711 1697 717 711 1698 720 712 1699 719 713 1700 719 713 1701 722 714 1702 721 715 1703 723 716 1704 722 714 1705 724 717 1706 725 718 1707 724 717 1708 726 719 1709 725 718 1710 728 720 1711 727 721 1712 727 721 1713 730 722 1714 729 723 1715 729 723 1716 732 724 1717 731 725 1718 731 725 1719 734 726 1720 733 727 1721 733 727 1722 736 728 1723 735 729 1724 735 729 1725 738 730 1726 737 731 1727 706 732 1728 740 733 1729 707 700 1730 739 734 1731 742 735 1732 740 733 1733 741 736 1734 744 737 1735 742 735 1736 743 738 1737 746 739 1738 744 737 1739 745 740 1740 748 741 1741 746 739 1742 747 742 1743 750 743 1744 748 741 1745 749 744 1746 752 745 1747 750 743 1748 751 746 1749 754 747 1750 752 745 1751 755 748 1752 754 747 1753 753 749 1754 757 750 1755 756 751 1756 755 748 1757 759 752 1758 758 753 1759 757 750 1760 761 754 1761 760 755 1762 759 752 1763 763 756 1764 762 757 1765 761 754 1766 765 758 1767 764 759 1768 763 756 1769 767 760 1770 766 761 1771 765 758 1772 737 731 1773 768 762 1774 767 760 1775 770 763 1776 772 764 1777 769 765 1778 769 765 1779 774 766 1780 773 767 1781 773 767 1782 776 768 1783 775 769 1784 775 769 1785 778 770 1786 777 771 1787 777 771 1788 780 772 1789 779 773 1790 779 773 1791 782 774 1792 781 775 1793 781 775 1794 784 776 1795 783 777 1796 783 777 1797 786 778 1798 785 779 1799 785 779 1800 788 780 1801 787 781 1802 789 782 1803 788 780 1804 790 783 1805 791 784 1806 790 783 1807 792 785 1808 793 786 1809 792 785 1810 794 787 1811 795 788 1812 794 787 1813 796 789 1814 797 790 1815 796 789 1816 798 791 1817 799 792 1818 798 791 1819 800 793 1820 801 794 1821 800 793 1822 802 795 1823 803 796 1824 771 797 1825 770 763 1826 805 798 1827 804 799 1828 803 796 1829 807 800 1830 806 801 1831 805 798 1832 809 802 1833 808 803 1834 807 800 1835 811 804 1836 810 805 1837 809 802 1838 813 806 1839 812 807 1840 811 804 1841 815 808 1842 814 809 1843 813 806 1844 815 808 1845 818 810 1846 816 811 1847 817 812 1848 820 813 1849 818 810 1850 819 814 1851 822 815 1852 820 813 1853 821 816 1854 824 817 1855 822 815 1856 823 818 1857 826 819 1858 824 817 1859 825 820 1860 828 821 1861 826 819 1862 827 822 1863 830 823 1864 828 821 1865 829 824 1866 832 825 1867 830 823 1868 831 826 1869 802 795 1870 832 825 1871 771 797 1872 834 827 1873 772 764 1874 772 764 1875 835 828 1876 774 766 1877 774 766 1878 836 829 1879 776 768 1880 778 770 1881 836 829 1882 837 830 1883 780 772 1884 837 830 1885 838 831 1886 782 774 1887 838 831 1888 839 832 1889 782 774 1890 840 833 1891 784 776 1892 784 776 1893 841 834 1894 786 778 1895 786 778 1896 842 835 1897 788 780 1898 790 783 1899 842 835 1900 843 836 1901 792 785 1902 843 836 1903 844 837 1904 794 787 1905 844 837 1906 845 838 1907 796 789 1908 845 838 1909 846 839 1910 798 791 1911 846 839 1912 847 840 1913 800 793 1914 847 840 1915 848 841 1916 802 795 1917 848 841 1918 849 842 1919 804 799 1920 833 843 1921 771 797 1922 806 801 1923 850 844 1924 804 799 1925 808 803 1926 851 845 1927 806 801 1928 810 805 1929 852 846 1930 808 803 1931 812 807 1932 853 847 1933 810 805 1934 814 809 1935 854 848 1936 812 807 1937 816 811 1938 855 849 1939 814 809 1940 818 810 1941 856 850 1942 816 811 1943 818 810 1944 858 851 1945 857 852 1946 820 813 1947 859 853 1948 858 851 1949 822 815 1950 860 854 1951 859 853 1952 824 817 1953 861 855 1954 860 854 1955 826 819 1956 862 856 1957 861 855 1958 828 821 1959 863 857 1960 862 856 1961 830 823 1962 864 858 1963 863 857 1964 832 825 1965 849 842 1966 864 858 1967 866 859 1968 868 860 1969 865 861 1970 865 861 1971 870 862 1972 869 863 1973 869 863 1974 872 864 1975 871 865 1976 871 865 1977 874 866 1978 873 867 1979 873 867 1980 876 868 1981 875 869 1982 875 869 1983 878 870 1984 877 871 1985 877 871 1986 880 872 1987 879 873 1988 879 873 1989 882 874 1990 881 875 1991 883 876 1992 882 874 1993 884 877 1994 885 878 1995 884 877 1996 886 879 1997 887 880 1998 886 879 1999 888 881 2000 889 882 2001 888 881 2002 890 883 2003 891 884 2004 890 883 2005 892 885 2006 891 884 2007 894 886 2008 893 887 2009 893 887 2010 896 888 2011 895 889 2012 895 889 2013 898 890 2014 897 891 2015 899 892 2016 867 893 2017 866 859 2018 901 894 2019 900 895 2020 899 892 2021 903 896 2022 902 897 2023 901 894 2024 905 898 2025 904 899 2026 903 896 2027 907 900 2028 906 901 2029 905 898 2030 909 902 2031 908 903 2032 907 900 2033 909 902 2034 912 904 2035 910 905 2036 911 906 2037 914 907 2038 912 904 2039 913 908 2040 916 909 2041 914 907 2042 915 910 2043 918 911 2044 916 909 2045 917 912 2046 920 913 2047 918 911 2048 919 914 2049 922 915 2050 920 913 2051 921 916 2052 924 917 2053 922 915 2054 923 918 2055 926 919 2056 924 917 2057 925 920 2058 928 921 2059 926 919 2060 927 922 2061 898 890 2062 928 921 2063 930 923 2064 932 924 2065 929 925 2066 929 925 2067 934 926 2068 933 927 2069 933 927 2070 936 928 2071 935 929 2072 935 929 2073 938 930 2074 937 931 2075 937 931 2076 940 932 2077 939 933 2078 939 933 2079 942 934 2080 941 935 2081 943 936 2082 942 934 2083 944 937 2084 945 938 2085 944 937 2086 946 939 2087 947 940 2088 946 939 2089 948 941 2090 949 942 2091 948 941 2092 950 943 2093 951 944 2094 950 943 2095 952 945 2096 953 946 2097 952 945 2098 954 947 2099 953 946 2100 956 948 2101 955 949 2102 955 949 2103 958 950 2104 957 951 2105 957 951 2106 960 952 2107 959 953 2108 959 953 2109 962 954 2110 961 955 2111 963 956 2112 931 957 2113 930 923 2114 965 958 2115 964 959 2116 963 956 2117 967 960 2118 966 961 2119 965 958 2120 969 962 2121 968 963 2122 967 960 2123 971 964 2124 970 965 2125 969 962 2126 971 964 2127 974 966 2128 972 967 2129 973 968 2130 976 969 2131 974 966 2132 975 970 2133 978 971 2134 976 969 2135 977 972 2136 980 973 2137 978 971 2138 979 974 2139 982 975 2140 980 973 2141 981 976 2142 984 977 2143 982 975 2144 983 978 2145 986 979 2146 984 977 2147 985 980 2148 988 981 2149 986 979 2150 987 982 2151 990 983 2152 988 981 2153 989 984 2154 992 985 2155 990 983 2156 991 986 2157 962 954 2158 992 985 2159 931 957 2160 994 987 2161 932 924 2162 934 926 2163 994 987 2164 995 988 2165 934 926 2166 996 989 2167 936 928 2168 938 930 2169 996 989 2170 997 990 2171 938 930 2172 998 991 2173 940 932 2174 942 934 2175 998 991 2176 999 992 2177 942 934 2178 1000 993 2179 944 937 2180 946 939 2181 1000 993 2182 1001 994 2183 946 939 2184 1002 995 2185 948 941 2186 950 943 2187 1002 995 2188 1003 996 2189 950 943 2190 1004 997 2191 952 945 2192 954 947 2193 1004 997 2194 1005 998 2195 954 947 2196 1006 999 2197 956 948 2198 958 950 2199 1006 999 2200 1007 1000 2201 958 950 2202 1008 1001 2203 960 952 2204 962 954 2205 1008 1001 2206 1009 1002 2207 964 959 2208 993 1003 2209 931 957 2210 966 961 2211 1010 1004 2212 964 959 2213 968 963 2214 1011 1005 2215 966 961 2216 970 965 2217 1012 1006 2218 968 963 2219 970 965 2220 1014 1007 2221 1013 1008 2222 974 966 2223 1014 1007 2224 972 967 2225 974 966 2226 1016 1009 2227 1015 1010 2228 978 971 2229 1016 1009 2230 976 969 2231 978 971 2232 1018 1011 2233 1017 1012 2234 980 973 2235 1019 1013 2236 1018 1011 2237 982 975 2238 1020 1014 2239 1019 1013 2240 986 979 2241 1020 1014 2242 984 977 2243 986 979 2244 1022 1015 2245 1021 1016 2246 990 983 2247 1022 1015 2248 988 981 2249 990 983 2250 1024 1017 2251 1023 1018 2252 962 954 2253 1024 1017 2254 992 985 2255 995 988 2256 993 1003 2257 1025 1019 2258 997 990 2259 995 988 2260 1025 1019 2261 999 992 2262 997 990 2263 1025 1019 2264 1001 994 2265 999 992 2266 1025 1019 2267 1003 996 2268 1001 994 2269 1025 1019 2270 1005 998 2271 1003 996 2272 1025 1019 2273 1007 1000 2274 1005 998 2275 1025 1019 2276 1009 1002 2277 1007 1000 2278 1025 1019 2279 993 1003 2280 1011 1005 2281 1025 1019 2282 1011 1005 2283 1013 1008 2284 1025 1019 2285 1013 1008 2286 1015 1010 2287 1025 1019 2288 1015 1010 2289 1017 1012 2290 1025 1019 2291 1017 1012 2292 1019 1013 2293 1025 1019 2294 1019 1013 2295 1021 1016 2296 1025 1019 2297 1021 1016 2298 1023 1018 2299 1025 1019 2300 1023 1018 2301 1009 1002 2302 1025 1019 2303 418 418 2304 1026 1020 2305 1027 1021 2306 769 765 2307 1029 1022 2308 770 763 2309 421 417 2310 1027 1021 2311 1030 1023 2312 773 767 2313 1028 1024 2314 769 765 2315 423 419 2316 1030 1023 2317 1032 1025 2318 775 769 2319 1031 1026 2320 773 767 2321 423 419 2322 1034 1027 2323 425 421 2324 777 771 2325 1033 1028 2326 775 769 2327 425 421 2328 1036 1029 2329 427 423 2330 779 773 2331 1035 1030 2332 777 771 2333 427 423 2334 1038 1031 2335 429 425 2336 781 775 2337 1037 1032 2338 779 773 2339 429 425 2340 1040 1033 2341 431 430 2342 783 777 2343 1039 1034 2344 781 775 2345 431 430 2346 1042 1035 2347 433 429 2348 785 779 2349 1041 1036 2350 783 777 2351 435 431 2352 1042 1035 2353 1044 1037 2354 787 781 2355 1043 1038 2356 785 779 2357 437 436 2358 1044 1037 2359 1046 1039 2360 787 781 2361 1047 1040 2362 1045 1041 2363 437 436 2364 1048 1042 2365 439 435 2366 789 782 2367 1049 1043 2368 1047 1040 2369 439 435 2370 1050 1044 2371 441 437 2372 791 784 2373 1051 1045 2374 1049 1043 2375 441 437 2376 1052 1046 2377 443 439 2378 793 786 2379 1053 1047 2380 1051 1045 2381 445 443 2382 1052 1046 2383 1054 1048 2384 795 788 2385 1055 1049 2386 1053 1047 2387 447 445 2388 1054 1048 2389 1056 1050 2390 797 790 2391 1057 1051 2392 1055 1049 2393 447 445 2394 1058 1052 2395 449 474 2396 799 792 2397 1059 1053 2398 1057 1051 2399 417 414 2400 1060 1054 2401 1026 1020 2402 770 763 2403 1061 1055 2404 803 796 2405 452 447 2406 1062 1056 2407 1060 1054 2408 803 796 2409 1063 1057 2410 805 798 2411 454 449 2412 1064 1058 2413 1062 1056 2414 805 798 2415 1065 1059 2416 807 800 2417 456 451 2418 1066 1060 2419 1064 1058 2420 807 800 2421 1067 1061 2422 809 802 2423 458 453 2424 1068 1062 2425 1066 1060 2426 809 802 2427 1069 1063 2428 811 804 2429 460 455 2430 1070 1064 2431 1068 1062 2432 813 806 2433 1069 1063 2434 1071 1065 2435 462 456 2436 1072 1066 2437 1070 1064 2438 815 808 2439 1071 1065 2440 1073 1067 2441 464 458 2442 1074 1068 2443 1072 1066 2444 817 812 2445 1073 1067 2446 1075 1069 2447 466 460 2448 1076 1070 2449 1074 1068 2450 819 814 2451 1075 1069 2452 1077 1071 2453 470 464 2454 1076 1070 2455 468 462 2456 821 816 2457 1077 1071 2458 1079 1072 2459 472 466 2460 1078 1073 2461 470 464 2462 823 818 2463 1079 1072 2464 1081 1074 2465 474 467 2466 1080 1075 2467 472 466 2468 825 820 2469 1081 1074 2470 1083 1076 2471 476 469 2472 1082 1077 2473 474 467 2474 827 822 2475 1083 1076 2476 1085 1078 2477 478 471 2478 1084 1079 2479 476 469 2480 829 824 2481 1085 1078 2482 1087 1080 2483 480 473 2484 1086 1081 2485 478 471 2486 831 826 2487 1087 1080 2488 1089 1082 2489 449 474 2490 1088 1083 2491 480 473 2492 801 794 2493 1089 1082 2494 1059 1053 2495 674 668 2496 66 62 2497 65 65 2498 690 683 2499 65 65 2500 69 67 2501 690 683 2502 71 1084 2503 691 684 2504 691 684 2505 73 68 2506 692 685 2507 693 686 2508 73 68 2509 75 70 2510 694 687 2511 75 70 2512 77 72 2513 695 688 2514 77 72 2515 79 74 2516 696 689 2517 79 74 2518 81 76 2519 697 690 2520 81 76 2521 83 78 2522 698 691 2523 83 78 2524 85 80 2525 699 692 2526 85 80 2527 87 84 2528 699 692 2529 89 86 2530 700 693 2531 700 693 2532 91 1085 2533 701 694 2534 701 694 2535 93 87 2536 702 695 2537 702 695 2538 95 89 2539 703 696 2540 703 696 2541 97 93 2542 704 697 2543 704 697 2544 99 95 2545 689 698 2546 689 698 2547 101 97 2548 688 682 2549 688 682 2550 103 99 2551 687 681 2552 687 681 2553 105 101 2554 686 680 2555 686 680 2556 107 103 2557 685 679 2558 685 679 2559 109 105 2560 684 678 2561 684 678 2562 111 107 2563 683 677 2564 683 677 2565 113 109 2566 682 676 2567 682 676 2568 115 111 2569 681 675 2570 681 675 2571 117 113 2572 680 674 2573 680 674 2574 119 115 2575 679 673 2576 679 673 2577 121 1086 2578 678 672 2579 677 671 2580 121 1086 2581 123 116 2582 676 670 2583 123 116 2584 125 118 2585 675 669 2586 125 118 2587 127 121 2588 673 667 2589 127 121 2590 66 62 2591 1091 1087 2592 1093 1088 2593 1090 1089 2594 1090 1089 2595 1095 1090 2596 1094 1091 2597 1096 1092 2598 1095 1090 2599 1097 1093 2600 1098 1094 2601 1097 1093 2602 1099 1095 2603 1098 1094 2604 1101 1096 2605 1100 1097 2606 1100 1097 2607 1103 1098 2608 1102 1099 2609 1102 1099 2610 1105 1100 2611 1104 1101 2612 1104 1101 2613 1107 1102 2614 1106 1103 2615 1106 1103 2616 1109 1104 2617 1108 1105 2618 1108 1105 2619 1111 1106 2620 1110 1107 2621 1110 1107 2622 1113 1108 2623 1112 1109 2624 1114 1110 2625 1113 1108 2626 1115 1111 2627 1116 1112 2628 1115 1111 2629 1117 1113 2630 1118 1114 2631 1117 1113 2632 1119 1115 2633 1120 1116 2634 1119 1115 2635 1121 1117 2636 1122 1118 2637 1121 1117 2638 1123 1119 2639 1124 1120 2640 1123 1119 2641 1125 1121 2642 1126 1122 2643 1125 1121 2644 1127 1123 2645 1128 1124 2646 1127 1123 2647 1129 1125 2648 1130 1126 2649 1129 1125 2650 1131 1127 2651 1132 1128 2652 1131 1127 2653 1133 1129 2654 1134 1130 2655 1133 1129 2656 1135 1131 2657 1136 1132 2658 1135 1131 2659 1137 1133 2660 1138 1134 2661 1137 1133 2662 1139 1135 2663 1140 1136 2664 1139 1135 2665 1141 1137 2666 1142 1138 2667 1141 1137 2668 1143 1139 2669 1144 1140 2670 1143 1139 2671 1145 1141 2672 1144 1140 2673 1147 1142 2674 1146 1143 2675 1146 1143 2676 1149 1144 2677 1148 1145 2678 1148 1145 2679 1151 1146 2680 1150 1147 2681 1150 1147 2682 1153 1148 2683 1152 1149 2684 1152 1149 2685 1092 1150 2686 1091 1087 2687 486 478 2688 1090 1089 2689 488 480 2690 488 480 2691 1094 1091 2692 490 482 2693 492 485 2694 1094 1091 2695 1096 1092 2696 494 487 2697 1096 1092 2698 1098 1094 2699 494 487 2700 1100 1097 2701 496 488 2702 496 488 2703 1102 1099 2704 498 490 2705 498 490 2706 1104 1101 2707 500 492 2708 500 492 2709 1106 1103 2710 502 494 2711 502 494 2712 1108 1105 2713 504 496 2714 504 496 2715 1110 1107 2716 506 498 2717 506 498 2718 1112 1109 2719 508 500 2720 510 502 2721 1112 1109 2722 1114 1110 2723 512 505 2724 1114 1110 2725 1116 1112 2726 514 507 2727 1116 1112 2728 1118 1114 2729 516 509 2730 1118 1114 2731 1120 1116 2732 518 511 2733 1120 1116 2734 1122 1118 2735 520 513 2736 1122 1118 2737 1124 1120 2738 522 515 2739 1124 1120 2740 1126 1122 2741 524 517 2742 1126 1122 2743 1128 1124 2744 526 519 2745 1128 1124 2746 1130 1126 2747 528 521 2748 1130 1126 2749 1132 1128 2750 530 523 2751 1132 1128 2752 1134 1130 2753 532 525 2754 1134 1130 2755 1136 1132 2756 534 527 2757 1136 1132 2758 1138 1134 2759 536 529 2760 1138 1134 2761 1140 1136 2762 538 531 2763 1140 1136 2764 1142 1138 2765 540 533 2766 1142 1138 2767 1144 1140 2768 540 533 2769 1146 1143 2770 542 535 2771 542 535 2772 1148 1145 2773 544 536 2774 544 536 2775 1150 1147 2776 483 538 2777 483 538 2778 1152 1149 2779 484 476 2780 484 476 2781 1091 1087 2782 486 478 2783 1154 1151 2784 553 545 2785 557 550 2786 1156 1152 2787 557 550 2788 561 553 2789 1157 1153 2790 561 553 2791 565 558 2792 1158 1154 2793 565 558 2794 569 562 2795 1158 1154 2796 573 566 2797 1159 1155 2798 1159 1155 2799 577 570 2800 1160 1156 2801 1160 1156 2802 581 574 2803 1161 1157 2804 1161 1157 2805 585 578 2806 1162 1158 2807 1162 1158 2808 589 582 2809 1163 1159 2810 1164 1160 2811 589 582 2812 593 586 2813 1165 1161 2814 593 586 2815 597 589 2816 1166 1162 2817 597 589 2818 601 593 2819 1167 1163 2820 601 593 2821 605 597 2822 1167 1163 2823 609 601 2824 1168 1164 2825 1168 1164 2826 613 605 2827 1169 1165 2828 1170 1166 2829 613 605 2830 617 609 2831 1171 1167 2832 617 609 2833 621 613 2834 1172 1168 2835 621 613 2836 625 617 2837 1173 1169 2838 625 617 2839 629 621 2840 1174 1170 2841 629 621 2842 633 625 2843 1175 1171 2844 633 625 2845 637 629 2846 1176 1172 2847 637 629 2848 641 633 2849 1177 1173 2850 641 633 2851 645 637 2852 1178 1174 2853 645 637 2854 649 641 2855 1179 1175 2856 649 641 2857 653 645 2858 1180 1176 2859 653 645 2860 657 649 2861 1181 1177 2862 657 649 2863 661 653 2864 1182 1178 2865 661 653 2866 665 657 2867 1182 1178 2868 669 661 2869 1183 1179 2870 1183 1179 2871 546 665 2872 1184 1180 2873 1185 1181 2874 546 665 2875 545 539 2876 1155 1182 2877 545 539 2878 553 545 2879 554 546 2880 487 481 2881 558 549 2882 558 549 2883 489 483 2884 562 554 2885 566 557 2886 489 483 2887 491 484 2888 566 557 2889 493 486 2890 570 561 2891 570 561 2892 495 489 2893 574 565 2894 574 565 2895 497 491 2896 578 569 2897 578 569 2898 499 493 2899 582 573 2900 582 573 2901 501 495 2902 586 577 2903 586 577 2904 503 497 2905 590 581 2906 590 581 2907 505 499 2908 594 585 2909 594 585 2910 507 501 2911 598 590 2912 598 590 2913 509 503 2914 602 594 2915 606 598 2916 509 503 2917 511 504 2918 610 602 2919 511 504 2920 513 506 2921 614 606 2922 513 506 2923 515 508 2924 618 610 2925 515 508 2926 517 510 2927 618 610 2928 519 512 2929 622 614 2930 622 614 2931 521 514 2932 626 618 2933 630 622 2934 521 514 2935 523 516 2936 634 626 2937 523 516 2938 525 518 2939 638 630 2940 525 518 2941 527 520 2942 642 634 2943 527 520 2944 529 522 2945 646 638 2946 529 522 2947 531 524 2948 650 642 2949 531 524 2950 533 526 2951 654 646 2952 533 526 2953 535 528 2954 658 650 2955 535 528 2956 537 530 2957 662 654 2958 537 530 2959 539 532 2960 666 658 2961 539 532 2962 541 534 2963 670 662 2964 541 534 2965 543 537 2966 547 540 2967 543 537 2968 482 475 2969 548 541 2970 482 475 2971 481 477 2972 548 541 2973 485 479 2974 554 546 2975 419 415 2976 1187 1183 2977 420 416 2978 451 448 2979 1187 1183 2980 1188 1184 2981 451 448 2982 1189 1185 2983 453 450 2984 453 450 2985 1190 1186 2986 455 1187 2987 455 1187 2988 1191 1188 2989 457 452 2990 459 454 2991 1191 1188 2992 1192 1189 2993 459 454 2994 1193 1190 2995 461 457 2996 461 457 2997 1194 1191 2998 463 1192 2999 463 1192 3000 1195 1193 3001 465 459 3002 465 459 3003 1196 1194 3004 467 461 3005 467 461 3006 1197 1195 3007 469 463 3008 469 463 3009 1198 1196 3010 471 465 3011 473 1197 3012 1198 1196 3013 1199 1198 3014 475 468 3015 1199 1198 3016 1200 1199 3017 477 470 3018 1200 1199 3019 1201 1200 3020 479 472 3021 1201 1200 3022 1202 1201 3023 450 446 3024 1202 1201 3025 1203 1202 3026 448 444 3027 1203 1202 3028 1204 1203 3029 448 444 3030 1205 1204 3031 446 441 3032 446 441 3033 1206 1205 3034 444 442 3035 444 442 3036 1207 1206 3037 442 440 3038 442 440 3039 1208 1207 3040 440 438 3041 440 438 3042 1209 1208 3043 438 433 3044 438 433 3045 1210 1209 3046 436 434 3047 436 434 3048 1211 1210 3049 434 432 3050 432 427 3051 1211 1210 3052 1212 1211 3053 430 428 3054 1212 1211 3055 1213 1212 3056 428 426 3057 1213 1212 3058 1214 1213 3059 426 424 3060 1214 1213 3061 1215 1214 3062 426 424 3063 1216 1215 3064 424 422 3065 424 422 3066 1217 1216 3067 422 420 3068 422 420 3069 1186 1217 3070 419 415 3071 1030 1023 3072 1218 1218 3073 1219 1219 3074 1032 1025 3075 1219 1219 3076 1220 1220 3077 1034 1027 3078 1220 1220 3079 1221 1221 3080 1036 1029 3081 1221 1221 3082 1222 1222 3083 1038 1031 3084 1222 1222 3085 1223 1223 3086 1040 1033 3087 1223 1223 3088 1224 1224 3089 1042 1035 3090 1224 1224 3091 1225 1225 3092 1044 1037 3093 1225 1225 3094 1226 1226 3095 1046 1039 3096 1226 1226 3097 1227 1227 3098 1046 1039 3099 1228 1228 3100 1048 1042 3101 1048 1042 3102 1229 1229 3103 1050 1044 3104 1050 1044 3105 1230 1230 3106 1052 1046 3107 1054 1048 3108 1230 1230 3109 1231 1231 3110 1056 1050 3111 1231 1231 3112 1232 1232 3113 1056 1050 3114 1233 1233 3115 1058 1052 3116 1058 1052 3117 1234 1234 3118 1088 1083 3119 1088 1083 3120 1235 1235 3121 1086 1081 3122 1086 1081 3123 1236 1236 3124 1084 1079 3125 1084 1079 3126 1237 1237 3127 1082 1077 3128 1082 1077 3129 1238 1238 3130 1080 1075 3131 1080 1075 3132 1239 1239 3133 1078 1073 3134 1078 1073 3135 1240 1240 3136 1076 1070 3137 1076 1070 3138 1241 1241 3139 1074 1068 3140 1074 1068 3141 1242 1242 3142 1072 1066 3143 1072 1066 3144 1243 1243 3145 1070 1064 3146 1068 1062 3147 1243 1243 3148 1244 1244 3149 1066 1060 3150 1244 1244 3151 1245 1245 3152 1064 1058 3153 1245 1245 3154 1246 1246 3155 1062 1056 3156 1246 1246 3157 1247 1247 3158 1060 1054 3159 1247 1247 3160 1248 1248 3161 1026 1020 3162 1248 1248 3163 1249 1249 3164 1027 1021 3165 1249 1249 3166 1218 1218 3167 1219 1219 3168 705 699 3169 709 702 3170 1220 1220 3171 709 702 3172 711 704 3173 1221 1221 3174 711 704 3175 713 707 3176 1221 1221 3177 715 709 3178 1222 1222 3179 1222 1222 3180 717 711 3181 1223 1223 3182 1224 1224 3183 717 711 3184 719 713 3185 1225 1225 3186 719 713 3187 721 715 3188 1226 1226 3189 721 715 3190 723 716 3191 1227 1227 3192 723 716 3193 725 718 3194 1227 1227 3195 727 721 3196 1228 1228 3197 1228 1228 3198 729 723 3199 1229 1229 3200 1229 1229 3201 731 725 3202 1230 1230 3203 1230 1230 3204 733 727 3205 1231 1231 3206 1232 1232 3207 733 727 3208 735 729 3209 1232 1232 3210 737 731 3211 1233 1233 3212 1233 1233 3213 767 760 3214 1234 1234 3215 1234 1234 3216 765 758 3217 1235 1235 3218 1235 1235 3219 763 756 3220 1236 1236 3221 1236 1236 3222 761 754 3223 1237 1237 3224 1237 1237 3225 759 752 3226 1238 1238 3227 1238 1238 3228 757 750 3229 1239 1239 3230 1239 1239 3231 755 748 3232 1240 1240 3233 1240 1240 3234 753 749 3235 1241 1241 3236 1241 1241 3237 751 746 3238 1242 1242 3239 1243 1243 3240 751 746 3241 749 744 3242 1244 1244 3243 749 744 3244 747 742 3245 1245 1245 3246 747 742 3247 745 740 3248 1246 1246 3249 745 740 3250 743 738 3251 1247 1247 3252 743 738 3253 741 736 3254 1248 1248 3255 741 736 3256 739 734 3257 1249 1249 3258 739 734 3259 706 732 3260 1218 1218 3261 706 732 3262 705 699 3263 710 703 3264 1250 1250 3265 1251 1251 3266 712 705 3267 1251 1251 3268 1252 1252 3269 712 705 3270 1253 1253 3271 714 706 3272 714 706 3273 1254 1254 3274 716 708 3275 716 708 3276 1255 1255 3277 718 710 3278 718 710 3279 1256 1256 3280 720 712 3281 722 714 3282 1256 1256 3283 1257 1257 3284 724 717 3285 1257 1257 3286 1258 1258 3287 726 719 3288 1258 1258 3289 1259 1259 3290 726 719 3291 1260 1260 3292 728 720 3293 728 720 3294 1261 1261 3295 730 722 3296 730 722 3297 1262 1262 3298 732 724 3299 732 724 3300 1263 1263 3301 734 726 3302 734 726 3303 1264 1264 3304 736 728 3305 736 728 3306 1265 1265 3307 738 730 3308 738 730 3309 1266 1266 3310 768 762 3311 766 761 3312 1266 1266 3313 1267 1267 3314 764 759 3315 1267 1267 3316 1268 1268 3317 764 759 3318 1269 1269 3319 762 757 3320 762 757 3321 1270 1270 3322 760 755 3323 760 755 3324 1271 1271 3325 758 753 3326 758 753 3327 1272 1272 3328 756 751 3329 756 751 3330 1273 1273 3331 754 747 3332 752 745 3333 1273 1273 3334 1274 1274 3335 750 743 3336 1274 1274 3337 1275 1275 3338 748 741 3339 1275 1275 3340 1276 1276 3341 746 739 3342 1276 1276 3343 1277 1277 3344 744 737 3345 1277 1277 3346 1278 1278 3347 742 735 3348 1278 1278 3349 1279 1279 3350 740 733 3351 1279 1279 3352 1280 1280 3353 707 700 3354 1280 1280 3355 1281 1281 3356 708 701 3357 1281 1281 3358 1250 1250 3359 1251 1251 3360 1028 1024 3361 1031 1026 3362 1251 1251 3363 1033 1028 3364 1252 1252 3365 1252 1252 3366 1035 1030 3367 1253 1253 3368 1253 1253 3369 1037 1032 3370 1254 1254 3371 1254 1254 3372 1039 1034 3373 1255 1255 3374 1255 1255 3375 1041 1036 3376 1256 1256 3377 1257 1257 3378 1041 1036 3379 1043 1038 3380 1257 1257 3381 1045 1041 3382 1258 1258 3383 1258 1258 3384 1047 1040 3385 1259 1259 3386 1259 1259 3387 1049 1043 3388 1260 1260 3389 1260 1260 3390 1051 1045 3391 1261 1261 3392 1261 1261 3393 1053 1047 3394 1262 1262 3395 1262 1262 3396 1055 1049 3397 1263 1263 3398 1263 1263 3399 1057 1051 3400 1264 1264 3401 1264 1264 3402 1059 1053 3403 1265 1265 3404 1265 1265 3405 1089 1082 3406 1266 1266 3407 1267 1267 3408 1089 1082 3409 1087 1080 3410 1268 1268 3411 1087 1080 3412 1085 1078 3413 1268 1268 3414 1083 1076 3415 1269 1269 3416 1269 1269 3417 1081 1074 3418 1270 1270 3419 1270 1270 3420 1079 1072 3421 1271 1271 3422 1272 1272 3423 1079 1072 3424 1077 1071 3425 1273 1273 3426 1077 1071 3427 1075 1069 3428 1274 1274 3429 1075 1069 3430 1073 1067 3431 1275 1275 3432 1073 1067 3433 1071 1065 3434 1276 1276 3435 1071 1065 3436 1069 1063 3437 1277 1277 3438 1069 1063 3439 1067 1061 3440 1278 1278 3441 1067 1061 3442 1065 1059 3443 1279 1279 3444 1065 1059 3445 1063 1057 3446 1280 1280 3447 1063 1057 3448 1061 1055 3449 1281 1281 3450 1061 1055 3451 1029 1022 3452 1250 1250 3453 1029 1022 3454 1028 1024 3455 1283 1282 3456 869 863 3457 1282 1283 3458 1282 1283 3459 871 865 3460 1284 1284 3461 1284 1284 3462 873 867 3463 1285 1285 3464 1286 1286 3465 873 867 3466 875 869 3467 1287 1287 3468 875 869 3469 877 871 3470 1288 1288 3471 877 871 3472 879 873 3473 1289 1289 3474 879 873 3475 881 875 3476 1289 1289 3477 883 876 3478 1290 1290 3479 1290 1290 3480 885 878 3481 1291 1291 3482 1292 1292 3483 885 878 3484 887 880 3485 1293 1293 3486 887 880 3487 889 882 3488 1294 1294 3489 889 882 3490 891 884 3491 1294 1294 3492 893 887 3493 1295 1295 3494 1295 1295 3495 895 889 3496 1296 1296 3497 1297 1297 3498 895 889 3499 897 891 3500 1298 1298 3501 897 891 3502 927 922 3503 1299 1299 3504 927 922 3505 925 920 3506 1300 1300 3507 925 920 3508 923 918 3509 1301 1301 3510 923 918 3511 921 916 3512 1302 1302 3513 921 916 3514 919 914 3515 1303 1303 3516 919 914 3517 917 912 3518 1304 1304 3519 917 912 3520 915 910 3521 1305 1305 3522 915 910 3523 913 908 3524 1305 1305 3525 911 906 3526 1306 1306 3527 1306 1306 3528 909 902 3529 1307 1307 3530 1307 1307 3531 907 900 3532 1308 1308 3533 1308 1308 3534 905 898 3535 1309 1309 3536 1309 1309 3537 903 896 3538 1310 1310 3539 1310 1310 3540 901 894 3541 1311 1311 3542 1311 1311 3543 899 892 3544 1312 1312 3545 1312 1312 3546 866 859 3547 1313 1313 3548 1313 1313 3549 865 861 3550 1283 1282 3551 868 860 3552 933 927 3553 870 862 3554 870 862 3555 935 929 3556 872 864 3557 872 864 3558 937 931 3559 874 866 3560 874 866 3561 939 933 3562 876 868 3563 876 868 3564 941 935 3565 878 870 3566 878 870 3567 943 936 3568 880 872 3569 882 874 3570 943 936 3571 945 938 3572 884 877 3573 945 938 3574 947 940 3575 886 879 3576 947 940 3577 949 942 3578 888 881 3579 949 942 3580 951 944 3581 890 883 3582 951 944 3583 953 946 3584 890 883 3585 955 949 3586 892 885 3587 892 885 3588 957 951 3589 894 886 3590 894 886 3591 959 953 3592 896 888 3593 896 888 3594 961 955 3595 898 890 3596 928 921 3597 961 955 3598 991 986 3599 926 919 3600 991 986 3601 989 984 3602 924 917 3603 989 984 3604 987 982 3605 922 915 3606 987 982 3607 985 980 3608 920 913 3609 985 980 3610 983 978 3611 918 911 3612 983 978 3613 981 976 3614 916 909 3615 981 976 3616 979 974 3617 914 907 3618 979 974 3619 977 972 3620 912 904 3621 977 972 3622 975 970 3623 910 905 3624 975 970 3625 973 968 3626 908 903 3627 973 968 3628 971 964 3629 908 903 3630 969 962 3631 906 901 3632 906 901 3633 967 960 3634 904 899 3635 904 899 3636 965 958 3637 902 897 3638 902 897 3639 963 956 3640 900 895 3641 900 895 3642 930 923 3643 867 893 3644 867 893 3645 929 925 3646 868 860 3647 834 827 3648 1282 1283 3649 835 828 3650 835 828 3651 1284 1284 3652 836 829 3653 837 830 3654 1284 1284 3655 1285 1285 3656 838 831 3657 1285 1285 3658 1286 1286 3659 839 832 3660 1286 1286 3661 1287 1287 3662 840 833 3663 1287 1287 3664 1288 1288 3665 841 834 3666 1288 1288 3667 1289 1289 3668 841 834 3669 1290 1290 3670 842 835 3671 842 835 3672 1291 1291 3673 843 836 3674 844 837 3675 1291 1291 3676 1292 1292 3677 845 838 3678 1292 1292 3679 1293 1293 3680 846 839 3681 1293 1293 3682 1294 1294 3683 847 840 3684 1294 1294 3685 1295 1295 3686 848 841 3687 1295 1295 3688 1296 1296 3689 849 842 3690 1296 1296 3691 1297 1297 3692 864 858 3693 1297 1297 3694 1298 1298 3695 863 857 3696 1298 1298 3697 1299 1299 3698 862 856 3699 1299 1299 3700 1300 1300 3701 861 855 3702 1300 1300 3703 1301 1301 3704 860 854 3705 1301 1301 3706 1302 1302 3707 859 853 3708 1302 1302 3709 1303 1303 3710 858 851 3711 1303 1303 3712 1304 1304 3713 857 852 3714 1304 1304 3715 1305 1305 3716 857 852 3717 1306 1306 3718 856 850 3719 856 850 3720 1307 1307 3721 855 849 3722 855 849 3723 1308 1308 3724 854 848 3725 854 848 3726 1309 1309 3727 853 847 3728 853 847 3729 1310 1310 3730 852 846 3731 852 846 3732 1311 1311 3733 851 845 3734 851 845 3735 1312 1312 3736 850 844 3737 850 844 3738 1313 1313 3739 833 843 3740 833 843 3741 1283 1282 3742 834 827 3743 556 547 3744 1093 1088 3745 1092 1150 3746 556 547 3747 1153 1148 3748 551 548 3749 551 548 3750 1151 1146 3751 552 543 3752 552 543 3753 1149 1144 3754 672 663 3755 672 663 3756 1147 1142 3757 668 664 3758 668 664 3759 1145 1141 3760 664 660 3761 664 660 3762 1143 1139 3763 660 656 3764 660 656 3765 1141 1137 3766 656 652 3767 652 648 3768 1141 1137 3769 1139 1135 3770 648 644 3771 1139 1135 3772 1137 1133 3773 644 640 3774 1137 1133 3775 1135 1131 3776 640 636 3777 1135 1131 3778 1133 1129 3779 636 632 3780 1133 1129 3781 1131 1127 3782 632 628 3783 1131 1127 3784 1129 1125 3785 628 619 3786 1129 1125 3787 1127 1123 3788 624 620 3789 1127 1123 3790 1125 1121 3791 620 616 3792 1125 1121 3793 1123 1119 3794 616 612 3795 1123 1119 3796 1121 1117 3797 616 612 3798 1119 1115 3799 612 608 3800 612 608 3801 1117 1113 3802 608 604 3803 604 596 3804 1117 1113 3805 1115 1111 3806 600 592 3807 1115 1111 3808 1113 1108 3809 596 588 3810 1113 1108 3811 1111 1106 3812 596 588 3813 1109 1104 3814 592 584 3815 592 584 3816 1107 1102 3817 588 580 3818 588 580 3819 1105 1100 3820 584 576 3821 580 572 3822 1105 1100 3823 1103 1098 3824 576 567 3825 1103 1098 3826 1101 1096 3827 576 567 3828 1099 1095 3829 572 568 3830 572 568 3831 1097 1093 3832 568 564 3833 568 564 3834 1095 1090 3835 564 556 3836 560 552 3837 1095 1090 3838 1093 1088 3839 1314 1314 3840 1170 1166 3841 1171 1167 3842 1316 1315 3843 1171 1167 3844 1172 1168 3845 1317 1316 3846 1172 1168 3847 1173 1169 3848 1318 1317 3849 1173 1169 3850 1174 1170 3851 1319 1318 3852 1174 1170 3853 1175 1171 3854 1320 1319 3855 1175 1171 3856 1176 1172 3857 1321 1320 3858 1176 1172 3859 1177 1173 3860 1322 1321 3861 1177 1173 3862 1178 1174 3863 1323 1322 3864 1178 1174 3865 1179 1175 3866 1324 1323 3867 1179 1175 3868 1180 1176 3869 1325 1324 3870 1180 1176 3871 1181 1177 3872 1325 1324 3873 1182 1178 3874 1326 1325 3875 1326 1325 3876 1183 1179 3877 1327 1326 3878 1327 1326 3879 1184 1180 3880 1328 1327 3881 1328 1327 3882 1185 1181 3883 1329 1328 3884 1330 1329 3885 1185 1181 3886 1155 1182 3887 1331 1330 3888 1155 1182 3889 1154 1151 3890 1332 1331 3891 1154 1151 3892 1156 1152 3893 1333 1332 3894 1156 1152 3895 1157 1153 3896 1334 1333 3897 1157 1153 3898 1158 1154 3899 1334 1333 3900 1159 1155 3901 1335 1334 3902 1335 1334 3903 1160 1156 3904 1336 1335 3905 1337 1336 3906 1160 1156 3907 1161 1157 3908 1338 1337 3909 1161 1157 3910 1162 1158 3911 1339 1338 3912 1162 1158 3913 1163 1159 3914 1340 1339 3915 1163 1159 3916 1164 1160 3917 1341 1340 3918 1164 1160 3919 1165 1161 3920 1342 1341 3921 1165 1161 3922 1166 1162 3923 1343 1342 3924 1166 1162 3925 1167 1163 3926 1344 1343 3927 1167 1163 3928 1168 1164 3929 1344 1343 3930 1169 1165 3931 1345 1344 3932 1345 1344 3933 1170 1166 3934 1315 1345 3935 1347 1346 3936 1314 1314 3937 1346 1347 3938 1348 1348 3939 1314 1314 3940 1316 1315 3941 1349 1349 3942 1316 1315 3943 1317 1316 3944 1350 1350 3945 1317 1316 3946 1318 1317 3947 1351 1351 3948 1318 1317 3949 1319 1318 3950 1352 1352 3951 1319 1318 3952 1320 1319 3953 1353 1353 3954 1320 1319 3955 1321 1320 3956 1353 1353 3957 1322 1321 3958 1354 1354 3959 1354 1354 3960 1323 1322 3961 1355 1355 3962 1355 1355 3963 1324 1323 3964 1356 1356 3965 1356 1356 3966 1325 1324 3967 1357 1357 3968 1358 1358 3969 1325 1324 3970 1326 1325 3971 1358 1358 3972 1327 1326 3973 1359 1359 3974 1359 1359 3975 1328 1327 3976 1360 1360 3977 1360 1360 3978 1329 1328 3979 1361 1361 3980 1361 1361 3981 1330 1329 3982 1362 1362 3983 1363 1363 3984 1330 1329 3985 1331 1330 3986 1364 1364 3987 1331 1330 3988 1332 1331 3989 1365 1365 3990 1332 1331 3991 1333 1332 3992 1366 1366 3993 1333 1332 3994 1334 1333 3995 1367 1367 3996 1334 1333 3997 1335 1334 3998 1368 1368 3999 1335 1334 4000 1336 1335 4001 1369 1369 4002 1336 1335 4003 1337 1336 4004 1370 1370 4005 1337 1336 4006 1338 1337 4007 1371 1371 4008 1338 1337 4009 1339 1338 4010 1372 1372 4011 1339 1338 4012 1340 1339 4013 1373 1373 4014 1340 1339 4015 1341 1340 4016 1374 1374 4017 1341 1340 4018 1342 1341 4019 1375 1375 4020 1342 1341 4021 1343 1342 4022 1376 1376 4023 1343 1342 4024 1344 1343 4025 1376 1376 4026 1345 1344 4027 1377 1377 4028 1377 1377 4029 1315 1345 4030 1347 1346 4031 1379 1378 4032 1346 1347 4033 1378 1379 4034 1380 1380 4035 1346 1347 4036 1348 1348 4037 1381 1381 4038 1348 1348 4039 1349 1349 4040 1382 1382 4041 1349 1349 4042 1350 1350 4043 1383 1383 4044 1350 1350 4045 1351 1351 4046 1384 1384 4047 1351 1351 4048 1352 1352 4049 1384 1384 4050 1353 1353 4051 1385 1385 4052 1385 1385 4053 1354 1354 4054 1386 1386 4055 1386 1386 4056 1355 1355 4057 1387 1387 4058 1387 1387 4059 1356 1356 4060 1388 1388 4061 1388 1388 4062 1357 1357 4063 1389 1389 4064 1389 1389 4065 1358 1358 4066 1390 1390 4067 1390 1390 4068 1359 1359 4069 1391 1391 4070 1391 1391 4071 1360 1360 4072 1392 1392 4073 1392 1392 4074 1361 1361 4075 1393 1393 4076 1393 1393 4077 1362 1362 4078 1394 1394 4079 1395 1395 4080 1362 1362 4081 1363 1363 4082 1396 1396 4083 1363 1363 4084 1364 1364 4085 1397 1397 4086 1364 1364 4087 1365 1365 4088 1398 1398 4089 1365 1365 4090 1366 1366 4091 1399 1399 4092 1366 1366 4093 1367 1367 4094 1400 1400 4095 1367 1367 4096 1368 1368 4097 1401 1401 4098 1368 1368 4099 1369 1369 4100 1402 1402 4101 1369 1369 4102 1370 1370 4103 1403 1403 4104 1370 1370 4105 1371 1371 4106 1404 1404 4107 1371 1371 4108 1372 1372 4109 1405 1405 4110 1372 1372 4111 1373 1373 4112 1406 1406 4113 1373 1373 4114 1374 1374 4115 1407 1407 4116 1374 1374 4117 1375 1375 4118 1408 1408 4119 1375 1375 4120 1376 1376 4121 1408 1408 4122 1377 1377 4123 1409 1409 4124 1409 1409 4125 1347 1346 4126 1379 1378 4127 1410 1410 4128 1379 1378 4129 1378 1379 4130 1412 1411 4131 1378 1379 4132 1380 1380 4133 1413 1412 4134 1380 1380 4135 1381 1381 4136 1414 1413 4137 1381 1381 4138 1382 1382 4139 1415 1414 4140 1382 1382 4141 1383 1383 4142 1415 1414 4143 1384 1384 4144 1416 1415 4145 1416 1415 4146 1385 1385 4147 1417 1416 4148 1417 1416 4149 1386 1386 4150 1418 1417 4151 1418 1417 4152 1387 1387 4153 1419 1418 4154 1419 1418 4155 1388 1388 4156 1420 1419 4157 1420 1419 4158 1389 1389 4159 1421 1420 4160 1421 1420 4161 1390 1390 4162 1422 1421 4163 1422 1421 4164 1391 1391 4165 1423 1422 4166 1424 1423 4167 1391 1391 4168 1392 1392 4169 1425 1424 4170 1392 1392 4171 1393 1393 4172 1426 1425 4173 1393 1393 4174 1394 1394 4175 1427 1426 4176 1394 1394 4177 1395 1395 4178 1427 1426 4179 1396 1396 4180 1428 1427 4181 1428 1427 4182 1397 1397 4183 1429 1428 4184 1430 1429 4185 1397 1397 4186 1398 1398 4187 1431 1430 4188 1398 1398 4189 1399 1399 4190 1432 1431 4191 1399 1399 4192 1400 1400 4193 1432 1431 4194 1401 1401 4195 1433 1432 4196 1433 1432 4197 1402 1402 4198 1434 1433 4199 1434 1433 4200 1403 1403 4201 1435 1434 4202 1435 1434 4203 1404 1404 4204 1436 1435 4205 1436 1435 4206 1405 1405 4207 1437 1436 4208 1437 1436 4209 1406 1406 4210 1438 1437 4211 1438 1437 4212 1407 1407 4213 1439 1438 4214 1439 1438 4215 1408 1408 4216 1440 1439 4217 1440 1439 4218 1409 1409 4219 1441 1440 4220 1411 1441 4221 1409 1409 4222 1379 1378 4223 1203 1202 4224 1411 1441 4225 1410 1410 4226 1203 1202 4227 1412 1411 4228 1204 1203 4229 1204 1203 4230 1413 1412 4231 1205 1204 4232 1205 1204 4233 1414 1413 4234 1206 1205 4235 1206 1205 4236 1415 1414 4237 1207 1206 4238 1207 1206 4239 1416 1415 4240 1208 1207 4241 1208 1207 4242 1417 1416 4243 1209 1208 4244 1209 1208 4245 1418 1417 4246 1210 1209 4247 1210 1209 4248 1419 1418 4249 1211 1210 4250 1211 1210 4251 1420 1419 4252 1212 1211 4253 1212 1211 4254 1421 1420 4255 1213 1212 4256 1214 1213 4257 1421 1420 4258 1422 1421 4259 1215 1214 4260 1422 1421 4261 1423 1422 4262 1216 1215 4263 1423 1422 4264 1424 1423 4265 1217 1216 4266 1424 1423 4267 1425 1424 4268 1217 1216 4269 1426 1425 4270 1186 1217 4271 1186 1217 4272 1427 1426 4273 1187 1183 4274 1187 1183 4275 1428 1427 4276 1188 1184 4277 1188 1184 4278 1429 1428 4279 1189 1185 4280 1189 1185 4281 1430 1429 4282 1190 1186 4283 1190 1186 4284 1431 1430 4285 1191 1188 4286 1191 1188 4287 1432 1431 4288 1192 1189 4289 1192 1189 4290 1433 1432 4291 1193 1190 4292 1193 1190 4293 1434 1433 4294 1194 1191 4295 1194 1191 4296 1435 1434 4297 1195 1193 4298 1195 1193 4299 1436 1435 4300 1196 1194 4301 1196 1194 4302 1437 1436 4303 1197 1195 4304 1197 1195 4305 1438 1437 4306 1198 1196 4307 1198 1196 4308 1439 1438 4309 1199 1198 4310 1199 1198 4311 1440 1439 4312 1200 1199 4313 1201 1200 4314 1440 1439 4315 1441 1440 4316 1202 1201 4317 1441 1440 4318 1411 1441 4319 0 0 4320 1 31 4321 2 1 4322 2 1 4323 4 4 4324 5 3 4325 4 4 4326 6 6 4327 7 5 4328 6 6 4329 8 8 4330 9 7 4331 8 8 4332 10 10 4333 11 9 4334 10 10 4335 12 146 4336 13 11 4337 13 11 4338 12 146 4339 14 12 4340 14 12 4341 16 15 4342 17 14 4343 16 15 4344 18 144 4345 19 16 4346 19 16 4347 18 144 4348 20 17 4349 20 17 4350 22 20 4351 23 19 4352 22 20 4353 24 22 4354 25 21 4355 24 22 4356 26 24 4357 27 23 4358 26 24 4359 28 138 4360 29 25 4361 29 25 4362 28 138 4363 30 26 4364 31 27 4365 30 26 4366 32 28 4367 34 30 4368 35 33 4369 1 31 4370 36 32 4371 37 35 4372 35 33 4373 38 34 4374 39 37 4375 37 35 4376 38 34 4377 40 38 4378 41 36 4379 40 38 4380 42 41 4381 43 39 4382 44 40 4383 45 43 4384 43 39 4385 46 42 4386 47 45 4387 45 43 4388 46 42 4389 48 46 4390 49 44 4391 48 46 4392 50 48 4393 51 47 4394 50 48 4395 52 50 4396 53 49 4397 52 50 4398 54 53 4399 55 51 4400 56 52 4401 57 55 4402 55 51 4403 56 52 4404 58 56 4405 59 54 4406 58 56 4407 60 58 4408 61 57 4409 60 58 4410 62 60 4411 63 59 4412 62 60 4413 33 29 4414 32 28 4415 64 61 4416 65 65 4417 66 62 4418 68 64 4419 69 67 4420 65 65 4421 70 66 4422 71 1084 4423 69 67 4424 73 68 4425 71 1084 4426 70 66 4427 75 70 4428 73 68 4429 72 69 4430 77 72 4431 75 70 4432 74 71 4433 79 74 4434 77 72 4435 76 73 4436 81 76 4437 79 74 4438 78 75 4439 83 78 4440 81 76 4441 80 77 4442 85 80 4443 83 78 4444 82 79 4445 86 82 4446 87 84 4447 85 80 4448 88 83 4449 89 86 4450 87 84 4451 90 85 4452 91 1085 4453 89 86 4454 93 87 4455 91 1085 4456 90 85 4457 95 89 4458 93 87 4459 92 88 4460 96 91 4461 97 93 4462 95 89 4463 98 92 4464 99 95 4465 97 93 4466 100 94 4467 101 97 4468 99 95 4469 102 96 4470 103 99 4471 101 97 4472 104 98 4473 105 101 4474 103 99 4475 106 100 4476 107 103 4477 105 101 4478 108 102 4479 109 105 4480 107 103 4481 110 104 4482 111 107 4483 109 105 4484 112 106 4485 113 109 4486 111 107 4487 114 108 4488 115 111 4489 113 109 4490 116 110 4491 117 113 4492 115 111 4493 118 112 4494 119 115 4495 117 113 4496 120 114 4497 121 1086 4498 119 115 4499 123 116 4500 121 1086 4501 120 114 4502 125 118 4503 123 116 4504 122 117 4505 126 120 4506 127 121 4507 125 118 4508 67 63 4509 66 62 4510 127 121 4511 128 122 4512 129 152 4513 2 1 4514 35 33 4515 130 283 4516 128 122 4517 131 123 4518 130 283 4519 35 33 4520 132 124 4521 131 123 4522 37 35 4523 133 125 4524 132 124 4525 39 37 4526 43 39 4527 134 284 4528 133 125 4529 135 126 4530 134 284 4531 43 39 4532 136 127 4533 135 126 4534 45 43 4535 137 128 4536 136 127 4537 47 45 4538 138 129 4539 137 128 4540 49 44 4541 139 130 4542 138 129 4543 51 47 4544 140 131 4545 139 130 4546 53 49 4547 57 55 4548 141 132 4549 140 131 4550 59 54 4551 142 133 4552 141 132 4553 61 57 4554 143 134 4555 142 133 4556 63 59 4557 144 135 4558 143 134 4559 32 28 4560 145 136 4561 144 135 4562 30 26 4563 146 281 4564 145 136 4565 147 137 4566 146 281 4567 30 26 4568 148 139 4569 147 137 4570 28 138 4571 149 140 4572 148 139 4573 26 24 4574 150 141 4575 149 140 4576 24 22 4577 151 142 4578 150 141 4579 22 20 4580 152 143 4581 151 142 4582 20 17 4583 153 145 4584 152 143 4585 18 144 4586 14 12 4587 154 147 4588 153 145 4589 12 146 4590 155 148 4591 154 147 4592 10 10 4593 156 149 4594 155 148 4595 8 8 4596 157 282 4597 156 149 4598 158 150 4599 157 282 4600 8 8 4601 159 151 4602 158 150 4603 6 6 4604 129 152 4605 159 151 4606 4 4 4607 160 153 4608 98 92 4609 96 91 4610 162 155 4611 100 94 4612 98 92 4613 163 156 4614 102 96 4615 100 94 4616 164 157 4617 104 98 4618 102 96 4619 165 158 4620 106 100 4621 104 98 4622 166 159 4623 108 102 4624 106 100 4625 167 160 4626 110 104 4627 108 102 4628 168 161 4629 112 106 4630 110 104 4631 169 162 4632 114 108 4633 112 106 4634 170 163 4635 116 110 4636 114 108 4637 171 164 4638 118 112 4639 116 110 4640 120 114 4641 118 112 4642 171 164 4643 122 117 4644 120 114 4645 172 165 4646 124 119 4647 122 117 4648 173 166 4649 126 120 4650 124 119 4651 174 167 4652 176 169 4653 67 63 4654 126 120 4655 177 170 4656 64 61 4657 67 63 4658 178 171 4659 68 64 4660 64 61 4661 179 172 4662 70 66 4663 68 64 4664 180 173 4665 72 69 4666 70 66 4667 74 71 4668 72 69 4669 180 173 4670 76 73 4671 74 71 4672 181 174 4673 183 176 4674 78 75 4675 76 73 4676 184 177 4677 80 77 4678 78 75 4679 185 178 4680 82 79 4681 80 77 4682 186 179 4683 84 81 4684 82 79 4685 187 180 4686 86 82 4687 84 81 4688 188 181 4689 88 83 4690 86 82 4691 189 182 4692 90 85 4693 88 83 4694 190 183 4695 92 88 4696 90 85 4697 94 90 4698 92 88 4699 190 183 4700 96 91 4701 94 90 4702 191 184 4703 160 153 4704 161 154 4705 193 185 4706 194 187 4707 162 155 4708 160 153 4709 195 188 4710 163 156 4711 162 155 4712 196 189 4713 164 157 4714 163 156 4715 197 190 4716 165 158 4717 164 157 4718 198 191 4719 166 159 4720 165 158 4721 199 192 4722 167 160 4723 166 159 4724 168 161 4725 167 160 4726 199 192 4727 169 162 4728 168 161 4729 200 193 4730 170 163 4731 169 162 4732 201 194 4733 171 164 4734 170 163 4735 202 195 4736 204 197 4737 172 165 4738 171 164 4739 173 166 4740 172 165 4741 204 197 4742 174 167 4743 173 166 4744 205 198 4745 175 168 4746 174 167 4747 206 199 4748 176 169 4749 175 168 4750 207 200 4751 209 202 4752 177 170 4753 176 169 4754 210 203 4755 178 171 4756 177 170 4757 211 204 4758 179 172 4759 178 171 4760 212 205 4761 180 173 4762 179 172 4763 213 206 4764 181 174 4765 180 173 4766 214 207 4767 182 175 4768 181 174 4769 215 208 4770 183 176 4771 182 175 4772 216 209 4773 184 177 4774 183 176 4775 217 210 4776 185 178 4777 184 177 4778 218 211 4779 186 179 4780 185 178 4781 219 212 4782 187 180 4783 186 179 4784 220 213 4785 188 181 4786 187 180 4787 221 214 4788 189 182 4789 188 181 4790 222 215 4791 190 183 4792 189 182 4793 191 184 4794 190 183 4795 222 215 4796 161 154 4797 191 184 4798 223 216 4799 192 186 4800 193 185 4801 225 217 4802 226 219 4803 194 187 4804 192 186 4805 227 220 4806 195 188 4807 194 187 4808 228 221 4809 196 189 4810 195 188 4811 229 222 4812 197 190 4813 196 189 4814 230 223 4815 198 191 4816 197 190 4817 199 192 4818 198 191 4819 230 223 4820 200 193 4821 199 192 4822 231 224 4823 201 194 4824 200 193 4825 232 225 4826 202 195 4827 201 194 4828 233 226 4829 203 196 4830 202 195 4831 234 227 4832 204 197 4833 203 196 4834 235 228 4835 205 198 4836 204 197 4837 236 229 4838 206 199 4839 205 198 4840 237 230 4841 207 200 4842 206 199 4843 238 231 4844 208 201 4845 207 200 4846 239 232 4847 241 234 4848 209 202 4849 208 201 4850 242 235 4851 210 203 4852 209 202 4853 243 236 4854 211 204 4855 210 203 4856 244 237 4857 212 205 4858 211 204 4859 245 238 4860 213 206 4861 212 205 4862 246 239 4863 214 207 4864 213 206 4865 247 240 4866 215 208 4867 214 207 4868 248 241 4869 216 209 4870 215 208 4871 249 242 4872 217 210 4873 216 209 4874 250 243 4875 218 211 4876 217 210 4877 251 244 4878 219 212 4879 218 211 4880 252 245 4881 220 213 4882 219 212 4883 253 246 4884 221 214 4885 220 213 4886 222 215 4887 221 214 4888 253 246 4889 223 216 4890 222 215 4891 254 247 4892 193 185 4893 223 216 4894 255 248 4895 256 249 4896 224 218 4897 225 217 4898 258 251 4899 226 219 4900 224 218 4901 259 252 4902 227 220 4903 226 219 4904 260 253 4905 228 221 4906 227 220 4907 261 254 4908 229 222 4909 228 221 4910 230 223 4911 229 222 4912 261 254 4913 231 224 4914 230 223 4915 262 255 4916 232 225 4917 231 224 4918 263 256 4919 233 226 4920 232 225 4921 264 257 4922 234 227 4923 233 226 4924 265 258 4925 235 228 4926 234 227 4927 266 259 4928 236 229 4929 235 228 4930 267 260 4931 237 230 4932 236 229 4933 268 261 4934 270 263 4935 238 231 4936 237 230 4937 271 264 4938 239 232 4939 238 231 4940 272 265 4941 240 233 4942 239 232 4943 273 266 4944 241 234 4945 240 233 4946 242 235 4947 241 234 4948 273 266 4949 243 236 4950 242 235 4951 274 267 4952 276 269 4953 244 237 4954 243 236 4955 277 270 4956 245 238 4957 244 237 4958 278 271 4959 246 239 4960 245 238 4961 247 240 4962 246 239 4963 278 271 4964 248 241 4965 247 240 4966 279 272 4967 249 242 4968 248 241 4969 280 273 4970 250 243 4971 249 242 4972 281 274 4973 251 244 4974 250 243 4975 282 275 4976 252 245 4977 251 244 4978 283 276 4979 253 246 4980 252 245 4981 284 277 4982 254 247 4983 253 246 4984 285 278 4985 255 248 4986 254 247 4987 286 279 4988 257 250 4989 225 217 4990 255 248 4991 145 136 4992 256 249 4993 257 250 4994 258 251 4995 256 249 4996 145 136 4997 259 252 4998 258 251 4999 146 281 5000 260 253 5001 259 252 5002 147 137 5003 261 254 5004 260 253 5005 148 139 5006 262 255 5007 261 254 5008 149 140 5009 263 256 5010 262 255 5011 150 141 5012 264 257 5013 263 256 5014 151 142 5015 265 258 5016 264 257 5017 152 143 5018 266 259 5019 265 258 5020 153 145 5021 267 260 5022 266 259 5023 154 147 5024 156 149 5025 268 261 5026 267 260 5027 157 282 5028 269 262 5029 268 261 5030 158 150 5031 270 263 5032 269 262 5033 159 151 5034 271 264 5035 270 263 5036 272 265 5037 271 264 5038 159 151 5039 273 266 5040 272 265 5041 129 152 5042 274 267 5043 273 266 5044 128 122 5045 275 268 5046 274 267 5047 130 283 5048 276 269 5049 275 268 5050 131 123 5051 277 270 5052 276 269 5053 132 124 5054 278 271 5055 277 270 5056 133 125 5057 279 272 5058 278 271 5059 134 284 5060 280 273 5061 279 272 5062 135 126 5063 281 274 5064 280 273 5065 136 127 5066 282 275 5067 281 274 5068 137 128 5069 283 276 5070 282 275 5071 138 129 5072 284 277 5073 283 276 5074 139 130 5075 285 278 5076 284 277 5077 140 131 5078 286 279 5079 285 278 5080 141 132 5081 143 134 5082 287 280 5083 286 279 5084 144 135 5085 257 250 5086 287 280 5087 288 285 5088 289 300 5089 0 0 5090 290 286 5091 288 285 5092 3 2 5093 291 287 5094 290 286 5095 5 3 5096 292 288 5097 291 287 5098 7 5 5099 293 289 5100 292 288 5101 9 7 5102 294 290 5103 293 289 5104 11 9 5105 295 291 5106 294 290 5107 13 11 5108 296 292 5109 295 291 5110 15 13 5111 19 16 5112 297 293 5113 296 292 5114 21 18 5115 298 294 5116 297 293 5117 23 19 5118 299 295 5119 298 294 5120 25 21 5121 300 296 5122 299 295 5123 27 23 5124 301 412 5125 300 296 5126 302 297 5127 301 412 5128 27 23 5129 303 298 5130 302 297 5131 29 25 5132 304 299 5133 303 298 5134 31 27 5135 289 300 5136 305 301 5137 34 30 5138 305 301 5139 306 302 5140 36 32 5141 306 302 5142 307 303 5143 38 34 5144 307 303 5145 308 304 5146 40 38 5147 308 304 5148 309 413 5149 42 41 5150 42 41 5151 309 413 5152 310 305 5153 44 40 5154 310 305 5155 311 306 5156 46 42 5157 311 306 5158 312 307 5159 48 46 5160 312 307 5161 313 308 5162 50 48 5163 313 308 5164 314 309 5165 52 50 5166 314 309 5167 315 310 5168 54 53 5169 315 310 5170 316 311 5171 56 52 5172 316 311 5173 317 312 5174 58 56 5175 317 312 5176 318 313 5177 60 58 5178 318 313 5179 319 314 5180 319 314 5181 304 299 5182 33 29 5183 321 315 5184 322 347 5185 323 316 5186 325 318 5187 321 315 5188 320 317 5189 327 320 5190 325 318 5191 324 319 5192 329 322 5193 327 320 5194 326 321 5195 331 324 5196 329 322 5197 328 323 5198 333 326 5199 331 324 5200 330 325 5201 334 328 5202 335 330 5203 333 326 5204 336 329 5205 337 332 5206 335 330 5207 338 331 5208 339 334 5209 337 332 5210 340 333 5211 341 336 5212 339 334 5213 342 335 5214 343 338 5215 341 336 5216 344 337 5217 345 383 5218 343 338 5219 347 339 5220 345 383 5221 344 337 5222 349 341 5223 347 339 5224 346 340 5225 351 343 5226 349 341 5227 348 342 5228 353 345 5229 351 343 5230 350 344 5231 322 347 5232 354 349 5233 355 348 5234 354 349 5235 356 351 5236 357 350 5237 356 351 5238 358 353 5239 359 352 5240 358 353 5241 360 355 5242 361 354 5243 360 355 5244 362 391 5245 363 356 5246 363 356 5247 362 391 5248 364 357 5249 365 358 5250 364 357 5251 366 359 5252 367 360 5253 366 359 5254 368 361 5255 369 362 5256 368 361 5257 370 363 5258 371 364 5259 370 363 5260 372 365 5261 373 366 5262 372 365 5263 374 367 5264 375 368 5265 374 367 5266 376 369 5267 377 370 5268 376 369 5269 378 371 5270 379 372 5271 378 371 5272 380 373 5273 381 374 5274 380 373 5275 382 375 5276 383 376 5277 382 375 5278 353 345 5279 384 377 5280 385 386 5281 322 347 5282 325 318 5283 386 398 5284 384 377 5285 387 378 5286 386 398 5287 325 318 5288 329 322 5289 388 400 5290 387 378 5291 389 379 5292 388 400 5293 329 322 5294 333 326 5295 390 401 5296 389 379 5297 391 380 5298 390 401 5299 333 326 5300 337 332 5301 392 402 5302 391 380 5303 393 381 5304 392 402 5305 337 332 5306 341 336 5307 394 403 5308 393 381 5309 395 382 5310 394 403 5311 341 336 5312 345 383 5313 396 404 5314 395 382 5315 397 384 5316 396 404 5317 345 383 5318 349 341 5319 398 405 5320 397 384 5321 399 385 5322 398 405 5323 349 341 5324 353 345 5325 400 406 5326 399 385 5327 385 386 5328 401 387 5329 354 349 5330 401 387 5331 402 388 5332 356 351 5333 402 388 5334 403 389 5335 358 353 5336 403 389 5337 404 407 5338 360 355 5339 360 355 5340 404 407 5341 405 390 5342 405 390 5343 406 408 5344 364 357 5345 364 357 5346 406 408 5347 407 392 5348 407 392 5349 408 409 5350 368 361 5351 368 361 5352 408 409 5353 409 393 5354 370 363 5355 409 393 5356 410 394 5357 372 365 5358 410 394 5359 411 395 5360 411 395 5361 412 410 5362 376 369 5363 376 369 5364 412 410 5365 413 396 5366 413 396 5367 414 411 5368 380 373 5369 380 373 5370 414 411 5371 415 397 5372 415 397 5373 400 406 5374 353 345 5375 385 386 5376 384 377 5377 386 398 5378 386 398 5379 387 378 5380 388 400 5381 388 400 5382 389 379 5383 390 401 5384 390 401 5385 391 380 5386 392 402 5387 392 402 5388 393 381 5389 394 403 5390 394 403 5391 395 382 5392 396 404 5393 396 404 5394 397 384 5395 398 405 5396 398 405 5397 399 385 5398 400 406 5399 402 388 5400 401 387 5401 385 386 5402 404 407 5403 403 389 5404 402 388 5405 406 408 5406 405 390 5407 404 407 5408 408 409 5409 407 392 5410 406 408 5411 410 394 5412 409 393 5413 408 409 5414 412 410 5415 411 395 5416 410 394 5417 414 411 5418 413 396 5419 412 410 5420 400 406 5421 415 397 5422 414 411 5423 324 319 5424 320 317 5425 288 285 5426 326 321 5427 324 319 5428 290 286 5429 328 323 5430 326 321 5431 291 287 5432 330 325 5433 328 323 5434 292 288 5435 332 327 5436 330 325 5437 293 289 5438 334 328 5439 332 327 5440 294 290 5441 296 292 5442 336 329 5443 334 328 5444 297 293 5445 338 331 5446 336 329 5447 298 294 5448 340 333 5449 338 331 5450 299 295 5451 342 335 5452 340 333 5453 300 296 5454 344 337 5455 342 335 5456 346 340 5457 344 337 5458 300 296 5459 348 342 5460 346 340 5461 301 412 5462 350 344 5463 348 342 5464 302 297 5465 352 346 5466 350 344 5467 303 298 5468 319 314 5469 383 376 5470 352 346 5471 318 313 5472 381 374 5473 383 376 5474 317 312 5475 379 372 5476 381 374 5477 316 311 5478 377 370 5479 379 372 5480 315 310 5481 375 368 5482 377 370 5483 314 309 5484 373 366 5485 375 368 5486 313 308 5487 371 364 5488 373 366 5489 312 307 5490 369 362 5491 371 364 5492 311 306 5493 367 360 5494 369 362 5495 310 305 5496 365 358 5497 367 360 5498 309 413 5499 363 356 5500 365 358 5501 361 354 5502 363 356 5503 309 413 5504 359 352 5505 361 354 5506 308 304 5507 357 350 5508 359 352 5509 307 303 5510 355 348 5511 357 350 5512 306 302 5513 323 316 5514 355 348 5515 305 301 5516 320 317 5517 323 316 5518 289 300 5519 417 414 5520 418 418 5521 419 415 5522 421 417 5523 422 420 5524 419 415 5525 423 419 5526 424 422 5527 422 420 5528 425 421 5529 426 424 5530 424 422 5531 427 423 5532 428 426 5533 426 424 5534 429 425 5535 430 428 5536 428 426 5537 429 425 5538 431 430 5539 432 427 5540 433 429 5541 434 432 5542 432 427 5543 435 431 5544 436 434 5545 434 432 5546 435 431 5547 437 436 5548 438 433 5549 439 435 5550 440 438 5551 438 433 5552 441 437 5553 442 440 5554 440 438 5555 443 439 5556 444 442 5557 442 440 5558 443 439 5559 445 443 5560 446 441 5561 445 443 5562 447 445 5563 448 444 5564 447 445 5565 449 474 5566 450 446 5567 420 416 5568 451 448 5569 452 447 5570 451 448 5571 453 450 5572 454 449 5573 453 450 5574 455 1187 5575 456 451 5576 456 451 5577 455 1187 5578 457 452 5579 458 453 5580 457 452 5581 459 454 5582 459 454 5583 461 457 5584 462 456 5585 461 457 5586 463 1192 5587 464 458 5588 464 458 5589 463 1192 5590 465 459 5591 466 460 5592 465 459 5593 467 461 5594 468 462 5595 467 461 5596 469 463 5597 470 464 5598 469 463 5599 471 465 5600 471 465 5601 473 1197 5602 474 467 5603 474 467 5604 473 1197 5605 475 468 5606 476 469 5607 475 468 5608 477 470 5609 478 471 5610 477 470 5611 479 472 5612 479 472 5613 450 446 5614 449 474 5615 482 475 5616 483 538 5617 484 476 5618 481 477 5619 484 476 5620 486 478 5621 485 479 5622 486 478 5623 488 480 5624 487 481 5625 488 480 5626 490 482 5627 491 484 5628 489 483 5629 490 482 5630 493 486 5631 491 484 5632 492 485 5633 493 486 5634 494 487 5635 496 488 5636 495 489 5637 496 488 5638 498 490 5639 497 491 5640 498 490 5641 500 492 5642 499 493 5643 500 492 5644 502 494 5645 501 495 5646 502 494 5647 504 496 5648 503 497 5649 504 496 5650 506 498 5651 505 499 5652 506 498 5653 508 500 5654 507 501 5655 508 500 5656 510 502 5657 511 504 5658 509 503 5659 510 502 5660 513 506 5661 511 504 5662 512 505 5663 515 508 5664 513 506 5665 514 507 5666 517 510 5667 515 508 5668 516 509 5669 519 512 5670 517 510 5671 518 511 5672 521 514 5673 519 512 5674 520 513 5675 523 516 5676 521 514 5677 522 515 5678 525 518 5679 523 516 5680 524 517 5681 527 520 5682 525 518 5683 526 519 5684 529 522 5685 527 520 5686 528 521 5687 531 524 5688 529 522 5689 530 523 5690 533 526 5691 531 524 5692 532 525 5693 535 528 5694 533 526 5695 534 527 5696 537 530 5697 535 528 5698 536 529 5699 539 532 5700 537 530 5701 538 531 5702 541 534 5703 539 532 5704 540 533 5705 541 534 5706 542 535 5707 544 536 5708 543 537 5709 544 536 5710 483 538 5711 545 539 5712 546 665 5713 547 540 5714 550 542 5715 551 548 5716 552 543 5717 553 545 5718 545 539 5719 548 541 5720 550 542 5721 555 551 5722 556 547 5723 553 545 5724 554 546 5725 558 549 5726 555 551 5727 559 555 5728 560 552 5729 561 553 5730 557 550 5731 558 549 5732 559 555 5733 563 560 5734 564 556 5735 561 553 5736 562 554 5737 566 557 5738 567 559 5739 568 564 5740 564 556 5741 565 558 5742 566 557 5743 570 561 5744 571 563 5745 572 568 5746 568 564 5747 569 562 5748 570 561 5749 574 565 5750 571 563 5751 575 571 5752 576 567 5753 573 566 5754 574 565 5755 578 569 5756 575 571 5757 579 575 5758 580 572 5759 577 570 5760 578 569 5761 582 573 5762 579 575 5763 583 579 5764 584 576 5765 581 574 5766 582 573 5767 586 577 5768 583 579 5769 587 583 5770 588 580 5771 585 578 5772 586 577 5773 590 581 5774 587 583 5775 591 587 5776 592 584 5777 589 582 5778 590 581 5779 594 585 5780 591 587 5781 595 591 5782 596 588 5783 597 589 5784 593 586 5785 594 585 5786 595 591 5787 599 595 5788 600 592 5789 601 593 5790 597 589 5791 598 590 5792 599 595 5793 603 600 5794 604 596 5795 605 597 5796 601 593 5797 602 594 5798 607 599 5799 608 604 5800 604 596 5801 609 601 5802 605 597 5803 606 598 5804 611 603 5805 612 608 5806 608 604 5807 613 605 5808 609 601 5809 610 602 5810 615 607 5811 616 612 5812 612 608 5813 617 609 5814 613 605 5815 614 606 5816 619 611 5817 620 616 5818 616 612 5819 621 613 5820 617 609 5821 618 610 5822 623 615 5823 624 620 5824 620 616 5825 625 617 5826 621 613 5827 622 614 5828 623 615 5829 627 624 5830 628 619 5831 629 621 5832 625 617 5833 626 618 5834 631 623 5835 632 628 5836 628 619 5837 633 625 5838 629 621 5839 630 622 5840 635 627 5841 636 632 5842 632 628 5843 637 629 5844 633 625 5845 634 626 5846 639 631 5847 640 636 5848 636 632 5849 641 633 5850 637 629 5851 638 630 5852 643 635 5853 644 640 5854 640 636 5855 645 637 5856 641 633 5857 642 634 5858 647 639 5859 648 644 5860 644 640 5861 649 641 5862 645 637 5863 646 638 5864 651 643 5865 652 648 5866 648 644 5867 653 645 5868 649 641 5869 650 642 5870 655 647 5871 656 652 5872 652 648 5873 657 649 5874 653 645 5875 654 646 5876 659 651 5877 660 656 5878 656 652 5879 661 653 5880 657 649 5881 658 650 5882 663 655 5883 664 660 5884 660 656 5885 665 657 5886 661 653 5887 662 654 5888 667 659 5889 668 664 5890 664 660 5891 669 661 5892 665 657 5893 666 658 5894 667 659 5895 671 666 5896 672 663 5897 546 665 5898 669 661 5899 670 662 5900 549 544 5901 552 543 5902 672 663 5903 559 555 5904 555 551 5905 673 667 5906 555 551 5907 550 542 5908 675 669 5909 550 542 5910 549 544 5911 676 670 5912 549 544 5913 671 666 5914 677 671 5915 671 666 5916 667 659 5917 678 672 5918 667 659 5919 663 655 5920 679 673 5921 659 651 5922 680 674 5923 679 673 5924 655 647 5925 681 675 5926 680 674 5927 651 643 5928 682 676 5929 681 675 5930 647 639 5931 683 677 5932 682 676 5933 643 635 5934 684 678 5935 683 677 5936 639 631 5937 685 679 5938 684 678 5939 635 627 5940 686 680 5941 685 679 5942 631 623 5943 687 681 5944 686 680 5945 627 624 5946 688 682 5947 687 681 5948 623 615 5949 689 698 5950 688 682 5951 563 560 5952 559 555 5953 674 668 5954 563 560 5955 690 683 5956 691 684 5957 567 559 5958 691 684 5959 692 685 5960 575 571 5961 571 563 5962 692 685 5963 579 575 5964 575 571 5965 693 686 5966 583 579 5967 579 575 5968 694 687 5969 587 583 5970 583 579 5971 695 688 5972 591 587 5973 587 583 5974 696 689 5975 595 591 5976 591 587 5977 697 690 5978 599 595 5979 595 591 5980 698 691 5981 603 600 5982 599 595 5983 699 692 5984 603 600 5985 700 693 5986 701 694 5987 607 599 5988 701 694 5989 702 695 5990 611 603 5991 702 695 5992 703 696 5993 615 607 5994 703 696 5995 704 697 5996 619 611 5997 704 697 5998 689 698 5999 705 699 6000 706 732 6001 707 700 6002 709 702 6003 705 699 6004 708 701 6005 711 704 6006 709 702 6007 710 703 6008 711 704 6009 712 705 6010 714 706 6011 713 707 6012 714 706 6013 716 708 6014 715 709 6015 716 708 6016 718 710 6017 717 711 6018 718 710 6019 720 712 6020 719 713 6021 720 712 6022 722 714 6023 723 716 6024 721 715 6025 722 714 6026 725 718 6027 723 716 6028 724 717 6029 725 718 6030 726 719 6031 728 720 6032 727 721 6033 728 720 6034 730 722 6035 729 723 6036 730 722 6037 732 724 6038 731 725 6039 732 724 6040 734 726 6041 733 727 6042 734 726 6043 736 728 6044 735 729 6045 736 728 6046 738 730 6047 706 732 6048 739 734 6049 740 733 6050 739 734 6051 741 736 6052 742 735 6053 741 736 6054 743 738 6055 744 737 6056 743 738 6057 745 740 6058 746 739 6059 745 740 6060 747 742 6061 748 741 6062 747 742 6063 749 744 6064 750 743 6065 749 744 6066 751 746 6067 752 745 6068 751 746 6069 753 749 6070 754 747 6071 755 748 6072 756 751 6073 754 747 6074 757 750 6075 758 753 6076 756 751 6077 759 752 6078 760 755 6079 758 753 6080 761 754 6081 762 757 6082 760 755 6083 763 756 6084 764 759 6085 762 757 6086 765 758 6087 766 761 6088 764 759 6089 767 760 6090 768 762 6091 766 761 6092 737 731 6093 738 730 6094 768 762 6095 770 763 6096 771 797 6097 772 764 6098 769 765 6099 772 764 6100 774 766 6101 773 767 6102 774 766 6103 776 768 6104 775 769 6105 776 768 6106 778 770 6107 777 771 6108 778 770 6109 780 772 6110 779 773 6111 780 772 6112 782 774 6113 781 775 6114 782 774 6115 784 776 6116 783 777 6117 784 776 6118 786 778 6119 785 779 6120 786 778 6121 788 780 6122 789 782 6123 787 781 6124 788 780 6125 791 784 6126 789 782 6127 790 783 6128 793 786 6129 791 784 6130 792 785 6131 795 788 6132 793 786 6133 794 787 6134 797 790 6135 795 788 6136 796 789 6137 799 792 6138 797 790 6139 798 791 6140 801 794 6141 799 792 6142 800 793 6143 803 796 6144 804 799 6145 771 797 6146 805 798 6147 806 801 6148 804 799 6149 807 800 6150 808 803 6151 806 801 6152 809 802 6153 810 805 6154 808 803 6155 811 804 6156 812 807 6157 810 805 6158 813 806 6159 814 809 6160 812 807 6161 815 808 6162 816 811 6163 814 809 6164 815 808 6165 817 812 6166 818 810 6167 817 812 6168 819 814 6169 820 813 6170 819 814 6171 821 816 6172 822 815 6173 821 816 6174 823 818 6175 824 817 6176 823 818 6177 825 820 6178 826 819 6179 825 820 6180 827 822 6181 828 821 6182 827 822 6183 829 824 6184 830 823 6185 829 824 6186 831 826 6187 832 825 6188 831 826 6189 801 794 6190 802 795 6191 771 797 6192 833 843 6193 834 827 6194 772 764 6195 834 827 6196 835 828 6197 774 766 6198 835 828 6199 836 829 6200 778 770 6201 776 768 6202 836 829 6203 780 772 6204 778 770 6205 837 830 6206 782 774 6207 780 772 6208 838 831 6209 782 774 6210 839 832 6211 840 833 6212 784 776 6213 840 833 6214 841 834 6215 786 778 6216 841 834 6217 842 835 6218 790 783 6219 788 780 6220 842 835 6221 792 785 6222 790 783 6223 843 836 6224 794 787 6225 792 785 6226 844 837 6227 796 789 6228 794 787 6229 845 838 6230 798 791 6231 796 789 6232 846 839 6233 800 793 6234 798 791 6235 847 840 6236 802 795 6237 800 793 6238 848 841 6239 804 799 6240 850 844 6241 833 843 6242 806 801 6243 851 845 6244 850 844 6245 808 803 6246 852 846 6247 851 845 6248 810 805 6249 853 847 6250 852 846 6251 812 807 6252 854 848 6253 853 847 6254 814 809 6255 855 849 6256 854 848 6257 816 811 6258 856 850 6259 855 849 6260 818 810 6261 857 852 6262 856 850 6263 818 810 6264 820 813 6265 858 851 6266 820 813 6267 822 815 6268 859 853 6269 822 815 6270 824 817 6271 860 854 6272 824 817 6273 826 819 6274 861 855 6275 826 819 6276 828 821 6277 862 856 6278 828 821 6279 830 823 6280 863 857 6281 830 823 6282 832 825 6283 864 858 6284 832 825 6285 802 795 6286 849 842 6287 866 859 6288 867 893 6289 868 860 6290 865 861 6291 868 860 6292 870 862 6293 869 863 6294 870 862 6295 872 864 6296 871 865 6297 872 864 6298 874 866 6299 873 867 6300 874 866 6301 876 868 6302 875 869 6303 876 868 6304 878 870 6305 877 871 6306 878 870 6307 880 872 6308 879 873 6309 880 872 6310 882 874 6311 883 876 6312 881 875 6313 882 874 6314 885 878 6315 883 876 6316 884 877 6317 887 880 6318 885 878 6319 886 879 6320 889 882 6321 887 880 6322 888 881 6323 891 884 6324 889 882 6325 890 883 6326 891 884 6327 892 885 6328 894 886 6329 893 887 6330 894 886 6331 896 888 6332 895 889 6333 896 888 6334 898 890 6335 899 892 6336 900 895 6337 867 893 6338 901 894 6339 902 897 6340 900 895 6341 903 896 6342 904 899 6343 902 897 6344 905 898 6345 906 901 6346 904 899 6347 907 900 6348 908 903 6349 906 901 6350 909 902 6351 910 905 6352 908 903 6353 909 902 6354 911 906 6355 912 904 6356 911 906 6357 913 908 6358 914 907 6359 913 908 6360 915 910 6361 916 909 6362 915 910 6363 917 912 6364 918 911 6365 917 912 6366 919 914 6367 920 913 6368 919 914 6369 921 916 6370 922 915 6371 921 916 6372 923 918 6373 924 917 6374 923 918 6375 925 920 6376 926 919 6377 925 920 6378 927 922 6379 928 921 6380 927 922 6381 897 891 6382 898 890 6383 930 923 6384 931 957 6385 932 924 6386 929 925 6387 932 924 6388 934 926 6389 933 927 6390 934 926 6391 936 928 6392 935 929 6393 936 928 6394 938 930 6395 937 931 6396 938 930 6397 940 932 6398 939 933 6399 940 932 6400 942 934 6401 943 936 6402 941 935 6403 942 934 6404 945 938 6405 943 936 6406 944 937 6407 947 940 6408 945 938 6409 946 939 6410 949 942 6411 947 940 6412 948 941 6413 951 944 6414 949 942 6415 950 943 6416 953 946 6417 951 944 6418 952 945 6419 953 946 6420 954 947 6421 956 948 6422 955 949 6423 956 948 6424 958 950 6425 957 951 6426 958 950 6427 960 952 6428 959 953 6429 960 952 6430 962 954 6431 963 956 6432 964 959 6433 931 957 6434 965 958 6435 966 961 6436 964 959 6437 967 960 6438 968 963 6439 966 961 6440 969 962 6441 970 965 6442 968 963 6443 971 964 6444 972 967 6445 970 965 6446 971 964 6447 973 968 6448 974 966 6449 973 968 6450 975 970 6451 976 969 6452 975 970 6453 977 972 6454 978 971 6455 977 972 6456 979 974 6457 980 973 6458 979 974 6459 981 976 6460 982 975 6461 981 976 6462 983 978 6463 984 977 6464 983 978 6465 985 980 6466 986 979 6467 985 980 6468 987 982 6469 988 981 6470 987 982 6471 989 984 6472 990 983 6473 989 984 6474 991 986 6475 992 985 6476 991 986 6477 961 955 6478 962 954 6479 931 957 6480 993 1003 6481 994 987 6482 934 926 6483 932 924 6484 994 987 6485 934 926 6486 995 988 6487 996 989 6488 938 930 6489 936 928 6490 996 989 6491 938 930 6492 997 990 6493 998 991 6494 942 934 6495 940 932 6496 998 991 6497 942 934 6498 999 992 6499 1000 993 6500 946 939 6501 944 937 6502 1000 993 6503 946 939 6504 1001 994 6505 1002 995 6506 950 943 6507 948 941 6508 1002 995 6509 950 943 6510 1003 996 6511 1004 997 6512 954 947 6513 952 945 6514 1004 997 6515 954 947 6516 1005 998 6517 1006 999 6518 958 950 6519 956 948 6520 1006 999 6521 958 950 6522 1007 1000 6523 1008 1001 6524 962 954 6525 960 952 6526 1008 1001 6527 964 959 6528 1010 1004 6529 993 1003 6530 966 961 6531 1011 1005 6532 1010 1004 6533 968 963 6534 1012 1006 6535 1011 1005 6536 970 965 6537 1013 1008 6538 1012 1006 6539 970 965 6540 972 967 6541 1014 1007 6542 974 966 6543 1015 1010 6544 1014 1007 6545 974 966 6546 976 969 6547 1016 1009 6548 978 971 6549 1017 1012 6550 1016 1009 6551 978 971 6552 980 973 6553 1018 1011 6554 980 973 6555 982 975 6556 1019 1013 6557 982 975 6558 984 977 6559 1020 1014 6560 986 979 6561 1021 1016 6562 1020 1014 6563 986 979 6564 988 981 6565 1022 1015 6566 990 983 6567 1023 1018 6568 1022 1015 6569 990 983 6570 992 985 6571 1024 1017 6572 962 954 6573 1009 1002 6574 1024 1017 6575 995 988 6576 994 987 6577 993 1003 6578 997 990 6579 996 989 6580 995 988 6581 999 992 6582 998 991 6583 997 990 6584 1001 994 6585 1000 993 6586 999 992 6587 1003 996 6588 1002 995 6589 1001 994 6590 1005 998 6591 1004 997 6592 1003 996 6593 1007 1000 6594 1006 999 6595 1005 998 6596 1009 1002 6597 1008 1001 6598 1007 1000 6599 993 1003 6600 1010 1004 6601 1011 1005 6602 1011 1005 6603 1012 1006 6604 1013 1008 6605 1013 1008 6606 1014 1007 6607 1015 1010 6608 1015 1010 6609 1016 1009 6610 1017 1012 6611 1017 1012 6612 1018 1011 6613 1019 1013 6614 1019 1013 6615 1020 1014 6616 1021 1016 6617 1021 1016 6618 1022 1015 6619 1023 1018 6620 1023 1018 6621 1024 1017 6622 1009 1002 6623 418 418 6624 417 414 6625 1026 1020 6626 769 765 6627 1028 1024 6628 1029 1022 6629 421 417 6630 418 418 6631 1027 1021 6632 773 767 6633 1031 1026 6634 1028 1024 6635 423 419 6636 421 417 6637 1030 1023 6638 775 769 6639 1033 1028 6640 1031 1026 6641 423 419 6642 1032 1025 6643 1034 1027 6644 777 771 6645 1035 1030 6646 1033 1028 6647 425 421 6648 1034 1027 6649 1036 1029 6650 779 773 6651 1037 1032 6652 1035 1030 6653 427 423 6654 1036 1029 6655 1038 1031 6656 781 775 6657 1039 1034 6658 1037 1032 6659 429 425 6660 1038 1031 6661 1040 1033 6662 783 777 6663 1041 1036 6664 1039 1034 6665 431 430 6666 1040 1033 6667 1042 1035 6668 785 779 6669 1043 1038 6670 1041 1036 6671 435 431 6672 433 429 6673 1042 1035 6674 787 781 6675 1045 1041 6676 1043 1038 6677 437 436 6678 435 431 6679 1044 1037 6680 787 781 6681 789 782 6682 1047 1040 6683 437 436 6684 1046 1039 6685 1048 1042 6686 789 782 6687 791 784 6688 1049 1043 6689 439 435 6690 1048 1042 6691 1050 1044 6692 791 784 6693 793 786 6694 1051 1045 6695 441 437 6696 1050 1044 6697 1052 1046 6698 793 786 6699 795 788 6700 1053 1047 6701 445 443 6702 443 439 6703 1052 1046 6704 795 788 6705 797 790 6706 1055 1049 6707 447 445 6708 445 443 6709 1054 1048 6710 797 790 6711 799 792 6712 1057 1051 6713 447 445 6714 1056 1050 6715 1058 1052 6716 799 792 6717 801 794 6718 1059 1053 6719 417 414 6720 452 447 6721 1060 1054 6722 770 763 6723 1029 1022 6724 1061 1055 6725 452 447 6726 454 449 6727 1062 1056 6728 803 796 6729 1061 1055 6730 1063 1057 6731 454 449 6732 456 451 6733 1064 1058 6734 805 798 6735 1063 1057 6736 1065 1059 6737 456 451 6738 458 453 6739 1066 1060 6740 807 800 6741 1065 1059 6742 1067 1061 6743 458 453 6744 460 455 6745 1068 1062 6746 809 802 6747 1067 1061 6748 1069 1063 6749 460 455 6750 462 456 6751 1070 1064 6752 813 806 6753 811 804 6754 1069 1063 6755 462 456 6756 464 458 6757 1072 1066 6758 815 808 6759 813 806 6760 1071 1065 6761 464 458 6762 466 460 6763 1074 1068 6764 817 812 6765 815 808 6766 1073 1067 6767 466 460 6768 468 462 6769 1076 1070 6770 819 814 6771 817 812 6772 1075 1069 6773 470 464 6774 1078 1073 6775 1076 1070 6776 821 816 6777 819 814 6778 1077 1071 6779 472 466 6780 1080 1075 6781 1078 1073 6782 823 818 6783 821 816 6784 1079 1072 6785 474 467 6786 1082 1077 6787 1080 1075 6788 825 820 6789 823 818 6790 1081 1074 6791 476 469 6792 1084 1079 6793 1082 1077 6794 827 822 6795 825 820 6796 1083 1076 6797 478 471 6798 1086 1081 6799 1084 1079 6800 829 824 6801 827 822 6802 1085 1078 6803 480 473 6804 1088 1083 6805 1086 1081 6806 831 826 6807 829 824 6808 1087 1080 6809 449 474 6810 1058 1052 6811 1088 1083 6812 801 794 6813 831 826 6814 1089 1082 6815 674 668 6816 673 667 6817 66 62 6818 690 683 6819 674 668 6820 65 65 6821 690 683 6822 69 67 6823 71 1084 6824 691 684 6825 71 1084 6826 73 68 6827 693 686 6828 692 685 6829 73 68 6830 694 687 6831 693 686 6832 75 70 6833 695 688 6834 694 687 6835 77 72 6836 696 689 6837 695 688 6838 79 74 6839 697 690 6840 696 689 6841 81 76 6842 698 691 6843 697 690 6844 83 78 6845 699 692 6846 698 691 6847 85 80 6848 699 692 6849 87 84 6850 89 86 6851 700 693 6852 89 86 6853 91 1085 6854 701 694 6855 91 1085 6856 93 87 6857 702 695 6858 93 87 6859 95 89 6860 703 696 6861 95 89 6862 97 93 6863 704 697 6864 97 93 6865 99 95 6866 689 698 6867 99 95 6868 101 97 6869 688 682 6870 101 97 6871 103 99 6872 687 681 6873 103 99 6874 105 101 6875 686 680 6876 105 101 6877 107 103 6878 685 679 6879 107 103 6880 109 105 6881 684 678 6882 109 105 6883 111 107 6884 683 677 6885 111 107 6886 113 109 6887 682 676 6888 113 109 6889 115 111 6890 681 675 6891 115 111 6892 117 113 6893 680 674 6894 117 113 6895 119 115 6896 679 673 6897 119 115 6898 121 1086 6899 677 671 6900 678 672 6901 121 1086 6902 676 670 6903 677 671 6904 123 116 6905 675 669 6906 676 670 6907 125 118 6908 673 667 6909 675 669 6910 127 121 6911 1091 1087 6912 1092 1150 6913 1093 1088 6914 1090 1089 6915 1093 1088 6916 1095 1090 6917 1096 1092 6918 1094 1091 6919 1095 1090 6920 1098 1094 6921 1096 1092 6922 1097 1093 6923 1098 1094 6924 1099 1095 6925 1101 1096 6926 1100 1097 6927 1101 1096 6928 1103 1098 6929 1102 1099 6930 1103 1098 6931 1105 1100 6932 1104 1101 6933 1105 1100 6934 1107 1102 6935 1106 1103 6936 1107 1102 6937 1109 1104 6938 1108 1105 6939 1109 1104 6940 1111 1106 6941 1110 1107 6942 1111 1106 6943 1113 1108 6944 1114 1110 6945 1112 1109 6946 1113 1108 6947 1116 1112 6948 1114 1110 6949 1115 1111 6950 1118 1114 6951 1116 1112 6952 1117 1113 6953 1120 1116 6954 1118 1114 6955 1119 1115 6956 1122 1118 6957 1120 1116 6958 1121 1117 6959 1124 1120 6960 1122 1118 6961 1123 1119 6962 1126 1122 6963 1124 1120 6964 1125 1121 6965 1128 1124 6966 1126 1122 6967 1127 1123 6968 1130 1126 6969 1128 1124 6970 1129 1125 6971 1132 1128 6972 1130 1126 6973 1131 1127 6974 1134 1130 6975 1132 1128 6976 1133 1129 6977 1136 1132 6978 1134 1130 6979 1135 1131 6980 1138 1134 6981 1136 1132 6982 1137 1133 6983 1140 1136 6984 1138 1134 6985 1139 1135 6986 1142 1138 6987 1140 1136 6988 1141 1137 6989 1144 1140 6990 1142 1138 6991 1143 1139 6992 1144 1140 6993 1145 1141 6994 1147 1142 6995 1146 1143 6996 1147 1142 6997 1149 1144 6998 1148 1145 6999 1149 1144 7000 1151 1146 7001 1150 1147 7002 1151 1146 7003 1153 1148 7004 1152 1149 7005 1153 1148 7006 1092 1150 7007 486 478 7008 1091 1087 7009 1090 1089 7010 488 480 7011 1090 1089 7012 1094 1091 7013 492 485 7014 490 482 7015 1094 1091 7016 494 487 7017 492 485 7018 1096 1092 7019 494 487 7020 1098 1094 7021 1100 1097 7022 496 488 7023 1100 1097 7024 1102 1099 7025 498 490 7026 1102 1099 7027 1104 1101 7028 500 492 7029 1104 1101 7030 1106 1103 7031 502 494 7032 1106 1103 7033 1108 1105 7034 504 496 7035 1108 1105 7036 1110 1107 7037 506 498 7038 1110 1107 7039 1112 1109 7040 510 502 7041 508 500 7042 1112 1109 7043 512 505 7044 510 502 7045 1114 1110 7046 514 507 7047 512 505 7048 1116 1112 7049 516 509 7050 514 507 7051 1118 1114 7052 518 511 7053 516 509 7054 1120 1116 7055 520 513 7056 518 511 7057 1122 1118 7058 522 515 7059 520 513 7060 1124 1120 7061 524 517 7062 522 515 7063 1126 1122 7064 526 519 7065 524 517 7066 1128 1124 7067 528 521 7068 526 519 7069 1130 1126 7070 530 523 7071 528 521 7072 1132 1128 7073 532 525 7074 530 523 7075 1134 1130 7076 534 527 7077 532 525 7078 1136 1132 7079 536 529 7080 534 527 7081 1138 1134 7082 538 531 7083 536 529 7084 1140 1136 7085 540 533 7086 538 531 7087 1142 1138 7088 540 533 7089 1144 1140 7090 1146 1143 7091 542 535 7092 1146 1143 7093 1148 1145 7094 544 536 7095 1148 1145 7096 1150 1147 7097 483 538 7098 1150 1147 7099 1152 1149 7100 484 476 7101 1152 1149 7102 1091 1087 7103 1154 1151 7104 1155 1182 7105 553 545 7106 1156 1152 7107 1154 1151 7108 557 550 7109 1157 1153 7110 1156 1152 7111 561 553 7112 1158 1154 7113 1157 1153 7114 565 558 7115 1158 1154 7116 569 562 7117 573 566 7118 1159 1155 7119 573 566 7120 577 570 7121 1160 1156 7122 577 570 7123 581 574 7124 1161 1157 7125 581 574 7126 585 578 7127 1162 1158 7128 585 578 7129 589 582 7130 1164 1160 7131 1163 1159 7132 589 582 7133 1165 1161 7134 1164 1160 7135 593 586 7136 1166 1162 7137 1165 1161 7138 597 589 7139 1167 1163 7140 1166 1162 7141 601 593 7142 1167 1163 7143 605 597 7144 609 601 7145 1168 1164 7146 609 601 7147 613 605 7148 1170 1166 7149 1169 1165 7150 613 605 7151 1171 1167 7152 1170 1166 7153 617 609 7154 1172 1168 7155 1171 1167 7156 621 613 7157 1173 1169 7158 1172 1168 7159 625 617 7160 1174 1170 7161 1173 1169 7162 629 621 7163 1175 1171 7164 1174 1170 7165 633 625 7166 1176 1172 7167 1175 1171 7168 637 629 7169 1177 1173 7170 1176 1172 7171 641 633 7172 1178 1174 7173 1177 1173 7174 645 637 7175 1179 1175 7176 1178 1174 7177 649 641 7178 1180 1176 7179 1179 1175 7180 653 645 7181 1181 1177 7182 1180 1176 7183 657 649 7184 1182 1178 7185 1181 1177 7186 661 653 7187 1182 1178 7188 665 657 7189 669 661 7190 1183 1179 7191 669 661 7192 546 665 7193 1185 1181 7194 1184 1180 7195 546 665 7196 1155 1182 7197 1185 1181 7198 545 539 7199 554 546 7200 485 479 7201 487 481 7202 558 549 7203 487 481 7204 489 483 7205 566 557 7206 562 554 7207 489 483 7208 566 557 7209 491 484 7210 493 486 7211 570 561 7212 493 486 7213 495 489 7214 574 565 7215 495 489 7216 497 491 7217 578 569 7218 497 491 7219 499 493 7220 582 573 7221 499 493 7222 501 495 7223 586 577 7224 501 495 7225 503 497 7226 590 581 7227 503 497 7228 505 499 7229 594 585 7230 505 499 7231 507 501 7232 598 590 7233 507 501 7234 509 503 7235 606 598 7236 602 594 7237 509 503 7238 610 602 7239 606 598 7240 511 504 7241 614 606 7242 610 602 7243 513 506 7244 618 610 7245 614 606 7246 515 508 7247 618 610 7248 517 510 7249 519 512 7250 622 614 7251 519 512 7252 521 514 7253 630 622 7254 626 618 7255 521 514 7256 634 626 7257 630 622 7258 523 516 7259 638 630 7260 634 626 7261 525 518 7262 642 634 7263 638 630 7264 527 520 7265 646 638 7266 642 634 7267 529 522 7268 650 642 7269 646 638 7270 531 524 7271 654 646 7272 650 642 7273 533 526 7274 658 650 7275 654 646 7276 535 528 7277 662 654 7278 658 650 7279 537 530 7280 666 658 7281 662 654 7282 539 532 7283 670 662 7284 666 658 7285 541 534 7286 547 540 7287 670 662 7288 543 537 7289 548 541 7290 547 540 7291 482 475 7292 548 541 7293 481 477 7294 485 479 7295 419 415 7296 1186 1217 7297 1187 1183 7298 451 448 7299 420 416 7300 1187 1183 7301 451 448 7302 1188 1184 7303 1189 1185 7304 453 450 7305 1189 1185 7306 1190 1186 7307 455 1187 7308 1190 1186 7309 1191 1188 7310 459 454 7311 457 452 7312 1191 1188 7313 459 454 7314 1192 1189 7315 1193 1190 7316 461 457 7317 1193 1190 7318 1194 1191 7319 463 1192 7320 1194 1191 7321 1195 1193 7322 465 459 7323 1195 1193 7324 1196 1194 7325 467 461 7326 1196 1194 7327 1197 1195 7328 469 463 7329 1197 1195 7330 1198 1196 7331 473 1197 7332 471 465 7333 1198 1196 7334 475 468 7335 473 1197 7336 1199 1198 7337 477 470 7338 475 468 7339 1200 1199 7340 479 472 7341 477 470 7342 1201 1200 7343 450 446 7344 479 472 7345 1202 1201 7346 448 444 7347 450 446 7348 1203 1202 7349 448 444 7350 1204 1203 7351 1205 1204 7352 446 441 7353 1205 1204 7354 1206 1205 7355 444 442 7356 1206 1205 7357 1207 1206 7358 442 440 7359 1207 1206 7360 1208 1207 7361 440 438 7362 1208 1207 7363 1209 1208 7364 438 433 7365 1209 1208 7366 1210 1209 7367 436 434 7368 1210 1209 7369 1211 1210 7370 432 427 7371 434 432 7372 1211 1210 7373 430 428 7374 432 427 7375 1212 1211 7376 428 426 7377 430 428 7378 1213 1212 7379 426 424 7380 428 426 7381 1214 1213 7382 426 424 7383 1215 1214 7384 1216 1215 7385 424 422 7386 1216 1215 7387 1217 1216 7388 422 420 7389 1217 1216 7390 1186 1217 7391 1030 1023 7392 1027 1021 7393 1218 1218 7394 1032 1025 7395 1030 1023 7396 1219 1219 7397 1034 1027 7398 1032 1025 7399 1220 1220 7400 1036 1029 7401 1034 1027 7402 1221 1221 7403 1038 1031 7404 1036 1029 7405 1222 1222 7406 1040 1033 7407 1038 1031 7408 1223 1223 7409 1042 1035 7410 1040 1033 7411 1224 1224 7412 1044 1037 7413 1042 1035 7414 1225 1225 7415 1046 1039 7416 1044 1037 7417 1226 1226 7418 1046 1039 7419 1227 1227 7420 1228 1228 7421 1048 1042 7422 1228 1228 7423 1229 1229 7424 1050 1044 7425 1229 1229 7426 1230 1230 7427 1054 1048 7428 1052 1046 7429 1230 1230 7430 1056 1050 7431 1054 1048 7432 1231 1231 7433 1056 1050 7434 1232 1232 7435 1233 1233 7436 1058 1052 7437 1233 1233 7438 1234 1234 7439 1088 1083 7440 1234 1234 7441 1235 1235 7442 1086 1081 7443 1235 1235 7444 1236 1236 7445 1084 1079 7446 1236 1236 7447 1237 1237 7448 1082 1077 7449 1237 1237 7450 1238 1238 7451 1080 1075 7452 1238 1238 7453 1239 1239 7454 1078 1073 7455 1239 1239 7456 1240 1240 7457 1076 1070 7458 1240 1240 7459 1241 1241 7460 1074 1068 7461 1241 1241 7462 1242 1242 7463 1072 1066 7464 1242 1242 7465 1243 1243 7466 1068 1062 7467 1070 1064 7468 1243 1243 7469 1066 1060 7470 1068 1062 7471 1244 1244 7472 1064 1058 7473 1066 1060 7474 1245 1245 7475 1062 1056 7476 1064 1058 7477 1246 1246 7478 1060 1054 7479 1062 1056 7480 1247 1247 7481 1026 1020 7482 1060 1054 7483 1248 1248 7484 1027 1021 7485 1026 1020 7486 1249 1249 7487 1219 1219 7488 1218 1218 7489 705 699 7490 1220 1220 7491 1219 1219 7492 709 702 7493 1221 1221 7494 1220 1220 7495 711 704 7496 1221 1221 7497 713 707 7498 715 709 7499 1222 1222 7500 715 709 7501 717 711 7502 1224 1224 7503 1223 1223 7504 717 711 7505 1225 1225 7506 1224 1224 7507 719 713 7508 1226 1226 7509 1225 1225 7510 721 715 7511 1227 1227 7512 1226 1226 7513 723 716 7514 1227 1227 7515 725 718 7516 727 721 7517 1228 1228 7518 727 721 7519 729 723 7520 1229 1229 7521 729 723 7522 731 725 7523 1230 1230 7524 731 725 7525 733 727 7526 1232 1232 7527 1231 1231 7528 733 727 7529 1232 1232 7530 735 729 7531 737 731 7532 1233 1233 7533 737 731 7534 767 760 7535 1234 1234 7536 767 760 7537 765 758 7538 1235 1235 7539 765 758 7540 763 756 7541 1236 1236 7542 763 756 7543 761 754 7544 1237 1237 7545 761 754 7546 759 752 7547 1238 1238 7548 759 752 7549 757 750 7550 1239 1239 7551 757 750 7552 755 748 7553 1240 1240 7554 755 748 7555 753 749 7556 1241 1241 7557 753 749 7558 751 746 7559 1243 1243 7560 1242 1242 7561 751 746 7562 1244 1244 7563 1243 1243 7564 749 744 7565 1245 1245 7566 1244 1244 7567 747 742 7568 1246 1246 7569 1245 1245 7570 745 740 7571 1247 1247 7572 1246 1246 7573 743 738 7574 1248 1248 7575 1247 1247 7576 741 736 7577 1249 1249 7578 1248 1248 7579 739 734 7580 1218 1218 7581 1249 1249 7582 706 732 7583 710 703 7584 708 701 7585 1250 1250 7586 712 705 7587 710 703 7588 1251 1251 7589 712 705 7590 1252 1252 7591 1253 1253 7592 714 706 7593 1253 1253 7594 1254 1254 7595 716 708 7596 1254 1254 7597 1255 1255 7598 718 710 7599 1255 1255 7600 1256 1256 7601 722 714 7602 720 712 7603 1256 1256 7604 724 717 7605 722 714 7606 1257 1257 7607 726 719 7608 724 717 7609 1258 1258 7610 726 719 7611 1259 1259 7612 1260 1260 7613 728 720 7614 1260 1260 7615 1261 1261 7616 730 722 7617 1261 1261 7618 1262 1262 7619 732 724 7620 1262 1262 7621 1263 1263 7622 734 726 7623 1263 1263 7624 1264 1264 7625 736 728 7626 1264 1264 7627 1265 1265 7628 738 730 7629 1265 1265 7630 1266 1266 7631 766 761 7632 768 762 7633 1266 1266 7634 764 759 7635 766 761 7636 1267 1267 7637 764 759 7638 1268 1268 7639 1269 1269 7640 762 757 7641 1269 1269 7642 1270 1270 7643 760 755 7644 1270 1270 7645 1271 1271 7646 758 753 7647 1271 1271 7648 1272 1272 7649 756 751 7650 1272 1272 7651 1273 1273 7652 752 745 7653 754 747 7654 1273 1273 7655 750 743 7656 752 745 7657 1274 1274 7658 748 741 7659 750 743 7660 1275 1275 7661 746 739 7662 748 741 7663 1276 1276 7664 744 737 7665 746 739 7666 1277 1277 7667 742 735 7668 744 737 7669 1278 1278 7670 740 733 7671 742 735 7672 1279 1279 7673 707 700 7674 740 733 7675 1280 1280 7676 708 701 7677 707 700 7678 1281 1281 7679 1251 1251 7680 1250 1250 7681 1028 1024 7682 1251 1251 7683 1031 1026 7684 1033 1028 7685 1252 1252 7686 1033 1028 7687 1035 1030 7688 1253 1253 7689 1035 1030 7690 1037 1032 7691 1254 1254 7692 1037 1032 7693 1039 1034 7694 1255 1255 7695 1039 1034 7696 1041 1036 7697 1257 1257 7698 1256 1256 7699 1041 1036 7700 1257 1257 7701 1043 1038 7702 1045 1041 7703 1258 1258 7704 1045 1041 7705 1047 1040 7706 1259 1259 7707 1047 1040 7708 1049 1043 7709 1260 1260 7710 1049 1043 7711 1051 1045 7712 1261 1261 7713 1051 1045 7714 1053 1047 7715 1262 1262 7716 1053 1047 7717 1055 1049 7718 1263 1263 7719 1055 1049 7720 1057 1051 7721 1264 1264 7722 1057 1051 7723 1059 1053 7724 1265 1265 7725 1059 1053 7726 1089 1082 7727 1267 1267 7728 1266 1266 7729 1089 1082 7730 1268 1268 7731 1267 1267 7732 1087 1080 7733 1268 1268 7734 1085 1078 7735 1083 1076 7736 1269 1269 7737 1083 1076 7738 1081 1074 7739 1270 1270 7740 1081 1074 7741 1079 1072 7742 1272 1272 7743 1271 1271 7744 1079 1072 7745 1273 1273 7746 1272 1272 7747 1077 1071 7748 1274 1274 7749 1273 1273 7750 1075 1069 7751 1275 1275 7752 1274 1274 7753 1073 1067 7754 1276 1276 7755 1275 1275 7756 1071 1065 7757 1277 1277 7758 1276 1276 7759 1069 1063 7760 1278 1278 7761 1277 1277 7762 1067 1061 7763 1279 1279 7764 1278 1278 7765 1065 1059 7766 1280 1280 7767 1279 1279 7768 1063 1057 7769 1281 1281 7770 1280 1280 7771 1061 1055 7772 1250 1250 7773 1281 1281 7774 1029 1022 7775 1283 1282 7776 865 861 7777 869 863 7778 1282 1283 7779 869 863 7780 871 865 7781 1284 1284 7782 871 865 7783 873 867 7784 1286 1286 7785 1285 1285 7786 873 867 7787 1287 1287 7788 1286 1286 7789 875 869 7790 1288 1288 7791 1287 1287 7792 877 871 7793 1289 1289 7794 1288 1288 7795 879 873 7796 1289 1289 7797 881 875 7798 883 876 7799 1290 1290 7800 883 876 7801 885 878 7802 1292 1292 7803 1291 1291 7804 885 878 7805 1293 1293 7806 1292 1292 7807 887 880 7808 1294 1294 7809 1293 1293 7810 889 882 7811 1294 1294 7812 891 884 7813 893 887 7814 1295 1295 7815 893 887 7816 895 889 7817 1297 1297 7818 1296 1296 7819 895 889 7820 1298 1298 7821 1297 1297 7822 897 891 7823 1299 1299 7824 1298 1298 7825 927 922 7826 1300 1300 7827 1299 1299 7828 925 920 7829 1301 1301 7830 1300 1300 7831 923 918 7832 1302 1302 7833 1301 1301 7834 921 916 7835 1303 1303 7836 1302 1302 7837 919 914 7838 1304 1304 7839 1303 1303 7840 917 912 7841 1305 1305 7842 1304 1304 7843 915 910 7844 1305 1305 7845 913 908 7846 911 906 7847 1306 1306 7848 911 906 7849 909 902 7850 1307 1307 7851 909 902 7852 907 900 7853 1308 1308 7854 907 900 7855 905 898 7856 1309 1309 7857 905 898 7858 903 896 7859 1310 1310 7860 903 896 7861 901 894 7862 1311 1311 7863 901 894 7864 899 892 7865 1312 1312 7866 899 892 7867 866 859 7868 1313 1313 7869 866 859 7870 865 861 7871 868 860 7872 929 925 7873 933 927 7874 870 862 7875 933 927 7876 935 929 7877 872 864 7878 935 929 7879 937 931 7880 874 866 7881 937 931 7882 939 933 7883 876 868 7884 939 933 7885 941 935 7886 878 870 7887 941 935 7888 943 936 7889 882 874 7890 880 872 7891 943 936 7892 884 877 7893 882 874 7894 945 938 7895 886 879 7896 884 877 7897 947 940 7898 888 881 7899 886 879 7900 949 942 7901 890 883 7902 888 881 7903 951 944 7904 890 883 7905 953 946 7906 955 949 7907 892 885 7908 955 949 7909 957 951 7910 894 886 7911 957 951 7912 959 953 7913 896 888 7914 959 953 7915 961 955 7916 928 921 7917 898 890 7918 961 955 7919 926 919 7920 928 921 7921 991 986 7922 924 917 7923 926 919 7924 989 984 7925 922 915 7926 924 917 7927 987 982 7928 920 913 7929 922 915 7930 985 980 7931 918 911 7932 920 913 7933 983 978 7934 916 909 7935 918 911 7936 981 976 7937 914 907 7938 916 909 7939 979 974 7940 912 904 7941 914 907 7942 977 972 7943 910 905 7944 912 904 7945 975 970 7946 908 903 7947 910 905 7948 973 968 7949 908 903 7950 971 964 7951 969 962 7952 906 901 7953 969 962 7954 967 960 7955 904 899 7956 967 960 7957 965 958 7958 902 897 7959 965 958 7960 963 956 7961 900 895 7962 963 956 7963 930 923 7964 867 893 7965 930 923 7966 929 925 7967 834 827 7968 1283 1282 7969 1282 1283 7970 835 828 7971 1282 1283 7972 1284 1284 7973 837 830 7974 836 829 7975 1284 1284 7976 838 831 7977 837 830 7978 1285 1285 7979 839 832 7980 838 831 7981 1286 1286 7982 840 833 7983 839 832 7984 1287 1287 7985 841 834 7986 840 833 7987 1288 1288 7988 841 834 7989 1289 1289 7990 1290 1290 7991 842 835 7992 1290 1290 7993 1291 1291 7994 844 837 7995 843 836 7996 1291 1291 7997 845 838 7998 844 837 7999 1292 1292 8000 846 839 8001 845 838 8002 1293 1293 8003 847 840 8004 846 839 8005 1294 1294 8006 848 841 8007 847 840 8008 1295 1295 8009 849 842 8010 848 841 8011 1296 1296 8012 864 858 8013 849 842 8014 1297 1297 8015 863 857 8016 864 858 8017 1298 1298 8018 862 856 8019 863 857 8020 1299 1299 8021 861 855 8022 862 856 8023 1300 1300 8024 860 854 8025 861 855 8026 1301 1301 8027 859 853 8028 860 854 8029 1302 1302 8030 858 851 8031 859 853 8032 1303 1303 8033 857 852 8034 858 851 8035 1304 1304 8036 857 852 8037 1305 1305 8038 1306 1306 8039 856 850 8040 1306 1306 8041 1307 1307 8042 855 849 8043 1307 1307 8044 1308 1308 8045 854 848 8046 1308 1308 8047 1309 1309 8048 853 847 8049 1309 1309 8050 1310 1310 8051 852 846 8052 1310 1310 8053 1311 1311 8054 851 845 8055 1311 1311 8056 1312 1312 8057 850 844 8058 1312 1312 8059 1313 1313 8060 833 843 8061 1313 1313 8062 1283 1282 8063 556 547 8064 560 552 8065 1093 1088 8066 556 547 8067 1092 1150 8068 1153 1148 8069 551 548 8070 1153 1148 8071 1151 1146 8072 552 543 8073 1151 1146 8074 1149 1144 8075 672 663 8076 1149 1144 8077 1147 1142 8078 668 664 8079 1147 1142 8080 1145 1141 8081 664 660 8082 1145 1141 8083 1143 1139 8084 660 656 8085 1143 1139 8086 1141 1137 8087 652 648 8088 656 652 8089 1141 1137 8090 648 644 8091 652 648 8092 1139 1135 8093 644 640 8094 648 644 8095 1137 1133 8096 640 636 8097 644 640 8098 1135 1131 8099 636 632 8100 640 636 8101 1133 1129 8102 632 628 8103 636 632 8104 1131 1127 8105 628 619 8106 632 628 8107 1129 1125 8108 624 620 8109 628 619 8110 1127 1123 8111 620 616 8112 624 620 8113 1125 1121 8114 616 612 8115 620 616 8116 1123 1119 8117 616 612 8118 1121 1117 8119 1119 1115 8120 612 608 8121 1119 1115 8122 1117 1113 8123 604 596 8124 608 604 8125 1117 1113 8126 600 592 8127 604 596 8128 1115 1111 8129 596 588 8130 600 592 8131 1113 1108 8132 596 588 8133 1111 1106 8134 1109 1104 8135 592 584 8136 1109 1104 8137 1107 1102 8138 588 580 8139 1107 1102 8140 1105 1100 8141 580 572 8142 584 576 8143 1105 1100 8144 576 567 8145 580 572 8146 1103 1098 8147 576 567 8148 1101 1096 8149 1099 1095 8150 572 568 8151 1099 1095 8152 1097 1093 8153 568 564 8154 1097 1093 8155 1095 1090 8156 560 552 8157 564 556 8158 1095 1090 8159 1314 1314 8160 1315 1345 8161 1170 1166 8162 1316 1315 8163 1314 1314 8164 1171 1167 8165 1317 1316 8166 1316 1315 8167 1172 1168 8168 1318 1317 8169 1317 1316 8170 1173 1169 8171 1319 1318 8172 1318 1317 8173 1174 1170 8174 1320 1319 8175 1319 1318 8176 1175 1171 8177 1321 1320 8178 1320 1319 8179 1176 1172 8180 1322 1321 8181 1321 1320 8182 1177 1173 8183 1323 1322 8184 1322 1321 8185 1178 1174 8186 1324 1323 8187 1323 1322 8188 1179 1175 8189 1325 1324 8190 1324 1323 8191 1180 1176 8192 1325 1324 8193 1181 1177 8194 1182 1178 8195 1326 1325 8196 1182 1178 8197 1183 1179 8198 1327 1326 8199 1183 1179 8200 1184 1180 8201 1328 1327 8202 1184 1180 8203 1185 1181 8204 1330 1329 8205 1329 1328 8206 1185 1181 8207 1331 1330 8208 1330 1329 8209 1155 1182 8210 1332 1331 8211 1331 1330 8212 1154 1151 8213 1333 1332 8214 1332 1331 8215 1156 1152 8216 1334 1333 8217 1333 1332 8218 1157 1153 8219 1334 1333 8220 1158 1154 8221 1159 1155 8222 1335 1334 8223 1159 1155 8224 1160 1156 8225 1337 1336 8226 1336 1335 8227 1160 1156 8228 1338 1337 8229 1337 1336 8230 1161 1157 8231 1339 1338 8232 1338 1337 8233 1162 1158 8234 1340 1339 8235 1339 1338 8236 1163 1159 8237 1341 1340 8238 1340 1339 8239 1164 1160 8240 1342 1341 8241 1341 1340 8242 1165 1161 8243 1343 1342 8244 1342 1341 8245 1166 1162 8246 1344 1343 8247 1343 1342 8248 1167 1163 8249 1344 1343 8250 1168 1164 8251 1169 1165 8252 1345 1344 8253 1169 1165 8254 1170 1166 8255 1347 1346 8256 1315 1345 8257 1314 1314 8258 1348 1348 8259 1346 1347 8260 1314 1314 8261 1349 1349 8262 1348 1348 8263 1316 1315 8264 1350 1350 8265 1349 1349 8266 1317 1316 8267 1351 1351 8268 1350 1350 8269 1318 1317 8270 1352 1352 8271 1351 1351 8272 1319 1318 8273 1353 1353 8274 1352 1352 8275 1320 1319 8276 1353 1353 8277 1321 1320 8278 1322 1321 8279 1354 1354 8280 1322 1321 8281 1323 1322 8282 1355 1355 8283 1323 1322 8284 1324 1323 8285 1356 1356 8286 1324 1323 8287 1325 1324 8288 1358 1358 8289 1357 1357 8290 1325 1324 8291 1358 1358 8292 1326 1325 8293 1327 1326 8294 1359 1359 8295 1327 1326 8296 1328 1327 8297 1360 1360 8298 1328 1327 8299 1329 1328 8300 1361 1361 8301 1329 1328 8302 1330 1329 8303 1363 1363 8304 1362 1362 8305 1330 1329 8306 1364 1364 8307 1363 1363 8308 1331 1330 8309 1365 1365 8310 1364 1364 8311 1332 1331 8312 1366 1366 8313 1365 1365 8314 1333 1332 8315 1367 1367 8316 1366 1366 8317 1334 1333 8318 1368 1368 8319 1367 1367 8320 1335 1334 8321 1369 1369 8322 1368 1368 8323 1336 1335 8324 1370 1370 8325 1369 1369 8326 1337 1336 8327 1371 1371 8328 1370 1370 8329 1338 1337 8330 1372 1372 8331 1371 1371 8332 1339 1338 8333 1373 1373 8334 1372 1372 8335 1340 1339 8336 1374 1374 8337 1373 1373 8338 1341 1340 8339 1375 1375 8340 1374 1374 8341 1342 1341 8342 1376 1376 8343 1375 1375 8344 1343 1342 8345 1376 1376 8346 1344 1343 8347 1345 1344 8348 1377 1377 8349 1345 1344 8350 1315 1345 8351 1379 1378 8352 1347 1346 8353 1346 1347 8354 1380 1380 8355 1378 1379 8356 1346 1347 8357 1381 1381 8358 1380 1380 8359 1348 1348 8360 1382 1382 8361 1381 1381 8362 1349 1349 8363 1383 1383 8364 1382 1382 8365 1350 1350 8366 1384 1384 8367 1383 1383 8368 1351 1351 8369 1384 1384 8370 1352 1352 8371 1353 1353 8372 1385 1385 8373 1353 1353 8374 1354 1354 8375 1386 1386 8376 1354 1354 8377 1355 1355 8378 1387 1387 8379 1355 1355 8380 1356 1356 8381 1388 1388 8382 1356 1356 8383 1357 1357 8384 1389 1389 8385 1357 1357 8386 1358 1358 8387 1390 1390 8388 1358 1358 8389 1359 1359 8390 1391 1391 8391 1359 1359 8392 1360 1360 8393 1392 1392 8394 1360 1360 8395 1361 1361 8396 1393 1393 8397 1361 1361 8398 1362 1362 8399 1395 1395 8400 1394 1394 8401 1362 1362 8402 1396 1396 8403 1395 1395 8404 1363 1363 8405 1397 1397 8406 1396 1396 8407 1364 1364 8408 1398 1398 8409 1397 1397 8410 1365 1365 8411 1399 1399 8412 1398 1398 8413 1366 1366 8414 1400 1400 8415 1399 1399 8416 1367 1367 8417 1401 1401 8418 1400 1400 8419 1368 1368 8420 1402 1402 8421 1401 1401 8422 1369 1369 8423 1403 1403 8424 1402 1402 8425 1370 1370 8426 1404 1404 8427 1403 1403 8428 1371 1371 8429 1405 1405 8430 1404 1404 8431 1372 1372 8432 1406 1406 8433 1405 1405 8434 1373 1373 8435 1407 1407 8436 1406 1406 8437 1374 1374 8438 1408 1408 8439 1407 1407 8440 1375 1375 8441 1408 1408 8442 1376 1376 8443 1377 1377 8444 1409 1409 8445 1377 1377 8446 1347 1346 8447 1410 1410 8448 1411 1441 8449 1379 1378 8450 1412 1411 8451 1410 1410 8452 1378 1379 8453 1413 1412 8454 1412 1411 8455 1380 1380 8456 1414 1413 8457 1413 1412 8458 1381 1381 8459 1415 1414 8460 1414 1413 8461 1382 1382 8462 1415 1414 8463 1383 1383 8464 1384 1384 8465 1416 1415 8466 1384 1384 8467 1385 1385 8468 1417 1416 8469 1385 1385 8470 1386 1386 8471 1418 1417 8472 1386 1386 8473 1387 1387 8474 1419 1418 8475 1387 1387 8476 1388 1388 8477 1420 1419 8478 1388 1388 8479 1389 1389 8480 1421 1420 8481 1389 1389 8482 1390 1390 8483 1422 1421 8484 1390 1390 8485 1391 1391 8486 1424 1423 8487 1423 1422 8488 1391 1391 8489 1425 1424 8490 1424 1423 8491 1392 1392 8492 1426 1425 8493 1425 1424 8494 1393 1393 8495 1427 1426 8496 1426 1425 8497 1394 1394 8498 1427 1426 8499 1395 1395 8500 1396 1396 8501 1428 1427 8502 1396 1396 8503 1397 1397 8504 1430 1429 8505 1429 1428 8506 1397 1397 8507 1431 1430 8508 1430 1429 8509 1398 1398 8510 1432 1431 8511 1431 1430 8512 1399 1399 8513 1432 1431 8514 1400 1400 8515 1401 1401 8516 1433 1432 8517 1401 1401 8518 1402 1402 8519 1434 1433 8520 1402 1402 8521 1403 1403 8522 1435 1434 8523 1403 1403 8524 1404 1404 8525 1436 1435 8526 1404 1404 8527 1405 1405 8528 1437 1436 8529 1405 1405 8530 1406 1406 8531 1438 1437 8532 1406 1406 8533 1407 1407 8534 1439 1438 8535 1407 1407 8536 1408 1408 8537 1440 1439 8538 1408 1408 8539 1409 1409 8540 1411 1441 8541 1441 1440 8542 1409 1409 8543 1203 1202 8544 1202 1201 8545 1411 1441 8546 1203 1202 8547 1410 1410 8548 1412 1411 8549 1204 1203 8550 1412 1411 8551 1413 1412 8552 1205 1204 8553 1413 1412 8554 1414 1413 8555 1206 1205 8556 1414 1413 8557 1415 1414 8558 1207 1206 8559 1415 1414 8560 1416 1415 8561 1208 1207 8562 1416 1415 8563 1417 1416 8564 1209 1208 8565 1417 1416 8566 1418 1417 8567 1210 1209 8568 1418 1417 8569 1419 1418 8570 1211 1210 8571 1419 1418 8572 1420 1419 8573 1212 1211 8574 1420 1419 8575 1421 1420 8576 1214 1213 8577 1213 1212 8578 1421 1420 8579 1215 1214 8580 1214 1213 8581 1422 1421 8582 1216 1215 8583 1215 1214 8584 1423 1422 8585 1217 1216 8586 1216 1215 8587 1424 1423 8588 1217 1216 8589 1425 1424 8590 1426 1425 8591 1186 1217 8592 1426 1425 8593 1427 1426 8594 1187 1183 8595 1427 1426 8596 1428 1427 8597 1188 1184 8598 1428 1427 8599 1429 1428 8600 1189 1185 8601 1429 1428 8602 1430 1429 8603 1190 1186 8604 1430 1429 8605 1431 1430 8606 1191 1188 8607 1431 1430 8608 1432 1431 8609 1192 1189 8610 1432 1431 8611 1433 1432 8612 1193 1190 8613 1433 1432 8614 1434 1433 8615 1194 1191 8616 1434 1433 8617 1435 1434 8618 1195 1193 8619 1435 1434 8620 1436 1435 8621 1196 1194 8622 1436 1435 8623 1437 1436 8624 1197 1195 8625 1437 1436 8626 1438 1437 8627 1198 1196 8628 1438 1437 8629 1439 1438 8630 1199 1198 8631 1439 1438 8632 1440 1439 8633 1201 1200 8634 1200 1199 8635 1440 1439 8636 1202 1201 8637 1201 1200 8638 1441 1440 8639</p>
        </triangles>
      </mesh>
    </geometry>
  </library_geometries>
  <library_visual_scenes>
    <visual_scene id="Scene" name="Scene">
      <node id="Can_Food_Damaged_LableB_001" name="Can_Food_Damaged_LableB.001" type="NODE">
        <matrix sid="transform">1 0 0 7.430828 0 1 0 -0.9261284 0 0 1 0 0 0 0 1</matrix>
        <instance_geometry url="#Can_Food_Damaged_LableB_001-mesh" name="Can_Food_Damaged_LableB.001">
          <bind_material>
            <technique_common>
              <instance_material symbol="AK_Can_Food_Damaged_LableB-material" target="#AK_Can_Food_Damaged_LableB-material">
                <bind_vertex_input semantic="UVMap" input_semantic="TEXCOORD" input_set="0"/>
              </instance_material>
            </technique_common>
          </bind_material>
        </instance_geometry>
      </node>
    </visual_scene>
  </library_visual_scenes>
  <scene>
    <instance_visual_scene url="#Scene"/>
  </scene>
</COLLADA>