<?xml version="1.0" encoding="utf-8"?>
<COLLADA xmlns="http://www.collada.org/2005/11/COLLADASchema" version="1.4.1" xmlns:xsi="http://www.w3.org/2001/XMLSchema-instance">
  <asset>
    <contributor>
      <author>Blender User</author>
      <authoring_tool>Blender 3.0.1</authoring_tool>
    </contributor>
    <created>2026-07-29T15:27:07</created>
    <modified>2026-07-29T15:27:07</modified>
    <unit name="meter" meter="1"/>
    <up_axis>Z_UP</up_axis>
  </asset>
  <library_effects>
    <effect id="AK_Bottles_Plastic_Dirty-effect">
      <profile_COMMON>
        <newparam sid="Bottles_Plastic_Dirty_BaseColor_jpg_001-surface">
          <surface type="2D">
            <init_from>Bottles_Plastic_Dirty_BaseColor_jpg_001</init_from>
          </surface>
        </newparam>
        <newparam sid="Bottles_Plastic_Dirty_BaseColor_jpg_001-sampler">
          <sampler2D>
            <source>Bottles_Plastic_Dirty_BaseColor_jpg_001-surface</source>
          </sampler2D>
        </newparam>
        <technique sid="common">
          <lambert>
            <emission>
              <color sid="emission">0 0 0 1</color>
            </emission>
            <diffuse>
              <texture texture="Bottles_Plastic_Dirty_BaseColor_jpg_001-sampler" texcoord="UVMap"/>
            </diffuse>
            <index_of_refraction>
              <float sid="ior">1.46</float>
            </index_of_refraction>
          </lambert>
        </technique>
      </profile_COMMON>
    </effect>
  </library_effects>
  <library_images/>
  <library_materials>
    <material id="AK_Bottles_Plastic_Dirty-material" name="AK_Bottles_Plastic_Dirty">
      <instance_effect url="#AK_Bottles_Plastic_Dirty-effect"/>
    </material>
  </library_materials>
  <library_geometries>
    <geometry id="Bottle_A_C_Lying-mesh" name="Bottle_A_C_Lying">
      <mesh>
        <source id="Bottle_A_C_Lying-mesh-positions">
          <float_array id="Bottle_A_C_Lying-mesh-positions-array" count="7578">-0.1207985 0.02967542 0.1104756 -0.1207985 0.01334422 0.1272631 -0.1207985 -0.009854376 0.1304801 -0.1207985 -0.02097284 0.1263172 -0.1207985 -0.03013724 0.1187697 -0.1207985 -0.03635442 0.1086555 -0.1207985 -0.03895068 0.09707063 -0.1207985 -0.03764462 0.0852704 -0.1207985 -0.03257781 0.0745337 -0.1207985 -0.02429932 0.06602388 -0.1207985 -0.01370626 0.0606631 -0.1207985 -0.001946508 0.05903238 -0.1207985 0.009705483 0.06130844 -0.1207985 0.0199871 0.06724458 -0.1207985 0.02778428 0.07619756 -0.1207985 0.03225189 0.08719718 -0.1207985 0.03290593 0.09905135 -0.1207985 0.02291053 0.120232 -0.1207985 0.002013325 0.1308072 -0.1270069 0.04691165 0.1006015 -0.1270069 0.04241895 0.1164894 -0.1270069 0.0330109 0.1300578 -0.1270069 0.0197069 0.1398361 -0.1270069 0.003948807 0.144765 -0.1270069 -0.01255583 0.1443099 -0.1270069 -0.02801847 0.1385206 -0.1270069 -0.04076355 0.1280242 -0.1270069 -0.04940992 0.1139582 -0.1270069 -0.05302053 0.09784692 -0.1270069 -0.0512042 0.08143609 -0.1270069 -0.04415768 0.06650441 -0.1270069 -0.03264468 0.05466961 -0.1270069 -0.01791268 0.04721432 -0.1270069 -0.001558244 0.04494649 -0.1270069 0.01464641 0.04811185 -0.1270069 0.02894526 0.05636733 -0.1270069 0.03978884 0.06881833 -0.1270069 0.04600208 0.08411568 -0.1298255 0.05796378 0.1018247 -0.1298255 0.05247509 0.121235 -0.1298255 0.04098123 0.1378115 -0.1298255 0.02472782 0.1497577 -0.1298255 0.005476117 0.1557791 -0.1298255 -0.01468753 0.1552234 -0.1298255 -0.03357827 0.1481505 -0.1298255 -0.04914891 0.1353271 -0.1298255 -0.05971217 0.1181426 -0.1298255 -0.06412327 0.09845942 -0.1298255 -0.06190425 0.07841044 -0.1298255 -0.05329555 0.06016826 -0.1298255 -0.0392301 0.04570978 -0.1298255 -0.001251876 0.03383111 -0.1298255 0.01854532 0.0376982 -0.1298255 0.03601425 0.04778391 -0.1298255 0.04926192 0.06299525 -0.1298255 0.05685257 0.08168405 -0.1298255 -0.02123206 0.03660172 -0.1298255 0.06571543 0.1026827 -0.1298255 0.05952817 0.1245635 -0.1298255 0.04657143 0.1432497 -0.1298255 0.02824932 0.1567164 -0.1298255 0.006547331 0.1635043 -0.1298255 -0.01618272 0.1628777 -0.1298255 -0.03747785 0.1549046 -0.1298255 -0.05503022 0.1404491 -0.1298255 -0.06693792 0.1210775 -0.1298255 -0.07191044 0.09888905 -0.1298255 -0.06940901 0.07628834 -0.1298255 -0.05970466 0.05572432 -0.1298255 -0.04384893 0.03942555 -0.1298255 -0.02356022 0.02915829 -0.1298255 -0.001036942 0.02603507 -0.1298255 0.02127999 0.03039431 -0.1298255 0.04097229 0.04176372 -0.1298255 0.05590605 0.05891114 -0.1298255 0.06446284 0.07997852 -0.1215696 0.08044916 0.1043134 -0.1215696 0.07293403 0.1308898 -0.1215696 0.05719679 0.1535862 -0.1215696 0.03494268 0.1699429 -0.1215696 0.008583426 0.1781875 -0.1215696 -0.01902455 0.1774265 -0.1215696 -0.04488962 0.1677423 -0.1215696 -0.06620883 0.1501845 -0.1215696 -0.08067196 0.1266557 -0.1215696 -0.08671158 0.09970563 -0.1215696 -0.08367335 0.07225477 -0.1215696 -0.07188636 0.04727774 -0.1215696 -0.05262804 0.02748119 -0.1215696 -0.02798527 0.01501053 -0.1215696 -6.28495e-4 0.01121699 -0.1215696 0.02647769 0.01651179 -0.1215696 0.05039608 0.03032106 -0.1215696 0.06853461 0.05114841 -0.1215696 0.07892769 0.07673686 -0.1118193 0.08629369 0.1049603 -0.1118193 0.07825189 0.1333994 -0.1118193 0.06141161 0.1576865 -0.1118193 0.03759783 0.1751896 -0.1118193 0.009391069 0.1840119 -0.1118193 -0.02015185 0.1831976 -0.1118193 -0.04782974 0.1728348 -0.1118193 -0.07064318 0.1540464 -0.1118194 -0.08611994 0.1288685 -0.1118194 -0.09258288 0.1000296 -0.1118193 -0.08933168 0.07065469 -0.1118194 -0.07671862 0.04392713 -0.1118194 -0.05611056 0.0227431 -0.1118194 -0.02974063 0.0093984 -0.1118194 -4.6649e-4 0.005339026 -0.1118194 0.02853953 0.01100486 -0.1118194 0.0541343 0.02578204 -0.1118194 0.07354408 0.04806905 -0.1118193 0.08466565 0.07545095 -0.09964346 0.09031873 0.1054058 -0.09964346 0.08191418 0.1351277 -0.09964346 0.0643143 0.1605102 -0.09964346 0.03942632 0.1788028 -0.09964346 0.009947299 0.1880232 -0.09964346 -0.0209282 0.187172 -0.09964346 -0.04985457 0.1763417 -0.09964346 -0.07369703 0.1567059 -0.09964346 -0.08987188 0.1303924 -0.09964346 -0.09662634 0.1002527 -0.09964346 -0.09322851 0.06955283 -0.09964346 -0.08004647 0.04161959 -0.09964346 -0.05850887 0.0194801 -0.09964346 -0.03094947 0.005533456 -0.09964346 -3.54912e-4 0.001290917 -0.09964346 0.02995949 0.0072124 -0.09964346 0.05670869 0.02265608 -0.09964346 0.076994 0.04594838 -0.09964346 0.0886172 0.07456535 -0.08466136 0.06451308 0.1607037 -0.08466136 0.03955161 0.1790503 -0.08466142 -0.04999321 0.176582 -0.08466142 -0.07390618 0.1568881 -0.08466136 -0.09349536 0.06947731 -0.08466142 -0.05867314 0.01925659 -0.08466142 -0.03103232 0.005268692 -0.08466142 -3.47284e-4 0.001013696 -0.08466142 0.03005671 0.006952643 -0.08466136 0.08888787 0.07450467 -0.08466136 0.082165 0.135246 -0.08466136 0.09059441 0.1054363 -0.08337724 0.08943653 0.1053081 -0.0833773 0.08111149 0.1347489 -0.0833773 0.06367808 0.1598914 -0.08337724 0.03902554 0.1780109 -0.08466142 0.009985446 0.1882978 -0.08337724 0.009825408 0.187144 -0.08466142 -0.02098137 0.1874444 -0.08337724 -0.02075803 0.186301 -0.08337724 -0.04941076 0.1755731 -0.0833773 -0.07302767 0.1561231 -0.08466142 -0.09012889 0.1304967 -0.0833773 -0.08904957 0.1300584 -0.08466142 -0.09690332 0.100268 -0.08337724 -0.09574013 0.1002038 -0.08337724 -0.09237438 0.06979435 -0.08466142 -0.08027446 0.04146158 -0.08337724 -0.07931709 0.04212534 -0.08337724 -0.05798321 0.0201953 -0.08337724 -0.03068453 0.006380558 -0.08337724 -3.79411e-4 0.002178192 -0.08337724 0.02964824 0.008043587 -0.08466142 0.056885 0.02244198 -0.08337724 0.05614447 0.02334123 -0.08466142 0.07723033 0.04580318 -0.08337724 0.07623785 0.04641318 -0.08337724 0.08775109 0.07475948 -0.07800275 0.08922207 0.1052844 -0.07800275 0.08091634 0.1346569 -0.07800275 0.06352347 0.1597409 -0.07800269 0.03892815 0.1778184 -0.07800269 0.009795784 0.1869302 -0.07800269 -0.02071666 0.1860892 -0.07800269 -0.04930287 0.1753863 -0.07800275 -0.07286494 0.1559814 -0.07800275 -0.0888496 0.1299772 -0.07800275 -0.09552472 0.1001919 -0.07800275 -0.09216678 0.06985306 -0.07800275 -0.07913982 0.0422483 -0.07800269 -0.05785542 0.02036917 -0.07800269 -0.03062015 0.006586492 -0.07800269 -3.85371e-4 0.002393841 -0.07800269 0.0295726 0.008245706 -0.07800269 0.05600732 0.02350777 -0.07800275 0.07605403 0.04652619 -0.07800275 0.08754056 0.07480663 -0.07486367 0.09125608 0.1055095 -0.07486367 0.082767 0.1355301 -0.07486367 0.06499028 0.1611678 -0.07486367 0.01007688 0.1889573 -0.07486367 -0.02110898 0.1880976 -0.07486367 -0.0503261 0.1771585 -0.07486367 -0.07440817 0.1573253 -0.07486367 -0.09074562 0.1307473 -0.07486367 -0.09756797 0.1003046 -0.07486367 -0.09413594 0.06929624 -0.07486367 -0.08082145 0.0410822 -0.07486367 -0.0590673 0.0187202 -0.07486367 -0.03123098 0.004633367 -0.07486367 -3.28926e-4 3.48282e-4 -0.07486367 0.03029012 0.006329238 -0.07486367 0.05730819 0.02192807 -0.07486367 0.07779741 0.04545456 -0.07486367 0.08953744 0.07435911 -0.07486367 0.03985214 0.1796443 -0.06516098 0.09120088 0.1055034 -0.06516098 0.08271688 0.1355065 -0.06516098 0.0398271 0.1795948 -0.06516098 0.01006925 0.1889023 -0.06516098 -0.02109837 0.1880432 -0.06516098 -0.05029833 0.1771104 -0.06516098 -0.07436633 0.1572889 -0.06516098 -0.09069424 0.1307264 -0.06516098 -0.0975126 0.1003016 -0.06516098 -0.09408259 0.06931132 -0.06516087 -0.08077585 0.04111385 -0.06516087 -0.05903452 0.01876491 -0.06516087 -0.03121447 0.004686355 -0.06516087 -3.30477e-4 4.03747e-4 -0.06516087 0.03027069 0.006381154 -0.06516087 0.05727291 0.02197092 -0.06516087 0.07775014 0.04548358 -0.06516098 0.08948332 0.07437121 -0.06516098 0.06495046 0.1611292 -0.06199491 0.08957952 0.105324 -0.06199491 0.0812416 0.1348103 -0.06199491 0.06378126 0.1599917 -0.06199491 0.03909057 0.1781393 -0.06199491 0.009845197 0.1872865 -0.06199491 -0.02078562 0.1864422 -0.06199491 -0.0494827 0.1756978 -0.06199491 -0.07313621 0.1562176 -0.06199491 -0.08918285 0.1301125 -0.06199491 -0.09588378 0.1002117 -0.06199491 -0.09251284 0.06975519 -0.06199491 -0.07943534 0.04204338 -0.06199491 -0.05806839 0.02007937 -0.06199491 -0.0307275 0.006243228 -0.06199491 -3.75419e-4 0.002034366 -0.06199491 0.02969872 0.00790888 -0.06199491 0.0562359 0.02323013 -0.06199491 0.07636046 0.04633784 -0.06199491 0.08789151 0.07472801 -0.05122524 0.09120088 0.1055034 -0.0512253 0.08271688 0.1355065 -0.0512253 0.06495046 0.1611292 -0.05122524 0.03982716 0.1795948 -0.05122524 0.01006925 0.1889023 -0.05122524 -0.02109837 0.1880431 -0.0512253 -0.05029833 0.1771104 -0.0512253 -0.07436633 0.1572889 -0.05122524 -0.09069418 0.1307265 -0.05122524 -0.09751254 0.1003016 -0.05122524 -0.09408259 0.06931132 -0.05122524 -0.08077585 0.04111385 -0.05122524 -0.05903452 0.01876491 -0.0512253 -0.03121447 0.004686355 -0.0512253 -3.30478e-4 4.03747e-4 -0.0512253 0.03027069 0.006381154 -0.05122524 0.05727291 0.02197092 -0.05122524 0.07775014 0.04548358 -0.05122524 0.08948332 0.07437121 -0.04023838 0.09075981 0.1054546 -0.04023849 0.06463241 0.1608197 -0.04023849 0.03962671 0.1791988 -0.04023849 0.01000833 0.1884627 -0.04023849 -0.02101325 0.1876077 -0.04023849 -0.05007642 0.1767262 -0.04023849 -0.07403165 0.1569975 -0.04023838 -0.09028303 0.1305595 -0.04023838 -0.09706944 0.1002771 -0.04023838 -0.09365552 0.06943207 -0.04023849 -0.08041119 0.04136675 -0.04023849 -0.05877166 0.01912254 -0.04023844 -0.03108197 0.005109906 -0.04023844 -3.42698e-4 8.47352e-4 -0.04023844 0.03011506 0.006796777 -0.04023844 0.05699086 0.02231353 -0.04023844 0.07737207 0.04571598 -0.04023838 0.08905023 0.07446831 -0.04023849 0.0823155 0.135317 -0.03767001 0.08927112 0.1052898 -0.03767001 0.08096098 0.1346778 -0.03767001 0.06355881 0.1597753 -0.03767001 0.03895044 0.1778624 -0.03767001 0.009802579 0.1869791 -0.03767001 -0.02072614 0.1861376 -0.03767001 -0.04932755 0.1754289 -0.03767001 -0.09557396 0.1001946 -0.03767001 -0.09221428 0.06983965 -0.03767001 -0.07918035 0.04222023 -0.03767001 -0.05788463 0.02032941 -0.03767013 -0.03063488 0.006539404 -0.03767013 -3.84004e-4 0.002344548 -0.03767013 0.02958989 0.008199453 -0.03767001 0.05603867 0.02346968 -0.03767001 0.07609605 0.04650032 -0.03767001 0.08758866 0.07479584 -0.03767001 -0.0729022 0.1560138 -0.03767001 -0.08889538 0.1299958 -0.02868086 0.09103548 0.1054852 -0.02868086 0.08256632 0.1354354 -0.02868086 0.039752 0.1794463 -0.02868086 0.01004636 0.1887375 -0.02868086 -0.02106642 0.1878799 -0.02868086 -0.05021512 0.1769664 -0.02868086 -0.0742408 0.1571797 -0.02868086 -0.09053999 0.1306638 -0.02868086 -0.09734642 0.1002924 -0.02868086 -0.09392243 0.06935662 -0.02868086 -0.08063912 0.04120868 -0.02868086 -0.05893594 0.01889902 -0.02868086 -0.03116476 0.004845142 -0.02868086 -3.3507e-4 5.70099e-4 -0.02868086 0.03021234 0.00653702 -0.02868086 0.05716717 0.02209943 -0.02868086 0.07760834 0.04557073 -0.02868086 0.06483125 0.1610131 -0.02868086 0.08932089 0.07440769 -0.01887118 0.09107375 0.1054893 -0.01887118 0.08260118 0.1354519 -0.01887118 0.03976935 0.1794807 -0.01887118 0.01005166 0.1887756 -0.01887118 -0.02107381 0.1879176 -0.01887118 -0.05023437 0.1769997 -0.01887118 -0.07426989 0.1572049 -0.01887118 -0.09057569 0.1306783 -0.01887118 -0.09738487 0.1002945 -0.01887118 -0.09395951 0.06934612 -0.0188713 -0.08067077 0.04118674 -0.0188713 -0.0589587 0.01886796 -0.01887118 -0.03117626 0.004808425 -0.01887118 -3.33997e-4 5.31592e-4 -0.01887118 0.03022587 0.006500959 -0.0188713 0.05719166 0.02206963 -0.0188713 0.07764118 0.04555058 -0.01887118 0.0893585 0.07439923 -0.01887118 0.06485879 0.16104 -0.00987637 0.089244 0.1052868 -0.00987637 0.08093631 0.1346662 -0.00987637 0.06353926 0.1597563 -0.00987637 0.0389381 0.177838 -0.00987637 0.009798824 0.1869521 -0.00987637 -0.02072089 0.1861109 -0.00987637 -0.0493139 0.1754053 -0.00987637 -0.07288163 0.1559958 -0.00987637 -0.0888701 0.1299855 -0.00987637 -0.09554672 0.1001931 -0.00987637 -0.092188 0.06984704 -0.00987637 -0.07915794 0.04223579 -0.00987637 -0.05786848 0.02035135 -0.00987637 -0.03062671 0.006565392 -0.00987637 -3.84722e-4 0.002371788 -0.00987637 0.02958029 0.008225023 -0.00987637 0.05602127 0.02349066 -0.00987637 0.07607281 0.04651463 -0.00987637 0.08756208 0.0748018 -0.007145822 0.09095895 0.1054766 -0.007145822 0.0824967 0.1354025 -0.007145822 0.064776 0.1609594 -0.007145822 0.03971719 0.1793776 -0.007145822 0.01003581 0.1886612 -0.007145881 -0.0210517 0.1878042 -0.007145881 -0.05017662 0.1768996 -0.007145881 -0.07418274 0.1571291 -0.007145881 -0.09046864 0.1306349 -0.007145881 -0.09726947 0.1002882 -0.007145822 -0.09384828 0.0693776 -0.007145822 -0.08057582 0.04125261 -0.007145822 -0.05889034 0.01896113 -0.007145822 -0.03114181 0.004918694 -0.007145822 -3.37217e-4 6.47109e-4 -0.007145822 0.03018528 0.006609141 -0.007145822 0.05711817 0.0221588 -0.007145822 0.07754272 0.04561108 -0.007145822 0.08924573 0.0744245 0.006363034 0.09107381 0.1054893 0.006363034 0.06485885 0.16104 0.006363034 0.01005166 0.1887757 0.006362974 -0.02107381 0.1879177 0.006362974 -0.05023437 0.1769997 0.006362974 -0.07426989 0.1572049 0.006362974 -0.09057575 0.1306782 0.006362974 -0.09738487 0.1002945 0.006363034 -0.09395951 0.06934612 0.006363034 -0.08067077 0.04118674 0.006363034 -0.05895876 0.01886802 0.006363034 -3.34059e-4 5.31596e-4 0.006363034 0.03022587 0.006500959 0.006363034 0.05719166 0.02206963 0.006363034 0.07764118 0.04555058 0.006363034 0.0893585 0.07439923 0.006363034 0.08260118 0.1354519 0.006363034 0.03976941 0.1794807 0.006363034 -0.03117632 0.004808366 0.01488596 0.08905321 0.1052657 0.01488596 0.08076274 0.1345843 0.01488596 0.06340169 0.1596224 0.01488596 0.03885149 0.1776668 0.01488596 0.009772479 0.186762 0.01488596 -0.02068412 0.1859225 0.01488596 -0.07273685 0.1558698 0.01488596 -0.08869224 0.1299133 0.01488596 -0.09535509 0.1001825 0.01488596 -0.09200328 0.06989932 0.01488596 -0.07900023 0.04234516 0.01488596 -0.05775481 0.02050602 0.01488596 -0.03056943 0.006748616 0.01488596 -3.90029e-4 0.002563714 0.01488596 0.029513 0.008404731 0.01488596 0.05589926 0.02363884 0.01488596 0.07590931 0.04661512 0.01488596 0.0873748 0.07484382 0.01488596 -0.04921793 0.1752392 0.01740711 0.09080576 0.1054597 0.01740711 0.08235734 0.1353368 0.01740711 0.06466555 0.160852 0.01740711 0.03964763 0.1792401 0.01740711 0.01001465 0.1885085 0.01740711 -0.02102214 0.187653 0.01740711 -0.05009955 0.1767662 0.01740711 -0.07406651 0.1570279 0.01740711 -0.09032583 0.1305769 0.01740711 -0.09370005 0.0694195 0.01740711 -0.08044922 0.04134047 0.01740711 -0.05879908 0.01908528 0.01740711 -0.0310958 0.005065739 0.01740711 -3.41451e-4 8.01132e-4 0.01740717 0.03013128 0.006753444 0.01740717 0.05702024 0.02227783 0.01740717 0.07741147 0.04569178 0.01740717 0.08909535 0.07445818 0.01740711 -0.09711563 0.1002797 0.03014379 0.09062385 0.1054396 0.03014379 0.08219182 0.1352586 0.03014379 0.06453436 0.1607243 0.03014379 0.03956496 0.1790767 0.03014379 0.0099895 0.1883272 0.03014379 -0.02098703 0.1874734 0.03014379 -0.05000799 0.1766077 0.03014379 -0.07392847 0.1569076 0.03014379 -0.09693282 0.1002696 0.03014379 -0.09352385 0.06946933 0.03014379 -0.08029878 0.04144471 0.03014379 -0.05869066 0.01923274 0.03014379 -0.03104114 0.005240499 0.03014379 -3.46519e-4 9.84124e-4 0.03014379 0.03006708 0.006924867 0.03014379 0.05690377 0.02241909 0.03014379 0.07725548 0.04578763 0.03014379 0.08891671 0.07449823 0.03014379 -0.09015631 0.130508 0.03347277 0.07859635 0.1335619 0.03347277 0.06168466 0.157952 0.03347277 0.03776979 0.1755294 0.03347277 -0.04802018 0.1731646 0.03347283 0.02867305 0.01064819 0.03347271 0.05437642 0.02548801 0.03347277 0.08667224 0.1050022 0.03347277 0.009443461 0.1843892 0.03347277 -0.02022486 0.1835714 0.03347277 -0.0864728 0.1290118 0.03347277 -0.09296315 0.1000506 0.03347277 -0.08969819 0.07055115 0.03347277 -0.07703161 0.04371005 0.03347271 -0.0563361 0.0224362 0.03347277 -0.02985435 0.009034931 0.03347277 -4.56072e-4 0.004958271 0.03347283 0.07386851 0.04786962 0.03347283 0.08503723 0.07536762 0.03347277 -0.07093042 0.1542965 0.03570288 0.08687537 0.1050246 0.03570288 0.07878112 0.1336491 0.03570288 0.06183111 0.1580945 0.03570288 0.03786212 0.1757117 0.03570288 0.009471535 0.1845916 0.03570288 -0.02026402 0.183772 0.03570288 -0.04812234 0.1733416 0.03570288 -0.07108449 0.1544308 0.03570288 -0.08666217 0.1290887 0.03570288 -0.09316724 0.1000618 0.03570288 -0.08989483 0.07049554 0.03570288 -0.07719957 0.04359364 0.03570288 -0.05645716 0.02227157 0.03570288 -0.02991533 0.008839845 0.03570288 -4.5041e-4 0.004754006 0.03570288 0.02874469 0.0104568 0.03570288 0.0545063 0.02533024 0.03570288 0.07404261 0.04776257 0.03570288 0.08523666 0.07532292 0.04007244 0.09076541 0.1054552 0.04007244 0.08232063 0.1353195 0.04007256 0.06463646 0.1608235 0.04007256 0.03962928 0.1792038 0.04007256 0.01000905 0.1884683 0.04007256 -0.02101433 0.1876131 0.04007256 -0.05007922 0.176731 0.04007256 -0.07403588 0.1570011 0.04007244 -0.09028828 0.1305615 0.04007244 -0.0970751 0.1002774 0.04007244 -0.09366095 0.06943058 0.04007244 -0.08041584 0.04136359 0.04007244 -0.05877506 0.01911801 0.04007244 -0.03108364 0.005104482 0.04007244 -3.42586e-4 8.41725e-4 0.0400725 0.03011703 0.006791472 0.0400725 0.05699437 0.02230918 0.0400725 0.07737684 0.045713 0.0400725 0.08905571 0.07446706 0.05028754 0.09085845 0.1054655 0.05028754 0.08240526 0.1353594 0.05028754 0.06470358 0.1608889 0.05028754 0.03967154 0.1792873 0.05028754 -0.02103227 0.187705 0.05028754 -0.05012607 0.1768121 0.05028754 -0.07410651 0.1570627 0.05028754 -0.09037494 0.1305968 0.05028754 -0.09716856 0.1002826 0.05028754 -0.09375101 0.06940507 0.05028754 -0.08049273 0.04131019 0.05028754 -0.05883049 0.01904255 0.05028754 -0.03111165 0.005015194 0.05028754 -3.40024e-4 7.48142e-4 0.05028754 0.03014987 0.006703794 0.05028754 0.05705392 0.02223694 0.05028754 0.07745659 0.04566401 0.05028754 0.08914709 0.07444661 0.05028754 0.01002192 0.188561 0.05490237 0.08689463 0.1050267 0.05490237 0.07879871 0.1336574 0.05490237 0.061845 0.1581081 0.05490237 0.03787082 0.175729 0.05490237 0.009474217 0.1846108 0.05490231 -0.02026772 0.183791 0.05490231 -0.04813206 0.1733584 0.05490231 -0.0710991 0.1544435 0.05490231 -0.08668011 0.1290961 0.05490237 -0.09318655 0.1000629 0.05490237 -0.08991348 0.07049024 0.05490237 -0.07721549 0.04358261 0.05490237 -0.0564686 0.02225595 0.05490237 -0.02992117 0.008821368 0.05490237 -4.49935e-4 0.004734635 0.05490237 0.02875149 0.01043868 0.05490237 0.05451858 0.02531528 0.05490237 0.08525556 0.07531869 0.05490237 0.07405912 0.04775243 0.05708456 0.07863068 0.1335781 0.05708456 0.009448647 0.1844268 0.05708456 -0.04803913 0.1731975 0.05708456 -0.07706284 0.04368847 0.05708456 -0.02986568 0.008998692 0.05708456 -4.55002e-4 0.004920363 0.05708456 0.02868634 0.01061266 0.05708456 0.08670997 0.1050063 0.05708456 0.06171184 0.1579785 0.05708456 0.03778696 0.1755632 0.05708456 -0.02023214 0.1836087 0.05708456 -0.07095897 0.1543214 0.05708456 -0.08650797 0.1290261 0.05708456 -0.09300106 0.1000527 0.05708456 -0.08973473 0.07054078 0.05708456 -0.05635857 0.02240568 0.05708456 0.05440056 0.02545875 0.05708456 0.07390087 0.04784971 0.05708456 0.0850743 0.07535928 0.06132149 0.09071695 0.1054498 0.06132149 0.08227658 0.1352986 0.06132149 0.06460154 0.1607896 0.06132149 0.03960728 0.1791604 0.06132149 0.01000237 0.18842 0.06132149 -0.02100497 0.1875653 0.06132149 -0.05005484 0.1766887 0.06132149 -0.09024304 0.1305432 0.06132149 -0.0970264 0.1002748 0.06132149 -0.09361404 0.06944382 0.06132149 -0.08037573 0.04139131 0.06132149 -0.05874621 0.01915729 0.06132149 -3.43959e-4 8.90453e-4 0.06132149 0.03009992 0.006837129 0.06132149 0.05696338 0.02234673 0.06132149 0.07733529 0.04573857 0.06132149 0.08900821 0.07447773 0.06132149 -0.07399916 0.1569691 0.06132149 -0.03106915 0.005151033 0.06285065 0.09092009 0.1054723 0.06285065 0.08246135 0.1353858 0.06285065 0.06474798 0.1609321 0.06285065 0.03969961 0.1793426 0.06285065 0.0100305 0.1886224 0.06285065 -0.02104419 0.1877659 0.06285065 -0.05015707 0.1768658 0.06285065 -0.07415324 0.1571034 0.06285065 -0.09043246 0.1306201 0.06285065 -0.09723049 0.1002861 0.06285065 -0.09381067 0.06938821 0.06285065 -0.08054369 0.0412749 0.06285065 -0.05886721 0.0189926 0.06285065 -0.03113013 0.004956007 0.06285065 -3.38296e-4 6.86159e-4 0.06285071 0.03017157 0.006645739 0.06285071 0.05709326 0.02218902 0.06285071 0.0775094 0.04563152 0.06285071 0.08920758 0.07443302 0.07295757 0.09137958 0.1055232 0.07295757 0.08287942 0.1355831 0.07295757 0.06507933 0.1612545 0.07295757 0.03990828 0.1797552 0.07295757 0.01009398 0.1890804 0.07295751 -0.02113276 0.1882196 0.07295751 -0.07450187 0.157407 0.07295751 -0.09086072 0.1307941 0.07295751 -0.09769207 0.1003116 0.07295757 -0.09425556 0.06926244 0.07295757 -0.08092361 0.04101151 0.07295757 -0.05914092 0.01862013 0.07295757 -0.03126817 0.004514753 0.07295757 -3.25601e-4 2.24048e-4 0.07295757 0.03033369 0.00621283 0.07295757 0.05738717 0.02183216 0.07295757 0.07790327 0.04538947 0.07295757 0.08965867 0.07433193 0.07295751 -0.05038821 0.1772662 0.07533556 0.09134125 0.1055189 0.07533556 0.08284461 0.1355667 0.07533568 0.06505173 0.1612276 0.07533568 0.01008868 0.1890422 0.07533568 -0.02112543 0.1881818 0.07533568 -0.0503689 0.1772328 0.07533568 -0.07447284 0.1573817 0.07533556 -0.09082502 0.1307796 0.07533556 -0.09765356 0.1003094 0.07533556 -0.09421849 0.06927293 0.07533556 -0.0808919 0.04103338 0.07533556 -0.05911809 0.01865112 0.07533556 -0.03125667 0.004551589 0.07533556 -3.26674e-4 2.62575e-4 0.07533556 0.03032016 0.006248891 0.07533556 0.05736267 0.02186191 0.07533556 0.07787042 0.04540961 0.07533556 0.08962106 0.07434034 0.07533568 0.03989088 0.1797208 0.07692104 0.09103494 0.1054851 0.07692104 0.0825659 0.1354352 0.07692116 0.06483083 0.1610127 0.07692116 0.01004636 0.1887369 0.0769211 -0.0210663 0.1878793 0.0769211 -0.05021482 0.1769658 0.0769211 -0.07424038 0.1571793 0.07692104 -0.09053951 0.1306636 0.07692104 -0.09734588 0.1002924 0.07692104 -0.09392189 0.06935679 0.07692104 -0.0806387 0.04120904 0.07692104 -0.05893564 0.0188995 0.07692104 -3.35139e-4 5.70651e-4 0.07692104 0.0302121 0.006537497 0.07692104 0.05716675 0.02209979 0.07692104 0.07760787 0.04557102 0.07692104 0.08932036 0.07440775 0.07692116 0.03975176 0.1794458 0.07692104 -0.03116464 0.004845678 0.08158367 0.0869103 0.1050285 0.08158367 0.07881295 0.1336641 0.08158367 0.009476363 0.1846264 0.08158367 -0.02027076 0.1838064 0.08158367 -0.04813987 0.173372 0.08158367 -0.07111102 0.1544538 0.08158367 -0.08669465 0.1291021 0.08158367 -0.09320229 0.1000638 0.08158367 -0.08992868 0.07048594 0.08158367 -0.07722848 0.04357367 0.08158367 -0.05647796 0.02224332 0.08158367 -0.02992582 0.008806347 0.08158367 -4.4946e-4 0.004718899 0.08158367 0.02875703 0.01042389 0.08158367 0.05452859 0.02530312 0.08158367 0.07407253 0.04774415 0.08158367 0.08527094 0.07531523 0.08158367 0.06185632 0.158119 0.08158367 0.03787797 0.1757431 0.08307451 0.0870698 0.1050462 0.08307451 0.07895809 0.1337326 0.08307451 0.06197136 0.158231 0.08307451 -0.02030152 0.1839639 0.08307451 -0.04822015 0.173511 0.08307451 -0.07123202 0.1545593 0.08307451 -0.08684343 0.1291624 0.08307451 -0.09336262 0.1000726 0.08307451 -0.09008312 0.07044231 0.08307451 -0.07736039 0.04348218 0.08307451 -0.05657303 0.02211397 0.08307451 -0.0299738 0.008653163 0.08307451 -4.4505e-4 0.004558444 0.08307451 0.0288133 0.01027357 0.08307451 0.05463063 0.0251792 0.08307451 0.07420933 0.04766017 0.08307451 0.08542758 0.07528012 0.08307451 0.03795045 0.1758863 0.08307451 0.009498417 0.1847854 0.08642345 0.09076583 0.1054553 0.08642345 0.08232104 0.1353197 0.08642345 0.03962951 0.1792042 0.08642345 0.01000916 0.1884688 0.08642345 -0.02101439 0.1876136 0.08642345 -0.05007946 0.1767315 0.08642345 -0.0740363 0.1570014 0.08642345 -0.09028869 0.1305618 0.08642345 -0.09707552 0.1002776 0.08642345 -0.09366142 0.06943047 0.08642345 -0.0804162 0.04136323 0.08642345 -0.0587753 0.01911765 0.08642345 -0.03108382 0.005104064 0.08642345 -3.4259e-4 8.41256e-4 0.08642345 0.03011715 0.006791055 0.08642345 0.05699467 0.02230882 0.08642345 0.07737725 0.04571282 0.08642345 0.08905619 0.07446694 0.08642345 0.06463676 0.160824 0.08770781 0.09105837 0.1054876 0.08770781 0.08258718 0.1354452 0.08770781 0.0648477 0.1610291 0.08770781 0.03976243 0.1794668 0.08770781 0.01004958 0.1887602 0.08770781 -0.02107083 0.1879025 0.08770781 -0.05022662 0.1769863 0.08770781 -0.07425814 0.1571947 0.08770781 -0.09056133 0.1306724 0.08770781 -0.09736937 0.1002937 0.08770781 -0.0939446 0.06935036 0.08770781 -0.08065807 0.04119563 0.08770781 -0.05894964 0.01888054 0.08770781 -0.03117167 0.004823207 0.08770781 -3.34484e-4 5.47106e-4 0.08770781 0.03022038 0.006515502 0.08770781 0.05718171 0.02208161 0.08770781 0.07762795 0.04555869 0.08770781 0.0893433 0.07440257 0.08906108 0.09113812 0.1054965 0.08906108 0.08265978 0.1354795 0.08906108 0.06490528 0.1610851 0.08906108 0.03979861 0.1795384 0.08906108 0.0100606 0.1888397 0.08906108 -0.02108621 0.1879812 0.08906108 -0.05026674 0.1770558 0.08906108 -0.0743187 0.1572474 0.08906108 -0.09744948 0.1002981 0.08906108 -0.09402179 0.06932854 0.08906108 -0.080724 0.04114985 0.08906108 -0.05899715 0.01881587 0.08906108 -0.03119564 0.004746615 0.08906108 -3.32278e-4 4.6688e-4 0.08906108 0.03024852 0.006440341 0.08906108 0.05723279 0.02201968 0.08906108 0.07769632 0.04551666 0.08906108 0.08942162 0.07438504 0.08906108 -0.09063571 0.1307026 0.1032901 0.09104621 0.1054863 0.1032901 0.08257615 0.1354401 0.1032901 0.064839 0.1610206 0.1032901 0.03975689 0.1794559 0.1032901 0.01004791 0.1887482 0.1032901 -0.02106851 0.1878905 0.1032901 -0.05022048 0.1769757 0.1032901 -0.07424896 0.1571867 0.1032901 -0.09735721 0.1002931 0.1032901 -0.0939328 0.06935369 0.1032901 -0.080648 0.0412026 0.1032901 -0.05894231 0.01889032 0.1032901 -0.03116804 0.00483489 0.1032901 -3.34843e-4 5.59299e-4 0.1032901 0.03021609 0.006526887 0.1032901 0.05717396 0.02209103 0.1032901 0.07761752 0.04556506 0.1032901 0.08933144 0.07440525 0.1032901 -0.09055 0.1306678 0.114191 0.08648842 0.1049818 0.114191 0.0615521 0.157823 0.114191 0.03768634 0.1753643 0.114191 0.00941807 0.184206 0.114191 -0.0201894 0.1833899 0.114191 -0.04792767 0.1730045 0.114191 -0.07079094 0.1541751 0.114191 -0.08630144 0.1289423 0.114191 -0.0927785 0.1000404 0.114191 -0.08952021 0.07060146 0.114191 -0.07687968 0.04381549 0.1141909 -0.05622661 0.02258527 0.1141909 -0.02979916 0.009211421 0.1141909 -4.61206e-4 0.005143165 0.1141909 0.0286082 0.0108214 0.1141909 0.05425876 0.02563071 0.114191 0.07371097 0.04796648 0.114191 0.0848568 0.07540804 0.114191 0.0784291 0.1334829 0.1289517 0.07393938 0.1035928 0.1289517 0.06701099 0.1280946 0.1289517 0.05250221 0.1490192 0.1289517 0.0319854 0.164099 0.1289517 0.007683873 0.1717 0.1289517 -0.01776891 0.1709984 0.1289517 -0.04161483 0.1620703 0.1289517 -0.06126981 0.1458832 0.1289517 -0.07460385 0.1241911 0.1289517 -0.080172 0.09934496 0.1289517 -0.07737094 0.07403695 0.1289517 -0.06650418 0.05100971 0.1289516 -0.04874926 0.03275865 0.1289516 -0.02603018 0.02126145 0.1289516 -8.0906e-4 0.01776409 0.1289516 0.02418112 0.02264547 0.1289516 0.04623234 0.03537672 0.1289517 0.0629549 0.05457818 0.1289517 0.0725367 0.07816904 0.1469374 0.05490314 0.1014859 0.1469374 0.04969024 0.1199208 0.1469374 0.03877407 0.1356642 0.1469374 0.02333742 0.1470102 0.1469374 0.005053222 0.152729 0.1469374 -0.01409715 0.1522012 0.1469374 -0.03203862 0.1454837 0.1469374 -0.04682677 0.1333047 0.1469374 -0.05685919 0.1169839 0.1469374 -0.06104862 0.09828984 0.1469374 -0.05894112 0.07924842 0.1469374 -0.05076503 0.06192296 0.1469374 -0.03740644 0.04819101 0.1469374 -0.0203129 0.03954064 0.1469374 -0.001336753 0.03690928 0.1469374 0.01746559 0.040582 0.1469374 0.03405666 0.05016088 0.1469374 0.04663854 0.06460779 0.1469374 0.05384778 0.08235734 0.1829729 -0.008519113 0.1235597 0.1829729 -0.0308699 0.08718621 0.1829729 -0.02012979 0.07169681 0.1829729 -0.002140581 0.06607013 0.1829729 0.007238686 0.06790179 0.1829729 0.02182328 0.07990849 0.1829729 0.02327561 0.1075391 0.1829729 0.01010161 0.1209867 0.1829729 -0.02983152 0.1060062 0.1829729 -0.01160466 0.06738257 0.1829729 0.02591675 0.09835022 0.1829729 0.01780164 0.1153619 0.1829729 0.001005232 0.1238206 0.1829729 -0.01745355 0.1202189 0.1829729 -0.02482801 0.114146 0.1829729 -0.03192096 0.09668284 0.1829729 -0.02679222 0.07854539 0.1829729 0.01552963 0.07268387 0.1829729 0.02541822 0.08878999 -0.1100625 -0.002861499 0.09794366 0.1726001 0.02590823 0.09827679 0.1726001 -0.008504569 0.1235702 0.1726001 -0.02983152 0.1060062 0.1726001 -0.02679222 0.07854539 0.1726001 -0.02012979 0.07169681 0.1726001 -0.002140581 0.06607013 0.1726001 0.007236778 0.06790184 0.1726001 0.02178639 0.07988435 0.1726001 0.0178641 0.1153227 0.1726001 0.001046359 0.1238335 0.1726001 -0.01745259 0.1202201 0.1726001 -0.02482801 0.114146 0.1726001 -0.03192096 0.09668284 0.1726001 -0.0308699 0.08718621 0.1726001 0.01551133 0.07267916 0.1726001 0.02538186 0.08873665 0.1726001 0.02330845 0.1074709 0.1726001 0.01016533 0.1209813 0.1726001 -0.01160466 0.06738257 -0.03175306 0.08744692 0.07482767 -0.03175306 -0.09207445 0.06987917 -0.03175306 0.05594629 0.0235818 -0.03175312 -0.03059154 0.006678044 -0.03175306 -0.07906097 0.04230296 -0.03175312 -3.87998e-4 0.002489805 -0.03175306 0.07597231 0.04657644 -0.03175306 -0.09542888 0.1001866 -0.03175306 0.08082962 0.1346158 -0.03175306 0.06345468 0.1596739 -0.03175306 -0.05779862 0.02044641 -0.03175306 -0.07279264 0.1559184 -0.03175306 -0.02069824 0.1859951 -0.03175306 0.0891267 0.1052739 -0.03175312 0.02953898 0.00833553 -0.03175306 -0.04925489 0.1753032 -0.03175306 0.03888481 0.1777327 -0.03175306 0.009782612 0.1868352 -0.03175306 -0.08876073 0.1299411 -0.01622724 -0.09223848 0.06983274 -0.01622724 0.02959871 0.008175909 -0.01622724 -0.03064239 0.006515324 -0.01622724 -0.09559911 0.100196 -0.01622724 0.03896182 0.1778849 -0.01622724 -0.02073097 0.1861624 -0.01622724 0.0892961 0.1052926 -0.01622724 0.07611751 0.04648715 -0.01622724 -0.07920104 0.04220587 -0.01622724 -0.05789953 0.02030909 -0.01622724 -3.83291e-4 0.002319395 -0.01622724 0.05605465 0.02345019 -0.01622724 0.08761328 0.07479035 -0.01622724 0.06357687 0.1597929 -0.01622724 0.009806036 0.187004 -0.01622724 -0.08891868 0.1300053 -0.01622724 -0.04934012 0.1754508 -0.01622724 -0.07292115 0.1560302 -0.01622724 0.08098375 0.1346886 0.008761465 -0.0305885 0.006687641 0.008761525 -0.02069634 0.1859852 0.008761465 -0.07905268 0.04230868 0.008761465 0.0808205 0.1346115 0.008761465 -3.883e-4 0.002499818 0.008761525 0.06344747 0.159667 0.008761525 0.009781241 0.1868253 0.008761465 0.07596373 0.04658168 0.008761465 -0.09541887 0.1001861 0.008761525 -0.04924988 0.1752945 0.008761465 -0.08875143 0.1299373 0.008761525 -0.07278501 0.1559117 0.008761465 0.02953541 0.008344948 0.008761465 -0.05779266 0.02045452 0.008761465 0.08911669 0.1052727 0.008761465 -0.09206479 0.06988191 0.008761525 0.03888034 0.1777238 0.008761465 0.05593985 0.02358955 0.008761465 0.08743715 0.07482981 -0.05469775 -0.02079325 0.1864812 -0.05469775 -0.08921974 0.1301275 -0.05469781 -3.74347e-4 0.001994609 -0.05469775 -0.04950261 0.1757322 -0.05469775 -0.07316619 0.1562437 -0.05469781 0.02971267 0.007871627 -0.05469781 0.0896191 0.1053283 -0.05469781 0.08793032 0.0747193 -0.05469781 -0.09255117 0.06974434 -0.05469781 0.05626118 0.02319937 -0.05469775 0.0812776 0.1348273 -0.05469775 0.03910851 0.1781747 -0.05469781 -0.09592348 0.1002139 -0.05469775 0.06380975 0.1600193 -0.05469781 0.07639431 0.04631704 -0.05469781 -0.05809199 0.0200473 -0.05469775 0.00985068 0.1873259 -0.05469781 -0.03073936 0.00620526 -0.05469781 -0.07946807 0.04202073 0.1707581 0.02798944 0.0985071 0.1707581 0.02520203 0.1083645 0.1707581 0.01111078 0.1228496 0.1707581 -0.008906006 0.1256253 0.1707581 -0.03177148 0.1067942 0.1707581 -0.03401166 0.09679824 0.1707581 -0.03288477 0.08661645 0.1707581 -0.02851295 0.07735228 0.1707581 -0.02136987 0.07000958 0.1707581 -0.01222974 0.06538414 0.1707581 -0.002082884 0.06397706 0.1707581 0.007970988 0.06594091 0.1707581 0.02357017 0.07878786 0.1707581 0.01936501 0.1167828 0.1707581 0.001333951 0.1259076 0.1707581 -0.01849955 0.1220335 0.1707581 -0.026407 0.1155211 0.1707581 0.01684248 0.07106286 0.1707581 0.02742511 0.08827877 -0.1192302 0.03040766 0.110819 -0.119228 0.01368838 0.1279887 -0.1192285 -0.009987652 0.1312732 -0.1192336 -0.02138274 0.1270248 -0.1192317 -0.03075128 0.1193022 -0.1192294 -0.03710246 0.1089572 -0.1192268 -0.03974938 0.09711259 -0.1192244 -0.0384075 0.08505272 -0.1192224 -0.03322434 0.07408356 -0.1192209 -0.02476257 0.06539183 -0.11922 -0.01393896 0.0599175 -0.1192197 -0.00192511 0.05825221 -0.1192201 0.00997895 0.06057614 -0.1192213 0.0204851 0.06663811 -0.119223 0.02845603 0.07578265 -0.1192252 0.03302764 0.08702135 -0.1192277 0.03370338 0.09913754 -0.1192325 0.02349555 0.1207989 -0.1191419 0.002084255 0.1313188 -0.1254094 0.047634 0.1006814 -0.1254094 0.04307621 0.1167996 -0.1254094 0.03353184 0.1305645 -0.1254094 0.02003508 0.1404846 -0.1254094 0.004048645 0.1454848 -0.1254094 -0.01269519 0.1450232 -0.1254094 -0.02838182 0.13915 -0.1254094 -0.04131162 0.1285015 -0.1254094 -0.05008327 0.1142317 -0.1254094 -0.05374616 0.09788691 -0.1254094 -0.05190354 0.08123832 -0.1254094 -0.04475492 0.06609022 -0.1254094 -0.03307509 0.054084 -0.1254094 -0.01812964 0.0465207 -0.1254094 -0.001538217 0.04422003 -0.1254094 0.01490122 0.04743123 -0.1254094 0.02940726 0.05580633 -0.1254094 0.04040795 0.06843781 -0.1254094 0.04671126 0.08395671 -0.1281249 0.05821901 0.101853 -0.1281249 0.05270731 0.1213447 -0.1281249 0.04116529 0.1379905 -0.1281249 0.02484375 0.1499868 -0.1281249 0.005511403 0.1560335 -0.1281249 -0.01473677 0.1554754 -0.1281249 -0.03370666 0.1483728 -0.1281249 -0.04934257 0.1354957 -0.1281249 -0.05995011 0.1182392 -0.1281249 -0.06437969 0.09847354 -0.1281249 -0.06215137 0.07834059 -0.1281249 -0.05350661 0.06002193 -0.1281249 -0.03938221 0.0455029 -0.1281249 -0.001244783 0.0335744 -0.1281249 0.01863539 0.0374577 -0.1281249 0.03617751 0.04758566 -0.1281249 0.04948073 0.06286078 -0.1281249 0.05710315 0.08162784 -0.1281249 -0.02130872 0.03635662 -0.1281958 0.06509703 0.1026143 -0.1281958 0.0589655 0.1242979 -0.1281958 0.04612547 0.1428158 -0.1281958 0.0279684 0.1561613 -0.1281958 0.006461858 0.162888 -0.1281958 -0.01606345 0.162267 -0.1281958 -0.03716677 0.1543658 -0.1281958 -0.05456107 0.1400405 -0.1281958 -0.06636148 0.1208433 -0.1281958 -0.07128924 0.09885483 -0.1281958 -0.06881034 0.07645761 -0.1281958 -0.05919337 0.05607885 -0.1281958 -0.04348045 0.03992688 -0.1281958 -0.02337449 0.02975213 -0.1281958 -0.001054108 0.02665698 -0.1281958 0.02106183 0.03097701 -0.1281958 0.04057675 0.04224395 -0.1281958 0.05537605 0.05923694 -0.1281958 0.0638557 0.0801146 -0.1204409 0.07895267 0.1041478 -0.1204409 0.07157236 0.1302472 -0.1204409 0.05611753 0.1525363 -0.1204409 0.03426283 0.1685994 -0.1204409 0.008376598 0.1766961 -0.1204409 -0.01873588 0.1759487 -0.1204409 -0.04413682 0.1664383 -0.1204409 -0.06507343 0.1491957 -0.1204409 -0.07927697 0.1260891 -0.1204409 -0.08520823 0.09962266 -0.1204409 -0.08222448 0.07266449 -0.1204409 -0.07064902 0.04813569 -0.1204409 -0.05173635 0.02869445 -0.1204409 -0.02753579 0.01644754 -0.1204409 -6.6998e-4 0.01272207 -0.1204409 0.02594977 0.01792186 -0.1204409 0.04943889 0.03148329 -0.1204409 0.06725192 0.05193686 -0.1204409 0.0774585 0.07706612 -0.1111933 0.08444303 0.1047555 -0.1111933 0.076568 0.1326048 -0.1111933 0.06007701 0.1563882 -0.1111933 0.03675711 0.1735282 -0.1111933 0.009135305 0.1821676 -0.1111934 -0.01979488 0.1813702 -0.1111934 -0.04689878 0.1712222 -0.1111934 -0.06923907 0.1528236 -0.1111934 -0.08439487 0.1281679 -0.1111934 -0.09072375 0.099927 -0.1111933 -0.08753997 0.07116138 -0.1111933 -0.07518851 0.04498809 -0.1111933 -0.05500781 0.02424341 -0.1111933 -0.02918481 0.01117545 -0.1111933 -5.1781e-4 0.007200241 -0.1111933 0.02788668 0.01274859 -0.1111933 0.05295062 0.02721935 -0.1111933 0.07195782 0.04904413 -0.1111933 0.08284878 0.07585811 -0.09939593 0.08835172 0.105188 -0.09939593 0.08012443 0.1342831 -0.09939593 0.06289577 0.1591302 -0.09939593 0.03853273 0.177037 -0.09939593 0.009675443 0.1860628 -0.09939593 -0.02054882 0.1852297 -0.09939593 -0.04886507 0.1746279 -0.09939593 -0.07220458 0.1554062 -0.09939593 -0.08803832 0.1296476 -0.09939593 -0.09465026 0.1001437 -0.09939593 -0.09132415 0.0700913 -0.09939593 -0.07842016 0.04274731 -0.09939593 -0.0573368 0.02107477 -0.09939593 -0.03035867 0.007422268 -0.09939593 -4.0945e-4 0.003269255 -0.09939593 0.02926558 0.009065806 -0.09939593 0.05545055 0.02418375 -0.09939593 0.07530802 0.04698479 -0.09939593 0.08668607 0.07499819 -0.08518785 0.06314873 0.1593764 -0.08518791 0.03869217 0.177352 -0.08518791 -0.0490415 0.1749336 -0.08518791 -0.07247078 0.155638 -0.08518791 -0.09166377 0.06999522 -0.08518785 -0.0575459 0.02079033 -0.08518791 -0.03046411 0.007085323 -0.08518791 -3.99736e-4 0.002916336 -0.08518785 0.02938932 0.008735179 -0.08518785 0.08703052 0.07492089 -0.08518785 0.08044362 0.1344336 -0.08518785 0.08870255 0.1052269 -0.08398008 0.08757555 0.1051021 -0.08398014 0.07941824 0.1339498 -0.08398014 0.06233602 0.1585858 -0.08398014 0.03818011 0.1763403 -0.08518791 0.00972402 0.1864125 -0.08398008 0.009568214 0.1852894 -0.08518779 -0.02061647 0.1855762 -0.08398008 -0.02039909 0.1844634 -0.08398014 -0.0484746 0.1739516 -0.08398014 -0.07161575 0.1548935 -0.08518791 -0.08836543 0.1297805 -0.08398014 -0.0873149 0.1293538 -0.08518791 -0.09500283 0.1001631 -0.08398008 -0.09387063 0.1001006 -0.08398008 -0.09057271 0.07030373 -0.08518791 -0.07871025 0.04254615 -0.08398014 -0.07777845 0.0431922 -0.08398014 -0.05687439 0.02170395 -0.08398014 -0.03012561 0.008167505 -0.08398014 -4.31028e-4 0.004049837 -0.08398014 0.02899175 0.009797036 -0.08518785 0.05567497 0.02391123 -0.08398008 0.05495417 0.02478653 -0.08518791 0.07560878 0.04679995 -0.08398008 0.07464277 0.04739367 -0.08398014 0.08592408 0.0751689 -0.0775876 0.08729332 0.105071 -0.0775876 0.07916146 0.1338286 -0.0775876 0.06213253 0.1583877 -0.0775876 0.03805196 0.1760869 -0.0775876 0.009529232 0.1850082 -0.0775876 -0.02034467 0.1841847 -0.0775876 -0.04833263 0.1737058 -0.0775876 -0.07140159 0.1547069 -0.0775876 -0.08705174 0.129247 -0.0775876 -0.09358716 0.100085 -0.0775876 -0.09029948 0.0703811 -0.0775876 -0.07754516 0.04335403 -0.07758748 -0.05670619 0.02193272 -0.07758748 -0.03004086 0.008438467 -0.07758748 -4.38837e-4 0.004333615 -0.07758748 0.02889221 0.01006299 -0.07758748 0.05477368 0.02500569 -0.0775876 0.0744009 0.04754239 -0.0775876 0.08564704 0.07523095 -0.07444608 0.08932805 0.1052961 -0.07444608 0.08101272 0.1347023 -0.07444608 0.06359988 0.1598153 -0.07444614 0.009810447 0.1870359 -0.07444614 -0.02073711 0.1861939 -0.07444614 -0.04935622 0.1754786 -0.07444614 -0.07294535 0.1560514 -0.07444614 -0.08894842 0.1300173 -0.07444614 -0.09563112 0.1001977 -0.07444614 -0.0922693 0.06982398 -0.07444608 -0.07922738 0.04218751 -0.07444608 -0.05791848 0.02028322 -0.07444608 -0.03065192 0.006484746 -0.07444608 -3.82392e-4 0.002287328 -0.07444608 0.02960997 0.008145868 -0.07444608 0.05607503 0.02342545 -0.07444608 0.07614487 0.04647034 -0.07444608 0.08764457 0.07478326 -0.07444608 0.03897625 0.1779135 -0.06551194 0.08925509 0.1052882 -0.06551194 0.08094644 0.134671 -0.06551194 0.03894317 0.1778481 -0.06551194 0.009800374 0.1869632 -0.06551194 -0.02072304 0.1861218 -0.06551194 -0.0493195 0.175415 -0.06551194 -0.07289004 0.1560031 -0.06551194 -0.08888047 0.1299897 -0.06551194 -0.09555792 0.1001937 -0.06551194 -0.09219878 0.069844 -0.06551188 -0.07916706 0.04222935 -0.06551188 -0.05787509 0.02034235 -0.06551188 -0.03063005 0.006554722 -0.06551188 -3.84419e-4 0.002360641 -0.06551188 0.02958428 0.008214533 -0.06551188 0.05602836 0.02348208 -0.06551188 0.07608234 0.04650878 -0.06551194 0.08757305 0.07479935 -0.06551194 0.06354725 0.1597641 -0.06235277 0.08763545 0.1051088 -0.06235277 0.07947272 0.1339755 -0.06235277 0.06237924 0.1586278 -0.06235277 0.03820741 0.1763941 -0.06235277 0.009576559 0.1853491 -0.06235277 -0.02041065 0.1845225 -0.06235277 -0.04850471 0.1740038 -0.06235277 -0.07166123 0.1549329 -0.06235277 -0.08737069 0.1293765 -0.06235277 -0.09393078 0.100104 -0.06235277 -0.09063071 0.0702874 -0.06235277 -0.07782799 0.04315787 -0.06235277 -0.05691003 0.02165538 -0.06235283 -0.03014361 0.008109986 -0.06235277 -4.29301e-4 0.003989577 -0.06235283 0.02901291 0.00974065 -0.06235277 0.05499243 0.02473998 -0.06235277 0.07469415 0.04736214 -0.06235277 0.08598291 0.07515573 -0.05094122 0.08924049 0.1052864 -0.05094128 0.08093315 0.1346647 -0.05094128 0.0635367 0.1597538 -0.05094122 0.03893655 0.1778349 -0.05094128 0.009798347 0.1869487 -0.05094128 -0.02072024 0.1861074 -0.05094128 -0.04931217 0.1754024 -0.05094128 -0.07287895 0.1559935 -0.05094128 -0.08886677 0.1299843 -0.05094128 -0.09554314 0.1001929 -0.05094128 -0.09218466 0.069848 -0.05094122 -0.07915502 0.04223769 -0.05094122 -0.05786639 0.02035421 -0.05094122 -0.0306257 0.006568789 -0.05094122 -3.84837e-4 0.002375364 -0.05094122 0.0295791 0.008228302 -0.05094122 0.056019 0.0234934 -0.05094122 0.07606983 0.04651647 -0.05094122 0.08755868 0.07480251 -0.04065233 0.0888307 0.1052411 -0.04065239 0.06324124 0.1594664 -0.04065245 0.03875035 0.1774671 -0.04065239 0.009741723 0.1865402 -0.04065239 -0.0206412 0.1857028 -0.04065239 -0.049106 0.1750453 -0.04065239 -0.07256805 0.1557228 -0.04065239 -0.08848482 0.1298291 -0.04065239 -0.09513151 0.1001703 -0.04065239 -0.09178787 0.06996011 -0.04065233 -0.07881623 0.04247266 -0.04065233 -0.05762225 0.02068638 -0.04065233 -0.03050261 0.006962239 -0.04065233 -3.96163e-4 0.00278747 -0.04065233 0.0294345 0.00861442 -0.04065233 0.05575698 0.02381169 -0.04065233 0.07571864 0.04673236 -0.04065233 0.08715635 0.07489269 -0.04065239 0.08056026 0.1344887 -0.03809106 0.08734411 0.1050766 -0.038091 0.07920765 0.1338504 -0.03809106 0.06216913 0.1584234 -0.038091 0.03807502 0.1761325 -0.038091 0.009536266 0.1850587 -0.03809112 -0.02035444 0.1842348 -0.038091 -0.04835814 0.1737499 -0.03809112 -0.09363812 0.1000878 -0.03809112 -0.09034866 0.07036715 -0.03809106 -0.07758712 0.04332494 -0.03809106 -0.0567364 0.02189159 -0.03809106 -0.03005611 0.00838977 -0.03809106 -4.3741e-4 0.004282593 -0.03809106 0.0289101 0.01001518 -0.03809106 0.05480617 0.02496629 -0.03809106 0.07444435 0.04751563 -0.03809106 0.08569681 0.07521981 -0.038091 -0.07144016 0.1547404 -0.03809112 -0.08709913 0.1292662 -0.02827048 0.08910536 0.1052715 -0.02827054 0.08081018 0.1346067 -0.02827042 0.03887516 0.1777136 -0.02827054 0.009779632 0.186814 -0.02827054 -0.02069413 0.185974 -0.02827042 -0.04924416 0.1752847 -0.02827054 -0.07277643 0.1559043 -0.02827042 -0.08874088 0.1299331 -0.02827054 -0.09540748 0.1001854 -0.02827054 -0.09205383 0.06988501 -0.02827054 -0.07904332 0.04231518 -0.02827054 -0.05778586 0.02046376 -0.02827042 -0.03058511 0.006698489 -0.02827042 -3.88595e-4 0.002511203 -0.02827042 0.02953147 0.008355617 -0.02827048 0.0559327 0.02359837 -0.02827048 0.07595402 0.04658764 -0.02827042 0.06343936 0.159659 -0.02827042 0.087426 0.07483232 -0.0193026 0.08914983 0.1052764 -0.01930254 0.08085066 0.1346257 -0.01930254 0.0388953 0.1777536 -0.01930254 0.009785771 0.1868582 -0.01930254 -0.02070271 0.1860179 -0.01930254 -0.04926651 0.1753233 -0.01930254 -0.07281017 0.1559337 -0.01930254 -0.08878231 0.1299499 -0.01930254 -0.09545212 0.1001879 -0.01930254 -0.09209686 0.06987285 -0.0193026 -0.07908004 0.04228973 -0.0193026 -0.05781233 0.02042764 -0.01930254 -0.03059846 0.006655812 -0.01930254 -3.87344e-4 0.002466499 -0.01930254 0.02954715 0.008313715 -0.0193026 0.05596113 0.0235638 -0.0193026 0.07599216 0.04656428 -0.0193026 0.08746969 0.07482254 -0.01930254 0.06347131 0.1596902 -0.009449958 0.08731859 0.1050738 -0.009449958 0.07918441 0.1338395 -0.009449958 0.06215071 0.1584055 -0.009449958 0.0380634 0.1761096 -0.009449958 0.009532749 0.1850333 -0.009450018 -0.0203495 0.1842096 -0.009450018 -0.04834532 0.1737277 -0.009450018 -0.07142078 0.1547235 -0.009450018 -0.08707529 0.1292565 -0.009449958 -0.09361249 0.1000865 -0.009449958 -0.09032392 0.07037419 -0.009449958 -0.07756602 0.04333961 -0.009449958 -0.05672121 0.02191227 -0.009449958 -0.03004842 0.008414268 -0.009449958 -4.38128e-4 0.004308283 -0.009449958 0.02890104 0.01003921 -0.009449958 0.05478978 0.02498602 -0.009449958 0.07442247 0.04752904 -0.009449958 0.08567178 0.07522541 -0.006728529 0.08903086 0.1052632 -0.006728529 0.08074235 0.1345746 -0.006728529 0.06338554 0.1596067 -0.006728529 0.0388413 0.1776467 -0.006728529 0.00976938 0.1867397 -0.006728589 -0.02067983 0.1859003 -0.006728589 -0.04920667 0.1752197 -0.006728589 -0.07271987 0.155855 -0.006728589 -0.08867138 0.1299049 -0.006728529 -0.09533256 0.1001813 -0.006728529 -0.09198158 0.06990545 -0.006728529 -0.07898169 0.04235798 -0.006728529 -0.05774146 0.0205242 -0.006728529 -0.03056275 0.006770193 -0.006728529 -3.90683e-4 0.002586245 -0.006728529 0.02950507 0.008425891 -0.006728529 0.05588495 0.02365624 -0.006728529 0.07589012 0.04662698 -0.006728529 0.08735281 0.07484871 0.005866408 0.08917117 0.1052787 0.005866408 0.06348675 0.1597052 0.005866408 0.009788751 0.1868795 0.005866348 -0.02070683 0.1860389 0.005866348 -0.04927724 0.1753419 0.005866348 -0.07282632 0.1559477 0.005866348 -0.08880221 0.1299579 0.005866408 -0.09547352 0.1001892 0.005866408 -0.09211748 0.06986701 0.005866408 -0.07909768 0.04227757 0.005866408 -0.05782508 0.02041047 0.005866408 -3.86809e-4 0.002445101 0.005866408 0.02955466 0.008293628 0.005866408 0.05597472 0.02354729 0.005866408 0.0760104 0.04655307 0.005866408 0.08749055 0.07481783 0.005866408 0.08087003 0.1346349 0.005866408 0.03890502 0.1777727 0.005866408 -0.03060489 0.006635367 0.01534897 0.08713918 0.1050539 0.01534897 0.07902121 0.1337624 0.01534897 0.06202137 0.1582797 0.01534897 0.03798198 0.1759486 0.01534897 0.009507954 0.1848545 0.01534897 -0.02031493 0.1840325 0.01534897 -0.07128465 0.154605 0.01534897 -0.08690804 0.1291886 0.01534897 -0.0934323 0.1000764 0.01534897 -0.09015023 0.0704233 0.01534897 -0.07741773 0.04344242 0.01534897 -0.05661433 0.02205771 0.01534897 -0.0299946 0.008586525 0.01534897 -4.43077e-4 0.004488706 0.01534897 0.02883774 0.01020818 0.01534897 0.05467504 0.02512538 0.01534903 0.07426875 0.04762363 0.01534897 0.08549571 0.07526493 0.01534897 -0.04825508 0.1735715 0.01784259 0.08888304 0.1052469 0.01784259 0.08060795 0.1345112 0.01784259 0.06327897 0.1595031 0.01784259 0.03877419 0.177514 0.01784259 0.009748935 0.1865924 0.01784259 -0.02065128 0.1857544 0.01784259 -0.04913234 0.1750909 0.01784259 -0.07260775 0.1557574 0.01784259 -0.08853358 0.1298489 0.01784259 -0.09183859 0.06994587 0.01784259 -0.07885956 0.04244273 0.01784259 -0.05765342 0.020644 0.01784259 -0.03051835 0.006911993 0.01784259 -3.94738e-4 0.00273478 0.01784259 0.02945297 0.008565127 0.01784259 0.05579048 0.02377104 0.01784259 0.07576346 0.04670482 0.01784259 0.08720773 0.07488119 0.01784259 -0.09518414 0.1001731 0.02949219 0.08878511 0.1052361 0.02949219 0.08051878 0.1344692 0.02949225 0.06320834 0.1594343 0.02949219 0.03872966 0.1774261 0.02949219 0.009735405 0.1864948 0.02949219 -0.02063238 0.1856577 0.02949219 -0.04908299 0.1750056 0.02949219 -0.07253336 0.1556926 0.02949219 -0.09508568 0.1001677 0.02949219 -0.0917437 0.06997269 0.02949219 -0.0787785 0.04249888 0.02949219 -0.05759507 0.0207234 0.02949219 -0.0304889 0.007006108 0.02949219 -3.97481e-4 0.002833366 0.02949219 0.0294184 0.008657395 0.02949219 0.05572772 0.0238471 0.02949219 0.07567948 0.04675644 0.02949219 0.08711153 0.07490277 0.02949219 -0.08844232 0.1298117 0.03284305 0.07691401 0.132768 0.03284317 0.06035125 0.1566549 0.03284317 0.03692984 0.1738696 0.03284311 -0.04709005 0.1715536 0.03284317 0.02802079 0.01239031 0.03284305 0.0531938 0.02692401 0.03284305 0.08482331 0.1047976 0.03284317 0.009187936 0.1825466 0.03284311 -0.01986825 0.1817457 0.03284305 -0.08474928 0.1283118 0.03284317 -0.09110575 0.0999481 0.03284305 -0.08790814 0.07105731 0.03284305 -0.07550293 0.04477006 0.03284305 -0.05523443 0.02393513 0.03284317 -0.02929902 0.01081031 0.03284317 -5.07332e-4 0.006817817 0.03284305 0.07228374 0.04884374 0.03284305 0.08322203 0.07577443 0.03284311 -0.06952756 0.1530748 0.03633534 0.08502769 0.1048202 0.03633534 0.07709997 0.1328557 0.03633534 0.06049865 0.1567982 0.03633534 0.0370227 0.174053 0.03633534 0.009216189 0.1827502 0.03633534 -0.01990765 0.1819475 0.03633534 -0.04719287 0.1717316 0.03633534 -0.06968265 0.1532099 0.03633534 -0.08493983 0.1283892 0.03633534 -0.09131109 0.09995949 0.03633534 -0.08810597 0.07100135 0.03633534 -0.07567191 0.04465293 0.03633534 -0.0553562 0.02376949 0.03633534 -0.02936041 0.01061409 0.03633534 -5.01611e-4 0.006612241 0.03633534 0.02809286 0.01219779 0.03633534 0.05332452 0.02676522 0.03633534 0.07245892 0.04873603 0.03633534 0.08342272 0.07572942 0.04061353 0.0888791 0.1052464 0.04061353 0.08060431 0.1345095 0.04061353 0.06327611 0.1595003 0.04061353 0.03877234 0.1775104 0.04061353 0.009748399 0.1865884 0.04061353 -0.0206505 0.1857505 0.04061353 -0.04913032 0.1750874 0.04061353 -0.07260471 0.1557548 0.04061353 -0.08852994 0.1298474 0.04061353 -0.09518015 0.1001729 0.04061353 -0.09183472 0.069947 0.04061353 -0.07885622 0.042445 0.04061353 -0.0576511 0.02064722 0.04061353 -0.0305171 0.006915807 0.04061353 -3.94859e-4 0.002738833 0.04061353 0.0294516 0.008568823 0.04061353 0.05578786 0.02377408 0.04061353 0.07576 0.04670685 0.04061353 0.0872038 0.07488209 0.0497725 0.08896237 0.1052557 0.0497725 0.08068007 0.1345453 0.0497725 0.06333619 0.1595587 0.0497725 0.03881019 0.1775851 0.0497725 -0.02066653 0.1858327 0.0497725 -0.04917222 0.17516 0.0497725 -0.07266795 0.1558098 0.0497725 -0.08860749 0.1298789 0.0497725 -0.09526377 0.1001776 0.0497725 -0.0919153 0.06992411 0.0497725 -0.07892507 0.0423972 0.0497725 -0.05770069 0.02057969 0.0497725 -0.03054219 0.006835877 0.0497725 -3.92595e-4 0.002655029 0.04977256 0.02948099 0.008490383 0.04977256 0.0558412 0.02370947 0.04977256 0.07583141 0.04666298 0.04977256 0.08728563 0.07486379 0.0497725 0.009759902 0.1866714 0.05428892 0.0850383 0.1048213 0.05428892 0.07710969 0.1328604 0.05428892 0.06050634 0.1568057 0.05428892 0.03702753 0.1740626 0.05428892 0.009217679 0.1827608 0.05428892 -0.01990967 0.181958 0.05428892 -0.04719823 0.171741 0.05428892 -0.0696907 0.1532169 0.05428892 -0.08494979 0.1283933 0.05428892 -0.09132176 0.09996008 0.05428892 -0.08811628 0.07099843 0.05428892 -0.07568073 0.04464679 0.05428886 -0.05536252 0.02376079 0.05428892 -0.02936363 0.01060384 0.05428886 -5.01374e-4 0.006601572 0.05428886 0.02809661 0.01218771 0.05428892 0.05333125 0.02675694 0.05428892 0.08343315 0.0757271 0.05428892 0.07246804 0.04873043 0.0576207 0.07691264 0.1327673 0.05762082 0.009187698 0.1825451 0.05762082 -0.04708927 0.1715523 0.05762082 -0.07550173 0.04477095 0.05762082 -0.0292986 0.01081174 0.0576207 -5.07334e-4 0.006819307 0.0576207 0.02802026 0.01239174 0.05762082 0.08482182 0.1047974 0.05762082 0.06035017 0.1566539 0.05762082 0.03692919 0.1738681 0.05762082 -0.01986795 0.1817442 0.05762082 -0.06952637 0.1530738 0.0576207 -0.08474791 0.1283112 0.05762082 -0.09110426 0.09994804 0.05762082 -0.08790671 0.07105767 0.0576207 -0.05523353 0.02393639 0.05762082 0.05319285 0.02692514 0.05762082 0.07228249 0.04884457 0.05762082 0.0832206 0.07577472 0.06197059 0.08887696 0.1052462 0.06197059 0.0806024 0.1345086 0.06197059 0.06327462 0.1594988 0.06197041 0.03877139 0.1775086 0.06197059 0.009748101 0.1865863 0.06197053 -0.02065008 0.1857485 0.06197053 -0.04912924 0.1750856 0.06197053 -0.08852791 0.1298466 0.06197059 -0.095178 0.1001728 0.06197059 -0.09183269 0.06994754 0.06197059 -0.07885444 0.04244619 0.06197059 -0.05764985 0.02064889 0.06197041 -3.9498e-4 0.002740919 0.06197047 0.02945083 0.008570849 0.06197059 0.05578655 0.02377575 0.06197059 0.07575821 0.04670798 0.06197059 0.08720183 0.07488256 0.06197053 -0.07260316 0.1557533 0.06197041 -0.03051656 0.006917834 0.06298142 0.08893799 0.1052529 0.06298142 0.08065789 0.1345347 0.06298148 0.06331861 0.1595416 0.0629813 0.03879916 0.1775633 0.06298142 0.009756624 0.1866471 0.06298142 -0.02066189 0.1858087 0.0629813 -0.04916 0.1751388 0.06298136 -0.07264941 0.1557937 0.06298142 -0.08858489 0.1298696 0.06298142 -0.09523934 0.1001762 0.06298142 -0.09189176 0.06993079 0.06298142 -0.07890492 0.0424112 0.06298142 -0.0576862 0.02059942 0.0629813 -0.03053486 0.006859242 0.0629813 -3.93252e-4 0.002679526 0.06298142 0.02947235 0.008513331 0.06298142 0.05582553 0.02372831 0.06298142 0.07581055 0.04667586 0.06298142 0.08726167 0.07486909 0.07297921 0.08939188 0.1053032 0.07297921 0.08107084 0.1347296 0.07297921 0.06364589 0.1598599 0.07297921 0.03900527 0.1779708 0.07297921 0.009819328 0.1870995 0.07297921 -0.02074939 0.1862569 0.07297921 -0.07299375 0.1560935 0.07297921 -0.08900791 0.1300415 0.07297921 -0.09569525 0.1002014 0.07297921 -0.09233117 0.06980663 0.07297921 -0.07928019 0.04215103 0.07297921 -0.05795651 0.02023154 0.07297921 -0.03067117 0.006423413 0.07297921 -3.80676e-4 0.002223074 0.07297921 0.02963244 0.008085727 0.07297921 0.0561158 0.02337586 0.07297921 0.07619959 0.04643672 0.07297921 0.08770722 0.07476925 0.07297921 -0.04938828 0.1755341 0.07518351 0.08936125 0.1052998 0.07518351 0.081043 0.1347165 0.07518351 0.06362384 0.1598385 0.07518351 0.009815037 0.187069 0.07518362 -0.02074348 0.1862266 0.07518351 -0.04937285 0.1755076 0.07518351 -0.07297056 0.1560733 0.07518351 -0.08897936 0.1300299 0.07518351 -0.0956645 0.1001997 0.07518351 -0.09230154 0.06981498 0.07518351 -0.0792548 0.04216855 0.07518351 -0.05793827 0.02025634 0.07518351 -0.030662 0.006452858 0.07518351 -3.8157e-4 0.00225389 0.07518357 0.02962166 0.008114516 0.07518357 0.05609625 0.02339965 0.07518357 0.0761733 0.04645282 0.07518357 0.08767718 0.07477599 0.07518351 0.03899139 0.1779433 0.07625532 0.08920305 0.1052823 0.07625532 0.08089911 0.1346486 0.07625532 0.06350976 0.1597276 0.07625532 0.009793221 0.1869113 0.07625526 -0.02071297 0.1860704 0.07625514 -0.04929327 0.1753697 0.07625526 -0.07285052 0.1559688 0.07625526 -0.0888319 0.12997 0.07625532 -0.09550559 0.1001909 0.07625532 -0.09214836 0.06985831 0.07625532 -0.07912409 0.04225927 0.07625532 -0.0578441 0.0203846 0.07625532 -3.85921e-4 0.002412974 0.07625532 0.02956587 0.008263587 0.07625532 0.05599504 0.02352249 0.07625532 0.0760377 0.0465362 0.07625532 0.08752191 0.0748108 0.07625532 0.03891956 0.1778013 0.07625532 -0.03061443 0.00660479 0.0810917 0.08500605 0.1048178 0.0810917 0.0770803 0.1328464 0.0810917 0.009213209 0.1827287 0.0810917 -0.01990348 0.181926 0.0810917 -0.0471819 0.1717128 0.0810917 -0.0696662 0.1531956 0.0810917 -0.08491957 0.128381 0.0810917 -0.09128928 0.0999583 0.0810917 -0.08808505 0.07100725 0.0810917 -0.07565402 0.04466533 0.0810917 -0.05534327 0.02378708 0.0810917 -0.02935391 0.01063489 0.0810917 -5.0227e-4 0.006634116 0.0810917 0.02808523 0.01221817 0.08109158 0.05331063 0.02678203 0.0810917 0.07244032 0.04874747 0.0810917 0.08340138 0.07573419 0.0810917 0.06048303 0.1567831 0.0810917 0.03701287 0.1740337 0.08380705 0.08527243 0.1048473 0.08380705 0.07732272 0.1329609 0.08380705 0.06067514 0.15697 0.08380705 -0.01995486 0.1821892 0.08380705 -0.04731601 0.171945 0.08380705 -0.06986832 0.1533716 0.08380705 -0.085168 0.1284819 0.08380705 -0.09155702 0.09997308 0.08380705 -0.08834302 0.07093435 0.08380705 -0.07587432 0.04451256 0.08380705 -0.05550205 0.02357107 0.08380705 -0.02943396 0.01037901 0.08380705 -4.94879e-4 0.006366074 0.08380705 0.02817922 0.01196706 0.08380705 0.05348104 0.02657514 0.08380705 0.07266879 0.04860711 0.08380705 0.08366298 0.07567554 0.08380705 0.03713393 0.1742728 0.08380705 0.009250044 0.1829941 0.08719146 0.08898854 0.1052586 0.0871914 0.08070391 0.1345565 0.08719146 0.03882211 0.1776087 0.08719146 0.009763538 0.1866976 0.08719146 -0.0206716 0.1858586 0.08719146 -0.04918539 0.1751828 0.0871914 -0.0726878 0.1558271 0.0871914 -0.08863198 0.1298889 0.0871914 -0.09529006 0.100179 0.0871914 -0.09194076 0.06991702 0.08719146 -0.07894676 0.04238218 0.0871914 -0.05771631 0.02055847 0.0871914 -0.03055 0.006810724 0.0871914 -3.91883e-4 0.002628743 0.0871914 0.02949017 0.008465707 0.0871914 0.05585789 0.02368915 0.0871914 0.07585388 0.04664921 0.0871914 0.08731132 0.07485795 0.0871914 0.06335502 0.1595771 0.08791577 0.08908516 0.1052693 0.08791577 0.08079177 0.1345979 0.08791571 0.0634247 0.1596448 0.08791571 0.03886604 0.1776954 0.08791577 0.00977689 0.1867938 0.08791571 -0.02069026 0.185954 0.08791577 -0.04923397 0.175267 0.08791571 -0.07276105 0.1558909 0.08791571 -0.08872199 0.1299253 0.08791577 -0.0953871 0.1001843 0.08791571 -0.09203428 0.06989049 0.08791577 -0.07902663 0.04232686 0.08791571 -0.05777388 0.02048015 0.08791571 -0.03057903 0.006717979 0.08791571 -3.89201e-4 0.002531588 0.08791571 0.02952426 0.008374691 0.08791577 0.05591964 0.02361404 0.08791571 0.07593667 0.04659831 0.08791571 0.08740609 0.07483673 0.08909976 0.08915078 0.1052765 0.08909976 0.08085155 0.1346262 0.08909976 0.06347209 0.1596909 0.08909976 0.03889578 0.1777544 0.08909988 0.00978595 0.1868591 0.08909976 -0.02070289 0.1860188 0.08909976 -0.04926699 0.1753242 0.08909988 -0.07281088 0.1559343 0.08909976 -0.09545302 0.100188 0.08909976 -0.09209775 0.06987261 0.08909976 -0.07908087 0.04228919 0.08909976 -0.05781298 0.02042698 0.08909976 -0.03059875 0.006654977 0.08909976 -3.87353e-4 0.002465546 0.08909976 0.02954745 0.00831288 0.08909976 0.05596166 0.02356314 0.08909976 0.07599294 0.04656374 0.08909976 0.08747053 0.0748223 0.08909976 -0.0887832 0.1299502 0.1029952 0.08908796 0.1052695 0.1029952 0.08079439 0.1345992 0.1029952 0.06342679 0.1596468 0.1029952 0.03886729 0.177698 0.1029952 0.009777307 0.1867967 0.1029952 -0.02069079 0.1859568 0.1029952 -0.0492354 0.1752695 0.1029952 -0.0727632 0.1558927 0.1029952 -0.09539002 0.1001845 0.1029952 -0.09203696 0.06988978 0.1029952 -0.0790289 0.04232519 0.1029952 -0.05777549 0.02047783 0.1029952 -0.03057992 0.006715238 0.1029952 -3.89143e-4 0.002528727 0.1029952 0.02952527 0.008372008 0.1029952 0.05592143 0.02361184 0.1029952 0.07593905 0.04659682 0.1029952 0.08740895 0.07483607 0.1029952 -0.08872461 0.1299264 0.1133952 0.08472752 0.1047869 0.1133952 0.06028223 0.1565877 0.1133952 0.03688639 0.1737836 0.1133952 0.009174704 0.1824512 0.1133952 -0.01984977 0.1816512 0.1133952 -0.04704189 0.1714702 0.1133952 -0.06945496 0.1530115 0.1133952 -0.08466005 0.1282756 0.1133952 -0.09100955 0.09994286 0.1133952 -0.0878154 0.07108354 0.1133952 -0.07542377 0.04482501 0.1133952 -0.05517739 0.0240128 0.1133952 -0.02927029 0.01090228 0.1133952 -5.10022e-4 0.006914079 0.1133952 0.027987 0.01248055 0.1133952 0.05313247 0.02699828 0.1133952 0.07220166 0.04889422 0.1133952 0.08312803 0.07579547 0.1133952 0.07682693 0.1327269 0.1278697 0.07239723 0.1034222 0.1278697 0.06560778 0.1274324 0.1278697 0.05139005 0.1479372 0.1278697 0.0312848 0.1627146 0.1278697 0.007470726 0.170163 0.1278697 -0.01747149 0.1694755 0.1278697 -0.04083901 0.1607266 0.1278697 -0.06009978 0.1448642 0.1278697 -0.07316631 0.1236072 0.1278697 -0.07862275 0.09925949 0.1278697 -0.0758779 0.07445913 0.1278697 -0.06522911 0.05189383 0.1278697 -0.04783034 0.03400886 0.1278697 -0.02556699 0.02274227 0.1278697 -8.51796e-4 0.01931506 0.1278697 0.02363705 0.02409857 0.1278697 0.04524594 0.03657442 0.1278697 0.06163305 0.05539071 0.1278697 0.07102268 0.07850837 0.145762 0.05345553 0.1013257 0.145762 0.0483731 0.1192992 0.145762 0.03773009 0.1346486 0.145762 0.0226798 0.1457107 0.145762 0.004853188 0.1512864 0.145762 -0.01381796 0.1507717 0.145762 -0.03131037 0.1442224 0.145762 -0.04572844 0.1323481 0.145762 -0.0555098 0.1164358 0.145762 -0.05959439 0.09820961 0.145762 -0.05753964 0.07964473 0.145762 -0.04956817 0.06275284 0.145762 -0.0365439 0.04936456 0.145762 -0.01987814 0.04093068 0.145762 -0.001376867 0.03836512 0.145762 0.01695489 0.04194599 0.145762 0.03313076 0.05128514 0.145762 0.04539775 0.0653705 0.145762 0.05242657 0.08267587 0.1829729 -0.008143842 0.1215897 0.1829729 -0.02894538 0.0877304 0.1829729 -0.01894533 0.07330834 0.1829729 -0.002195656 0.06806939 0.1829729 0.006543755 0.06977432 0.1829729 0.02012914 0.08095973 0.1829729 0.02146649 0.1066862 0.1829729 0.009191572 0.1191999 0.1829729 -0.02797853 0.1052536 0.1829729 -0.0110076 0.06929135 0.1829729 0.02393132 0.09813249 0.1829729 0.01636463 0.1139668 0.1829729 7.21263e-4 0.1218345 0.1829729 -0.01645714 0.1184819 0.1829729 -0.02331978 0.1128325 0.1829729 -0.02992403 0.09657269 0.1829729 -0.02514868 0.07968503 0.1829729 0.01426893 0.07422947 0.1829729 0.02347266 0.08923119 -0.1083484 -0.002859473 0.09799832 0.1719292 0.02407884 0.09807431 0.1719292 -0.00815171 0.1217638 0.1719292 -0.02812623 0.1053135 0.1719292 -0.0252797 0.07959413 0.1719292 -0.01903975 0.0731799 0.1719292 -0.002191305 0.06791001 0.1719292 0.006591439 0.06962555 0.1719292 0.02021837 0.08084821 0.1719292 0.01654481 0.1140393 0.1719292 7.93586e-4 0.1220104 0.1719292 -0.0165323 0.1186261 0.1719292 -0.02344 0.1129372 0.1719292 -0.03008317 0.09658145 0.1719292 -0.0290988 0.08768701 0.1719292 0.01434123 0.07409989 0.1719292 0.02358585 0.08913916 0.1719292 0.02164393 0.1066854 0.1719292 0.009334266 0.1193391 0.1719292 -0.01105523 0.06913918 -0.03134226 0.08555215 0.07525229 -0.03134226 -0.09020596 0.07040745 -0.03134232 0.05471187 0.02508068 -0.03134232 -0.03001189 0.008531272 -0.03134226 -0.07746529 0.0434094 -0.03134232 -4.41523e-4 0.00443083 -0.03134226 0.07431811 0.04759329 -0.03134226 -0.09349006 0.1000796 -0.03134226 0.07907354 0.1337872 -0.03134226 0.06206285 0.15832 -0.03134232 -0.05664867 0.02201104 -0.03134226 -0.07132834 0.1546431 -0.03134226 -0.02032601 0.1840893 -0.03134226 0.0871967 0.1050602 -0.03134232 0.02885812 0.010154 -0.03134226 -0.04828399 0.1736216 -0.03134226 0.03800803 0.1760002 -0.03134226 0.009515881 0.1849119 -0.03134226 -0.08696168 0.1292104 -0.01669073 -0.09038555 0.07035672 -0.01669073 0.02892351 0.009979188 -0.01669073 -0.03006756 0.008353114 -0.01669073 -0.09367644 0.1000899 -0.01669073 0.03809237 0.1761668 -0.01669067 -0.02036184 0.1842725 -0.01669073 0.08738219 0.1050807 -0.01669073 0.07447707 0.04749548 -0.01669073 -0.07761865 0.04330307 -0.01669073 -0.05675911 0.02186065 -0.01669073 -4.36339e-4 0.004244208 -0.01669073 0.05483049 0.02493661 -0.01669073 0.0857343 0.07521146 -0.01669073 0.06219667 0.1584501 -0.01669073 0.009541571 0.1850968 -0.01669067 -0.08713465 0.1292806 -0.01669073 -0.04837733 0.1737832 -0.01669073 -0.07146906 0.1547657 -0.01669067 0.07924234 0.1338668 0.008220255 -0.03002202 0.008498907 0.008220255 -0.02033251 0.1841226 0.008220255 -0.07749313 0.04339009 0.008220255 0.07910424 0.1338016 0.008220255 -4.40573e-4 0.004396855 0.008220255 0.06208717 0.1583437 0.008220255 0.00952059 0.1849455 0.008220314 0.07434701 0.04757553 0.008220255 -0.09352397 0.1000815 0.008220255 -0.04830098 0.173651 0.008220255 -0.08699315 0.1292232 0.008220255 -0.07135391 0.1546654 0.008220314 0.02886998 0.01012223 0.008220255 -0.05666875 0.02198374 0.008220255 0.08723044 0.1050639 0.008220255 -0.09023863 0.07039833 0.008220255 0.03802347 0.1760304 0.008220314 0.05473339 0.02505445 0.008220314 0.08558529 0.07524484 -0.05436837 -0.02041697 0.1845549 -0.05436843 -0.08740127 0.1293889 -0.05436843 -4.28408e-4 0.003956615 -0.05436843 -0.04852122 0.1740324 -0.05436843 -0.07168602 0.1549546 -0.05436843 0.02902448 0.009709775 -0.05436843 0.08766824 0.1051124 -0.05436843 0.08601504 0.07514852 -0.05436843 -0.09066247 0.07027846 -0.05436843 0.05501341 0.02471446 -0.05436843 0.07950258 0.1339896 -0.05436843 0.03822225 0.1764234 -0.05436843 -0.09396368 0.1001058 -0.05436843 0.0624029 0.1586507 -0.05436843 0.07472223 0.04734486 -0.05436843 -0.05692958 0.02162879 -0.05436837 0.009581089 0.1853818 -0.05436843 -0.03015345 0.008078515 -0.05436843 -0.07785511 0.0431391 0.1695613 0.02656584 0.09834957 0.1695613 0.02390676 0.1077532 0.1695613 0.01046407 0.1215716 0.1695613 -0.008631408 0.1242196 0.1695613 -0.0304445 0.1062551 0.1695613 -0.03258156 0.09671932 0.1695613 -0.03150653 0.08700615 0.1695613 -0.02733594 0.07816839 0.1695613 -0.02052164 0.07116365 0.1695613 -0.01180219 0.06675112 0.1695613 -0.002122342 0.06540882 0.1695613 0.00746876 0.06728225 0.1695613 0.02235001 0.07953792 0.1695613 0.01833838 0.1157841 0.1695613 0.001137197 0.1244889 0.1695613 -0.0177834 0.1207931 0.1695613 -0.0253269 0.1145805 0.1695613 0.01593196 0.07216846 0.1695613 0.0260275 0.08859199 0.1989526 0.02490848 0.08458429 0.1989526 0.0264064 0.09011375 0.1996932 0.02471369 0.08454596 0.185369 0.02446675 0.08413457 0.1989526 0.02207511 0.07932496 0.1989526 0.01843231 0.07473212 0.1996932 0.02208548 0.07934921 0.185369 0.02153438 0.07898324 0.185369 0.01783883 0.07450783 0.185369 0.01336896 0.07086235 0.1989526 0.01397258 0.07097017 0.185369 0.008226633 0.06814271 0.1989526 0.008803367 0.06814455 0.185369 0.002696216 0.06648975 0.1989526 0.003218233 0.06640577 0.185369 -0.002937734 0.06593418 0.1989526 -0.002486646 0.06578862 0.185369 -0.008685588 0.06649816 0.1989526 -0.008313417 0.06631267 0.185369 -0.01438832 0.06809544 0.1989526 -0.01409667 0.06789118 0.185369 -0.01949983 0.07085698 0.1989526 -0.01927125 0.07064229 0.185369 -0.02385026 0.07465225 0.1989526 -0.02366936 0.07442671 0.185369 -0.02742916 0.07900863 0.1989526 -0.02728962 0.07877594 0.185369 -0.0302968 0.08405393 0.1989526 -0.03019499 0.08381408 0.185369 -0.03198081 0.08960551 0.1989526 -0.03191107 0.08934658 0.185369 -0.03238624 0.09549945 0.1989526 -0.03235036 0.09520643 0.185369 -0.03198081 0.1011524 0.1989526 -0.03198593 0.100831 0.185369 -0.03016394 0.1066329 0.1989526 -0.03022199 0.1062657 0.185369 -0.02744567 0.1117244 0.1989526 -0.02757251 0.1113168 0.185369 -0.02370834 0.1164445 0.1989526 -0.02392208 0.1160107 0.185369 -0.01933592 0.1198384 0.1989526 -0.01964247 0.1193945 0.185369 -0.01426172 0.1225506 0.1989526 -0.01466739 0.1221286 0.185369 -0.00858885 0.1243894 0.1989526 -0.009090006 0.1240271 0.185369 -0.003043889 0.1247884 0.1989526 -0.003617346 0.1245113 0.185369 0.0026744 0.124236 0.1989526 0.002055346 0.1240788 0.185369 0.008371055 0.1224843 0.1989526 0.00774604 0.1224743 0.185369 0.01326471 0.1199 0.1989526 0.01267731 0.1200364 0.185369 0.01785701 0.1161341 0.1989526 0.01735794 0.1164221 0.185369 0.0214281 0.1118508 0.1989526 0.02105051 0.1122643 0.185369 0.0242486 0.106598 0.1989526 0.02403652 0.1071106 0.185369 0.0259124 0.1012725 0.1989526 0.02587366 0.1018335 0.185369 0.02650284 0.09530878 0.1989526 0.02665036 0.0958724 0.185369 0.02609699 0.08958792 0.1996932 0.0266385 0.0958994 0.2003211 0.02616196 0.09594148 0.1996932 0.02587658 0.1016803 0.1996932 0.02625823 0.09018081 0.2003211 0.02579861 0.09030437 0.2003211 0.02428942 0.08475619 0.2007406 0.02513265 0.0905919 0.2007406 0.02544248 0.09597438 0.200888 0.02426737 0.09064418 0.2007406 0.02363348 0.08504784 0.200888 0.02284866 0.08537906 0.2007406 0.02113312 0.0800569 0.2003211 0.02171474 0.07964009 0.200888 0.02042812 0.08053523 0.2007406 0.01766216 0.0756393 0.2007406 0.01340174 0.07201492 0.200888 0.01716822 0.07633459 0.2003211 0.01824915 0.07520323 0.1996932 0.01855373 0.07484471 0.2003211 0.01376855 0.07140278 0.1996932 0.01399236 0.07098907 0.2003211 0.008817851 0.06865298 0.1996932 0.008825957 0.06816029 0.2007406 0.008455336 0.0692864 0.2003211 0.0031991 0.06689 0.2007406 0.003104209 0.06759965 0.2003211 -0.002515852 0.06628119 0.1996932 0.003242373 0.0664184 0.1996932 -0.002566635 0.06580775 0.1996932 -0.008288502 0.06632041 0.2003211 -0.008146584 0.0667783 0.1996932 -0.01399499 0.0680257 0.2003211 -0.01376366 0.06844896 0.1996932 -0.01914489 0.07075721 0.2003211 -0.01883381 0.07112997 0.1996932 -0.02355659 0.07432377 0.2003211 -0.02317821 0.07463306 0.1996932 -0.02731066 0.07886201 0.1996932 -0.03002023 0.08384484 0.2003211 -0.02687615 0.07909202 0.2007406 -0.02623707 0.07945489 0.2003211 -0.0295757 0.08408087 0.2007406 -0.02887493 0.08431345 0.2003211 -0.03124958 0.08951991 0.1996932 -0.03174507 0.08947306 0.2003211 -0.03183716 0.09500426 0.2007406 -0.03051352 0.08961123 0.2007406 -0.03109353 0.09495365 0.200888 -0.0296362 0.08961355 0.200888 -0.02805453 0.08460229 0.200888 -0.03021812 0.09491044 0.200888 0.001554667 0.1219355 0.2007406 0.001726984 0.1228032 0.200888 -0.003708899 0.122305 0.200888 -0.02239805 0.114223 0.200888 -0.02206528 0.07578718 0.200888 -0.002333283 0.06784123 0.200888 0.02459794 0.09618401 0.200888 0.01573967 0.1149601 0.200888 0.006830394 0.1204805 0.200888 -0.008767545 0.1216861 0.200888 -0.02584594 0.1099747 0.200888 -0.01787012 0.0723921 0.200888 0.002970337 0.06843924 0.200888 0.02382862 0.1013628 0.200888 0.01154428 0.1181434 0.200888 -0.01393961 0.1200419 0.200888 -0.02827918 0.1052873 0.200888 -0.01296943 0.06981825 0.200888 0.008155584 0.07008099 0.200888 0.02203071 0.1064152 0.200888 -0.01853609 0.1174871 0.200888 -0.02975755 0.1002021 0.200888 -0.02544593 0.07981348 0.200888 -0.007870316 0.06833797 0.200888 0.01303619 0.07278263 0.200888 0.01919913 0.111155 0.2007406 0.01992839 0.1116402 0.2003211 0.0206452 0.1118966 0.2007406 0.01625186 0.1157082 0.2007406 0.02283519 0.1067405 0.2003211 0.02352845 0.1069908 0.2007406 0.02467423 0.1015229 0.2003211 0.02539366 0.1016316 0.1996932 0.02393704 0.1073189 0.1996932 0.02100712 0.1122748 0.1996932 0.01731353 0.116418 0.2003211 0.01692396 0.1160881 0.1996932 0.0126385 0.1200179 0.1996932 0.007708311 0.122447 0.2003211 0.01248806 0.1194881 0.2007406 0.01188957 0.1189919 0.2003211 0.007295727 0.1220793 0.2003211 0.001891911 0.1235431 0.2007406 0.007176458 0.1212955 0.1996932 0.002227544 0.1239855 0.2003211 -0.0036785 0.1239517 0.1996932 -0.003642618 0.1244686 0.2007406 -0.003702223 0.1231917 0.2003211 -0.009215176 0.1232922 0.1996932 -0.009276866 0.1238074 0.2003211 -0.0143845 0.1216293 0.2007406 -0.009096145 0.1225402 0.2007406 -0.01426041 0.1208708 0.2007406 -0.01879197 0.1183582 0.2007406 -0.0231595 0.1147409 0.2003211 -0.01939487 0.1188943 0.1996932 -0.01964205 0.1193479 0.2003211 -0.02349597 0.1154469 0.1996932 -0.02399092 0.1157037 0.2003211 -0.02716147 0.1109548 0.1996932 -0.02755707 0.1112784 0.2007406 -0.02656084 0.1104965 0.2003211 -0.0297532 0.1059941 0.2007406 -0.02907842 0.1056614 0.1996932 -0.03020113 0.1062333 0.2003211 -0.0313341 0.1006096 0.1996932 -0.03181684 0.1007559 0.2007406 -0.03061103 0.1004146 0.1996932 -0.03233587 0.09505313 0.1996932 -0.01467573 0.1220808 0.2007406 -0.008077621 0.06750923 0.2007406 -0.01333463 0.06904256 0.2007406 -0.002467453 0.06699794 0.2007406 -0.0182867 0.07162427 0.2007406 -0.02262622 0.07511323 0.1720338 0.01869958 0.117047 0.1782404 0.01869732 0.1170484 0.1720338 0.01405805 0.1208561 0.1720338 0.0225088 0.1124055 0.1720338 0.01762413 0.1159716 0.1720338 0.02124422 0.1115605 0.1720338 0.01321309 0.1195916 0.1720338 0.008180558 0.1222816 0.1720338 0.002719938 0.123938 0.1720338 0.008762538 0.1236867 0.1782404 0.008762538 0.1236867 0.1720338 0.00301665 0.1254297 0.1782404 0.00301665 0.1254297 0.1720338 -0.002958893 0.1260182 0.1782404 -0.002958893 0.1260182 0.1720338 -0.008934438 0.1254297 0.1720338 -0.002958893 0.1244973 0.1720338 -0.008637726 0.123938 0.1720338 -0.0140984 0.1222816 0.1720338 -0.01913094 0.1195916 0.1720338 -0.01468038 0.1236867 0.1782404 -0.01468038 0.1236867 0.1720338 -0.01997584 0.1208561 0.1782404 -0.01997584 0.1208561 0.1720338 -0.02461737 0.1170469 0.1782404 -0.02461737 0.117047 0.1720338 -0.02842658 0.1124054 0.1720338 -0.02354198 0.1159716 0.1720338 -0.02716207 0.1115605 0.1720338 -0.02985203 0.1065279 0.1720338 -0.03150844 0.1010673 0.1720338 -0.03125709 0.1071099 0.1782404 -0.03125709 0.1071099 0.1720338 -0.03300011 0.101364 0.1782404 -0.03300011 0.101364 0.1720338 -0.03358864 0.09538847 0.1782404 -0.03358864 0.09538847 0.1720338 -0.03300011 0.08941286 0.1720338 -0.03206777 0.09538847 0.1720338 -0.03150844 0.08970957 0.1720338 -0.02985203 0.08424896 0.1720338 -0.02716207 0.07921642 0.1720338 -0.03125709 0.08366698 0.1782404 -0.03125709 0.08366698 0.1720338 -0.02842658 0.07837146 0.1782404 -0.02842658 0.07837146 0.1720338 -0.02461737 0.07372993 0.1782404 -0.02461737 0.07372993 0.1720338 -0.01997584 0.06992071 0.1720338 -0.02354198 0.07480537 0.1720338 -0.01913094 0.07118529 0.1720338 -0.0140984 0.06849533 0.1720338 -0.008637726 0.06683886 0.1720338 -0.01468038 0.06709027 0.1782404 -0.01468038 0.06709027 0.1720338 -0.008934438 0.06534725 0.1782404 -0.008934438 0.06534725 0.1720338 -0.002958893 0.06475865 0.1782404 -0.002958893 0.06475865 0.1720338 0.00301665 0.06534725 0.1720338 -0.002958893 0.06627953 0.1720338 0.002719938 0.06683886 0.1720338 0.008180558 0.06849533 0.1720338 0.01321309 0.07118529 0.1720338 0.008762538 0.06709027 0.1782404 0.008762538 0.06709027 0.1720338 0.01405805 0.06992071 0.1782404 0.01405805 0.06992071 0.1720338 0.01869958 0.07372993 0.1782404 0.01869958 0.07372993 0.1720338 0.0225088 0.07837146 0.1720338 0.01762413 0.07480537 0.1720338 0.02124422 0.07921642 0.1720338 0.02393418 0.08424896 0.1720338 0.02559065 0.08970957 0.1720338 0.02533924 0.08366698 0.1782404 0.02533924 0.08366698 0.1720338 0.02708226 0.08941286 0.1782404 0.02708256 0.0894134 0.1720338 0.0276708 0.09538847 0.1782404 0.02767139 0.09539073 0.1720338 0.02708226 0.101364 0.1720338 0.02614998 0.09538847 0.1720338 0.02559065 0.1010673 0.1720338 0.02393418 0.1065279 0.1720338 0.02533924 0.1071099 0.1782404 0.02533757 0.1071141 0.1795372 0.02827012 0.1083327 0.1782404 0.02250617 0.1124085 0.1782404 0.02708202 0.1013678 0.1795372 0.03019636 0.1019905 0.1795372 0.03084743 0.09539288 0.1825026 0.03019618 0.1020227 0.1845405 0.02746117 0.1015392 0.1825026 0.03085875 0.09542107 0.1825026 0.02825713 0.1083629 0.1845405 0.02566128 0.1073518 0.1825026 0.02512067 0.1141983 0.1845405 0.0227648 0.1126956 0.1825026 0.02091085 0.1193075 0.1795372 0.02514451 0.1141753 0.1795372 0.02094078 0.1192953 0.1795372 0.01582032 0.1234973 0.1825026 0.01579093 0.1234981 0.1782404 0.01405715 0.1208564 0.1795372 0.009977757 0.1266206 0.1825026 0.009956002 0.1266125 0.1795372 0.003636181 0.1285443 0.1795372 -0.002958893 0.1291939 0.1825026 0.003626525 0.1285326 0.1845405 0.003029048 0.1257885 0.1825026 -0.002959012 0.1291831 0.1845405 -0.002999663 0.1263794 0.1825026 -0.009551048 0.1285347 0.1795372 -0.009553968 0.1285443 0.1845405 -0.009030461 0.1257869 0.1825026 -0.01589268 0.1266111 0.1795372 -0.01589566 0.1266206 0.1845405 -0.01483482 0.1240293 0.1825026 -0.02173721 0.1234871 0.1795372 -0.02174013 0.1234966 0.1845405 -0.02019059 0.1211693 0.1825026 -0.02685993 0.1192829 0.1845405 -0.02489012 0.1173132 0.1795372 -0.02686291 0.1192924 0.1825026 -0.03106409 0.1141602 0.1795372 -0.03106707 0.1141697 0.1845405 -0.02874779 0.1126124 0.1825026 -0.03418803 0.1083157 0.1845405 -0.03161436 0.1072496 0.1825026 -0.03611177 0.101974 0.1795372 -0.03419101 0.1083253 0.1795372 -0.03611475 0.1019835 0.1795372 -0.03676432 0.09538847 0.1825026 -0.03676134 0.09537893 0.1795372 -0.03611475 0.08879333 0.1825026 -0.03611177 0.0887838 0.1795372 -0.03419101 0.0824517 0.1782404 -0.03300011 0.08941286 0.1825026 -0.03418803 0.08244216 0.1795372 -0.03106707 0.07660716 0.1795372 -0.02686291 0.07148444 0.1825026 -0.03106409 0.07659763 0.1845405 -0.02874779 0.07814532 0.1825026 -0.02685993 0.07147485 0.1845405 -0.02489012 0.07344472 0.1825026 -0.02173721 0.06727075 0.1845405 -0.02018952 0.06958699 0.1825026 -0.01589268 0.06414681 0.1795372 -0.02174013 0.06728029 0.1782404 -0.01997584 0.06992071 0.1795372 -0.01589566 0.06415635 0.1795372 -0.009553968 0.06223261 0.1825026 -0.009551048 0.06222307 0.1795372 -0.002958893 0.06158304 0.1795372 0.003636181 0.06223261 0.1825026 -0.002955913 0.0615735 0.1845405 -0.002955913 0.06435924 0.1825026 0.003639161 0.06222307 0.1845405 0.00309652 0.06495517 0.1825026 0.009980797 0.06414681 0.1795372 0.009977817 0.06415635 0.1845405 0.00892359 0.0667206 0.1825026 0.01582533 0.06727075 0.1845405 0.0143013 0.06959152 0.1825026 0.0209499 0.07147562 0.1795372 0.01582235 0.06728029 0.1795372 0.02094507 0.07148444 0.1795372 0.02514922 0.07660716 0.1825026 0.0251609 0.07660377 0.1795372 0.02827316 0.0824517 0.1782404 0.0225088 0.07837146 0.1825026 0.02829116 0.08245885 0.1795372 0.03019762 0.0887947 0.1825026 0.03021579 0.0888139 0.1845405 0.02751559 0.0894106 0.1845405 0.02575987 0.08356732 0.1845405 0.02808904 0.0954805 0.1855272 0.02671319 0.08959817 0.1855272 0.02726179 0.0955072 0.1855272 0.02501171 0.08390742 0.1855272 0.02477252 0.08998978 0.1855272 0.02527999 0.0955097 0.1855272 0.02318757 0.08467251 0.1855272 0.02058547 0.07976752 0.1855272 0.01706874 0.07546788 0.1855272 0.02222275 0.07865905 0.1845405 0.02288967 0.07818037 0.1855272 0.01845628 0.07405966 0.1845405 0.01901888 0.07346069 0.1855272 0.01386243 0.07028859 0.1855272 0.008623182 0.06749081 0.1855272 0.01277697 0.07194173 0.1855272 0.007880032 0.06932514 0.1855272 0.002570688 0.06771701 0.1855272 -0.002944529 0.0671761 0.1855272 0.002944529 0.06577128 0.1855272 -0.002952992 0.06519252 0.1855272 -0.008843183 0.06577306 0.1845405 -0.009007573 0.06495529 0.1855272 -0.0145052 0.06749063 0.1855272 -0.008453249 0.06772023 0.1855272 -0.013745 0.06932598 0.1855272 -0.01861971 0.07193154 0.1855272 -0.02289241 0.07543808 0.1855272 -0.01972335 0.07027977 0.1855272 -0.02429711 0.07403337 0.1855272 -0.02805066 0.07860708 0.1855272 -0.03083986 0.08382523 0.1855272 -0.02639889 0.07971078 0.1855272 -0.02900451 0.08458548 0.1855272 -0.03060901 0.08987486 0.1855272 -0.03115075 0.09537559 0.1855272 -0.03255736 0.08948725 0.1845405 -0.03337955 0.08932727 0.1855272 -0.03313732 0.09537559 0.1845405 -0.03397554 0.09537893 0.1855272 -0.03255736 0.1012639 0.1845405 -0.03337955 0.1014305 0.1855272 -0.03083986 0.1069259 0.1855272 -0.03060901 0.1008763 0.1855272 -0.02900457 0.1061655 0.1855272 -0.02640008 0.1110367 0.1855272 -0.02289819 0.1153011 0.1855272 -0.02805066 0.112144 0.1855272 -0.0242986 0.1167149 0.1855272 -0.01973158 0.12046 0.1855272 -0.01452773 0.123238 0.1855272 -0.01863598 0.1187958 0.1855272 -0.01377898 0.1213895 0.1855272 -0.008513867 0.1229863 0.1855272 -0.00304073 0.1235293 0.1855272 -0.008887708 0.1249468 0.1855272 -0.003026604 0.1255256 0.1855272 0.002834677 0.124956 0.1855272 0.008476436 0.1232612 0.1855272 0.002434134 0.1230005 0.1855272 0.007705628 0.1214212 0.1855272 0.01257592 0.1188502 0.1855272 0.0168609 0.1153821 0.1855272 0.01368713 0.1205049 0.1845405 0.01418298 0.1211972 0.1855272 0.01827013 0.1167886 0.1845405 0.01888823 0.1173688 0.1855272 0.02204978 0.1122491 0.1855272 0.02487784 0.1070553 0.1855272 0.02039611 0.1111445 0.1855272 0.02304285 0.1062949 0.1855272 0.02469402 0.1010159 0.1855272 0.02664005 0.1014025 0.1845405 0.008829176 0.1240389 0.1845405 -0.03161436 0.08350819 0.1845405 -0.01482665 0.06672048 0.1782404 0.00301665 0.06534725 0.1782404 -0.02842658 0.1124054 0.1782404 -0.008934438 0.1254297 0.1926639 -0.03794413 0.1030562 0.1983622 -0.03868716 0.1043321 0.1871979 -0.03592967 0.1017535 0.1933018 -0.03641074 0.1031427 0.1929616 -0.0388168 0.1003866 0.1938056 -0.03879278 0.09559488 0.1988015 -0.03957837 0.101718 0.187357 -0.03674787 0.09904676 0.1882051 -0.03672051 0.09425604 0.1832191 -0.03420752 0.09799927 0.184033 -0.03416484 0.09320116 0.1831847 -0.03346288 0.1007276 0.1839807 -0.03226256 0.1010209 0.1880807 -0.03464859 0.1020027 0.1859357 -0.03203576 0.09129965 0.1900063 -0.03438156 0.09227329 0.1848947 -0.03336805 0.0906645 0.1889825 -0.03586548 0.09168648 0.1944381 -0.03788727 0.09299123 0.2001239 -0.03862661 0.09428966 0.1952104 -0.036201 0.09349888 0.200623 -0.03679275 0.09468424 0.2060579 -0.03612798 0.09576129 0.1988 -0.03715872 0.1044134 0.2042941 -0.03656083 0.1054841 0.2096096 -0.03474009 0.1064031 0.2041009 -0.03813177 0.1054881 0.2096661 -0.0362969 0.1064758 0.2046838 -0.0390008 0.1029235 0.2055172 -0.03896331 0.09815615 0.2103899 -0.0371024 0.103951 0.2112185 -0.03703677 0.0991978 0.215713 -0.03394591 0.104793 0.2204436 -0.02964705 0.1054814 0.2165381 -0.03383642 0.1000536 0.2148563 -0.03324437 0.1072894 0.2194677 -0.02908635 0.1079566 0.214554 -0.03175812 0.1071684 0.2189392 -0.02772337 0.1077677 0.216194 -0.03114438 0.0974676 0.2113116 -0.03422462 0.09668999 0.2205133 -0.02699887 0.09811681 0.2165888 -0.03300386 0.09732919 0.2211949 -0.02872586 0.09802317 0.2114061 -0.03614753 0.09648823 0.2058508 -0.03804194 0.09547215 0.2251042 -0.02334326 0.09830647 0.2212663 -0.02947926 0.1007543 0.2252858 -0.02401161 0.1009931 0.2244842 -0.02428722 0.1055954 0.228464 -0.01746886 0.1006619 0.2276791 -0.01797538 0.1051589 0.2305503 -0.01017707 0.100561 0.2281903 -0.01685798 0.09805446 0.2302161 -0.009612619 0.09800672 0.2270447 -0.01548892 0.09795498 0.2241873 -0.02174752 0.09821605 0.228872 -0.008567988 0.09798508 0.2256384 -0.01693475 0.1072152 0.2275299 -0.01057511 0.1070972 0.222702 -0.02273374 0.1076635 0.2265397 -0.01792365 0.1075192 0.2234205 -0.02393329 0.1079821 0.2285845 -0.01130264 0.10733 0.2293877 -0.004467189 0.1079363 0.2297752 -0.0109896 0.1049864 0.2305968 -0.003776967 0.1056358 0.2300982 0.003203451 0.1071804 0.2313702 -0.002642154 0.1012402 0.230882 0.0046103 0.1027531 0.2310174 -0.002123057 0.09866827 0.2305554 0.005076348 0.1000757 0.2295297 -0.001475632 0.09870713 0.2289952 0.005302727 0.1000962 0.2282289 -0.004037857 0.1077483 0.2277017 0.00230813 0.1091979 0.2260334 0.008253455 0.1110199 0.2289039 0.002182841 0.109413 0.2272182 0.008413434 0.1113263 0.2239996 0.01520538 0.1130182 0.2283717 0.009664118 0.1091437 0.2291807 0.01121705 0.1046009 0.2250857 0.0165649 0.1108093 0.2259342 0.01804029 0.1060777 0.2213918 0.02192413 0.1109136 0.2222695 0.02313226 0.1060481 0.2170959 0.02659046 0.1097161 0.2203789 0.02057915 0.113218 0.2161712 0.02532207 0.1121507 0.2193854 0.01982754 0.1127986 0.222897 0.01472711 0.1126082 0.2153133 0.02431058 0.1118102 0.220855 0.02217924 0.1027946 0.2242992 0.01765525 0.1028859 0.2168378 0.02591317 0.1016545 0.2222234 0.02307164 0.1029888 0.2180539 0.02708679 0.1017715 0.2257835 0.01823449 0.1030657 0.2289212 0.01160013 0.1017565 0.227361 0.01142984 0.1016856 0.2133157 0.03007793 0.09977406 0.2179917 0.02743828 0.1047803 0.2131376 0.03068822 0.1026676 0.2122376 0.03018921 0.1075984 0.2078252 0.03285145 0.1003718 0.2069312 0.03260451 0.1052405 0.2016476 0.03386461 0.09832167 0.2081292 0.03206014 0.09760332 0.2021055 0.03298962 0.09563916 0.2073389 0.0304436 0.09773665 0.2016136 0.03120243 0.09584534 0.2122916 0.02866417 0.09978824 0.2057512 0.03013402 0.1077737 0.1999965 0.03118872 0.1057247 0.2107295 0.02779489 0.1099424 0.2062456 0.03152918 0.1078639 0.2002368 0.03270024 0.1057584 0.2114217 0.02902448 0.1101521 0.1945801 0.03244465 0.1040664 0.2007614 0.03372997 0.1031216 0.1949594 0.03343445 0.1013833 0.1892964 0.03178858 0.09975421 0.1958474 0.03351134 0.0965932 0.1901851 0.03182429 0.09497386 0.1964529 0.03261351 0.09396535 0.1909348 0.03094595 0.0923928 0.1962521 0.03074562 0.09426486 0.1910369 0.02906495 0.09277713 0.1945832 0.03087884 0.1041126 0.1893136 0.02930295 0.1025917 0.1839584 0.02634555 0.1011255 0.1890603 0.030864 0.1024747 0.1829184 0.02726709 0.1008092 0.182972 0.02808535 0.09804576 0.1838247 0.02809566 0.09326571 0.1847149 0.02729839 0.09072661 0.1859198 0.02617543 0.09139043 0.1996401 -0.03955388 0.09693729</float_array>
          <technique_common>
            <accessor source="#Bottle_A_C_Lying-mesh-positions-array" count="2526" stride="3">
              <param name="X" type="float"/>
              <param name="Y" type="float"/>
              <param name="Z" type="float"/>
            </accessor>
          </technique_common>
        </source>
        <source id="Bottle_A_C_Lying-mesh-normals">
          <float_array id="Bottle_A_C_Lying-mesh-normals-array" count="7539">0.09754723 -0.02266705 -0.9949728 0.308217 0.3330019 -0.8911297 0.1801918 0.07400202 -0.9808439 0.5129623 0.8572467 0.04469931 -0.6057476 0.7851943 -0.1286071 0.5128701 0.8252665 -0.236431 0.5781369 0.8089782 0.1063576 -0.4816913 0.7787598 0.4018789 -0.5132449 0.8509907 0.111331 0.1786241 -0.5386207 -0.8233962 0.5261146 -0.2792785 -0.8032479 0.5475909 -0.4936345 -0.6756252 0.5059448 0.5821366 0.6365036 -0.3748116 0.4184648 0.8272869 -0.4881225 0.6136973 0.6205739 0.1710649 0.07270747 -0.9825734 0.1914605 0.2922504 -0.9369806 0.2182237 0.3915457 -0.8939074 0.1879397 0.9717839 0.1425297 0.2178007 0.9025529 0.3714312 0.2172172 0.9746749 0.05315792 0.5404087 0.3661473 0.7575584 0.5867763 0.5550541 0.5895835 0.5320245 0.3969835 0.7478998 0.2283045 -0.751724 0.6186988 0.2182504 -0.8827344 0.416109 0.2244905 -0.6991389 0.678829 -0.09081012 0.1424368 0.9856294 0.1754363 0.4063352 0.8967239 -0.06242501 0.49079 0.8690388 -0.5761475 -0.6870422 -0.4427495 -0.6116508 -0.7527734 -0.2433428 -0.605478 -0.7773649 -0.170588 -0.1147969 0.6000213 -0.7917046 -0.1583426 0.8110982 -0.5630696 -0.07002747 0.8550736 -0.513756 -7.21611e-4 -0.2969961 -0.9548785 0.1813216 0.01846498 -0.9832506 0.2154631 -0.2645075 -0.9400061 -0.09379994 -0.9396071 -0.3291506 0.1540761 -0.8316496 -0.5334975 0.1538998 -0.9596863 -0.2351959 -0.09719634 0.1421335 0.985064 0.2082622 0.4338932 0.8765636 -0.1569784 0.4341317 0.8870668 -0.1534074 -0.2429401 -0.9578342 -0.4089698 -0.0266093 -0.9121599 -0.155951 0.08177077 -0.9843744 0.6877218 0.7020434 -0.1848618 0.5623469 0.7138114 -0.4174199 0.5469944 0.8257662 -0.1375049 -0.9443895 0.1948137 0.2649078 -0.9815898 0.1569607 0.1088343 -0.9356015 0.2973649 0.190326 -0.5906897 0.691478 -0.4158654 -0.4878284 0.5918871 -0.6416332 -0.4855026 0.7447868 -0.4577989 0.1720223 0.09071034 0.9809078 0.1601636 -0.1818236 0.9701999 0.3116923 -0.1820041 0.9325892 -0.1313373 -0.8502272 -0.5097689 0.09999775 -0.9426553 -0.318436 -0.1271089 -0.967907 -0.2167932 -0.9891864 0.003767609 0.146616 -0.9428848 0.08092039 0.323141 -0.9476773 -0.01857185 0.3186896 0.562786 0.006136476 -0.8265799 0.6927475 0.2141749 -0.6886436 0.6957036 0.0197919 -0.7180563 -0.2540326 0.163084 0.9533473 -0.1349267 0.4378962 0.8888429 -0.2145025 0.4886994 0.8456724 -0.1225557 0.9915376 0.04281908 0.2082625 0.9562553 -0.2054331 -0.1568552 0.9610621 -0.2275002 0.1353858 -0.9906907 -0.01423907 -0.1884369 0.9044412 0.3827242 -0.2365151 0.7182772 0.654323 -0.1257228 0.7429752 0.6574053 0.1883094 -0.9819315 0.01871341 0.2182482 -0.9521816 -0.2138172 0.2182492 -0.9700161 0.1069396 0.1503171 0.982522 0.1097964 0.244718 0.9530908 -0.1781322 0.1159248 0.9580168 -0.2622315 -0.1344869 0.339015 -0.9311188 -0.2013914 0.02738153 -0.9791281 -0.2008336 0.3941121 -0.896851 -0.122553 0.6808594 -0.7220881 0.2946705 0.7918837 -0.5348735 0.2485412 0.5728896 -0.7810407 0.1994835 0.9759195 0.08824628 0.1537314 0.9158574 0.3709071 0.1735581 0.8849925 0.4320485 0.1928128 0.3580192 -0.9135894 0.2106991 0.6378554 -0.7407742 0.2108305 0.3632934 -0.9075067 -0.02844208 0.6777935 -0.7347021 -0.06141579 0.8198108 -0.5693318 -0.03111249 0.8792144 -0.4754095 0.07916074 -0.9941326 0.07371443 -0.02856749 -0.9094173 0.4149026 -0.03406387 -0.9941151 0.1028348 -0.2031742 -0.8992614 0.3873622 -0.1189012 -0.9913508 0.05555385 -0.1186881 -0.8976203 0.4244892 -0.5435286 0.263177 -0.7970663 -0.4878314 0.07295256 -0.8698842 -0.487572 0.3523027 -0.798847 -0.2010719 0.9753507 0.09089034 -0.1299006 -0.9270269 0.351777 -0.6553788 -0.7535375 0.05157387 -0.13978 -0.9901824 -6.46311e-4 0.1422566 0.9753574 0.1686446 -0.1924151 0.9032564 0.3835422 0.139012 0.8707639 0.4716419 0.08851838 0.9230516 0.3743532 0.5617113 0.8158848 0.1371593 0.08873099 0.9945745 0.05429959 0.7008721 0.07578176 0.70925 0.7393774 -0.1290796 0.6608023 0.738582 0.1191989 0.6635422 -0.2158597 -0.8821963 0.4184905 -0.2064206 -0.7493495 0.6291788 -0.2145007 -0.6998272 0.6813453 -0.5906889 -0.7742882 -0.2270784 -0.4878281 -0.8729394 -8.96048e-4 -0.4855057 -0.8412432 -0.2378953 0.5326474 -0.4605603 -0.7100501 -0.4820931 -0.289983 -0.8267382 -0.4661086 -0.5412043 -0.6998862 0.5350921 0.2951362 -0.7915624 -0.5132449 0.006610214 -0.8582168 0.5327661 -0.02581602 -0.8458688 0.2082641 -0.7318586 0.6488522 -0.1568577 -0.7369513 0.6574941 -0.9433646 -0.008946001 0.3316373 -0.9430432 -0.114284 0.312424 0.3975747 0.6577096 0.6398067 -0.5130016 0.4303734 0.7427033 -0.5114238 0.6159526 0.5992064 -0.9382794 -0.3437521 -0.03829365 -0.9393609 -0.3361558 0.06782644 -0.9495965 -0.305889 0.06854462 -0.945975 0.2593033 0.1946614 0.5627834 -0.7594267 0.326414 0.6927474 -0.7166747 0.08048892 0.6957039 -0.6655272 0.2703143 0.2939106 0.4621722 0.8366681 0.5065158 0.1665926 0.8459839 0.5049502 0.38975 0.7701432 -0.06105798 -0.9981302 0.002868294 -0.03114831 -0.9753973 -0.2182432 0.2298597 -0.186765 0.9551353 0.139257 -0.4464217 0.8839204 0.1610338 -0.4745527 0.8653717 -0.606586 0.7843236 0.1299616 -0.6361019 0.7051023 0.313377 -0.6359939 0.7688533 0.06615507 0.1568277 0.8855586 0.4372542 0.5473433 0.6311125 0.5496476 0.5259079 0.7802684 0.3385294 -0.9921771 0.1218158 0.02730911 -0.9410911 -0.2640738 -0.2112175 -0.9028937 -0.4136487 -0.1169524 -0.9322586 -0.3269779 -0.1548531 -0.9458076 -0.2936177 -0.138697 -0.6359969 -0.6096212 -0.473149 -0.1401442 -0.6299566 -0.7638812 -0.1399569 -0.8438771 -0.5179611 -0.6065538 0.6996569 0.3775881 -0.6553401 0.5333247 0.5348777 0.7379213 -0.5484564 -0.3932782 0.6973405 -0.6948976 -0.175595 0.6866309 -0.6123262 -0.3919118 -0.6324667 0.1174494 0.7656316 0.5131348 0.06902992 0.8555276 -0.9293731 -0.1974574 -0.3118916 -0.9891887 0.05125784 0.1373982 -0.9503863 -0.09292131 -0.2968697 -0.9921821 -0.08455353 -0.09179037 -0.9615478 0.1240067 0.2450476 -0.9141646 0.2707887 0.3016234 -0.2607432 -0.5706866 -0.7786719 -0.5408018 -0.6991446 -0.4676862 -0.2605271 0.07922661 -0.9622104 -0.5493199 0.2585929 -0.7945926 -0.3234124 0.3505061 -0.8789481 -0.3034358 -0.4467802 0.8416141 -0.5407953 -0.1474531 0.8281293 -0.4660905 -0.4235374 0.7767726 -0.5130056 0.5072687 -0.6924621 0.6862906 0.4504372 -0.5710617 0.7055379 0.6038531 -0.3709146 -0.2031773 0.362436 -0.9095929 -0.1448032 0.07116401 -0.9868981 -0.1588129 0.07091552 -0.9847586 0.09979557 0.733435 0.6723942 0.5336297 0.1257551 0.8363164 0.5335888 0.3912212 0.7498193 -0.9294729 0.3627082 0.06725341 -0.7393374 0.6243107 0.2522228 -0.7391231 0.6726349 0.03548806 -0.139487 -0.9586372 -0.2481095 0.0787664 -0.9968619 0.00789684 -0.1315457 -0.9871712 0.09049093 -0.2135484 -0.02615779 -0.9765822 0.2196369 -0.2378349 -0.946147 0.1994857 -0.2737043 -0.9408993 0.1357452 -0.5795513 -0.8035506 0.1537426 -0.2415958 -0.9581204 -0.9411138 0.3342226 -0.05099201 -0.00755459 0.4057887 0.9139357 0.1575192 0.1166057 0.9806073 0.1812863 0.4516813 0.8735671 0.2182354 -0.9241585 -0.3135354 -0.2150623 -0.8325358 -0.5105217 -0.214773 -0.9531814 -0.2128801 -0.1302912 0.4050152 0.9049789 0.1316368 0.1757549 0.9755932 0.1314458 0.4821094 0.8661943 -0.7608192 -0.648801 0.01454484 -0.707998 -0.6713873 -0.219039 0.08328944 0.5156946 0.8527145 -0.1558938 0.7079914 0.6887999 -0.1561439 0.3965471 0.9046378 0.561165 0.8168833 -0.1334005 -0.159866 -0.5406196 0.8259379 0.06442248 -0.7537387 0.6540091 0.09753954 -0.4537099 0.8857954 -0.158739 -0.1913374 0.9686031 0.136019 0.1491287 0.979418 -0.7358529 0.3054509 0.6043347 -0.7391231 0.5090072 0.4411451 -0.9294726 -0.0969761 0.3559163 -0.7745504 -0.301229 0.5561772 -0.7126054 -0.1214636 0.6909704 -0.9163399 0.0549969 0.3966065 -0.7469527 0.0908612 0.6586394 0.2196524 0.3903181 0.8940944 0.2192907 0.08007025 0.9723684 0.05906569 0.2985991 -0.9525492 -0.7923357 0.2155275 -0.570747 -0.9293404 0.2147663 -0.3003367 -0.7396984 0.4217556 -0.5243745 -0.9412046 -0.2878692 0.1768202 -0.9999912 2.14756e-4 0.004180908 -0.1825397 -0.6081147 -0.7725774 -0.0907222 -0.3501076 -0.9323059 -0.0906856 -0.5898029 -0.8024392 0.2537295 -0.911334 0.3241786 0.2189748 -0.9757303 7.06466e-4 -0.2618846 0.8093941 -0.5256403 -0.5408943 0.8177961 -0.1965788 -0.2081716 0.9438957 -0.2563699 -0.2605238 0.388284 0.8839474 -0.5126929 0.1667144 0.8422306 -0.2609533 0.07941079 0.9620798 -0.1994664 0.966754 0.1599999 -0.2006639 0.8861319 0.4177373 -0.1563716 -0.9124662 0.3780918 0.05849027 -0.9429919 0.327636 -0.7611982 -0.1753152 -0.6243734 0.5623623 0.1571919 0.8118124 0.07892656 0.4335131 0.8976842 0.08885091 0.0816549 0.9926923 -0.192367 0.805095 -0.5610857 -0.1275363 0.6013832 -0.788716 -0.1910831 0.5812646 -0.7909607 0.0787037 0.1918951 0.9782546 -0.2009945 -0.2040721 0.9581001 -0.2365146 -0.4579745 0.8569249 -0.1257164 -0.4549004 0.8816241 0.5784801 -0.6638471 -0.4739915 0.2487893 -0.5470125 -0.7993004 0.2417942 -0.1852936 0.9524715 0.2974092 0.1509582 0.9427404 -0.4086676 0.1255726 0.9040035 -0.4112077 -0.1747255 0.8946391 -0.1581708 0.009501755 -0.9873661 -0.1249863 0.3310644 -0.935294 -0.07006961 0.01693844 -0.9973983 0.08852648 -0.5443673 -0.8341628 0.5404801 -0.2807381 -0.7931378 0.5320287 -0.5146642 -0.6723587 -0.1923768 -0.7758351 0.600892 -0.1276668 -0.8962388 0.4248025 -0.1273925 -0.7103119 0.6922631 -0.952301 -0.2599729 0.1598035 0.1386617 -0.9843593 0.1086727 0.1610813 -0.9143952 0.371395 0.1397131 -0.9175737 0.372208 -0.1348311 -0.921454 0.3643395 -0.2147764 -0.970656 0.1081572 -0.1613612 -0.9868954 -2.27053e-4 -0.9891865 -0.1464256 -0.008351802 -0.9476801 -0.3160656 -0.04477751 -0.3678913 -0.9284722 0.05094397 -0.5126922 -0.8382609 -0.1856489 -0.2616991 -0.9347684 -0.2402536 0.05875957 0.8789669 0.473249 -0.1559501 0.9152345 0.3715177 -0.1501076 0.3062947 -0.9400272 -0.23892 0.04847246 -0.9698287 -0.1500391 0.3065073 -0.939969 -0.2154212 0.3435595 -0.91409 -0.1616575 0.6487807 -0.7436065 -0.1251372 0.3904154 -0.9120945 -0.3923077 0.4465352 0.8041772 -0.6357581 -0.1059134 0.7645875 -0.6374833 0.1058271 0.7631617 -0.0905947 -0.9943968 0.05447858 -0.1299144 -0.3177881 -0.9392194 -0.635754 -0.4220944 -0.6462609 -0.6354572 -0.1881651 -0.7488579 0.1320404 0.9532179 -0.271921 -0.06260502 0.9829108 -0.1731106 -0.1313323 -0.2539689 0.9582545 0.1315647 -0.4947507 0.8590183 0.09999614 -0.1415157 0.9848726 0.2282178 0.3100781 -0.9229129 0.1538425 0.6546406 -0.7401204 0.1735675 0.6360805 -0.7518485 0.1725701 -0.3041002 -0.9368793 0.2974151 -0.549155 -0.7810077 0.1316451 -0.5542986 -0.821841 0.1131822 -0.6297759 -0.768487 -0.1349757 -0.8077338 -0.5738882 -0.1616444 -0.5390586 -0.8266116 -0.7358154 -0.5092232 0.446394 -0.409353 -0.824466 0.3907505 -0.3923058 -0.669954 0.630284 0.0832715 -0.6490146 -0.756205 -0.1746748 -0.7935444 -0.582903 -0.1561422 -0.5400384 -0.8270297 -0.427569 -0.7580114 -0.4925481 -0.7396553 -0.5483462 -0.3901623 -0.1594446 0.1366999 0.9776965 -0.2008405 -0.1339037 0.9704293 0.2814795 -0.9128106 -0.2958819 0.1314482 -0.7917546 -0.5965285 0.2409195 -0.7659363 -0.5960699 -0.1092954 0.7253589 0.6796389 0.1313202 0.8714476 0.4725823 -0.1013022 0.9192588 0.3803961 -0.1353271 -0.9110828 0.3893774 0.1503297 -0.766283 0.624669 -0.1590656 -0.7074646 0.688616 -0.2019215 0.9663935 -0.1590955 -0.1595348 0.9692911 -0.1871457 -0.171272 -0.5708498 -0.8029922 -0.09728366 -0.3048087 -0.9474322 -0.1186873 -0.6318495 -0.7659501 0.1315697 0.02731436 -0.9909306 -0.1611952 0.01510262 -0.986807 -0.2031774 0.6381427 -0.7426257 -0.118687 0.3995898 -0.9089782 -0.002665162 -0.7893389 0.6139521 -0.001448094 -0.9448944 0.327372 0.258987 -0.5010064 0.8257836 0.1504991 -0.5225328 0.8392316 0.1501519 0.3963401 0.9057422 -0.1590728 0.4938716 0.8548607 0.2415605 0.7327134 0.636223 0.241241 0.8993873 0.3645619 0.1855325 0.04055058 -0.981801 0.2409831 0.005170643 -0.9705156 -0.002648055 0.9863042 0.1649149 -0.1299971 0.9062442 0.4022715 -0.003039956 0.9043611 0.4267573 -0.215862 0.9390458 -0.2675757 -0.2411715 0.8267711 -0.5082182 -0.1641725 0.819419 -0.5491811 -0.140178 0.7085726 0.6915743 -0.001907706 0.7193587 0.6946362 0.06623554 -0.7520824 0.6557325 -0.03117281 -0.4997518 0.8656077 -0.03120636 -0.7537403 0.6564311 -0.003319084 -0.8471816 -0.531293 -0.00306195 -0.6286238 -0.7777037 0.2061932 0.4553991 0.8660808 0.1726826 0.6974063 0.6955611 0.2095733 -0.9759562 0.0599057 0.293233 -0.9102215 -0.2924232 0.150486 0.6027322 -0.7836248 -0.1083595 -0.2926914 -0.9500474 -0.002658009 0.9864115 -0.1642728 -0.1399599 0.9886894 0.05389404 -0.1341949 0.3831821 -0.9138727 0.06444668 0.6306592 -0.7733795 -0.2215985 -0.7424935 0.6321374 -0.5142267 -0.7946166 0.3227313 -0.2077158 -0.9212847 0.3287684 -0.2007122 -0.796467 -0.5703989 0.1736368 -0.5941817 -0.7853651 -0.2511425 -0.5924534 -0.7654584 -0.9864952 -0.1041426 0.1264178 -0.9503862 0.1090711 -0.2913241 -0.9891885 -0.04395455 0.1399078 -0.9477026 0.1679438 -0.2713941 -0.9891891 0.105225 -0.1021401 -0.9891889 0.06636798 -0.1307697 -0.007585346 0.3975666 -0.917542 0.1496466 0.5995826 -0.7861976 0.1812873 0.3367888 -0.9239633 -0.1825343 0.9517856 -0.2465475 -0.09048801 0.9862818 0.1380589 0.07871943 0.9831666 0.1648846 -0.1559512 0.986276 0.05421102 0.106094 -0.9585344 -0.2644922 -0.9474675 -0.1239409 0.2948629 0.07872378 0.9834332 -0.1632846 -0.1315428 0.9588137 -0.2517396 -0.1634965 -0.1530351 0.9746021 0.2193151 -0.2399952 0.9456761 0.2193545 -0.7562891 0.6163688 0.1802045 -0.5319061 0.827407 -0.7742787 0.6130054 -0.1572164 -0.9028937 0.3663606 -0.2248618 -0.1685692 0.4291471 0.8873654 0.07870757 -0.8496908 -0.521374 0.2189673 -0.7704236 -0.5987495 0.2687507 0.9589859 0.0901063 -0.9163395 0.01103281 -0.4002504 -0.7079996 0.04752141 -0.7046122 0.7509849 0.5334299 -0.3891969 0.7398568 0.4554988 -0.4951088 0.7427555 0.5786001 -0.3369513 -0.1994698 -0.9799032 0.001304924 0.1995859 -0.9562918 -0.2137091 -0.1551043 -0.9389557 -0.3070908 0.1252688 0.9758543 -0.1789303 -0.1586517 0.9832885 0.08929389 0.5079523 0.5470762 -0.6653512 0.09749895 0.8728896 -0.4780772 0.2193084 0.9585074 -0.1821191 0.1801946 0.8616056 -0.4745163 -0.6806323 0.623992 -0.3838928 -0.7396084 -0.3916668 -0.5473359 -0.1763777 -0.2143957 0.9606901 0.07872307 -0.1361261 0.9875588 -0.9163398 -0.3709698 0.1506745 -0.7079952 -0.6643586 0.2395216 -0.9446613 0.2472943 -0.2155472 -0.9372652 0.3229529 -0.1312841 0.1315777 0.9854117 0.1079409 0.1922708 0.9791871 0.06499749 0.6869179 -0.5580338 0.4655559 0.5513353 -0.628906 0.548185 0.5148789 -0.8562524 0.0416119 0.5620239 -0.7822715 0.2686643 0.5320209 -0.8461942 0.030155 0.5694172 -0.7821264 -0.2530661 0.5615594 -0.4314926 0.7060206 0.7055393 -0.3543338 0.6137279 -0.002980291 0.07346075 -0.9972937 0.2502536 -0.8752695 0.4138559 -0.9925166 0.07231891 0.09839206 -0.0311287 -0.1369425 0.9900898 0.08871561 -0.2450708 0.9654377 0.5068423 -0.8053227 0.3075164 -0.4894767 -0.6575939 0.572698 0.5615764 -0.6231077 0.5443975 -0.2401098 0.8452807 -0.4773341 -0.08940351 0.8732896 -0.4789283 0.1590074 -0.2444369 -0.9565392 -0.1585688 -0.3129224 -0.9364484 0.6924737 -0.4595757 -0.5561209 0.7394161 -0.3684054 -0.5635082 0.5333728 -0.6903723 -0.4887735 0.3130785 -0.579213 -0.7526581 0.5408041 -0.466609 -0.6998622 0.2095715 0.3485124 -0.9135749 -0.1878699 -0.9339008 -0.3041946 -0.1595332 -0.9868746 0.02505379 0.11822 0.1270139 0.9848307 -0.2547305 -0.1648724 0.9528534 -0.1184116 -0.2436823 0.9625994 -0.1275331 -0.9871127 0.09666359 -0.1935794 -0.9173734 0.3477832 0.07899808 -0.3516167 -0.9328049 -0.9430434 0.3320164 -0.02084118 -0.9476804 0.2992826 -0.1110495 -0.1503583 0.05161064 -0.9872836 -0.1405504 0.3471581 -0.9272146 0.3682495 -0.2777988 -0.8872544 0.7509894 -0.2463396 -0.6126434 0.7427542 -0.1846028 -0.6436133 -0.5114385 -0.8580181 0.04728424 -0.4886642 -0.7422116 -0.4586166 -0.5435187 0.6242215 0.5611907 -0.5361431 0.7477184 0.3917497 0.1393902 -0.9531606 -0.2684313 0.1608288 -0.7989874 -0.5794421 0.1265716 -0.9420631 -0.3106394 0.2511364 -0.01754361 -0.9677927 0.4815155 0.6525147 0.5851217 -0.604552 0.5701534 0.5562752 0.1618482 0.6699568 -0.7245435 0.1183353 0.8402478 -0.5291319 0.1604595 0.868142 -0.4696619 0.1392658 -0.02808398 -0.9898567 0.1604642 0.08164227 -0.9836595 -0.06356966 -0.947878 -0.3122283 -0.0333302 -0.8260553 -0.5626026 0.1944478 0.2994354 -0.9340924 -0.5342558 0.8383938 0.1080123 -0.06427514 0.9213365 0.3834161 -0.06141382 0.9966366 0.05425798 -0.1595277 -0.3225702 -0.9330056 -0.2005492 -0.3437575 -0.9173935 -0.06107038 0.08297979 -0.9946783 -0.06155049 0.349918 -0.9347562 0.1422536 0.6661106 0.7321616 0.1744744 0.4288004 0.886391 0.139387 -0.7460517 0.651136 0.1265678 -0.719389 0.6829789 -0.2042158 0.9651647 0.1635631 -0.118902 0.8983082 0.4229716 -0.1619132 -0.5409131 0.8253468 0.1743699 -0.7992408 -0.5751602 0.1882789 -0.5537091 -0.8111458 0.6809706 -0.1408968 0.7186287 0.138669 0.2958931 -0.9451022 0.1631134 0.9703001 -0.178639 0.1608232 0.9784733 0.1293293 -0.5434185 -0.8356699 0.07970082 -0.06557214 -0.8258429 -0.5600749 -0.2011551 -0.7949867 -0.5723049 -0.06156796 -0.7535836 0.6544626 -0.02843916 0.9861379 -0.1634727 -0.03110754 0.9858264 0.16486 0.09956234 -0.9490752 -0.2989042 -0.03185355 0.8789666 0.4758183 0.0887224 -0.785677 -0.6122419 0.08970755 -0.02825838 -0.9955672 -0.02430099 -0.2984318 -0.9541217 -0.03117609 -0.006748676 -0.9994912 0.5306091 -0.2522587 -0.8092092 -0.06417471 -0.6277648 -0.7757532 -0.03116303 -0.5639662 -0.8252097 0.1618472 -0.9868135 -0.002182483 -0.05929023 -0.2925937 -0.954397 0.2047246 -0.7197121 0.6634021 0.1812882 -0.9078823 0.3780006 -0.05844998 0.749957 0.6588992 -0.0311039 0.6766943 0.7356069 -0.9293733 -0.206304 0.3061112 -0.9503868 -0.2345381 0.2043449 -0.9347867 0.1775544 -0.3076496 -0.9471608 0.01912689 -0.3201882 0.5335799 0.8229188 -0.1951848 0.08899146 0.2967219 -0.9508085 0.1041676 -0.9106889 0.3997438 -0.03343838 0.3580355 -0.9331091 0.08899241 0.5893716 -0.8029456 0.5148988 -0.433483 0.7395755 0.5797025 -0.1453991 0.8017507 0.5320413 -0.4089837 0.7413936 -0.2395122 -0.9431288 -0.2305254 -0.1188135 -0.9556853 -0.269349 0.5623621 0.7278736 0.3923634 0.5867798 -0.7881192 -0.1858966 0.206651 0.9750735 0.08079046 0.08872461 0.9583179 -0.2715787 0.2104422 -0.5625781 -0.7995125 0.1253194 -0.8095408 -0.5735319 0.1501402 -0.5400251 -0.8281491 0.2946739 0.7129018 0.6363477 0.3164025 0.8640046 0.3916446 0.5616136 -0.62239 0.5451797 0.5619027 -0.001199364 -0.8272024 0.5131138 -0.2089228 -0.8325055 0.5623685 0.5590354 -0.6092793 0.08887219 0.8181821 -0.5680491 0.5614039 0.7287941 -0.3920267 -0.1621372 0.9559202 -0.2448023 -0.2154119 0.9705964 0.1074256 -0.1253646 0.9901268 0.06271183 0.2002212 0.7174092 0.6672597 0.1609314 0.8832679 0.4403849 -0.1313351 -0.6386387 -0.7582162 -0.1994667 -0.926387 0.3194063 0.1995837 -0.9738689 0.1083788 0.4774672 0.732813 -0.4847785 0.2505322 0.6565651 -0.7114464 0.2502587 0.8518389 -0.4601534 -0.08976107 -0.7864371 -0.6111136 -0.1341954 0.09795778 0.9861015 0.532737 0.5749964 -0.6209433 -0.9478994 -0.1519855 -0.2799773 -0.988131 -0.06937164 -0.137058 -0.9891892 0.1457723 -0.0159716 -0.9891889 0.1326941 -0.06243169 -0.9393941 0.07307499 -0.3349609 -0.9891889 0.02031064 -0.1452334 -0.1923747 0.9799575 0.05172401 -0.1273871 0.978473 -0.1623677 -0.1910821 0.9445177 -0.2671594 -0.1260316 0.6004538 -0.7896654 0.1609944 0.3973088 -0.9034526 0.1805967 0.1517729 0.9717767 -0.191659 -0.1336991 0.9723124 -0.1913981 0.1348595 0.9722035 -0.5124354 -0.6135684 0.600786 0.5332181 -0.4634402 0.7077441 0.5330119 -0.6687281 0.518364 -0.9322576 -0.2300026 0.2792754 -0.952615 -0.1933343 0.2348332 -0.161107 0.08115506 -0.9835947 -0.9445217 0.3124695 0.1012004 -0.9430408 0.3207893 0.08813881 0.514262 0.7069131 -0.4856013 0.1060897 0.7170094 0.6889432 0.2195793 0.8822861 0.4163607 -0.9293733 0.3221026 0.1803201 0.5073848 -0.02271085 -0.8614203 0.2932277 -0.3173863 -0.9018223 0.2505685 0.00525999 -0.9680846 -0.06152999 0.5904769 -0.8047056 0.5142591 -0.7772004 0.3626255 -0.3037078 0.6585698 0.688511 -0.2217621 0.8872392 0.4045097 -0.4221337 -0.4302968 0.7979021 0.2104522 -0.897952 0.3865129 0.1794769 -0.9791812 0.09482741 0.1686009 -0.980826 0.09774577 -0.9503865 -0.3105996 0.01713651 -0.5756511 0.4962828 -0.6498686 -0.632419 0.6662886 -0.3951025 -0.1918186 0.8868133 0.4204376 -0.5597603 0.272732 -0.7824869 0.5133516 0.07158464 -0.8551876 0.4642832 0.3255169 -0.8236989 0.2116888 0.8323671 -0.5122038 0.2289958 0.9417297 -0.2463862 0.1996233 0.834773 -0.5131323 -0.5699577 -0.6494158 -0.5033959 -0.1918271 -0.4922341 0.849063 -0.127663 -0.4958949 0.8589472 -0.06241899 -0.2358031 0.9697943 -0.6401497 -0.4825971 -0.5977528 -0.6352301 0.5248792 -0.5665552 -0.6021533 0.689366 -0.4027233 -0.4094368 -0.8755555 -0.2564452 -0.3963008 -0.9155433 0.06874924 -0.1617925 -0.2793599 -0.9464572 0.2481182 -0.9319127 -0.2645298 0.1943883 -0.7783403 -0.596992 -0.1186905 -0.8463248 -0.5192754 -0.5696116 0.5046268 -0.6487638 0.1533558 0.9866767 0.05432558 0.2005527 0.6619786 0.7221931 0.1996267 0.4428707 0.8740794 -0.1084567 0.850646 -0.5144302 0.5128778 -0.8109849 -0.2815315 0.4827056 -0.8755043 0.0220806 0.5921574 -0.7577493 0.2741639 -0.1923708 -0.9289088 0.3164206 -0.1276643 -0.9856119 0.1107752 -0.4119243 0.8005525 0.4352402 0.1995745 -0.8350834 -0.5126459 0.2508946 0.1554687 0.9554483 0.5065094 -0.1171039 0.8542453 -0.6324952 0.01042205 -0.7744942 -0.6374841 0.02255576 -0.7701333 -0.2037456 -0.4895128 0.847859 -0.08915823 -0.5392393 0.8374198 -0.6353292 -0.3839771 0.6700138 -0.1503526 -0.7292904 0.6674801 -0.1401877 -0.495064 0.8574725 0.280349 0.9287165 -0.242673 -0.1400647 0.1360027 0.9807575 -0.1397677 -0.2437027 0.959726 0.5474918 0.2968881 -0.7823747 -0.6353324 0.2684563 -0.7240746 -0.1401458 0.585861 -0.7982017 -0.1401341 0.813295 -0.5647244 -0.1535953 0.08372211 0.9845808 0.2154929 0.6799844 0.7008453 -0.2615757 0.5959432 -0.7592298 0.1807934 0.946363 -0.2677888 0.200026 0.1341081 0.9705693 0.1995869 -0.2411164 0.9497516 0.1943848 0.9686708 0.154569 -0.007152378 -0.9622096 -0.2722163 -0.1400798 -0.95278 -0.2694216 0.2421286 0.7957863 -0.5550658 0.1316051 0.6727918 -0.7280325 0.1726291 0.8450737 -0.5060137 -0.2550874 -0.7432749 0.618444 0.249979 0.9550875 -0.1591177 -0.03173434 0.4072335 0.9127727 -0.05928421 0.1427073 0.9879879 -0.02744281 0.1516518 0.988053 0.461636 -0.2840354 -0.8403667 0.2487852 -0.9091269 0.3340572 0.2415693 0.2883073 -0.9265652 0.1922664 -0.01608598 -0.981211 0.5112457 -0.1658322 0.8432838 0.1806153 -0.9466487 -0.2668974 0.5475688 -0.6860965 -0.478999 0.6917013 -0.2155327 -0.6892713 0.5784799 -0.1674035 0.798334 0.2485837 -0.4365436 0.8646594 0.5295733 -0.8478898 0.02520412 0.6941291 0.2884078 0.6595497 0.5622069 0.1320568 0.816385 0.1353924 0.4109954 -0.9015274 0.7408413 0.5908427 0.319467 0.6974746 0.4995164 0.5138216 0.7426603 0.46872 0.4782859 0.2182277 -0.536715 -0.8150544 -0.215058 -0.3434079 -0.9142325 -0.2147768 -0.6214411 -0.7534468 -0.006530404 0.6786105 -0.7344694 0.1812481 0.8079857 -0.5606321 0.7509907 -0.2839415 0.5961462 0.7427558 -0.3484938 0.5717219 0.5079337 -0.1651401 0.8454183 0.210027 -0.1998696 0.9570479 -0.994951 -0.08550333 0.05255424 -0.4894807 -0.5164243 -0.7026482 -0.5715973 -0.4849801 -0.6618692 -0.5691295 -0.4088765 0.7133805 -0.06152737 -0.4990506 0.8643858 0.4765616 -0.4115632 0.7768558 -0.487579 -0.2159957 0.8459389 0.7408394 0.2695853 -0.615208 -0.5904785 0.3533462 0.7255906 -0.5248944 0.1038621 0.8448069 -0.5339158 0.09828919 0.8398054 -0.2389203 -0.7853971 -0.5710241 -0.1915966 -0.5983812 -0.7779659 -0.4878255 -0.8259247 0.2826212 0.7509132 -0.5884199 0.299819 0.7400284 -0.4997326 0.4501392 0.7382717 -0.6288872 0.243836 0.1532512 0.8651388 0.4775446 0.149874 0.6695197 0.7275173 0.5073814 0.8603555 0.04850238 0.2502602 0.9548524 0.160084 0.1607856 0.6045629 -0.7801614 0.2171042 0.8027835 -0.5553418 0.3108683 0.6034437 -0.7343137 -0.4855365 -0.4371214 0.7570861 0.750991 -0.4318782 -0.4994937 0.1540291 -0.4446561 0.8823583 0.1537449 -0.1347179 0.9788839 -0.1613672 -0.242048 -0.9567515 0.2421296 0.5724381 -0.7833824 0.2108525 0.4898098 0.8459478 0.2105373 0.7376195 0.641554 -0.0075863 -0.5431662 0.839591 0.1810215 -0.4438534 0.8776249 -0.06418418 -0.2366493 0.9694728 -0.5983879 -0.1165974 0.7926772 0.1392663 -0.3479678 -0.9271049 -0.2145273 0.8833017 0.4168407 0.0972774 -0.2009478 0.97476 -0.161262 0.9794438 0.1211801 0.2591031 0.882343 0.3928567 0.1683604 0.9741203 0.1508125 -0.2014061 0.8352332 -0.5116846 -0.1254937 0.868421 -0.4796837 0.1505705 -0.9598028 -0.2368696 0.1802592 -0.8162124 -0.5489117 0.2105385 -0.9540584 -0.2131811 0.2104471 0.8432384 -0.4946322 0.1503221 0.8249284 -0.5448822 0.2590993 -0.3085606 -0.9152365 -0.2642881 0.9632954 0.04705131 -0.1622304 0.1355336 0.9774006 0.7509878 -0.03401768 -0.6594392 0.7382702 0.02932298 -0.6738675 0.5798693 -0.6737905 -0.4579936 0.5149589 -0.5067766 -0.6913717 0.5112251 -0.706287 -0.4897016 -0.1275429 0.914145 0.384801 -0.9843416 -0.1697167 0.04762327 -0.9393709 0.2632825 -0.2196927 -0.9354707 -0.2532464 -0.2464977 -0.9476885 -0.2354795 -0.2154899 -0.9428626 0.3331314 -0.005798459 0.1906309 0.6316105 -0.7514841 -0.1902412 0.65714 -0.7293665 -0.9430354 -0.04803574 -0.3292064 -0.9891889 -0.02794659 -0.1439597 0.1946892 -0.1403378 0.9707736 0.3164048 0.1158699 0.9415212 -0.6324852 -0.7217676 0.2810947 -0.6045612 -0.7954124 0.04272097 -0.5756415 -0.1861468 0.7962325 0.4568228 -0.8489725 -0.2656288 0.1354629 -0.7472767 0.6505593 -0.09050577 -0.9003918 0.4255625 0.1752158 -0.9270653 0.3314355 -0.5756516 -0.5964777 0.5593207 -0.1923656 0.6629102 0.7235645 -0.9529578 0.1794578 0.244267 0.1356439 0.7151089 0.6857259 -0.4284012 0.6288667 0.6488445 -0.4086787 0.3196615 -0.8548674 -0.9864953 -0.148115 -0.06992161 -0.1839804 0.4130992 0.8919082 -0.409354 -0.3213316 -0.8539177 -0.4089654 -0.5812602 -0.7034798 0.7509165 0.6601943 0.0163747 0.7383398 0.6603633 -0.1370207 0.739638 0.6638597 0.110571 0.5419204 0.8122308 -0.2158786 -0.6625871 -0.5871795 0.4649717 -0.6023585 -0.733406 0.3150872 0.5133694 0.7953586 0.3222679 -0.0907163 -0.523258 0.8473321 -0.1249219 -0.736487 0.6648169 -0.181223 -0.7609976 0.6229293 -0.1595438 -0.5415649 0.8253807 -0.6358435 0.7484768 -0.1883763 0.579902 0.2922333 -0.7604692 0.1607202 0.4939677 0.8544969 -0.4087257 0.8904848 -0.1999508 -0.1745771 0.8244485 -0.5383378 -0.41121 0.7765735 -0.477326 0.1855219 -0.9817984 0.04066461 -0.002983689 0.8796931 -0.4755326 0.506837 -0.8615417 0.0293653 -0.005935668 -0.9999518 0.007814705 0.1494921 -0.9845529 0.09114718 0.1504293 0.0832048 -0.9851133 0.1392673 0.5858128 -0.7983908 -0.158169 0.3295848 -0.9307828 0.7394173 -0.6732475 2.06259e-4 -0.1593823 -0.6075894 -0.7780955 -0.4886617 -0.2161448 -0.8452759 -0.5696235 -0.02246117 -0.8215988 -0.5693352 -0.289192 -0.769562 -0.1686707 -0.7552813 0.6333249 0.1998763 -0.5367962 0.8196946 0.2409641 -0.7458741 0.6209737 -0.6060441 -0.2800534 -0.7445003 0.5492356 0.4163412 0.7245692 0.5065104 0.2561113 -0.8233191 0.2199414 0.6586772 0.7195625 -0.4461988 0.86623 -0.2248384 -0.5248242 0.8443604 0.1077736 0.5076978 0.7777371 0.3706319 0.2523949 0.875075 0.4129655 -0.2693189 0.631737 -0.7268946 -0.2006704 0.6224859 -0.7564674 0.1985312 -0.7755944 -0.5991985 0.5694172 0.8131124 0.1208814 0.6870217 0.663572 0.296097 0.692471 0.7204163 0.03852719 0.5065116 0.5095816 -0.6955376 0.2502585 0.7305937 0.635298 -0.598214 0.7402859 0.3067844 -0.116594 0.8788216 0.4626863 0.2057029 -0.7323526 0.6491118 0.2411596 -0.4858894 0.8400915 0.7509679 0.3447927 0.5631743 0.7400958 0.3136433 0.5948833 0.1929757 0.1192655 0.9739282 0.1928616 -0.903372 0.383045 0.2108291 -0.7225058 0.6584349 0.2411639 -0.9069083 0.3454816 0.1316132 -0.783467 0.6073364 0.1313275 -0.9379116 0.3210531 0.7509312 -0.4599379 0.4738773 -0.2158712 -0.4391354 0.8721007 -0.1617145 -0.1891766 0.9685353 0.7509148 0.5109297 0.4184232 -0.1183238 0.6728068 0.7302948 -0.2547219 0.4551379 0.8532094 -0.2042107 0.9659796 -0.1586871 0.1497475 -0.2428863 -0.9584268 0.1802218 0.01309949 -0.9835388 -0.215052 0.7371459 0.6406002 -0.5715968 -0.6195608 0.5379792 -0.4093543 0.8996811 0.1516678 -0.2081706 -0.8279008 -0.5208121 -0.5696135 0.8106721 -0.1354674 -0.06140762 0.4996897 0.8640252 -0.2031759 -0.8161363 -0.5409631 0.2182381 -0.4408256 0.8706578 -0.5693487 -0.7430451 0.3517473 -0.06130468 -0.9442553 0.3234558 0.1002548 0.9584169 -0.2671817 0.104121 -0.5210864 0.8471293 0.2447078 -0.2197247 0.9443724 -0.2634094 -0.1844369 0.9468889 -0.9155876 -0.02544754 -0.4013128 -0.9428019 -0.107006 -0.3157126 -0.2064175 -0.9365833 -0.2832023 -0.9476462 0.1072443 0.3007746 -0.158323 0.1359202 0.9779876 -0.1566013 -0.7784212 0.6078952 0.1635677 -0.897235 0.4101401 -0.1565938 -0.8405712 -0.5185735 0.1397115 -0.1893959 0.9719105 -0.6060679 0.3987742 0.6882302 -0.1361513 0.7205599 0.6798944 -0.2605277 -0.237495 -0.9358 -0.1923654 -0.9813206 -0.002338647 -0.1583439 -0.9636055 -0.2153875 -0.1401299 0.9525953 -0.2700479 0.1157259 0.3393751 -0.9335053 -0.1712722 0.1507492 0.9736224 -0.1618511 0.7270219 0.6672657 -0.001843988 -0.1882324 0.9821228 0.1786223 -0.7767935 -0.6038925 0.253315 -0.5338193 0.8067643 0.2523968 -0.72939 0.635835 -0.2042146 -0.2379158 -0.949575 0.182644 -0.188425 0.9649546 0.4263799 -0.8703588 -0.2463248 -0.4073174 0.6194429 -0.6711059 0.7509104 0.619113 0.2298536 -0.2035481 0.6860147 0.6985357 0.2415148 -0.9699256 0.03025138 0.7509898 0.3781908 -0.5412821 0.7509683 -0.647862 -0.1277546 0.7427555 -0.6397781 -0.1974798 -0.1252629 -0.01802265 -0.9919599 -0.6352393 0.3079942 0.7082448 0.5918492 0.7140272 0.3740051 0.3164056 -0.9462698 0.06679022 -0.5124388 0.7040851 -0.4916002 0.4566984 0.7706444 -0.4444478 0.548052 0.5004383 -0.6702243 -0.1916621 0.393222 0.8992454 -0.1812231 0.6017246 -0.7778726 0.5112323 -0.6481081 0.5644445 -0.1588085 0.8733299 0.460516 -0.2006735 0.134953 0.9703184 -0.1248613 0.6989279 0.7042084 0.750857 0.08933722 0.6543949 0.7508026 -0.1303967 0.6475278 -0.1923659 -0.9273904 -0.3208465 -0.00304228 0.1373705 0.9905151 0.1897193 -0.506396 0.8411716 0.1883117 -0.9226514 0.3365314 0.7509124 -0.6538897 0.09251463 -0.06106775 0.9603187 -0.2721373 0.1896964 -0.2758873 -0.9422852 0.2182505 -0.341793 -0.9140811 0.7509371 0.6300365 -0.1978576 0.161059 -0.6072037 -0.7780513 0.304138 -0.5641815 -0.7675933 0.1456245 0.4237015 0.8940194 0.219839 0.48906 0.844092 0.1710625 -0.8347907 -0.5233187 0.1474406 -0.9367024 -0.3175691 0.2471266 -0.8031067 -0.5421698 0.188919 0.8453975 -0.4996126 0.2166019 0.9400952 -0.263258 0.1887038 0.872626 0.4504607 0.2189145 0.7332064 0.643805 0.7509894 -0.5706648 -0.3322 0.1893186 0.6790039 0.709304 0.227492 0.9556393 -0.1870853 -0.1544466 0.4747138 0.8664832 0.08900594 -0.2973644 -0.9506064 0.2411642 -0.3098606 -0.9196882 -0.158567 -0.9825564 0.09715682 0.7509896 0.1818978 -0.6347661 0.248326 0.1506268 0.9568939 0.2475056 0.0091421 -0.9688434 0.1541368 0.1363592 0.9785949 -0.6045488 -0.3992884 0.6892675 -0.09793812 0.02193516 0.9949507 -0.1644346 -0.07810145 0.9832912 -0.2833393 -0.3348335 0.8986687 -0.4426438 -0.8954486 -0.04731059 -0.4423757 -0.862226 0.2467187 0.53386 -0.8346142 0.1356934 -0.5188978 -0.8470435 -0.1151624 0.4533819 -0.8852279 -0.1040018 0.4135996 -0.8121134 -0.4115911 -0.1787318 0.5384965 0.823454 -0.5499823 0.4924621 0.6745373 -0.5297314 0.2775846 0.8014558 -0.4564321 -0.6006013 -0.6564663 0.4319204 -0.6411853 -0.634292 0.3069894 -0.4291492 -0.8494637 0.1690797 -0.02690321 0.9852352 0.2182475 -0.39175 0.893812 -0.2078835 -0.3059778 0.9290652 -0.2106406 -0.9641721 -0.1612539 0.2198877 -0.9737394 -0.0590012 0.2172332 -0.8860554 -0.4095312 -0.4818929 -0.3825334 -0.7883194 -0.5483433 -0.3871722 -0.741227 -0.5905019 -0.5485617 -0.5919355 -0.2531137 0.7564212 -0.6031258 0.1994733 0.7020173 -0.6836535 0.2165021 0.8992722 -0.380048 0.09673845 -0.1370849 -0.9858242 0.06873798 -0.4900342 -0.8689889 -0.1839177 -0.4017596 -0.8970862 0.4934237 0.7286058 0.475044 0.5342348 0.8254972 0.1820652 0.6393079 0.7296676 0.2426328 0.120747 -0.6014735 0.789715 0.0758903 -0.8551038 0.5128725 0.1505105 -0.8108187 0.5656145 0.001885831 0.2985125 0.9544039 -0.2131068 0.2653287 0.9403119 -0.1796405 -0.01688957 0.9835873 0.09692007 0.9414081 0.323044 -0.1594834 0.9583253 0.2370183 -0.161677 0.8330613 0.5290269 0.1103726 -0.1300441 -0.9853459 0.1725009 -0.4331146 -0.8846781 -0.2192009 -0.4207195 -0.8803103 0.1614691 0.2425499 0.9566072 0.1612756 -0.08117157 0.9835657 0.4095069 0.02686452 0.9119114 -0.6873175 -0.7024323 0.184888 -0.5490242 -0.8244786 0.1371409 -0.5637925 -0.7140446 0.4150643 0.9433708 -0.1964905 -0.2672883 0.9347239 -0.2994828 -0.1913147 0.979914 -0.1640114 -0.1134418 0.599309 -0.6855538 0.4133338 0.4298642 -0.7694422 0.4724146 0.4325324 -0.6109939 0.663025 0.1676288 -0.1350987 -0.9765495 0.3105123 0.1839635 -0.9325984 -0.1789535 0.1979619 -0.9637359 0.1368838 0.8443753 0.5179703 0.1366079 0.9666854 0.2164661 -0.1099448 0.9372495 0.3308711 0.9874984 -0.004319608 -0.1575701 0.9467467 0.01839989 -0.3214533 0.941943 -0.08151978 -0.3257269 -0.5644217 -0.004479408 0.8254745 -0.6963526 -0.01966792 0.7174304 -0.6947583 -0.2138661 0.6867113 0.2275452 -0.1667039 -0.9593921 0.1887717 -0.4923502 -0.8496804 0.1419361 -0.4381778 -0.8876116 0.1332122 -0.9896316 -0.05370062 0.1724955 -0.95824 0.2280824 -0.2192069 -0.9566521 0.1917423 -0.1383425 0.990384 0.001078009 0.1990218 -0.901475 -0.3843607 0.135486 -0.740554 -0.658197 0.2216804 -0.7230504 -0.6542599 -0.2112675 0.9774268 0.001749992 0.2180328 0.9700961 -0.106655 0.2165054 0.9430823 0.2524307 -0.1592912 -0.9813123 -0.1079474 -0.1247365 -0.9571111 0.2614939 -0.2288195 -0.9575805 0.1751605 0.1442152 -0.3366336 0.9305266 0.1855288 -0.3956075 0.8994853 0.1866322 -0.02889293 0.982005 0.1329408 -0.6713207 0.729147 -0.2606052 -0.5723219 0.777517 -0.3102331 -0.7850928 0.5360828 -0.1843064 -0.9792526 -0.08423507 -0.1594531 -0.8873823 -0.4325824 -0.1590833 -0.9145018 -0.3719935 -0.2038539 -0.3584186 0.9110323 -0.1950552 -0.3684372 0.9089596 -0.1944698 -0.6415201 0.7420468 0.03208148 -0.6770929 0.735198 0.03206068 -0.8791274 0.4755073 0.0505861 -0.8202767 0.5697256 -0.05401653 0.9960996 -0.06977099 0.03476732 0.9940649 -0.1030837 0.02918654 0.9090954 -0.4155644 0.1820828 0.9007409 -0.3943499 0.1326616 0.8966996 -0.4222922 0.1325379 0.9897341 -0.05348014 0.5616257 -0.2574495 0.7863183 0.4310328 -0.3653542 0.8250619 0.4325276 -0.07492071 0.8985025 0.2127932 -0.9729878 -0.08952015 0.08204835 0.9297951 -0.3588164 0.08622545 0.9962756 4.49449e-4 0.6719057 0.739333 -0.04392594 -0.1489242 -0.9752702 -0.1633088 -0.148675 -0.8696321 -0.4707823 0.2031406 -0.90219 -0.3805093 -0.0608763 -0.9249302 -0.375231 -0.06080102 -0.9966546 -0.05461537 -0.57287 -0.8088089 -0.1328473 -0.7019213 -0.07611304 -0.7081761 -0.7384684 -0.1194407 -0.6636251 -0.7391833 0.1291179 -0.6610119 0.1890527 0.887194 -0.4208873 0.1887618 0.7028274 -0.6858591 0.2155729 0.7478805 -0.627856 0.5992921 0.7684248 0.2244381 0.429872 0.8686925 0.2461372 0.4325296 0.9016197 4.67134e-4 -0.4640427 0.4823258 0.7429848 0.3938736 0.5673058 0.7232067 0.4129496 0.2965604 0.8611183 -0.4659275 -0.3105672 0.8285287 -0.4640374 0.02698445 0.8854045 0.4534179 -0.01894378 0.8910967 0.1725048 0.7341915 -0.6566619 -0.2181213 0.7383504 -0.6381708 0.9440416 0.009093165 -0.3297011 0.9420486 0.1150087 -0.3151468 -0.3187769 -0.6793876 -0.660919 0.4514849 -0.6398405 -0.6219048 0.4521047 -0.448935 -0.7707521 0.9389876 0.3418477 0.03798091 0.9502286 0.3040403 -0.0680077 0.9383572 0.3387263 -0.06892228 0.9465702 -0.257862 -0.1936802 -0.5644209 0.7577477 -0.3274866 -0.6963519 0.6649053 -0.2701761 -0.6947578 0.7147814 -0.07999587 -0.3105004 -0.4577355 -0.8331073 -0.4552341 -0.4024507 -0.7942264 -0.4576895 -0.171323 -0.8724499 0.04743021 0.9988705 -0.002871036 0.02936536 0.9755825 0.2176617 -0.2210592 0.1870609 -0.9571527 -0.1525467 0.4734365 -0.867518 -0.1480801 0.4473172 -0.8820316 0.5342192 -0.8333414 -0.1419577 0.6573414 -0.7516186 -0.05451416 0.6573042 -0.6932924 -0.2954604 -0.1554847 -0.8851432 -0.4385728 -0.5282619 -0.7787999 -0.3382458 -0.5515736 -0.6277252 -0.5492975 0.9906135 -0.1333337 -0.0301184 0.8995973 0.420161 0.1191198 0.9394491 0.2674093 0.2143078 0.9313943 0.3292067 0.1553311 0.9464932 0.2917563 0.1379461 0.6571547 0.5943953 0.4635105 0.08610546 0.8489857 0.5213533 0.08613383 0.6336994 0.7687693 0.5342344 -0.7420861 -0.404848 0.6719062 -0.5280789 -0.5193023 -0.7382974 0.5481863 0.3929489 -0.6874994 0.6116325 0.3914719 -0.6984921 0.6936624 0.1759014 0.5725506 -0.1299599 -0.8095038 -0.4421175 -0.07058632 -0.8941755 0.9271341 0.2004292 0.3166236 0.948943 0.09416598 0.3010649 0.9874982 -0.05524271 -0.1476338 0.9906136 0.09274947 0.1004105 0.9111932 -0.2746916 -0.3070368 0.9607641 -0.1252673 -0.2474681 0.2769494 0.5690708 0.7742465 0.4900807 0.7282376 0.4790521 0.2781304 -0.07981878 0.9572213 0.3406574 -0.3490707 0.8729848 0.5040844 -0.2742608 0.8189506 0.3208937 0.4447987 -0.8361707 0.3942394 0.434253 -0.809938 0.4900828 0.1461735 -0.8593325 0.4521033 -0.5254996 0.7207308 -0.6874695 -0.4495886 0.570312 -0.706071 -0.6032788 0.3708349 0.181941 -0.3687087 0.9115654 0.1389288 -0.07248544 0.987646 0.1591383 -0.06886076 0.9848519 -0.06839609 -0.7381517 -0.6711588 -0.4646432 -0.400134 -0.7899365 -0.4646371 -0.1205259 -0.8772605 0.9271229 -0.3687531 -0.06681543 0.7377688 -0.6741532 -0.03485298 0.7376303 -0.6265377 -0.2516984 0.1437187 0.9576119 0.2496485 0.1374623 0.9864188 -0.08990138 -0.08328473 0.9964674 0.01079183 0.1887734 0.02859884 0.9816042 -0.1984076 0.2450986 0.948979 -0.1844473 0.2698556 0.94507 -0.1592116 0.2426143 0.9569692 -0.1406124 0.5803104 0.8021646 0.9395972 -0.3386296 0.04987066 0.005017697 -0.4065308 -0.9136233 -0.1789676 -0.4522193 -0.8737667 -0.1543248 -0.1198336 -0.9807263 -0.199787 0.9263313 0.3193676 0.1884773 0.9585444 0.213703 0.18722 0.8363232 0.5152788 0.1367062 -0.4152145 -0.8993933 -0.1380103 -0.4796544 -0.8665362 -0.1409897 -0.1856302 -0.9724522 0.7605167 0.6491187 -0.01610195 0.7061852 0.6730623 0.2197491 -0.07943987 -0.4983418 -0.8633337 0.1610733 -0.3967812 -0.9036704 0.1610118 -0.7070075 -0.6886332 -0.5723344 -0.8088935 0.1346281 0.16127 0.5395157 -0.8263866 -0.09766846 0.4554549 -0.8848853 -0.06466996 0.7410379 -0.6683417 0.1498457 0.1895464 -0.9703704 -0.1291706 -0.1531196 -0.9797293 0.7377702 -0.5105949 -0.4415745 0.7348733 -0.3067334 -0.6048768 0.9271231 0.09703868 -0.3619756 0.7109507 0.1215499 -0.6926578 0.7735697 0.2998069 -0.558306 0.7455309 -0.09157133 -0.6601504 0.9136854 -0.05848562 -0.4021922 -0.1994037 -0.08108007 -0.9765574 -0.1984252 -0.3979467 -0.895693 -0.06444036 -0.2810789 0.9575188 0.7920914 -0.2130566 0.5720124 0.7385185 -0.4222441 0.5256429 0.9272445 -0.2156627 0.3061163 0.9419041 0.2861802 -0.1758341 0.9999974 -1.4442e-4 -0.002330303 0.1740953 0.6110565 0.7722052 0.0976963 0.5891 0.8021326 0.09618854 0.3476572 0.9326748 -0.2315605 0.9172692 -0.3240326 -0.1997442 0.9798473 0.001274168 0.2780396 -0.8077732 0.5198044 0.2234786 -0.9412455 0.2532079 0.4909649 -0.8464297 0.2061809 0.2781282 -0.385389 -0.879841 0.2778421 -0.07928186 -0.9573497 0.4539384 -0.1719518 -0.874284 0.1861117 -0.9688065 -0.1636353 0.1850599 -0.8887363 -0.4194054 -0.06020373 0.9430775 -0.3270784 0.1619511 0.9116672 -0.3776702 0.7604075 0.1743797 0.6255977 -0.5723768 -0.1575419 -0.8047145 -0.06071448 -0.08209693 -0.9947733 -0.05395007 -0.4377201 -0.8974913 0.1755117 -0.8078872 0.5625958 0.1752148 -0.5819691 0.7941107 0.1369929 -0.6008696 0.7875207 -0.07941234 -0.1909484 -0.9783826 0.2128815 0.2053113 -0.9552637 0.1355234 0.4562694 -0.8794611 0.2216849 0.4567409 -0.8615357 -0.5190055 0.6904849 0.5038491 -0.2613784 0.5457285 0.7961544 -0.2753578 -0.1497309 -0.9496098 -0.2220798 0.1845264 -0.9574083 0.406302 -0.1254497 -0.9050862 0.4086784 0.1749692 -0.8957498 0.1494844 -0.005415439 0.9887492 0.07585227 -0.01704794 0.9969734 0.1317228 -0.3314632 0.9342277 -0.06080943 0.545657 0.8357995 -0.5481845 0.5057346 0.666128 -0.5557699 0.2796003 0.7829072 0.1752123 0.7777734 -0.60363 0.1363307 0.7105077 -0.690357 0.1361418 0.8963717 -0.4218806 0.9513945 0.2623534 -0.1613053 -0.1489311 0.9827848 -0.1093326 -0.1496759 0.9160568 -0.3720716 -0.1530095 0.9162835 -0.3701523 0.142101 0.9215044 -0.3614373 0.1699377 0.9854549 6.0305e-5 0.1898933 0.9754766 -0.1112924 0.9874986 0.1573873 0.008706867 0.9467531 0.3188138 0.04490494 0.3844646 0.9217271 -0.05105137 0.2781493 0.9296054 0.2417992 0.4539706 0.8697089 0.1936931 0.1612687 -0.9142429 -0.3716886 -0.06444686 -0.8691201 -0.4903843 0.1598713 -0.3058497 0.9385613 0.1354619 -0.3044611 0.9428434 0.2220187 -0.04824495 0.9738481 0.1896134 -0.3442847 0.9195189 0.1328848 -0.3893707 0.911445 0.1703845 -0.6475199 0.7427565 0.3924311 -0.4478736 -0.8033723 0.6577561 -0.1051366 -0.7458574 0.6568708 0.1010181 -0.7472056 0.09688353 0.9940611 -0.04955905 0.08202111 0.3140773 0.9458478 0.6569069 0.1828027 0.7314757 0.657561 0.4136935 0.6296597 -0.1344185 -0.9555293 0.2624796 0.0685628 -0.9822412 0.1746468 0.1365738 0.2433623 -0.960272 -0.1061415 0.1437632 -0.9839036 -0.1379175 0.4841685 -0.8640368 -0.2127521 -0.3086581 0.9270743 -0.1594704 -0.6371836 0.7540333 -0.1598973 -0.6535551 0.7397964 -0.1810376 0.3054745 0.9348319 -0.138186 0.5557554 0.819781 -0.2757686 0.553107 0.7861453 -0.1195663 0.6232069 0.7728629 0.1696794 0.5394213 0.8247629 0.1427689 0.8028995 0.5787656 0.734876 0.5114361 -0.4454104 0.3901194 0.670701 -0.6308464 0.4049709 0.8264135 -0.3912025 -0.07943081 0.6336461 0.7695346 0.161072 0.5401104 0.8260367 0.1808961 0.7933618 0.5812519 0.4255414 0.7583362 0.4938026 0.7384729 0.5491608 0.3912546 0.1697912 -0.134834 -0.9762125 0.1869452 0.131662 -0.9735074 -0.2598079 0.9180376 0.299511 -0.2209922 0.7687129 0.6002025 -0.1384056 0.7911184 0.5957983 0.1168926 -0.7176907 -0.6864811 0.1104711 -0.9182628 -0.3802495 -0.1419236 -0.864489 -0.4821999 0.1442781 0.9123417 -0.3831666 0.1700684 0.7062391 -0.6872431 -0.1614801 0.7678998 -0.6198824 0.1858203 -0.9694214 0.1602905 0.1703963 -0.9671931 0.1884213 0.1514396 0.5758966 0.8033735 0.1326584 0.6294958 0.7655957 0.1103574 0.3025801 0.9467136 0.1713717 -0.01402413 0.9851067 -0.1379166 -0.03999948 0.9896359 0.1819422 -0.6447167 0.7424536 0.1325697 -0.3971707 0.9081194 0.003840267 0.7893594 -0.6139195 0.002554416 0.9449474 -0.3272125 -0.1598002 0.5195861 -0.8393417 -0.2423551 0.5030624 -0.8295735 0.1700499 -0.4928263 -0.8533496 -0.16255 -0.3902418 -0.90625 -0.2206707 -0.903874 -0.3664919 -0.2219075 -0.7378839 -0.6374045 -0.1922252 -0.0416215 0.9804678 -0.2247183 -0.006907284 0.9743994 0.0038414 -0.9862939 -0.1649534 0.0038203 -0.9043517 -0.4267711 0.08218371 -0.9086387 -0.4094163 0.1890546 -0.94437 0.2691165 0.1395708 -0.8207697 0.5539469 0.2505123 -0.8246268 0.5071828 0.08634632 -0.7046918 -0.70424 0.002889692 -0.7190883 -0.6949129 -0.04583621 0.7533116 -0.6560647 0.03210389 0.7537229 -0.6564078 0.03212952 0.4995667 -0.8656794 0.003790378 0.8475026 0.5307778 0.003808975 0.6292473 0.777196 -0.1879943 -0.4534654 -0.8712217 -0.1809176 -0.697354 -0.6935174 -0.2255563 0.9719171 -0.06709486 -0.310505 0.9054054 0.2895302 -0.1614738 -0.5984887 0.7846894 0.1168499 0.3036626 0.9455872 0.003846168 -0.9864143 0.1642318 0.08672499 -0.9947479 -0.0543648 0.1374588 -0.3802629 0.9146066 -0.0651465 -0.6157623 0.7852343 0.2370284 0.7418496 -0.6272772 0.2234771 0.9177749 -0.3282489 0.4542869 0.8259528 -0.3338047 0.1861711 0.7953405 0.5768657 0.2352903 0.5937535 0.7694773 -0.1591569 0.5916979 0.7902928 0.9847438 0.1104082 -0.1344979 0.9874984 0.0470736 -0.1504361 0.9489428 -0.1105759 0.2954329 0.9467735 -0.1691396 0.2738826 0.9874982 -0.07120817 0.14063 0.9874956 -0.1130978 0.1098254 0.005021274 -0.3968348 0.9178764 -0.1789675 -0.3365725 0.9244943 -0.1500701 -0.597281 0.787867 0.174099 -0.9526228 0.2493983 0.09742677 -0.9855962 -0.1382324 0.1612703 -0.9853936 -0.05469459 -0.08384406 -0.9795228 -0.1830444 -0.1080629 0.9582592 0.2646916 0.9481364 0.122819 -0.2931776 0.1374582 -0.9581687 0.2510337 -0.08385169 -0.9858829 0.1449276 0.139576 0.1483277 -0.9790391 -0.1994149 0.2403986 -0.9499696 -0.1644404 0.5366483 -0.827628 -0.1995345 0.7614159 -0.6167917 0.7737408 -0.6139344 0.1562362 0.8996053 -0.3736703 0.2260109 0.154595 -0.4332001 -0.8879404 -0.1997878 0.7724559 0.602824 -0.07941049 0.8491446 0.5221567 -0.2448875 -0.9649398 -0.09445321 0.7061854 -0.0477975 0.7064118 0.9136855 -0.008510589 0.4063333 -0.7483305 -0.5361527 0.3905661 -0.7427107 -0.5785697 0.3371021 -0.7392685 -0.4559583 0.4955646 0.1861159 0.9825259 0.001944422 0.1416397 0.9400236 0.3103127 -0.1826416 0.9589968 0.2167193 -0.1189618 -0.9775612 0.1738455 0.1487428 -0.9847936 -0.08976298 -0.5104776 -0.5466521 0.6637652 -0.09792983 -0.8726068 0.4785052 -0.1644341 -0.8658971 0.4724233 -0.1995472 -0.9631962 0.1800945 0.6781498 -0.6260956 0.3848601 0.7385912 0.3931185 0.5476686 0.1791672 0.2143515 -0.9601837 -0.07916939 0.1384205 -0.9872041 0.7061867 0.6661123 -0.2399892 0.9136852 0.3755285 -0.1554279 0.9453554 -0.2457291 0.2142906 0.9379666 -0.3211942 0.1305871 -0.1375244 -0.9844868 -0.1089627 -0.1740421 -0.9826441 -0.06418699 -0.5536258 0.627987 -0.5469287 -0.6882053 0.5571908 -0.4646633 -0.4437304 0.8947996 -0.04936736 -0.5481914 0.835698 -0.03309339 -0.5717253 0.7769846 -0.2634867 -0.5723948 0.7808333 0.2503272 -0.5644231 0.4284623 -0.7055825 -0.7060706 0.3538661 -0.6133866 0.004099309 -0.07437616 0.9972219 -0.2667888 0.8717846 -0.4108716 0.991021 -0.07947027 -0.1075261 -0.06080895 0.2453917 -0.967515 0.03274095 0.1372671 -0.9899928 -0.456956 0.8276215 -0.3259355 -0.5319311 0.6385777 -0.5561187 0.4329088 0.6805825 -0.5910986 0.2173171 -0.8505662 0.4788639 0.1034537 -0.8719702 0.4785033 -0.1523708 0.2414184 0.9583842 0.1493867 0.3156042 0.937058 -0.7396696 0.3682243 0.5632937 -0.6922042 0.4599253 0.5561674 -0.4917935 0.7058488 0.5098204 -0.5034695 0.4835296 0.7160431 -0.3299518 0.5761663 0.7477728 -0.225629 -0.3547446 0.9073301 0.1703994 0.9850145 -0.02665704 0.1995822 0.9317792 0.3032402 -0.1270298 -0.1249935 -0.9839919 0.1329697 0.2433452 -0.9607821 0.2324389 0.1661814 -0.9583089 0.1844359 0.9187127 -0.3492141 0.1172034 0.9886433 -0.09406262 -0.08384209 0.367433 0.9262632 0.9467718 -0.3017165 0.1122075 0.9420655 -0.3347558 0.02124446 0.08637905 -0.3493093 0.9330176 0.09122276 -0.05795067 0.994143 -0.3824608 0.2758227 0.8818422 -0.7483238 0.2470022 0.615631 -0.7427111 0.1847569 0.6436188 0.4514896 0.8909432 -0.04875761 0.431588 0.7696297 0.4705335 0.56161 -0.6166843 -0.5516293 0.4926228 -0.7735889 -0.3986013 -0.1485111 0.9515973 0.2690857 -0.1191765 0.9422582 0.3129639 -0.1520792 0.7995507 0.5810256 -0.2611224 0.003788948 0.9652984 0.5330004 -0.6064863 -0.5899873 -0.3980382 -0.6793856 -0.6164422 -0.1526448 -0.6705914 0.7259524 -0.1523685 -0.8697971 0.4692942 -0.1269107 -0.8396985 0.5280154 -0.1523729 -0.0828576 0.9848437 -0.1480712 0.02638101 0.9886248 0.04781925 0.9478005 0.3152582 0.03365254 0.8262729 0.5622638 -0.2048991 -0.30128 0.9312608 0.5528019 -0.8268284 -0.1037541 0.04772192 -0.9973757 -0.05444645 0.04794156 -0.9231672 -0.3813974 0.1858169 0.3458948 0.9196896 0.1705291 0.3209149 0.9316294 0.04786235 -0.08307766 0.9953931 0.04784947 -0.3502346 0.935439 -0.1489264 -0.6693199 -0.7278954 -0.184529 -0.4271101 -0.8851701 -0.148509 0.7457449 -0.6494687 -0.118741 0.7194635 -0.6843047 0.1818786 -0.9696756 -0.1632472 0.1325448 -0.8958985 -0.4240259 0.1727783 0.5432891 -0.8215746 -0.1845319 0.7969228 0.5752063 -0.179031 0.5542697 0.812855 -0.6816546 0.1403498 -0.7180871 -0.1489318 -0.2946565 0.9439263 -0.1731824 -0.9685169 0.1788377 -0.152078 -0.9797215 -0.1304538 0.5616286 0.8235053 -0.08007818 0.04834663 0.8249483 0.5631368 0.2126136 0.7929179 0.5710313 0.04782575 0.7532427 -0.6560016 0.03207993 -0.9858898 0.1642932 0.0320633 -0.9858174 -0.1647297 -0.06842941 0.9503147 0.3036765 0.03205913 -0.8789144 -0.475901 -0.06078988 0.7874513 0.613372 -0.06080037 0.02787441 0.9977607 0.0320999 0.007711172 0.999455 0.02573239 0.2985344 0.9540519 -0.4620695 0.2647354 0.8464083 0.03208732 0.5631534 0.8257291 0.0506016 0.6304556 0.7745742 -0.1526423 0.9882802 0.001679658 0.04740267 0.2947216 0.9544068 -0.1790428 0.9080568 -0.3786512 -0.2036175 0.7201352 -0.6632837 0.03206688 -0.6767673 -0.7354984 0.05004239 -0.7514193 -0.6579246 0.9271339 0.2094438 -0.3107349 0.9489428 0.2378815 -0.207171 0.9478062 -0.01919901 0.3182685 0.9355004 -0.1765456 0.3060567 -0.4646453 -0.8639907 0.1939713 -0.06156969 -0.2973449 0.9527829 -0.07171416 0.9150766 -0.3968525 0.03407192 -0.3578076 0.9331736 -0.06158059 -0.5906031 0.8046092 -0.4437258 0.4480784 -0.7761012 -0.5483584 0.4087688 -0.7295281 -0.5867735 0.1515586 -0.7954413 0.1343281 0.953547 0.2696372 0.2179695 0.9490091 0.2277524 -0.5726043 -0.7214854 -0.3893369 -0.5910324 0.7858452 0.1820116 -0.2024381 -0.9759988 -0.08028131 -0.06078791 -0.9603874 0.2719575 -0.1948979 0.560025 0.8052248 -0.1593792 0.5404388 0.8261503 -0.1333389 0.8095747 0.5716726 -0.3306351 -0.8596841 -0.389389 -0.310231 -0.7124094 -0.6294677 -0.57278 0.6172787 -0.5393425 -0.5728809 0.004454314 0.8196266 -0.4436805 0.2208738 0.8685404 -0.5726503 -0.554515 0.6038086 -0.5723568 -0.7213326 0.3899832 -0.0605899 -0.8201043 0.5689975 0.169978 -0.955575 0.2407987 0.1326655 -0.9890363 -0.06486165 0.1896317 -0.9760875 -0.1062688 -0.1526657 -0.8831605 -0.4435319 -0.1915631 -0.7186525 -0.6684626 0.1368831 0.6304401 0.7640736 0.1861098 0.9299229 -0.3171856 -0.1826416 0.9774044 -0.1064084 -0.4192271 -0.7588973 0.4983208 -0.2667889 -0.8473667 0.4591224 -0.2662964 -0.6519312 0.7099804 0.09713107 0.7852631 0.611496 0.1374611 -0.1008739 -0.9853574 -0.464039 -0.6018455 0.6499614 0.9864973 0.07394707 0.1461336 0.9469397 0.1535454 0.2823638 0.9874982 -0.1425699 0.06723964 0.9874956 -0.156706 0.01720118 0.9384757 -0.07265335 0.3376165 0.9874982 -0.02168816 0.1561312 0.1755188 -0.9830887 -0.05224847 0.1752121 -0.9470085 0.2692129 0.136135 -0.97701 0.1640695 0.1187428 -0.5971892 0.7932624 -0.150438 -0.395215 0.9061863 -0.1658697 -0.1473623 -0.9750752 0.1744684 -0.134643 -0.9754138 0.1734995 0.1375656 -0.9751788 0.4527387 0.6372578 -0.6236428 -0.4637664 0.7009178 -0.5418809 -0.4633505 0.4875233 -0.7400184 0.9532164 0.1922401 -0.2332857 0.9313939 0.2310094 -0.2813186 0.1702086 -0.08196979 0.9819929 0.9451404 -0.3107524 -0.1007112 0.942061 -0.3235662 -0.08846551 -0.4423705 -0.7354087 0.5133056 -0.108106 -0.7177435 -0.6878644 -0.2007069 -0.8848627 -0.4203987 0.9271335 -0.3269701 -0.1830682 -0.4564372 0.02725726 0.8893381 -0.2675024 -0.007156014 0.9635306 -0.3109807 0.314706 0.8968005 0.04754763 -0.5911081 0.8051898 -0.4423733 0.8098645 -0.3852604 0.2368869 -0.8840076 -0.4030075 0.321335 -0.6550993 -0.6838046 0.4184177 0.4307153 -0.7996318 -0.1947541 0.8990769 -0.3920864 -0.1539906 0.9830864 -0.0991376 -0.189343 0.9775354 -0.09259372 0.9489431 0.3149502 -0.01770436 0.4931046 -0.5333487 0.6873041 0.572562 -0.7074802 0.4143002 0.1760026 -0.8902361 -0.4201223 0.4730855 -0.2829178 0.8343546 -0.3763262 -0.3477175 0.8587614 -0.4418371 -0.07828259 0.8936733 -0.2184326 -0.8313482 0.5110259 -0.1836568 -0.8377211 0.5142894 -0.2136074 -0.9443372 0.2501986 0.5821071 0.6415766 0.4995307 0.1760141 0.4922028 -0.8524996 0.1378136 0.4958751 -0.8573887 0.06873846 0.235102 -0.969537 0.5858194 0.5027828 0.6356297 0.6574246 -0.5096425 0.5550292 0.6318162 -0.6659218 0.3966821 0.3941549 0.916496 -0.06838881 0.4073901 0.8762414 0.2573606 0.146858 0.2833876 0.9476941 -0.2049067 0.7782242 0.5936164 -0.2596282 0.9296583 0.2613977 0.1365446 0.8491487 0.5101982 0.5824934 -0.4953163 0.6444869 -0.1597678 -0.9857096 -0.0533933 -0.1845476 -0.6642999 -0.7243258 -0.1836358 -0.4438793 -0.8770685 0.1167966 -0.8493088 0.5148138 -0.4423773 0.8473296 0.2938282 -0.4062812 0.9133252 -0.02779936 -0.5378245 0.791768 -0.2895661 0.1752172 0.9316289 -0.318381 0.1361718 0.9847859 -0.1079536 0.4065727 -0.8028497 -0.4360403 -0.1839412 0.8377587 0.5141265 -0.2673989 -0.1511566 -0.9516562 -0.4576855 0.1212453 -0.8808085 0.6577536 -0.02073109 0.7529479 0.5728618 -0.007683515 0.8196161 0.1032455 0.5382975 -0.8364067 0.1827281 0.4896327 -0.8525668 0.6577256 0.3766288 -0.6523403 0.08637094 0.4981464 -0.8627805 0.09089553 0.7305982 -0.6767306 -0.2593541 -0.9335976 0.2472471 0.08635336 -0.1368267 -0.986824 0.08624827 0.2450058 -0.9656777 -0.54996 -0.2956625 0.7811067 0.657736 -0.2641051 0.7054303 0.08614885 -0.5896779 0.8030307 0.08615589 -0.8184708 0.5680518 0.1598721 -0.09321475 -0.9827268 -0.2131095 -0.6808881 -0.7006967 0.2792727 -0.5913883 0.7564832 -0.178731 -0.9468891 0.2673131 -0.1839466 0.2419909 -0.9526826 -0.1850016 -0.1379145 -0.9730129 -0.2081899 -0.9638683 -0.1661773 0.007279813 0.9622435 0.2720927 0.08636921 0.9586763 0.2710723 -0.2209972 -0.8006083 0.556944 -0.180916 -0.8435165 0.5057166 -0.1377558 -0.6700256 0.7294445 0.2320603 0.7460364 -0.6241616 -0.2670621 -0.9505213 0.1587051 0.03478199 -0.4077613 -0.9124259 0.02867954 -0.1509575 -0.9881242 0.04781192 -0.1413014 -0.9888114 -0.4009708 0.2995375 0.8657366 -0.2613798 0.9057608 -0.3335837 -0.1740338 0.01717734 0.9845898 -0.2219089 -0.287312 0.931777 -0.4413235 0.1720319 -0.8807034 -0.1782762 0.946853 0.2677442 -0.5497614 0.6835337 0.4801502 -0.6922866 0.2151052 0.6888172 -0.5189998 0.1840262 -0.8347297 -0.2604309 0.4370591 -0.8609037 -0.5312098 0.8468958 -0.02416557 -0.6933782 -0.2883261 -0.6603748 -0.5637939 -0.1335417 -0.8150479 -0.1383476 -0.3988193 0.9065337 -0.7398877 -0.5917315 -0.3200316 -0.7428041 -0.4687783 -0.4780054 -0.6984931 -0.4991667 -0.5127768 -0.1997559 0.5348433 0.8209995 0.1884875 0.6251662 0.7573902 0.1871849 0.343511 0.9203054 0.003802001 -0.6775361 0.7354797 -0.1823335 -0.8076028 0.5608317 -0.7483273 0.285641 -0.5986783 -0.7427111 0.3483946 -0.5718404 -0.5105171 0.1647601 -0.8439351 -0.2250681 0.1945473 -0.9547229 0.9936413 0.09591954 -0.05896186 0.5828718 0.4812481 0.6547219 0.4328925 0.5320662 0.7276741 0.5826361 0.4063647 -0.7038486 0.04783129 0.499432 -0.8650318 -0.4194058 0.4303814 -0.7992939 0.4306403 0.2252814 -0.873955 -0.7398879 -0.2700743 0.6161379 0.5993234 -0.3566752 -0.716655 0.5527769 -0.1024017 -0.8270137 0.4760208 -0.09939169 -0.8737995 0.1755912 0.6033602 0.7778973 0.2220202 0.7888856 0.573033 0.4325138 0.8529263 -0.292316 -0.7481155 0.5910081 -0.3017163 -0.738265 0.6288237 -0.2440196 -0.7402489 0.4993179 -0.4502371 -0.1599304 -0.8677895 -0.4704932 -0.1596587 -0.668522 -0.7263522 -0.456429 -0.8885558 -0.0462746 -0.2667937 -0.950689 -0.1581509 -0.1778516 -0.6184539 0.7654305 0.3120776 -0.6039955 0.7333465 0.2182132 -0.8253248 0.5207896 0.4298565 0.4518624 -0.7816929 -0.7483293 0.43351 0.5020682 -0.1592111 0.1358683 -0.9778506 -0.1626843 0.4392697 -0.8835022 0.1699426 0.2418583 0.9553136 -0.2209966 -0.5763913 0.7867233 -0.1943315 -0.7401809 -0.643714 -0.1956585 -0.4934142 -0.8475025 0.005031287 0.5425027 -0.840039 -0.1785161 0.4447273 -0.8776957 0.6043993 0.1154664 -0.7882698 0.04791408 0.2394154 -0.9697343 -0.148082 0.3459722 0.9264853 0.1878994 -0.8884452 -0.4187589 -0.1041603 0.191592 -0.9759319 0.1712737 -0.9778218 -0.1205397 -0.1542433 -0.9759461 -0.1540723 -0.2423505 -0.8861092 -0.3950656 0.1866212 -0.8369579 0.5144649 0.1357556 -0.8668817 0.4796735 -0.159799 0.957701 0.2393179 -0.1943401 0.9573413 0.2138447 -0.1660988 0.8186812 0.5497021 -0.194902 -0.8487209 0.4916157 -0.1599421 -0.8243268 0.5430507 -0.2423536 0.3094732 0.9195059 0.2781302 -0.9591123 -0.05241513 0.1713673 -0.1358504 -0.9757961 -0.7483232 0.03372627 0.6624763 -0.7382651 -0.0291292 0.6738814 -0.5866939 0.6693013 0.4558796 -0.4413216 0.7378268 0.5107317 -0.4436874 0.5277503 0.7243074 0.1172103 -0.9142538 -0.3878166 0.9826434 0.1786775 -0.04986292 0.9384142 -0.2653895 0.2212407 0.9467723 0.237282 0.2175301 0.936172 0.2518029 0.2453112 0.9434811 -0.3313765 0.005767226 -0.1743683 -0.6262758 0.7598515 0.1992096 -0.6514813 0.7320436 0.9421654 0.04839432 0.3316362 0.9874982 0.03018295 0.1547134 -0.3307834 -0.1140578 -0.9367888 -0.2081826 0.1291276 -0.9695288 0.5726692 0.7656393 -0.2929958 0.5330083 0.8448248 -0.0466187 0.4932673 0.1912451 -0.8485946 -0.3782171 0.881644 0.2822337 -0.1406167 0.7414918 -0.6560617 -0.1815025 0.9258246 -0.3315203 0.100051 0.8976522 -0.4291975 0.4931103 0.6391982 -0.5901423 0.1752133 -0.6657961 -0.7252696 0.953546 -0.1784848 -0.2426797 -0.1407047 -0.7160667 -0.6837036 0.4247098 -0.6299641 -0.6502053 0.4063029 -0.3203374 0.8557464 0.984744 0.1574853 0.07401221 0.1740999 -0.4130909 -0.8938933 0.4061887 0.5819293 0.7045347 0.4049711 0.3216217 0.855896 -0.7481155 -0.6633772 -0.01593744 -0.7394467 -0.664062 -0.1106355 -0.7381827 -0.6604966 0.1372248 -0.5034678 -0.8348968 0.2224131 0.6763188 0.5772352 -0.457594 0.6318061 0.7140191 -0.3016585 -0.4436853 -0.8299697 -0.3380736 0.1320365 0.7354208 -0.6646222 0.09869748 0.5257411 -0.8448995 0.1871564 0.7595692 -0.6229181 0.1492918 0.5418024 -0.8271409 0.6572237 -0.7284421 0.1934666 -0.5867265 -0.2888814 0.7565048 -0.1521044 -0.4948732 -0.8555494 0.4063418 -0.8915932 0.1998701 0.4087188 -0.7775127 0.4779363 0.1804627 -0.8241414 0.5368653 -0.1922166 0.9805577 -0.03948891 0.003811478 -0.8796344 0.4756353 -0.4569508 0.8886125 -0.03954648 0.003819048 0.9999579 -0.00835371 -0.1473944 0.9849069 -0.09073722 -0.1592597 -0.08064162 0.9839376 -0.1484289 -0.5858928 0.7966798 0.1494838 -0.3261685 0.9334177 -0.7396694 0.6729704 -1.72336e-4 0.1702532 0.605227 0.7776337 0.4313251 0.2188953 0.8752391 0.5818825 0.2865802 0.7611075 0.5815451 0.02556192 0.8131126 0.1546032 0.7544173 -0.6379283 -0.2247108 0.7477654 -0.6247815 -0.1826356 0.5362736 -0.8240479 0.5338655 0.2997791 0.7906454 -0.5493808 -0.4178875 -0.7235682 -0.4576994 -0.2645654 0.8488324 -0.2000882 -0.6615929 -0.7226753 0.3828043 -0.8951386 0.2284467 0.476488 -0.8716658 -0.1147082 -0.4578939 -0.8039793 -0.3794078 -0.2698713 -0.8709605 -0.4106062 0.2429644 -0.634815 0.73347 0.1850609 -0.6247418 0.7585844 -0.2120718 0.7787764 0.5903667 -0.5723943 -0.8113867 -0.1183923 -0.6928249 -0.7200837 -0.03838211 -0.6882053 -0.6626036 -0.2955167 -0.4576908 -0.5258476 0.7169404 -0.2662953 -0.7260769 -0.6339552 0.604436 -0.7357845 -0.305415 0.1208951 -0.8808363 -0.4577248 -0.1880647 0.7324852 -0.6542914 -0.2199113 0.4877589 -0.8448256 -0.7478051 -0.3465142 -0.5663175 -0.7401912 -0.3139241 -0.5946164 -0.2039227 -0.11796 -0.9718545 -0.2039272 0.9006302 -0.3837692 -0.1944757 0.7240874 -0.6617226 -0.2212333 0.9134827 -0.3414751 -0.1377885 0.9364785 -0.3225252 -0.1377558 0.7809479 -0.6092157 -0.7486599 0.461574 -0.4758759 0.1890608 0.4416094 -0.8770616 0.1695724 0.1878446 -0.9674502 -0.7481098 -0.5137127 -0.4200369 0.133211 -0.6705861 -0.7297734 0.2324463 -0.4574636 -0.8583098 0.1818779 -0.970142 0.1604526 -0.1596524 0.2422571 0.9569862 -0.1661115 -0.01241588 0.9860288 0.1872156 -0.740095 -0.6459178 0.5828667 0.6127485 -0.533672 0.4095072 -0.899578 -0.1518656 0.223478 0.8237792 0.5210044 0.5825996 -0.8012505 0.1362913 0.05057078 -0.5000469 -0.8645205 0.1820848 0.8227943 0.5383815 0.2163503 0.4763593 -0.8522173 0.04779332 0.9449286 -0.3237683 0.5826112 0.7361031 -0.3445525 -0.1099451 -0.9540529 0.2787387 -0.07166039 0.518764 -0.8519089 -0.2288138 0.2242491 -0.9472891 0.2807285 0.184001 -0.9419847 0.9157283 0.02375352 0.4010954 0.9434937 0.1066293 0.3137673 0.2155696 0.9346722 0.2826972 0.9483805 -0.1057814 -0.2989729 0.1488112 -0.1358256 -0.9794931 0.1495437 0.7811985 -0.6061071 -0.1490791 0.8988453 -0.4121318 0.1492843 0.8429844 0.5168091 -0.1496762 0.1895421 -0.9703973 0.5338523 -0.4258287 -0.7305284 0.1271727 -0.7180562 -0.6842678 0.2781318 0.2353155 0.9312729 0.1752111 0.9845299 0.001370191 0.1505171 0.9652883 0.2134557 0.08611673 -0.9585726 0.2715188 -0.1199858 -0.3480901 0.9297509 0.1515111 -0.1483242 -0.9772637 0.1715685 -0.7280663 -0.6636894 0.002892613 0.1884353 -0.9820814 -0.1787315 0.7766941 0.603988 -0.2673335 0.5272974 -0.8065298 -0.2698711 0.7261136 -0.6323992 0.1818798 0.2400168 0.9535784 -0.1803552 0.1885654 -0.9653576 -0.3607116 0.8974887 0.253774 0.4069609 -0.6197125 0.6710733 -0.7481133 -0.6222612 -0.2304722 0.1813306 -0.6891845 -0.7015298 -0.221391 0.9748527 -0.02546077 -0.7483241 -0.3802882 0.5434997 -0.7478072 0.651339 0.1286154 -0.742711 0.6398686 0.1973541 0.1355234 0.0173127 0.9906229 0.6574208 -0.3035599 -0.6896734 -0.5378321 -0.7492925 -0.3863903 -0.3305816 0.9414381 -0.06640952 0.4527386 -0.7312201 0.5102401 -0.3784688 -0.8048463 0.4571474 -0.4952521 -0.5236139 0.69322 0.1762484 -0.3922403 -0.9028202 0.1870538 -0.6017148 0.7764987 -0.4413231 0.6771648 -0.588797 0.1389403 -0.8753272 -0.4631391 0.1850608 -0.134981 -0.9734129 0.1319691 -0.6978549 -0.7039764 -0.7498421 -0.08924084 -0.6555708 -0.7479828 0.1319404 -0.6504718 0.175207 0.9307416 0.3209714 0.003814935 -0.1373533 -0.9905148 -0.211577 0.5180308 -0.8287819 -0.2112684 0.9250348 -0.3157158 -0.7481154 0.6569528 -0.0934686 0.04777908 -0.9610074 0.2723639 -0.2114807 0.2587004 0.9425233 0.2180297 0.3415382 0.9142291 -0.7486563 -0.6324367 0.1988407 -0.1783878 0.5894526 0.78786 0.3222972 0.5606999 0.7627189 -0.1639146 -0.4032818 -0.9002755 0.2166739 -0.4858447 -0.8467629 0.1691004 0.8099449 0.5615998 -0.2682801 0.8003558 0.5361497 -0.159937 0.9417442 0.2958685 -0.2103923 -0.8498408 0.4832245 0.2187244 -0.9499802 0.2229288 -0.2115474 -0.859433 -0.4654273 0.2158992 -0.7055553 -0.6749661 -0.7483251 0.5730473 0.3341055 -0.2123033 -0.6616953 -0.7190874 -0.2520138 -0.9524075 0.1714908 0.09287327 -0.4730371 -0.8761339 -0.06097197 0.2979659 0.9526274 -0.2210678 0.3162854 0.9225468 0.1386789 0.9854071 -0.09869718 -0.7483243 -0.1832068 0.6375312 -0.2693012 -0.1467632 -0.9518075 -0.2681885 -0.01211714 0.9632902 -0.160605 -0.1355389 -0.9776682 0.5329995 0.4230759 -0.7327471 0.00944221 0.9419186 -0.3357084 -0.01976585 0.9764845 -0.2146797 0.006212651 0.992807 -0.1195645 0.3314839 0.9307236 -0.1545054 0.4200556 0.840196 -0.3429639 -0.01391851 0.8494927 -0.5274168 -0.02088725 0.9029289 -0.4292821 -0.01766687 0.736389 -0.6763277 -0.02179068 0.8069906 -0.5901623 0.2543367 0.7067329 -0.6601829 -0.01652222 0.5895845 -0.8075377 -0.02185517 0.6810678 -0.7318943 -0.01415693 0.4197876 -0.907512 -0.02023535 0.5235638 -0.8517462 -0.01180195 0.2347461 -0.9719851 -0.01783967 0.3475583 -0.9374887 -0.007973492 0.04109174 -0.9991236 -0.01501446 0.1612724 -0.9867958 -0.002970516 -0.152087 -0.9883627 -0.01206469 -0.03452056 -0.9993311 0.01469564 -0.3325502 -0.9429711 -0.00947088 -0.2148248 -0.9766067 0.02097296 -0.5327616 -0.8460055 -0.006985187 -0.4089991 -0.9125081 0.001311361 -0.6956079 -0.7184205 -0.004503607 -0.6003466 -0.7997274 0.00360465 -0.8049125 -0.5933827 -0.003033459 -0.7361073 -0.6768581 0.02493703 -0.8997386 -0.4357162 -0.002238214 -0.8406194 -0.5416218 0.03170377 -0.9733897 -0.2269525 -0.001076579 -0.9330802 -0.359667 0.01411557 -0.9995391 -0.02687758 6.39965e-4 -0.9898933 -0.1418125 0.0308007 -0.9885324 0.1478344 0.001571297 -0.9997193 0.02364456 0.01710319 -0.9322257 0.3614732 0.003261983 -0.9714378 0.2372724 0.01918041 -0.8541242 0.5197154 0.005583465 -0.9071906 0.4206829 0.03811985 -0.7381725 0.6735342 0.007223606 -0.8183097 0.5747323 0.02275812 -0.573418 0.8189468 0.01029855 -0.6766601 0.7362236 0.02787405 -0.4262738 0.9041647 0.01330399 -0.5185396 0.8549501 0.04541575 -0.2461599 0.9681647 0.014521 -0.3622209 0.9319792 0.02818465 -0.03100138 0.9991219 0.01662498 -0.1541296 0.9879108 0.03048092 0.1424835 0.9893278 0.01767724 0.04140442 0.9989861 0.02590668 0.3271734 0.9446092 0.01640218 0.2304365 0.9729491 0.02269774 0.5045035 0.8631113 0.01402974 0.4074737 0.9131092 0.01891571 0.6580272 0.7527565 0.01066565 0.5827167 0.8126055 0.01264667 0.7940821 0.6076791 0.005804002 0.7235337 0.6902647 0.004538595 0.8961391 0.4437502 5.2207e-4 0.8479277 0.5301118 6.75384e-4 0.9656905 0.2596949 -0.005437672 0.9321206 0.3621072 -0.004076421 0.9975697 0.06955647 -0.01075124 0.9863546 0.1642838 -0.01617944 0.999809 -0.01097339 0.3380853 0.9169115 0.2120652 0.7235395 0.6751813 0.1435998 0.4158859 0.9088917 0.03090363 0.7255285 0.6772274 -0.1223583 0.7867248 0.6168339 0.02408778 0.9244581 0.3776735 -0.05234569 0.9477293 0.3017858 -0.1036081 0.7710785 0.5910239 -0.2369151 0.9521079 0.3055939 0.01015245 0.9999933 2.70989e-4 0.003683149 0.9999781 -0.002962887 0.005931377 0.9282358 0.3132317 -0.2006595 0.7169978 0.5982403 -0.3578029 0.7256677 0.5009964 -0.4716027 0.9999709 -0.00155425 0.007474899 0.9375656 0.2422525 -0.2495683 0.9999662 2.97995e-5 0.008226633 0.9387145 0.1863003 -0.2900124 0.7690601 0.3739843 -0.5183457 0.3149218 0.5381029 -0.7818373 0.3730136 0.7739564 -0.5117152 0.7412056 0.2866456 -0.6069997 0.3165486 0.3418486 -0.884837 0.7619084 0.1474033 -0.6306885 0.3262164 0.1614515 -0.9314056 0.938609 0.1249393 -0.321564 0.9292402 2.31122e-4 -0.3694761 0.7190206 0.02417904 -0.6945681 0.3283397 -0.02367699 -0.944263 0.7295965 -0.1228375 -0.6727555 0.3286393 -0.180133 -0.9271183 0.3713983 -0.3365011 -0.8653499 0.7635359 -0.253028 -0.5941295 0.4816556 -0.4818123 -0.732028 0.7081195 -0.4993915 -0.4991742 0.3076969 -0.6596775 -0.6856736 0.3280771 -0.7734109 -0.5424029 0.7740311 -0.5297509 -0.3467561 0.4376278 -0.8303393 -0.3449909 0.9310936 -0.2540055 -0.2618128 0.9307259 -0.3383702 -0.1387618 0.7316935 -0.6348235 -0.2482413 0.4385318 -0.8838899 -0.1625691 0.7989253 -0.5887776 -0.1227163 0.740849 -0.6716622 0.003574192 0.3388373 -0.9408228 -0.00646454 0.9287431 -0.3704863 -0.01328158 0.9541775 -0.2934364 -0.05865448 0.9999728 0.004605352 -0.005772769 0.9999511 0.008849978 -0.004426777 0.9998902 -0.003773987 -0.01433706 0.9999665 0.007489562 0.003329873 0.9438933 0.1215819 0.3070561 0.9324297 0.07268995 0.3539649 0.9437945 -0.008385479 0.3304266 0.9942791 -0.00271058 0.1067798 0.9981774 -0.01086372 0.05936288 0.9999964 0.001412093 -0.002310395 0.9999988 0.001574277 -1.12124e-4 0.9999266 -0.007535159 0.00949186 0.9999819 0.005918443 -0.001102805 0.9999658 0.005976498 0.005737423 0.9999659 0.003927707 0.007273793 0.9999483 0.008556127 0.005512654 0.9999703 2.16794e-4 0.007710516 0.9999728 -0.002448141 0.006955683 0.9999684 0.001835346 0.007737457 0.9999986 -0.001659333 5.59166e-5 0.9999986 6.95739e-4 0.001560211 0.9995945 0.01984578 0.02042156 0.9982743 0.03244799 0.04894536 0.9999167 0.01078236 0.007108271 0.9926219 0.04689389 0.1118164 0.9992748 -0.01493501 0.03502923 0.9999909 0.004125893 -0.001021504 0.9999777 0.001712441 0.006468296 0.9999746 -0.003664076 0.006115138 0.9999738 -0.006893277 0.002257585 0.9999988 -0.001385331 8.03485e-4 0.9415705 0.2636746 0.209573 0.9432253 0.2147297 0.2534109 0.9503265 0.2779261 0.1401311 0.7643868 0.5339631 0.3613814 0.757401 0.6017982 0.253343 0.7612923 0.4564026 0.4605767 0.9284678 0.3614353 0.08551138 0.3038864 0.8601535 0.4096206 0.4089287 0.7247226 0.554576 0.35615 0.6366207 0.6840112 0.7630296 0.3407897 0.5492251 0.3108302 0.5247516 0.7924774 0.3634562 0.3607255 0.8589394 0.7647448 0.2085111 0.6096628 0.3562654 0.1944382 0.9139305 0.7611159 0.08578884 0.6429176 0.9565488 0.1497177 0.250198 0.7686751 -0.01584059 0.6394433 0.3852131 -0.01271104 0.9227401 0.7678943 -0.1141002 0.6303328 0.4157813 -0.2262304 0.8808779 0.7852903 -0.2357483 0.5724876 0.4226782 -0.376929 0.824177 0.9455183 -0.08274352 0.3148787 0.9441177 -0.131253 0.3023483 0.9433972 -0.1786316 0.2794504 0.7739002 -0.3528901 0.5258775 0.9436292 -0.2360906 0.2320026 0.7415927 -0.4670732 0.4815425 0.3450147 -0.5349975 0.7711955 0.4175338 -0.6723813 0.6112028 0.7639651 -0.5394002 0.3541254 0.3566337 -0.7815572 0.5118407 0.3910599 -0.8474688 0.3589831 0.9334115 -0.3341068 0.130827 0.7635043 -0.5994609 0.2402244 0.7605876 -0.6333236 0.1428555 0.3697295 -0.9140987 0.1665047 0.9424747 -0.3307999 0.04809349 0.956188 -0.2477249 0.1560036 0.9386385 -0.07571423 -0.3364897 0.9392812 -0.127521 -0.318574 0.9509501 0.06070363 -0.3033298 0.9398124 -0.1753126 -0.2932885 0.7746047 -0.3554779 -0.5230898 0.9608506 -0.2286975 -0.1564087 -0.3773627 0.7626166 0.5253697 -0.2038439 0.7143055 0.6694888 -0.2797119 0.6595261 0.697701 -0.2038711 0.5701417 0.7958487 -0.4572495 0.475288 0.751681 -1 0 0 -1 -1.35858e-6 0 -1 0 0 -0.2646681 0.3980102 0.8783727 -1 0 0 -0.1408727 0.2248605 0.9641538 -0.279784 0.3424162 0.8969238 -0.378962 0.1620914 0.911106 -0.2646735 0.03156226 0.9638215 -0.4572767 -0.02243036 0.8890416 -0.1408715 -0.161271 0.9768045 -0.3788253 -0.2102337 0.9012731 -1 0 0 -0.2039026 -0.34487 0.9162359 -1 1.3586e-6 0 -0.2039037 -0.5169975 0.8313464 -1 1.35862e-6 0 -0.3788276 -0.3820263 0.8429386 -0.3788273 -0.5391345 0.7522127 -0.2646771 -0.6592007 0.703847 -0.2797845 -0.6976255 0.6595751 -0.2039045 -0.7957846 0.5702193 -0.3789634 -0.7797231 0.4984161 -1 6.73971e-6 0 -1 -3.05434e-6 0 -0.2039025 -0.8917229 0.4040472 -1 0 0 -0.1408751 -0.9641542 0.2248579 -0.3789627 -0.8619771 0.3367234 -0.3789607 -0.911107 0.1620894 -0.2646734 -0.9638214 0.03156304 -0.457279 -0.8890404 -0.02242934 -0.1408782 -0.976803 -0.1612742 -0.378824 -0.9012737 -0.2102334 -1 1.08681e-5 0 -0.2646742 -0.9025354 -0.3396724 -1 1.35858e-6 0 -0.2039049 -0.8313671 -0.5169638 -0.2797844 -0.8763358 -0.3921177 -0.457279 -0.726749 -0.5125738 -0.2039034 -0.7145101 -0.6692524 -0.3788257 -0.6325816 -0.6755232 -0.2039018 -0.5702123 -0.7957903 -0.3788263 -0.488636 -0.7859553 -1 2.71718e-6 0 -1 -1.3586e-6 0 -0.2039057 -0.4040433 -0.891724 -0.2039057 -0.2223207 -0.9534128 -0.2797822 -0.3423931 -0.8969331 -0.3789619 -0.1620945 -0.9111055 -0.1408695 -0.03239417 -0.9894981 -0.4572818 0.02245473 -0.8890384 -0.2039032 0.1595086 -0.9659092 -0.3788264 0.2102399 -0.9012712 -0.2646752 0.3396739 -0.9025346 -1 3.36988e-6 0 -1 -2.20633e-6 0 -0.1408731 0.5227542 -0.8407633 -0.2788668 0.3689882 -0.8866121 -0.4572769 0.5125712 -0.7267522 -0.2646725 0.6592071 -0.7038427 -0.2797797 0.6976286 -0.6595739 -0.1408712 0.8047428 -0.5766666 -0.4572808 0.7516863 -0.4752494 -1 0 0 -0.2646756 0.8783743 -0.3980019 -1 -1.08686e-5 0 -0.1408946 0.9641491 -0.2248674 -0.2788677 0.8878436 -0.3660143 -0.3789945 0.9110895 -0.1621083 -0.2647092 0.9638185 -0.03135412 -0.4573334 0.8890116 0.0224635 -0.1409115 0.9767218 0.1617358 -0.3788582 0.9012302 0.210359 -1 0 0 -0.2647033 0.9025279 0.3396698 -0.1408492 0.8407599 0.5227662 -0.377413 0.8504237 0.3665227 -0.5513441 0.6870825 0.4732201 -0.5522539 0.7656106 0.3299335 -0.553209 0.8146485 0.1740912 0.4558469 0.8736165 0.1702876 -0.4535493 0.8909271 0.02328181 0.3794478 0.8637617 0.3315647 0.7761142 0.5783145 0.2513948 0.7666029 0.630593 0.1211309 0.5090268 0.8606385 -0.013902 0.4597798 0.7524774 0.4715723 0.7692455 0.5157057 0.3772385 0.5147442 0.6146363 0.5977129 0.7562027 0.4534463 0.4717455 -0.6199275 0.543841 0.5656208 -0.4491693 0.4774247 0.7551904 0.3837258 0.5339151 0.7534515 0.516335 0.3363896 0.7875533 -0.6196579 0.2857135 0.7310211 0.4611039 0.1786121 0.869184 -0.5505172 0.1361311 0.8236499 -0.4499363 -0.02278089 0.8927701 0.3829979 0.02620738 0.9233775 0.7796782 -0.007402956 0.6261367 0.7721075 0.1312662 0.6217872 0.4609028 -0.1454498 0.8754503 -0.5510317 -0.1744213 0.8160523 0.7705361 -0.1472593 0.6201524 0.3999375 -0.3386644 0.8516787 -0.6523836 -0.2814058 0.7037091 0.7802242 -0.2558404 0.5707854 -0.5509097 -0.4406087 0.7087754 0.4585476 -0.499221 0.7351955 0.7689897 -0.3628299 0.5263169 -0.6204295 -0.5424138 0.5664404 0.4583281 -0.63316 0.6237338 0.768349 -0.4592251 0.4458163 0.4581913 -0.7427134 0.4883009 0.7681058 -0.5376743 0.3477357 -0.5513197 -0.6870203 0.4733389 -0.5515169 -0.7660393 0.3301712 0.4579683 -0.8238345 0.3340087 0.7680687 -0.5952289 0.2361635 0.45775 -0.8732673 0.1669413 0.7680047 -0.6299416 0.1155101 -0.5517449 -0.8155834 0.1743597 -0.4513402 -0.8920553 0.02300858 0.5122688 -0.858682 -0.01568388 -0.5520839 -0.8226785 -0.1356599 0.3783211 -0.9035394 -0.2012205 -0.6215037 -0.7301167 -0.2840121 0.4568862 -0.8192296 -0.3465805 -0.4523921 -0.7540536 -0.4761772 0.5115457 -0.7056095 -0.490343 -0.5528981 -0.6082654 -0.5694884 0.456088 -0.6082187 -0.6496567 0.7680333 -0.4681996 -0.4369369 0.7680273 -0.5886142 -0.2523241 0.7534076 -0.5519276 -0.3574254 -0.553131 -0.4853732 -0.677096 0.3769953 -0.4969179 -0.7816312 0.7761535 -0.3534503 -0.5221674 0.5109931 -0.3146339 -0.7999323 0.7531909 -0.2604351 -0.6040506 -0.622279 -0.3151715 -0.7165444 -0.5536497 -0.1740497 -0.8143579 0.455502 -0.1448449 -0.8783724 -0.4536628 -0.02303063 -0.8908758 0.3764401 0.02106839 -0.9262015 -0.5533235 0.1354067 -0.8218869 0.5106728 0.1830499 -0.8400632 0.7757295 -0.007605016 -0.6310198 0.7524161 0.1188875 -0.6478701 -0.5495808 0.3197113 -0.7718457 0.5358025 0.3357656 -0.7747111 0.7571765 0.236474 -0.6089038 0.3772248 0.4926454 -0.7842206 -0.4537305 0.5140336 -0.727941 0.7734817 0.3581748 -0.522912 0.4545962 0.6087043 -0.6502472 0.7641276 0.4725538 -0.4390924 -0.622567 0.5651225 -0.5413382 -0.4538977 0.7532346 -0.4760406 0.509739 0.7097204 -0.4862748 0.453832 0.8212951 -0.3457037 -0.623142 0.7285395 -0.2844721 0.3756552 0.9036675 -0.2055926 -0.5543677 0.8211331 -0.1357097 0.7729995 0.6232739 -0.1183282 0.7508539 0.6603429 0.0128771 0.763993 0.5932645 -0.2536767 0.9353608 0.3447425 -0.07907605 0.8970407 0.4029299 -0.1815643 0.9568394 0.2905064 -0.008033394 1 1.39798e-6 0 1 0 0 0.9350919 0.2878791 -0.2067097 1 -2.92015e-6 0 0.9564686 0.198769 -0.2136793 1 5.35844e-6 0 0.7492113 0.5565153 -0.3591283 0.8974526 0.2323834 -0.3749359 1 -2.00893e-6 0 0.9654757 0.1024501 -0.2395009 1 5.26299e-7 0 0.9573224 0.06624889 -0.281327 1 1.34599e-6 0 1 1.32227e-7 0 0.8986853 0.01561528 -0.4383161 0.9366661 -0.05578446 -0.3457525 0.7673395 -0.1484153 -0.6238293 1 1.99686e-6 0 0.9366948 -0.122137 -0.3281547 1 -1.99221e-6 0 0.9367614 -0.1843148 -0.2974998 1 -1.99215e-6 0 0.9367831 -0.2387788 -0.255778 1 -1.99215e-6 0 0.9367714 -0.2836911 -0.2048874 1 9.30395e-7 0 0.936801 -0.3181417 -0.1455674 1 -7.31869e-6 0 0.9368811 -0.3403825 -0.07996171 1 -3.98437e-6 0 0.9577789 -0.287348 -0.009524047 1 0 0 0.7762373 -0.6194674 -0.1171143 0.7536181 -0.6572406 0.009730637 0.8992089 -0.4318867 0.06998133 1 1.00921e-5 0 0.9369366 -0.3275486 0.1219099 1 1.06537e-5 0 0.9369992 -0.2969491 0.1839944 1 -3.90846e-6 0 0.9579221 -0.2095437 0.1961547 1 0 0 0.9373704 -0.20482 0.2817547 1 -3.06649e-6 0 0.9102333 -0.1590507 0.3823325 1 2.65085e-6 0 1 1.86113e-6 0 0.9381453 -0.05531209 0.3417953 1 6.69474e-7 0 0.9011101 0.01478403 0.4333384 0.9591129 0.06047809 0.2764868 1 -6.3755e-7 0 0.7576794 0.2391643 0.6072253 0.938508 0.1397414 0.315714 1 1.46325e-6 0 1 -1.97633e-6 0 0.9007827 0.2519234 0.3537303 0.9584088 0.2085657 0.1948155 1 5.29188e-6 0 0.7796097 0.341066 0.5252454 0.9374123 0.2932416 0.1877973 1 -5.22575e-6 0 0.936855 0.3255776 0.1276792 1 0 0 1 8.00593e-6 0 0.8981998 0.4333202 0.07396417 1 -1.05868e-5 0 0.2085213 0.9493283 0.2351483 -0.1192133 -0.735121 0.667372 0.01160478 0.9826633 0.1850358 -0.3012431 -0.7159276 0.6298416 -0.03080892 -0.9932816 0.1115459 -0.4504854 -0.6940311 0.5615904 -0.2454096 -0.9667883 0.07137638 0.277297 0.9230856 0.2664948 -0.227754 -0.9596672 -0.1648249 -0.4273965 -0.9035829 0.02950209 -0.4067623 -0.8973725 -0.1710761 -0.01602619 -0.9918568 -0.1263456 -0.5207797 -0.8530936 -0.03193563 -0.4544634 -0.8500863 -0.2661135 -0.5519891 -0.7155643 0.4281073 0.3602725 0.8638604 0.3520638 0.5409024 0.8408182 -0.02119922 0.402451 0.9122799 -0.07601791 -0.1556317 -0.6820949 -0.7145105 0.03262817 -0.6565346 -0.7535898 0.1719864 0.9758968 -0.1343359 0.1627642 -0.6772065 -0.7175648 -0.02077966 0.9855058 -0.1683641 0.2961829 -0.6654625 -0.6851536 -0.2030032 0.9581056 -0.202048 -0.2172937 0.9668135 0.1343697 0.04311919 -0.7253434 0.6870356 0.1978 -0.6754931 0.7103409 -0.4004767 0.9111945 0.09665983 0.1863943 -0.9713752 0.1472665 0.3910173 -0.9033766 0.1761147 0.4128169 -0.9074928 -0.07771223 0.1962063 -0.9763623 -0.09066271 0.5925428 -0.8050711 -0.02745568 0.5717526 -0.7903235 0.2201995 0.7367374 -0.676174 -0.002599716 0.7336505 -0.6433927 0.2186384 0.4426415 -0.4982618 0.7455224 0.2539161 -0.5284938 0.8100748 -0.5786921 0.8130843 0.06332051 -0.4407213 0.8640717 -0.243197 -0.592654 0.7616986 -0.2618713 -0.6500988 0.7578588 0.05497109 -0.7463803 0.6084755 -0.2695811 0.507164 -0.5729147 -0.6438583 0.3759175 -0.5048279 -0.7770682 0.6010727 -0.4950336 -0.6274181 0.6799086 -0.425226 -0.5974171 -0.7707303 0.5570083 -0.3093811 0.8507306 -0.5254507 0.01261812 0.9290418 -0.3697809 0.01197814 0.8474006 -0.4778659 0.2314228 0.7096521 -0.3507889 -0.6110165 0.9781945 -0.2066668 0.02060443 0.9202419 -0.3163723 0.230355 0.7651601 -0.1829304 -0.6173059 -0.9150506 0.2540627 -0.3132646 -0.8331555 0.5530146 0.005180656 -0.9664041 0.2562913 -0.01944082 0.6234388 -0.2109423 0.7528795 0.6085212 -0.2326061 0.7586808 -0.7692462 0.6389347 0.004767417 0.5394774 -0.3486127 0.7664421 0.9563903 -0.1680375 0.2389165 0.6435248 -0.1662208 0.747159 0.9631875 -0.0273531 0.2674354 -0.9988605 0.002382278 -0.04766476 0.9979435 -0.04348236 0.04709899 0.9876589 0.1242593 0.09533923 0.9449136 0.1073235 0.3092248 0.6396746 -0.1231817 0.7587113 0.7994458 0.2251538 -0.5569491 0.8004302 0.0317763 -0.5985832 -0.936564 0.1367074 -0.3227367 -0.9404819 0.09257483 -0.3269922 -0.9270318 -0.0967676 -0.3622821 -0.9908919 -0.1162991 -0.06788086 0.5945109 -0.009624958 0.80403 -0.946781 -0.3031267 -0.1082583 -0.8704977 -0.2834718 -0.4023399 0.5483231 0.1995369 0.8121126 0.8882573 0.2726175 0.3697011 0.8038014 0.4527096 0.3859499 -0.8951442 -0.4215648 -0.1449136 0.8614729 0.4691434 0.1943429 0.9402204 0.3053057 0.1509114 0.7429302 0.643183 0.1853923 0.676066 0.6147682 0.4061955 0.3569464 0.3845319 0.8513076 0.6103537 0.7806264 0.1345022 0.5291358 0.7696509 0.3572854 0.2216601 0.5584266 0.7993915 -0.8083758 -0.5720511 -0.1388751 -0.7447736 -0.5144838 -0.4249927 -0.6129382 -0.6875575 -0.389322 -0.8014352 -0.5881174 -0.1087177 0.7066313 0.5154727 -0.484727 0.6503161 0.5496709 -0.5243576 -0.4191001 -0.8528888 -0.3113453 0.748977 0.4604997 -0.4764175 0.7734497 0.3844407 -0.5039651 0.598097 0.5554111 -0.577753 0.4588857 0.8866527 0.05719149 -0.2526465 -0.9394016 -0.2317206 0.2874143 0.9574767 -0.02512907 0.3724874 0.8842054 0.2818407 0.4627662 0.6066378 -0.6464041 0.08834868 0.9929872 -0.07855641 0.1969664 0.9590145 0.2037041 0.2957327 0.6597017 -0.690895 -0.1158468 -0.975821 -0.1853456 0.07945555 -0.9863373 -0.1443107 -0.2602725 -0.9603237 0.1001832 -0.5146167 -0.8569769 0.02757591 -0.1833266 0.7436558 0.6429367 -0.5330269 -0.8458874 -0.01889342 -0.05842638 0.7545036 0.6536902 0.003630459 0.9881334 0.1535555 0.09015017 0.6815229 0.7262227 -0.2067048 0.9732577 0.1002133 -0.3172105 0.7279613 0.6078239 0.07475942 -0.9774419 0.197531 -0.1258897 0.9830262 -0.1334594 -0.3431506 0.9204556 -0.1871074 -0.4220408 0.9055798 0.04250782 0.007246971 0.5493438 -0.835565 0.1122247 0.6640059 -0.7392576 0.2641471 -0.9593694 -0.09918004 0.3924624 -0.9168483 -0.07323008 0.2631129 -0.9502847 0.1665251 -0.4710752 0.6321877 0.6151641 0.3045772 -0.8877964 0.3450368 -0.5283542 0.632428 0.5664598 0.5525704 -0.8329995 -0.02789503 -0.5190943 0.8510248 0.07936012 -0.459145 0.8728328 -0.1653754 -0.1855983 0.7087598 -0.6805975 -0.1038893 -0.5349915 -0.8384458</float_array>
          <technique_common>
            <accessor source="#Bottle_A_C_Lying-mesh-normals-array" count="2513" stride="3">
              <param name="X" type="float"/>
              <param name="Y" type="float"/>
              <param name="Z" type="float"/>
            </accessor>
          </technique_common>
        </source>
        <source id="Bottle_A_C_Lying-mesh-map-0">
          <float_array id="Bottle_A_C_Lying-mesh-map-0-array" count="29628">0.4978021 0.1037328 0.5306352 0.1055076 0.4978052 0.1057185 0.08814018 0.3350983 0.0544247 0.3479509 0.0538426 0.345985 0.07093679 0.2657492 0.1057571 0.262521 0.07150751 0.2687826 0.4129276 0.3249188 0.4355511 0.3428327 0.410339 0.3361941 0.1430311 0.2825065 0.1736831 0.2789932 0.1435748 0.2850686 0.3997974 0.4758269 0.4241565 0.4670752 0.4123073 0.4838588 0.1930405 0.4783161 0.2182213 0.4831414 0.2071301 0.4930614 0.1799075 0.3085163 0.1492815 0.3092474 0.1784254 0.3020071 0.2973877 0.434033 0.3138753 0.4535605 0.29905 0.4540424 0.1920487 0.1427187 0.1610189 0.1568928 0.160573 0.1435723 0.3905431 0.2992171 0.3639749 0.3008632 0.3644084 0.2963281 0.5649362 0.1484631 0.6014836 0.1440015 0.6014107 0.1492115 0.4425846 0.3168904 0.4657574 0.3391767 0.4388568 0.3312686 0.3729032 0.1417744 0.4026579 0.1552488 0.3726004 0.1543536 0.196784 0.225299 0.1680405 0.2437701 0.1662502 0.2286395 0.4663218 0.08561044 0.497622 0.0700193 0.4979357 0.08554869 0.5614743 0.4379593 0.5473874 0.3905788 0.5818407 0.4107056 0.5773809 0.5861841 0.572777 0.6102098 0.5647457 0.5998511 0.576705 0.317299 0.5440474 0.3004695 0.5787335 0.3100068 0.2556275 0.4623656 0.2648611 0.4391682 0.269588 0.4586079 0.4006944 0.1945165 0.3704366 0.2080225 0.3712097 0.1929206 0.5993659 0.549561 0.5848368 0.5691373 0.5863366 0.5506558 0.4615679 0.3512091 0.4789487 0.3821563 0.453987 0.3707591 0.1915937 0.1101682 0.1603338 0.1144917 0.1603484 0.1100789 0.06678324 0.2422627 0.03359162 0.266386 0.03045696 0.2477856 0.3416439 0.2071666 0.3712097 0.1929206 0.3704366 0.2080225 0.09551084 0.1752305 0.1290187 0.1689434 0.1292514 0.1732944 0.3303829 0.4345209 0.3434573 0.4562846 0.328718 0.4543368 0.06092739 0.1907681 0.02477473 0.1983084 0.02401167 0.1939703 0.5288676 0.1772651 0.495956 0.1705892 0.5291636 0.1728094 0.5562091 0.243463 0.5887409 0.2674746 0.5530529 0.2603694 0.0594384 0.1643814 0.09476029 0.1592508 0.09490507 0.1630029 0.527793 0.1899077 0.5620346 0.1969442 0.5274488 0.1937978 0.5378298 0.321966 0.5760989 0.3193816 0.571894 0.3328183 0.3389477 0.2856279 0.312838 0.2827668 0.3390462 0.2832745 0.3129612 0.2164081 0.3413515 0.219967 0.3129502 0.219588 0.5097424 0.2985799 0.4804784 0.2846513 0.5114001 0.2920016 0.09551084 0.1752305 0.06092739 0.1907681 0.0601204 0.1773421 0.312897 0.2997146 0.3383904 0.2989033 0.3383307 0.3001785 0.05912792 0.1253865 0.09466964 0.1135213 0.09443491 0.1261914 0.1180467 0.3159798 0.08579236 0.3276556 0.08517307 0.3256095 0.2198355 0.3562397 0.2499324 0.3795024 0.2287161 0.3851547 0.3130638 0.1094535 0.2829328 0.1135111 0.2829111 0.1095411 0.3663668 0.2731824 0.3397365 0.2661811 0.3668233 0.2675182 0.4261605 0.2454051 0.4554474 0.2517428 0.4258643 0.2478716 0.5181844 0.2601169 0.4858255 0.2569862 0.4862962 0.2543392 0.3129502 0.219588 0.2848868 0.2335916 0.2843219 0.2198688 0.5690458 0.5520992 0.5817825 0.5326979 0.5863366 0.5506558 0.1377261 0.253937 0.1692429 0.2519462 0.1381766 0.2566608 0.5237847 0.5169835 0.5394815 0.4998272 0.5365837 0.5169563 0.5540724 0.5860435 0.5773809 0.5861841 0.5647457 0.5998511 0.3128206 0.3254218 0.3359398 0.3443226 0.312895 0.3436002 0.1720681 0.2701265 0.2023409 0.2715597 0.1732228 0.2765075 0.339473 0.2731538 0.3654125 0.2848953 0.3390462 0.2832745 0.2226462 0.1293365 0.2529497 0.1248815 0.2529928 0.1288065 0.08874946 0.3370265 0.1229643 0.3319929 0.09075725 0.3430549 0.1301311 0.3512595 0.163051 0.3530696 0.1355103 0.3642255 0.3739248 0.02198207 0.4049559 0.03388434 0.3738548 0.03323495 0.5034834 0.505827 0.5237847 0.5169835 0.5116897 0.5211514 0.3898745 0.3038563 0.4159748 0.3096989 0.3896858 0.30516 0.1212782 0.3266895 0.153016 0.3226819 0.1229643 0.3319929 0.3766559 0.3788609 0.3590548 0.3463919 0.3822982 0.3501146 0.207908 0.3039706 0.1799075 0.3085163 0.2076153 0.3024261 0.4356792 0.03480499 0.4660305 0.02308815 0.4662117 0.03441077 0.1332506 0.02024555 0.162696 0.0334025 0.1324558 0.03131765 0.4250774 0.2540031 0.3969327 0.2447396 0.4258643 0.2478716 0.4847031 0.2633206 0.5176486 0.2629062 0.5162687 0.269744 0.2572177 0.2484496 0.2283341 0.2447093 0.2568299 0.2422739 0.5181844 0.2601169 0.5512053 0.2695899 0.5176486 0.2629062 0.5049401 0.3961454 0.5473874 0.3905788 0.5321188 0.4141141 0.5227445 0.2342594 0.4896532 0.2331328 0.4901449 0.2295856 0.148797 0.3074093 0.1784254 0.3020071 0.1492815 0.3092474 0.1680405 0.2437701 0.1988936 0.2452186 0.1688548 0.2493472 0.07339185 0.02391701 0.09966284 0.05053198 0.06797969 0.04533374 0.3736736 0.08464598 0.3433465 0.1017266 0.3432366 0.08443468 0.497825 0.1121853 0.4659619 0.1055025 0.4978052 0.1057185 0.4643015 0.1615988 0.4332458 0.1566132 0.4644781 0.1581593 0.06797969 0.04533374 0.04495507 0.01356726 0.07339185 0.02391701 0.1821777 0.3178497 0.2123565 0.3256714 0.1860013 0.3323869 0.3735957 0.103941 0.403967 0.1106761 0.3735263 0.1100227 0.1634659 0.1983245 0.1955165 0.2115938 0.1647171 0.2145857 0.3432647 0.05580335 0.3738548 0.03323495 0.3738626 0.05584758 0.1604019 0.1018105 0.1290287 0.0829842 0.160851 0.08385866 0.05069822 0.3385005 0.08814018 0.3350983 0.0538426 0.345985 0.2528294 0.08450347 0.2828252 0.1016353 0.252733 0.101742 0.2227597 0.1376659 0.1918399 0.129901 0.2226462 0.1293365 0.1324558 0.03131765 0.1617861 0.05474048 0.1308623 0.05338782 0.2224715 0.03422188 0.2527819 0.05599206 0.2225164 0.05589032 0.1617861 0.05474048 0.1925975 0.0337156 0.1921956 0.05572539 0.1915937 0.1101682 0.1603795 0.1037541 0.1915798 0.103958 0.4388568 0.3312686 0.4615679 0.3512091 0.4355511 0.3428327 0.4979357 0.08554869 0.5305924 0.1033883 0.4978021 0.1037328 0.5285382 0.05460971 0.5571604 0.02995204 0.5602197 0.05183738 0.5487135 0.5210704 0.5274102 0.5553987 0.5365837 0.5169563 0.4338831 0.1393445 0.4649609 0.1448886 0.4337147 0.1437786 0.3130431 0.1034049 0.3433465 0.1017266 0.3433282 0.1035884 0.5849155 0.2849099 0.6234117 0.2851374 0.622452 0.2934662 0.1701886 0.2581741 0.1991947 0.2477143 0.1999722 0.2539074 0.05984431 0.172514 0.09490507 0.1630029 0.09525305 0.1706835 0.2828252 0.1016353 0.3130528 0.08438992 0.313046 0.1014843 0.4662812 0.05636835 0.4356792 0.03480499 0.4662117 0.03441077 0.2065061 0.2964937 0.1780397 0.3002601 0.2062051 0.2948036 0.5976991 0.2093957 0.5607464 0.2095394 0.5612134 0.2053823 0.1603795 0.1037541 0.1915819 0.1021174 0.1915798 0.103958 0.2236391 0.1687186 0.2536239 0.163737 0.2537209 0.1676726 0.3971543 0.2423053 0.4268081 0.2400878 0.4261605 0.2454051 0.1955165 0.2115938 0.2257752 0.2126596 0.1958103 0.2149464 0.192007 0.06944072 0.2225164 0.05589032 0.2224515 0.06968384 0.4972232 0.1416578 0.5303102 0.1475023 0.4970511 0.1463323 0.418832 0.2942954 0.4462029 0.3014576 0.4185395 0.2959609 0.2837803 0.1885215 0.3129112 0.1918076 0.2838351 0.191942 0.5487135 0.5210704 0.5394815 0.4998272 0.5569725 0.5058264 0.3430744 0.1249049 0.3130341 0.1285716 0.313044 0.1245816 0.3130515 0.1135389 0.343303 0.1096554 0.3432602 0.1137533 0.5188429 0.4869681 0.5394815 0.4998272 0.5209841 0.4998282 0.3405049 0.247216 0.3685584 0.242462 0.3681736 0.2484059 0.1290287 0.0829842 0.09520554 0.1000652 0.0963754 0.08095234 0.5262405 0.2056447 0.4937439 0.1984638 0.526644 0.2018018 0.5307455 0.1121668 0.5650994 0.1162657 0.5307765 0.1168258 0.1290287 0.0829842 0.1612809 0.06862974 0.160851 0.08385866 0.207908 0.3039706 0.2355127 0.3043441 0.2088828 0.3089115 0.3726004 0.1543536 0.3429154 0.1411147 0.3729032 0.1417744 0.4429247 0.3154968 0.4162327 0.3083706 0.4432557 0.3141286 0.6394042 0.1665431 0.6014107 0.1492115 0.6398423 0.1496899 0.313046 0.1014843 0.3432366 0.08443468 0.3433465 0.1017266 0.2247807 0.1941094 0.2549322 0.2077309 0.2255511 0.2093792 0.5296462 0.1652976 0.5644569 0.163274 0.5642704 0.1671295 0.4601581 0.2152976 0.4293727 0.2155533 0.4296946 0.2121127 0.4342705 0.1268073 0.4038711 0.11482 0.4346318 0.1154122 0.2829117 0.05597692 0.3130421 0.06941527 0.2828997 0.0695883 0.4348183 0.1031645 0.404383 0.08511435 0.435225 0.08542644 0.4045803 0.06987875 0.3738626 0.05584758 0.4047681 0.05596846 0.1930156 0.1700065 0.2234825 0.1646263 0.2236391 0.1687186 0.3702999 0.2112386 0.3997455 0.2096235 0.3995192 0.2128969 0.1312269 0.2011702 0.09952062 0.2216546 0.09764909 0.2042546 0.3130159 0.1670564 0.2836701 0.1781034 0.2834377 0.1671093 0.02296561 0.1744635 0.0601204 0.1773421 0.02285343 0.1795242 0.4287201 0.2223899 0.458534 0.2290483 0.4283838 0.2257069 0.5262405 0.2056447 0.4915561 0.218803 0.4933787 0.2022461 0.5568435 0.2395741 0.5221803 0.2379568 0.5227445 0.2342594 0.2874307 0.3017299 0.312897 0.2997146 0.3129024 0.3010109 0.2836701 0.1781034 0.2541967 0.1822033 0.2540894 0.178779 0.1930156 0.1700065 0.1623988 0.1835076 0.1616452 0.1716274 0.09952062 0.2216546 0.1333688 0.2215831 0.09999293 0.2255483 0.4966003 0.1598513 0.5296462 0.1652976 0.4964122 0.1633893 0.0918886 0.3464157 0.1234734 0.3335396 0.1239996 0.3351149 0.6390177 0.1084479 0.6012294 0.1151112 0.6010315 0.1101471 0.1534405 0.3241359 0.1821777 0.3178497 0.1538788 0.3256168 0.2866603 0.285789 0.2600941 0.2851535 0.2865551 0.2834439 0.3894926 0.3064903 0.4159748 0.3096989 0.4157102 0.3110507 0.1650806 0.2180464 0.1329746 0.2180957 0.1647171 0.2145857 0.3400417 0.2579562 0.3681736 0.2484059 0.367426 0.2593474 0.5288676 0.1772651 0.5624067 0.1928437 0.527793 0.1899077 0.4616833 0.1993587 0.4915561 0.218803 0.4601581 0.2152976 0.05663371 0.3579557 0.09131026 0.3447101 0.0918886 0.3464157 0.3995192 0.2128969 0.4296946 0.2121127 0.4293727 0.2155533 0.5302206 0.08480256 0.5646635 0.1023664 0.5305924 0.1033883 0.285249 0.2469699 0.3129789 0.240785 0.3129634 0.2464652 0.4022139 0.1652304 0.4330838 0.1599604 0.4327132 0.1667706 0.5557864 0.01920336 0.5269274 0.03263783 0.5263418 0.02175652 0.4829922 0.5860005 0.487465 0.6100205 0.4720149 0.5931181 0.4993619 0.3334633 0.5230323 0.3611387 0.4935458 0.3490684 0.02161687 0.140191 0.059062 0.1453992 0.0213173 0.1456483 0.0963754 0.08095234 0.06028681 0.09760558 0.06220263 0.0773459 0.3433282 0.1035884 0.3736265 0.1020739 0.3735957 0.103941 0.5690458 0.5520992 0.5274102 0.5553987 0.5658348 0.5396838 0.06220263 0.0773459 0.02267062 0.09529972 0.02461671 0.0720207 0.2223233 0.1099953 0.1915798 0.103958 0.222316 0.1038748 0.3738548 0.03323495 0.4047681 0.05596846 0.3738626 0.05584758 0.3130431 0.1034049 0.2828252 0.1016353 0.313046 0.1014843 0.252733 0.101742 0.2828335 0.1034892 0.2527434 0.1035398 0.160851 0.08385866 0.1915819 0.1021174 0.1604019 0.1018105 0.6278379 0.03663438 0.5872206 0.02451068 0.6167001 0.01388502 0.1614401 0.1674351 0.1930156 0.1700065 0.1616452 0.1716274 0.3735957 0.103941 0.4040998 0.1026796 0.4040653 0.1045585 0.0601415 0.09978765 0.02267062 0.09529972 0.06028681 0.09760558 0.4662812 0.05636835 0.4966868 0.03360146 0.4972777 0.05602699 0.4541832 0.4861168 0.4836325 0.4267847 0.5045323 0.4454798 0.3426554 0.163453 0.372515 0.1576003 0.3722913 0.1642328 0.1925975 0.0337156 0.2225164 0.05589032 0.1921956 0.05572539 0.0216149 0.1297175 0.05902481 0.1402285 0.02161687 0.140191 0.5168422 0.3747137 0.4935458 0.3490684 0.5230323 0.3611387 0.6005701 0.100349 0.6387496 0.1007441 0.6006892 0.102582 0.5602197 0.05183738 0.5872206 0.02451068 0.5927165 0.04656553 0.4049559 0.03388434 0.4355216 0.0561884 0.4047681 0.05596846 0.2224742 0.08458799 0.252733 0.101742 0.2223045 0.1019343 0.2829117 0.05597692 0.3128598 0.03473162 0.3130262 0.05574238 0.2223045 0.1019343 0.1915798 0.103958 0.1915819 0.1021174 0.5063174 0.5859313 0.5274102 0.5553987 0.5175333 0.5921046 0.3736736 0.08464598 0.4040998 0.1026796 0.3736265 0.1020739 0.06452912 0.2262057 0.09999293 0.2255483 0.0650475 0.2300807 0.3128206 0.3254218 0.2898641 0.3446654 0.2886814 0.3260801 0.3386564 0.2930514 0.3128461 0.2866802 0.3388825 0.2872259 0.3611624 0.3279199 0.3822982 0.3501146 0.3590548 0.3463919 0.2644439 0.3283186 0.2898641 0.3446654 0.2667393 0.3468078 0.4429247 0.3154968 0.4703206 0.324443 0.4425846 0.3168904 0.4978052 0.1057185 0.5307455 0.1121668 0.497825 0.1121853 0.3129634 0.2464652 0.3400417 0.2579562 0.3128665 0.2573114 0.4049559 0.03388434 0.4357994 0.02391141 0.4356792 0.03480499 0.2062051 0.2948036 0.2332088 0.2880052 0.2335338 0.2904205 0.2540894 0.178779 0.2834377 0.1671093 0.2836701 0.1781034 0.3128511 0.2633081 0.285868 0.2660983 0.285786 0.2638477 0.2829111 0.1095411 0.2527434 0.1035398 0.2828335 0.1034892 0.5927803 0.2455145 0.6302988 0.2560708 0.592069 0.2496861 0.4654092 0.1318256 0.4972232 0.1416578 0.4651221 0.1405191 0.3766559 0.3788609 0.405764 0.3553611 0.3980002 0.384419 0.3944798 0.2680006 0.4234288 0.2651712 0.4225208 0.2713987 0.5137003 0.2823342 0.4847031 0.2633206 0.5162687 0.269744 0.06092739 0.1907681 0.02285343 0.1795242 0.0601204 0.1773421 0.3426554 0.163453 0.3721767 0.1680483 0.3425947 0.167351 0.1917781 0.1258424 0.2226462 0.1293365 0.1918399 0.129901 0.196784 0.225299 0.2262556 0.2193961 0.2265017 0.2226644 0.3130341 0.1285716 0.3429707 0.1369843 0.3130226 0.1367369 0.435225 0.08542644 0.4659811 0.1035655 0.4348183 0.1031645 0.4970511 0.1463323 0.4651221 0.1405191 0.4972232 0.1416578 0.5562091 0.243463 0.5927803 0.2455145 0.592069 0.2496861 0.06452912 0.2262057 0.09764909 0.2042546 0.09952062 0.2216546 0.5175333 0.5921046 0.530125 0.6116446 0.5118578 0.6085753 0.4993619 0.3334633 0.4707418 0.322994 0.4998732 0.3319441 0.592069 0.2496861 0.6262807 0.2755702 0.5887409 0.2674746 0.4268081 0.2400878 0.458534 0.2290483 0.4566026 0.243916 0.3964792 0.4459964 0.3980002 0.384419 0.4193993 0.3917459 0.3405049 0.247216 0.3129789 0.240785 0.3406975 0.2413899 0.3942205 0.2702935 0.3663668 0.2731824 0.3668233 0.2675182 0.14501 0.2914784 0.111841 0.2921763 0.1435748 0.2850686 0.3732182 0.1253226 0.4034476 0.1300144 0.3731391 0.1292656 0.4872211 0.2486385 0.458534 0.2290483 0.4896532 0.2331328 0.1212782 0.3266895 0.1510812 0.3158531 0.1515508 0.3175324 0.5651259 0.1338092 0.6014456 0.128851 0.6014645 0.133659 0.4654092 0.1318256 0.4975243 0.1284751 0.4974323 0.1328045 0.3662369 0.2747656 0.3920595 0.2879177 0.3654125 0.2848953 0.5221803 0.2379568 0.5530529 0.2603694 0.5193045 0.2539172 0.08014851 0.307596 0.114012 0.3010645 0.08066362 0.3095865 0.495956 0.1705892 0.4636554 0.1727844 0.463915 0.1686255 0.4786832 0.2926772 0.5097424 0.2985799 0.5092547 0.3004243 0.4896532 0.2331328 0.5193045 0.2539172 0.4872211 0.2486385 0.1279169 0.1263301 0.1603338 0.1144917 0.1603235 0.1262186 0.2830038 0.1246812 0.3130341 0.1285716 0.2830259 0.128519 0.06621825 0.2383733 0.1016088 0.2371807 0.06678324 0.2422627 0.2830038 0.1246812 0.2528185 0.1138116 0.2829328 0.1135111 0.4035532 0.1260416 0.4341543 0.1309319 0.4034476 0.1300144 0.2434177 0.3505023 0.2644439 0.3283186 0.2667393 0.3468078 0.5306512 0.1291308 0.4974323 0.1328045 0.4975243 0.1284751 0.02133208 0.1248259 0.05903828 0.13019 0.0216149 0.1297175 0.3395327 0.2715997 0.3662369 0.2747656 0.339473 0.2731538 0.3663668 0.2731824 0.3933353 0.2776354 0.3662369 0.2747656 0.4327132 0.1667706 0.4020332 0.1691954 0.4022139 0.1652304 0.6014645 0.133659 0.6399355 0.1285899 0.6395946 0.1337373 0.2861546 0.2734673 0.312838 0.2827668 0.2865551 0.2834439 0.049003 0.3331682 0.08066362 0.3095865 0.08427685 0.3225777 0.1991947 0.2477143 0.1688548 0.2493472 0.1988936 0.2452186 0.3389477 0.2856279 0.3654125 0.2848953 0.3652088 0.2872473 0.117249 0.3131453 0.148797 0.3074093 0.1180467 0.3159798 0.3652088 0.2872473 0.3920595 0.2879177 0.3917498 0.2903175 0.4752802 0.3065254 0.4471184 0.2972285 0.4759528 0.3039075 0.4261605 0.2454051 0.4566026 0.243916 0.4558361 0.2491882 0.3920595 0.2879177 0.4209736 0.2814762 0.419256 0.2918434 0.3430294 0.1287433 0.3732182 0.1253226 0.3731391 0.1292656 0.419256 0.2918434 0.4493885 0.2863676 0.4471184 0.2972285 0.3128206 0.3254218 0.2880966 0.3151424 0.312847 0.3144311 0.117249 0.3131453 0.1454233 0.293252 0.1481091 0.3047299 0.2526288 0.03442335 0.2828909 0.02364176 0.2827277 0.03457087 0.5274102 0.5553987 0.4976364 0.5765354 0.4925016 0.5648155 0.03359162 0.266386 0.07093679 0.2657492 0.03559684 0.2725993 0.4759528 0.3039075 0.5052469 0.314964 0.4752802 0.3065254 0.2866603 0.285789 0.312838 0.2827668 0.3128424 0.2850983 0.5060576 0.3122137 0.536907 0.3248874 0.5052469 0.314964 0.2609657 0.295042 0.2337552 0.292067 0.2604444 0.2891469 0.3413515 0.219967 0.3700407 0.2178785 0.3698854 0.221082 0.1186056 0.3179122 0.148797 0.3074093 0.1492815 0.3092474 0.3388825 0.2872259 0.3652088 0.2872473 0.365065 0.2888671 0.09902793 0.3641223 0.05663371 0.3579557 0.0918886 0.3464157 0.08517307 0.3256095 0.05069822 0.3385005 0.0499823 0.3363673 0.4316173 0.1858043 0.4014872 0.1804004 0.4318576 0.1822712 0.1016088 0.2371807 0.1368409 0.2483611 0.1041955 0.2534307 0.2867349 0.2874001 0.3128424 0.2850983 0.3128461 0.2866802 0.4976364 0.5765354 0.5274102 0.5553987 0.5063174 0.5859313 0.4748171 0.3083099 0.4447773 0.3076893 0.4462029 0.3014576 0.53626 0.326882 0.5708628 0.335954 0.570159 0.3380742 0.02177059 0.1101918 0.05972081 0.1071295 0.05947941 0.1121226 0.09443491 0.1261914 0.1279268 0.1306092 0.09439712 0.1305753 0.4308152 0.19663 0.3997455 0.2096235 0.4006944 0.1945165 0.3130237 0.1631609 0.3427878 0.1568639 0.3426554 0.163453 0.5795536 0.3070116 0.5466655 0.2902194 0.5816284 0.2990107 0.4030972 0.1425958 0.4338831 0.1393445 0.4337147 0.1437786 0.1918703 0.08448302 0.2223045 0.1019343 0.1915819 0.1021174 0.5181844 0.2601169 0.5530529 0.2603694 0.5517967 0.2666561 0.4792932 0.5083284 0.4787223 0.532635 0.4668033 0.5273706 0.5118578 0.6085753 0.530098 0.6247106 0.5075892 0.6209354 0.5817825 0.5326979 0.5812243 0.5083132 0.5937454 0.5274371 0.4756035 0.5689948 0.4720149 0.5931181 0.4629314 0.5721524 0.06207758 0.2036421 0.02573031 0.2113208 0.02566045 0.207062 0.5650485 0.1434787 0.5305958 0.1335241 0.5651259 0.1338092 0.1938371 0.1851484 0.2245928 0.1905923 0.1942785 0.1924314 0.2850703 0.241091 0.2566732 0.2398591 0.2850005 0.2387055 0.5487135 0.5210704 0.5716243 0.5171703 0.5587747 0.5289934 0.4977876 0.1165732 0.5307455 0.1121668 0.5307765 0.1168258 0.5428073 0.5921623 0.5647457 0.5998511 0.5484007 0.6086499 0.5674514 0.3459885 0.53626 0.326882 0.570159 0.3380742 0.1283437 0.1013226 0.0950939 0.1021537 0.09520554 0.1000652 0.1024876 0.02896451 0.1332506 0.02024555 0.1324558 0.03131765 0.4810354 0.282127 0.4524074 0.2699076 0.48242 0.2754036 0.2526288 0.03442335 0.2829117 0.05597692 0.2527819 0.05599206 0.5097424 0.2985799 0.5416028 0.309404 0.5092547 0.3004243 0.3128736 0.2924549 0.2867349 0.2874001 0.3128461 0.2866802 0.1057571 0.262521 0.1393393 0.2633597 0.1070721 0.2694767 0.2225164 0.05589032 0.2527452 0.06964898 0.2224515 0.06968384 0.3129908 0.1814585 0.3423262 0.1783952 0.3422614 0.1817803 0.3432647 0.05580335 0.3128598 0.03473162 0.3431828 0.03395277 0.5332214 0.3357164 0.5674514 0.3459885 0.5667309 0.3479831 0.0972523 0.2001293 0.1312269 0.2011702 0.09764909 0.2042546 0.5020263 0.3253411 0.4730839 0.3147387 0.502569 0.3236268 0.6009269 0.1647433 0.6388771 0.1708107 0.6007452 0.1688401 0.3935312 0.2760281 0.4209736 0.2814762 0.3933353 0.2776354 0.2543921 0.1892209 0.2838351 0.191942 0.2545213 0.1927742 0.1920487 0.1427187 0.2227597 0.1376659 0.2228574 0.1419562 0.3898745 0.3038563 0.4171379 0.3036772 0.4162327 0.3083706 0.53116 0.3413709 0.5667309 0.3479831 0.5644078 0.3541653 0.3432647 0.05580335 0.3737909 0.0697602 0.343297 0.06946396 0.4619994 0.1956956 0.4933787 0.2022461 0.4616833 0.1993587 0.3971543 0.2423053 0.3689873 0.2350893 0.3976418 0.2368605 0.3130262 0.05574238 0.343297 0.06946396 0.3130421 0.06941527 0.3689873 0.2350893 0.3988127 0.2228683 0.3976418 0.2368605 0.5421574 0.3074457 0.5114001 0.2920016 0.5440474 0.3004695 0.05927836 0.1604974 0.02252769 0.1661812 0.02202677 0.162056 0.1286698 0.1616321 0.1610189 0.1568928 0.161149 0.1603563 0.6358607 0.2130423 0.597226 0.2138267 0.5976991 0.2093957 0.3386564 0.2930514 0.365065 0.2888671 0.3645391 0.2948535 0.3407683 0.2390466 0.3129789 0.240785 0.3129829 0.2384086 0.3129233 0.188394 0.3420192 0.19217 0.3129112 0.1918076 0.05927836 0.1604974 0.0213173 0.1456483 0.059062 0.1453992 0.09804219 0.06489139 0.1290287 0.0829842 0.0963754 0.08095234 0.3383904 0.2989033 0.3644084 0.2963281 0.3639749 0.3008632 0.4026579 0.1552488 0.4330838 0.1599604 0.4025326 0.1585361 0.201404 0.265261 0.2307372 0.2679477 0.2023409 0.2715597 0.4432557 0.3141286 0.4726349 0.3163731 0.4711534 0.3215625 0.2265017 0.2226644 0.2554095 0.2176135 0.2555639 0.2207344 0.4644781 0.1581593 0.4964122 0.1633893 0.4643015 0.1615988 0.261543 0.3009687 0.2873647 0.3004262 0.2616723 0.3022508 0.02897733 0.2352571 0.06452912 0.2262057 0.0650475 0.2300807 0.2091526 0.3102681 0.2355127 0.3043441 0.2357118 0.3056555 0.488386 0.3615049 0.5049401 0.3961454 0.4789487 0.3821563 0.5003672 0.3304642 0.5305662 0.3429619 0.4998732 0.3319441 0.1234734 0.3335396 0.1538788 0.3256168 0.1239996 0.3351149 0.4250774 0.2540031 0.4524074 0.2699076 0.4234288 0.2651712 0.53116 0.3413709 0.5637519 0.3558892 0.5305662 0.3429619 0.1945194 0.1960198 0.2255511 0.2093792 0.1955165 0.2115938 0.5365837 0.5169563 0.5274102 0.5553987 0.5237847 0.5169835 0.1538788 0.3256168 0.1860013 0.3323869 0.158716 0.3407936 0.2549322 0.2077309 0.2257752 0.2126596 0.2255511 0.2093792 0.5137003 0.2823342 0.5496305 0.27685 0.5466655 0.2902194 0.09902793 0.3641223 0.07210868 0.3968229 0.06317788 0.3800429 0.2234825 0.1646263 0.192559 0.1591647 0.2232257 0.1579188 0.1016088 0.2371807 0.06976985 0.2594382 0.06678324 0.2422627 0.3637254 0.3034426 0.3383307 0.3001785 0.3638524 0.3021352 0.5941809 0.2369451 0.5586631 0.2276499 0.5947991 0.2327855 0.597226 0.2138267 0.5586631 0.2276499 0.5607464 0.2095394 0.2842524 0.2165871 0.3129502 0.219588 0.2843219 0.2198688 0.5816284 0.2990107 0.622452 0.2934662 0.6186835 0.3087048 0.1774805 0.2976949 0.2039273 0.2817358 0.2057704 0.2923324 0.4756035 0.5689948 0.4976364 0.5765354 0.4829922 0.5860005 0.4225208 0.2713987 0.4524074 0.2699076 0.4512945 0.2761656 0.2850005 0.2387055 0.3130035 0.2335044 0.3129829 0.2384086 0.4915561 0.218803 0.5238174 0.2266375 0.4911305 0.22224 0.2076153 0.3024261 0.2337552 0.292067 0.2346065 0.2981924 0.3623365 0.3169425 0.3855894 0.3312985 0.3611624 0.3279199 0.4283838 0.2257069 0.3976418 0.2368605 0.3988127 0.2228683 0.410339 0.3361941 0.4296317 0.3620748 0.405764 0.3553611 0.2281044 0.2422493 0.2563793 0.2346577 0.2566732 0.2398591 0.312847 0.3144311 0.3369633 0.3259525 0.3128206 0.3254218 0.4662117 0.03441077 0.4964303 0.02292323 0.4966868 0.03360146 0.1958206 0.3634383 0.2149547 0.3370844 0.2198355 0.3562397 0.5243161 0.222929 0.5607464 0.2095394 0.5586631 0.2276499 0.5947991 0.2327855 0.632106 0.2430503 0.5941809 0.2369451 0.1648221 0.4154616 0.1712993 0.3731794 0.1861364 0.4027016 0.4347906 0.1050044 0.4659224 0.1118268 0.4347186 0.1112139 0.529955 0.3445819 0.5549573 0.3758302 0.5230323 0.3611387 0.2802509 0.4312333 0.2499324 0.3795024 0.2710934 0.3755404 0.2434177 0.3505023 0.2149547 0.3370844 0.2398955 0.3319768 0.1999722 0.2539074 0.2300454 0.261768 0.201404 0.265261 0.2828335 0.1034892 0.3130638 0.1094535 0.2829111 0.1095411 0.114012 0.3010645 0.14501 0.2914784 0.1454233 0.293252 0.5812243 0.5083132 0.5569725 0.5058264 0.56317 0.4943395 0.5003672 0.3304642 0.4707418 0.322994 0.4711534 0.3215625 0.3935312 0.2760281 0.4221748 0.2737626 0.4212317 0.2798162 0.2590873 0.2733039 0.2861546 0.2734673 0.2592112 0.2748833 0.5708628 0.335954 0.5378298 0.321966 0.571894 0.3328183 0.2584927 0.2654919 0.2309975 0.2702699 0.2307372 0.2679477 0.462172 0.4127172 0.5049401 0.3961454 0.4836325 0.4267847 0.2499324 0.3795024 0.2667393 0.3468078 0.2710934 0.3755404 0.1748159 0.2849467 0.2026951 0.2739442 0.2036653 0.2800722 0.4308152 0.19663 0.4009121 0.1909331 0.4310908 0.1930562 0.3433282 0.1035884 0.3735263 0.1100227 0.343303 0.1096554 0.1290187 0.1689434 0.1616452 0.1716274 0.1292514 0.1732944 0.3395327 0.2715997 0.3128435 0.2655596 0.3397365 0.2661811 0.3140338 0.4286304 0.2922124 0.3733088 0.3132365 0.3725113 0.09626883 0.1881211 0.1292514 0.1732944 0.1300047 0.1856504 0.5642704 0.1671295 0.6009269 0.1647433 0.6007452 0.1688401 0.07770276 0.2976506 0.04012668 0.2984403 0.07591551 0.2898731 0.3639749 0.3008632 0.3896858 0.30516 0.3638524 0.3021352 0.4970511 0.1463323 0.4644781 0.1581593 0.4649609 0.1448886 0.4379683 0.477425 0.4354391 0.5038856 0.4242381 0.4933728 0.3413515 0.219967 0.3130035 0.2335044 0.3129502 0.219588 0.2590873 0.2733039 0.2309975 0.2702699 0.2586647 0.2677958 0.3802546 0.4400646 0.3766559 0.3788609 0.3980002 0.384419 0.2228574 0.1419562 0.2533851 0.1538393 0.223122 0.1546185 0.3689873 0.2350893 0.3413515 0.219967 0.3698854 0.221082 0.4346318 0.1154122 0.4659224 0.1118268 0.4658488 0.116108 0.5581104 0.2315471 0.5243161 0.222929 0.5586631 0.2276499 0.3726004 0.1543536 0.4025326 0.1585361 0.372515 0.1576003 0.08427685 0.3225777 0.114012 0.3010645 0.117249 0.3131453 0.1300047 0.1856504 0.1626383 0.187168 0.1302843 0.1894583 0.2618058 0.3035693 0.2880966 0.3151424 0.263249 0.3172693 0.2590873 0.2733039 0.2319059 0.277704 0.2317048 0.2760641 0.4341543 0.1309319 0.4655217 0.1277905 0.4654092 0.1318256 0.2036653 0.2800722 0.2319059 0.277704 0.2039273 0.2817358 0.4651221 0.1405191 0.4341543 0.1309319 0.4654092 0.1318256 0.09466964 0.1135213 0.05972081 0.1071295 0.0948354 0.1090055 0.5060576 0.3122137 0.5416028 0.309404 0.5378298 0.321966 0.2241063 0.179969 0.2537209 0.1676726 0.2540894 0.178779 0.0972523 0.2001293 0.06247538 0.2078101 0.06207758 0.2036421 0.06092739 0.1907681 0.09657222 0.1919838 0.06126838 0.1949743 0.6002563 0.1772078 0.6384937 0.1843897 0.5999448 0.1822034 0.3717237 0.1792007 0.4013056 0.1838608 0.3716067 0.18252 0.4872211 0.2486385 0.5181844 0.2601169 0.4862962 0.2543392 0.5985274 0.2004166 0.5624067 0.1928437 0.5989094 0.1960361 0.4759528 0.3039075 0.4493885 0.2863676 0.4786832 0.2926772 0.4318576 0.1822712 0.4625907 0.188274 0.4316173 0.1858043 0.07299697 0.2762895 0.04012668 0.2984403 0.0368871 0.2836199 0.1917781 0.1258424 0.1603338 0.1144917 0.1916178 0.1143724 0.2566732 0.2398591 0.2848868 0.2335916 0.2850005 0.2387055 0.2850005 0.2387055 0.3129789 0.240785 0.2850703 0.241091 0.4119386 0.4539257 0.4193993 0.3917459 0.4407712 0.4009091 0.3915327 0.2919525 0.4174233 0.3021455 0.3907499 0.2977206 0.05903828 0.13019 0.09445083 0.1400304 0.05902481 0.1402285 0.571894 0.3328183 0.6074046 0.3481771 0.5708628 0.335954 0.5569725 0.5058264 0.5416225 0.4869681 0.56317 0.4943395 0.570159 0.3380742 0.6074046 0.3481771 0.6065886 0.3504215 0.4976364 0.5765354 0.4955314 0.5997136 0.4829922 0.5860005 0.4966868 0.03360146 0.5285382 0.05460971 0.4972777 0.05602699 0.1368409 0.2483611 0.1688548 0.2493472 0.1377261 0.253937 0.5034834 0.505827 0.5015994 0.5290105 0.4888705 0.5171707 0.5301641 0.5942981 0.5484007 0.6086499 0.530125 0.6116446 0.6010315 0.1101471 0.5647567 0.1045109 0.6006892 0.102582 0.5634595 0.1795555 0.5989094 0.1960361 0.5624067 0.1928437 0.5773809 0.5861841 0.5975316 0.5723419 0.5883495 0.593356 0.4741372 0.5505424 0.4629314 0.5721524 0.4611455 0.5494227 0.4955314 0.5997136 0.5075892 0.6209354 0.487465 0.6100205 0.02296561 0.1744635 0.0594384 0.1643814 0.05984431 0.172514 0.162696 0.0334025 0.1927551 0.02320086 0.1925975 0.0337156 0.04495507 0.01356726 0.07605785 0.01394772 0.07339185 0.02391701 0.1302843 0.1894583 0.0972523 0.2001293 0.09657222 0.1919838 0.2572177 0.2484496 0.2850703 0.241091 0.285249 0.2469699 0.5571604 0.02995204 0.5843777 0.01394319 0.5872206 0.02451068 0.5843777 0.01394319 0.6167001 0.01388502 0.5872206 0.02451068 0.196784 0.225299 0.2276282 0.2367957 0.1982426 0.2398089 0.1701886 0.2581741 0.201404 0.265261 0.1720681 0.2701265 0.6240494 0.2819824 0.5887409 0.2674746 0.6262807 0.2755702 0.572777 0.6102098 0.5484007 0.6086499 0.5647457 0.5998511 0.3128731 0.2939144 0.3386564 0.2930514 0.3385885 0.2945241 0.2348163 0.2997015 0.2076153 0.3024261 0.2346065 0.2981924 0.3969327 0.2447396 0.3687025 0.2400444 0.3971543 0.2423053 0.2833085 0.1534505 0.3130117 0.1409402 0.3130761 0.1533614 0.2870705 0.2944661 0.3128736 0.2924549 0.3128731 0.2939144 0.5667309 0.3479831 0.6029718 0.3585563 0.6022914 0.3606008 0.3386564 0.2930514 0.3644084 0.2963281 0.3385885 0.2945241 0.130886 0.1973053 0.1634659 0.1983245 0.1312269 0.2011702 0.4658488 0.116108 0.497825 0.1121853 0.4977876 0.1165732 0.5274102 0.5553987 0.5627182 0.5765863 0.5540724 0.5860435 0.1285297 0.1580455 0.09490507 0.1630029 0.09476029 0.1592508 0.1617861 0.05474048 0.1299655 0.06747394 0.1308623 0.05338782 0.530125 0.6116446 0.5526123 0.6210281 0.530098 0.6247106 0.3855894 0.3312985 0.405764 0.3553611 0.3822982 0.3501146 0.4157102 0.3110507 0.4429247 0.3154968 0.4425846 0.3168904 0.5294685 0.06889045 0.4979357 0.08554869 0.497622 0.0700193 0.4966868 0.03360146 0.5263418 0.02175652 0.5269274 0.03263783 0.103821 0.01842278 0.07339185 0.02391701 0.07605785 0.01394772 0.1604792 0.1390818 0.1920487 0.1427187 0.160573 0.1435723 0.4355216 0.0561884 0.4663099 0.07036626 0.4354018 0.07018095 0.1894683 0.4746391 0.123717 0.4532986 0.1437976 0.4315901 0.6156041 0.3168369 0.5816284 0.2990107 0.6186835 0.3087048 0.2873016 0.2991472 0.3128731 0.2939144 0.3128919 0.2984306 0.404383 0.08511435 0.3737909 0.0697602 0.4045803 0.06987875 0.08579236 0.3276556 0.1207315 0.3249099 0.08814018 0.3350983 0.343297 0.06946396 0.3130528 0.08438992 0.3130421 0.06941527 0.5003672 0.3304642 0.5332214 0.3357164 0.53116 0.3413709 0.4038711 0.11482 0.4347186 0.1112139 0.4346318 0.1154122 0.2833085 0.1534505 0.2531677 0.1413359 0.283119 0.1409551 0.5863366 0.5506558 0.5937454 0.5274371 0.5993659 0.549561 0.2829744 0.08443427 0.3130421 0.06941527 0.3130528 0.08438992 0.253099 0.1370136 0.283119 0.1409551 0.2531677 0.1413359 0.2224742 0.08458799 0.192007 0.06944072 0.2224515 0.06968384 0.2829117 0.05597692 0.2527452 0.06964898 0.2527819 0.05599206 0.09131026 0.3447101 0.05556982 0.3543525 0.09075725 0.3430549 0.2357118 0.3056555 0.261543 0.3009687 0.2616723 0.3022508 0.059062 0.1453992 0.09476029 0.1592508 0.05927836 0.1604974 0.5046798 0.316851 0.536907 0.3248874 0.53626 0.326882 0.1603235 0.1262186 0.1918399 0.129901 0.1603627 0.130376 0.4649609 0.1448886 0.4332458 0.1566132 0.4337147 0.1437786 0.09075725 0.3430549 0.0544247 0.3479509 0.08874946 0.3370265 0.6331011 0.05383235 0.5984109 0.07941228 0.5958849 0.06189167 0.3721767 0.1680483 0.4014872 0.1804004 0.3717237 0.1792007 0.3428364 0.1536328 0.372515 0.1576003 0.3427878 0.1568639 0.4993619 0.3334633 0.5305662 0.3429619 0.529955 0.3445819 0.529955 0.3445819 0.5637519 0.3558892 0.5630766 0.3576492 0.3398186 0.2639356 0.3128435 0.2655596 0.3128511 0.2633081 0.2227597 0.1376659 0.2531677 0.1413359 0.2228574 0.1419562 0.3382687 0.3014777 0.3623365 0.3169425 0.33754 0.31492 0.3129024 0.3010109 0.33754 0.31492 0.312847 0.3144311 0.5274488 0.1937978 0.4947934 0.187129 0.527793 0.1899077 0.5650994 0.1162657 0.6014456 0.128851 0.5651291 0.1292064 0.5304484 0.1427415 0.5649362 0.1484631 0.5303102 0.1475023 0.1301311 0.3512595 0.0918886 0.3464157 0.1239996 0.3351149 0.5941809 0.2369451 0.5568435 0.2395741 0.5581104 0.2315471 0.3132365 0.3725113 0.3359398 0.3443226 0.3342941 0.3732979 0.5168422 0.3747137 0.5549573 0.3758302 0.5473874 0.3905788 0.4636554 0.1727844 0.4318576 0.1822712 0.4324787 0.1708223 0.06028681 0.09760558 0.0950939 0.1021537 0.0601415 0.09978765 0.4508401 0.2785995 0.4790887 0.2909388 0.4497157 0.2846726 0.2833958 0.1632087 0.2534493 0.1570991 0.2833356 0.1566118 0.4174233 0.3021455 0.4444198 0.3092666 0.4171379 0.3036772 0.1894201 0.3442075 0.158716 0.3407936 0.1860013 0.3323869 0.495956 0.1705892 0.4643015 0.1615988 0.4964122 0.1633893 0.48242 0.2754036 0.5120574 0.2893577 0.4810354 0.282127 0.4296317 0.3620748 0.4615679 0.3512091 0.453987 0.3707591 0.1860013 0.3323869 0.2149547 0.3370844 0.1894201 0.3442075 0.128288 0.1033894 0.1604019 0.1018105 0.1603795 0.1037541 0.04358083 0.3089028 0.07770276 0.2976506 0.07841092 0.3005428 0.1112105 0.2894557 0.07591551 0.2898731 0.1096292 0.2822708 0.08874946 0.3370265 0.1207315 0.3249099 0.1212782 0.3266895 0.5301641 0.5942981 0.5274102 0.5553987 0.5428073 0.5921623 0.5649707 0.1115143 0.6012294 0.1151112 0.5650994 0.1162657 0.05972081 0.1071295 0.02277445 0.09756898 0.0601415 0.09978765 0.5291636 0.1728094 0.5642704 0.1671295 0.5637598 0.1750107 0.5244575 0.4695032 0.5321188 0.4141141 0.5614743 0.4379593 0.3951637 0.2617182 0.4250774 0.2540031 0.4234288 0.2651712 0.3944798 0.2680006 0.4221748 0.2737626 0.3942205 0.2702935 0.1057556 0.3784666 0.1459094 0.385666 0.1191993 0.4013383 0.5137003 0.2823342 0.5447946 0.2976684 0.5120574 0.2893577 0.3944798 0.2680006 0.367426 0.2593474 0.3951637 0.2617182 0.4129276 0.3249188 0.4425846 0.3168904 0.4388568 0.3312686 0.4296317 0.3620748 0.4407712 0.4009091 0.4193993 0.3917459 0.1112105 0.2894557 0.1416675 0.2756828 0.1430311 0.2825065 0.3980002 0.384419 0.4296317 0.3620748 0.4193993 0.3917459 0.6390177 0.1084479 0.6006892 0.102582 0.6387496 0.1007441 0.1135351 0.2991482 0.07841092 0.3005428 0.111841 0.2921763 0.4836325 0.4267847 0.5321188 0.4141141 0.5045323 0.4454798 0.0945006 0.1447879 0.1285297 0.1580455 0.09476029 0.1592508 0.2841266 0.2100281 0.2554095 0.2176135 0.2550833 0.2109591 0.2318943 0.4456402 0.1861364 0.4027016 0.2074566 0.3928382 0.2026951 0.2739442 0.2317048 0.2760641 0.2036653 0.2800722 0.1930156 0.1700065 0.2241063 0.179969 0.193628 0.1815975 0.3130064 0.1780812 0.2837138 0.1815847 0.2836701 0.1781034 0.3369633 0.3259525 0.3590548 0.3463919 0.3359398 0.3443226 0.3130006 0.2098288 0.2840651 0.2067207 0.3130239 0.2066454 0.1301311 0.3512595 0.1538788 0.3256168 0.158716 0.3407936 0.2970421 0.4290102 0.2710934 0.3755404 0.2922124 0.3733088 0.2527828 0.1095975 0.2223573 0.1140203 0.2223233 0.1099953 0.2169824 0.453665 0.1648221 0.4154616 0.1861364 0.4027016 0.3700407 0.2178785 0.3988127 0.2228683 0.3698854 0.221082 0.5046798 0.316851 0.4730839 0.3147387 0.4748171 0.3083099 0.134761 0.2325266 0.1658511 0.2251877 0.1662502 0.2286395 0.03019553 0.2435781 0.06678324 0.2422627 0.03045696 0.2477856 0.2039273 0.2817358 0.1748159 0.2849467 0.2036653 0.2800722 0.4628711 0.1845535 0.4944856 0.1907674 0.4625907 0.188274 0.1610189 0.1568928 0.192559 0.1591647 0.161149 0.1603563 0.0950939 0.1021537 0.1281687 0.1098943 0.0948354 0.1090055 0.312856 0.02372157 0.2827277 0.03457087 0.2828909 0.02364176 0.5291636 0.1728094 0.5634595 0.1795555 0.5288676 0.1772651 0.2555639 0.2207344 0.2848868 0.2335916 0.2563793 0.2346577 0.07150751 0.2687826 0.1070721 0.2694767 0.07299697 0.2762895 0.06452912 0.2262057 0.02573031 0.2113208 0.06247538 0.2078101 0.4663218 0.08561044 0.4978021 0.1037328 0.4659811 0.1035655 0.4657574 0.3391767 0.488386 0.3615049 0.4615679 0.3512091 0.2590873 0.2733039 0.285868 0.2660983 0.2860916 0.2718778 0.3407683 0.2390466 0.3689873 0.2350893 0.3687025 0.2400444 0.07210868 0.3968229 0.1191993 0.4013383 0.09105533 0.4219313 0.09439712 0.1305753 0.05912792 0.1253865 0.09443491 0.1261914 0.1603627 0.130376 0.1279169 0.1263301 0.1603235 0.1262186 0.05984431 0.172514 0.09551084 0.1752305 0.0601204 0.1773421 0.0963754 0.08095234 0.0649864 0.06032335 0.09804219 0.06489139 0.3681736 0.2484059 0.3969327 0.2447396 0.3963376 0.2507427 0.08066362 0.3095865 0.04471796 0.3167443 0.08014851 0.307596 0.2039273 0.2817358 0.2332088 0.2880052 0.2057704 0.2923324 0.3432602 0.1137533 0.3732182 0.1253226 0.3430744 0.1249049 0.1481091 0.3047299 0.1751529 0.2866669 0.1774805 0.2976949 0.3430744 0.1249049 0.3130515 0.1135389 0.3432602 0.1137533 0.2529497 0.1248815 0.2223573 0.1140203 0.2528185 0.1138116 0.6014456 0.128851 0.6396464 0.1137889 0.6399355 0.1285899 0.5116897 0.5211514 0.5237847 0.5169835 0.5274102 0.5553987 0.3431828 0.03395277 0.3739248 0.02198207 0.3738548 0.03323495 0.3990654 0.2196196 0.4283838 0.2257069 0.3988127 0.2228683 0.4324787 0.1708223 0.463915 0.1686255 0.4636554 0.1727844 0.1712993 0.3731794 0.1894201 0.3442075 0.1958206 0.3634383 0.0284655 0.05222177 0.06797969 0.04533374 0.0649864 0.06032335 0.07591551 0.2898731 0.1070721 0.2694767 0.1096292 0.2822708 0.4790887 0.2909388 0.4493885 0.2863676 0.4497157 0.2846726 0.1393393 0.2633597 0.1692429 0.2519462 0.1701886 0.2581741 0.5307765 0.1168258 0.5651291 0.1292064 0.5306512 0.1291308 0.2529928 0.1288065 0.2830038 0.1246812 0.2830259 0.128519 0.222316 0.1038748 0.2527828 0.1095975 0.2223233 0.1099953 0.2648611 0.4391682 0.2842279 0.4557964 0.269588 0.4586079 0.2549322 0.2077309 0.2838351 0.191942 0.2840651 0.2067207 0.1180467 0.3159798 0.08427685 0.3225777 0.117249 0.3131453 0.2861546 0.2734673 0.3128672 0.2711687 0.3128748 0.272736 0.4346318 0.1154122 0.4655217 0.1277905 0.4342705 0.1268073 0.597226 0.2138267 0.6332263 0.2387274 0.5947991 0.2327855 0.2604444 0.2891469 0.2335338 0.2904205 0.2603028 0.2875387 0.2540894 0.178779 0.2242739 0.1834474 0.2241063 0.179969 0.2242739 0.1834474 0.193628 0.1815975 0.2241063 0.179969 0.4174233 0.3021455 0.4462029 0.3014576 0.4447773 0.3076893 0.4977876 0.1165732 0.5306512 0.1291308 0.4975243 0.1284751 0.4748171 0.3083099 0.5052469 0.314964 0.5046798 0.316851 0.3128461 0.2866802 0.3389477 0.2856279 0.3388825 0.2872259 0.2337552 0.292067 0.2062051 0.2948036 0.2335338 0.2904205 0.2600941 0.2851535 0.2861546 0.2734673 0.2865551 0.2834439 0.2867349 0.2874001 0.2603028 0.2875387 0.2866603 0.285789 0.3917498 0.2903175 0.419256 0.2918434 0.418832 0.2942954 0.3652088 0.2872473 0.3915327 0.2919525 0.365065 0.2888671 0.1999722 0.2539074 0.2283341 0.2447093 0.2289051 0.250731 0.4756035 0.5689948 0.4914555 0.5520933 0.4925016 0.5648155 0.1308623 0.05338782 0.09804219 0.06489139 0.09966284 0.05053198 0.4347186 0.1112139 0.4040653 0.1045585 0.4347906 0.1050044 0.4566026 0.243916 0.4862962 0.2543392 0.4558361 0.2491882 0.4787223 0.532635 0.5015994 0.5290105 0.4945974 0.5397145 0.5658348 0.5396838 0.5274102 0.5553987 0.5587747 0.5289934 0.5848368 0.5691373 0.5690458 0.5520992 0.5863366 0.5506558 0.4955314 0.5997136 0.5175333 0.5921046 0.5118578 0.6085753 0.3128748 0.272736 0.3395327 0.2715997 0.339473 0.2731538 0.5999448 0.1822034 0.6374976 0.199482 0.5989094 0.1960361 0.4787223 0.532635 0.4611455 0.5494227 0.4668033 0.5273706 0.3129908 0.1814585 0.2837803 0.1885215 0.2837138 0.1815847 0.403967 0.1106761 0.3734489 0.1141306 0.3735263 0.1100227 0.4432557 0.3141286 0.4707418 0.322994 0.4429247 0.3154968 0.5773809 0.5861841 0.5679308 0.5648767 0.5848368 0.5691373 0.5305958 0.1335241 0.5651291 0.1292064 0.5651259 0.1338092 0.2528106 0.02347129 0.2224715 0.03422188 0.2226675 0.02331113 0.1604792 0.1390818 0.1918399 0.129901 0.1919511 0.1384283 0.4888705 0.5171707 0.4972868 0.4943528 0.5034834 0.505827 0.2283341 0.2447093 0.1988936 0.2452186 0.2281044 0.2422493 0.5274102 0.5553987 0.5690458 0.5520992 0.5679308 0.5648767 0.3369633 0.3259525 0.3623365 0.3169425 0.3611624 0.3279199 0.285786 0.2638477 0.3128665 0.2573114 0.3128511 0.2633081 0.6029718 0.3585563 0.570159 0.3380742 0.6065886 0.3504215 0.3430376 0.02283847 0.3128598 0.03473162 0.312856 0.02372157 0.2609657 0.295042 0.2348163 0.2997015 0.2346065 0.2981924 0.5116897 0.5211514 0.5274102 0.5553987 0.5015994 0.5290105 0.3407683 0.2390466 0.3685584 0.242462 0.3406975 0.2413899 0.2830893 0.1367358 0.3130341 0.1285716 0.3130226 0.1367369 0.6014645 0.133659 0.6395626 0.1443293 0.6014836 0.1440015 0.3130761 0.1533614 0.3427878 0.1568639 0.3130683 0.1565868 0.4032355 0.1383206 0.3731391 0.1292656 0.4034476 0.1300144 0.3128511 0.2633081 0.3400417 0.2579562 0.3398186 0.2639356 0.4726349 0.3163731 0.4447773 0.3076893 0.4730839 0.3147387 0.1917781 0.1258424 0.2223573 0.1140203 0.2225829 0.1252647 0.1510812 0.3158531 0.1802918 0.3101147 0.1515508 0.3175324 0.09439712 0.1305753 0.1280598 0.1395688 0.09445083 0.1400304 0.3905431 0.2992171 0.3645391 0.2948535 0.3907499 0.2977206 0.1623988 0.1835076 0.1938371 0.1851484 0.1626383 0.187168 0.0284655 0.05222177 0.06220263 0.0773459 0.02461671 0.0720207 0.4544373 0.2582845 0.4858255 0.2569862 0.4847031 0.2633206 0.4022139 0.1652304 0.3721767 0.1680483 0.3722913 0.1642328 0.342086 0.1887465 0.3712097 0.1929206 0.3420192 0.19217 0.5612134 0.2053823 0.5262405 0.2056447 0.526644 0.2018018 0.1308623 0.05338782 0.1024876 0.02896451 0.1324558 0.03131765 0.261543 0.3009687 0.2870705 0.2944661 0.2873016 0.2991472 0.3429154 0.1411147 0.3730019 0.137533 0.3729032 0.1417744 0.4662812 0.05636835 0.497622 0.0700193 0.4663099 0.07036626 0.2245928 0.1905923 0.1945194 0.1960198 0.1942785 0.1924314 0.2232257 0.1579188 0.2533851 0.1538393 0.2534493 0.1570991 0.2247807 0.1941094 0.2543921 0.1892209 0.2545213 0.1927742 0.4332458 0.1566132 0.4030972 0.1425958 0.4337147 0.1437786 0.4354018 0.07018095 0.4047681 0.05596846 0.4355216 0.0561884 0.5644078 0.3541653 0.6001319 0.3693944 0.5637519 0.3558892 0.5294685 0.06889045 0.4972777 0.05602699 0.5285382 0.05460971 0.2348163 0.2997015 0.261543 0.3009687 0.2355127 0.3043441 0.2833958 0.1632087 0.3130159 0.1670564 0.2834377 0.1671093 0.5473874 0.3905788 0.5916406 0.3937141 0.5818407 0.4107056 0.2873647 0.3004262 0.3128919 0.2984306 0.312897 0.2997146 0.5658348 0.5396838 0.5716243 0.5171703 0.5817825 0.5326979 0.1229643 0.3319929 0.1534405 0.3241359 0.1234734 0.3335396 0.5298376 0.1616179 0.4970511 0.1463323 0.5303102 0.1475023 0.4663099 0.07036626 0.435225 0.08542644 0.4354018 0.07018095 0.1964478 0.2218521 0.1662502 0.2286395 0.1658511 0.2251877 0.09443491 0.1261914 0.1280938 0.1143177 0.1279169 0.1263301 0.2841266 0.2100281 0.2549322 0.2077309 0.2840651 0.2067207 0.4726349 0.3163731 0.5003672 0.3304642 0.4711534 0.3215625 0.5646635 0.1023664 0.5984109 0.07941228 0.6005701 0.100349 0.3425947 0.167351 0.3717237 0.1792007 0.3423262 0.1783952 0.2359157 0.3069924 0.2091526 0.3102681 0.2357118 0.3056555 0.3963376 0.2507427 0.367426 0.2593474 0.3681736 0.2484059 0.0649864 0.06032335 0.09966284 0.05053198 0.09804219 0.06489139 0.4324787 0.1708223 0.4014872 0.1804004 0.4020332 0.1691954 0.2618058 0.3035693 0.2873647 0.3004262 0.2874307 0.3017299 0.3732182 0.1253226 0.4038711 0.11482 0.4035532 0.1260416 0.3874636 0.3201063 0.410339 0.3361941 0.3855894 0.3312985 0.263249 0.3172693 0.2359157 0.3069924 0.2618058 0.3035693 0.2580439 0.2593943 0.285249 0.2469699 0.2855746 0.2577134 0.4589292 0.2257422 0.4896532 0.2331328 0.458534 0.2290483 0.2123565 0.3256714 0.2359157 0.3069924 0.2380307 0.3206879 0.312847 0.3144311 0.2874307 0.3017299 0.3129024 0.3010109 0.6375348 0.07387703 0.6005701 0.100349 0.5984109 0.07941228 0.4935458 0.3490684 0.4703206 0.324443 0.4993619 0.3334633 0.463915 0.1686255 0.4330838 0.1599604 0.4643015 0.1615988 0.4157102 0.3110507 0.3874636 0.3201063 0.3894926 0.3064903 0.1780397 0.3002601 0.2057704 0.2923324 0.2062051 0.2948036 0.1312269 0.2011702 0.1647171 0.2145857 0.1329746 0.2180957 0.4786832 0.2926772 0.5060576 0.3122137 0.4759528 0.3039075 0.09466964 0.1135213 0.1281687 0.1098943 0.1280938 0.1143177 0.09075725 0.3430549 0.1234734 0.3335396 0.09131026 0.3447101 0.2123565 0.3256714 0.2398955 0.3319768 0.2149547 0.3370844 0.5306352 0.1055076 0.5646635 0.1023664 0.5647567 0.1045109 0.1285297 0.1580455 0.160573 0.1435723 0.1610189 0.1568928 0.1430311 0.2825065 0.1720681 0.2701265 0.1732228 0.2765075 0.2357118 0.3056555 0.2618058 0.3035693 0.2359157 0.3069924 0.1751529 0.2866669 0.14501 0.2914784 0.1748159 0.2849467 0.3398186 0.2639356 0.367426 0.2593474 0.3669942 0.2652311 0.5620189 0.06645774 0.5927165 0.04656553 0.5958849 0.06189167 0.2025467 0.4632017 0.1437976 0.4315901 0.1648221 0.4154616 0.1290187 0.1689434 0.09490507 0.1630029 0.1286698 0.1616321 0.2023409 0.2715597 0.1736831 0.2789932 0.1732228 0.2765075 0.2536239 0.163737 0.2834377 0.1671093 0.2537209 0.1676726 0.3397365 0.2661811 0.3669942 0.2652311 0.3668233 0.2675182 0.4804784 0.2846513 0.5120574 0.2893577 0.5114001 0.2920016 0.5440474 0.3004695 0.5795536 0.3070116 0.5787335 0.3100068 0.1459094 0.385666 0.163051 0.3530696 0.1712993 0.3731794 0.1650806 0.2180464 0.1343149 0.2290317 0.1333688 0.2215831 0.2398955 0.3319768 0.263249 0.3172693 0.2644439 0.3283186 0.1958103 0.2149464 0.1647171 0.2145857 0.1955165 0.2115938 0.1437976 0.4315901 0.1459094 0.385666 0.1648221 0.4154616 0.6014107 0.1492115 0.5644569 0.163274 0.5649362 0.1484631 0.6002563 0.1772078 0.6388771 0.1708107 0.6383746 0.1793721 0.2898641 0.3446654 0.3132365 0.3725113 0.2922124 0.3733088 0.1112105 0.2894557 0.07841092 0.3005428 0.07770276 0.2976506 0.123717 0.4532986 0.1191993 0.4013383 0.1437976 0.4315901 0.3416439 0.2071666 0.3702999 0.2112386 0.3415672 0.2102412 0.2528185 0.1138116 0.2829111 0.1095411 0.2829328 0.1135111 0.44137 0.4734149 0.462172 0.4127172 0.4836325 0.4267847 0.3476087 0.431848 0.3342941 0.3732979 0.3554005 0.3756706 0.3722913 0.1642328 0.4025326 0.1585361 0.4022139 0.1652304 0.1280598 0.1395688 0.1603627 0.130376 0.1604792 0.1390818 0.1416675 0.2756828 0.1070721 0.2694767 0.1393393 0.2633597 0.1280938 0.1143177 0.1603484 0.1100789 0.1603338 0.1144917 0.1915937 0.1101682 0.2223573 0.1140203 0.1916178 0.1143724 0.3917498 0.2903175 0.4185395 0.2959609 0.3915327 0.2919525 0.1780397 0.3002601 0.1481091 0.3047299 0.1774805 0.2976949 0.343297 0.06946396 0.3736736 0.08464598 0.3432366 0.08443468 0.5288676 0.1772651 0.4947934 0.187129 0.4956615 0.1749856 0.2224742 0.08458799 0.2527452 0.06964898 0.2528294 0.08450347 0.1814785 0.3150417 0.207908 0.3039706 0.2088828 0.3089115 0.1616452 0.1716274 0.1300047 0.1856504 0.1292514 0.1732944 0.02133208 0.1248259 0.05947941 0.1121226 0.05912792 0.1253865 0.3390462 0.2832745 0.3128748 0.272736 0.339473 0.2731538 0.4975243 0.1284751 0.4658488 0.116108 0.4977876 0.1165732 0.3130237 0.1631609 0.3425947 0.167351 0.3130159 0.1670564 0.1925975 0.0337156 0.2226675 0.02331113 0.2224715 0.03422188 0.6002563 0.1772078 0.5634595 0.1795555 0.5637598 0.1750107 0.2335338 0.2904205 0.2600941 0.2851535 0.2603028 0.2875387 0.07093679 0.2657492 0.1041955 0.2534307 0.1052579 0.2597196 0.2667393 0.3468078 0.2922124 0.3733088 0.2710934 0.3755404 0.2257752 0.2126596 0.2554095 0.2176135 0.2262556 0.2193961 0.3730019 0.137533 0.3430294 0.1287433 0.3731391 0.1292656 0.312897 0.2997146 0.3382687 0.3014777 0.3129024 0.3010109 0.3637254 0.3034426 0.3896858 0.30516 0.3894926 0.3064903 0.5984109 0.07941228 0.5620189 0.06645774 0.5958849 0.06189167 0.4628711 0.1845535 0.4956615 0.1749856 0.4947934 0.187129 0.253099 0.1370136 0.2830259 0.128519 0.2830893 0.1367358 0.3129829 0.2384086 0.3409267 0.233778 0.3407683 0.2390466 0.5651259 0.1338092 0.6014836 0.1440015 0.5650485 0.1434787 0.2644439 0.3283186 0.2880966 0.3151424 0.2886814 0.3260801 0.5866874 0.2771321 0.5517967 0.2666561 0.5873523 0.2740101 0.3130226 0.1367369 0.3429154 0.1411147 0.3130117 0.1409402 0.4296946 0.2121127 0.4616833 0.1993587 0.4601581 0.2152976 0.2091526 0.3102681 0.1814785 0.3150417 0.2088828 0.3089115 0.1057571 0.262521 0.1377261 0.253937 0.1381766 0.2566608 0.1302843 0.1894583 0.09626883 0.1881211 0.1300047 0.1856504 0.3423262 0.1783952 0.3716067 0.18252 0.3422614 0.1817803 0.03559684 0.2725993 0.07150751 0.2687826 0.03613263 0.275604 0.4554474 0.2517428 0.4862962 0.2543392 0.4858255 0.2569862 0.1510812 0.3158531 0.1186056 0.3179122 0.1492815 0.3092474 0.5274102 0.5553987 0.4945974 0.5397145 0.5015994 0.5290105 0.5873523 0.2740101 0.6234117 0.2851374 0.5866874 0.2771321 0.2837138 0.1815847 0.2543921 0.1892209 0.2541967 0.1822033 0.2227597 0.1376659 0.2529928 0.1288065 0.253099 0.1370136 0.134761 0.2325266 0.1680405 0.2437701 0.1368409 0.2483611 0.5517967 0.2666561 0.5887409 0.2674746 0.5873523 0.2740101 0.5647567 0.1045109 0.6005701 0.100349 0.6006892 0.102582 0.5274102 0.5553987 0.5679308 0.5648767 0.5627182 0.5765863 0.1368409 0.2483611 0.1052579 0.2597196 0.1041955 0.2534307 0.4123073 0.4838588 0.4379683 0.477425 0.4242381 0.4933728 0.5332214 0.3357164 0.502569 0.3236268 0.5338638 0.3338837 0.5976991 0.2093957 0.5620346 0.1969442 0.5985274 0.2004166 0.2554095 0.2176135 0.2843219 0.2198688 0.2555639 0.2207344 0.4310908 0.1930562 0.4616833 0.1993587 0.4308152 0.19663 0.1945194 0.1960198 0.1631861 0.19471 0.1942785 0.1924314 0.3383307 0.3001785 0.3639749 0.3008632 0.3638524 0.3021352 0.6331011 0.05383235 0.5927165 0.04656553 0.6278379 0.03663438 0.3383904 0.2989033 0.3128731 0.2939144 0.3385885 0.2945241 0.153016 0.3226819 0.1802918 0.3101147 0.1814785 0.3150417 0.4162327 0.3083706 0.4444198 0.3092666 0.4432557 0.3141286 0.5602197 0.05183738 0.5294685 0.06889045 0.5285382 0.05460971 0.600747 0.3675209 0.5667309 0.3479831 0.6022914 0.3606008 0.223122 0.1546185 0.1920487 0.1427187 0.2228574 0.1419562 0.03613263 0.275604 0.07299697 0.2762895 0.0368871 0.2836199 0.5635231 0.08287435 0.5294685 0.06889045 0.5620189 0.06645774 0.4508401 0.2785995 0.4810354 0.282127 0.4804784 0.2846513 0.4221748 0.2737626 0.4512945 0.2761656 0.4508401 0.2785995 0.3420192 0.19217 0.3130239 0.2066454 0.3129112 0.1918076 0.4209736 0.2814762 0.4497157 0.2846726 0.4493885 0.2863676 0.2870705 0.2944661 0.2609657 0.295042 0.2869974 0.2929908 0.1343149 0.2290317 0.1016088 0.2371807 0.1010597 0.2333036 0.2833356 0.1566118 0.3130761 0.1533614 0.3130683 0.1565868 0.1614401 0.1674351 0.192559 0.1591647 0.192839 0.1660329 0.4354018 0.07018095 0.404383 0.08511435 0.4045803 0.06987875 0.5649362 0.1484631 0.5298376 0.1616179 0.5303102 0.1475023 0.1393393 0.2633597 0.1720681 0.2701265 0.1416675 0.2756828 0.0945006 0.1447879 0.1280598 0.1395688 0.1281493 0.1442963 0.2300454 0.261768 0.2572177 0.2484496 0.2580439 0.2593943 0.5466655 0.2902194 0.5849155 0.2849099 0.5816284 0.2990107 0.2534493 0.1570991 0.2833085 0.1534505 0.2833356 0.1566118 0.3130239 0.2066454 0.3415672 0.2102412 0.3130006 0.2098288 0.2281044 0.2422493 0.2568299 0.2422739 0.2283341 0.2447093 0.2833958 0.1632087 0.3130683 0.1565868 0.3130237 0.1631609 0.2475485 0.4395489 0.2499324 0.3795024 0.263603 0.4343384 0.48242 0.2754036 0.4544373 0.2582845 0.4847031 0.2633206 0.05902481 0.1402285 0.0945006 0.1447879 0.059062 0.1453992 0.5630766 0.3576492 0.5916406 0.3937141 0.5549573 0.3758302 0.3713387 0.1895611 0.4006944 0.1945165 0.3712097 0.1929206 0.3130159 0.1670564 0.3423262 0.1783952 0.3130064 0.1780812 0.2584927 0.2654919 0.2300454 0.261768 0.2580439 0.2593943 0.5274102 0.5553987 0.5301641 0.5942981 0.5175333 0.5921046 0.222316 0.1038748 0.252733 0.101742 0.2527434 0.1035398 0.05972081 0.1071295 0.0950939 0.1021537 0.0948354 0.1090055 0.1821777 0.3178497 0.2091526 0.3102681 0.209429 0.3116368 0.6002563 0.1772078 0.5642704 0.1671295 0.6007452 0.1688401 0.3429154 0.1411147 0.3130761 0.1533614 0.3130117 0.1409402 0.09902793 0.3641223 0.1355103 0.3642255 0.1057556 0.3784666 0.576705 0.317299 0.6147387 0.319847 0.6133508 0.3279478 0.2528294 0.08450347 0.2828997 0.0695883 0.2829744 0.08443427 0.285786 0.2638477 0.2580439 0.2593943 0.2855746 0.2577134 0.2609657 0.295042 0.2867349 0.2874001 0.2869974 0.2929908 0.3130431 0.1034049 0.343303 0.1096554 0.3130638 0.1094535 0.1286698 0.1616321 0.1614401 0.1674351 0.1290187 0.1689434 0.4258643 0.2478716 0.3971543 0.2423053 0.4261605 0.2454051 0.6147387 0.319847 0.5795536 0.3070116 0.6156041 0.3168369 0.3590548 0.3463919 0.3342941 0.3732979 0.3359398 0.3443226 0.2810419 0.4362227 0.29905 0.4540424 0.2842279 0.4557964 0.1748159 0.2849467 0.1435748 0.2850686 0.1736831 0.2789932 0.3139176 0.43361 0.328718 0.4543368 0.3138753 0.4535605 0.3308939 0.4295803 0.3132365 0.3725113 0.3342941 0.3732979 0.2840651 0.2067207 0.3129112 0.1918076 0.3130239 0.2066454 0.5162687 0.269744 0.5512053 0.2695899 0.5496305 0.27685 0.6127551 0.330152 0.576705 0.317299 0.6133508 0.3279478 0.3943901 0.4507827 0.3997974 0.4758269 0.3863661 0.4693794 0.4644783 0.5002812 0.5045323 0.4454798 0.5244575 0.4695032 0.192559 0.1591647 0.223122 0.1546185 0.2232257 0.1579188 0.3787236 0.4447979 0.3863661 0.4693794 0.3721538 0.4639225 0.2339562 0.4500747 0.2556275 0.4623656 0.2425246 0.4677506 0.3579122 0.4593644 0.3467143 0.4367229 0.3628371 0.4401625 0.1112105 0.2894557 0.1435748 0.2850686 0.111841 0.2921763 0.2074566 0.3928382 0.1712993 0.3731794 0.1958206 0.3634383 0.2600941 0.2851535 0.2319059 0.277704 0.2592112 0.2748833 0.3579122 0.4593644 0.3787236 0.4447979 0.3721538 0.4639225 0.4925016 0.5648155 0.4945974 0.5397145 0.5274102 0.5553987 0.4502097 0.489611 0.4454628 0.5151665 0.4354391 0.5038856 0.2307372 0.2679477 0.2026951 0.2739442 0.2023409 0.2715597 0.2584927 0.2654919 0.285868 0.2660983 0.2586647 0.2677958 0.2056328 0.467289 0.2300377 0.4746988 0.2182213 0.4831414 0.4659619 0.1055025 0.4978021 0.1037328 0.4978052 0.1057185 0.3432602 0.1137533 0.3735263 0.1100227 0.3734489 0.1141306 0.3128672 0.2711687 0.285868 0.2660983 0.3128435 0.2655596 0.3640303 0.4354383 0.3554005 0.3756706 0.3766559 0.3788609 0.4945974 0.5397145 0.4741372 0.5505424 0.4787223 0.532635 0.2195277 0.457963 0.2425246 0.4677506 0.2300377 0.4746988 0.1822264 0.4903945 0.2071301 0.4930614 0.1962668 0.5041499 0.153016 0.3226819 0.1818228 0.3164315 0.1534405 0.3241359 0.5447946 0.2976684 0.5114001 0.2920016 0.5120574 0.2893577 0.5307455 0.1121668 0.5647567 0.1045109 0.5649707 0.1115143 0.07841092 0.3005428 0.04471796 0.3167443 0.04358083 0.3089028 0.1958206 0.3634383 0.2287161 0.3851547 0.2074566 0.3928382 0.3645391 0.2948535 0.3915327 0.2919525 0.3907499 0.2977206 0.6014107 0.1492115 0.6395626 0.1443293 0.6398423 0.1496899 0.4497157 0.2846726 0.4221748 0.2737626 0.4508401 0.2785995 0.5428073 0.5921623 0.5274102 0.5553987 0.5540724 0.5860435 0.2242739 0.1834474 0.2543921 0.1892209 0.2245928 0.1905923 0.571894 0.3328183 0.6127551 0.330152 0.6084994 0.3448748 0.418832 0.2942954 0.4471184 0.2972285 0.4465742 0.2997508 0.6367372 0.2038247 0.5989094 0.1960361 0.6374976 0.199482 0.3669942 0.2652311 0.3942205 0.2702935 0.3668233 0.2675182 0.6001319 0.3693944 0.5630766 0.3576492 0.5637519 0.3558892 0.08517307 0.3256095 0.049003 0.3331682 0.08427685 0.3225777 0.4040653 0.1045585 0.4348183 0.1031645 0.4347906 0.1050044 0.4659811 0.1035655 0.4347906 0.1050044 0.4348183 0.1031645 0.2232257 0.1579188 0.2536239 0.163737 0.2234825 0.1646263 0.192007 0.06944072 0.1617861 0.05474048 0.1921956 0.05572539 0.5338638 0.3338837 0.5046798 0.316851 0.53626 0.326882 0.1799075 0.3085163 0.2065061 0.2964937 0.2076153 0.3024261 0.2475485 0.4395489 0.2074566 0.3928382 0.2287161 0.3851547 0.4974323 0.1328045 0.5304484 0.1427415 0.4972232 0.1416578 0.128288 0.1033894 0.1603484 0.1100789 0.1281687 0.1098943 0.1982426 0.2398089 0.2281044 0.2422493 0.1988936 0.2452186 0.2830038 0.1246812 0.3130515 0.1135389 0.313044 0.1245816 0.4407712 0.4009091 0.4789487 0.3821563 0.462172 0.4127172 0.4462029 0.3014576 0.4752802 0.3065254 0.4748171 0.3083099 0.5760989 0.3193816 0.5421574 0.3074457 0.576705 0.317299 0.4250774 0.2540031 0.4554474 0.2517428 0.4544373 0.2582845 0.5487135 0.5210704 0.5587747 0.5289934 0.5274102 0.5553987 0.4034476 0.1300144 0.4338831 0.1393445 0.4032355 0.1383206 0.3623365 0.3169425 0.3894926 0.3064903 0.3874636 0.3201063 0.4597862 0.2187091 0.4915561 0.218803 0.4911305 0.22224 0.5496305 0.27685 0.5866874 0.2771321 0.5849155 0.2849099 0.192007 0.06944072 0.160851 0.08385866 0.1612809 0.06862974 0.4174233 0.3021455 0.3905431 0.2992171 0.3907499 0.2977206 0.5296462 0.1652976 0.495956 0.1705892 0.4964122 0.1633893 0.4310908 0.1930562 0.4013056 0.1838608 0.4316173 0.1858043 0.3129233 0.188394 0.3422614 0.1817803 0.342086 0.1887465 0.6358607 0.2130423 0.5985274 0.2004166 0.6367372 0.2038247 0.02477473 0.1983084 0.06207758 0.2036421 0.02566045 0.207062 0.342086 0.1887465 0.3716067 0.18252 0.3713387 0.1895611 0.4316173 0.1858043 0.4619994 0.1956956 0.4310908 0.1930562 0.526644 0.2018018 0.4944856 0.1907674 0.5274488 0.1937978 0.130886 0.1973053 0.1626383 0.187168 0.1631861 0.19471 0.3713387 0.1895611 0.4013056 0.1838608 0.4009121 0.1909331 0.4619994 0.1956956 0.4944856 0.1907674 0.4937439 0.1984638 0.5274488 0.1937978 0.5612134 0.2053823 0.526644 0.2018018 0.1631861 0.19471 0.1938371 0.1851484 0.1942785 0.1924314 0.06126838 0.1949743 0.0972523 0.2001293 0.06207758 0.2036421 0.4589292 0.2257422 0.4911305 0.22224 0.4901449 0.2295856 0.5927803 0.2455145 0.632106 0.2430503 0.6306384 0.2518417 0.3995192 0.2128969 0.4287201 0.2223899 0.3990654 0.2196196 0.3129612 0.2164081 0.2841266 0.2100281 0.3130006 0.2098288 0.5227445 0.2342594 0.5581104 0.2315471 0.5568435 0.2395741 0.1964478 0.2218521 0.2257752 0.2126596 0.2262556 0.2193961 0.06621825 0.2383733 0.09999293 0.2255483 0.1010597 0.2333036 0.4901449 0.2295856 0.5238174 0.2266375 0.5227445 0.2342594 0.3415672 0.2102412 0.3700407 0.2178785 0.3414348 0.2167978 0.3702999 0.2112386 0.3990654 0.2196196 0.3700407 0.2178785 0.1010597 0.2333036 0.1333688 0.2215831 0.1343149 0.2290317 0.4287201 0.2223899 0.4597862 0.2187091 0.4589292 0.2257422 0.03019553 0.2435781 0.0650475 0.2300807 0.06621825 0.2383733 0.1964478 0.2218521 0.1650806 0.2180464 0.1958103 0.2149464 0.3130006 0.2098288 0.3414348 0.2167978 0.3129612 0.2164081 0.2830893 0.1367358 0.3130117 0.1409402 0.283119 0.1409551 0.1281493 0.1442963 0.1604792 0.1390818 0.160573 0.1435723 0.3729032 0.1417744 0.4032355 0.1383206 0.4030972 0.1425958 0.285249 0.2469699 0.3128665 0.2573114 0.2855746 0.2577134 0.2563793 0.2346577 0.2265017 0.2226644 0.2555639 0.2207344 0.4972868 0.4943528 0.5209841 0.4998282 0.5034834 0.505827 0.4270107 0.4627361 0.4407712 0.4009091 0.462172 0.4127172 0.4241565 0.4670752 0.4119386 0.4539257 0.4270107 0.4627361 0.2492315 0.4441835 0.2318943 0.4456402 0.2475485 0.4395489 0.3628371 0.4401625 0.3476087 0.431848 0.3640303 0.4354383 0.460094 0.5027729 0.4541832 0.4861168 0.4644783 0.5002812 0.3139176 0.43361 0.3308939 0.4295803 0.3303829 0.4345209 0.2648611 0.4391682 0.2475485 0.4395489 0.263603 0.4343384 0.3303829 0.4345209 0.3476087 0.431848 0.3467143 0.4367229 0.4379683 0.477425 0.4270107 0.4627361 0.44137 0.4734149 0.1930405 0.4783161 0.2025467 0.4632017 0.2056328 0.467289 0.2056328 0.467289 0.2169824 0.453665 0.2195277 0.457963 0.2973877 0.434033 0.2802509 0.4312333 0.2970421 0.4290102 0.2195277 0.457963 0.2318943 0.4456402 0.2339562 0.4500747 0.1822264 0.4903945 0.1894683 0.4746391 0.1930405 0.4783161 0.4095358 0.4583126 0.3964792 0.4459964 0.4119386 0.4539257 0.3787236 0.4447979 0.3640303 0.4354383 0.3802546 0.4400646 0.2973877 0.434033 0.3140338 0.4286304 0.3139176 0.43361 0.2810419 0.4362227 0.263603 0.4343384 0.2802509 0.4312333 0.3943901 0.4507827 0.3802546 0.4400646 0.3964792 0.4459964 0.4502097 0.489611 0.44137 0.4734149 0.4541832 0.4861168 0.4978021 0.1037328 0.5305924 0.1033883 0.5306352 0.1055076 0.08814018 0.3350983 0.08874946 0.3370265 0.0544247 0.3479509 0.07093679 0.2657492 0.1052579 0.2597196 0.1057571 0.262521 0.4129276 0.3249188 0.4388568 0.3312686 0.4355511 0.3428327 0.1430311 0.2825065 0.1732228 0.2765075 0.1736831 0.2789932 0.3997974 0.4758269 0.4095358 0.4583126 0.4241565 0.4670752 0.1930405 0.4783161 0.2056328 0.467289 0.2182213 0.4831414 0.1799075 0.3085163 0.1510812 0.3158531 0.1492815 0.3092474 0.2973877 0.434033 0.3139176 0.43361 0.3138753 0.4535605 0.1920487 0.1427187 0.1924347 0.1557174 0.1610189 0.1568928 0.3905431 0.2992171 0.3898745 0.3038563 0.3639749 0.3008632 0.5649362 0.1484631 0.5650485 0.1434787 0.6014836 0.1440015 0.4425846 0.3168904 0.4703206 0.324443 0.4657574 0.3391767 0.3729032 0.1417744 0.4030972 0.1425958 0.4026579 0.1552488 0.196784 0.225299 0.1982426 0.2398089 0.1680405 0.2437701 0.4663218 0.08561044 0.4663099 0.07036626 0.497622 0.0700193 0.5614743 0.4379593 0.5321188 0.4141141 0.5473874 0.3905788 0.5773809 0.5861841 0.5883495 0.593356 0.572777 0.6102098 0.576705 0.317299 0.5421574 0.3074457 0.5440474 0.3004695 0.2556275 0.4623656 0.2492315 0.4441835 0.2648611 0.4391682 0.4006944 0.1945165 0.3997455 0.2096235 0.3704366 0.2080225 0.5993659 0.549561 0.5975316 0.5723419 0.5848368 0.5691373 0.4615679 0.3512091 0.488386 0.3615049 0.4789487 0.3821563 0.1915937 0.1101682 0.1916178 0.1143724 0.1603338 0.1144917 0.06678324 0.2422627 0.06976985 0.2594382 0.03359162 0.266386 0.3416439 0.2071666 0.3420192 0.19217 0.3712097 0.1929206 0.09551084 0.1752305 0.09525305 0.1706835 0.1290187 0.1689434 0.3303829 0.4345209 0.3467143 0.4367229 0.3434573 0.4562846 0.06092739 0.1907681 0.06126838 0.1949743 0.02477473 0.1983084 0.5288676 0.1772651 0.4956615 0.1749856 0.495956 0.1705892 0.5562091 0.243463 0.592069 0.2496861 0.5887409 0.2674746 0.0594384 0.1643814 0.05927836 0.1604974 0.09476029 0.1592508 0.527793 0.1899077 0.5624067 0.1928437 0.5620346 0.1969442 0.5378298 0.321966 0.5416028 0.309404 0.5760989 0.3193816 0.3389477 0.2856279 0.3128424 0.2850983 0.312838 0.2827668 0.3129612 0.2164081 0.3414348 0.2167978 0.3413515 0.219967 0.5097424 0.2985799 0.4790887 0.2909388 0.4804784 0.2846513 0.09551084 0.1752305 0.09626883 0.1881211 0.06092739 0.1907681 0.312897 0.2997146 0.3128919 0.2984306 0.3383904 0.2989033 0.05912792 0.1253865 0.05947941 0.1121226 0.09466964 0.1135213 0.1180467 0.3159798 0.1186056 0.3179122 0.08579236 0.3276556 0.2198355 0.3562397 0.2434177 0.3505023 0.2499324 0.3795024 0.3130638 0.1094535 0.3130515 0.1135389 0.2829328 0.1135111 0.3663668 0.2731824 0.3395327 0.2715997 0.3397365 0.2661811 0.4261605 0.2454051 0.4558361 0.2491882 0.4554474 0.2517428 0.5181844 0.2601169 0.5176486 0.2629062 0.4858255 0.2569862 0.3129502 0.219588 0.3130035 0.2335044 0.2848868 0.2335916 0.5690458 0.5520992 0.5658348 0.5396838 0.5817825 0.5326979 0.1377261 0.253937 0.1688548 0.2493472 0.1692429 0.2519462 0.5237847 0.5169835 0.5209841 0.4998282 0.5394815 0.4998272 0.5540724 0.5860435 0.5627182 0.5765863 0.5773809 0.5861841 0.3128206 0.3254218 0.3369633 0.3259525 0.3359398 0.3443226 0.1720681 0.2701265 0.201404 0.265261 0.2023409 0.2715597 0.339473 0.2731538 0.3662369 0.2747656 0.3654125 0.2848953 0.2226462 0.1293365 0.2225829 0.1252647 0.2529497 0.1248815 0.08874946 0.3370265 0.1212782 0.3266895 0.1229643 0.3319929 0.1301311 0.3512595 0.158716 0.3407936 0.163051 0.3530696 0.3739248 0.02198207 0.4052568 0.02233237 0.4049559 0.03388434 0.5034834 0.505827 0.5209841 0.4998282 0.5237847 0.5169835 0.3898745 0.3038563 0.4162327 0.3083706 0.4159748 0.3096989 0.1212782 0.3266895 0.1515508 0.3175324 0.153016 0.3226819 0.3766559 0.3788609 0.3554005 0.3756706 0.3590548 0.3463919 0.207908 0.3039706 0.1802918 0.3101147 0.1799075 0.3085163 0.4356792 0.03480499 0.4357994 0.02391141 0.4660305 0.02308815 0.1332506 0.02024555 0.1630921 0.02247798 0.162696 0.0334025 0.4250774 0.2540031 0.3963376 0.2507427 0.3969327 0.2447396 0.4847031 0.2633206 0.4858255 0.2569862 0.5176486 0.2629062 0.2572177 0.2484496 0.2289051 0.250731 0.2283341 0.2447093 0.5181844 0.2601169 0.5517967 0.2666561 0.5512053 0.2695899 0.5049401 0.3961454 0.5168422 0.3747137 0.5473874 0.3905788 0.5227445 0.2342594 0.5221803 0.2379568 0.4896532 0.2331328 0.148797 0.3074093 0.1780397 0.3002601 0.1784254 0.3020071 0.1680405 0.2437701 0.1982426 0.2398089 0.1988936 0.2452186 0.07339185 0.02391701 0.1024876 0.02896451 0.09966284 0.05053198 0.3736736 0.08464598 0.3736265 0.1020739 0.3433465 0.1017266 0.497825 0.1121853 0.4659224 0.1118268 0.4659619 0.1055025 0.4643015 0.1615988 0.4330838 0.1599604 0.4332458 0.1566132 0.06797969 0.04533374 0.03408402 0.03552317 0.04495507 0.01356726 0.1821777 0.3178497 0.209429 0.3116368 0.2123565 0.3256714 0.3735957 0.103941 0.4040653 0.1045585 0.403967 0.1106761 0.1634659 0.1983245 0.1945194 0.1960198 0.1955165 0.2115938 0.3432647 0.05580335 0.3431828 0.03395277 0.3738548 0.03323495 0.1604019 0.1018105 0.1283437 0.1013226 0.1290287 0.0829842 0.05069822 0.3385005 0.08579236 0.3276556 0.08814018 0.3350983 0.2528294 0.08450347 0.2829744 0.08443427 0.2828252 0.1016353 0.2227597 0.1376659 0.1919511 0.1384283 0.1918399 0.129901 0.1324558 0.03131765 0.162696 0.0334025 0.1617861 0.05474048 0.2224715 0.03422188 0.2526288 0.03442335 0.2527819 0.05599206 0.1617861 0.05474048 0.162696 0.0334025 0.1925975 0.0337156 0.1915937 0.1101682 0.1603484 0.1100789 0.1603795 0.1037541 0.4388568 0.3312686 0.4657574 0.3391767 0.4615679 0.3512091 0.4979357 0.08554869 0.5302206 0.08480256 0.5305924 0.1033883 0.5285382 0.05460971 0.5269274 0.03263783 0.5571604 0.02995204 0.4338831 0.1393445 0.4651221 0.1405191 0.4649609 0.1448886 0.3130431 0.1034049 0.313046 0.1014843 0.3433465 0.1017266 0.5849155 0.2849099 0.5866874 0.2771321 0.6234117 0.2851374 0.1701886 0.2581741 0.1692429 0.2519462 0.1991947 0.2477143 0.05984431 0.172514 0.0594384 0.1643814 0.09490507 0.1630029 0.2828252 0.1016353 0.2829744 0.08443427 0.3130528 0.08438992 0.4662812 0.05636835 0.4355216 0.0561884 0.4356792 0.03480499 0.2065061 0.2964937 0.1784254 0.3020071 0.1780397 0.3002601 0.5976991 0.2093957 0.597226 0.2138267 0.5607464 0.2095394 0.1603795 0.1037541 0.1604019 0.1018105 0.1915819 0.1021174 0.2236391 0.1687186 0.2234825 0.1646263 0.2536239 0.163737 0.3971543 0.2423053 0.3976418 0.2368605 0.4268081 0.2400878 0.1955165 0.2115938 0.2255511 0.2093792 0.2257752 0.2126596 0.192007 0.06944072 0.1921956 0.05572539 0.2225164 0.05589032 0.4972232 0.1416578 0.5304484 0.1427415 0.5303102 0.1475023 0.418832 0.2942954 0.4465742 0.2997508 0.4462029 0.3014576 0.2837803 0.1885215 0.3129233 0.188394 0.3129112 0.1918076 0.5487135 0.5210704 0.5365837 0.5169563 0.5394815 0.4998272 0.3430744 0.1249049 0.3430294 0.1287433 0.3130341 0.1285716 0.3130515 0.1135389 0.3130638 0.1094535 0.343303 0.1096554 0.5188429 0.4869681 0.5416225 0.4869681 0.5394815 0.4998272 0.3405049 0.247216 0.3406975 0.2413899 0.3685584 0.242462 0.1290287 0.0829842 0.1283437 0.1013226 0.09520554 0.1000652 0.5262405 0.2056447 0.4933787 0.2022461 0.4937439 0.1984638 0.5307455 0.1121668 0.5649707 0.1115143 0.5650994 0.1162657 0.1290287 0.0829842 0.1299655 0.06747394 0.1612809 0.06862974 0.207908 0.3039706 0.2348163 0.2997015 0.2355127 0.3043441 0.3726004 0.1543536 0.3428364 0.1536328 0.3429154 0.1411147 0.4429247 0.3154968 0.4159748 0.3096989 0.4162327 0.3083706 0.6394042 0.1665431 0.6009269 0.1647433 0.6014107 0.1492115 0.313046 0.1014843 0.3130528 0.08438992 0.3432366 0.08443468 0.2247807 0.1941094 0.2545213 0.1927742 0.2549322 0.2077309 0.5296462 0.1652976 0.5298376 0.1616179 0.5644569 0.163274 0.4601581 0.2152976 0.4597862 0.2187091 0.4293727 0.2155533 0.4342705 0.1268073 0.4035532 0.1260416 0.4038711 0.11482 0.2829117 0.05597692 0.3130262 0.05574238 0.3130421 0.06941527 0.4348183 0.1031645 0.4040998 0.1026796 0.404383 0.08511435 0.4045803 0.06987875 0.3737909 0.0697602 0.3738626 0.05584758 0.1930156 0.1700065 0.192839 0.1660329 0.2234825 0.1646263 0.3702999 0.2112386 0.3704366 0.2080225 0.3997455 0.2096235 0.1312269 0.2011702 0.1329746 0.2180957 0.09952062 0.2216546 0.3130159 0.1670564 0.3130064 0.1780812 0.2836701 0.1781034 0.02296561 0.1744635 0.05984431 0.172514 0.0601204 0.1773421 0.4287201 0.2223899 0.4589292 0.2257422 0.458534 0.2290483 0.5262405 0.2056447 0.5243161 0.222929 0.4915561 0.218803 0.5568435 0.2395741 0.5562091 0.243463 0.5221803 0.2379568 0.2874307 0.3017299 0.2873647 0.3004262 0.312897 0.2997146 0.2836701 0.1781034 0.2837138 0.1815847 0.2541967 0.1822033 0.1930156 0.1700065 0.193628 0.1815975 0.1623988 0.1835076 0.09952062 0.2216546 0.1329746 0.2180957 0.1333688 0.2215831 0.4966003 0.1598513 0.5298376 0.1616179 0.5296462 0.1652976 0.0918886 0.3464157 0.09131026 0.3447101 0.1234734 0.3335396 0.6390177 0.1084479 0.6396464 0.1137889 0.6012294 0.1151112 0.1534405 0.3241359 0.1818228 0.3164315 0.1821777 0.3178497 0.2866603 0.285789 0.2603028 0.2875387 0.2600941 0.2851535 0.3894926 0.3064903 0.3896858 0.30516 0.4159748 0.3096989 0.1650806 0.2180464 0.1333688 0.2215831 0.1329746 0.2180957 0.3400417 0.2579562 0.3405049 0.247216 0.3681736 0.2484059 0.5288676 0.1772651 0.5634595 0.1795555 0.5624067 0.1928437 0.4616833 0.1993587 0.4933787 0.2022461 0.4915561 0.218803 0.05663371 0.3579557 0.05607169 0.3561329 0.09131026 0.3447101 0.3995192 0.2128969 0.3997455 0.2096235 0.4296946 0.2121127 0.5302206 0.08480256 0.5635231 0.08287435 0.5646635 0.1023664 0.285249 0.2469699 0.2850703 0.241091 0.3129789 0.240785 0.4022139 0.1652304 0.4025326 0.1585361 0.4330838 0.1599604 0.5557864 0.01920336 0.5571604 0.02995204 0.5269274 0.03263783 0.4829922 0.5860005 0.4955314 0.5997136 0.487465 0.6100205 0.4993619 0.3334633 0.529955 0.3445819 0.5230323 0.3611387 0.02161687 0.140191 0.05902481 0.1402285 0.059062 0.1453992 0.0963754 0.08095234 0.09520554 0.1000652 0.06028681 0.09760558 0.3433282 0.1035884 0.3433465 0.1017266 0.3736265 0.1020739 0.06220263 0.0773459 0.06028681 0.09760558 0.02267062 0.09529972 0.2223233 0.1099953 0.1915937 0.1101682 0.1915798 0.103958 0.3738548 0.03323495 0.4049559 0.03388434 0.4047681 0.05596846 0.3130431 0.1034049 0.2828335 0.1034892 0.2828252 0.1016353 0.252733 0.101742 0.2828252 0.1016353 0.2828335 0.1034892 0.160851 0.08385866 0.1918703 0.08448302 0.1915819 0.1021174 0.6278379 0.03663438 0.5927165 0.04656553 0.5872206 0.02451068 0.1614401 0.1674351 0.192839 0.1660329 0.1930156 0.1700065 0.3735957 0.103941 0.3736265 0.1020739 0.4040998 0.1026796 0.0601415 0.09978765 0.02277445 0.09756898 0.02267062 0.09529972 0.4662812 0.05636835 0.4662117 0.03441077 0.4966868 0.03360146 0.4541832 0.4861168 0.44137 0.4734149 0.4836325 0.4267847 0.3426554 0.163453 0.3427878 0.1568639 0.372515 0.1576003 0.1925975 0.0337156 0.2224715 0.03422188 0.2225164 0.05589032 0.0216149 0.1297175 0.05903828 0.13019 0.05902481 0.1402285 0.5168422 0.3747137 0.488386 0.3615049 0.4935458 0.3490684 0.6005701 0.100349 0.6388837 0.09829658 0.6387496 0.1007441 0.5602197 0.05183738 0.5571604 0.02995204 0.5872206 0.02451068 0.4049559 0.03388434 0.4356792 0.03480499 0.4355216 0.0561884 0.2224742 0.08458799 0.2528294 0.08450347 0.252733 0.101742 0.2829117 0.05597692 0.2827277 0.03457087 0.3128598 0.03473162 0.2223045 0.1019343 0.222316 0.1038748 0.1915798 0.103958 0.3736736 0.08464598 0.404383 0.08511435 0.4040998 0.1026796 0.06452912 0.2262057 0.09952062 0.2216546 0.09999293 0.2255483 0.3128206 0.3254218 0.312895 0.3436002 0.2898641 0.3446654 0.3386564 0.2930514 0.3128736 0.2924549 0.3128461 0.2866802 0.3611624 0.3279199 0.3855894 0.3312985 0.3822982 0.3501146 0.2644439 0.3283186 0.2886814 0.3260801 0.2898641 0.3446654 0.4429247 0.3154968 0.4707418 0.322994 0.4703206 0.324443 0.4978052 0.1057185 0.5306352 0.1055076 0.5307455 0.1121668 0.3129634 0.2464652 0.3405049 0.247216 0.3400417 0.2579562 0.4049559 0.03388434 0.4052568 0.02233237 0.4357994 0.02391141 0.2062051 0.2948036 0.2057704 0.2923324 0.2332088 0.2880052 0.2540894 0.178779 0.2537209 0.1676726 0.2834377 0.1671093 0.3128511 0.2633081 0.3128435 0.2655596 0.285868 0.2660983 0.2829111 0.1095411 0.2527828 0.1095975 0.2527434 0.1035398 0.5927803 0.2455145 0.6306384 0.2518417 0.6302988 0.2560708 0.4654092 0.1318256 0.4974323 0.1328045 0.4972232 0.1416578 0.3766559 0.3788609 0.3822982 0.3501146 0.405764 0.3553611 0.3944798 0.2680006 0.3951637 0.2617182 0.4234288 0.2651712 0.5137003 0.2823342 0.48242 0.2754036 0.4847031 0.2633206 0.06092739 0.1907681 0.02401167 0.1939703 0.02285343 0.1795242 0.3426554 0.163453 0.3722913 0.1642328 0.3721767 0.1680483 0.1917781 0.1258424 0.2225829 0.1252647 0.2226462 0.1293365 0.196784 0.225299 0.1964478 0.2218521 0.2262556 0.2193961 0.3130341 0.1285716 0.3430294 0.1287433 0.3429707 0.1369843 0.435225 0.08542644 0.4663218 0.08561044 0.4659811 0.1035655 0.4970511 0.1463323 0.4649609 0.1448886 0.4651221 0.1405191 0.5562091 0.243463 0.5568435 0.2395741 0.5927803 0.2455145 0.06452912 0.2262057 0.06247538 0.2078101 0.09764909 0.2042546 0.5175333 0.5921046 0.5301641 0.5942981 0.530125 0.6116446 0.4993619 0.3334633 0.4703206 0.324443 0.4707418 0.322994 0.592069 0.2496861 0.6302988 0.2560708 0.6262807 0.2755702 0.4268081 0.2400878 0.4283838 0.2257069 0.458534 0.2290483 0.3964792 0.4459964 0.3802546 0.4400646 0.3980002 0.384419 0.3405049 0.247216 0.3129634 0.2464652 0.3129789 0.240785 0.3942205 0.2702935 0.3935312 0.2760281 0.3663668 0.2731824 0.14501 0.2914784 0.1135351 0.2991482 0.111841 0.2921763 0.3732182 0.1253226 0.4035532 0.1260416 0.4034476 0.1300144 0.4872211 0.2486385 0.4566026 0.243916 0.458534 0.2290483 0.1212782 0.3266895 0.1207315 0.3249099 0.1510812 0.3158531 0.5651259 0.1338092 0.5651291 0.1292064 0.6014456 0.128851 0.4654092 0.1318256 0.4655217 0.1277905 0.4975243 0.1284751 0.3662369 0.2747656 0.3933353 0.2776354 0.3920595 0.2879177 0.5221803 0.2379568 0.5562091 0.243463 0.5530529 0.2603694 0.08014851 0.307596 0.1135351 0.2991482 0.114012 0.3010645 0.495956 0.1705892 0.4956615 0.1749856 0.4636554 0.1727844 0.4786832 0.2926772 0.4790887 0.2909388 0.5097424 0.2985799 0.4896532 0.2331328 0.5221803 0.2379568 0.5193045 0.2539172 0.1279169 0.1263301 0.1280938 0.1143177 0.1603338 0.1144917 0.2830038 0.1246812 0.313044 0.1245816 0.3130341 0.1285716 0.06621825 0.2383733 0.1010597 0.2333036 0.1016088 0.2371807 0.2830038 0.1246812 0.2529497 0.1248815 0.2528185 0.1138116 0.4035532 0.1260416 0.4342705 0.1268073 0.4341543 0.1309319 0.2434177 0.3505023 0.2398955 0.3319768 0.2644439 0.3283186 0.5306512 0.1291308 0.5305958 0.1335241 0.4974323 0.1328045 0.02133208 0.1248259 0.05912792 0.1253865 0.05903828 0.13019 0.3395327 0.2715997 0.3663668 0.2731824 0.3662369 0.2747656 0.3663668 0.2731824 0.3935312 0.2760281 0.3933353 0.2776354 0.4327132 0.1667706 0.4324787 0.1708223 0.4020332 0.1691954 0.6014645 0.133659 0.6014456 0.128851 0.6399355 0.1285899 0.2861546 0.2734673 0.3128748 0.272736 0.312838 0.2827668 0.049003 0.3331682 0.04522913 0.318876 0.08066362 0.3095865 0.1991947 0.2477143 0.1692429 0.2519462 0.1688548 0.2493472 0.3389477 0.2856279 0.3390462 0.2832745 0.3654125 0.2848953 0.117249 0.3131453 0.1481091 0.3047299 0.148797 0.3074093 0.3652088 0.2872473 0.3654125 0.2848953 0.3920595 0.2879177 0.4752802 0.3065254 0.4465742 0.2997508 0.4471184 0.2972285 0.4261605 0.2454051 0.4268081 0.2400878 0.4566026 0.243916 0.3920595 0.2879177 0.3933353 0.2776354 0.4209736 0.2814762 0.3430294 0.1287433 0.3430744 0.1249049 0.3732182 0.1253226 0.419256 0.2918434 0.4209736 0.2814762 0.4493885 0.2863676 0.3128206 0.3254218 0.2886814 0.3260801 0.2880966 0.3151424 0.117249 0.3131453 0.114012 0.3010645 0.1454233 0.293252 0.2526288 0.03442335 0.2528106 0.02347129 0.2828909 0.02364176 0.03359162 0.266386 0.06976985 0.2594382 0.07093679 0.2657492 0.4759528 0.3039075 0.5060576 0.3122137 0.5052469 0.314964 0.2866603 0.285789 0.2865551 0.2834439 0.312838 0.2827668 0.5060576 0.3122137 0.5378298 0.321966 0.536907 0.3248874 0.2609657 0.295042 0.2346065 0.2981924 0.2337552 0.292067 0.3413515 0.219967 0.3414348 0.2167978 0.3700407 0.2178785 0.1186056 0.3179122 0.1180467 0.3159798 0.148797 0.3074093 0.3388825 0.2872259 0.3389477 0.2856279 0.3652088 0.2872473 0.09902793 0.3641223 0.06317788 0.3800429 0.05663371 0.3579557 0.08517307 0.3256095 0.08579236 0.3276556 0.05069822 0.3385005 0.4316173 0.1858043 0.4013056 0.1838608 0.4014872 0.1804004 0.1016088 0.2371807 0.134761 0.2325266 0.1368409 0.2483611 0.2867349 0.2874001 0.2866603 0.285789 0.3128424 0.2850983 0.4748171 0.3083099 0.4730839 0.3147387 0.4447773 0.3076893 0.53626 0.326882 0.536907 0.3248874 0.5708628 0.335954 0.02177059 0.1101918 0.02243053 0.105174 0.05972081 0.1071295 0.09443491 0.1261914 0.1279169 0.1263301 0.1279268 0.1306092 0.4308152 0.19663 0.4296946 0.2121127 0.3997455 0.2096235 0.3130237 0.1631609 0.3130683 0.1565868 0.3427878 0.1568639 0.5795536 0.3070116 0.5447946 0.2976684 0.5466655 0.2902194 0.4030972 0.1425958 0.4032355 0.1383206 0.4338831 0.1393445 0.1918703 0.08448302 0.2224742 0.08458799 0.2223045 0.1019343 0.5181844 0.2601169 0.5193045 0.2539172 0.5530529 0.2603694 0.4792932 0.5083284 0.4888705 0.5171707 0.4787223 0.532635 0.5118578 0.6085753 0.530125 0.6116446 0.530098 0.6247106 0.5817825 0.5326979 0.5716243 0.5171703 0.5812243 0.5083132 0.4756035 0.5689948 0.4829922 0.5860005 0.4720149 0.5931181 0.06207758 0.2036421 0.06247538 0.2078101 0.02573031 0.2113208 0.5650485 0.1434787 0.5304484 0.1427415 0.5305958 0.1335241 0.1938371 0.1851484 0.2242739 0.1834474 0.2245928 0.1905923 0.2850703 0.241091 0.2568299 0.2422739 0.2566732 0.2398591 0.5487135 0.5210704 0.5569725 0.5058264 0.5716243 0.5171703 0.4977876 0.1165732 0.497825 0.1121853 0.5307455 0.1121668 0.5428073 0.5921623 0.5540724 0.5860435 0.5647457 0.5998511 0.5674514 0.3459885 0.5338638 0.3338837 0.53626 0.326882 0.1283437 0.1013226 0.128288 0.1033894 0.0950939 0.1021537 0.1024876 0.02896451 0.103821 0.01842278 0.1332506 0.02024555 0.4810354 0.282127 0.4512945 0.2761656 0.4524074 0.2699076 0.2526288 0.03442335 0.2827277 0.03457087 0.2829117 0.05597692 0.5097424 0.2985799 0.5421574 0.3074457 0.5416028 0.309404 0.3128736 0.2924549 0.2869974 0.2929908 0.2867349 0.2874001 0.1057571 0.262521 0.1381766 0.2566608 0.1393393 0.2633597 0.2225164 0.05589032 0.2527819 0.05599206 0.2527452 0.06964898 0.3129908 0.1814585 0.3130064 0.1780812 0.3423262 0.1783952 0.3432647 0.05580335 0.3130262 0.05574238 0.3128598 0.03473162 0.5332214 0.3357164 0.5338638 0.3338837 0.5674514 0.3459885 0.0972523 0.2001293 0.130886 0.1973053 0.1312269 0.2011702 0.5020263 0.3253411 0.4726349 0.3163731 0.4730839 0.3147387 0.6009269 0.1647433 0.6394042 0.1665431 0.6388771 0.1708107 0.3935312 0.2760281 0.4212317 0.2798162 0.4209736 0.2814762 0.2543921 0.1892209 0.2837803 0.1885215 0.2838351 0.191942 0.1920487 0.1427187 0.1919511 0.1384283 0.2227597 0.1376659 0.3898745 0.3038563 0.3905431 0.2992171 0.4171379 0.3036772 0.53116 0.3413709 0.5332214 0.3357164 0.5667309 0.3479831 0.3432647 0.05580335 0.3738626 0.05584758 0.3737909 0.0697602 0.4619994 0.1956956 0.4937439 0.1984638 0.4933787 0.2022461 0.3971543 0.2423053 0.3687025 0.2400444 0.3689873 0.2350893 0.3130262 0.05574238 0.3432647 0.05580335 0.343297 0.06946396 0.3689873 0.2350893 0.3698854 0.221082 0.3988127 0.2228683 0.5421574 0.3074457 0.5097424 0.2985799 0.5114001 0.2920016 0.05927836 0.1604974 0.0594384 0.1643814 0.02252769 0.1661812 0.1286698 0.1616321 0.1285297 0.1580455 0.1610189 0.1568928 0.6358607 0.2130423 0.6357705 0.2177276 0.597226 0.2138267 0.3386564 0.2930514 0.3388825 0.2872259 0.365065 0.2888671 0.3407683 0.2390466 0.3406975 0.2413899 0.3129789 0.240785 0.3129233 0.188394 0.342086 0.1887465 0.3420192 0.19217 0.05927836 0.1604974 0.02202677 0.162056 0.0213173 0.1456483 0.09804219 0.06489139 0.1299655 0.06747394 0.1290287 0.0829842 0.3383904 0.2989033 0.3385885 0.2945241 0.3644084 0.2963281 0.4026579 0.1552488 0.4332458 0.1566132 0.4330838 0.1599604 0.201404 0.265261 0.2300454 0.261768 0.2307372 0.2679477 0.4432557 0.3141286 0.4444198 0.3092666 0.4726349 0.3163731 0.2265017 0.2226644 0.2262556 0.2193961 0.2554095 0.2176135 0.4644781 0.1581593 0.4966003 0.1598513 0.4964122 0.1633893 0.261543 0.3009687 0.2873016 0.2991472 0.2873647 0.3004262 0.02897733 0.2352571 0.02798902 0.2311501 0.06452912 0.2262057 0.2091526 0.3102681 0.2088828 0.3089115 0.2355127 0.3043441 0.488386 0.3615049 0.5168422 0.3747137 0.5049401 0.3961454 0.5003672 0.3304642 0.53116 0.3413709 0.5305662 0.3429619 0.1234734 0.3335396 0.1534405 0.3241359 0.1538788 0.3256168 0.4250774 0.2540031 0.4544373 0.2582845 0.4524074 0.2699076 0.53116 0.3413709 0.5644078 0.3541653 0.5637519 0.3558892 0.1945194 0.1960198 0.2247807 0.1941094 0.2255511 0.2093792 0.1538788 0.3256168 0.1821777 0.3178497 0.1860013 0.3323869 0.2549322 0.2077309 0.2550833 0.2109591 0.2257752 0.2126596 0.5137003 0.2823342 0.5162687 0.269744 0.5496305 0.27685 0.09902793 0.3641223 0.1057556 0.3784666 0.07210868 0.3968229 0.2234825 0.1646263 0.192839 0.1660329 0.192559 0.1591647 0.1016088 0.2371807 0.1041955 0.2534307 0.06976985 0.2594382 0.3637254 0.3034426 0.3382687 0.3014777 0.3383307 0.3001785 0.5941809 0.2369451 0.5581104 0.2315471 0.5586631 0.2276499 0.597226 0.2138267 0.5947991 0.2327855 0.5586631 0.2276499 0.2842524 0.2165871 0.3129612 0.2164081 0.3129502 0.219588 0.5816284 0.2990107 0.5849155 0.2849099 0.622452 0.2934662 0.1774805 0.2976949 0.1751529 0.2866669 0.2039273 0.2817358 0.4756035 0.5689948 0.4925016 0.5648155 0.4976364 0.5765354 0.4225208 0.2713987 0.4234288 0.2651712 0.4524074 0.2699076 0.2850005 0.2387055 0.2848868 0.2335916 0.3130035 0.2335044 0.4915561 0.218803 0.5243161 0.222929 0.5238174 0.2266375 0.2076153 0.3024261 0.2065061 0.2964937 0.2337552 0.292067 0.3623365 0.3169425 0.3874636 0.3201063 0.3855894 0.3312985 0.4283838 0.2257069 0.4268081 0.2400878 0.3976418 0.2368605 0.410339 0.3361941 0.4355511 0.3428327 0.4296317 0.3620748 0.2281044 0.2422493 0.2276282 0.2367957 0.2563793 0.2346577 0.312847 0.3144311 0.33754 0.31492 0.3369633 0.3259525 0.4662117 0.03441077 0.4660305 0.02308815 0.4964303 0.02292323 0.1958206 0.3634383 0.1894201 0.3442075 0.2149547 0.3370844 0.5243161 0.222929 0.5262405 0.2056447 0.5607464 0.2095394 0.5947991 0.2327855 0.6332263 0.2387274 0.632106 0.2430503 0.1648221 0.4154616 0.1459094 0.385666 0.1712993 0.3731794 0.4347906 0.1050044 0.4659619 0.1055025 0.4659224 0.1118268 0.529955 0.3445819 0.5630766 0.3576492 0.5549573 0.3758302 0.2802509 0.4312333 0.263603 0.4343384 0.2499324 0.3795024 0.2434177 0.3505023 0.2198355 0.3562397 0.2149547 0.3370844 0.1999722 0.2539074 0.2289051 0.250731 0.2300454 0.261768 0.2828335 0.1034892 0.3130431 0.1034049 0.3130638 0.1094535 0.114012 0.3010645 0.1135351 0.2991482 0.14501 0.2914784 0.5812243 0.5083132 0.5716243 0.5171703 0.5569725 0.5058264 0.5003672 0.3304642 0.4998732 0.3319441 0.4707418 0.322994 0.3935312 0.2760281 0.3942205 0.2702935 0.4221748 0.2737626 0.2590873 0.2733039 0.2860916 0.2718778 0.2861546 0.2734673 0.5708628 0.335954 0.536907 0.3248874 0.5378298 0.321966 0.2584927 0.2654919 0.2586647 0.2677958 0.2309975 0.2702699 0.462172 0.4127172 0.4789487 0.3821563 0.5049401 0.3961454 0.2499324 0.3795024 0.2434177 0.3505023 0.2667393 0.3468078 0.1748159 0.2849467 0.1736831 0.2789932 0.2026951 0.2739442 0.4308152 0.19663 0.4006944 0.1945165 0.4009121 0.1909331 0.3433282 0.1035884 0.3735957 0.103941 0.3735263 0.1100227 0.1290187 0.1689434 0.1614401 0.1674351 0.1616452 0.1716274 0.3395327 0.2715997 0.3128672 0.2711687 0.3128435 0.2655596 0.3140338 0.4286304 0.2970421 0.4290102 0.2922124 0.3733088 0.09626883 0.1881211 0.09551084 0.1752305 0.1292514 0.1732944 0.5642704 0.1671295 0.5644569 0.163274 0.6009269 0.1647433 0.07770276 0.2976506 0.04284 0.3060076 0.04012668 0.2984403 0.3639749 0.3008632 0.3898745 0.3038563 0.3896858 0.30516 0.4970511 0.1463323 0.4966003 0.1598513 0.4644781 0.1581593 0.4379683 0.477425 0.4502097 0.489611 0.4354391 0.5038856 0.3413515 0.219967 0.3409267 0.233778 0.3130035 0.2335044 0.2590873 0.2733039 0.2317048 0.2760641 0.2309975 0.2702699 0.3802546 0.4400646 0.3640303 0.4354383 0.3766559 0.3788609 0.2228574 0.1419562 0.2531677 0.1413359 0.2533851 0.1538393 0.3689873 0.2350893 0.3409267 0.233778 0.3413515 0.219967 0.4346318 0.1154122 0.4347186 0.1112139 0.4659224 0.1118268 0.5581104 0.2315471 0.5238174 0.2266375 0.5243161 0.222929 0.3726004 0.1543536 0.4026579 0.1552488 0.4025326 0.1585361 0.08427685 0.3225777 0.08066362 0.3095865 0.114012 0.3010645 0.1300047 0.1856504 0.1623988 0.1835076 0.1626383 0.187168 0.2618058 0.3035693 0.2874307 0.3017299 0.2880966 0.3151424 0.2590873 0.2733039 0.2592112 0.2748833 0.2319059 0.277704 0.4341543 0.1309319 0.4342705 0.1268073 0.4655217 0.1277905 0.2036653 0.2800722 0.2317048 0.2760641 0.2319059 0.277704 0.4651221 0.1405191 0.4338831 0.1393445 0.4341543 0.1309319 0.09466964 0.1135213 0.05947941 0.1121226 0.05972081 0.1071295 0.5060576 0.3122137 0.5092547 0.3004243 0.5416028 0.309404 0.2241063 0.179969 0.2236391 0.1687186 0.2537209 0.1676726 0.0972523 0.2001293 0.09764909 0.2042546 0.06247538 0.2078101 0.06092739 0.1907681 0.09626883 0.1881211 0.09657222 0.1919838 0.6002563 0.1772078 0.6383746 0.1793721 0.6384937 0.1843897 0.3717237 0.1792007 0.4014872 0.1804004 0.4013056 0.1838608 0.4872211 0.2486385 0.5193045 0.2539172 0.5181844 0.2601169 0.5985274 0.2004166 0.5620346 0.1969442 0.5624067 0.1928437 0.4759528 0.3039075 0.4471184 0.2972285 0.4493885 0.2863676 0.4318576 0.1822712 0.4628711 0.1845535 0.4625907 0.188274 0.07299697 0.2762895 0.07591551 0.2898731 0.04012668 0.2984403 0.1917781 0.1258424 0.1603235 0.1262186 0.1603338 0.1144917 0.2566732 0.2398591 0.2563793 0.2346577 0.2848868 0.2335916 0.2850005 0.2387055 0.3129829 0.2384086 0.3129789 0.240785 0.4119386 0.4539257 0.3964792 0.4459964 0.4193993 0.3917459 0.3915327 0.2919525 0.4185395 0.2959609 0.4174233 0.3021455 0.05903828 0.13019 0.09439712 0.1305753 0.09445083 0.1400304 0.571894 0.3328183 0.6084994 0.3448748 0.6074046 0.3481771 0.5569725 0.5058264 0.5394815 0.4998272 0.5416225 0.4869681 0.570159 0.3380742 0.5708628 0.335954 0.6074046 0.3481771 0.4976364 0.5765354 0.5063174 0.5859313 0.4955314 0.5997136 0.4966868 0.03360146 0.5269274 0.03263783 0.5285382 0.05460971 0.1368409 0.2483611 0.1680405 0.2437701 0.1688548 0.2493472 0.5034834 0.505827 0.5116897 0.5211514 0.5015994 0.5290105 0.5301641 0.5942981 0.5428073 0.5921623 0.5484007 0.6086499 0.6010315 0.1101471 0.5649707 0.1115143 0.5647567 0.1045109 0.5634595 0.1795555 0.5999448 0.1822034 0.5989094 0.1960361 0.5773809 0.5861841 0.5848368 0.5691373 0.5975316 0.5723419 0.4741372 0.5505424 0.4756035 0.5689948 0.4629314 0.5721524 0.4955314 0.5997136 0.5118578 0.6085753 0.5075892 0.6209354 0.02296561 0.1744635 0.02252769 0.1661812 0.0594384 0.1643814 0.162696 0.0334025 0.1630921 0.02247798 0.1927551 0.02320086 0.04495507 0.01356726 0.05025297 0.004240155 0.07605785 0.01394772 0.1302843 0.1894583 0.130886 0.1973053 0.0972523 0.2001293 0.2572177 0.2484496 0.2568299 0.2422739 0.2850703 0.241091 0.5571604 0.02995204 0.5557864 0.01920336 0.5843777 0.01394319 0.5843777 0.01394319 0.6112873 0.004240155 0.6167001 0.01388502 0.196784 0.225299 0.2265017 0.2226644 0.2276282 0.2367957 0.1701886 0.2581741 0.1999722 0.2539074 0.201404 0.265261 0.6240494 0.2819824 0.5873523 0.2740101 0.5887409 0.2674746 0.572777 0.6102098 0.5526123 0.6210281 0.5484007 0.6086499 0.3128731 0.2939144 0.3128736 0.2924549 0.3386564 0.2930514 0.2348163 0.2997015 0.207908 0.3039706 0.2076153 0.3024261 0.3969327 0.2447396 0.3685584 0.242462 0.3687025 0.2400444 0.2833085 0.1534505 0.283119 0.1409551 0.3130117 0.1409402 0.2870705 0.2944661 0.2869974 0.2929908 0.3128736 0.2924549 0.5667309 0.3479831 0.5674514 0.3459885 0.6029718 0.3585563 0.3386564 0.2930514 0.3645391 0.2948535 0.3644084 0.2963281 0.130886 0.1973053 0.1631861 0.19471 0.1634659 0.1983245 0.4658488 0.116108 0.4659224 0.1118268 0.497825 0.1121853 0.1285297 0.1580455 0.1286698 0.1616321 0.09490507 0.1630029 0.1617861 0.05474048 0.1612809 0.06862974 0.1299655 0.06747394 0.530125 0.6116446 0.5484007 0.6086499 0.5526123 0.6210281 0.3855894 0.3312985 0.410339 0.3361941 0.405764 0.3553611 0.4157102 0.3110507 0.4159748 0.3096989 0.4429247 0.3154968 0.5294685 0.06889045 0.5302206 0.08480256 0.4979357 0.08554869 0.4966868 0.03360146 0.4964303 0.02292323 0.5263418 0.02175652 0.103821 0.01842278 0.1024876 0.02896451 0.07339185 0.02391701 0.1604792 0.1390818 0.1919511 0.1384283 0.1920487 0.1427187 0.4355216 0.0561884 0.4662812 0.05636835 0.4663099 0.07036626 0.1894683 0.4746391 0.1781358 0.4875726 0.123717 0.4532986 0.6156041 0.3168369 0.5795536 0.3070116 0.5816284 0.2990107 0.2873016 0.2991472 0.2870705 0.2944661 0.3128731 0.2939144 0.404383 0.08511435 0.3736736 0.08464598 0.3737909 0.0697602 0.08579236 0.3276556 0.1186056 0.3179122 0.1207315 0.3249099 0.343297 0.06946396 0.3432366 0.08443468 0.3130528 0.08438992 0.5003672 0.3304642 0.5020263 0.3253411 0.5332214 0.3357164 0.4038711 0.11482 0.403967 0.1106761 0.4347186 0.1112139 0.2833085 0.1534505 0.2533851 0.1538393 0.2531677 0.1413359 0.5863366 0.5506558 0.5817825 0.5326979 0.5937454 0.5274371 0.2829744 0.08443427 0.2828997 0.0695883 0.3130421 0.06941527 0.253099 0.1370136 0.2830893 0.1367358 0.283119 0.1409551 0.2224742 0.08458799 0.1918703 0.08448302 0.192007 0.06944072 0.2829117 0.05597692 0.2828997 0.0695883 0.2527452 0.06964898 0.09131026 0.3447101 0.05607169 0.3561329 0.05556982 0.3543525 0.2357118 0.3056555 0.2355127 0.3043441 0.261543 0.3009687 0.059062 0.1453992 0.0945006 0.1447879 0.09476029 0.1592508 0.5046798 0.316851 0.5052469 0.314964 0.536907 0.3248874 0.1603235 0.1262186 0.1917781 0.1258424 0.1918399 0.129901 0.4649609 0.1448886 0.4644781 0.1581593 0.4332458 0.1566132 0.09075725 0.3430549 0.05556982 0.3543525 0.0544247 0.3479509 0.6331011 0.05383235 0.6375348 0.07387703 0.5984109 0.07941228 0.3721767 0.1680483 0.4020332 0.1691954 0.4014872 0.1804004 0.3428364 0.1536328 0.3726004 0.1543536 0.372515 0.1576003 0.4993619 0.3334633 0.4998732 0.3319441 0.5305662 0.3429619 0.529955 0.3445819 0.5305662 0.3429619 0.5637519 0.3558892 0.3398186 0.2639356 0.3397365 0.2661811 0.3128435 0.2655596 0.2227597 0.1376659 0.253099 0.1370136 0.2531677 0.1413359 0.3382687 0.3014777 0.3637254 0.3034426 0.3623365 0.3169425 0.3129024 0.3010109 0.3382687 0.3014777 0.33754 0.31492 0.5274488 0.1937978 0.4944856 0.1907674 0.4947934 0.187129 0.5650994 0.1162657 0.6012294 0.1151112 0.6014456 0.128851 0.5304484 0.1427415 0.5650485 0.1434787 0.5649362 0.1484631 0.1301311 0.3512595 0.09902793 0.3641223 0.0918886 0.3464157 0.5941809 0.2369451 0.5927803 0.2455145 0.5568435 0.2395741 0.3132365 0.3725113 0.312895 0.3436002 0.3359398 0.3443226 0.5168422 0.3747137 0.5230323 0.3611387 0.5549573 0.3758302 0.4636554 0.1727844 0.4628711 0.1845535 0.4318576 0.1822712 0.06028681 0.09760558 0.09520554 0.1000652 0.0950939 0.1021537 0.4508401 0.2785995 0.4804784 0.2846513 0.4790887 0.2909388 0.2833958 0.1632087 0.2536239 0.163737 0.2534493 0.1570991 0.4174233 0.3021455 0.4447773 0.3076893 0.4444198 0.3092666 0.1894201 0.3442075 0.163051 0.3530696 0.158716 0.3407936 0.495956 0.1705892 0.463915 0.1686255 0.4643015 0.1615988 0.48242 0.2754036 0.5137003 0.2823342 0.5120574 0.2893577 0.4296317 0.3620748 0.4355511 0.3428327 0.4615679 0.3512091 0.1860013 0.3323869 0.2123565 0.3256714 0.2149547 0.3370844 0.128288 0.1033894 0.1283437 0.1013226 0.1604019 0.1018105 0.04358083 0.3089028 0.04284 0.3060076 0.07770276 0.2976506 0.1112105 0.2894557 0.07770276 0.2976506 0.07591551 0.2898731 0.08874946 0.3370265 0.08814018 0.3350983 0.1207315 0.3249099 0.5649707 0.1115143 0.6010315 0.1101471 0.6012294 0.1151112 0.05972081 0.1071295 0.02243053 0.105174 0.02277445 0.09756898 0.5291636 0.1728094 0.5296462 0.1652976 0.5642704 0.1671295 0.5244575 0.4695032 0.5045323 0.4454798 0.5321188 0.4141141 0.3951637 0.2617182 0.3963376 0.2507427 0.4250774 0.2540031 0.3944798 0.2680006 0.4225208 0.2713987 0.4221748 0.2737626 0.1057556 0.3784666 0.1355103 0.3642255 0.1459094 0.385666 0.5137003 0.2823342 0.5466655 0.2902194 0.5447946 0.2976684 0.3944798 0.2680006 0.3669942 0.2652311 0.367426 0.2593474 0.4129276 0.3249188 0.4157102 0.3110507 0.4425846 0.3168904 0.4296317 0.3620748 0.453987 0.3707591 0.4407712 0.4009091 0.1112105 0.2894557 0.1096292 0.2822708 0.1416675 0.2756828 0.3980002 0.384419 0.405764 0.3553611 0.4296317 0.3620748 0.6390177 0.1084479 0.6010315 0.1101471 0.6006892 0.102582 0.1135351 0.2991482 0.08014851 0.307596 0.07841092 0.3005428 0.4836325 0.4267847 0.5049401 0.3961454 0.5321188 0.4141141 0.0945006 0.1447879 0.1281493 0.1442963 0.1285297 0.1580455 0.2841266 0.2100281 0.2842524 0.2165871 0.2554095 0.2176135 0.2318943 0.4456402 0.2169824 0.453665 0.1861364 0.4027016 0.2026951 0.2739442 0.2309975 0.2702699 0.2317048 0.2760641 0.1930156 0.1700065 0.2236391 0.1687186 0.2241063 0.179969 0.3130064 0.1780812 0.3129908 0.1814585 0.2837138 0.1815847 0.3369633 0.3259525 0.3611624 0.3279199 0.3590548 0.3463919 0.3130006 0.2098288 0.2841266 0.2100281 0.2840651 0.2067207 0.1301311 0.3512595 0.1239996 0.3351149 0.1538788 0.3256168 0.2970421 0.4290102 0.2802509 0.4312333 0.2710934 0.3755404 0.2527828 0.1095975 0.2528185 0.1138116 0.2223573 0.1140203 0.2169824 0.453665 0.2025467 0.4632017 0.1648221 0.4154616 0.3700407 0.2178785 0.3990654 0.2196196 0.3988127 0.2228683 0.5046798 0.316851 0.502569 0.3236268 0.4730839 0.3147387 0.134761 0.2325266 0.1343149 0.2290317 0.1658511 0.2251877 0.03019553 0.2435781 0.06621825 0.2383733 0.06678324 0.2422627 0.2039273 0.2817358 0.1751529 0.2866669 0.1748159 0.2849467 0.4628711 0.1845535 0.4947934 0.187129 0.4944856 0.1907674 0.1610189 0.1568928 0.1924347 0.1557174 0.192559 0.1591647 0.0950939 0.1021537 0.128288 0.1033894 0.1281687 0.1098943 0.312856 0.02372157 0.3128598 0.03473162 0.2827277 0.03457087 0.5291636 0.1728094 0.5637598 0.1750107 0.5634595 0.1795555 0.2555639 0.2207344 0.2843219 0.2198688 0.2848868 0.2335916 0.07150751 0.2687826 0.1057571 0.262521 0.1070721 0.2694767 0.06452912 0.2262057 0.02798902 0.2311501 0.02573031 0.2113208 0.4663218 0.08561044 0.4979357 0.08554869 0.4978021 0.1037328 0.4657574 0.3391767 0.4935458 0.3490684 0.488386 0.3615049 0.2590873 0.2733039 0.2586647 0.2677958 0.285868 0.2660983 0.3407683 0.2390466 0.3409267 0.233778 0.3689873 0.2350893 0.07210868 0.3968229 0.1057556 0.3784666 0.1191993 0.4013383 0.09439712 0.1305753 0.05903828 0.13019 0.05912792 0.1253865 0.1603627 0.130376 0.1279268 0.1306092 0.1279169 0.1263301 0.05984431 0.172514 0.09525305 0.1706835 0.09551084 0.1752305 0.0963754 0.08095234 0.06220263 0.0773459 0.0649864 0.06032335 0.3681736 0.2484059 0.3685584 0.242462 0.3969327 0.2447396 0.08066362 0.3095865 0.04522913 0.318876 0.04471796 0.3167443 0.2039273 0.2817358 0.2319059 0.277704 0.2332088 0.2880052 0.3432602 0.1137533 0.3734489 0.1141306 0.3732182 0.1253226 0.1481091 0.3047299 0.1454233 0.293252 0.1751529 0.2866669 0.3430744 0.1249049 0.313044 0.1245816 0.3130515 0.1135389 0.2529497 0.1248815 0.2225829 0.1252647 0.2223573 0.1140203 0.6014456 0.128851 0.6012294 0.1151112 0.6396464 0.1137889 0.3431828 0.03395277 0.3430376 0.02283847 0.3739248 0.02198207 0.3990654 0.2196196 0.4287201 0.2223899 0.4283838 0.2257069 0.4324787 0.1708223 0.4327132 0.1667706 0.463915 0.1686255 0.1712993 0.3731794 0.163051 0.3530696 0.1894201 0.3442075 0.0284655 0.05222177 0.03408402 0.03552317 0.06797969 0.04533374 0.07591551 0.2898731 0.07299697 0.2762895 0.1070721 0.2694767 0.4790887 0.2909388 0.4786832 0.2926772 0.4493885 0.2863676 0.1393393 0.2633597 0.1381766 0.2566608 0.1692429 0.2519462 0.5307765 0.1168258 0.5650994 0.1162657 0.5651291 0.1292064 0.2529928 0.1288065 0.2529497 0.1248815 0.2830038 0.1246812 0.222316 0.1038748 0.2527434 0.1035398 0.2527828 0.1095975 0.2648611 0.4391682 0.2810419 0.4362227 0.2842279 0.4557964 0.2549322 0.2077309 0.2545213 0.1927742 0.2838351 0.191942 0.1180467 0.3159798 0.08517307 0.3256095 0.08427685 0.3225777 0.2861546 0.2734673 0.2860916 0.2718778 0.3128672 0.2711687 0.4346318 0.1154122 0.4658488 0.116108 0.4655217 0.1277905 0.597226 0.2138267 0.6357705 0.2177276 0.6332263 0.2387274 0.2604444 0.2891469 0.2337552 0.292067 0.2335338 0.2904205 0.2540894 0.178779 0.2541967 0.1822033 0.2242739 0.1834474 0.2242739 0.1834474 0.1938371 0.1851484 0.193628 0.1815975 0.4174233 0.3021455 0.4185395 0.2959609 0.4462029 0.3014576 0.4977876 0.1165732 0.5307765 0.1168258 0.5306512 0.1291308 0.4748171 0.3083099 0.4752802 0.3065254 0.5052469 0.314964 0.3128461 0.2866802 0.3128424 0.2850983 0.3389477 0.2856279 0.2337552 0.292067 0.2065061 0.2964937 0.2062051 0.2948036 0.2600941 0.2851535 0.2592112 0.2748833 0.2861546 0.2734673 0.2867349 0.2874001 0.2604444 0.2891469 0.2603028 0.2875387 0.3917498 0.2903175 0.3920595 0.2879177 0.419256 0.2918434 0.3652088 0.2872473 0.3917498 0.2903175 0.3915327 0.2919525 0.1999722 0.2539074 0.1991947 0.2477143 0.2283341 0.2447093 0.4756035 0.5689948 0.4741372 0.5505424 0.4914555 0.5520933 0.1308623 0.05338782 0.1299655 0.06747394 0.09804219 0.06489139 0.4347186 0.1112139 0.403967 0.1106761 0.4040653 0.1045585 0.4566026 0.243916 0.4872211 0.2486385 0.4862962 0.2543392 0.4787223 0.532635 0.4888705 0.5171707 0.5015994 0.5290105 0.5848368 0.5691373 0.5679308 0.5648767 0.5690458 0.5520992 0.4955314 0.5997136 0.5063174 0.5859313 0.5175333 0.5921046 0.3128748 0.272736 0.3128672 0.2711687 0.3395327 0.2715997 0.5999448 0.1822034 0.6384937 0.1843897 0.6374976 0.199482 0.4787223 0.532635 0.4741372 0.5505424 0.4611455 0.5494227 0.3129908 0.1814585 0.3129233 0.188394 0.2837803 0.1885215 0.403967 0.1106761 0.4038711 0.11482 0.3734489 0.1141306 0.4432557 0.3141286 0.4711534 0.3215625 0.4707418 0.322994 0.5773809 0.5861841 0.5627182 0.5765863 0.5679308 0.5648767 0.5305958 0.1335241 0.5306512 0.1291308 0.5651291 0.1292064 0.2528106 0.02347129 0.2526288 0.03442335 0.2224715 0.03422188 0.1604792 0.1390818 0.1603627 0.130376 0.1918399 0.129901 0.4888705 0.5171707 0.4792932 0.5083284 0.4972868 0.4943528 0.2283341 0.2447093 0.1991947 0.2477143 0.1988936 0.2452186 0.3369633 0.3259525 0.33754 0.31492 0.3623365 0.3169425 0.285786 0.2638477 0.2855746 0.2577134 0.3128665 0.2573114 0.6029718 0.3585563 0.5674514 0.3459885 0.570159 0.3380742 0.3430376 0.02283847 0.3431828 0.03395277 0.3128598 0.03473162 0.2609657 0.295042 0.2611094 0.2965299 0.2348163 0.2997015 0.3407683 0.2390466 0.3687025 0.2400444 0.3685584 0.242462 0.2830893 0.1367358 0.2830259 0.128519 0.3130341 0.1285716 0.6014645 0.133659 0.6395946 0.1337373 0.6395626 0.1443293 0.3130761 0.1533614 0.3428364 0.1536328 0.3427878 0.1568639 0.4032355 0.1383206 0.3730019 0.137533 0.3731391 0.1292656 0.3128511 0.2633081 0.3128665 0.2573114 0.3400417 0.2579562 0.4726349 0.3163731 0.4444198 0.3092666 0.4447773 0.3076893 0.1917781 0.1258424 0.1916178 0.1143724 0.2223573 0.1140203 0.1510812 0.3158531 0.1799075 0.3085163 0.1802918 0.3101147 0.09439712 0.1305753 0.1279268 0.1306092 0.1280598 0.1395688 0.3905431 0.2992171 0.3644084 0.2963281 0.3645391 0.2948535 0.1623988 0.1835076 0.193628 0.1815975 0.1938371 0.1851484 0.0284655 0.05222177 0.0649864 0.06032335 0.06220263 0.0773459 0.4544373 0.2582845 0.4554474 0.2517428 0.4858255 0.2569862 0.4022139 0.1652304 0.4020332 0.1691954 0.3721767 0.1680483 0.342086 0.1887465 0.3713387 0.1895611 0.3712097 0.1929206 0.5612134 0.2053823 0.5607464 0.2095394 0.5262405 0.2056447 0.1308623 0.05338782 0.09966284 0.05053198 0.1024876 0.02896451 0.261543 0.3009687 0.2611094 0.2965299 0.2870705 0.2944661 0.3429154 0.1411147 0.3429707 0.1369843 0.3730019 0.137533 0.4662812 0.05636835 0.4972777 0.05602699 0.497622 0.0700193 0.2245928 0.1905923 0.2247807 0.1941094 0.1945194 0.1960198 0.2232257 0.1579188 0.223122 0.1546185 0.2533851 0.1538393 0.2247807 0.1941094 0.2245928 0.1905923 0.2543921 0.1892209 0.4332458 0.1566132 0.4026579 0.1552488 0.4030972 0.1425958 0.4354018 0.07018095 0.4045803 0.06987875 0.4047681 0.05596846 0.5644078 0.3541653 0.600747 0.3675209 0.6001319 0.3693944 0.5294685 0.06889045 0.497622 0.0700193 0.4972777 0.05602699 0.2348163 0.2997015 0.2611094 0.2965299 0.261543 0.3009687 0.2833958 0.1632087 0.3130237 0.1631609 0.3130159 0.1670564 0.5473874 0.3905788 0.5549573 0.3758302 0.5916406 0.3937141 0.2873647 0.3004262 0.2873016 0.2991472 0.3128919 0.2984306 0.5658348 0.5396838 0.5587747 0.5289934 0.5716243 0.5171703 0.1229643 0.3319929 0.153016 0.3226819 0.1534405 0.3241359 0.5298376 0.1616179 0.4966003 0.1598513 0.4970511 0.1463323 0.4663099 0.07036626 0.4663218 0.08561044 0.435225 0.08542644 0.1964478 0.2218521 0.196784 0.225299 0.1662502 0.2286395 0.09443491 0.1261914 0.09466964 0.1135213 0.1280938 0.1143177 0.2841266 0.2100281 0.2550833 0.2109591 0.2549322 0.2077309 0.4726349 0.3163731 0.5020263 0.3253411 0.5003672 0.3304642 0.5646635 0.1023664 0.5635231 0.08287435 0.5984109 0.07941228 0.3425947 0.167351 0.3721767 0.1680483 0.3717237 0.1792007 0.2359157 0.3069924 0.209429 0.3116368 0.2091526 0.3102681 0.3963376 0.2507427 0.3951637 0.2617182 0.367426 0.2593474 0.0649864 0.06032335 0.06797969 0.04533374 0.09966284 0.05053198 0.4324787 0.1708223 0.4318576 0.1822712 0.4014872 0.1804004 0.2618058 0.3035693 0.2616723 0.3022508 0.2873647 0.3004262 0.3732182 0.1253226 0.3734489 0.1141306 0.4038711 0.11482 0.3874636 0.3201063 0.4129276 0.3249188 0.410339 0.3361941 0.263249 0.3172693 0.2380307 0.3206879 0.2359157 0.3069924 0.2580439 0.2593943 0.2572177 0.2484496 0.285249 0.2469699 0.4589292 0.2257422 0.4901449 0.2295856 0.4896532 0.2331328 0.2123565 0.3256714 0.209429 0.3116368 0.2359157 0.3069924 0.312847 0.3144311 0.2880966 0.3151424 0.2874307 0.3017299 0.6375348 0.07387703 0.6388837 0.09829658 0.6005701 0.100349 0.4935458 0.3490684 0.4657574 0.3391767 0.4703206 0.324443 0.463915 0.1686255 0.4327132 0.1667706 0.4330838 0.1599604 0.4157102 0.3110507 0.4129276 0.3249188 0.3874636 0.3201063 0.1780397 0.3002601 0.1774805 0.2976949 0.2057704 0.2923324 0.1312269 0.2011702 0.1634659 0.1983245 0.1647171 0.2145857 0.4786832 0.2926772 0.5092547 0.3004243 0.5060576 0.3122137 0.09466964 0.1135213 0.0948354 0.1090055 0.1281687 0.1098943 0.09075725 0.3430549 0.1229643 0.3319929 0.1234734 0.3335396 0.2123565 0.3256714 0.2380307 0.3206879 0.2398955 0.3319768 0.5306352 0.1055076 0.5305924 0.1033883 0.5646635 0.1023664 0.1285297 0.1580455 0.1281493 0.1442963 0.160573 0.1435723 0.1430311 0.2825065 0.1416675 0.2756828 0.1720681 0.2701265 0.2357118 0.3056555 0.2616723 0.3022508 0.2618058 0.3035693 0.1751529 0.2866669 0.1454233 0.293252 0.14501 0.2914784 0.3398186 0.2639356 0.3400417 0.2579562 0.367426 0.2593474 0.5620189 0.06645774 0.5602197 0.05183738 0.5927165 0.04656553 0.2025467 0.4632017 0.1894683 0.4746391 0.1437976 0.4315901 0.1290187 0.1689434 0.09525305 0.1706835 0.09490507 0.1630029 0.2023409 0.2715597 0.2026951 0.2739442 0.1736831 0.2789932 0.2536239 0.163737 0.2833958 0.1632087 0.2834377 0.1671093 0.3397365 0.2661811 0.3398186 0.2639356 0.3669942 0.2652311 0.4804784 0.2846513 0.4810354 0.282127 0.5120574 0.2893577 0.5440474 0.3004695 0.5447946 0.2976684 0.5795536 0.3070116 0.1459094 0.385666 0.1355103 0.3642255 0.163051 0.3530696 0.1650806 0.2180464 0.1658511 0.2251877 0.1343149 0.2290317 0.2398955 0.3319768 0.2380307 0.3206879 0.263249 0.3172693 0.1958103 0.2149464 0.1650806 0.2180464 0.1647171 0.2145857 0.1437976 0.4315901 0.1191993 0.4013383 0.1459094 0.385666 0.6014107 0.1492115 0.6009269 0.1647433 0.5644569 0.163274 0.6002563 0.1772078 0.6007452 0.1688401 0.6388771 0.1708107 0.2898641 0.3446654 0.312895 0.3436002 0.3132365 0.3725113 0.1112105 0.2894557 0.111841 0.2921763 0.07841092 0.3005428 0.123717 0.4532986 0.09105533 0.4219313 0.1191993 0.4013383 0.3416439 0.2071666 0.3704366 0.2080225 0.3702999 0.2112386 0.2528185 0.1138116 0.2527828 0.1095975 0.2829111 0.1095411 0.44137 0.4734149 0.4270107 0.4627361 0.462172 0.4127172 0.3476087 0.431848 0.3308939 0.4295803 0.3342941 0.3732979 0.3722913 0.1642328 0.372515 0.1576003 0.4025326 0.1585361 0.1280598 0.1395688 0.1279268 0.1306092 0.1603627 0.130376 0.1416675 0.2756828 0.1096292 0.2822708 0.1070721 0.2694767 0.1280938 0.1143177 0.1281687 0.1098943 0.1603484 0.1100789 0.1915937 0.1101682 0.2223233 0.1099953 0.2223573 0.1140203 0.3917498 0.2903175 0.418832 0.2942954 0.4185395 0.2959609 0.1780397 0.3002601 0.148797 0.3074093 0.1481091 0.3047299 0.343297 0.06946396 0.3737909 0.0697602 0.3736736 0.08464598 0.5288676 0.1772651 0.527793 0.1899077 0.4947934 0.187129 0.2224742 0.08458799 0.2224515 0.06968384 0.2527452 0.06964898 0.1814785 0.3150417 0.1802918 0.3101147 0.207908 0.3039706 0.1616452 0.1716274 0.1623988 0.1835076 0.1300047 0.1856504 0.02133208 0.1248259 0.02177059 0.1101918 0.05947941 0.1121226 0.3390462 0.2832745 0.312838 0.2827668 0.3128748 0.272736 0.4975243 0.1284751 0.4655217 0.1277905 0.4658488 0.116108 0.3130237 0.1631609 0.3426554 0.163453 0.3425947 0.167351 0.1925975 0.0337156 0.1927551 0.02320086 0.2226675 0.02331113 0.6002563 0.1772078 0.5999448 0.1822034 0.5634595 0.1795555 0.2335338 0.2904205 0.2332088 0.2880052 0.2600941 0.2851535 0.07093679 0.2657492 0.06976985 0.2594382 0.1041955 0.2534307 0.2667393 0.3468078 0.2898641 0.3446654 0.2922124 0.3733088 0.2257752 0.2126596 0.2550833 0.2109591 0.2554095 0.2176135 0.3730019 0.137533 0.3429707 0.1369843 0.3430294 0.1287433 0.312897 0.2997146 0.3383307 0.3001785 0.3382687 0.3014777 0.3637254 0.3034426 0.3638524 0.3021352 0.3896858 0.30516 0.5984109 0.07941228 0.5635231 0.08287435 0.5620189 0.06645774 0.4628711 0.1845535 0.4636554 0.1727844 0.4956615 0.1749856 0.253099 0.1370136 0.2529928 0.1288065 0.2830259 0.128519 0.3129829 0.2384086 0.3130035 0.2335044 0.3409267 0.233778 0.5651259 0.1338092 0.6014645 0.133659 0.6014836 0.1440015 0.2644439 0.3283186 0.263249 0.3172693 0.2880966 0.3151424 0.5866874 0.2771321 0.5512053 0.2695899 0.5517967 0.2666561 0.3130226 0.1367369 0.3429707 0.1369843 0.3429154 0.1411147 0.4296946 0.2121127 0.4308152 0.19663 0.4616833 0.1993587 0.2091526 0.3102681 0.1818228 0.3164315 0.1814785 0.3150417 0.1057571 0.262521 0.1052579 0.2597196 0.1377261 0.253937 0.1302843 0.1894583 0.09657222 0.1919838 0.09626883 0.1881211 0.3423262 0.1783952 0.3717237 0.1792007 0.3716067 0.18252 0.03559684 0.2725993 0.07093679 0.2657492 0.07150751 0.2687826 0.4554474 0.2517428 0.4558361 0.2491882 0.4862962 0.2543392 0.1510812 0.3158531 0.1207315 0.3249099 0.1186056 0.3179122 0.5873523 0.2740101 0.6240494 0.2819824 0.6234117 0.2851374 0.2837138 0.1815847 0.2837803 0.1885215 0.2543921 0.1892209 0.2227597 0.1376659 0.2226462 0.1293365 0.2529928 0.1288065 0.134761 0.2325266 0.1662502 0.2286395 0.1680405 0.2437701 0.5517967 0.2666561 0.5530529 0.2603694 0.5887409 0.2674746 0.5647567 0.1045109 0.5646635 0.1023664 0.6005701 0.100349 0.1368409 0.2483611 0.1377261 0.253937 0.1052579 0.2597196 0.4123073 0.4838588 0.4241565 0.4670752 0.4379683 0.477425 0.5332214 0.3357164 0.5020263 0.3253411 0.502569 0.3236268 0.5976991 0.2093957 0.5612134 0.2053823 0.5620346 0.1969442 0.2554095 0.2176135 0.2842524 0.2165871 0.2843219 0.2198688 0.4310908 0.1930562 0.4619994 0.1956956 0.4616833 0.1993587 0.1945194 0.1960198 0.1634659 0.1983245 0.1631861 0.19471 0.3383307 0.3001785 0.3383904 0.2989033 0.3639749 0.3008632 0.6331011 0.05383235 0.5958849 0.06189167 0.5927165 0.04656553 0.3383904 0.2989033 0.3128919 0.2984306 0.3128731 0.2939144 0.153016 0.3226819 0.1515508 0.3175324 0.1802918 0.3101147 0.4162327 0.3083706 0.4171379 0.3036772 0.4444198 0.3092666 0.5602197 0.05183738 0.5620189 0.06645774 0.5294685 0.06889045 0.600747 0.3675209 0.5644078 0.3541653 0.5667309 0.3479831 0.223122 0.1546185 0.1924347 0.1557174 0.1920487 0.1427187 0.03613263 0.275604 0.07150751 0.2687826 0.07299697 0.2762895 0.5635231 0.08287435 0.5302206 0.08480256 0.5294685 0.06889045 0.4508401 0.2785995 0.4512945 0.2761656 0.4810354 0.282127 0.4221748 0.2737626 0.4225208 0.2713987 0.4512945 0.2761656 0.3420192 0.19217 0.3416439 0.2071666 0.3130239 0.2066454 0.4209736 0.2814762 0.4212317 0.2798162 0.4497157 0.2846726 0.2870705 0.2944661 0.2611094 0.2965299 0.2609657 0.295042 0.1343149 0.2290317 0.134761 0.2325266 0.1016088 0.2371807 0.2833356 0.1566118 0.2833085 0.1534505 0.3130761 0.1533614 0.1614401 0.1674351 0.161149 0.1603563 0.192559 0.1591647 0.4354018 0.07018095 0.435225 0.08542644 0.404383 0.08511435 0.5649362 0.1484631 0.5644569 0.163274 0.5298376 0.1616179 0.1393393 0.2633597 0.1701886 0.2581741 0.1720681 0.2701265 0.0945006 0.1447879 0.09445083 0.1400304 0.1280598 0.1395688 0.2300454 0.261768 0.2289051 0.250731 0.2572177 0.2484496 0.5466655 0.2902194 0.5496305 0.27685 0.5849155 0.2849099 0.2534493 0.1570991 0.2533851 0.1538393 0.2833085 0.1534505 0.3130239 0.2066454 0.3416439 0.2071666 0.3415672 0.2102412 0.2281044 0.2422493 0.2566732 0.2398591 0.2568299 0.2422739 0.2833958 0.1632087 0.2833356 0.1566118 0.3130683 0.1565868 0.2475485 0.4395489 0.2287161 0.3851547 0.2499324 0.3795024 0.48242 0.2754036 0.4524074 0.2699076 0.4544373 0.2582845 0.05902481 0.1402285 0.09445083 0.1400304 0.0945006 0.1447879 0.5630766 0.3576492 0.5994623 0.3712749 0.5916406 0.3937141 0.3713387 0.1895611 0.4009121 0.1909331 0.4006944 0.1945165 0.3130159 0.1670564 0.3425947 0.167351 0.3423262 0.1783952 0.2584927 0.2654919 0.2307372 0.2679477 0.2300454 0.261768 0.222316 0.1038748 0.2223045 0.1019343 0.252733 0.101742 0.05972081 0.1071295 0.0601415 0.09978765 0.0950939 0.1021537 0.1821777 0.3178497 0.1818228 0.3164315 0.2091526 0.3102681 0.6002563 0.1772078 0.5637598 0.1750107 0.5642704 0.1671295 0.3429154 0.1411147 0.3428364 0.1536328 0.3130761 0.1533614 0.09902793 0.3641223 0.1301311 0.3512595 0.1355103 0.3642255 0.576705 0.317299 0.5787335 0.3100068 0.6147387 0.319847 0.2528294 0.08450347 0.2527452 0.06964898 0.2828997 0.0695883 0.285786 0.2638477 0.2584927 0.2654919 0.2580439 0.2593943 0.2609657 0.295042 0.2604444 0.2891469 0.2867349 0.2874001 0.3130431 0.1034049 0.3433282 0.1035884 0.343303 0.1096554 0.1286698 0.1616321 0.161149 0.1603563 0.1614401 0.1674351 0.4258643 0.2478716 0.3969327 0.2447396 0.3971543 0.2423053 0.6147387 0.319847 0.5787335 0.3100068 0.5795536 0.3070116 0.3590548 0.3463919 0.3554005 0.3756706 0.3342941 0.3732979 0.2810419 0.4362227 0.2973877 0.434033 0.29905 0.4540424 0.1748159 0.2849467 0.14501 0.2914784 0.1435748 0.2850686 0.3139176 0.43361 0.3303829 0.4345209 0.328718 0.4543368 0.3308939 0.4295803 0.3140338 0.4286304 0.3132365 0.3725113 0.2840651 0.2067207 0.2838351 0.191942 0.3129112 0.1918076 0.5162687 0.269744 0.5176486 0.2629062 0.5512053 0.2695899 0.6127551 0.330152 0.5760989 0.3193816 0.576705 0.317299 0.3943901 0.4507827 0.4095358 0.4583126 0.3997974 0.4758269 0.4644783 0.5002812 0.4541832 0.4861168 0.5045323 0.4454798 0.192559 0.1591647 0.1924347 0.1557174 0.223122 0.1546185 0.3787236 0.4447979 0.3943901 0.4507827 0.3863661 0.4693794 0.2339562 0.4500747 0.2492315 0.4441835 0.2556275 0.4623656 0.3579122 0.4593644 0.3434573 0.4562846 0.3467143 0.4367229 0.1112105 0.2894557 0.1430311 0.2825065 0.1435748 0.2850686 0.2074566 0.3928382 0.1861364 0.4027016 0.1712993 0.3731794 0.2600941 0.2851535 0.2332088 0.2880052 0.2319059 0.277704 0.3579122 0.4593644 0.3628371 0.4401625 0.3787236 0.4447979 0.4925016 0.5648155 0.4914555 0.5520933 0.4945974 0.5397145 0.4502097 0.489611 0.460094 0.5027729 0.4454628 0.5151665 0.2307372 0.2679477 0.2309975 0.2702699 0.2026951 0.2739442 0.2584927 0.2654919 0.285786 0.2638477 0.285868 0.2660983 0.2056328 0.467289 0.2195277 0.457963 0.2300377 0.4746988 0.4659619 0.1055025 0.4659811 0.1035655 0.4978021 0.1037328 0.3432602 0.1137533 0.343303 0.1096554 0.3735263 0.1100227 0.3128672 0.2711687 0.2860916 0.2718778 0.285868 0.2660983 0.3640303 0.4354383 0.3476087 0.431848 0.3554005 0.3756706 0.4945974 0.5397145 0.4914555 0.5520933 0.4741372 0.5505424 0.2195277 0.457963 0.2339562 0.4500747 0.2425246 0.4677506 0.1822264 0.4903945 0.1930405 0.4783161 0.2071301 0.4930614 0.153016 0.3226819 0.1814785 0.3150417 0.1818228 0.3164315 0.5447946 0.2976684 0.5440474 0.3004695 0.5114001 0.2920016 0.5307455 0.1121668 0.5306352 0.1055076 0.5647567 0.1045109 0.07841092 0.3005428 0.08014851 0.307596 0.04471796 0.3167443 0.1958206 0.3634383 0.2198355 0.3562397 0.2287161 0.3851547 0.3645391 0.2948535 0.365065 0.2888671 0.3915327 0.2919525 0.6014107 0.1492115 0.6014836 0.1440015 0.6395626 0.1443293 0.4497157 0.2846726 0.4212317 0.2798162 0.4221748 0.2737626 0.2242739 0.1834474 0.2541967 0.1822033 0.2543921 0.1892209 0.571894 0.3328183 0.5760989 0.3193816 0.6127551 0.330152 0.418832 0.2942954 0.419256 0.2918434 0.4471184 0.2972285 0.6367372 0.2038247 0.5985274 0.2004166 0.5989094 0.1960361 0.3669942 0.2652311 0.3944798 0.2680006 0.3942205 0.2702935 0.6001319 0.3693944 0.5994623 0.3712749 0.5630766 0.3576492 0.08517307 0.3256095 0.0499823 0.3363673 0.049003 0.3331682 0.4040653 0.1045585 0.4040998 0.1026796 0.4348183 0.1031645 0.4659811 0.1035655 0.4659619 0.1055025 0.4347906 0.1050044 0.2232257 0.1579188 0.2534493 0.1570991 0.2536239 0.163737 0.192007 0.06944072 0.1612809 0.06862974 0.1617861 0.05474048 0.5338638 0.3338837 0.502569 0.3236268 0.5046798 0.316851 0.1799075 0.3085163 0.1784254 0.3020071 0.2065061 0.2964937 0.2475485 0.4395489 0.2318943 0.4456402 0.2074566 0.3928382 0.4974323 0.1328045 0.5305958 0.1335241 0.5304484 0.1427415 0.128288 0.1033894 0.1603795 0.1037541 0.1603484 0.1100789 0.1982426 0.2398089 0.2276282 0.2367957 0.2281044 0.2422493 0.2830038 0.1246812 0.2829328 0.1135111 0.3130515 0.1135389 0.4407712 0.4009091 0.453987 0.3707591 0.4789487 0.3821563 0.4462029 0.3014576 0.4465742 0.2997508 0.4752802 0.3065254 0.5760989 0.3193816 0.5416028 0.309404 0.5421574 0.3074457 0.4250774 0.2540031 0.4258643 0.2478716 0.4554474 0.2517428 0.4034476 0.1300144 0.4341543 0.1309319 0.4338831 0.1393445 0.3623365 0.3169425 0.3637254 0.3034426 0.3894926 0.3064903 0.4597862 0.2187091 0.4601581 0.2152976 0.4915561 0.218803 0.5496305 0.27685 0.5512053 0.2695899 0.5866874 0.2771321 0.192007 0.06944072 0.1918703 0.08448302 0.160851 0.08385866 0.4174233 0.3021455 0.4171379 0.3036772 0.3905431 0.2992171 0.5296462 0.1652976 0.5291636 0.1728094 0.495956 0.1705892 0.4310908 0.1930562 0.4009121 0.1909331 0.4013056 0.1838608 0.3129233 0.188394 0.3129908 0.1814585 0.3422614 0.1817803 0.6358607 0.2130423 0.5976991 0.2093957 0.5985274 0.2004166 0.02477473 0.1983084 0.06126838 0.1949743 0.06207758 0.2036421 0.342086 0.1887465 0.3422614 0.1817803 0.3716067 0.18252 0.4316173 0.1858043 0.4625907 0.188274 0.4619994 0.1956956 0.526644 0.2018018 0.4937439 0.1984638 0.4944856 0.1907674 0.130886 0.1973053 0.1302843 0.1894583 0.1626383 0.187168 0.3713387 0.1895611 0.3716067 0.18252 0.4013056 0.1838608 0.4619994 0.1956956 0.4625907 0.188274 0.4944856 0.1907674 0.5274488 0.1937978 0.5620346 0.1969442 0.5612134 0.2053823 0.1631861 0.19471 0.1626383 0.187168 0.1938371 0.1851484 0.06126838 0.1949743 0.09657222 0.1919838 0.0972523 0.2001293 0.4589292 0.2257422 0.4597862 0.2187091 0.4911305 0.22224 0.5927803 0.2455145 0.5941809 0.2369451 0.632106 0.2430503 0.3995192 0.2128969 0.4293727 0.2155533 0.4287201 0.2223899 0.3129612 0.2164081 0.2842524 0.2165871 0.2841266 0.2100281 0.5227445 0.2342594 0.5238174 0.2266375 0.5581104 0.2315471 0.1964478 0.2218521 0.1958103 0.2149464 0.2257752 0.2126596 0.06621825 0.2383733 0.0650475 0.2300807 0.09999293 0.2255483 0.4901449 0.2295856 0.4911305 0.22224 0.5238174 0.2266375 0.3415672 0.2102412 0.3702999 0.2112386 0.3700407 0.2178785 0.3702999 0.2112386 0.3995192 0.2128969 0.3990654 0.2196196 0.1010597 0.2333036 0.09999293 0.2255483 0.1333688 0.2215831 0.4287201 0.2223899 0.4293727 0.2155533 0.4597862 0.2187091 0.03019553 0.2435781 0.02897733 0.2352571 0.0650475 0.2300807 0.1964478 0.2218521 0.1658511 0.2251877 0.1650806 0.2180464 0.3130006 0.2098288 0.3415672 0.2102412 0.3414348 0.2167978 0.2830893 0.1367358 0.3130226 0.1367369 0.3130117 0.1409402 0.1281493 0.1442963 0.1280598 0.1395688 0.1604792 0.1390818 0.3729032 0.1417744 0.3730019 0.137533 0.4032355 0.1383206 0.285249 0.2469699 0.3129634 0.2464652 0.3128665 0.2573114 0.2563793 0.2346577 0.2276282 0.2367957 0.2265017 0.2226644 0.4972868 0.4943528 0.5188429 0.4869681 0.5209841 0.4998282 0.4270107 0.4627361 0.4119386 0.4539257 0.4407712 0.4009091 0.4241565 0.4670752 0.4095358 0.4583126 0.4119386 0.4539257 0.2492315 0.4441835 0.2339562 0.4500747 0.2318943 0.4456402 0.3628371 0.4401625 0.3467143 0.4367229 0.3476087 0.431848 0.460094 0.5027729 0.4502097 0.489611 0.4541832 0.4861168 0.3139176 0.43361 0.3140338 0.4286304 0.3308939 0.4295803 0.2648611 0.4391682 0.2492315 0.4441835 0.2475485 0.4395489 0.3303829 0.4345209 0.3308939 0.4295803 0.3476087 0.431848 0.4379683 0.477425 0.4241565 0.4670752 0.4270107 0.4627361 0.1930405 0.4783161 0.1894683 0.4746391 0.2025467 0.4632017 0.2056328 0.467289 0.2025467 0.4632017 0.2169824 0.453665 0.2973877 0.434033 0.2810419 0.4362227 0.2802509 0.4312333 0.2195277 0.457963 0.2169824 0.453665 0.2318943 0.4456402 0.1822264 0.4903945 0.1781358 0.4875726 0.1894683 0.4746391 0.4095358 0.4583126 0.3943901 0.4507827 0.3964792 0.4459964 0.3787236 0.4447979 0.3628371 0.4401625 0.3640303 0.4354383 0.2973877 0.434033 0.2970421 0.4290102 0.3140338 0.4286304 0.2810419 0.4362227 0.2648611 0.4391682 0.263603 0.4343384 0.3943901 0.4507827 0.3787236 0.4447979 0.3802546 0.4400646 0.4502097 0.489611 0.4379683 0.477425 0.44137 0.4734149 0.4978021 0.1037328 0.4978052 0.1057185 0.5306352 0.1055076 0.08814018 0.3350983 0.0538426 0.345985 0.0544247 0.3479509 0.07093679 0.2657492 0.07150751 0.2687826 0.1057571 0.262521 0.4129276 0.3249188 0.410339 0.3361941 0.4355511 0.3428327 0.1430311 0.2825065 0.1435748 0.2850686 0.1736831 0.2789932 0.3997974 0.4758269 0.4123073 0.4838588 0.4241565 0.4670752 0.1930405 0.4783161 0.2071301 0.4930614 0.2182213 0.4831414 0.1799075 0.3085163 0.1784254 0.3020071 0.1492815 0.3092474 0.2973877 0.434033 0.29905 0.4540424 0.3138753 0.4535605 0.1920487 0.1427187 0.160573 0.1435723 0.1610189 0.1568928 0.3905431 0.2992171 0.3644084 0.2963281 0.3639749 0.3008632 0.5649362 0.1484631 0.6014107 0.1492115 0.6014836 0.1440015 0.4425846 0.3168904 0.4388568 0.3312686 0.4657574 0.3391767 0.3729032 0.1417744 0.3726004 0.1543536 0.4026579 0.1552488 0.196784 0.225299 0.1662502 0.2286395 0.1680405 0.2437701 0.4663218 0.08561044 0.4979357 0.08554869 0.497622 0.0700193 0.5614743 0.4379593 0.5818407 0.4107056 0.5473874 0.3905788 0.5773809 0.5861841 0.5647457 0.5998511 0.572777 0.6102098 0.576705 0.317299 0.5787335 0.3100068 0.5440474 0.3004695 0.2556275 0.4623656 0.269588 0.4586079 0.2648611 0.4391682 0.4006944 0.1945165 0.3712097 0.1929206 0.3704366 0.2080225 0.5993659 0.549561 0.5863366 0.5506558 0.5848368 0.5691373 0.4615679 0.3512091 0.453987 0.3707591 0.4789487 0.3821563 0.1915937 0.1101682 0.1603484 0.1100789 0.1603338 0.1144917 0.06678324 0.2422627 0.03045696 0.2477856 0.03359162 0.266386 0.3416439 0.2071666 0.3704366 0.2080225 0.3712097 0.1929206 0.09551084 0.1752305 0.1292514 0.1732944 0.1290187 0.1689434 0.3303829 0.4345209 0.328718 0.4543368 0.3434573 0.4562846 0.06092739 0.1907681 0.02401167 0.1939703 0.02477473 0.1983084 0.5288676 0.1772651 0.5291636 0.1728094 0.495956 0.1705892 0.5562091 0.243463 0.5530529 0.2603694 0.5887409 0.2674746 0.0594384 0.1643814 0.09490507 0.1630029 0.09476029 0.1592508 0.527793 0.1899077 0.5274488 0.1937978 0.5620346 0.1969442 0.5378298 0.321966 0.571894 0.3328183 0.5760989 0.3193816 0.3389477 0.2856279 0.3390462 0.2832745 0.312838 0.2827668 0.3129612 0.2164081 0.3129502 0.219588 0.3413515 0.219967 0.5097424 0.2985799 0.5114001 0.2920016 0.4804784 0.2846513 0.09551084 0.1752305 0.0601204 0.1773421 0.06092739 0.1907681 0.312897 0.2997146 0.3383307 0.3001785 0.3383904 0.2989033 0.05912792 0.1253865 0.09443491 0.1261914 0.09466964 0.1135213 0.1180467 0.3159798 0.08517307 0.3256095 0.08579236 0.3276556 0.2198355 0.3562397 0.2287161 0.3851547 0.2499324 0.3795024 0.3130638 0.1094535 0.2829111 0.1095411 0.2829328 0.1135111 0.3663668 0.2731824 0.3668233 0.2675182 0.3397365 0.2661811 0.4261605 0.2454051 0.4258643 0.2478716 0.4554474 0.2517428 0.5181844 0.2601169 0.4862962 0.2543392 0.4858255 0.2569862 0.3129502 0.219588 0.2843219 0.2198688 0.2848868 0.2335916 0.5690458 0.5520992 0.5863366 0.5506558 0.5817825 0.5326979 0.1377261 0.253937 0.1381766 0.2566608 0.1692429 0.2519462 0.5237847 0.5169835 0.5365837 0.5169563 0.5394815 0.4998272 0.5540724 0.5860435 0.5647457 0.5998511 0.5773809 0.5861841 0.3128206 0.3254218 0.312895 0.3436002 0.3359398 0.3443226 0.1720681 0.2701265 0.1732228 0.2765075 0.2023409 0.2715597 0.339473 0.2731538 0.3390462 0.2832745 0.3654125 0.2848953 0.2226462 0.1293365 0.2529928 0.1288065 0.2529497 0.1248815 0.08874946 0.3370265 0.09075725 0.3430549 0.1229643 0.3319929 0.1301311 0.3512595 0.1355103 0.3642255 0.163051 0.3530696 0.3739248 0.02198207 0.3738548 0.03323495 0.4049559 0.03388434 0.5034834 0.505827 0.5116897 0.5211514 0.5237847 0.5169835 0.3898745 0.3038563 0.3896858 0.30516 0.4159748 0.3096989 0.1212782 0.3266895 0.1229643 0.3319929 0.153016 0.3226819 0.3766559 0.3788609 0.3822982 0.3501146 0.3590548 0.3463919 0.207908 0.3039706 0.2076153 0.3024261 0.1799075 0.3085163 0.4356792 0.03480499 0.4662117 0.03441077 0.4660305 0.02308815 0.1332506 0.02024555 0.1324558 0.03131765 0.162696 0.0334025 0.4250774 0.2540031 0.4258643 0.2478716 0.3969327 0.2447396 0.4847031 0.2633206 0.5162687 0.269744 0.5176486 0.2629062 0.2572177 0.2484496 0.2568299 0.2422739 0.2283341 0.2447093 0.5181844 0.2601169 0.5176486 0.2629062 0.5512053 0.2695899 0.5049401 0.3961454 0.5321188 0.4141141 0.5473874 0.3905788 0.5227445 0.2342594 0.4901449 0.2295856 0.4896532 0.2331328 0.148797 0.3074093 0.1492815 0.3092474 0.1784254 0.3020071 0.1680405 0.2437701 0.1688548 0.2493472 0.1988936 0.2452186 0.07339185 0.02391701 0.06797969 0.04533374 0.09966284 0.05053198 0.3736736 0.08464598 0.3432366 0.08443468 0.3433465 0.1017266 0.497825 0.1121853 0.4978052 0.1057185 0.4659619 0.1055025 0.4643015 0.1615988 0.4644781 0.1581593 0.4332458 0.1566132 0.06797969 0.04533374 0.07339185 0.02391701 0.04495507 0.01356726 0.1821777 0.3178497 0.1860013 0.3323869 0.2123565 0.3256714 0.3735957 0.103941 0.3735263 0.1100227 0.403967 0.1106761 0.1634659 0.1983245 0.1647171 0.2145857 0.1955165 0.2115938 0.3432647 0.05580335 0.3738626 0.05584758 0.3738548 0.03323495 0.1604019 0.1018105 0.160851 0.08385866 0.1290287 0.0829842 0.05069822 0.3385005 0.0538426 0.345985 0.08814018 0.3350983 0.2528294 0.08450347 0.252733 0.101742 0.2828252 0.1016353 0.2227597 0.1376659 0.2226462 0.1293365 0.1918399 0.129901 0.1324558 0.03131765 0.1308623 0.05338782 0.1617861 0.05474048 0.2224715 0.03422188 0.2225164 0.05589032 0.2527819 0.05599206 0.1617861 0.05474048 0.1921956 0.05572539 0.1925975 0.0337156 0.1915937 0.1101682 0.1915798 0.103958 0.1603795 0.1037541 0.4388568 0.3312686 0.4355511 0.3428327 0.4615679 0.3512091 0.4979357 0.08554869 0.4978021 0.1037328 0.5305924 0.1033883 0.5285382 0.05460971 0.5602197 0.05183738 0.5571604 0.02995204 0.5487135 0.5210704 0.5365837 0.5169563 0.5274102 0.5553987 0.4338831 0.1393445 0.4337147 0.1437786 0.4649609 0.1448886 0.3130431 0.1034049 0.3433282 0.1035884 0.3433465 0.1017266 0.5849155 0.2849099 0.622452 0.2934662 0.6234117 0.2851374 0.1701886 0.2581741 0.1999722 0.2539074 0.1991947 0.2477143 0.05984431 0.172514 0.09525305 0.1706835 0.09490507 0.1630029 0.2828252 0.1016353 0.313046 0.1014843 0.3130528 0.08438992 0.4662812 0.05636835 0.4662117 0.03441077 0.4356792 0.03480499 0.2065061 0.2964937 0.2062051 0.2948036 0.1780397 0.3002601 0.5976991 0.2093957 0.5612134 0.2053823 0.5607464 0.2095394 0.1603795 0.1037541 0.1915798 0.103958 0.1915819 0.1021174 0.2236391 0.1687186 0.2537209 0.1676726 0.2536239 0.163737 0.3971543 0.2423053 0.4261605 0.2454051 0.4268081 0.2400878 0.1955165 0.2115938 0.1958103 0.2149464 0.2257752 0.2126596 0.192007 0.06944072 0.2224515 0.06968384 0.2225164 0.05589032 0.4972232 0.1416578 0.4970511 0.1463323 0.5303102 0.1475023 0.418832 0.2942954 0.4185395 0.2959609 0.4462029 0.3014576 0.2837803 0.1885215 0.2838351 0.191942 0.3129112 0.1918076 0.5487135 0.5210704 0.5569725 0.5058264 0.5394815 0.4998272 0.3430744 0.1249049 0.313044 0.1245816 0.3130341 0.1285716 0.3130515 0.1135389 0.3432602 0.1137533 0.343303 0.1096554 0.5188429 0.4869681 0.5209841 0.4998282 0.5394815 0.4998272 0.3405049 0.247216 0.3681736 0.2484059 0.3685584 0.242462 0.1290287 0.0829842 0.0963754 0.08095234 0.09520554 0.1000652 0.5262405 0.2056447 0.526644 0.2018018 0.4937439 0.1984638 0.5307455 0.1121668 0.5307765 0.1168258 0.5650994 0.1162657 0.1290287 0.0829842 0.160851 0.08385866 0.1612809 0.06862974 0.207908 0.3039706 0.2088828 0.3089115 0.2355127 0.3043441 0.3726004 0.1543536 0.3729032 0.1417744 0.3429154 0.1411147 0.4429247 0.3154968 0.4432557 0.3141286 0.4162327 0.3083706 0.6394042 0.1665431 0.6398423 0.1496899 0.6014107 0.1492115 0.313046 0.1014843 0.3433465 0.1017266 0.3432366 0.08443468 0.2247807 0.1941094 0.2255511 0.2093792 0.2549322 0.2077309 0.5296462 0.1652976 0.5642704 0.1671295 0.5644569 0.163274 0.4601581 0.2152976 0.4296946 0.2121127 0.4293727 0.2155533 0.4342705 0.1268073 0.4346318 0.1154122 0.4038711 0.11482 0.2829117 0.05597692 0.2828997 0.0695883 0.3130421 0.06941527 0.4348183 0.1031645 0.435225 0.08542644 0.404383 0.08511435 0.4045803 0.06987875 0.4047681 0.05596846 0.3738626 0.05584758 0.1930156 0.1700065 0.2236391 0.1687186 0.2234825 0.1646263 0.3702999 0.2112386 0.3995192 0.2128969 0.3997455 0.2096235 0.1312269 0.2011702 0.09764909 0.2042546 0.09952062 0.2216546 0.3130159 0.1670564 0.2834377 0.1671093 0.2836701 0.1781034 0.02296561 0.1744635 0.02285343 0.1795242 0.0601204 0.1773421 0.4287201 0.2223899 0.4283838 0.2257069 0.458534 0.2290483 0.5262405 0.2056447 0.4933787 0.2022461 0.4915561 0.218803 0.5568435 0.2395741 0.5227445 0.2342594 0.5221803 0.2379568 0.2874307 0.3017299 0.3129024 0.3010109 0.312897 0.2997146 0.2836701 0.1781034 0.2540894 0.178779 0.2541967 0.1822033 0.1930156 0.1700065 0.1616452 0.1716274 0.1623988 0.1835076 0.09952062 0.2216546 0.09999293 0.2255483 0.1333688 0.2215831 0.4966003 0.1598513 0.4964122 0.1633893 0.5296462 0.1652976 0.0918886 0.3464157 0.1239996 0.3351149 0.1234734 0.3335396 0.6390177 0.1084479 0.6010315 0.1101471 0.6012294 0.1151112 0.1534405 0.3241359 0.1538788 0.3256168 0.1821777 0.3178497 0.2866603 0.285789 0.2865551 0.2834439 0.2600941 0.2851535 0.3894926 0.3064903 0.4157102 0.3110507 0.4159748 0.3096989 0.1650806 0.2180464 0.1647171 0.2145857 0.1329746 0.2180957 0.3400417 0.2579562 0.367426 0.2593474 0.3681736 0.2484059 0.5288676 0.1772651 0.527793 0.1899077 0.5624067 0.1928437 0.4616833 0.1993587 0.4601581 0.2152976 0.4915561 0.218803 0.05663371 0.3579557 0.0918886 0.3464157 0.09131026 0.3447101 0.3995192 0.2128969 0.4293727 0.2155533 0.4296946 0.2121127 0.5302206 0.08480256 0.5305924 0.1033883 0.5646635 0.1023664 0.285249 0.2469699 0.3129634 0.2464652 0.3129789 0.240785 0.4022139 0.1652304 0.4327132 0.1667706 0.4330838 0.1599604 0.5557864 0.01920336 0.5263418 0.02175652 0.5269274 0.03263783 0.4829922 0.5860005 0.4720149 0.5931181 0.487465 0.6100205 0.4993619 0.3334633 0.4935458 0.3490684 0.5230323 0.3611387 0.02161687 0.140191 0.0213173 0.1456483 0.059062 0.1453992 0.0963754 0.08095234 0.06220263 0.0773459 0.06028681 0.09760558 0.3433282 0.1035884 0.3735957 0.103941 0.3736265 0.1020739 0.5690458 0.5520992 0.5658348 0.5396838 0.5274102 0.5553987 0.06220263 0.0773459 0.02461671 0.0720207 0.02267062 0.09529972 0.2223233 0.1099953 0.222316 0.1038748 0.1915798 0.103958 0.3738548 0.03323495 0.3738626 0.05584758 0.4047681 0.05596846 0.3130431 0.1034049 0.313046 0.1014843 0.2828252 0.1016353 0.252733 0.101742 0.2527434 0.1035398 0.2828335 0.1034892 0.160851 0.08385866 0.1604019 0.1018105 0.1915819 0.1021174 0.6278379 0.03663438 0.6167001 0.01388502 0.5872206 0.02451068 0.1614401 0.1674351 0.1616452 0.1716274 0.1930156 0.1700065 0.3735957 0.103941 0.4040653 0.1045585 0.4040998 0.1026796 0.0601415 0.09978765 0.06028681 0.09760558 0.02267062 0.09529972 0.4662812 0.05636835 0.4972777 0.05602699 0.4966868 0.03360146 0.4541832 0.4861168 0.5045323 0.4454798 0.4836325 0.4267847 0.3426554 0.163453 0.3722913 0.1642328 0.372515 0.1576003 0.1925975 0.0337156 0.1921956 0.05572539 0.2225164 0.05589032 0.0216149 0.1297175 0.02161687 0.140191 0.05902481 0.1402285 0.5168422 0.3747137 0.5230323 0.3611387 0.4935458 0.3490684 0.6005701 0.100349 0.6006892 0.102582 0.6387496 0.1007441 0.5602197 0.05183738 0.5927165 0.04656553 0.5872206 0.02451068 0.4049559 0.03388434 0.4047681 0.05596846 0.4355216 0.0561884 0.2224742 0.08458799 0.2223045 0.1019343 0.252733 0.101742 0.2829117 0.05597692 0.3130262 0.05574238 0.3128598 0.03473162 0.2223045 0.1019343 0.1915819 0.1021174 0.1915798 0.103958 0.5063174 0.5859313 0.5175333 0.5921046 0.5274102 0.5553987 0.3736736 0.08464598 0.3736265 0.1020739 0.4040998 0.1026796 0.06452912 0.2262057 0.0650475 0.2300807 0.09999293 0.2255483 0.3128206 0.3254218 0.2886814 0.3260801 0.2898641 0.3446654 0.3386564 0.2930514 0.3388825 0.2872259 0.3128461 0.2866802 0.3611624 0.3279199 0.3590548 0.3463919 0.3822982 0.3501146 0.2644439 0.3283186 0.2667393 0.3468078 0.2898641 0.3446654 0.4429247 0.3154968 0.4425846 0.3168904 0.4703206 0.324443 0.4978052 0.1057185 0.497825 0.1121853 0.5307455 0.1121668 0.3129634 0.2464652 0.3128665 0.2573114 0.3400417 0.2579562 0.4049559 0.03388434 0.4356792 0.03480499 0.4357994 0.02391141 0.2062051 0.2948036 0.2335338 0.2904205 0.2332088 0.2880052 0.2540894 0.178779 0.2836701 0.1781034 0.2834377 0.1671093 0.3128511 0.2633081 0.285786 0.2638477 0.285868 0.2660983 0.2829111 0.1095411 0.2828335 0.1034892 0.2527434 0.1035398 0.5927803 0.2455145 0.592069 0.2496861 0.6302988 0.2560708 0.4654092 0.1318256 0.4651221 0.1405191 0.4972232 0.1416578 0.3766559 0.3788609 0.3980002 0.384419 0.405764 0.3553611 0.3944798 0.2680006 0.4225208 0.2713987 0.4234288 0.2651712 0.5137003 0.2823342 0.5162687 0.269744 0.4847031 0.2633206 0.06092739 0.1907681 0.0601204 0.1773421 0.02285343 0.1795242 0.3426554 0.163453 0.3425947 0.167351 0.3721767 0.1680483 0.1917781 0.1258424 0.1918399 0.129901 0.2226462 0.1293365 0.196784 0.225299 0.2265017 0.2226644 0.2262556 0.2193961 0.3130341 0.1285716 0.3130226 0.1367369 0.3429707 0.1369843 0.435225 0.08542644 0.4348183 0.1031645 0.4659811 0.1035655 0.4970511 0.1463323 0.4972232 0.1416578 0.4651221 0.1405191 0.5562091 0.243463 0.592069 0.2496861 0.5927803 0.2455145 0.06452912 0.2262057 0.09952062 0.2216546 0.09764909 0.2042546 0.5175333 0.5921046 0.5118578 0.6085753 0.530125 0.6116446 0.4993619 0.3334633 0.4998732 0.3319441 0.4707418 0.322994 0.592069 0.2496861 0.5887409 0.2674746 0.6262807 0.2755702 0.4268081 0.2400878 0.4566026 0.243916 0.458534 0.2290483 0.3964792 0.4459964 0.4193993 0.3917459 0.3980002 0.384419 0.3405049 0.247216 0.3406975 0.2413899 0.3129789 0.240785 0.3942205 0.2702935 0.3668233 0.2675182 0.3663668 0.2731824 0.14501 0.2914784 0.1435748 0.2850686 0.111841 0.2921763 0.3732182 0.1253226 0.3731391 0.1292656 0.4034476 0.1300144 0.4872211 0.2486385 0.4896532 0.2331328 0.458534 0.2290483 0.1212782 0.3266895 0.1515508 0.3175324 0.1510812 0.3158531 0.5651259 0.1338092 0.6014645 0.133659 0.6014456 0.128851 0.4654092 0.1318256 0.4974323 0.1328045 0.4975243 0.1284751 0.3662369 0.2747656 0.3654125 0.2848953 0.3920595 0.2879177 0.5221803 0.2379568 0.5193045 0.2539172 0.5530529 0.2603694 0.08014851 0.307596 0.08066362 0.3095865 0.114012 0.3010645 0.495956 0.1705892 0.463915 0.1686255 0.4636554 0.1727844 0.4786832 0.2926772 0.5092547 0.3004243 0.5097424 0.2985799 0.4896532 0.2331328 0.4872211 0.2486385 0.5193045 0.2539172 0.1279169 0.1263301 0.1603235 0.1262186 0.1603338 0.1144917 0.2830038 0.1246812 0.2830259 0.128519 0.3130341 0.1285716 0.06621825 0.2383733 0.06678324 0.2422627 0.1016088 0.2371807 0.2830038 0.1246812 0.2829328 0.1135111 0.2528185 0.1138116 0.4035532 0.1260416 0.4034476 0.1300144 0.4341543 0.1309319 0.2434177 0.3505023 0.2667393 0.3468078 0.2644439 0.3283186 0.5306512 0.1291308 0.4975243 0.1284751 0.4974323 0.1328045 0.02133208 0.1248259 0.0216149 0.1297175 0.05903828 0.13019 0.3395327 0.2715997 0.339473 0.2731538 0.3662369 0.2747656 0.3663668 0.2731824 0.3662369 0.2747656 0.3933353 0.2776354 0.4327132 0.1667706 0.4022139 0.1652304 0.4020332 0.1691954 0.6014645 0.133659 0.6395946 0.1337373 0.6399355 0.1285899 0.2861546 0.2734673 0.2865551 0.2834439 0.312838 0.2827668 0.049003 0.3331682 0.08427685 0.3225777 0.08066362 0.3095865 0.1991947 0.2477143 0.1988936 0.2452186 0.1688548 0.2493472 0.3389477 0.2856279 0.3652088 0.2872473 0.3654125 0.2848953 0.117249 0.3131453 0.1180467 0.3159798 0.148797 0.3074093 0.3652088 0.2872473 0.3917498 0.2903175 0.3920595 0.2879177 0.4752802 0.3065254 0.4759528 0.3039075 0.4471184 0.2972285 0.4261605 0.2454051 0.4558361 0.2491882 0.4566026 0.243916 0.3920595 0.2879177 0.419256 0.2918434 0.4209736 0.2814762 0.3430294 0.1287433 0.3731391 0.1292656 0.3732182 0.1253226 0.419256 0.2918434 0.4471184 0.2972285 0.4493885 0.2863676 0.3128206 0.3254218 0.312847 0.3144311 0.2880966 0.3151424 0.117249 0.3131453 0.1481091 0.3047299 0.1454233 0.293252 0.2526288 0.03442335 0.2827277 0.03457087 0.2828909 0.02364176 0.5274102 0.5553987 0.4925016 0.5648155 0.4976364 0.5765354 0.03359162 0.266386 0.03559684 0.2725993 0.07093679 0.2657492 0.4759528 0.3039075 0.4752802 0.3065254 0.5052469 0.314964 0.2866603 0.285789 0.3128424 0.2850983 0.312838 0.2827668 0.5060576 0.3122137 0.5052469 0.314964 0.536907 0.3248874 0.2609657 0.295042 0.2604444 0.2891469 0.2337552 0.292067 0.3413515 0.219967 0.3698854 0.221082 0.3700407 0.2178785 0.1186056 0.3179122 0.1492815 0.3092474 0.148797 0.3074093 0.3388825 0.2872259 0.365065 0.2888671 0.3652088 0.2872473 0.09902793 0.3641223 0.0918886 0.3464157 0.05663371 0.3579557 0.08517307 0.3256095 0.0499823 0.3363673 0.05069822 0.3385005 0.4316173 0.1858043 0.4318576 0.1822712 0.4014872 0.1804004 0.1016088 0.2371807 0.1041955 0.2534307 0.1368409 0.2483611 0.2867349 0.2874001 0.3128461 0.2866802 0.3128424 0.2850983 0.4976364 0.5765354 0.5063174 0.5859313 0.5274102 0.5553987 0.4748171 0.3083099 0.4462029 0.3014576 0.4447773 0.3076893 0.53626 0.326882 0.570159 0.3380742 0.5708628 0.335954 0.02177059 0.1101918 0.05947941 0.1121226 0.05972081 0.1071295 0.09443491 0.1261914 0.09439712 0.1305753 0.1279268 0.1306092 0.4308152 0.19663 0.4006944 0.1945165 0.3997455 0.2096235 0.3130237 0.1631609 0.3426554 0.163453 0.3427878 0.1568639 0.5795536 0.3070116 0.5816284 0.2990107 0.5466655 0.2902194 0.4030972 0.1425958 0.4337147 0.1437786 0.4338831 0.1393445 0.1918703 0.08448302 0.1915819 0.1021174 0.2223045 0.1019343 0.5181844 0.2601169 0.5517967 0.2666561 0.5530529 0.2603694 0.4792932 0.5083284 0.4668033 0.5273706 0.4787223 0.532635 0.5118578 0.6085753 0.5075892 0.6209354 0.530098 0.6247106 0.5817825 0.5326979 0.5937454 0.5274371 0.5812243 0.5083132 0.4756035 0.5689948 0.4629314 0.5721524 0.4720149 0.5931181 0.06207758 0.2036421 0.02566045 0.207062 0.02573031 0.2113208 0.5650485 0.1434787 0.5651259 0.1338092 0.5305958 0.1335241 0.1938371 0.1851484 0.1942785 0.1924314 0.2245928 0.1905923 0.2850703 0.241091 0.2850005 0.2387055 0.2566732 0.2398591 0.5487135 0.5210704 0.5587747 0.5289934 0.5716243 0.5171703 0.4977876 0.1165732 0.5307765 0.1168258 0.5307455 0.1121668 0.5428073 0.5921623 0.5484007 0.6086499 0.5647457 0.5998511 0.5674514 0.3459885 0.570159 0.3380742 0.53626 0.326882 0.1283437 0.1013226 0.09520554 0.1000652 0.0950939 0.1021537 0.1024876 0.02896451 0.1324558 0.03131765 0.1332506 0.02024555 0.4810354 0.282127 0.48242 0.2754036 0.4524074 0.2699076 0.2526288 0.03442335 0.2527819 0.05599206 0.2829117 0.05597692 0.5097424 0.2985799 0.5092547 0.3004243 0.5416028 0.309404 0.3128736 0.2924549 0.3128461 0.2866802 0.2867349 0.2874001 0.1057571 0.262521 0.1070721 0.2694767 0.1393393 0.2633597 0.2225164 0.05589032 0.2224515 0.06968384 0.2527452 0.06964898 0.3129908 0.1814585 0.3422614 0.1817803 0.3423262 0.1783952 0.3432647 0.05580335 0.3431828 0.03395277 0.3128598 0.03473162 0.5332214 0.3357164 0.5667309 0.3479831 0.5674514 0.3459885 0.0972523 0.2001293 0.09764909 0.2042546 0.1312269 0.2011702 0.5020263 0.3253411 0.502569 0.3236268 0.4730839 0.3147387 0.6009269 0.1647433 0.6007452 0.1688401 0.6388771 0.1708107 0.3935312 0.2760281 0.3933353 0.2776354 0.4209736 0.2814762 0.2543921 0.1892209 0.2545213 0.1927742 0.2838351 0.191942 0.1920487 0.1427187 0.2228574 0.1419562 0.2227597 0.1376659 0.3898745 0.3038563 0.4162327 0.3083706 0.4171379 0.3036772 0.53116 0.3413709 0.5644078 0.3541653 0.5667309 0.3479831 0.3432647 0.05580335 0.343297 0.06946396 0.3737909 0.0697602 0.4619994 0.1956956 0.4616833 0.1993587 0.4933787 0.2022461 0.3971543 0.2423053 0.3976418 0.2368605 0.3689873 0.2350893 0.3130262 0.05574238 0.3130421 0.06941527 0.343297 0.06946396 0.3689873 0.2350893 0.3976418 0.2368605 0.3988127 0.2228683 0.5421574 0.3074457 0.5440474 0.3004695 0.5114001 0.2920016 0.05927836 0.1604974 0.02202677 0.162056 0.02252769 0.1661812 0.1286698 0.1616321 0.161149 0.1603563 0.1610189 0.1568928 0.6358607 0.2130423 0.5976991 0.2093957 0.597226 0.2138267 0.3386564 0.2930514 0.3645391 0.2948535 0.365065 0.2888671 0.3407683 0.2390466 0.3129829 0.2384086 0.3129789 0.240785 0.3129233 0.188394 0.3129112 0.1918076 0.3420192 0.19217 0.05927836 0.1604974 0.059062 0.1453992 0.0213173 0.1456483 0.09804219 0.06489139 0.0963754 0.08095234 0.1290287 0.0829842 0.3383904 0.2989033 0.3639749 0.3008632 0.3644084 0.2963281 0.4026579 0.1552488 0.4025326 0.1585361 0.4330838 0.1599604 0.201404 0.265261 0.2023409 0.2715597 0.2307372 0.2679477 0.4432557 0.3141286 0.4711534 0.3215625 0.4726349 0.3163731 0.2265017 0.2226644 0.2555639 0.2207344 0.2554095 0.2176135 0.4644781 0.1581593 0.4643015 0.1615988 0.4964122 0.1633893 0.261543 0.3009687 0.2616723 0.3022508 0.2873647 0.3004262 0.02897733 0.2352571 0.0650475 0.2300807 0.06452912 0.2262057 0.2091526 0.3102681 0.2357118 0.3056555 0.2355127 0.3043441 0.488386 0.3615049 0.4789487 0.3821563 0.5049401 0.3961454 0.5003672 0.3304642 0.4998732 0.3319441 0.5305662 0.3429619 0.1234734 0.3335396 0.1239996 0.3351149 0.1538788 0.3256168 0.4250774 0.2540031 0.4234288 0.2651712 0.4524074 0.2699076 0.53116 0.3413709 0.5305662 0.3429619 0.5637519 0.3558892 0.1945194 0.1960198 0.1955165 0.2115938 0.2255511 0.2093792 0.5365837 0.5169563 0.5237847 0.5169835 0.5274102 0.5553987 0.1538788 0.3256168 0.158716 0.3407936 0.1860013 0.3323869 0.2549322 0.2077309 0.2255511 0.2093792 0.2257752 0.2126596 0.5137003 0.2823342 0.5466655 0.2902194 0.5496305 0.27685 0.09902793 0.3641223 0.06317788 0.3800429 0.07210868 0.3968229 0.2234825 0.1646263 0.2232257 0.1579188 0.192559 0.1591647 0.1016088 0.2371807 0.06678324 0.2422627 0.06976985 0.2594382 0.3637254 0.3034426 0.3638524 0.3021352 0.3383307 0.3001785 0.5941809 0.2369451 0.5947991 0.2327855 0.5586631 0.2276499 0.597226 0.2138267 0.5607464 0.2095394 0.5586631 0.2276499 0.2842524 0.2165871 0.2843219 0.2198688 0.3129502 0.219588 0.5816284 0.2990107 0.6186835 0.3087048 0.622452 0.2934662 0.1774805 0.2976949 0.2057704 0.2923324 0.2039273 0.2817358 0.4756035 0.5689948 0.4829922 0.5860005 0.4976364 0.5765354 0.4225208 0.2713987 0.4512945 0.2761656 0.4524074 0.2699076 0.2850005 0.2387055 0.3129829 0.2384086 0.3130035 0.2335044 0.4915561 0.218803 0.4911305 0.22224 0.5238174 0.2266375 0.2076153 0.3024261 0.2346065 0.2981924 0.2337552 0.292067 0.3623365 0.3169425 0.3611624 0.3279199 0.3855894 0.3312985 0.4283838 0.2257069 0.3988127 0.2228683 0.3976418 0.2368605 0.410339 0.3361941 0.405764 0.3553611 0.4296317 0.3620748 0.2281044 0.2422493 0.2566732 0.2398591 0.2563793 0.2346577 0.312847 0.3144311 0.3128206 0.3254218 0.3369633 0.3259525 0.4662117 0.03441077 0.4966868 0.03360146 0.4964303 0.02292323 0.1958206 0.3634383 0.2198355 0.3562397 0.2149547 0.3370844 0.5243161 0.222929 0.5586631 0.2276499 0.5607464 0.2095394 0.5947991 0.2327855 0.5941809 0.2369451 0.632106 0.2430503 0.1648221 0.4154616 0.1861364 0.4027016 0.1712993 0.3731794 0.4347906 0.1050044 0.4347186 0.1112139 0.4659224 0.1118268 0.529955 0.3445819 0.5230323 0.3611387 0.5549573 0.3758302 0.2802509 0.4312333 0.2710934 0.3755404 0.2499324 0.3795024 0.2434177 0.3505023 0.2398955 0.3319768 0.2149547 0.3370844 0.1999722 0.2539074 0.201404 0.265261 0.2300454 0.261768 0.2828335 0.1034892 0.2829111 0.1095411 0.3130638 0.1094535 0.114012 0.3010645 0.1454233 0.293252 0.14501 0.2914784 0.5812243 0.5083132 0.56317 0.4943395 0.5569725 0.5058264 0.5003672 0.3304642 0.4711534 0.3215625 0.4707418 0.322994 0.3935312 0.2760281 0.4212317 0.2798162 0.4221748 0.2737626 0.2590873 0.2733039 0.2592112 0.2748833 0.2861546 0.2734673 0.5708628 0.335954 0.571894 0.3328183 0.5378298 0.321966 0.2584927 0.2654919 0.2307372 0.2679477 0.2309975 0.2702699 0.462172 0.4127172 0.4836325 0.4267847 0.5049401 0.3961454 0.2499324 0.3795024 0.2710934 0.3755404 0.2667393 0.3468078 0.1748159 0.2849467 0.2036653 0.2800722 0.2026951 0.2739442 0.4308152 0.19663 0.4310908 0.1930562 0.4009121 0.1909331 0.3433282 0.1035884 0.343303 0.1096554 0.3735263 0.1100227 0.1290187 0.1689434 0.1292514 0.1732944 0.1616452 0.1716274 0.3395327 0.2715997 0.3397365 0.2661811 0.3128435 0.2655596 0.3140338 0.4286304 0.3132365 0.3725113 0.2922124 0.3733088 0.09626883 0.1881211 0.1300047 0.1856504 0.1292514 0.1732944 0.5642704 0.1671295 0.6007452 0.1688401 0.6009269 0.1647433 0.07770276 0.2976506 0.07591551 0.2898731 0.04012668 0.2984403 0.3639749 0.3008632 0.3638524 0.3021352 0.3896858 0.30516 0.4970511 0.1463323 0.4649609 0.1448886 0.4644781 0.1581593 0.4379683 0.477425 0.4242381 0.4933728 0.4354391 0.5038856 0.3413515 0.219967 0.3129502 0.219588 0.3130035 0.2335044 0.2590873 0.2733039 0.2586647 0.2677958 0.2309975 0.2702699 0.3802546 0.4400646 0.3980002 0.384419 0.3766559 0.3788609 0.2228574 0.1419562 0.223122 0.1546185 0.2533851 0.1538393 0.3689873 0.2350893 0.3698854 0.221082 0.3413515 0.219967 0.4346318 0.1154122 0.4658488 0.116108 0.4659224 0.1118268 0.5581104 0.2315471 0.5586631 0.2276499 0.5243161 0.222929 0.3726004 0.1543536 0.372515 0.1576003 0.4025326 0.1585361 0.08427685 0.3225777 0.117249 0.3131453 0.114012 0.3010645 0.1300047 0.1856504 0.1302843 0.1894583 0.1626383 0.187168 0.2618058 0.3035693 0.263249 0.3172693 0.2880966 0.3151424 0.2590873 0.2733039 0.2317048 0.2760641 0.2319059 0.277704 0.4341543 0.1309319 0.4654092 0.1318256 0.4655217 0.1277905 0.2036653 0.2800722 0.2039273 0.2817358 0.2319059 0.277704 0.4651221 0.1405191 0.4654092 0.1318256 0.4341543 0.1309319 0.09466964 0.1135213 0.0948354 0.1090055 0.05972081 0.1071295 0.5060576 0.3122137 0.5378298 0.321966 0.5416028 0.309404 0.2241063 0.179969 0.2540894 0.178779 0.2537209 0.1676726 0.0972523 0.2001293 0.06207758 0.2036421 0.06247538 0.2078101 0.06092739 0.1907681 0.06126838 0.1949743 0.09657222 0.1919838 0.6002563 0.1772078 0.5999448 0.1822034 0.6384937 0.1843897 0.3717237 0.1792007 0.3716067 0.18252 0.4013056 0.1838608 0.4872211 0.2486385 0.4862962 0.2543392 0.5181844 0.2601169 0.5985274 0.2004166 0.5989094 0.1960361 0.5624067 0.1928437 0.4759528 0.3039075 0.4786832 0.2926772 0.4493885 0.2863676 0.4318576 0.1822712 0.4316173 0.1858043 0.4625907 0.188274 0.07299697 0.2762895 0.0368871 0.2836199 0.04012668 0.2984403 0.1917781 0.1258424 0.1916178 0.1143724 0.1603338 0.1144917 0.2566732 0.2398591 0.2850005 0.2387055 0.2848868 0.2335916 0.2850005 0.2387055 0.2850703 0.241091 0.3129789 0.240785 0.4119386 0.4539257 0.4407712 0.4009091 0.4193993 0.3917459 0.3915327 0.2919525 0.3907499 0.2977206 0.4174233 0.3021455 0.05903828 0.13019 0.05902481 0.1402285 0.09445083 0.1400304 0.571894 0.3328183 0.5708628 0.335954 0.6074046 0.3481771 0.5569725 0.5058264 0.56317 0.4943395 0.5416225 0.4869681 0.570159 0.3380742 0.6065886 0.3504215 0.6074046 0.3481771 0.4976364 0.5765354 0.4829922 0.5860005 0.4955314 0.5997136 0.4966868 0.03360146 0.4972777 0.05602699 0.5285382 0.05460971 0.1368409 0.2483611 0.1377261 0.253937 0.1688548 0.2493472 0.5034834 0.505827 0.4888705 0.5171707 0.5015994 0.5290105 0.5301641 0.5942981 0.530125 0.6116446 0.5484007 0.6086499 0.6010315 0.1101471 0.6006892 0.102582 0.5647567 0.1045109 0.5634595 0.1795555 0.5624067 0.1928437 0.5989094 0.1960361 0.5773809 0.5861841 0.5883495 0.593356 0.5975316 0.5723419 0.4741372 0.5505424 0.4611455 0.5494227 0.4629314 0.5721524 0.4955314 0.5997136 0.487465 0.6100205 0.5075892 0.6209354 0.02296561 0.1744635 0.05984431 0.172514 0.0594384 0.1643814 0.162696 0.0334025 0.1925975 0.0337156 0.1927551 0.02320086 0.04495507 0.01356726 0.07339185 0.02391701 0.07605785 0.01394772 0.1302843 0.1894583 0.09657222 0.1919838 0.0972523 0.2001293 0.2572177 0.2484496 0.285249 0.2469699 0.2850703 0.241091 0.5571604 0.02995204 0.5872206 0.02451068 0.5843777 0.01394319 0.5843777 0.01394319 0.5872206 0.02451068 0.6167001 0.01388502 0.196784 0.225299 0.1982426 0.2398089 0.2276282 0.2367957 0.1701886 0.2581741 0.1720681 0.2701265 0.201404 0.265261 0.6240494 0.2819824 0.6262807 0.2755702 0.5887409 0.2674746 0.572777 0.6102098 0.5647457 0.5998511 0.5484007 0.6086499 0.3128731 0.2939144 0.3385885 0.2945241 0.3386564 0.2930514 0.2348163 0.2997015 0.2346065 0.2981924 0.2076153 0.3024261 0.3969327 0.2447396 0.3971543 0.2423053 0.3687025 0.2400444 0.2833085 0.1534505 0.3130761 0.1533614 0.3130117 0.1409402 0.2870705 0.2944661 0.3128731 0.2939144 0.3128736 0.2924549 0.5667309 0.3479831 0.6022914 0.3606008 0.6029718 0.3585563 0.3386564 0.2930514 0.3385885 0.2945241 0.3644084 0.2963281 0.130886 0.1973053 0.1312269 0.2011702 0.1634659 0.1983245 0.4658488 0.116108 0.4977876 0.1165732 0.497825 0.1121853 0.5274102 0.5553987 0.5540724 0.5860435 0.5627182 0.5765863 0.1285297 0.1580455 0.09476029 0.1592508 0.09490507 0.1630029 0.1617861 0.05474048 0.1308623 0.05338782 0.1299655 0.06747394 0.530125 0.6116446 0.530098 0.6247106 0.5526123 0.6210281 0.3855894 0.3312985 0.3822982 0.3501146 0.405764 0.3553611 0.4157102 0.3110507 0.4425846 0.3168904 0.4429247 0.3154968 0.5294685 0.06889045 0.497622 0.0700193 0.4979357 0.08554869 0.4966868 0.03360146 0.5269274 0.03263783 0.5263418 0.02175652 0.103821 0.01842278 0.07605785 0.01394772 0.07339185 0.02391701 0.1604792 0.1390818 0.160573 0.1435723 0.1920487 0.1427187 0.4355216 0.0561884 0.4354018 0.07018095 0.4663099 0.07036626 0.1894683 0.4746391 0.1437976 0.4315901 0.123717 0.4532986 0.6156041 0.3168369 0.6186835 0.3087048 0.5816284 0.2990107 0.2873016 0.2991472 0.3128919 0.2984306 0.3128731 0.2939144 0.404383 0.08511435 0.4045803 0.06987875 0.3737909 0.0697602 0.08579236 0.3276556 0.08814018 0.3350983 0.1207315 0.3249099 0.343297 0.06946396 0.3130421 0.06941527 0.3130528 0.08438992 0.5003672 0.3304642 0.53116 0.3413709 0.5332214 0.3357164 0.4038711 0.11482 0.4346318 0.1154122 0.4347186 0.1112139 0.2833085 0.1534505 0.283119 0.1409551 0.2531677 0.1413359 0.5863366 0.5506558 0.5993659 0.549561 0.5937454 0.5274371 0.2829744 0.08443427 0.3130528 0.08438992 0.3130421 0.06941527 0.253099 0.1370136 0.2531677 0.1413359 0.283119 0.1409551 0.2224742 0.08458799 0.2224515 0.06968384 0.192007 0.06944072 0.2829117 0.05597692 0.2527819 0.05599206 0.2527452 0.06964898 0.09131026 0.3447101 0.09075725 0.3430549 0.05556982 0.3543525 0.2357118 0.3056555 0.2616723 0.3022508 0.261543 0.3009687 0.059062 0.1453992 0.05927836 0.1604974 0.09476029 0.1592508 0.5046798 0.316851 0.53626 0.326882 0.536907 0.3248874 0.1603235 0.1262186 0.1603627 0.130376 0.1918399 0.129901 0.4649609 0.1448886 0.4337147 0.1437786 0.4332458 0.1566132 0.09075725 0.3430549 0.08874946 0.3370265 0.0544247 0.3479509 0.6331011 0.05383235 0.5958849 0.06189167 0.5984109 0.07941228 0.3721767 0.1680483 0.3717237 0.1792007 0.4014872 0.1804004 0.3428364 0.1536328 0.3427878 0.1568639 0.372515 0.1576003 0.4993619 0.3334633 0.529955 0.3445819 0.5305662 0.3429619 0.529955 0.3445819 0.5630766 0.3576492 0.5637519 0.3558892 0.3398186 0.2639356 0.3128511 0.2633081 0.3128435 0.2655596 0.2227597 0.1376659 0.2228574 0.1419562 0.2531677 0.1413359 0.3382687 0.3014777 0.33754 0.31492 0.3623365 0.3169425 0.3129024 0.3010109 0.312847 0.3144311 0.33754 0.31492 0.5274488 0.1937978 0.527793 0.1899077 0.4947934 0.187129 0.5650994 0.1162657 0.5651291 0.1292064 0.6014456 0.128851 0.5304484 0.1427415 0.5303102 0.1475023 0.5649362 0.1484631 0.1301311 0.3512595 0.1239996 0.3351149 0.0918886 0.3464157 0.5941809 0.2369451 0.5581104 0.2315471 0.5568435 0.2395741 0.3132365 0.3725113 0.3342941 0.3732979 0.3359398 0.3443226 0.5168422 0.3747137 0.5473874 0.3905788 0.5549573 0.3758302 0.4636554 0.1727844 0.4324787 0.1708223 0.4318576 0.1822712 0.06028681 0.09760558 0.0601415 0.09978765 0.0950939 0.1021537 0.4508401 0.2785995 0.4497157 0.2846726 0.4790887 0.2909388 0.2833958 0.1632087 0.2833356 0.1566118 0.2534493 0.1570991 0.4174233 0.3021455 0.4171379 0.3036772 0.4444198 0.3092666 0.1894201 0.3442075 0.1860013 0.3323869 0.158716 0.3407936 0.495956 0.1705892 0.4964122 0.1633893 0.4643015 0.1615988 0.48242 0.2754036 0.4810354 0.282127 0.5120574 0.2893577 0.4296317 0.3620748 0.453987 0.3707591 0.4615679 0.3512091 0.1860013 0.3323869 0.1894201 0.3442075 0.2149547 0.3370844 0.128288 0.1033894 0.1603795 0.1037541 0.1604019 0.1018105 0.04358083 0.3089028 0.07841092 0.3005428 0.07770276 0.2976506 0.1112105 0.2894557 0.1096292 0.2822708 0.07591551 0.2898731 0.08874946 0.3370265 0.1212782 0.3266895 0.1207315 0.3249099 0.5301641 0.5942981 0.5428073 0.5921623 0.5274102 0.5553987 0.5649707 0.1115143 0.5650994 0.1162657 0.6012294 0.1151112 0.05972081 0.1071295 0.0601415 0.09978765 0.02277445 0.09756898 0.5291636 0.1728094 0.5637598 0.1750107 0.5642704 0.1671295 0.5244575 0.4695032 0.5614743 0.4379593 0.5321188 0.4141141 0.3951637 0.2617182 0.4234288 0.2651712 0.4250774 0.2540031 0.3944798 0.2680006 0.3942205 0.2702935 0.4221748 0.2737626 0.1057556 0.3784666 0.1191993 0.4013383 0.1459094 0.385666 0.5137003 0.2823342 0.5120574 0.2893577 0.5447946 0.2976684 0.3944798 0.2680006 0.3951637 0.2617182 0.367426 0.2593474 0.4129276 0.3249188 0.4388568 0.3312686 0.4425846 0.3168904 0.4296317 0.3620748 0.4193993 0.3917459 0.4407712 0.4009091 0.1112105 0.2894557 0.1430311 0.2825065 0.1416675 0.2756828 0.3980002 0.384419 0.4193993 0.3917459 0.4296317 0.3620748 0.6390177 0.1084479 0.6387496 0.1007441 0.6006892 0.102582 0.1135351 0.2991482 0.111841 0.2921763 0.07841092 0.3005428 0.4836325 0.4267847 0.5045323 0.4454798 0.5321188 0.4141141 0.0945006 0.1447879 0.09476029 0.1592508 0.1285297 0.1580455 0.2841266 0.2100281 0.2550833 0.2109591 0.2554095 0.2176135 0.2318943 0.4456402 0.2074566 0.3928382 0.1861364 0.4027016 0.2026951 0.2739442 0.2036653 0.2800722 0.2317048 0.2760641 0.1930156 0.1700065 0.193628 0.1815975 0.2241063 0.179969 0.3130064 0.1780812 0.2836701 0.1781034 0.2837138 0.1815847 0.3369633 0.3259525 0.3359398 0.3443226 0.3590548 0.3463919 0.3130006 0.2098288 0.3130239 0.2066454 0.2840651 0.2067207 0.1301311 0.3512595 0.158716 0.3407936 0.1538788 0.3256168 0.2970421 0.4290102 0.2922124 0.3733088 0.2710934 0.3755404 0.2527828 0.1095975 0.2223233 0.1099953 0.2223573 0.1140203 0.2169824 0.453665 0.1861364 0.4027016 0.1648221 0.4154616 0.3700407 0.2178785 0.3698854 0.221082 0.3988127 0.2228683 0.5046798 0.316851 0.4748171 0.3083099 0.4730839 0.3147387 0.134761 0.2325266 0.1662502 0.2286395 0.1658511 0.2251877 0.03019553 0.2435781 0.03045696 0.2477856 0.06678324 0.2422627 0.2039273 0.2817358 0.2036653 0.2800722 0.1748159 0.2849467 0.4628711 0.1845535 0.4625907 0.188274 0.4944856 0.1907674 0.1610189 0.1568928 0.161149 0.1603563 0.192559 0.1591647 0.0950939 0.1021537 0.0948354 0.1090055 0.1281687 0.1098943 0.312856 0.02372157 0.2828909 0.02364176 0.2827277 0.03457087 0.5291636 0.1728094 0.5288676 0.1772651 0.5634595 0.1795555 0.2555639 0.2207344 0.2563793 0.2346577 0.2848868 0.2335916 0.07150751 0.2687826 0.07299697 0.2762895 0.1070721 0.2694767 0.06452912 0.2262057 0.06247538 0.2078101 0.02573031 0.2113208 0.4663218 0.08561044 0.4659811 0.1035655 0.4978021 0.1037328 0.4657574 0.3391767 0.4615679 0.3512091 0.488386 0.3615049 0.2590873 0.2733039 0.2860916 0.2718778 0.285868 0.2660983 0.3407683 0.2390466 0.3687025 0.2400444 0.3689873 0.2350893 0.07210868 0.3968229 0.09105533 0.4219313 0.1191993 0.4013383 0.09439712 0.1305753 0.09443491 0.1261914 0.05912792 0.1253865 0.1603627 0.130376 0.1603235 0.1262186 0.1279169 0.1263301 0.05984431 0.172514 0.0601204 0.1773421 0.09551084 0.1752305 0.0963754 0.08095234 0.09804219 0.06489139 0.0649864 0.06032335 0.3681736 0.2484059 0.3963376 0.2507427 0.3969327 0.2447396 0.08066362 0.3095865 0.08014851 0.307596 0.04471796 0.3167443 0.2039273 0.2817358 0.2057704 0.2923324 0.2332088 0.2880052 0.3432602 0.1137533 0.3430744 0.1249049 0.3732182 0.1253226 0.1481091 0.3047299 0.1774805 0.2976949 0.1751529 0.2866669 0.3430744 0.1249049 0.3432602 0.1137533 0.3130515 0.1135389 0.2529497 0.1248815 0.2528185 0.1138116 0.2223573 0.1140203 0.6014456 0.128851 0.6399355 0.1285899 0.6396464 0.1137889 0.5116897 0.5211514 0.5274102 0.5553987 0.5237847 0.5169835 0.3431828 0.03395277 0.3738548 0.03323495 0.3739248 0.02198207 0.3990654 0.2196196 0.3988127 0.2228683 0.4283838 0.2257069 0.4324787 0.1708223 0.4636554 0.1727844 0.463915 0.1686255 0.1712993 0.3731794 0.1958206 0.3634383 0.1894201 0.3442075 0.0284655 0.05222177 0.0649864 0.06032335 0.06797969 0.04533374 0.07591551 0.2898731 0.1096292 0.2822708 0.1070721 0.2694767 0.4790887 0.2909388 0.4497157 0.2846726 0.4493885 0.2863676 0.1393393 0.2633597 0.1701886 0.2581741 0.1692429 0.2519462 0.5307765 0.1168258 0.5306512 0.1291308 0.5651291 0.1292064 0.2529928 0.1288065 0.2830259 0.128519 0.2830038 0.1246812 0.222316 0.1038748 0.2223233 0.1099953 0.2527828 0.1095975 0.2648611 0.4391682 0.269588 0.4586079 0.2842279 0.4557964 0.2549322 0.2077309 0.2840651 0.2067207 0.2838351 0.191942 0.1180467 0.3159798 0.117249 0.3131453 0.08427685 0.3225777 0.2861546 0.2734673 0.3128748 0.272736 0.3128672 0.2711687 0.4346318 0.1154122 0.4342705 0.1268073 0.4655217 0.1277905 0.597226 0.2138267 0.5947991 0.2327855 0.6332263 0.2387274 0.2604444 0.2891469 0.2603028 0.2875387 0.2335338 0.2904205 0.2540894 0.178779 0.2241063 0.179969 0.2242739 0.1834474 0.2242739 0.1834474 0.2241063 0.179969 0.193628 0.1815975 0.4174233 0.3021455 0.4447773 0.3076893 0.4462029 0.3014576 0.4977876 0.1165732 0.4975243 0.1284751 0.5306512 0.1291308 0.4748171 0.3083099 0.5046798 0.316851 0.5052469 0.314964 0.3128461 0.2866802 0.3388825 0.2872259 0.3389477 0.2856279 0.2337552 0.292067 0.2335338 0.2904205 0.2062051 0.2948036 0.2600941 0.2851535 0.2865551 0.2834439 0.2861546 0.2734673 0.2867349 0.2874001 0.2866603 0.285789 0.2603028 0.2875387 0.3917498 0.2903175 0.418832 0.2942954 0.419256 0.2918434 0.3652088 0.2872473 0.365065 0.2888671 0.3915327 0.2919525 0.1999722 0.2539074 0.2289051 0.250731 0.2283341 0.2447093 0.4756035 0.5689948 0.4925016 0.5648155 0.4914555 0.5520933 0.1308623 0.05338782 0.09966284 0.05053198 0.09804219 0.06489139 0.4347186 0.1112139 0.4347906 0.1050044 0.4040653 0.1045585 0.4566026 0.243916 0.4558361 0.2491882 0.4862962 0.2543392 0.4787223 0.532635 0.4945974 0.5397145 0.5015994 0.5290105 0.5658348 0.5396838 0.5587747 0.5289934 0.5274102 0.5553987 0.5848368 0.5691373 0.5863366 0.5506558 0.5690458 0.5520992 0.4955314 0.5997136 0.5118578 0.6085753 0.5175333 0.5921046 0.3128748 0.272736 0.339473 0.2731538 0.3395327 0.2715997 0.5999448 0.1822034 0.5989094 0.1960361 0.6374976 0.199482 0.4787223 0.532635 0.4668033 0.5273706 0.4611455 0.5494227 0.3129908 0.1814585 0.2837138 0.1815847 0.2837803 0.1885215 0.403967 0.1106761 0.3735263 0.1100227 0.3734489 0.1141306 0.4432557 0.3141286 0.4429247 0.3154968 0.4707418 0.322994 0.5773809 0.5861841 0.5848368 0.5691373 0.5679308 0.5648767 0.5305958 0.1335241 0.5651259 0.1338092 0.5651291 0.1292064 0.2528106 0.02347129 0.2226675 0.02331113 0.2224715 0.03422188 0.1604792 0.1390818 0.1919511 0.1384283 0.1918399 0.129901 0.4888705 0.5171707 0.5034834 0.505827 0.4972868 0.4943528 0.2283341 0.2447093 0.2281044 0.2422493 0.1988936 0.2452186 0.5274102 0.5553987 0.5679308 0.5648767 0.5690458 0.5520992 0.3369633 0.3259525 0.3611624 0.3279199 0.3623365 0.3169425 0.285786 0.2638477 0.3128511 0.2633081 0.3128665 0.2573114 0.6029718 0.3585563 0.6065886 0.3504215 0.570159 0.3380742 0.3430376 0.02283847 0.312856 0.02372157 0.3128598 0.03473162 0.2609657 0.295042 0.2346065 0.2981924 0.2348163 0.2997015 0.5116897 0.5211514 0.5015994 0.5290105 0.5274102 0.5553987 0.3407683 0.2390466 0.3406975 0.2413899 0.3685584 0.242462 0.2830893 0.1367358 0.3130226 0.1367369 0.3130341 0.1285716 0.6014645 0.133659 0.6014836 0.1440015 0.6395626 0.1443293 0.3130761 0.1533614 0.3130683 0.1565868 0.3427878 0.1568639 0.4032355 0.1383206 0.4034476 0.1300144 0.3731391 0.1292656 0.3128511 0.2633081 0.3398186 0.2639356 0.3400417 0.2579562 0.4726349 0.3163731 0.4730839 0.3147387 0.4447773 0.3076893 0.1917781 0.1258424 0.2225829 0.1252647 0.2223573 0.1140203 0.1510812 0.3158531 0.1515508 0.3175324 0.1802918 0.3101147 0.09439712 0.1305753 0.09445083 0.1400304 0.1280598 0.1395688 0.3905431 0.2992171 0.3907499 0.2977206 0.3645391 0.2948535 0.1623988 0.1835076 0.1626383 0.187168 0.1938371 0.1851484 0.0284655 0.05222177 0.02461671 0.0720207 0.06220263 0.0773459 0.4544373 0.2582845 0.4847031 0.2633206 0.4858255 0.2569862 0.4022139 0.1652304 0.3722913 0.1642328 0.3721767 0.1680483 0.342086 0.1887465 0.3420192 0.19217 0.3712097 0.1929206 0.5612134 0.2053823 0.526644 0.2018018 0.5262405 0.2056447 0.1308623 0.05338782 0.1324558 0.03131765 0.1024876 0.02896451 0.261543 0.3009687 0.2873016 0.2991472 0.2870705 0.2944661 0.3429154 0.1411147 0.3729032 0.1417744 0.3730019 0.137533 0.4662812 0.05636835 0.4663099 0.07036626 0.497622 0.0700193 0.2245928 0.1905923 0.1942785 0.1924314 0.1945194 0.1960198 0.2232257 0.1579188 0.2534493 0.1570991 0.2533851 0.1538393 0.2247807 0.1941094 0.2545213 0.1927742 0.2543921 0.1892209 0.4332458 0.1566132 0.4337147 0.1437786 0.4030972 0.1425958 0.4354018 0.07018095 0.4355216 0.0561884 0.4047681 0.05596846 0.5644078 0.3541653 0.5637519 0.3558892 0.6001319 0.3693944 0.5294685 0.06889045 0.5285382 0.05460971 0.4972777 0.05602699 0.2348163 0.2997015 0.2355127 0.3043441 0.261543 0.3009687 0.2833958 0.1632087 0.2834377 0.1671093 0.3130159 0.1670564 0.5473874 0.3905788 0.5818407 0.4107056 0.5916406 0.3937141 0.2873647 0.3004262 0.312897 0.2997146 0.3128919 0.2984306 0.5658348 0.5396838 0.5817825 0.5326979 0.5716243 0.5171703 0.1229643 0.3319929 0.1234734 0.3335396 0.1534405 0.3241359 0.5298376 0.1616179 0.5303102 0.1475023 0.4970511 0.1463323 0.4663099 0.07036626 0.4354018 0.07018095 0.435225 0.08542644 0.1964478 0.2218521 0.1658511 0.2251877 0.1662502 0.2286395 0.09443491 0.1261914 0.1279169 0.1263301 0.1280938 0.1143177 0.2841266 0.2100281 0.2840651 0.2067207 0.2549322 0.2077309 0.4726349 0.3163731 0.4711534 0.3215625 0.5003672 0.3304642 0.5646635 0.1023664 0.6005701 0.100349 0.5984109 0.07941228 0.3425947 0.167351 0.3423262 0.1783952 0.3717237 0.1792007 0.2359157 0.3069924 0.2357118 0.3056555 0.2091526 0.3102681 0.3963376 0.2507427 0.3681736 0.2484059 0.367426 0.2593474 0.0649864 0.06032335 0.09804219 0.06489139 0.09966284 0.05053198 0.4324787 0.1708223 0.4020332 0.1691954 0.4014872 0.1804004 0.2618058 0.3035693 0.2874307 0.3017299 0.2873647 0.3004262 0.3732182 0.1253226 0.4035532 0.1260416 0.4038711 0.11482 0.3874636 0.3201063 0.3855894 0.3312985 0.410339 0.3361941 0.263249 0.3172693 0.2618058 0.3035693 0.2359157 0.3069924 0.2580439 0.2593943 0.2855746 0.2577134 0.285249 0.2469699 0.4589292 0.2257422 0.458534 0.2290483 0.4896532 0.2331328 0.2123565 0.3256714 0.2380307 0.3206879 0.2359157 0.3069924 0.312847 0.3144311 0.3129024 0.3010109 0.2874307 0.3017299 0.6375348 0.07387703 0.5984109 0.07941228 0.6005701 0.100349 0.4935458 0.3490684 0.4993619 0.3334633 0.4703206 0.324443 0.463915 0.1686255 0.4643015 0.1615988 0.4330838 0.1599604 0.4157102 0.3110507 0.3894926 0.3064903 0.3874636 0.3201063 0.1780397 0.3002601 0.2062051 0.2948036 0.2057704 0.2923324 0.1312269 0.2011702 0.1329746 0.2180957 0.1647171 0.2145857 0.4786832 0.2926772 0.4759528 0.3039075 0.5060576 0.3122137 0.09466964 0.1135213 0.1280938 0.1143177 0.1281687 0.1098943 0.09075725 0.3430549 0.09131026 0.3447101 0.1234734 0.3335396 0.2123565 0.3256714 0.2149547 0.3370844 0.2398955 0.3319768 0.5306352 0.1055076 0.5647567 0.1045109 0.5646635 0.1023664 0.1285297 0.1580455 0.1610189 0.1568928 0.160573 0.1435723 0.1430311 0.2825065 0.1732228 0.2765075 0.1720681 0.2701265 0.2357118 0.3056555 0.2359157 0.3069924 0.2618058 0.3035693 0.1751529 0.2866669 0.1748159 0.2849467 0.14501 0.2914784 0.3398186 0.2639356 0.3669942 0.2652311 0.367426 0.2593474 0.5620189 0.06645774 0.5958849 0.06189167 0.5927165 0.04656553 0.2025467 0.4632017 0.1648221 0.4154616 0.1437976 0.4315901 0.1290187 0.1689434 0.1286698 0.1616321 0.09490507 0.1630029 0.2023409 0.2715597 0.1732228 0.2765075 0.1736831 0.2789932 0.2536239 0.163737 0.2537209 0.1676726 0.2834377 0.1671093 0.3397365 0.2661811 0.3668233 0.2675182 0.3669942 0.2652311 0.4804784 0.2846513 0.5114001 0.2920016 0.5120574 0.2893577 0.5440474 0.3004695 0.5787335 0.3100068 0.5795536 0.3070116 0.1459094 0.385666 0.1712993 0.3731794 0.163051 0.3530696 0.1650806 0.2180464 0.1333688 0.2215831 0.1343149 0.2290317 0.2398955 0.3319768 0.2644439 0.3283186 0.263249 0.3172693 0.1958103 0.2149464 0.1955165 0.2115938 0.1647171 0.2145857 0.1437976 0.4315901 0.1648221 0.4154616 0.1459094 0.385666 0.6014107 0.1492115 0.5649362 0.1484631 0.5644569 0.163274 0.6002563 0.1772078 0.6383746 0.1793721 0.6388771 0.1708107 0.2898641 0.3446654 0.2922124 0.3733088 0.3132365 0.3725113 0.1112105 0.2894557 0.07770276 0.2976506 0.07841092 0.3005428 0.123717 0.4532986 0.1437976 0.4315901 0.1191993 0.4013383 0.3416439 0.2071666 0.3415672 0.2102412 0.3702999 0.2112386 0.2528185 0.1138116 0.2829328 0.1135111 0.2829111 0.1095411 0.44137 0.4734149 0.4836325 0.4267847 0.462172 0.4127172 0.3476087 0.431848 0.3554005 0.3756706 0.3342941 0.3732979 0.3722913 0.1642328 0.4022139 0.1652304 0.4025326 0.1585361 0.1280598 0.1395688 0.1604792 0.1390818 0.1603627 0.130376 0.1416675 0.2756828 0.1393393 0.2633597 0.1070721 0.2694767 0.1280938 0.1143177 0.1603338 0.1144917 0.1603484 0.1100789 0.1915937 0.1101682 0.1916178 0.1143724 0.2223573 0.1140203 0.3917498 0.2903175 0.3915327 0.2919525 0.4185395 0.2959609 0.1780397 0.3002601 0.1774805 0.2976949 0.1481091 0.3047299 0.343297 0.06946396 0.3432366 0.08443468 0.3736736 0.08464598 0.5288676 0.1772651 0.4956615 0.1749856 0.4947934 0.187129 0.2224742 0.08458799 0.2528294 0.08450347 0.2527452 0.06964898 0.1814785 0.3150417 0.2088828 0.3089115 0.207908 0.3039706 0.1616452 0.1716274 0.1292514 0.1732944 0.1300047 0.1856504 0.02133208 0.1248259 0.05912792 0.1253865 0.05947941 0.1121226 0.3390462 0.2832745 0.339473 0.2731538 0.3128748 0.272736 0.4975243 0.1284751 0.4977876 0.1165732 0.4658488 0.116108 0.3130237 0.1631609 0.3130159 0.1670564 0.3425947 0.167351 0.1925975 0.0337156 0.2224715 0.03422188 0.2226675 0.02331113 0.6002563 0.1772078 0.5637598 0.1750107 0.5634595 0.1795555 0.2335338 0.2904205 0.2603028 0.2875387 0.2600941 0.2851535 0.07093679 0.2657492 0.1052579 0.2597196 0.1041955 0.2534307 0.2667393 0.3468078 0.2710934 0.3755404 0.2922124 0.3733088 0.2257752 0.2126596 0.2262556 0.2193961 0.2554095 0.2176135 0.3730019 0.137533 0.3731391 0.1292656 0.3430294 0.1287433 0.312897 0.2997146 0.3129024 0.3010109 0.3382687 0.3014777 0.3637254 0.3034426 0.3894926 0.3064903 0.3896858 0.30516 0.5984109 0.07941228 0.5958849 0.06189167 0.5620189 0.06645774 0.4628711 0.1845535 0.4947934 0.187129 0.4956615 0.1749856 0.253099 0.1370136 0.2830893 0.1367358 0.2830259 0.128519 0.3129829 0.2384086 0.3407683 0.2390466 0.3409267 0.233778 0.5651259 0.1338092 0.5650485 0.1434787 0.6014836 0.1440015 0.2644439 0.3283186 0.2886814 0.3260801 0.2880966 0.3151424 0.5866874 0.2771321 0.5873523 0.2740101 0.5517967 0.2666561 0.3130226 0.1367369 0.3130117 0.1409402 0.3429154 0.1411147 0.4296946 0.2121127 0.4601581 0.2152976 0.4616833 0.1993587 0.2091526 0.3102681 0.2088828 0.3089115 0.1814785 0.3150417 0.1057571 0.262521 0.1381766 0.2566608 0.1377261 0.253937 0.1302843 0.1894583 0.1300047 0.1856504 0.09626883 0.1881211 0.3423262 0.1783952 0.3422614 0.1817803 0.3716067 0.18252 0.03559684 0.2725993 0.03613263 0.275604 0.07150751 0.2687826 0.4554474 0.2517428 0.4858255 0.2569862 0.4862962 0.2543392 0.1510812 0.3158531 0.1492815 0.3092474 0.1186056 0.3179122 0.5274102 0.5553987 0.5015994 0.5290105 0.4945974 0.5397145 0.5873523 0.2740101 0.5866874 0.2771321 0.6234117 0.2851374 0.2837138 0.1815847 0.2541967 0.1822033 0.2543921 0.1892209 0.2227597 0.1376659 0.253099 0.1370136 0.2529928 0.1288065 0.134761 0.2325266 0.1368409 0.2483611 0.1680405 0.2437701 0.5517967 0.2666561 0.5873523 0.2740101 0.5887409 0.2674746 0.5647567 0.1045109 0.6006892 0.102582 0.6005701 0.100349 0.5274102 0.5553987 0.5627182 0.5765863 0.5679308 0.5648767 0.1368409 0.2483611 0.1041955 0.2534307 0.1052579 0.2597196 0.4123073 0.4838588 0.4242381 0.4933728 0.4379683 0.477425 0.5332214 0.3357164 0.5338638 0.3338837 0.502569 0.3236268 0.5976991 0.2093957 0.5985274 0.2004166 0.5620346 0.1969442 0.2554095 0.2176135 0.2555639 0.2207344 0.2843219 0.2198688 0.4310908 0.1930562 0.4308152 0.19663 0.4616833 0.1993587 0.1945194 0.1960198 0.1942785 0.1924314 0.1631861 0.19471 0.3383307 0.3001785 0.3638524 0.3021352 0.3639749 0.3008632 0.6331011 0.05383235 0.6278379 0.03663438 0.5927165 0.04656553 0.3383904 0.2989033 0.3385885 0.2945241 0.3128731 0.2939144 0.153016 0.3226819 0.1814785 0.3150417 0.1802918 0.3101147 0.4162327 0.3083706 0.4432557 0.3141286 0.4444198 0.3092666 0.5602197 0.05183738 0.5285382 0.05460971 0.5294685 0.06889045 0.600747 0.3675209 0.6022914 0.3606008 0.5667309 0.3479831 0.223122 0.1546185 0.2228574 0.1419562 0.1920487 0.1427187 0.03613263 0.275604 0.0368871 0.2836199 0.07299697 0.2762895 0.5635231 0.08287435 0.5620189 0.06645774 0.5294685 0.06889045 0.4508401 0.2785995 0.4804784 0.2846513 0.4810354 0.282127 0.4221748 0.2737626 0.4508401 0.2785995 0.4512945 0.2761656 0.3420192 0.19217 0.3129112 0.1918076 0.3130239 0.2066454 0.4209736 0.2814762 0.4493885 0.2863676 0.4497157 0.2846726 0.2870705 0.2944661 0.2869974 0.2929908 0.2609657 0.295042 0.1343149 0.2290317 0.1010597 0.2333036 0.1016088 0.2371807 0.2833356 0.1566118 0.3130683 0.1565868 0.3130761 0.1533614 0.1614401 0.1674351 0.192839 0.1660329 0.192559 0.1591647 0.4354018 0.07018095 0.4045803 0.06987875 0.404383 0.08511435 0.5649362 0.1484631 0.5303102 0.1475023 0.5298376 0.1616179 0.1393393 0.2633597 0.1416675 0.2756828 0.1720681 0.2701265 0.0945006 0.1447879 0.1281493 0.1442963 0.1280598 0.1395688 0.2300454 0.261768 0.2580439 0.2593943 0.2572177 0.2484496 0.5466655 0.2902194 0.5816284 0.2990107 0.5849155 0.2849099 0.2534493 0.1570991 0.2833356 0.1566118 0.2833085 0.1534505 0.3130239 0.2066454 0.3130006 0.2098288 0.3415672 0.2102412 0.2281044 0.2422493 0.2283341 0.2447093 0.2568299 0.2422739 0.2833958 0.1632087 0.3130237 0.1631609 0.3130683 0.1565868 0.2475485 0.4395489 0.263603 0.4343384 0.2499324 0.3795024 0.48242 0.2754036 0.4847031 0.2633206 0.4544373 0.2582845 0.05902481 0.1402285 0.059062 0.1453992 0.0945006 0.1447879 0.5630766 0.3576492 0.5549573 0.3758302 0.5916406 0.3937141 0.3713387 0.1895611 0.3712097 0.1929206 0.4006944 0.1945165 0.3130159 0.1670564 0.3130064 0.1780812 0.3423262 0.1783952 0.2584927 0.2654919 0.2580439 0.2593943 0.2300454 0.261768 0.5274102 0.5553987 0.5175333 0.5921046 0.5301641 0.5942981 0.222316 0.1038748 0.2527434 0.1035398 0.252733 0.101742 0.05972081 0.1071295 0.0948354 0.1090055 0.0950939 0.1021537 0.1821777 0.3178497 0.209429 0.3116368 0.2091526 0.3102681 0.6002563 0.1772078 0.6007452 0.1688401 0.5642704 0.1671295 0.3429154 0.1411147 0.3130117 0.1409402 0.3130761 0.1533614 0.09902793 0.3641223 0.1057556 0.3784666 0.1355103 0.3642255 0.576705 0.317299 0.6133508 0.3279478 0.6147387 0.319847 0.2528294 0.08450347 0.2829744 0.08443427 0.2828997 0.0695883 0.285786 0.2638477 0.2855746 0.2577134 0.2580439 0.2593943 0.2609657 0.295042 0.2869974 0.2929908 0.2867349 0.2874001 0.3130431 0.1034049 0.3130638 0.1094535 0.343303 0.1096554 0.1286698 0.1616321 0.1290187 0.1689434 0.1614401 0.1674351 0.4258643 0.2478716 0.4261605 0.2454051 0.3971543 0.2423053 0.6147387 0.319847 0.6156041 0.3168369 0.5795536 0.3070116 0.3590548 0.3463919 0.3359398 0.3443226 0.3342941 0.3732979 0.2810419 0.4362227 0.2842279 0.4557964 0.29905 0.4540424 0.1748159 0.2849467 0.1736831 0.2789932 0.1435748 0.2850686 0.3139176 0.43361 0.3138753 0.4535605 0.328718 0.4543368 0.3308939 0.4295803 0.3342941 0.3732979 0.3132365 0.3725113 0.2840651 0.2067207 0.3130239 0.2066454 0.3129112 0.1918076 0.5162687 0.269744 0.5496305 0.27685 0.5512053 0.2695899 0.6127551 0.330152 0.6133508 0.3279478 0.576705 0.317299 0.3943901 0.4507827 0.3863661 0.4693794 0.3997974 0.4758269 0.4644783 0.5002812 0.5244575 0.4695032 0.5045323 0.4454798 0.192559 0.1591647 0.2232257 0.1579188 0.223122 0.1546185 0.3787236 0.4447979 0.3721538 0.4639225 0.3863661 0.4693794 0.2339562 0.4500747 0.2425246 0.4677506 0.2556275 0.4623656 0.3579122 0.4593644 0.3628371 0.4401625 0.3467143 0.4367229 0.1112105 0.2894557 0.111841 0.2921763 0.1435748 0.2850686 0.2074566 0.3928382 0.1958206 0.3634383 0.1712993 0.3731794 0.2600941 0.2851535 0.2592112 0.2748833 0.2319059 0.277704 0.3579122 0.4593644 0.3721538 0.4639225 0.3787236 0.4447979 0.4925016 0.5648155 0.5274102 0.5553987 0.4945974 0.5397145 0.4502097 0.489611 0.4354391 0.5038856 0.4454628 0.5151665 0.2307372 0.2679477 0.2023409 0.2715597 0.2026951 0.2739442 0.2584927 0.2654919 0.2586647 0.2677958 0.285868 0.2660983 0.2056328 0.467289 0.2182213 0.4831414 0.2300377 0.4746988 0.4659619 0.1055025 0.4978052 0.1057185 0.4978021 0.1037328 0.3432602 0.1137533 0.3734489 0.1141306 0.3735263 0.1100227 0.3128672 0.2711687 0.3128435 0.2655596 0.285868 0.2660983 0.3640303 0.4354383 0.3766559 0.3788609 0.3554005 0.3756706 0.4945974 0.5397145 0.4787223 0.532635 0.4741372 0.5505424 0.2195277 0.457963 0.2300377 0.4746988 0.2425246 0.4677506 0.1822264 0.4903945 0.1962668 0.5041499 0.2071301 0.4930614 0.153016 0.3226819 0.1534405 0.3241359 0.1818228 0.3164315 0.5447946 0.2976684 0.5120574 0.2893577 0.5114001 0.2920016 0.5307455 0.1121668 0.5649707 0.1115143 0.5647567 0.1045109 0.07841092 0.3005428 0.04358083 0.3089028 0.04471796 0.3167443 0.1958206 0.3634383 0.2074566 0.3928382 0.2287161 0.3851547 0.3645391 0.2948535 0.3907499 0.2977206 0.3915327 0.2919525 0.6014107 0.1492115 0.6398423 0.1496899 0.6395626 0.1443293 0.4497157 0.2846726 0.4508401 0.2785995 0.4221748 0.2737626 0.5428073 0.5921623 0.5540724 0.5860435 0.5274102 0.5553987 0.2242739 0.1834474 0.2245928 0.1905923 0.2543921 0.1892209 0.571894 0.3328183 0.6084994 0.3448748 0.6127551 0.330152 0.418832 0.2942954 0.4465742 0.2997508 0.4471184 0.2972285 0.6367372 0.2038247 0.6374976 0.199482 0.5989094 0.1960361 0.3669942 0.2652311 0.3668233 0.2675182 0.3942205 0.2702935 0.6001319 0.3693944 0.5637519 0.3558892 0.5630766 0.3576492 0.08517307 0.3256095 0.08427685 0.3225777 0.049003 0.3331682 0.4040653 0.1045585 0.4347906 0.1050044 0.4348183 0.1031645 0.4659811 0.1035655 0.4348183 0.1031645 0.4347906 0.1050044 0.2232257 0.1579188 0.2234825 0.1646263 0.2536239 0.163737 0.192007 0.06944072 0.1921956 0.05572539 0.1617861 0.05474048 0.5338638 0.3338837 0.53626 0.326882 0.5046798 0.316851 0.1799075 0.3085163 0.2076153 0.3024261 0.2065061 0.2964937 0.2475485 0.4395489 0.2287161 0.3851547 0.2074566 0.3928382 0.4974323 0.1328045 0.4972232 0.1416578 0.5304484 0.1427415 0.128288 0.1033894 0.1281687 0.1098943 0.1603484 0.1100789 0.1982426 0.2398089 0.1988936 0.2452186 0.2281044 0.2422493 0.2830038 0.1246812 0.313044 0.1245816 0.3130515 0.1135389 0.4407712 0.4009091 0.462172 0.4127172 0.4789487 0.3821563 0.4462029 0.3014576 0.4748171 0.3083099 0.4752802 0.3065254 0.5760989 0.3193816 0.576705 0.317299 0.5421574 0.3074457 0.4250774 0.2540031 0.4544373 0.2582845 0.4554474 0.2517428 0.5487135 0.5210704 0.5274102 0.5553987 0.5587747 0.5289934 0.4034476 0.1300144 0.4032355 0.1383206 0.4338831 0.1393445 0.3623365 0.3169425 0.3874636 0.3201063 0.3894926 0.3064903 0.4597862 0.2187091 0.4911305 0.22224 0.4915561 0.218803 0.5496305 0.27685 0.5849155 0.2849099 0.5866874 0.2771321 0.192007 0.06944072 0.1612809 0.06862974 0.160851 0.08385866 0.4174233 0.3021455 0.3907499 0.2977206 0.3905431 0.2992171 0.5296462 0.1652976 0.4964122 0.1633893 0.495956 0.1705892 0.4310908 0.1930562 0.4316173 0.1858043 0.4013056 0.1838608 0.3129233 0.188394 0.342086 0.1887465 0.3422614 0.1817803 0.6358607 0.2130423 0.6367372 0.2038247 0.5985274 0.2004166 0.02477473 0.1983084 0.02566045 0.207062 0.06207758 0.2036421 0.342086 0.1887465 0.3713387 0.1895611 0.3716067 0.18252 0.4316173 0.1858043 0.4310908 0.1930562 0.4619994 0.1956956 0.526644 0.2018018 0.5274488 0.1937978 0.4944856 0.1907674 0.130886 0.1973053 0.1631861 0.19471 0.1626383 0.187168 0.3713387 0.1895611 0.4009121 0.1909331 0.4013056 0.1838608 0.4619994 0.1956956 0.4937439 0.1984638 0.4944856 0.1907674 0.5274488 0.1937978 0.526644 0.2018018 0.5612134 0.2053823 0.1631861 0.19471 0.1942785 0.1924314 0.1938371 0.1851484 0.06126838 0.1949743 0.06207758 0.2036421 0.0972523 0.2001293 0.4589292 0.2257422 0.4901449 0.2295856 0.4911305 0.22224 0.5927803 0.2455145 0.6306384 0.2518417 0.632106 0.2430503 0.3995192 0.2128969 0.3990654 0.2196196 0.4287201 0.2223899 0.3129612 0.2164081 0.3130006 0.2098288 0.2841266 0.2100281 0.5227445 0.2342594 0.5568435 0.2395741 0.5581104 0.2315471 0.1964478 0.2218521 0.2262556 0.2193961 0.2257752 0.2126596 0.06621825 0.2383733 0.1010597 0.2333036 0.09999293 0.2255483 0.4901449 0.2295856 0.5227445 0.2342594 0.5238174 0.2266375 0.3415672 0.2102412 0.3414348 0.2167978 0.3700407 0.2178785 0.3702999 0.2112386 0.3700407 0.2178785 0.3990654 0.2196196 0.1010597 0.2333036 0.1343149 0.2290317 0.1333688 0.2215831 0.4287201 0.2223899 0.4589292 0.2257422 0.4597862 0.2187091 0.03019553 0.2435781 0.06621825 0.2383733 0.0650475 0.2300807 0.1964478 0.2218521 0.1958103 0.2149464 0.1650806 0.2180464 0.3130006 0.2098288 0.3129612 0.2164081 0.3414348 0.2167978 0.2830893 0.1367358 0.283119 0.1409551 0.3130117 0.1409402 0.1281493 0.1442963 0.160573 0.1435723 0.1604792 0.1390818 0.3729032 0.1417744 0.4030972 0.1425958 0.4032355 0.1383206 0.285249 0.2469699 0.2855746 0.2577134 0.3128665 0.2573114 0.2563793 0.2346577 0.2555639 0.2207344 0.2265017 0.2226644 0.4972868 0.4943528 0.5034834 0.505827 0.5209841 0.4998282 0.4270107 0.4627361 0.462172 0.4127172 0.4407712 0.4009091 0.4241565 0.4670752 0.4270107 0.4627361 0.4119386 0.4539257 0.2492315 0.4441835 0.2475485 0.4395489 0.2318943 0.4456402 0.3628371 0.4401625 0.3640303 0.4354383 0.3476087 0.431848 0.460094 0.5027729 0.4644783 0.5002812 0.4541832 0.4861168 0.3139176 0.43361 0.3303829 0.4345209 0.3308939 0.4295803 0.2648611 0.4391682 0.263603 0.4343384 0.2475485 0.4395489 0.3303829 0.4345209 0.3467143 0.4367229 0.3476087 0.431848 0.4379683 0.477425 0.44137 0.4734149 0.4270107 0.4627361 0.1930405 0.4783161 0.2056328 0.467289 0.2025467 0.4632017 0.2056328 0.467289 0.2195277 0.457963 0.2169824 0.453665 0.2973877 0.434033 0.2970421 0.4290102 0.2802509 0.4312333 0.2195277 0.457963 0.2339562 0.4500747 0.2318943 0.4456402 0.1822264 0.4903945 0.1930405 0.4783161 0.1894683 0.4746391 0.4095358 0.4583126 0.4119386 0.4539257 0.3964792 0.4459964 0.3787236 0.4447979 0.3802546 0.4400646 0.3640303 0.4354383 0.2973877 0.434033 0.3139176 0.43361 0.3140338 0.4286304 0.2810419 0.4362227 0.2802509 0.4312333 0.263603 0.4343384 0.3943901 0.4507827 0.3964792 0.4459964 0.3802546 0.4400646 0.4502097 0.489611 0.4541832 0.4861168 0.44137 0.4734149 0.4978021 0.1037328 0.5306352 0.1055076 0.5305924 0.1033883 0.08814018 0.3350983 0.0544247 0.3479509 0.08874946 0.3370265 0.07093679 0.2657492 0.1057571 0.262521 0.1052579 0.2597196 0.4129276 0.3249188 0.4355511 0.3428327 0.4388568 0.3312686 0.1430311 0.2825065 0.1736831 0.2789932 0.1732228 0.2765075 0.3997974 0.4758269 0.4241565 0.4670752 0.4095358 0.4583126 0.1930405 0.4783161 0.2182213 0.4831414 0.2056328 0.467289 0.1799075 0.3085163 0.1492815 0.3092474 0.1510812 0.3158531 0.2973877 0.434033 0.3138753 0.4535605 0.3139176 0.43361 0.1920487 0.1427187 0.1610189 0.1568928 0.1924347 0.1557174 0.3905431 0.2992171 0.3639749 0.3008632 0.3898745 0.3038563 0.5649362 0.1484631 0.6014836 0.1440015 0.5650485 0.1434787 0.4425846 0.3168904 0.4657574 0.3391767 0.4703206 0.324443 0.3729032 0.1417744 0.4026579 0.1552488 0.4030972 0.1425958 0.196784 0.225299 0.1680405 0.2437701 0.1982426 0.2398089 0.4663218 0.08561044 0.497622 0.0700193 0.4663099 0.07036626 0.5614743 0.4379593 0.5473874 0.3905788 0.5321188 0.4141141 0.5773809 0.5861841 0.572777 0.6102098 0.5883495 0.593356 0.576705 0.317299 0.5440474 0.3004695 0.5421574 0.3074457 0.2556275 0.4623656 0.2648611 0.4391682 0.2492315 0.4441835 0.4006944 0.1945165 0.3704366 0.2080225 0.3997455 0.2096235 0.5993659 0.549561 0.5848368 0.5691373 0.5975316 0.5723419 0.4615679 0.3512091 0.4789487 0.3821563 0.488386 0.3615049 0.1915937 0.1101682 0.1603338 0.1144917 0.1916178 0.1143724 0.06678324 0.2422627 0.03359162 0.266386 0.06976985 0.2594382 0.3416439 0.2071666 0.3712097 0.1929206 0.3420192 0.19217 0.09551084 0.1752305 0.1290187 0.1689434 0.09525305 0.1706835 0.3303829 0.4345209 0.3434573 0.4562846 0.3467143 0.4367229 0.06092739 0.1907681 0.02477473 0.1983084 0.06126838 0.1949743 0.5288676 0.1772651 0.495956 0.1705892 0.4956615 0.1749856 0.5562091 0.243463 0.5887409 0.2674746 0.592069 0.2496861 0.0594384 0.1643814 0.09476029 0.1592508 0.05927836 0.1604974 0.527793 0.1899077 0.5620346 0.1969442 0.5624067 0.1928437 0.5378298 0.321966 0.5760989 0.3193816 0.5416028 0.309404 0.3389477 0.2856279 0.312838 0.2827668 0.3128424 0.2850983 0.3129612 0.2164081 0.3413515 0.219967 0.3414348 0.2167978 0.5097424 0.2985799 0.4804784 0.2846513 0.4790887 0.2909388 0.09551084 0.1752305 0.06092739 0.1907681 0.09626883 0.1881211 0.312897 0.2997146 0.3383904 0.2989033 0.3128919 0.2984306 0.05912792 0.1253865 0.09466964 0.1135213 0.05947941 0.1121226 0.1180467 0.3159798 0.08579236 0.3276556 0.1186056 0.3179122 0.2198355 0.3562397 0.2499324 0.3795024 0.2434177 0.3505023 0.3130638 0.1094535 0.2829328 0.1135111 0.3130515 0.1135389 0.3663668 0.2731824 0.3397365 0.2661811 0.3395327 0.2715997 0.4261605 0.2454051 0.4554474 0.2517428 0.4558361 0.2491882 0.5181844 0.2601169 0.4858255 0.2569862 0.5176486 0.2629062 0.3129502 0.219588 0.2848868 0.2335916 0.3130035 0.2335044 0.5690458 0.5520992 0.5817825 0.5326979 0.5658348 0.5396838 0.1377261 0.253937 0.1692429 0.2519462 0.1688548 0.2493472 0.5237847 0.5169835 0.5394815 0.4998272 0.5209841 0.4998282 0.5540724 0.5860435 0.5773809 0.5861841 0.5627182 0.5765863 0.3128206 0.3254218 0.3359398 0.3443226 0.3369633 0.3259525 0.1720681 0.2701265 0.2023409 0.2715597 0.201404 0.265261 0.339473 0.2731538 0.3654125 0.2848953 0.3662369 0.2747656 0.2226462 0.1293365 0.2529497 0.1248815 0.2225829 0.1252647 0.08874946 0.3370265 0.1229643 0.3319929 0.1212782 0.3266895 0.1301311 0.3512595 0.163051 0.3530696 0.158716 0.3407936 0.3739248 0.02198207 0.4049559 0.03388434 0.4052568 0.02233237 0.5034834 0.505827 0.5237847 0.5169835 0.5209841 0.4998282 0.3898745 0.3038563 0.4159748 0.3096989 0.4162327 0.3083706 0.1212782 0.3266895 0.153016 0.3226819 0.1515508 0.3175324 0.3766559 0.3788609 0.3590548 0.3463919 0.3554005 0.3756706 0.207908 0.3039706 0.1799075 0.3085163 0.1802918 0.3101147 0.4356792 0.03480499 0.4660305 0.02308815 0.4357994 0.02391141 0.1332506 0.02024555 0.162696 0.0334025 0.1630921 0.02247798 0.4250774 0.2540031 0.3969327 0.2447396 0.3963376 0.2507427 0.4847031 0.2633206 0.5176486 0.2629062 0.4858255 0.2569862 0.2572177 0.2484496 0.2283341 0.2447093 0.2289051 0.250731 0.5181844 0.2601169 0.5512053 0.2695899 0.5517967 0.2666561 0.5049401 0.3961454 0.5473874 0.3905788 0.5168422 0.3747137 0.5227445 0.2342594 0.4896532 0.2331328 0.5221803 0.2379568 0.148797 0.3074093 0.1784254 0.3020071 0.1780397 0.3002601 0.1680405 0.2437701 0.1988936 0.2452186 0.1982426 0.2398089 0.07339185 0.02391701 0.09966284 0.05053198 0.1024876 0.02896451 0.3736736 0.08464598 0.3433465 0.1017266 0.3736265 0.1020739 0.497825 0.1121853 0.4659619 0.1055025 0.4659224 0.1118268 0.4643015 0.1615988 0.4332458 0.1566132 0.4330838 0.1599604 0.06797969 0.04533374 0.04495507 0.01356726 0.03408402 0.03552317 0.1821777 0.3178497 0.2123565 0.3256714 0.209429 0.3116368 0.3735957 0.103941 0.403967 0.1106761 0.4040653 0.1045585 0.1634659 0.1983245 0.1955165 0.2115938 0.1945194 0.1960198 0.3432647 0.05580335 0.3738548 0.03323495 0.3431828 0.03395277 0.1604019 0.1018105 0.1290287 0.0829842 0.1283437 0.1013226 0.05069822 0.3385005 0.08814018 0.3350983 0.08579236 0.3276556 0.2528294 0.08450347 0.2828252 0.1016353 0.2829744 0.08443427 0.2227597 0.1376659 0.1918399 0.129901 0.1919511 0.1384283 0.1324558 0.03131765 0.1617861 0.05474048 0.162696 0.0334025 0.2224715 0.03422188 0.2527819 0.05599206 0.2526288 0.03442335 0.1617861 0.05474048 0.1925975 0.0337156 0.162696 0.0334025 0.1915937 0.1101682 0.1603795 0.1037541 0.1603484 0.1100789 0.4388568 0.3312686 0.4615679 0.3512091 0.4657574 0.3391767 0.4979357 0.08554869 0.5305924 0.1033883 0.5302206 0.08480256 0.5285382 0.05460971 0.5571604 0.02995204 0.5269274 0.03263783 0.4338831 0.1393445 0.4649609 0.1448886 0.4651221 0.1405191 0.3130431 0.1034049 0.3433465 0.1017266 0.313046 0.1014843 0.5849155 0.2849099 0.6234117 0.2851374 0.5866874 0.2771321 0.1701886 0.2581741 0.1991947 0.2477143 0.1692429 0.2519462 0.05984431 0.172514 0.09490507 0.1630029 0.0594384 0.1643814 0.2828252 0.1016353 0.3130528 0.08438992 0.2829744 0.08443427 0.4662812 0.05636835 0.4356792 0.03480499 0.4355216 0.0561884 0.2065061 0.2964937 0.1780397 0.3002601 0.1784254 0.3020071 0.5976991 0.2093957 0.5607464 0.2095394 0.597226 0.2138267 0.1603795 0.1037541 0.1915819 0.1021174 0.1604019 0.1018105 0.2236391 0.1687186 0.2536239 0.163737 0.2234825 0.1646263 0.3971543 0.2423053 0.4268081 0.2400878 0.3976418 0.2368605 0.1955165 0.2115938 0.2257752 0.2126596 0.2255511 0.2093792 0.192007 0.06944072 0.2225164 0.05589032 0.1921956 0.05572539 0.4972232 0.1416578 0.5303102 0.1475023 0.5304484 0.1427415 0.418832 0.2942954 0.4462029 0.3014576 0.4465742 0.2997508 0.2837803 0.1885215 0.3129112 0.1918076 0.3129233 0.188394 0.5487135 0.5210704 0.5394815 0.4998272 0.5365837 0.5169563 0.3430744 0.1249049 0.3130341 0.1285716 0.3430294 0.1287433 0.3130515 0.1135389 0.343303 0.1096554 0.3130638 0.1094535 0.5188429 0.4869681 0.5394815 0.4998272 0.5416225 0.4869681 0.3405049 0.247216 0.3685584 0.242462 0.3406975 0.2413899 0.1290287 0.0829842 0.09520554 0.1000652 0.1283437 0.1013226 0.5262405 0.2056447 0.4937439 0.1984638 0.4933787 0.2022461 0.5307455 0.1121668 0.5650994 0.1162657 0.5649707 0.1115143 0.1290287 0.0829842 0.1612809 0.06862974 0.1299655 0.06747394 0.207908 0.3039706 0.2355127 0.3043441 0.2348163 0.2997015 0.3726004 0.1543536 0.3429154 0.1411147 0.3428364 0.1536328 0.4429247 0.3154968 0.4162327 0.3083706 0.4159748 0.3096989 0.6394042 0.1665431 0.6014107 0.1492115 0.6009269 0.1647433 0.313046 0.1014843 0.3432366 0.08443468 0.3130528 0.08438992 0.2247807 0.1941094 0.2549322 0.2077309 0.2545213 0.1927742 0.5296462 0.1652976 0.5644569 0.163274 0.5298376 0.1616179 0.4601581 0.2152976 0.4293727 0.2155533 0.4597862 0.2187091 0.4342705 0.1268073 0.4038711 0.11482 0.4035532 0.1260416 0.2829117 0.05597692 0.3130421 0.06941527 0.3130262 0.05574238 0.4348183 0.1031645 0.404383 0.08511435 0.4040998 0.1026796 0.4045803 0.06987875 0.3738626 0.05584758 0.3737909 0.0697602 0.1930156 0.1700065 0.2234825 0.1646263 0.192839 0.1660329 0.3702999 0.2112386 0.3997455 0.2096235 0.3704366 0.2080225 0.1312269 0.2011702 0.09952062 0.2216546 0.1329746 0.2180957 0.3130159 0.1670564 0.2836701 0.1781034 0.3130064 0.1780812 0.02296561 0.1744635 0.0601204 0.1773421 0.05984431 0.172514 0.4287201 0.2223899 0.458534 0.2290483 0.4589292 0.2257422 0.5262405 0.2056447 0.4915561 0.218803 0.5243161 0.222929 0.5568435 0.2395741 0.5221803 0.2379568 0.5562091 0.243463 0.2874307 0.3017299 0.312897 0.2997146 0.2873647 0.3004262 0.2836701 0.1781034 0.2541967 0.1822033 0.2837138 0.1815847 0.1930156 0.1700065 0.1623988 0.1835076 0.193628 0.1815975 0.09952062 0.2216546 0.1333688 0.2215831 0.1329746 0.2180957 0.4966003 0.1598513 0.5296462 0.1652976 0.5298376 0.1616179 0.0918886 0.3464157 0.1234734 0.3335396 0.09131026 0.3447101 0.6390177 0.1084479 0.6012294 0.1151112 0.6396464 0.1137889 0.1534405 0.3241359 0.1821777 0.3178497 0.1818228 0.3164315 0.2866603 0.285789 0.2600941 0.2851535 0.2603028 0.2875387 0.3894926 0.3064903 0.4159748 0.3096989 0.3896858 0.30516 0.1650806 0.2180464 0.1329746 0.2180957 0.1333688 0.2215831 0.3400417 0.2579562 0.3681736 0.2484059 0.3405049 0.247216 0.5288676 0.1772651 0.5624067 0.1928437 0.5634595 0.1795555 0.4616833 0.1993587 0.4915561 0.218803 0.4933787 0.2022461 0.05663371 0.3579557 0.09131026 0.3447101 0.05607169 0.3561329 0.3995192 0.2128969 0.4296946 0.2121127 0.3997455 0.2096235 0.5302206 0.08480256 0.5646635 0.1023664 0.5635231 0.08287435 0.285249 0.2469699 0.3129789 0.240785 0.2850703 0.241091 0.4022139 0.1652304 0.4330838 0.1599604 0.4025326 0.1585361 0.5557864 0.01920336 0.5269274 0.03263783 0.5571604 0.02995204 0.4829922 0.5860005 0.487465 0.6100205 0.4955314 0.5997136 0.4993619 0.3334633 0.5230323 0.3611387 0.529955 0.3445819 0.02161687 0.140191 0.059062 0.1453992 0.05902481 0.1402285 0.0963754 0.08095234 0.06028681 0.09760558 0.09520554 0.1000652 0.3433282 0.1035884 0.3736265 0.1020739 0.3433465 0.1017266 0.06220263 0.0773459 0.02267062 0.09529972 0.06028681 0.09760558 0.2223233 0.1099953 0.1915798 0.103958 0.1915937 0.1101682 0.3738548 0.03323495 0.4047681 0.05596846 0.4049559 0.03388434 0.3130431 0.1034049 0.2828252 0.1016353 0.2828335 0.1034892 0.252733 0.101742 0.2828335 0.1034892 0.2828252 0.1016353 0.160851 0.08385866 0.1915819 0.1021174 0.1918703 0.08448302 0.6278379 0.03663438 0.5872206 0.02451068 0.5927165 0.04656553 0.1614401 0.1674351 0.1930156 0.1700065 0.192839 0.1660329 0.3735957 0.103941 0.4040998 0.1026796 0.3736265 0.1020739 0.0601415 0.09978765 0.02267062 0.09529972 0.02277445 0.09756898 0.4662812 0.05636835 0.4966868 0.03360146 0.4662117 0.03441077 0.4541832 0.4861168 0.4836325 0.4267847 0.44137 0.4734149 0.3426554 0.163453 0.372515 0.1576003 0.3427878 0.1568639 0.1925975 0.0337156 0.2225164 0.05589032 0.2224715 0.03422188 0.0216149 0.1297175 0.05902481 0.1402285 0.05903828 0.13019 0.5168422 0.3747137 0.4935458 0.3490684 0.488386 0.3615049 0.6005701 0.100349 0.6387496 0.1007441 0.6388837 0.09829658 0.5602197 0.05183738 0.5872206 0.02451068 0.5571604 0.02995204 0.4049559 0.03388434 0.4355216 0.0561884 0.4356792 0.03480499 0.2224742 0.08458799 0.252733 0.101742 0.2528294 0.08450347 0.2829117 0.05597692 0.3128598 0.03473162 0.2827277 0.03457087 0.2223045 0.1019343 0.1915798 0.103958 0.222316 0.1038748 0.3736736 0.08464598 0.4040998 0.1026796 0.404383 0.08511435 0.06452912 0.2262057 0.09999293 0.2255483 0.09952062 0.2216546 0.3128206 0.3254218 0.2898641 0.3446654 0.312895 0.3436002 0.3386564 0.2930514 0.3128461 0.2866802 0.3128736 0.2924549 0.3611624 0.3279199 0.3822982 0.3501146 0.3855894 0.3312985 0.2644439 0.3283186 0.2898641 0.3446654 0.2886814 0.3260801 0.4429247 0.3154968 0.4703206 0.324443 0.4707418 0.322994 0.4978052 0.1057185 0.5307455 0.1121668 0.5306352 0.1055076 0.3129634 0.2464652 0.3400417 0.2579562 0.3405049 0.247216 0.4049559 0.03388434 0.4357994 0.02391141 0.4052568 0.02233237 0.2062051 0.2948036 0.2332088 0.2880052 0.2057704 0.2923324 0.2540894 0.178779 0.2834377 0.1671093 0.2537209 0.1676726 0.3128511 0.2633081 0.285868 0.2660983 0.3128435 0.2655596 0.2829111 0.1095411 0.2527434 0.1035398 0.2527828 0.1095975 0.5927803 0.2455145 0.6302988 0.2560708 0.6306384 0.2518417 0.4654092 0.1318256 0.4972232 0.1416578 0.4974323 0.1328045 0.3766559 0.3788609 0.405764 0.3553611 0.3822982 0.3501146 0.3944798 0.2680006 0.4234288 0.2651712 0.3951637 0.2617182 0.5137003 0.2823342 0.4847031 0.2633206 0.48242 0.2754036 0.06092739 0.1907681 0.02285343 0.1795242 0.02401167 0.1939703 0.3426554 0.163453 0.3721767 0.1680483 0.3722913 0.1642328 0.1917781 0.1258424 0.2226462 0.1293365 0.2225829 0.1252647 0.196784 0.225299 0.2262556 0.2193961 0.1964478 0.2218521 0.3130341 0.1285716 0.3429707 0.1369843 0.3430294 0.1287433 0.435225 0.08542644 0.4659811 0.1035655 0.4663218 0.08561044 0.4970511 0.1463323 0.4651221 0.1405191 0.4649609 0.1448886 0.5562091 0.243463 0.5927803 0.2455145 0.5568435 0.2395741 0.06452912 0.2262057 0.09764909 0.2042546 0.06247538 0.2078101 0.5175333 0.5921046 0.530125 0.6116446 0.5301641 0.5942981 0.4993619 0.3334633 0.4707418 0.322994 0.4703206 0.324443 0.592069 0.2496861 0.6262807 0.2755702 0.6302988 0.2560708 0.4268081 0.2400878 0.458534 0.2290483 0.4283838 0.2257069 0.3964792 0.4459964 0.3980002 0.384419 0.3802546 0.4400646 0.3405049 0.247216 0.3129789 0.240785 0.3129634 0.2464652 0.3942205 0.2702935 0.3663668 0.2731824 0.3935312 0.2760281 0.14501 0.2914784 0.111841 0.2921763 0.1135351 0.2991482 0.3732182 0.1253226 0.4034476 0.1300144 0.4035532 0.1260416 0.4872211 0.2486385 0.458534 0.2290483 0.4566026 0.243916 0.1212782 0.3266895 0.1510812 0.3158531 0.1207315 0.3249099 0.5651259 0.1338092 0.6014456 0.128851 0.5651291 0.1292064 0.4654092 0.1318256 0.4975243 0.1284751 0.4655217 0.1277905 0.3662369 0.2747656 0.3920595 0.2879177 0.3933353 0.2776354 0.5221803 0.2379568 0.5530529 0.2603694 0.5562091 0.243463 0.08014851 0.307596 0.114012 0.3010645 0.1135351 0.2991482 0.495956 0.1705892 0.4636554 0.1727844 0.4956615 0.1749856 0.4786832 0.2926772 0.5097424 0.2985799 0.4790887 0.2909388 0.4896532 0.2331328 0.5193045 0.2539172 0.5221803 0.2379568 0.1279169 0.1263301 0.1603338 0.1144917 0.1280938 0.1143177 0.2830038 0.1246812 0.3130341 0.1285716 0.313044 0.1245816 0.06621825 0.2383733 0.1016088 0.2371807 0.1010597 0.2333036 0.2830038 0.1246812 0.2528185 0.1138116 0.2529497 0.1248815 0.4035532 0.1260416 0.4341543 0.1309319 0.4342705 0.1268073 0.2434177 0.3505023 0.2644439 0.3283186 0.2398955 0.3319768 0.5306512 0.1291308 0.4974323 0.1328045 0.5305958 0.1335241 0.02133208 0.1248259 0.05903828 0.13019 0.05912792 0.1253865 0.3395327 0.2715997 0.3662369 0.2747656 0.3663668 0.2731824 0.3663668 0.2731824 0.3933353 0.2776354 0.3935312 0.2760281 0.4327132 0.1667706 0.4020332 0.1691954 0.4324787 0.1708223 0.6014645 0.133659 0.6399355 0.1285899 0.6014456 0.128851 0.2861546 0.2734673 0.312838 0.2827668 0.3128748 0.272736 0.049003 0.3331682 0.08066362 0.3095865 0.04522913 0.318876 0.1991947 0.2477143 0.1688548 0.2493472 0.1692429 0.2519462 0.3389477 0.2856279 0.3654125 0.2848953 0.3390462 0.2832745 0.117249 0.3131453 0.148797 0.3074093 0.1481091 0.3047299 0.3652088 0.2872473 0.3920595 0.2879177 0.3654125 0.2848953 0.4752802 0.3065254 0.4471184 0.2972285 0.4465742 0.2997508 0.4261605 0.2454051 0.4566026 0.243916 0.4268081 0.2400878 0.3920595 0.2879177 0.4209736 0.2814762 0.3933353 0.2776354 0.3430294 0.1287433 0.3732182 0.1253226 0.3430744 0.1249049 0.419256 0.2918434 0.4493885 0.2863676 0.4209736 0.2814762 0.3128206 0.3254218 0.2880966 0.3151424 0.2886814 0.3260801 0.117249 0.3131453 0.1454233 0.293252 0.114012 0.3010645 0.2526288 0.03442335 0.2828909 0.02364176 0.2528106 0.02347129 0.03359162 0.266386 0.07093679 0.2657492 0.06976985 0.2594382 0.4759528 0.3039075 0.5052469 0.314964 0.5060576 0.3122137 0.2866603 0.285789 0.312838 0.2827668 0.2865551 0.2834439 0.5060576 0.3122137 0.536907 0.3248874 0.5378298 0.321966 0.2609657 0.295042 0.2337552 0.292067 0.2346065 0.2981924 0.3413515 0.219967 0.3700407 0.2178785 0.3414348 0.2167978 0.1186056 0.3179122 0.148797 0.3074093 0.1180467 0.3159798 0.3388825 0.2872259 0.3652088 0.2872473 0.3389477 0.2856279 0.09902793 0.3641223 0.05663371 0.3579557 0.06317788 0.3800429 0.08517307 0.3256095 0.05069822 0.3385005 0.08579236 0.3276556 0.4316173 0.1858043 0.4014872 0.1804004 0.4013056 0.1838608 0.1016088 0.2371807 0.1368409 0.2483611 0.134761 0.2325266 0.2867349 0.2874001 0.3128424 0.2850983 0.2866603 0.285789 0.4748171 0.3083099 0.4447773 0.3076893 0.4730839 0.3147387 0.53626 0.326882 0.5708628 0.335954 0.536907 0.3248874 0.02177059 0.1101918 0.05972081 0.1071295 0.02243053 0.105174 0.09443491 0.1261914 0.1279268 0.1306092 0.1279169 0.1263301 0.4308152 0.19663 0.3997455 0.2096235 0.4296946 0.2121127 0.3130237 0.1631609 0.3427878 0.1568639 0.3130683 0.1565868 0.5795536 0.3070116 0.5466655 0.2902194 0.5447946 0.2976684 0.4030972 0.1425958 0.4338831 0.1393445 0.4032355 0.1383206 0.1918703 0.08448302 0.2223045 0.1019343 0.2224742 0.08458799 0.5181844 0.2601169 0.5530529 0.2603694 0.5193045 0.2539172 0.4792932 0.5083284 0.4787223 0.532635 0.4888705 0.5171707 0.5118578 0.6085753 0.530098 0.6247106 0.530125 0.6116446 0.5817825 0.5326979 0.5812243 0.5083132 0.5716243 0.5171703 0.4756035 0.5689948 0.4720149 0.5931181 0.4829922 0.5860005 0.06207758 0.2036421 0.02573031 0.2113208 0.06247538 0.2078101 0.5650485 0.1434787 0.5305958 0.1335241 0.5304484 0.1427415 0.1938371 0.1851484 0.2245928 0.1905923 0.2242739 0.1834474 0.2850703 0.241091 0.2566732 0.2398591 0.2568299 0.2422739 0.5487135 0.5210704 0.5716243 0.5171703 0.5569725 0.5058264 0.4977876 0.1165732 0.5307455 0.1121668 0.497825 0.1121853 0.5428073 0.5921623 0.5647457 0.5998511 0.5540724 0.5860435 0.5674514 0.3459885 0.53626 0.326882 0.5338638 0.3338837 0.1283437 0.1013226 0.0950939 0.1021537 0.128288 0.1033894 0.1024876 0.02896451 0.1332506 0.02024555 0.103821 0.01842278 0.4810354 0.282127 0.4524074 0.2699076 0.4512945 0.2761656 0.2526288 0.03442335 0.2829117 0.05597692 0.2827277 0.03457087 0.5097424 0.2985799 0.5416028 0.309404 0.5421574 0.3074457 0.3128736 0.2924549 0.2867349 0.2874001 0.2869974 0.2929908 0.1057571 0.262521 0.1393393 0.2633597 0.1381766 0.2566608 0.2225164 0.05589032 0.2527452 0.06964898 0.2527819 0.05599206 0.3129908 0.1814585 0.3423262 0.1783952 0.3130064 0.1780812 0.3432647 0.05580335 0.3128598 0.03473162 0.3130262 0.05574238 0.5332214 0.3357164 0.5674514 0.3459885 0.5338638 0.3338837 0.0972523 0.2001293 0.1312269 0.2011702 0.130886 0.1973053 0.5020263 0.3253411 0.4730839 0.3147387 0.4726349 0.3163731 0.6009269 0.1647433 0.6388771 0.1708107 0.6394042 0.1665431 0.3935312 0.2760281 0.4209736 0.2814762 0.4212317 0.2798162 0.2543921 0.1892209 0.2838351 0.191942 0.2837803 0.1885215 0.1920487 0.1427187 0.2227597 0.1376659 0.1919511 0.1384283 0.3898745 0.3038563 0.4171379 0.3036772 0.3905431 0.2992171 0.53116 0.3413709 0.5667309 0.3479831 0.5332214 0.3357164 0.3432647 0.05580335 0.3737909 0.0697602 0.3738626 0.05584758 0.4619994 0.1956956 0.4933787 0.2022461 0.4937439 0.1984638 0.3971543 0.2423053 0.3689873 0.2350893 0.3687025 0.2400444 0.3130262 0.05574238 0.343297 0.06946396 0.3432647 0.05580335 0.3689873 0.2350893 0.3988127 0.2228683 0.3698854 0.221082 0.5421574 0.3074457 0.5114001 0.2920016 0.5097424 0.2985799 0.05927836 0.1604974 0.02252769 0.1661812 0.0594384 0.1643814 0.1286698 0.1616321 0.1610189 0.1568928 0.1285297 0.1580455 0.6358607 0.2130423 0.597226 0.2138267 0.6357705 0.2177276 0.3386564 0.2930514 0.365065 0.2888671 0.3388825 0.2872259 0.3407683 0.2390466 0.3129789 0.240785 0.3406975 0.2413899 0.3129233 0.188394 0.3420192 0.19217 0.342086 0.1887465 0.05927836 0.1604974 0.0213173 0.1456483 0.02202677 0.162056 0.09804219 0.06489139 0.1290287 0.0829842 0.1299655 0.06747394 0.3383904 0.2989033 0.3644084 0.2963281 0.3385885 0.2945241 0.4026579 0.1552488 0.4330838 0.1599604 0.4332458 0.1566132 0.201404 0.265261 0.2307372 0.2679477 0.2300454 0.261768 0.4432557 0.3141286 0.4726349 0.3163731 0.4444198 0.3092666 0.2265017 0.2226644 0.2554095 0.2176135 0.2262556 0.2193961 0.4644781 0.1581593 0.4964122 0.1633893 0.4966003 0.1598513 0.261543 0.3009687 0.2873647 0.3004262 0.2873016 0.2991472 0.02897733 0.2352571 0.06452912 0.2262057 0.02798902 0.2311501 0.2091526 0.3102681 0.2355127 0.3043441 0.2088828 0.3089115 0.488386 0.3615049 0.5049401 0.3961454 0.5168422 0.3747137 0.5003672 0.3304642 0.5305662 0.3429619 0.53116 0.3413709 0.1234734 0.3335396 0.1538788 0.3256168 0.1534405 0.3241359 0.4250774 0.2540031 0.4524074 0.2699076 0.4544373 0.2582845 0.53116 0.3413709 0.5637519 0.3558892 0.5644078 0.3541653 0.1945194 0.1960198 0.2255511 0.2093792 0.2247807 0.1941094 0.1538788 0.3256168 0.1860013 0.3323869 0.1821777 0.3178497 0.2549322 0.2077309 0.2257752 0.2126596 0.2550833 0.2109591 0.5137003 0.2823342 0.5496305 0.27685 0.5162687 0.269744 0.09902793 0.3641223 0.07210868 0.3968229 0.1057556 0.3784666 0.2234825 0.1646263 0.192559 0.1591647 0.192839 0.1660329 0.1016088 0.2371807 0.06976985 0.2594382 0.1041955 0.2534307 0.3637254 0.3034426 0.3383307 0.3001785 0.3382687 0.3014777 0.5941809 0.2369451 0.5586631 0.2276499 0.5581104 0.2315471 0.597226 0.2138267 0.5586631 0.2276499 0.5947991 0.2327855 0.2842524 0.2165871 0.3129502 0.219588 0.3129612 0.2164081 0.5816284 0.2990107 0.622452 0.2934662 0.5849155 0.2849099 0.1774805 0.2976949 0.2039273 0.2817358 0.1751529 0.2866669 0.4756035 0.5689948 0.4976364 0.5765354 0.4925016 0.5648155 0.4225208 0.2713987 0.4524074 0.2699076 0.4234288 0.2651712 0.2850005 0.2387055 0.3130035 0.2335044 0.2848868 0.2335916 0.4915561 0.218803 0.5238174 0.2266375 0.5243161 0.222929 0.2076153 0.3024261 0.2337552 0.292067 0.2065061 0.2964937 0.3623365 0.3169425 0.3855894 0.3312985 0.3874636 0.3201063 0.4283838 0.2257069 0.3976418 0.2368605 0.4268081 0.2400878 0.410339 0.3361941 0.4296317 0.3620748 0.4355511 0.3428327 0.2281044 0.2422493 0.2563793 0.2346577 0.2276282 0.2367957 0.312847 0.3144311 0.3369633 0.3259525 0.33754 0.31492 0.4662117 0.03441077 0.4964303 0.02292323 0.4660305 0.02308815 0.1958206 0.3634383 0.2149547 0.3370844 0.1894201 0.3442075 0.5243161 0.222929 0.5607464 0.2095394 0.5262405 0.2056447 0.5947991 0.2327855 0.632106 0.2430503 0.6332263 0.2387274 0.1648221 0.4154616 0.1712993 0.3731794 0.1459094 0.385666 0.4347906 0.1050044 0.4659224 0.1118268 0.4659619 0.1055025 0.529955 0.3445819 0.5549573 0.3758302 0.5630766 0.3576492 0.2802509 0.4312333 0.2499324 0.3795024 0.263603 0.4343384 0.2434177 0.3505023 0.2149547 0.3370844 0.2198355 0.3562397 0.1999722 0.2539074 0.2300454 0.261768 0.2289051 0.250731 0.2828335 0.1034892 0.3130638 0.1094535 0.3130431 0.1034049 0.114012 0.3010645 0.14501 0.2914784 0.1135351 0.2991482 0.5812243 0.5083132 0.5569725 0.5058264 0.5716243 0.5171703 0.5003672 0.3304642 0.4707418 0.322994 0.4998732 0.3319441 0.3935312 0.2760281 0.4221748 0.2737626 0.3942205 0.2702935 0.2590873 0.2733039 0.2861546 0.2734673 0.2860916 0.2718778 0.5708628 0.335954 0.5378298 0.321966 0.536907 0.3248874 0.2584927 0.2654919 0.2309975 0.2702699 0.2586647 0.2677958 0.462172 0.4127172 0.5049401 0.3961454 0.4789487 0.3821563 0.2499324 0.3795024 0.2667393 0.3468078 0.2434177 0.3505023 0.1748159 0.2849467 0.2026951 0.2739442 0.1736831 0.2789932 0.4308152 0.19663 0.4009121 0.1909331 0.4006944 0.1945165 0.3433282 0.1035884 0.3735263 0.1100227 0.3735957 0.103941 0.1290187 0.1689434 0.1616452 0.1716274 0.1614401 0.1674351 0.3395327 0.2715997 0.3128435 0.2655596 0.3128672 0.2711687 0.3140338 0.4286304 0.2922124 0.3733088 0.2970421 0.4290102 0.09626883 0.1881211 0.1292514 0.1732944 0.09551084 0.1752305 0.5642704 0.1671295 0.6009269 0.1647433 0.5644569 0.163274 0.07770276 0.2976506 0.04012668 0.2984403 0.04284 0.3060076 0.3639749 0.3008632 0.3896858 0.30516 0.3898745 0.3038563 0.4970511 0.1463323 0.4644781 0.1581593 0.4966003 0.1598513 0.4379683 0.477425 0.4354391 0.5038856 0.4502097 0.489611 0.3413515 0.219967 0.3130035 0.2335044 0.3409267 0.233778 0.2590873 0.2733039 0.2309975 0.2702699 0.2317048 0.2760641 0.3802546 0.4400646 0.3766559 0.3788609 0.3640303 0.4354383 0.2228574 0.1419562 0.2533851 0.1538393 0.2531677 0.1413359 0.3689873 0.2350893 0.3413515 0.219967 0.3409267 0.233778 0.4346318 0.1154122 0.4659224 0.1118268 0.4347186 0.1112139 0.5581104 0.2315471 0.5243161 0.222929 0.5238174 0.2266375 0.3726004 0.1543536 0.4025326 0.1585361 0.4026579 0.1552488 0.08427685 0.3225777 0.114012 0.3010645 0.08066362 0.3095865 0.1300047 0.1856504 0.1626383 0.187168 0.1623988 0.1835076 0.2618058 0.3035693 0.2880966 0.3151424 0.2874307 0.3017299 0.2590873 0.2733039 0.2319059 0.277704 0.2592112 0.2748833 0.4341543 0.1309319 0.4655217 0.1277905 0.4342705 0.1268073 0.2036653 0.2800722 0.2319059 0.277704 0.2317048 0.2760641 0.4651221 0.1405191 0.4341543 0.1309319 0.4338831 0.1393445 0.09466964 0.1135213 0.05972081 0.1071295 0.05947941 0.1121226 0.5060576 0.3122137 0.5416028 0.309404 0.5092547 0.3004243 0.2241063 0.179969 0.2537209 0.1676726 0.2236391 0.1687186 0.0972523 0.2001293 0.06247538 0.2078101 0.09764909 0.2042546 0.06092739 0.1907681 0.09657222 0.1919838 0.09626883 0.1881211 0.6002563 0.1772078 0.6384937 0.1843897 0.6383746 0.1793721 0.3717237 0.1792007 0.4013056 0.1838608 0.4014872 0.1804004 0.4872211 0.2486385 0.5181844 0.2601169 0.5193045 0.2539172 0.5985274 0.2004166 0.5624067 0.1928437 0.5620346 0.1969442 0.4759528 0.3039075 0.4493885 0.2863676 0.4471184 0.2972285 0.4318576 0.1822712 0.4625907 0.188274 0.4628711 0.1845535 0.07299697 0.2762895 0.04012668 0.2984403 0.07591551 0.2898731 0.1917781 0.1258424 0.1603338 0.1144917 0.1603235 0.1262186 0.2566732 0.2398591 0.2848868 0.2335916 0.2563793 0.2346577 0.2850005 0.2387055 0.3129789 0.240785 0.3129829 0.2384086 0.4119386 0.4539257 0.4193993 0.3917459 0.3964792 0.4459964 0.3915327 0.2919525 0.4174233 0.3021455 0.4185395 0.2959609 0.05903828 0.13019 0.09445083 0.1400304 0.09439712 0.1305753 0.571894 0.3328183 0.6074046 0.3481771 0.6084994 0.3448748 0.5569725 0.5058264 0.5416225 0.4869681 0.5394815 0.4998272 0.570159 0.3380742 0.6074046 0.3481771 0.5708628 0.335954 0.4976364 0.5765354 0.4955314 0.5997136 0.5063174 0.5859313 0.4966868 0.03360146 0.5285382 0.05460971 0.5269274 0.03263783 0.1368409 0.2483611 0.1688548 0.2493472 0.1680405 0.2437701 0.5034834 0.505827 0.5015994 0.5290105 0.5116897 0.5211514 0.5301641 0.5942981 0.5484007 0.6086499 0.5428073 0.5921623 0.6010315 0.1101471 0.5647567 0.1045109 0.5649707 0.1115143 0.5634595 0.1795555 0.5989094 0.1960361 0.5999448 0.1822034 0.5773809 0.5861841 0.5975316 0.5723419 0.5848368 0.5691373 0.4741372 0.5505424 0.4629314 0.5721524 0.4756035 0.5689948 0.4955314 0.5997136 0.5075892 0.6209354 0.5118578 0.6085753 0.02296561 0.1744635 0.0594384 0.1643814 0.02252769 0.1661812 0.162696 0.0334025 0.1927551 0.02320086 0.1630921 0.02247798 0.04495507 0.01356726 0.07605785 0.01394772 0.05025297 0.004240155 0.1302843 0.1894583 0.0972523 0.2001293 0.130886 0.1973053 0.2572177 0.2484496 0.2850703 0.241091 0.2568299 0.2422739 0.5571604 0.02995204 0.5843777 0.01394319 0.5557864 0.01920336 0.5843777 0.01394319 0.6167001 0.01388502 0.6112873 0.004240155 0.196784 0.225299 0.2276282 0.2367957 0.2265017 0.2226644 0.1701886 0.2581741 0.201404 0.265261 0.1999722 0.2539074 0.6240494 0.2819824 0.5887409 0.2674746 0.5873523 0.2740101 0.572777 0.6102098 0.5484007 0.6086499 0.5526123 0.6210281 0.3128731 0.2939144 0.3386564 0.2930514 0.3128736 0.2924549 0.2348163 0.2997015 0.2076153 0.3024261 0.207908 0.3039706 0.3969327 0.2447396 0.3687025 0.2400444 0.3685584 0.242462 0.2833085 0.1534505 0.3130117 0.1409402 0.283119 0.1409551 0.2870705 0.2944661 0.3128736 0.2924549 0.2869974 0.2929908 0.5667309 0.3479831 0.6029718 0.3585563 0.5674514 0.3459885 0.3386564 0.2930514 0.3644084 0.2963281 0.3645391 0.2948535 0.130886 0.1973053 0.1634659 0.1983245 0.1631861 0.19471 0.4658488 0.116108 0.497825 0.1121853 0.4659224 0.1118268 0.1285297 0.1580455 0.09490507 0.1630029 0.1286698 0.1616321 0.1617861 0.05474048 0.1299655 0.06747394 0.1612809 0.06862974 0.530125 0.6116446 0.5526123 0.6210281 0.5484007 0.6086499 0.3855894 0.3312985 0.405764 0.3553611 0.410339 0.3361941 0.4157102 0.3110507 0.4429247 0.3154968 0.4159748 0.3096989 0.5294685 0.06889045 0.4979357 0.08554869 0.5302206 0.08480256 0.4966868 0.03360146 0.5263418 0.02175652 0.4964303 0.02292323 0.103821 0.01842278 0.07339185 0.02391701 0.1024876 0.02896451 0.1604792 0.1390818 0.1920487 0.1427187 0.1919511 0.1384283 0.4355216 0.0561884 0.4663099 0.07036626 0.4662812 0.05636835 0.1894683 0.4746391 0.123717 0.4532986 0.1781358 0.4875726 0.6156041 0.3168369 0.5816284 0.2990107 0.5795536 0.3070116 0.2873016 0.2991472 0.3128731 0.2939144 0.2870705 0.2944661 0.404383 0.08511435 0.3737909 0.0697602 0.3736736 0.08464598 0.08579236 0.3276556 0.1207315 0.3249099 0.1186056 0.3179122 0.343297 0.06946396 0.3130528 0.08438992 0.3432366 0.08443468 0.5003672 0.3304642 0.5332214 0.3357164 0.5020263 0.3253411 0.4038711 0.11482 0.4347186 0.1112139 0.403967 0.1106761 0.2833085 0.1534505 0.2531677 0.1413359 0.2533851 0.1538393 0.5863366 0.5506558 0.5937454 0.5274371 0.5817825 0.5326979 0.2829744 0.08443427 0.3130421 0.06941527 0.2828997 0.0695883 0.253099 0.1370136 0.283119 0.1409551 0.2830893 0.1367358 0.2224742 0.08458799 0.192007 0.06944072 0.1918703 0.08448302 0.2829117 0.05597692 0.2527452 0.06964898 0.2828997 0.0695883 0.09131026 0.3447101 0.05556982 0.3543525 0.05607169 0.3561329 0.2357118 0.3056555 0.261543 0.3009687 0.2355127 0.3043441 0.059062 0.1453992 0.09476029 0.1592508 0.0945006 0.1447879 0.5046798 0.316851 0.536907 0.3248874 0.5052469 0.314964 0.1603235 0.1262186 0.1918399 0.129901 0.1917781 0.1258424 0.4649609 0.1448886 0.4332458 0.1566132 0.4644781 0.1581593 0.09075725 0.3430549 0.0544247 0.3479509 0.05556982 0.3543525 0.6331011 0.05383235 0.5984109 0.07941228 0.6375348 0.07387703 0.3721767 0.1680483 0.4014872 0.1804004 0.4020332 0.1691954 0.3428364 0.1536328 0.372515 0.1576003 0.3726004 0.1543536 0.4993619 0.3334633 0.5305662 0.3429619 0.4998732 0.3319441 0.529955 0.3445819 0.5637519 0.3558892 0.5305662 0.3429619 0.3398186 0.2639356 0.3128435 0.2655596 0.3397365 0.2661811 0.2227597 0.1376659 0.2531677 0.1413359 0.253099 0.1370136 0.3382687 0.3014777 0.3623365 0.3169425 0.3637254 0.3034426 0.3129024 0.3010109 0.33754 0.31492 0.3382687 0.3014777 0.5274488 0.1937978 0.4947934 0.187129 0.4944856 0.1907674 0.5650994 0.1162657 0.6014456 0.128851 0.6012294 0.1151112 0.5304484 0.1427415 0.5649362 0.1484631 0.5650485 0.1434787 0.1301311 0.3512595 0.0918886 0.3464157 0.09902793 0.3641223 0.5941809 0.2369451 0.5568435 0.2395741 0.5927803 0.2455145 0.3132365 0.3725113 0.3359398 0.3443226 0.312895 0.3436002 0.5168422 0.3747137 0.5549573 0.3758302 0.5230323 0.3611387 0.4636554 0.1727844 0.4318576 0.1822712 0.4628711 0.1845535 0.06028681 0.09760558 0.0950939 0.1021537 0.09520554 0.1000652 0.4508401 0.2785995 0.4790887 0.2909388 0.4804784 0.2846513 0.2833958 0.1632087 0.2534493 0.1570991 0.2536239 0.163737 0.4174233 0.3021455 0.4444198 0.3092666 0.4447773 0.3076893 0.1894201 0.3442075 0.158716 0.3407936 0.163051 0.3530696 0.495956 0.1705892 0.4643015 0.1615988 0.463915 0.1686255 0.48242 0.2754036 0.5120574 0.2893577 0.5137003 0.2823342 0.4296317 0.3620748 0.4615679 0.3512091 0.4355511 0.3428327 0.1860013 0.3323869 0.2149547 0.3370844 0.2123565 0.3256714 0.128288 0.1033894 0.1604019 0.1018105 0.1283437 0.1013226 0.04358083 0.3089028 0.07770276 0.2976506 0.04284 0.3060076 0.1112105 0.2894557 0.07591551 0.2898731 0.07770276 0.2976506 0.08874946 0.3370265 0.1207315 0.3249099 0.08814018 0.3350983 0.5649707 0.1115143 0.6012294 0.1151112 0.6010315 0.1101471 0.05972081 0.1071295 0.02277445 0.09756898 0.02243053 0.105174 0.5291636 0.1728094 0.5642704 0.1671295 0.5296462 0.1652976 0.5244575 0.4695032 0.5321188 0.4141141 0.5045323 0.4454798 0.3951637 0.2617182 0.4250774 0.2540031 0.3963376 0.2507427 0.3944798 0.2680006 0.4221748 0.2737626 0.4225208 0.2713987 0.1057556 0.3784666 0.1459094 0.385666 0.1355103 0.3642255 0.5137003 0.2823342 0.5447946 0.2976684 0.5466655 0.2902194 0.3944798 0.2680006 0.367426 0.2593474 0.3669942 0.2652311 0.4129276 0.3249188 0.4425846 0.3168904 0.4157102 0.3110507 0.4296317 0.3620748 0.4407712 0.4009091 0.453987 0.3707591 0.1112105 0.2894557 0.1416675 0.2756828 0.1096292 0.2822708 0.3980002 0.384419 0.4296317 0.3620748 0.405764 0.3553611 0.6390177 0.1084479 0.6006892 0.102582 0.6010315 0.1101471 0.1135351 0.2991482 0.07841092 0.3005428 0.08014851 0.307596 0.4836325 0.4267847 0.5321188 0.4141141 0.5049401 0.3961454 0.0945006 0.1447879 0.1285297 0.1580455 0.1281493 0.1442963 0.2841266 0.2100281 0.2554095 0.2176135 0.2842524 0.2165871 0.2318943 0.4456402 0.1861364 0.4027016 0.2169824 0.453665 0.2026951 0.2739442 0.2317048 0.2760641 0.2309975 0.2702699 0.1930156 0.1700065 0.2241063 0.179969 0.2236391 0.1687186 0.3130064 0.1780812 0.2837138 0.1815847 0.3129908 0.1814585 0.3369633 0.3259525 0.3590548 0.3463919 0.3611624 0.3279199 0.3130006 0.2098288 0.2840651 0.2067207 0.2841266 0.2100281 0.1301311 0.3512595 0.1538788 0.3256168 0.1239996 0.3351149 0.2970421 0.4290102 0.2710934 0.3755404 0.2802509 0.4312333 0.2527828 0.1095975 0.2223573 0.1140203 0.2528185 0.1138116 0.2169824 0.453665 0.1648221 0.4154616 0.2025467 0.4632017 0.3700407 0.2178785 0.3988127 0.2228683 0.3990654 0.2196196 0.5046798 0.316851 0.4730839 0.3147387 0.502569 0.3236268 0.134761 0.2325266 0.1658511 0.2251877 0.1343149 0.2290317 0.03019553 0.2435781 0.06678324 0.2422627 0.06621825 0.2383733 0.2039273 0.2817358 0.1748159 0.2849467 0.1751529 0.2866669 0.4628711 0.1845535 0.4944856 0.1907674 0.4947934 0.187129 0.1610189 0.1568928 0.192559 0.1591647 0.1924347 0.1557174 0.0950939 0.1021537 0.1281687 0.1098943 0.128288 0.1033894 0.312856 0.02372157 0.2827277 0.03457087 0.3128598 0.03473162 0.5291636 0.1728094 0.5634595 0.1795555 0.5637598 0.1750107 0.2555639 0.2207344 0.2848868 0.2335916 0.2843219 0.2198688 0.07150751 0.2687826 0.1070721 0.2694767 0.1057571 0.262521 0.06452912 0.2262057 0.02573031 0.2113208 0.02798902 0.2311501 0.4663218 0.08561044 0.4978021 0.1037328 0.4979357 0.08554869 0.4657574 0.3391767 0.488386 0.3615049 0.4935458 0.3490684 0.2590873 0.2733039 0.285868 0.2660983 0.2586647 0.2677958 0.3407683 0.2390466 0.3689873 0.2350893 0.3409267 0.233778 0.07210868 0.3968229 0.1191993 0.4013383 0.1057556 0.3784666 0.09439712 0.1305753 0.05912792 0.1253865 0.05903828 0.13019 0.1603627 0.130376 0.1279169 0.1263301 0.1279268 0.1306092 0.05984431 0.172514 0.09551084 0.1752305 0.09525305 0.1706835 0.0963754 0.08095234 0.0649864 0.06032335 0.06220263 0.0773459 0.3681736 0.2484059 0.3969327 0.2447396 0.3685584 0.242462 0.08066362 0.3095865 0.04471796 0.3167443 0.04522913 0.318876 0.2039273 0.2817358 0.2332088 0.2880052 0.2319059 0.277704 0.3432602 0.1137533 0.3732182 0.1253226 0.3734489 0.1141306 0.1481091 0.3047299 0.1751529 0.2866669 0.1454233 0.293252 0.3430744 0.1249049 0.3130515 0.1135389 0.313044 0.1245816 0.2529497 0.1248815 0.2223573 0.1140203 0.2225829 0.1252647 0.6014456 0.128851 0.6396464 0.1137889 0.6012294 0.1151112 0.3431828 0.03395277 0.3739248 0.02198207 0.3430376 0.02283847 0.3990654 0.2196196 0.4283838 0.2257069 0.4287201 0.2223899 0.4324787 0.1708223 0.463915 0.1686255 0.4327132 0.1667706 0.1712993 0.3731794 0.1894201 0.3442075 0.163051 0.3530696 0.0284655 0.05222177 0.06797969 0.04533374 0.03408402 0.03552317 0.07591551 0.2898731 0.1070721 0.2694767 0.07299697 0.2762895 0.4790887 0.2909388 0.4493885 0.2863676 0.4786832 0.2926772 0.1393393 0.2633597 0.1692429 0.2519462 0.1381766 0.2566608 0.5307765 0.1168258 0.5651291 0.1292064 0.5650994 0.1162657 0.2529928 0.1288065 0.2830038 0.1246812 0.2529497 0.1248815 0.222316 0.1038748 0.2527828 0.1095975 0.2527434 0.1035398 0.2648611 0.4391682 0.2842279 0.4557964 0.2810419 0.4362227 0.2549322 0.2077309 0.2838351 0.191942 0.2545213 0.1927742 0.1180467 0.3159798 0.08427685 0.3225777 0.08517307 0.3256095 0.2861546 0.2734673 0.3128672 0.2711687 0.2860916 0.2718778 0.4346318 0.1154122 0.4655217 0.1277905 0.4658488 0.116108 0.597226 0.2138267 0.6332263 0.2387274 0.6357705 0.2177276 0.2604444 0.2891469 0.2335338 0.2904205 0.2337552 0.292067 0.2540894 0.178779 0.2242739 0.1834474 0.2541967 0.1822033 0.2242739 0.1834474 0.193628 0.1815975 0.1938371 0.1851484 0.4174233 0.3021455 0.4462029 0.3014576 0.4185395 0.2959609 0.4977876 0.1165732 0.5306512 0.1291308 0.5307765 0.1168258 0.4748171 0.3083099 0.5052469 0.314964 0.4752802 0.3065254 0.3128461 0.2866802 0.3389477 0.2856279 0.3128424 0.2850983 0.2337552 0.292067 0.2062051 0.2948036 0.2065061 0.2964937 0.2600941 0.2851535 0.2861546 0.2734673 0.2592112 0.2748833 0.2867349 0.2874001 0.2603028 0.2875387 0.2604444 0.2891469 0.3917498 0.2903175 0.419256 0.2918434 0.3920595 0.2879177 0.3652088 0.2872473 0.3915327 0.2919525 0.3917498 0.2903175 0.1999722 0.2539074 0.2283341 0.2447093 0.1991947 0.2477143 0.4756035 0.5689948 0.4914555 0.5520933 0.4741372 0.5505424 0.1308623 0.05338782 0.09804219 0.06489139 0.1299655 0.06747394 0.4347186 0.1112139 0.4040653 0.1045585 0.403967 0.1106761 0.4566026 0.243916 0.4862962 0.2543392 0.4872211 0.2486385 0.4787223 0.532635 0.5015994 0.5290105 0.4888705 0.5171707 0.5848368 0.5691373 0.5690458 0.5520992 0.5679308 0.5648767 0.4955314 0.5997136 0.5175333 0.5921046 0.5063174 0.5859313 0.3128748 0.272736 0.3395327 0.2715997 0.3128672 0.2711687 0.5999448 0.1822034 0.6374976 0.199482 0.6384937 0.1843897 0.4787223 0.532635 0.4611455 0.5494227 0.4741372 0.5505424 0.3129908 0.1814585 0.2837803 0.1885215 0.3129233 0.188394 0.403967 0.1106761 0.3734489 0.1141306 0.4038711 0.11482 0.4432557 0.3141286 0.4707418 0.322994 0.4711534 0.3215625 0.5773809 0.5861841 0.5679308 0.5648767 0.5627182 0.5765863 0.5305958 0.1335241 0.5651291 0.1292064 0.5306512 0.1291308 0.2528106 0.02347129 0.2224715 0.03422188 0.2526288 0.03442335 0.1604792 0.1390818 0.1918399 0.129901 0.1603627 0.130376 0.4888705 0.5171707 0.4972868 0.4943528 0.4792932 0.5083284 0.2283341 0.2447093 0.1988936 0.2452186 0.1991947 0.2477143 0.3369633 0.3259525 0.3623365 0.3169425 0.33754 0.31492 0.285786 0.2638477 0.3128665 0.2573114 0.2855746 0.2577134 0.6029718 0.3585563 0.570159 0.3380742 0.5674514 0.3459885 0.3430376 0.02283847 0.3128598 0.03473162 0.3431828 0.03395277 0.2609657 0.295042 0.2348163 0.2997015 0.2611094 0.2965299 0.3407683 0.2390466 0.3685584 0.242462 0.3687025 0.2400444 0.2830893 0.1367358 0.3130341 0.1285716 0.2830259 0.128519 0.6014645 0.133659 0.6395626 0.1443293 0.6395946 0.1337373 0.3130761 0.1533614 0.3427878 0.1568639 0.3428364 0.1536328 0.4032355 0.1383206 0.3731391 0.1292656 0.3730019 0.137533 0.3128511 0.2633081 0.3400417 0.2579562 0.3128665 0.2573114 0.4726349 0.3163731 0.4447773 0.3076893 0.4444198 0.3092666 0.1917781 0.1258424 0.2223573 0.1140203 0.1916178 0.1143724 0.1510812 0.3158531 0.1802918 0.3101147 0.1799075 0.3085163 0.09439712 0.1305753 0.1280598 0.1395688 0.1279268 0.1306092 0.3905431 0.2992171 0.3645391 0.2948535 0.3644084 0.2963281 0.1623988 0.1835076 0.1938371 0.1851484 0.193628 0.1815975 0.0284655 0.05222177 0.06220263 0.0773459 0.0649864 0.06032335 0.4544373 0.2582845 0.4858255 0.2569862 0.4554474 0.2517428 0.4022139 0.1652304 0.3721767 0.1680483 0.4020332 0.1691954 0.342086 0.1887465 0.3712097 0.1929206 0.3713387 0.1895611 0.5612134 0.2053823 0.5262405 0.2056447 0.5607464 0.2095394 0.1308623 0.05338782 0.1024876 0.02896451 0.09966284 0.05053198 0.261543 0.3009687 0.2870705 0.2944661 0.2611094 0.2965299 0.3429154 0.1411147 0.3730019 0.137533 0.3429707 0.1369843 0.4662812 0.05636835 0.497622 0.0700193 0.4972777 0.05602699 0.2245928 0.1905923 0.1945194 0.1960198 0.2247807 0.1941094 0.2232257 0.1579188 0.2533851 0.1538393 0.223122 0.1546185 0.2247807 0.1941094 0.2543921 0.1892209 0.2245928 0.1905923 0.4332458 0.1566132 0.4030972 0.1425958 0.4026579 0.1552488 0.4354018 0.07018095 0.4047681 0.05596846 0.4045803 0.06987875 0.5644078 0.3541653 0.6001319 0.3693944 0.600747 0.3675209 0.5294685 0.06889045 0.4972777 0.05602699 0.497622 0.0700193 0.2348163 0.2997015 0.261543 0.3009687 0.2611094 0.2965299 0.2833958 0.1632087 0.3130159 0.1670564 0.3130237 0.1631609 0.5473874 0.3905788 0.5916406 0.3937141 0.5549573 0.3758302 0.2873647 0.3004262 0.3128919 0.2984306 0.2873016 0.2991472 0.5658348 0.5396838 0.5716243 0.5171703 0.5587747 0.5289934 0.1229643 0.3319929 0.1534405 0.3241359 0.153016 0.3226819 0.5298376 0.1616179 0.4970511 0.1463323 0.4966003 0.1598513 0.4663099 0.07036626 0.435225 0.08542644 0.4663218 0.08561044 0.1964478 0.2218521 0.1662502 0.2286395 0.196784 0.225299 0.09443491 0.1261914 0.1280938 0.1143177 0.09466964 0.1135213 0.2841266 0.2100281 0.2549322 0.2077309 0.2550833 0.2109591 0.4726349 0.3163731 0.5003672 0.3304642 0.5020263 0.3253411 0.5646635 0.1023664 0.5984109 0.07941228 0.5635231 0.08287435 0.3425947 0.167351 0.3717237 0.1792007 0.3721767 0.1680483 0.2359157 0.3069924 0.2091526 0.3102681 0.209429 0.3116368 0.3963376 0.2507427 0.367426 0.2593474 0.3951637 0.2617182 0.0649864 0.06032335 0.09966284 0.05053198 0.06797969 0.04533374 0.4324787 0.1708223 0.4014872 0.1804004 0.4318576 0.1822712 0.2618058 0.3035693 0.2873647 0.3004262 0.2616723 0.3022508 0.3732182 0.1253226 0.4038711 0.11482 0.3734489 0.1141306 0.3874636 0.3201063 0.410339 0.3361941 0.4129276 0.3249188 0.263249 0.3172693 0.2359157 0.3069924 0.2380307 0.3206879 0.2580439 0.2593943 0.285249 0.2469699 0.2572177 0.2484496 0.4589292 0.2257422 0.4896532 0.2331328 0.4901449 0.2295856 0.2123565 0.3256714 0.2359157 0.3069924 0.209429 0.3116368 0.312847 0.3144311 0.2874307 0.3017299 0.2880966 0.3151424 0.6375348 0.07387703 0.6005701 0.100349 0.6388837 0.09829658 0.4935458 0.3490684 0.4703206 0.324443 0.4657574 0.3391767 0.463915 0.1686255 0.4330838 0.1599604 0.4327132 0.1667706 0.4157102 0.3110507 0.3874636 0.3201063 0.4129276 0.3249188 0.1780397 0.3002601 0.2057704 0.2923324 0.1774805 0.2976949 0.1312269 0.2011702 0.1647171 0.2145857 0.1634659 0.1983245 0.4786832 0.2926772 0.5060576 0.3122137 0.5092547 0.3004243 0.09466964 0.1135213 0.1281687 0.1098943 0.0948354 0.1090055 0.09075725 0.3430549 0.1234734 0.3335396 0.1229643 0.3319929 0.2123565 0.3256714 0.2398955 0.3319768 0.2380307 0.3206879 0.5306352 0.1055076 0.5646635 0.1023664 0.5305924 0.1033883 0.1285297 0.1580455 0.160573 0.1435723 0.1281493 0.1442963 0.1430311 0.2825065 0.1720681 0.2701265 0.1416675 0.2756828 0.2357118 0.3056555 0.2618058 0.3035693 0.2616723 0.3022508 0.1751529 0.2866669 0.14501 0.2914784 0.1454233 0.293252 0.3398186 0.2639356 0.367426 0.2593474 0.3400417 0.2579562 0.5620189 0.06645774 0.5927165 0.04656553 0.5602197 0.05183738 0.2025467 0.4632017 0.1437976 0.4315901 0.1894683 0.4746391 0.1290187 0.1689434 0.09490507 0.1630029 0.09525305 0.1706835 0.2023409 0.2715597 0.1736831 0.2789932 0.2026951 0.2739442 0.2536239 0.163737 0.2834377 0.1671093 0.2833958 0.1632087 0.3397365 0.2661811 0.3669942 0.2652311 0.3398186 0.2639356 0.4804784 0.2846513 0.5120574 0.2893577 0.4810354 0.282127 0.5440474 0.3004695 0.5795536 0.3070116 0.5447946 0.2976684 0.1459094 0.385666 0.163051 0.3530696 0.1355103 0.3642255 0.1650806 0.2180464 0.1343149 0.2290317 0.1658511 0.2251877 0.2398955 0.3319768 0.263249 0.3172693 0.2380307 0.3206879 0.1958103 0.2149464 0.1647171 0.2145857 0.1650806 0.2180464 0.1437976 0.4315901 0.1459094 0.385666 0.1191993 0.4013383 0.6014107 0.1492115 0.5644569 0.163274 0.6009269 0.1647433 0.6002563 0.1772078 0.6388771 0.1708107 0.6007452 0.1688401 0.2898641 0.3446654 0.3132365 0.3725113 0.312895 0.3436002 0.1112105 0.2894557 0.07841092 0.3005428 0.111841 0.2921763 0.123717 0.4532986 0.1191993 0.4013383 0.09105533 0.4219313 0.3416439 0.2071666 0.3702999 0.2112386 0.3704366 0.2080225 0.2528185 0.1138116 0.2829111 0.1095411 0.2527828 0.1095975 0.44137 0.4734149 0.462172 0.4127172 0.4270107 0.4627361 0.3476087 0.431848 0.3342941 0.3732979 0.3308939 0.4295803 0.3722913 0.1642328 0.4025326 0.1585361 0.372515 0.1576003 0.1280598 0.1395688 0.1603627 0.130376 0.1279268 0.1306092 0.1416675 0.2756828 0.1070721 0.2694767 0.1096292 0.2822708 0.1280938 0.1143177 0.1603484 0.1100789 0.1281687 0.1098943 0.1915937 0.1101682 0.2223573 0.1140203 0.2223233 0.1099953 0.3917498 0.2903175 0.4185395 0.2959609 0.418832 0.2942954 0.1780397 0.3002601 0.1481091 0.3047299 0.148797 0.3074093 0.343297 0.06946396 0.3736736 0.08464598 0.3737909 0.0697602 0.5288676 0.1772651 0.4947934 0.187129 0.527793 0.1899077 0.2224742 0.08458799 0.2527452 0.06964898 0.2224515 0.06968384 0.1814785 0.3150417 0.207908 0.3039706 0.1802918 0.3101147 0.1616452 0.1716274 0.1300047 0.1856504 0.1623988 0.1835076 0.02133208 0.1248259 0.05947941 0.1121226 0.02177059 0.1101918 0.3390462 0.2832745 0.3128748 0.272736 0.312838 0.2827668 0.4975243 0.1284751 0.4658488 0.116108 0.4655217 0.1277905 0.3130237 0.1631609 0.3425947 0.167351 0.3426554 0.163453 0.1925975 0.0337156 0.2226675 0.02331113 0.1927551 0.02320086 0.6002563 0.1772078 0.5634595 0.1795555 0.5999448 0.1822034 0.2335338 0.2904205 0.2600941 0.2851535 0.2332088 0.2880052 0.07093679 0.2657492 0.1041955 0.2534307 0.06976985 0.2594382 0.2667393 0.3468078 0.2922124 0.3733088 0.2898641 0.3446654 0.2257752 0.2126596 0.2554095 0.2176135 0.2550833 0.2109591 0.3730019 0.137533 0.3430294 0.1287433 0.3429707 0.1369843 0.312897 0.2997146 0.3382687 0.3014777 0.3383307 0.3001785 0.3637254 0.3034426 0.3896858 0.30516 0.3638524 0.3021352 0.5984109 0.07941228 0.5620189 0.06645774 0.5635231 0.08287435 0.4628711 0.1845535 0.4956615 0.1749856 0.4636554 0.1727844 0.253099 0.1370136 0.2830259 0.128519 0.2529928 0.1288065 0.3129829 0.2384086 0.3409267 0.233778 0.3130035 0.2335044 0.5651259 0.1338092 0.6014836 0.1440015 0.6014645 0.133659 0.2644439 0.3283186 0.2880966 0.3151424 0.263249 0.3172693 0.5866874 0.2771321 0.5517967 0.2666561 0.5512053 0.2695899 0.3130226 0.1367369 0.3429154 0.1411147 0.3429707 0.1369843 0.4296946 0.2121127 0.4616833 0.1993587 0.4308152 0.19663 0.2091526 0.3102681 0.1814785 0.3150417 0.1818228 0.3164315 0.1057571 0.262521 0.1377261 0.253937 0.1052579 0.2597196 0.1302843 0.1894583 0.09626883 0.1881211 0.09657222 0.1919838 0.3423262 0.1783952 0.3716067 0.18252 0.3717237 0.1792007 0.03559684 0.2725993 0.07150751 0.2687826 0.07093679 0.2657492 0.4554474 0.2517428 0.4862962 0.2543392 0.4558361 0.2491882 0.1510812 0.3158531 0.1186056 0.3179122 0.1207315 0.3249099 0.5873523 0.2740101 0.6234117 0.2851374 0.6240494 0.2819824 0.2837138 0.1815847 0.2543921 0.1892209 0.2837803 0.1885215 0.2227597 0.1376659 0.2529928 0.1288065 0.2226462 0.1293365 0.134761 0.2325266 0.1680405 0.2437701 0.1662502 0.2286395 0.5517967 0.2666561 0.5887409 0.2674746 0.5530529 0.2603694 0.5647567 0.1045109 0.6005701 0.100349 0.5646635 0.1023664 0.1368409 0.2483611 0.1052579 0.2597196 0.1377261 0.253937 0.4123073 0.4838588 0.4379683 0.477425 0.4241565 0.4670752 0.5332214 0.3357164 0.502569 0.3236268 0.5020263 0.3253411 0.5976991 0.2093957 0.5620346 0.1969442 0.5612134 0.2053823 0.2554095 0.2176135 0.2843219 0.2198688 0.2842524 0.2165871 0.4310908 0.1930562 0.4616833 0.1993587 0.4619994 0.1956956 0.1945194 0.1960198 0.1631861 0.19471 0.1634659 0.1983245 0.3383307 0.3001785 0.3639749 0.3008632 0.3383904 0.2989033 0.6331011 0.05383235 0.5927165 0.04656553 0.5958849 0.06189167 0.3383904 0.2989033 0.3128731 0.2939144 0.3128919 0.2984306 0.153016 0.3226819 0.1802918 0.3101147 0.1515508 0.3175324 0.4162327 0.3083706 0.4444198 0.3092666 0.4171379 0.3036772 0.5602197 0.05183738 0.5294685 0.06889045 0.5620189 0.06645774 0.600747 0.3675209 0.5667309 0.3479831 0.5644078 0.3541653 0.223122 0.1546185 0.1920487 0.1427187 0.1924347 0.1557174 0.03613263 0.275604 0.07299697 0.2762895 0.07150751 0.2687826 0.5635231 0.08287435 0.5294685 0.06889045 0.5302206 0.08480256 0.4508401 0.2785995 0.4810354 0.282127 0.4512945 0.2761656 0.4221748 0.2737626 0.4512945 0.2761656 0.4225208 0.2713987 0.3420192 0.19217 0.3130239 0.2066454 0.3416439 0.2071666 0.4209736 0.2814762 0.4497157 0.2846726 0.4212317 0.2798162 0.2870705 0.2944661 0.2609657 0.295042 0.2611094 0.2965299 0.1343149 0.2290317 0.1016088 0.2371807 0.134761 0.2325266 0.2833356 0.1566118 0.3130761 0.1533614 0.2833085 0.1534505 0.1614401 0.1674351 0.192559 0.1591647 0.161149 0.1603563 0.4354018 0.07018095 0.404383 0.08511435 0.435225 0.08542644 0.5649362 0.1484631 0.5298376 0.1616179 0.5644569 0.163274 0.1393393 0.2633597 0.1720681 0.2701265 0.1701886 0.2581741 0.0945006 0.1447879 0.1280598 0.1395688 0.09445083 0.1400304 0.2300454 0.261768 0.2572177 0.2484496 0.2289051 0.250731 0.5466655 0.2902194 0.5849155 0.2849099 0.5496305 0.27685 0.2534493 0.1570991 0.2833085 0.1534505 0.2533851 0.1538393 0.3130239 0.2066454 0.3415672 0.2102412 0.3416439 0.2071666 0.2281044 0.2422493 0.2568299 0.2422739 0.2566732 0.2398591 0.2833958 0.1632087 0.3130683 0.1565868 0.2833356 0.1566118 0.2475485 0.4395489 0.2499324 0.3795024 0.2287161 0.3851547 0.48242 0.2754036 0.4544373 0.2582845 0.4524074 0.2699076 0.05902481 0.1402285 0.0945006 0.1447879 0.09445083 0.1400304 0.5630766 0.3576492 0.5916406 0.3937141 0.5994623 0.3712749 0.3713387 0.1895611 0.4006944 0.1945165 0.4009121 0.1909331 0.3130159 0.1670564 0.3423262 0.1783952 0.3425947 0.167351 0.2584927 0.2654919 0.2300454 0.261768 0.2307372 0.2679477 0.222316 0.1038748 0.252733 0.101742 0.2223045 0.1019343 0.05972081 0.1071295 0.0950939 0.1021537 0.0601415 0.09978765 0.1821777 0.3178497 0.2091526 0.3102681 0.1818228 0.3164315 0.6002563 0.1772078 0.5642704 0.1671295 0.5637598 0.1750107 0.3429154 0.1411147 0.3130761 0.1533614 0.3428364 0.1536328 0.09902793 0.3641223 0.1355103 0.3642255 0.1301311 0.3512595 0.576705 0.317299 0.6147387 0.319847 0.5787335 0.3100068 0.2528294 0.08450347 0.2828997 0.0695883 0.2527452 0.06964898 0.285786 0.2638477 0.2580439 0.2593943 0.2584927 0.2654919 0.2609657 0.295042 0.2867349 0.2874001 0.2604444 0.2891469 0.3130431 0.1034049 0.343303 0.1096554 0.3433282 0.1035884 0.1286698 0.1616321 0.1614401 0.1674351 0.161149 0.1603563 0.4258643 0.2478716 0.3971543 0.2423053 0.3969327 0.2447396 0.6147387 0.319847 0.5795536 0.3070116 0.5787335 0.3100068 0.3590548 0.3463919 0.3342941 0.3732979 0.3554005 0.3756706 0.2810419 0.4362227 0.29905 0.4540424 0.2973877 0.434033 0.1748159 0.2849467 0.1435748 0.2850686 0.14501 0.2914784 0.3139176 0.43361 0.328718 0.4543368 0.3303829 0.4345209 0.3308939 0.4295803 0.3132365 0.3725113 0.3140338 0.4286304 0.2840651 0.2067207 0.3129112 0.1918076 0.2838351 0.191942 0.5162687 0.269744 0.5512053 0.2695899 0.5176486 0.2629062 0.6127551 0.330152 0.576705 0.317299 0.5760989 0.3193816 0.3943901 0.4507827 0.3997974 0.4758269 0.4095358 0.4583126 0.4644783 0.5002812 0.5045323 0.4454798 0.4541832 0.4861168 0.192559 0.1591647 0.223122 0.1546185 0.1924347 0.1557174 0.3787236 0.4447979 0.3863661 0.4693794 0.3943901 0.4507827 0.2339562 0.4500747 0.2556275 0.4623656 0.2492315 0.4441835 0.3579122 0.4593644 0.3467143 0.4367229 0.3434573 0.4562846 0.1112105 0.2894557 0.1435748 0.2850686 0.1430311 0.2825065 0.2074566 0.3928382 0.1712993 0.3731794 0.1861364 0.4027016 0.2600941 0.2851535 0.2319059 0.277704 0.2332088 0.2880052 0.3579122 0.4593644 0.3787236 0.4447979 0.3628371 0.4401625 0.4925016 0.5648155 0.4945974 0.5397145 0.4914555 0.5520933 0.4502097 0.489611 0.4454628 0.5151665 0.460094 0.5027729 0.2307372 0.2679477 0.2026951 0.2739442 0.2309975 0.2702699 0.2584927 0.2654919 0.285868 0.2660983 0.285786 0.2638477 0.2056328 0.467289 0.2300377 0.4746988 0.2195277 0.457963 0.4659619 0.1055025 0.4978021 0.1037328 0.4659811 0.1035655 0.3432602 0.1137533 0.3735263 0.1100227 0.343303 0.1096554 0.3128672 0.2711687 0.285868 0.2660983 0.2860916 0.2718778 0.3640303 0.4354383 0.3554005 0.3756706 0.3476087 0.431848 0.4945974 0.5397145 0.4741372 0.5505424 0.4914555 0.5520933 0.2195277 0.457963 0.2425246 0.4677506 0.2339562 0.4500747 0.1822264 0.4903945 0.2071301 0.4930614 0.1930405 0.4783161 0.153016 0.3226819 0.1818228 0.3164315 0.1814785 0.3150417 0.5447946 0.2976684 0.5114001 0.2920016 0.5440474 0.3004695 0.5307455 0.1121668 0.5647567 0.1045109 0.5306352 0.1055076 0.07841092 0.3005428 0.04471796 0.3167443 0.08014851 0.307596 0.1958206 0.3634383 0.2287161 0.3851547 0.2198355 0.3562397 0.3645391 0.2948535 0.3915327 0.2919525 0.365065 0.2888671 0.6014107 0.1492115 0.6395626 0.1443293 0.6014836 0.1440015 0.4497157 0.2846726 0.4221748 0.2737626 0.4212317 0.2798162 0.2242739 0.1834474 0.2543921 0.1892209 0.2541967 0.1822033 0.571894 0.3328183 0.6127551 0.330152 0.5760989 0.3193816 0.418832 0.2942954 0.4471184 0.2972285 0.419256 0.2918434 0.6367372 0.2038247 0.5989094 0.1960361 0.5985274 0.2004166 0.3669942 0.2652311 0.3942205 0.2702935 0.3944798 0.2680006 0.6001319 0.3693944 0.5630766 0.3576492 0.5994623 0.3712749 0.08517307 0.3256095 0.049003 0.3331682 0.0499823 0.3363673 0.4040653 0.1045585 0.4348183 0.1031645 0.4040998 0.1026796 0.4659811 0.1035655 0.4347906 0.1050044 0.4659619 0.1055025 0.2232257 0.1579188 0.2536239 0.163737 0.2534493 0.1570991 0.192007 0.06944072 0.1617861 0.05474048 0.1612809 0.06862974 0.5338638 0.3338837 0.5046798 0.316851 0.502569 0.3236268 0.1799075 0.3085163 0.2065061 0.2964937 0.1784254 0.3020071 0.2475485 0.4395489 0.2074566 0.3928382 0.2318943 0.4456402 0.4974323 0.1328045 0.5304484 0.1427415 0.5305958 0.1335241 0.128288 0.1033894 0.1603484 0.1100789 0.1603795 0.1037541 0.1982426 0.2398089 0.2281044 0.2422493 0.2276282 0.2367957 0.2830038 0.1246812 0.3130515 0.1135389 0.2829328 0.1135111 0.4407712 0.4009091 0.4789487 0.3821563 0.453987 0.3707591 0.4462029 0.3014576 0.4752802 0.3065254 0.4465742 0.2997508 0.5760989 0.3193816 0.5421574 0.3074457 0.5416028 0.309404 0.4250774 0.2540031 0.4554474 0.2517428 0.4258643 0.2478716 0.4034476 0.1300144 0.4338831 0.1393445 0.4341543 0.1309319 0.3623365 0.3169425 0.3894926 0.3064903 0.3637254 0.3034426 0.4597862 0.2187091 0.4915561 0.218803 0.4601581 0.2152976 0.5496305 0.27685 0.5866874 0.2771321 0.5512053 0.2695899 0.192007 0.06944072 0.160851 0.08385866 0.1918703 0.08448302 0.4174233 0.3021455 0.3905431 0.2992171 0.4171379 0.3036772 0.5296462 0.1652976 0.495956 0.1705892 0.5291636 0.1728094 0.4310908 0.1930562 0.4013056 0.1838608 0.4009121 0.1909331 0.3129233 0.188394 0.3422614 0.1817803 0.3129908 0.1814585 0.6358607 0.2130423 0.5985274 0.2004166 0.5976991 0.2093957 0.02477473 0.1983084 0.06207758 0.2036421 0.06126838 0.1949743 0.342086 0.1887465 0.3716067 0.18252 0.3422614 0.1817803 0.4316173 0.1858043 0.4619994 0.1956956 0.4625907 0.188274 0.526644 0.2018018 0.4944856 0.1907674 0.4937439 0.1984638 0.130886 0.1973053 0.1626383 0.187168 0.1302843 0.1894583 0.3713387 0.1895611 0.4013056 0.1838608 0.3716067 0.18252 0.4619994 0.1956956 0.4944856 0.1907674 0.4625907 0.188274 0.5274488 0.1937978 0.5612134 0.2053823 0.5620346 0.1969442 0.1631861 0.19471 0.1938371 0.1851484 0.1626383 0.187168 0.06126838 0.1949743 0.0972523 0.2001293 0.09657222 0.1919838 0.4589292 0.2257422 0.4911305 0.22224 0.4597862 0.2187091 0.5927803 0.2455145 0.632106 0.2430503 0.5941809 0.2369451 0.3995192 0.2128969 0.4287201 0.2223899 0.4293727 0.2155533 0.3129612 0.2164081 0.2841266 0.2100281 0.2842524 0.2165871 0.5227445 0.2342594 0.5581104 0.2315471 0.5238174 0.2266375 0.1964478 0.2218521 0.2257752 0.2126596 0.1958103 0.2149464 0.06621825 0.2383733 0.09999293 0.2255483 0.0650475 0.2300807 0.4901449 0.2295856 0.5238174 0.2266375 0.4911305 0.22224 0.3415672 0.2102412 0.3700407 0.2178785 0.3702999 0.2112386 0.3702999 0.2112386 0.3990654 0.2196196 0.3995192 0.2128969 0.1010597 0.2333036 0.1333688 0.2215831 0.09999293 0.2255483 0.4287201 0.2223899 0.4597862 0.2187091 0.4293727 0.2155533 0.03019553 0.2435781 0.0650475 0.2300807 0.02897733 0.2352571 0.1964478 0.2218521 0.1650806 0.2180464 0.1658511 0.2251877 0.3130006 0.2098288 0.3414348 0.2167978 0.3415672 0.2102412 0.2830893 0.1367358 0.3130117 0.1409402 0.3130226 0.1367369 0.1281493 0.1442963 0.1604792 0.1390818 0.1280598 0.1395688 0.3729032 0.1417744 0.4032355 0.1383206 0.3730019 0.137533 0.285249 0.2469699 0.3128665 0.2573114 0.3129634 0.2464652 0.2563793 0.2346577 0.2265017 0.2226644 0.2276282 0.2367957 0.4972868 0.4943528 0.5209841 0.4998282 0.5188429 0.4869681 0.4270107 0.4627361 0.4407712 0.4009091 0.4119386 0.4539257 0.4241565 0.4670752 0.4119386 0.4539257 0.4095358 0.4583126 0.2492315 0.4441835 0.2318943 0.4456402 0.2339562 0.4500747 0.3628371 0.4401625 0.3476087 0.431848 0.3467143 0.4367229 0.460094 0.5027729 0.4541832 0.4861168 0.4502097 0.489611 0.3139176 0.43361 0.3308939 0.4295803 0.3140338 0.4286304 0.2648611 0.4391682 0.2475485 0.4395489 0.2492315 0.4441835 0.3303829 0.4345209 0.3476087 0.431848 0.3308939 0.4295803 0.4379683 0.477425 0.4270107 0.4627361 0.4241565 0.4670752 0.1930405 0.4783161 0.2025467 0.4632017 0.1894683 0.4746391 0.2056328 0.467289 0.2169824 0.453665 0.2025467 0.4632017 0.2973877 0.434033 0.2802509 0.4312333 0.2810419 0.4362227 0.2195277 0.457963 0.2318943 0.4456402 0.2169824 0.453665 0.1822264 0.4903945 0.1894683 0.4746391 0.1781358 0.4875726 0.4095358 0.4583126 0.3964792 0.4459964 0.3943901 0.4507827 0.3787236 0.4447979 0.3640303 0.4354383 0.3628371 0.4401625 0.2973877 0.434033 0.3140338 0.4286304 0.2970421 0.4290102 0.2810419 0.4362227 0.263603 0.4343384 0.2648611 0.4391682 0.3943901 0.4507827 0.3802546 0.4400646 0.3787236 0.4447979 0.4502097 0.489611 0.44137 0.4734149 0.4379683 0.477425 0.29905 0.4540424 0.2842279 0.4557964 0.2842279 0.4557964 0.2182213 0.4831414 0.2071301 0.4930614 0.2071301 0.4930614 0.2300377 0.4746988 0.2182213 0.4831414 0.2182213 0.4831414 0.3138753 0.4535605 0.328718 0.4543368 0.3138753 0.4535605 0.2842279 0.4557964 0.269588 0.4586079 0.269588 0.4586079 0.2556275 0.4623656 0.2425246 0.4677506 0.2425246 0.4677506 0.269588 0.4586079 0.2556275 0.4623656 0.2556275 0.4623656 0.2071301 0.4930614 0.1962668 0.5041499 0.1962668 0.5041499 0.3434573 0.4562846 0.3579122 0.4593644 0.3434573 0.4562846 0.4454628 0.5151665 0.4354391 0.5038856 0.4354391 0.5038856 0.3997974 0.4758269 0.3863661 0.4693794 0.3863661 0.4693794 0.29905 0.4540424 0.3138753 0.4535605 0.29905 0.4540424 0.2425246 0.4677506 0.2300377 0.4746988 0.2300377 0.4746988 0.4242381 0.4933728 0.4123073 0.4838588 0.4123073 0.4838588 0.4354391 0.5038856 0.4242381 0.4933728 0.4242381 0.4933728 0.3863661 0.4693794 0.3721538 0.4639225 0.3721538 0.4639225 0.4123073 0.4838588 0.3997974 0.4758269 0.3997974 0.4758269 0.328718 0.4543368 0.3434573 0.4562846 0.328718 0.4543368 0.3579122 0.4593644 0.3721538 0.4639225 0.3579122 0.4593644 0.4119196 0.5909374 0.4261643 0.5751826 0.4167416 0.592997 0.4163547 0.5937057 0.4119196 0.5909374 0.4167416 0.592997 0.4115483 0.5916749 0.4065782 0.5898442 0.4119196 0.5909374 0.4065782 0.5898442 0.4177533 0.57165 0.4119196 0.5909374 0.4012426 0.5898079 0.4084252 0.569768 0.4065782 0.5898442 0.4065782 0.5898442 0.4014262 0.5905905 0.4012426 0.5898079 0.3960392 0.5908175 0.3991497 0.569768 0.4012426 0.5898079 0.3910885 0.592808 0.3901156 0.5715458 0.3960392 0.5908175 0.3866305 0.5957176 0.3815069 0.5750752 0.3910885 0.592808 0.3828734 0.5993741 0.3738024 0.5801719 0.3866305 0.5957176 0.3798338 0.6037694 0.3673406 0.5865141 0.3828734 0.5993741 0.3776664 0.6087923 0.3620854 0.5941648 0.3798338 0.6037694 0.3765601 0.6140485 0.3583409 0.6030011 0.3776664 0.6087923 0.3765345 0.6193906 0.3564957 0.6121951 0.3765601 0.6140485 0.3775169 0.6245207 0.356494 0.6214641 0.3765345 0.6193906 0.379462 0.6294959 0.3582011 0.6303164 0.3775169 0.6245207 0.3823849 0.6339852 0.3616949 0.6389866 0.379462 0.6294959 0.3862097 0.6378656 0.3668311 0.646799 0.3823849 0.6339852 0.3905394 0.6408409 0.3735352 0.6535401 0.3862097 0.6378656 0.3954538 0.6429157 0.3810896 0.6586238 0.3905394 0.6408409 0.4006825 0.6440247 0.3896294 0.6622188 0.3954538 0.6429157 0.4062404 0.6440758 0.3987067 0.6640916 0.4006825 0.6440247 0.4112803 0.6430913 0.4084755 0.6640892 0.4062404 0.6440758 0.4162334 0.64111 0.4171471 0.6623629 0.4112803 0.6430913 0.4208543 0.6380965 0.4257277 0.658882 0.4162334 0.64111 0.4245182 0.634456 0.4337904 0.653509 0.4208543 0.6380965 0.4275215 0.6300556 0.4400966 0.6472179 0.4245182 0.634456 0.4296778 0.6249901 0.4453013 0.6395603 0.4275215 0.6300556 0.4307427 0.6199544 0.449023 0.6306494 0.4296778 0.6249901 0.4307991 0.6144607 0.4507944 0.6219648 0.4307427 0.6199544 0.4298522 0.6093592 0.4508472 0.612348 0.4307991 0.6144607 0.4277787 0.6042722 0.449159 0.6035729 0.4298522 0.6093592 0.4249621 0.5999387 0.4455175 0.5946494 0.4277787 0.6042722 0.4210993 0.5959944 0.4406127 0.5871984 0.4249621 0.5999387 0.4167416 0.592997 0.4338129 0.5803161 0.4210993 0.5959944 0.4242274 0.6003003 0.4210993 0.5959944 0.4249621 0.5999387 0.4210993 0.5959944 0.4163547 0.5937057 0.4167416 0.592997 0.4236057 0.6008019 0.4205726 0.5966035 0.4242274 0.6003003 0.4205726 0.5966035 0.4159703 0.5944076 0.4163547 0.5937057 0.4159703 0.5944076 0.4115483 0.5916749 0.4163547 0.5937057 0.4200613 0.5972154 0.4156919 0.5951457 0.4159703 0.5944076 0.4159703 0.5944076 0.4110788 0.5931926 0.4113114 0.5924393 0.4195581 0.5978187 0.4152135 0.5957901 0.4156919 0.5951457 0.4152135 0.5957901 0.4110788 0.5931926 0.4156919 0.5951457 0.4110788 0.5931926 0.4062381 0.5929941 0.406319 0.5922175 0.4113114 0.5924393 0.406319 0.5922175 0.4064005 0.591435 0.406319 0.5922175 0.4014956 0.5913853 0.4064005 0.591435 0.406319 0.5922175 0.4016309 0.5929437 0.4014494 0.5921872 0.4014494 0.5921872 0.3969992 0.5938066 0.3966956 0.593092 0.4014494 0.5921872 0.3964744 0.5923389 0.4014956 0.5913853 0.4014956 0.5913853 0.3962492 0.5915746 0.4014262 0.5905905 0.4064813 0.5906438 0.4014956 0.5913853 0.4014262 0.5905905 0.3962492 0.5915746 0.3919141 0.594167 0.3914439 0.5935204 0.3966956 0.593092 0.3919141 0.594167 0.3964744 0.5923389 0.3914439 0.5935204 0.3876204 0.5969722 0.3871184 0.5963501 0.3921788 0.5949249 0.3876204 0.5969722 0.3919141 0.594167 0.3876204 0.5969722 0.384634 0.6009915 0.3840291 0.6004847 0.3871184 0.5963501 0.3840291 0.6004847 0.3834147 0.5999723 0.3914439 0.5935204 0.3866305 0.5957176 0.3910885 0.592808 0.3871184 0.5963501 0.3828734 0.5993741 0.3866305 0.5957176 0.3834147 0.5999723 0.3812298 0.6045568 0.3805323 0.6041707 0.3834147 0.5999723 0.3798338 0.6037694 0.3828734 0.5993741 0.3812298 0.6045568 0.3784365 0.6090345 0.3805323 0.6041707 0.3798338 0.6037694 0.3784365 0.6090345 0.3776664 0.6087923 0.3791992 0.6092766 0.3773777 0.6141359 0.3784365 0.6090345 0.3784365 0.6090345 0.3765601 0.6140485 0.3776664 0.6087923 0.3773777 0.6141359 0.3781166 0.6191419 0.3773213 0.6192101 0.3765601 0.6140485 0.3773213 0.6192101 0.3765345 0.6193906 0.3781166 0.6191419 0.3783047 0.6244024 0.3773213 0.6192101 0.3765345 0.6193906 0.3783047 0.6244024 0.3775169 0.6245207 0.3790702 0.624179 0.380186 0.6291245 0.3783047 0.6244024 0.3783047 0.6244024 0.379462 0.6294959 0.3775169 0.6245207 0.3789023 0.6190748 0.3790702 0.624179 0.3781166 0.6191419 0.3790702 0.624179 0.3816363 0.62847 0.380938 0.6288337 0.380938 0.6288337 0.3830944 0.6335699 0.380186 0.6291245 0.3816363 0.62847 0.3837164 0.6330664 0.380938 0.6288337 0.3830944 0.6335699 0.3871566 0.6365741 0.3866444 0.6371817 0.3837164 0.6330664 0.3876623 0.6359711 0.3871566 0.6365741 0.3843285 0.6325706 0.3881667 0.6353713 0.3876623 0.6359711 0.3816363 0.62847 0.3848612 0.6320005 0.3843285 0.6325706 0.4247672 0.6285291 0.3848612 0.6320005 0.3823294 0.6281083 0.4247672 0.6285291 0.3881667 0.6353713 0.3848612 0.6320005 0.4247672 0.6285291 0.4274076 0.6242651 0.4254515 0.6289052 0.4227048 0.6329227 0.4247672 0.6285291 0.4254515 0.6289052 0.4247672 0.6285291 0.4221068 0.6324214 0.4188424 0.6356168 0.4247672 0.6285291 0.405941 0.6408954 0.4010407 0.6408731 0.4247672 0.6285291 0.4104074 0.6400568 0.405941 0.6408954 0.4247672 0.6285291 0.3920689 0.6380508 0.3881667 0.6353713 0.4247672 0.6285291 0.3797029 0.6191155 0.379738 0.6143875 0.4247672 0.6285291 0.3805439 0.6236612 0.3797029 0.6191155 0.4247672 0.6285291 0.3852825 0.6014246 0.3886041 0.5981951 0.4247672 0.6285291 0.3825597 0.6054136 0.3852825 0.6014246 0.4247672 0.6285291 0.4016309 0.5929437 0.4062381 0.5929941 0.4247672 0.6285291 0.3969992 0.5938066 0.4016309 0.5929437 0.4247672 0.6285291 0.4192012 0.5985181 0.4223863 0.6017889 0.4247672 0.6285291 0.4152135 0.5957901 0.4192012 0.5985181 0.4247672 0.6285291 0.427641 0.6147283 0.427609 0.6194212 0.4247672 0.6285291 0.4268068 0.6102334 0.427641 0.6147283 0.4247672 0.6285291 0.427609 0.6194212 0.4266621 0.6240336 0.4247672 0.6285291 0.4188424 0.6356168 0.4147862 0.6382976 0.4247672 0.6285291 0.4010407 0.6408731 0.3964179 0.6399015 0.4247672 0.6285291 0.379738 0.6143875 0.3807218 0.6096538 0.4247672 0.6285291 0.3886041 0.5981951 0.3925411 0.5956159 0.4247672 0.6285291 0.4062381 0.5929941 0.4108467 0.5939396 0.4247672 0.6285291 0.4223863 0.6017889 0.4249754 0.6057287 0.4247672 0.6285291 0.4147862 0.6382976 0.4104074 0.6400568 0.4247672 0.6285291 0.3964179 0.6399015 0.3920689 0.6380508 0.4247672 0.6285291 0.3823294 0.6281083 0.3805439 0.6236612 0.4247672 0.6285291 0.3807218 0.6096538 0.3825597 0.6054136 0.4247672 0.6285291 0.3925411 0.5956159 0.3969992 0.5938066 0.4247672 0.6285291 0.4108467 0.5939396 0.4152135 0.5957901 0.4247672 0.6285291 0.4249754 0.6057287 0.4268068 0.6102334 0.427641 0.6147283 0.4275563 0.6100163 0.4284482 0.6148114 0.4268068 0.6102334 0.4256654 0.605366 0.4275563 0.6100163 0.4282609 0.6096661 0.4256654 0.605366 0.4263609 0.6050003 0.429206 0.6145859 0.4275563 0.6100163 0.4282609 0.6096661 0.4256654 0.605366 0.4223863 0.6017889 0.422994 0.6012973 0.4263609 0.6050003 0.422994 0.6012973 0.4236057 0.6008019 0.422994 0.6012973 0.4200613 0.5972154 0.4236057 0.6008019 0.422994 0.6012973 0.4192012 0.5985181 0.4195581 0.5978187 0.4263609 0.6050003 0.4242274 0.6003003 0.4271569 0.604781 0.4282609 0.6096661 0.4271569 0.604781 0.429073 0.6095736 0.4298522 0.6093592 0.4271569 0.604781 0.4277787 0.6042722 0.4271569 0.604781 0.4249621 0.5999387 0.4277787 0.6042722 0.4300019 0.614516 0.4298522 0.6093592 0.4307991 0.6144607 0.429206 0.6145859 0.429073 0.6095736 0.4300019 0.614516 0.4291686 0.6195861 0.4300019 0.614516 0.4299524 0.6198524 0.4299524 0.6198524 0.4307991 0.6144607 0.4307427 0.6199544 0.4289228 0.6247377 0.4291686 0.6195861 0.4299524 0.6198524 0.4289228 0.6247377 0.4307427 0.6199544 0.4296778 0.6249901 0.4291686 0.6195861 0.4284482 0.6148114 0.429206 0.6145859 0.4274076 0.6242651 0.4291686 0.6195861 0.4281157 0.6246823 0.4269215 0.6294933 0.4281157 0.6246823 0.4289228 0.6247377 0.4254515 0.6289052 0.4281157 0.6246823 0.4261392 0.6292836 0.4266621 0.6240336 0.4283824 0.6196761 0.4274076 0.6242651 0.4227048 0.6329227 0.4261392 0.6292836 0.4233085 0.6334283 0.4239203 0.6339408 0.4261392 0.6292836 0.4269215 0.6294933 0.4197155 0.6369473 0.4239203 0.6339408 0.4202139 0.637572 0.4197155 0.6369473 0.4227048 0.6329227 0.4233085 0.6334283 0.4156154 0.63962 0.4202139 0.637572 0.4158738 0.6403902 0.4156154 0.63962 0.4192226 0.6363338 0.4197155 0.6369473 0.4147862 0.6382976 0.4192226 0.6363338 0.415147 0.6389907 0.4188424 0.6356168 0.4227048 0.6329227 0.4192226 0.6363338 0.4108319 0.6407265 0.4147862 0.6382976 0.415147 0.6389907 0.4108319 0.6407265 0.4156154 0.63962 0.4108473 0.641562 0.4058275 0.641708 0.4104074 0.6400568 0.4108319 0.6407265 0.4058275 0.641708 0.4108473 0.641562 0.4060899 0.6424611 0.4108473 0.641562 0.4158738 0.6403902 0.4110702 0.6423299 0.4060899 0.6424611 0.4110702 0.6423299 0.4059643 0.6432871 0.400869 0.6424318 0.4059643 0.6432871 0.4007828 0.6432247 0.400869 0.6424318 0.4058275 0.641708 0.4060899 0.6424611 0.3957072 0.6421611 0.400869 0.6424318 0.4007828 0.6432247 0.3961829 0.6406477 0.400869 0.6424318 0.3959465 0.6413995 0.3913129 0.6394318 0.3961829 0.6406477 0.3959465 0.6413995 0.3913129 0.6394318 0.3957072 0.6421611 0.390926 0.6401349 0.3871566 0.6365741 0.390926 0.6401349 0.3866444 0.6371817 0.3871566 0.6365741 0.3916916 0.6387386 0.3913129 0.6394318 0.3920689 0.6380508 0.3961829 0.6406477 0.3916916 0.6387386 0.3881667 0.6353713 0.3916916 0.6387386 0.3876623 0.6359711 0.390926 0.6401349 0.3954538 0.6429157 0.3905394 0.6408409 0.3862097 0.6378656 0.390926 0.6401349 0.3905394 0.6408409 0.3830944 0.6335699 0.3862097 0.6378656 0.3823849 0.6339852 0.3957072 0.6421611 0.4006825 0.6440247 0.3954538 0.6429157 0.3964179 0.6399015 0.400955 0.6416501 0.3961829 0.6406477 0.4010407 0.6408731 0.4058275 0.641708 0.400955 0.6416501 0.4006825 0.6440247 0.4059643 0.6432871 0.4062404 0.6440758 0.4062404 0.6440758 0.4110702 0.6423299 0.4112803 0.6430913 0.4110702 0.6423299 0.4162334 0.64111 0.4112803 0.6430913 0.4162334 0.64111 0.4202139 0.637572 0.4208543 0.6380965 0.4208543 0.6380965 0.4239203 0.6339408 0.4245182 0.634456 0.4239203 0.6339408 0.4275215 0.6300556 0.4245182 0.634456 0.4269215 0.6294933 0.4296778 0.6249901 0.4275215 0.6300556 0.427609 0.6194212 0.4284482 0.6148114 0.4283824 0.6196761 0.3966956 0.593092 0.3925411 0.5956159 0.3921788 0.5949249 0.3818736 0.6050375 0.3807218 0.6096538 0.3799741 0.6094149 0.384634 0.6009915 0.3825597 0.6054136 0.3818736 0.6050375 0.3818736 0.6050375 0.3791992 0.6092766 0.3812298 0.6045568 0.384634 0.6009915 0.3812298 0.6045568 0.3840291 0.6004847 0.3881135 0.5975858 0.3852825 0.6014246 0.384634 0.6009915 0.3791992 0.6092766 0.3789607 0.6141927 0.3781734 0.614221 0.3807218 0.6096538 0.3789607 0.6141927 0.3799741 0.6094149 0.3781734 0.614221 0.3789023 0.6190748 0.3781166 0.6191419 0.379738 0.6143875 0.3789023 0.6190748 0.3789607 0.6141927 0.3797029 0.6191155 0.3798252 0.6239578 0.3789023 0.6190748 0.3798252 0.6239578 0.3823294 0.6281083 0.3816363 0.62847 0.3921788 0.5949249 0.3886041 0.5981951 0.3881135 0.5975858 0.380186 0.6291245 0.3823849 0.6339852 0.379462 0.6294959 0.3962492 0.5915746 0.3910885 0.592808 0.3960392 0.5908175 0.4012426 0.5898079 0.3962492 0.5915746 0.3960392 0.5908175 0.4115483 0.5916749 0.4064005 0.591435 0.4064813 0.5906438 0.6266098 0.5521004 0.634005 0.5587916 0.626292 0.5584484 0.626292 0.5584484 0.633665 0.5651197 0.6261467 0.5647475 0.633665 0.5651197 0.6356905 0.5588793 0.6353079 0.5652166 0.634005 0.5587916 0.636025 0.5523595 0.6356905 0.5588793 0.6333229 0.5713234 0.6353079 0.5652166 0.6349087 0.5714094 0.6333229 0.5713234 0.634634 0.5775587 0.6330096 0.5774821 0.6261467 0.5647475 0.6333229 0.5713234 0.6257478 0.570959 0.6257478 0.570959 0.6330096 0.5774821 0.6255215 0.5771468 0.6255215 0.5771468 0.632719 0.5837147 0.6252833 0.5833529 0.632719 0.5837147 0.634634 0.5775587 0.6343591 0.5837993 0.6252833 0.5833529 0.6323625 0.5899804 0.6248277 0.5895428 0.632719 0.5837147 0.6340143 0.5900827 0.6323625 0.5899804 0.6319214 0.5962738 0.6340143 0.5900827 0.6336061 0.5964089 0.6313796 0.6025028 0.6336061 0.5964089 0.6329882 0.6026561 0.6248277 0.5895428 0.6319214 0.5962738 0.6245353 0.5957372 0.6245353 0.5957372 0.6313796 0.6025028 0.6239908 0.6018697 0.6239908 0.6018697 0.6308373 0.6085422 0.6234127 0.6079548 0.6308373 0.6085422 0.6329882 0.6026561 0.6323825 0.6086719 0.6234127 0.6079548 0.6303836 0.6145625 0.6229548 0.614099 0.6308373 0.6085422 0.6319761 0.6146521 0.6303836 0.6145625 0.6303836 0.6145625 0.6317352 0.6207759 0.6300911 0.620754 0.6300911 0.620754 0.6318528 0.6270912 0.6301397 0.6272804 0.6229548 0.614099 0.6300911 0.620754 0.6224781 0.6204217 0.6224781 0.6204217 0.6301397 0.6272804 0.6221122 0.6270114 0.623117 0.4240759 0.6313329 0.4308206 0.6233454 0.4309525 0.6313329 0.4308206 0.633332 0.4244058 0.6330116 0.4308453 0.6233454 0.4309525 0.6314119 0.4372988 0.6236482 0.4375998 0.6313329 0.4308206 0.6331229 0.4372564 0.6314119 0.4372988 0.6316744 0.4436576 0.6331229 0.4372564 0.6332916 0.4435904 0.6316744 0.4436576 0.6336391 0.4498234 0.6319945 0.4499151 0.6236482 0.4375998 0.6316744 0.4436576 0.6239567 0.4440414 0.6239567 0.4440414 0.6319945 0.4499151 0.6244459 0.4503727 0.6244459 0.4503727 0.6323603 0.4562216 0.6247682 0.4566771 0.6319945 0.4499151 0.6340159 0.4561268 0.6323603 0.4562216 0.6247682 0.4566771 0.6327233 0.4625432 0.6251023 0.4629839 0.6323603 0.4562216 0.634384 0.46245 0.6327233 0.4625432 0.6327233 0.4625432 0.6347467 0.4687916 0.6330765 0.4688848 0.6330765 0.4688848 0.6351204 0.4751809 0.6334282 0.4752672 0.6251023 0.4629839 0.6330765 0.4688848 0.6253616 0.4693032 0.6253616 0.4693032 0.6334282 0.4752672 0.6257396 0.4756428 0.6257396 0.4756428 0.6337001 0.4817594 0.6260551 0.4820263 0.6334282 0.4752672 0.6354466 0.4817027 0.6337001 0.4817594 0.6260551 0.4820263 0.6338557 0.4882423 0.6261526 0.4884005 0.6338557 0.4882423 0.6354466 0.4817027 0.6355381 0.4882169 0.6339634 0.4945687 0.6355381 0.4882169 0.63559 0.4945386 0.6339634 0.4945687 0.6357719 0.5008738 0.6340706 0.5009087 0.6262288 0.4947361 0.6340706 0.5009087 0.6264316 0.5010762 0.6261526 0.4884005 0.6339634 0.4945687 0.6262288 0.4947361 0.6264316 0.5010762 0.6342277 0.5072634 0.6265653 0.5074088 0.6342277 0.5072634 0.6357719 0.5008738 0.6358549 0.5072324 0.6265653 0.5074088 0.6343414 0.5135898 0.6267085 0.5137475 0.6342277 0.5072634 0.6360116 0.5135572 0.6343414 0.5135898 0.6344447 0.5200059 0.6360116 0.5135572 0.6361402 0.5199798 0.6344447 0.5200059 0.6362447 0.5264914 0.634505 0.5264983 0.6266677 0.5201184 0.634505 0.5264983 0.6267722 0.5265253 0.6267085 0.5137475 0.6344447 0.5200059 0.6266677 0.5201184 0.6267722 0.5265253 0.6345258 0.5329517 0.6268256 0.5329279 0.6345258 0.5329517 0.6362447 0.5264914 0.6361739 0.5329638 0.6268256 0.5329279 0.6344611 0.5393407 0.6266762 0.5393096 0.6345258 0.5329517 0.6361441 0.5393521 0.6344611 0.5393407 0.6344125 0.5457809 0.6361441 0.5393521 0.6361165 0.5458013 0.6344125 0.5457809 0.636025 0.5523595 0.6342728 0.5523036 0.6266766 0.5457002 0.6342728 0.5523036 0.6266098 0.5521004 0.6266762 0.5393096 0.6344125 0.5457809 0.6266766 0.5457002 0.6229687 0.5520097 0.6266766 0.5457002 0.6266098 0.5521004 0.6231221 0.5456444 0.6266762 0.5393096 0.6266766 0.5457002 0.6232031 0.5392797 0.6268256 0.5329279 0.6266762 0.5393096 0.619822 0.5392152 0.6231632 0.5329103 0.6232031 0.5392797 0.6197798 0.5455562 0.6232031 0.5392797 0.6231221 0.5456444 0.6160453 0.5455169 0.619822 0.5392152 0.6197798 0.5455562 0.6161338 0.5391938 0.619796 0.532854 0.619822 0.5392152 0.6196427 0.5518897 0.6231221 0.5456444 0.6229687 0.5520097 0.6160453 0.5455169 0.6196427 0.5518897 0.6159952 0.5518273 0.6159952 0.5518273 0.61949 0.5581887 0.6159116 0.5581009 0.61949 0.5581887 0.6229687 0.5520097 0.6228426 0.5583276 0.6228426 0.5583276 0.6266098 0.5521004 0.626292 0.5584484 0.6228426 0.5583276 0.6261467 0.5647475 0.622587 0.5645989 0.6193323 0.5644286 0.6228426 0.5583276 0.622587 0.5645989 0.6190627 0.5706172 0.622587 0.5645989 0.622366 0.5707992 0.622366 0.5707992 0.6261467 0.5647475 0.6257478 0.570959 0.6187979 0.5767796 0.622366 0.5707992 0.622063 0.5769736 0.622366 0.5707992 0.6255215 0.5771468 0.622063 0.5769736 0.622063 0.5769736 0.6252833 0.5833529 0.6217419 0.5831656 0.6185092 0.5829554 0.622063 0.5769736 0.6217419 0.5831656 0.614874 0.5827648 0.6187979 0.5767796 0.6185092 0.5829554 0.6152204 0.5766072 0.6190627 0.5706172 0.6187979 0.5767796 0.6181734 0.5891333 0.6217419 0.5831656 0.6214509 0.5893493 0.614874 0.5827648 0.6181734 0.5891333 0.6145877 0.5889431 0.6177979 0.5952824 0.6214509 0.5893493 0.6210235 0.5954976 0.6145877 0.5889431 0.6177979 0.5952824 0.6142616 0.5950688 0.6177979 0.5952824 0.6205875 0.6015987 0.617375 0.6013829 0.6142616 0.5950688 0.617375 0.6013829 0.6138794 0.6011199 0.617375 0.6013829 0.6201111 0.607669 0.6168856 0.607416 0.6138794 0.6011199 0.6168856 0.607416 0.613399 0.6070892 0.613399 0.6070892 0.6162596 0.6134787 0.612761 0.613056 0.6168856 0.607416 0.6195086 0.6137787 0.6162596 0.6134787 0.6162596 0.6134787 0.6188327 0.6200997 0.6154498 0.6197196 0.612761 0.613056 0.6154498 0.6197196 0.6118731 0.6191293 0.6118731 0.6191293 0.6142822 0.626473 0.6104637 0.6253601 0.6154498 0.6197196 0.6181038 0.6270391 0.6142822 0.626473 0.6195086 0.6137787 0.6224781 0.6204217 0.6188327 0.6200997 0.6188327 0.6200997 0.6221122 0.6270114 0.6181038 0.6270391 0.614986 0.4242765 0.6194831 0.431161 0.6159017 0.431538 0.619059 0.423883 0.6233454 0.4309525 0.6194831 0.431161 0.6159017 0.431538 0.6200224 0.437832 0.6166144 0.4381603 0.6200224 0.437832 0.6233454 0.4309525 0.6236482 0.4375998 0.6166144 0.4381603 0.6204891 0.4442613 0.6171178 0.4445459 0.6204891 0.4442613 0.6236482 0.4375998 0.6239567 0.4440414 0.6171178 0.4445459 0.6208263 0.4505998 0.6175026 0.4508603 0.6204891 0.4442613 0.6244459 0.4503727 0.6208263 0.4505998 0.6175026 0.4508603 0.6212417 0.4568955 0.6179283 0.4571343 0.6212417 0.4568955 0.6244459 0.4503727 0.6247682 0.4566771 0.6143072 0.4573444 0.6175026 0.4508603 0.6179283 0.4571343 0.6134577 0.4448376 0.6175026 0.4508603 0.6139444 0.4510996 0.6179283 0.4571343 0.621604 0.4631819 0.6183031 0.4633978 0.614619 0.463584 0.6179283 0.4571343 0.6183031 0.4633978 0.614619 0.463584 0.6185706 0.4696733 0.6149623 0.4698364 0.6183031 0.4633978 0.6219336 0.4694746 0.6185706 0.4696733 0.621604 0.4631819 0.6247682 0.4566771 0.6251023 0.4629839 0.6219336 0.4694746 0.6251023 0.4629839 0.6253616 0.4693032 0.6185706 0.4696733 0.6222029 0.4757876 0.6188817 0.4759709 0.6219336 0.4694746 0.6257396 0.4756428 0.6222029 0.4757876 0.6188817 0.4759709 0.6224028 0.4821482 0.619078 0.4823006 0.6222029 0.4757876 0.6260551 0.4820263 0.6224028 0.4821482 0.6226055 0.4884942 0.6260551 0.4820263 0.6261526 0.4884005 0.619078 0.4823006 0.6226055 0.4884942 0.6192526 0.4886151 0.6154366 0.482431 0.6192526 0.4886151 0.6156733 0.4887136 0.6154366 0.482431 0.6188817 0.4759709 0.619078 0.4823006 0.6192526 0.4886151 0.6227943 0.4948086 0.619444 0.4948848 0.6158066 0.4949595 0.6192526 0.4886151 0.619444 0.4948848 0.6196027 0.5011592 0.6227943 0.4948086 0.6229208 0.5011318 0.6158932 0.5012351 0.619444 0.4948848 0.6196027 0.5011592 0.6158932 0.5012351 0.6196755 0.5074592 0.616024 0.507515 0.6196755 0.5074592 0.6229208 0.5011318 0.623017 0.5074508 0.623017 0.5074508 0.6264316 0.5010762 0.6265653 0.5074088 0.6227943 0.4948086 0.6264316 0.5010762 0.6229208 0.5011318 0.623017 0.5074508 0.6267085 0.5137475 0.6230638 0.5137859 0.6197131 0.5137761 0.623017 0.5074508 0.6230638 0.5137859 0.6198171 0.5201262 0.6230638 0.5137859 0.6231968 0.5201433 0.6231968 0.5201433 0.6267085 0.5137475 0.6266677 0.5201184 0.6198586 0.5264866 0.6231968 0.5201433 0.6232107 0.5265252 0.6231968 0.5201433 0.6267722 0.5265253 0.6232107 0.5265252 0.6232107 0.5265252 0.6268256 0.5329279 0.6231632 0.5329103 0.619796 0.532854 0.6232107 0.5265252 0.6231632 0.5329103 0.6161195 0.5265003 0.619796 0.532854 0.6161746 0.5328518 0.6161195 0.5265003 0.6198171 0.5201262 0.6198586 0.5264866 0.6161313 0.5201435 0.6146142 0.5265037 0.6146234 0.5201403 0.6161195 0.5265003 0.6146641 0.5328494 0.6146142 0.5265037 0.6146641 0.5328494 0.6124017 0.5265088 0.6146142 0.5265037 0.6146142 0.5265037 0.6123719 0.5201383 0.6146234 0.5201403 0.6146221 0.513808 0.6123719 0.5201383 0.6124296 0.5138179 0.6145321 0.5075401 0.6124296 0.5138179 0.6123847 0.5075817 0.616024 0.507515 0.6146221 0.513808 0.6145321 0.5075401 0.6161219 0.5138014 0.6146234 0.5201403 0.6146221 0.513808 0.6158932 0.5012351 0.6145321 0.5075401 0.6144064 0.5012613 0.6145321 0.5075401 0.6121821 0.5013038 0.6144064 0.5012613 0.6158066 0.4949595 0.6144064 0.5012613 0.6143168 0.4949836 0.6143168 0.4949836 0.6121821 0.5013038 0.6121412 0.4950195 0.6141837 0.4887582 0.6121412 0.4950195 0.6120436 0.4888296 0.6141837 0.4887582 0.6117174 0.4825853 0.6139444 0.482492 0.6158066 0.4949595 0.6141837 0.4887582 0.6156733 0.4887136 0.6156733 0.4887136 0.6139444 0.482492 0.6154366 0.482431 0.6154366 0.482431 0.6136834 0.4761795 0.6151737 0.4761217 0.6136834 0.4761795 0.6117174 0.4825853 0.6114927 0.4762652 0.6151737 0.4761217 0.613469 0.4699041 0.6149623 0.4698364 0.613469 0.4699041 0.6114927 0.4762652 0.6112871 0.4700048 0.6131405 0.4636625 0.6112871 0.4700048 0.610972 0.4637798 0.6128262 0.4574291 0.610972 0.4637798 0.6106598 0.4575558 0.614619 0.463584 0.6128262 0.4574291 0.6143072 0.4573444 0.6149623 0.4698364 0.6131405 0.4636625 0.614619 0.463584 0.6143072 0.4573444 0.6124596 0.4512052 0.6139444 0.4510996 0.6124596 0.4512052 0.6106598 0.4575558 0.6102945 0.4513629 0.6139444 0.4510996 0.6119682 0.4449719 0.6134577 0.4448376 0.6119682 0.4449719 0.6102945 0.4513629 0.6097977 0.445174 0.6113454 0.4386924 0.6097977 0.445174 0.609165 0.4389472 0.6105395 0.4323255 0.609165 0.4389472 0.6083555 0.4327055 0.6134577 0.4448376 0.6113454 0.4386924 0.6128489 0.4385225 0.6128489 0.4385225 0.6105395 0.4323255 0.6120831 0.4320724 0.6120831 0.4320724 0.609183 0.4257283 0.6107624 0.4253073 0.6105395 0.4323255 0.6069688 0.4264369 0.609183 0.4257283 0.6104637 0.6253601 0.6104246 0.6188588 0.6118731 0.6191293 0.6104246 0.6188588 0.6069688 0.6242312 0.608352 0.6184517 0.611339 0.6128739 0.608352 0.6184517 0.6092882 0.6126008 0.6119822 0.606958 0.6092882 0.6126008 0.6099606 0.6067695 0.612761 0.613056 0.6119822 0.606958 0.613399 0.6070892 0.6118731 0.6191293 0.611339 0.6128739 0.612761 0.613056 0.613399 0.6070892 0.6124524 0.601021 0.6138794 0.6011199 0.6119822 0.606958 0.6103766 0.600879 0.6124524 0.601021 0.6138794 0.6011199 0.612818 0.5949876 0.6142616 0.5950688 0.6124524 0.601021 0.610706 0.594871 0.612818 0.5949876 0.612818 0.5949876 0.6109776 0.58877 0.613122 0.5888724 0.613122 0.5888724 0.6112226 0.582569 0.6134101 0.5826869 0.614874 0.5827648 0.613122 0.5888724 0.6134101 0.5826869 0.6145877 0.5889431 0.612818 0.5949876 0.613122 0.5888724 0.6152204 0.5766072 0.6134101 0.5826869 0.6137574 0.5765278 0.6137574 0.5765278 0.6112226 0.582569 0.6116567 0.576408 0.6155326 0.5704743 0.6137574 0.5765278 0.6140663 0.5704151 0.6137574 0.5765278 0.6119331 0.570329 0.6140663 0.5704151 0.6140663 0.5704151 0.6120927 0.564197 0.6142376 0.5642628 0.6144238 0.5580653 0.6120927 0.564197 0.6122544 0.5580159 0.6159116 0.5581009 0.6142376 0.5642628 0.6144238 0.5580653 0.6157029 0.5643088 0.6140663 0.5704151 0.6142376 0.5642628 0.6159952 0.5518273 0.6144238 0.5580653 0.6145002 0.5518075 0.6144238 0.5580653 0.6123131 0.55178 0.6145002 0.5518075 0.6160453 0.5455169 0.6145002 0.5518075 0.6145468 0.5454983 0.6145002 0.5518075 0.6123491 0.5454699 0.6145468 0.5454983 0.6145468 0.5454983 0.6124258 0.5391499 0.6146286 0.5391767 0.6146641 0.5328494 0.6124258 0.5391499 0.6124561 0.5328442 0.6161338 0.5391938 0.6145468 0.5454983 0.6146286 0.5391767 0.6161746 0.5328518 0.6146286 0.5391767 0.6146641 0.5328494 0.6157029 0.5643088 0.61949 0.5581887 0.6193323 0.5644286 0.6157029 0.5643088 0.6190627 0.5706172 0.6155326 0.5704743 0.6107624 0.4253073 0.6159017 0.431538 0.6120831 0.4320724 0.6128489 0.4385225 0.6159017 0.431538 0.6166144 0.4381603 0.6128489 0.4385225 0.6171178 0.4445459 0.6134577 0.4448376 0.6151737 0.4761217 0.6185706 0.4696733 0.6188817 0.4759709 0.616024 0.507515 0.6197131 0.5137761 0.6161219 0.5138014 0.6161313 0.5201435 0.6197131 0.5137761 0.6198171 0.5201262 0.6227943 0.4948086 0.6261526 0.4884005 0.6262288 0.4947361 0.6201111 0.607669 0.6229548 0.614099 0.6195086 0.6137787 0.6201111 0.607669 0.6239908 0.6018697 0.6234127 0.6079548 0.6205875 0.6015987 0.6245353 0.5957372 0.6239908 0.6018697 0.6210235 0.5954976 0.6248277 0.5895428 0.6245353 0.5957372 0.6214509 0.5893493 0.6252833 0.5833529 0.6248277 0.5895428 0.04783761 0.7438775 0.04597795 0.7369464 0.04769092 0.7363786 0.04598242 0.7443809 0.04289442 0.7369621 0.04597795 0.7369464 0.04608637 0.7519276 0.04287391 0.7444323 0.04598242 0.7443809 0.04598242 0.7443809 0.04787808 0.7512841 0.04608637 0.7519276 0.03759914 0.7444456 0.04292672 0.7520601 0.0375095 0.752088 0.03766721 0.7369534 0.04287391 0.7444323 0.03759914 0.7444456 0.0375095 0.752088 0.04306608 0.7584235 0.03725296 0.7584616 0.04641491 0.7581309 0.04292672 0.7520601 0.04608637 0.7519276 0.04608637 0.7519276 0.04819399 0.7576487 0.04641491 0.7581309 0.03181475 0.7574196 0.02051013 0.7507622 0.03216499 0.7511458 0.03430396 0.7519821 0.03181475 0.7574196 0.03216499 0.7511458 0.03725296 0.7584616 0.03430396 0.7519821 0.0375095 0.752088 0.03445935 0.7443742 0.03216499 0.7511458 0.0323649 0.7436133 0.03430396 0.7519821 0.03759914 0.7444456 0.0375095 0.752088 0.03445935 0.7443742 0.03766721 0.7369534 0.03759914 0.7444456 0.03455704 0.7368953 0.0323649 0.7436133 0.03250163 0.7361491 0.02102214 0.7359543 0.0323649 0.7436133 0.0208978 0.743421 0.03216499 0.7511458 0.0208978 0.743421 0.0323649 0.7436133 0.03464609 0.7294674 0.03250163 0.7361491 0.03262174 0.7287304 0.03250163 0.7361491 0.02119094 0.7285807 0.03262174 0.7287304 0.0460186 0.7295354 0.04769092 0.7363786 0.04597795 0.7369464 0.04769712 0.7289798 0.04607897 0.7221468 0.04772514 0.7216049 0.02133375 0.7212256 0.03262174 0.7287304 0.02119094 0.7285807 0.04294472 0.7295357 0.04597795 0.7369464 0.04289442 0.7369621 0.04300904 0.7221364 0.0460186 0.7295354 0.04294472 0.7295357 0.04294472 0.7295357 0.03780931 0.7221127 0.04300904 0.7221364 0.04289442 0.7369621 0.03773868 0.7295182 0.04294472 0.7295357 0.04300904 0.7221364 0.0378977 0.7147179 0.04308944 0.7147409 0.04308944 0.7147409 0.04607897 0.7221468 0.04300904 0.7221364 0.04308944 0.7147409 0.03797382 0.7073433 0.04315263 0.7073589 0.04621803 0.7074032 0.04308944 0.7147409 0.04315263 0.7073589 0.04772514 0.7216049 0.04615682 0.7147697 0.04777175 0.714243 0.04621803 0.7074032 0.04777175 0.714243 0.04615682 0.7147697 0.03273129 0.721351 0.02146267 0.7138774 0.03284412 0.713988 0.03284412 0.713988 0.02158075 0.7065432 0.03294438 0.7066396 0.03273129 0.721351 0.03482049 0.7147046 0.03472763 0.7220793 0.03490215 0.7073395 0.03284412 0.713988 0.03294438 0.7066396 0.03490215 0.7073395 0.0378977 0.7147179 0.03482049 0.7147046 0.03482049 0.7147046 0.03780931 0.7221127 0.03472763 0.7220793 0.03780931 0.7221127 0.03464609 0.7294674 0.03472763 0.7220793 0.03472763 0.7220793 0.03262174 0.7287304 0.03273129 0.721351 0.03773868 0.7295182 0.03455704 0.7368953 0.03464609 0.7294674 0.03497868 0.6999793 0.03294438 0.7066396 0.03303664 0.6992982 0.03797382 0.7073433 0.03497868 0.6999793 0.03804677 0.6999756 0.03804677 0.6999756 0.04315263 0.7073589 0.03797382 0.7073433 0.03811651 0.6926206 0.04321879 0.6999861 0.03804677 0.6999756 0.03804677 0.6999756 0.03505128 0.692632 0.03811651 0.6926206 0.03818124 0.6852708 0.04328233 0.6926243 0.03811651 0.6926206 0.03811651 0.6926206 0.03511923 0.6852898 0.03818124 0.6852708 0.03312176 0.6919716 0.03511923 0.6852898 0.03505128 0.692632 0.03505128 0.692632 0.03303664 0.6992982 0.03312176 0.6919716 0.03303664 0.6992982 0.02179259 0.6918966 0.03312176 0.6919716 0.02189058 0.6845867 0.03312176 0.6919716 0.02179259 0.6918966 0.04789727 0.6922135 0.04640412 0.685308 0.04794198 0.6848798 0.04634732 0.6926705 0.04785096 0.6995492 0.04628354 0.7000328 0.04634732 0.6926705 0.04321879 0.6999861 0.04328233 0.6926243 0.04640412 0.685308 0.04328233 0.6926243 0.04333955 0.6852651 0.04644984 0.6779567 0.04333955 0.6852651 0.04338699 0.6779196 0.04794198 0.6848798 0.04644984 0.6779567 0.04798036 0.6775576 0.04333955 0.6852651 0.03823858 0.677937 0.04338699 0.6779196 0.04338699 0.6779196 0.0382865 0.6706169 0.04341953 0.6705855 0.04338699 0.6779196 0.04647845 0.6706124 0.04644984 0.6779567 0.03523379 0.6706508 0.03823858 0.677937 0.03518056 0.677964 0.03518056 0.677964 0.03818124 0.6852708 0.03511923 0.6852898 0.03518056 0.677964 0.03319865 0.6846526 0.033266 0.6773516 0.03523379 0.6706508 0.033266 0.6773516 0.03332215 0.6700627 0.033266 0.6773516 0.02207612 0.670017 0.03332215 0.6700627 0.03319865 0.6846526 0.02198469 0.6772947 0.033266 0.6773516 0.04647845 0.6706124 0.04798036 0.6775576 0.04644984 0.6779567 0.04800647 0.6702409 0.04647988 0.6633049 0.04800194 0.6629528 0.03332215 0.6700627 0.0221647 0.6627697 0.03337937 0.6627998 0.04341953 0.6705855 0.04647988 0.6633049 0.04647845 0.6706124 0.04647201 0.6548102 0.04343229 0.6632881 0.04343491 0.6548039 0.04800194 0.6629528 0.04647201 0.6548102 0.04801106 0.6545155 0.03836184 0.6548559 0.04343229 0.6632881 0.0383259 0.6633339 0.0383259 0.6633339 0.04341953 0.6705855 0.0382865 0.6706169 0.03838121 0.6476218 0.04343491 0.6548039 0.03836184 0.6548559 0.04647201 0.6548102 0.04345858 0.6475619 0.04649502 0.6475425 0.03839892 0.6404168 0.04345858 0.6475619 0.03838121 0.6476218 0.04649502 0.6475425 0.04343807 0.6403377 0.04645204 0.6403021 0.04801106 0.6545155 0.04649502 0.6475425 0.04804891 0.6472601 0.04645204 0.6403021 0.04804891 0.6472601 0.04649502 0.6475425 0.03341865 0.6543812 0.02232044 0.6471574 0.03343331 0.6471587 0.02238118 0.639989 0.03343331 0.6471587 0.02232044 0.6471574 0.03535145 0.6476716 0.03341865 0.6543812 0.03343331 0.6471587 0.03538781 0.6404736 0.03343331 0.6471587 0.03346049 0.6399797 0.03838121 0.6476218 0.03538781 0.6404736 0.03839892 0.6404168 0.03836184 0.6548559 0.03535145 0.6476716 0.03838121 0.6476218 0.0383259 0.6633339 0.03533267 0.6549049 0.03836184 0.6548559 0.03533267 0.6549049 0.03337937 0.6627998 0.03341865 0.6543812 0.0382865 0.6706169 0.03528177 0.663374 0.0383259 0.6633339 0.03528177 0.663374 0.03332215 0.6700627 0.03337937 0.6627998 0.02225279 0.6543421 0.03337937 0.6627998 0.0221647 0.6627697 0.03839892 0.6404168 0.03538471 0.6333021 0.03838938 0.6332426 0.03538471 0.6333021 0.03346049 0.6399797 0.03344881 0.6328258 0.03838938 0.6332426 0.04343807 0.6403377 0.03839892 0.6404168 0.03837698 0.6261174 0.04340916 0.633151 0.03838938 0.6332426 0.03838938 0.6332426 0.03539252 0.626181 0.03837698 0.6261174 0.03834289 0.6184264 0.04335063 0.6260142 0.03837698 0.6261174 0.03837698 0.6261174 0.03536462 0.6184896 0.03834289 0.6184264 0.03344881 0.6328258 0.03539252 0.626181 0.03538471 0.6333021 0.03536462 0.6184896 0.03344923 0.6257123 0.03340333 0.6180427 0.03344923 0.6257123 0.02249163 0.6181422 0.03340333 0.6180427 0.03344881 0.6328258 0.02247411 0.625772 0.03344923 0.6257123 0.04792255 0.6257082 0.04626131 0.6182715 0.04788392 0.6180441 0.04799711 0.6328486 0.04632556 0.6259568 0.04792255 0.6257082 0.04632556 0.6259568 0.043298 0.618326 0.04626131 0.6182715 0.04641276 0.6331027 0.04335063 0.6260142 0.04632556 0.6259568 0.04645204 0.6403021 0.04340916 0.633151 0.04641276 0.6331027 0.04801839 0.6400355 0.04641276 0.6331027 0.04799711 0.6328486 0.04626131 0.6182715 0.04325717 0.6112646 0.04620391 0.6112192 0.04788392 0.6180441 0.04620391 0.6112192 0.04784804 0.6109957 0.03831869 0.6113564 0.043298 0.618326 0.03834289 0.6184264 0.04325717 0.6112646 0.03828614 0.6042609 0.04327702 0.6041966 0.04327702 0.6041966 0.04620391 0.6112192 0.04325717 0.6112646 0.03528827 0.6043443 0.03831869 0.6113564 0.03534394 0.6114185 0.03834289 0.6184264 0.03534394 0.6114185 0.03831869 0.6113564 0.03340333 0.6180427 0.03534394 0.6114185 0.03536462 0.6184896 0.03528827 0.6043443 0.03336292 0.6109682 0.03330332 0.6038913 0.02247411 0.6111409 0.03340333 0.6180427 0.02249163 0.6181422 0.02240014 0.6041803 0.03336292 0.6109682 0.02247411 0.6111409 0.04623931 0.604211 0.04784804 0.6109957 0.04620391 0.6112192 0.04819399 0.5963995 0.04623931 0.604211 0.04672878 0.5955247 0.02240014 0.6041803 0.0330829 0.5964838 0.03330332 0.6038913 0.04355961 0.5952805 0.04623931 0.604211 0.04327702 0.6041966 0.04327702 0.6041966 0.03812265 0.595232 0.04355961 0.5952805 0.03495448 0.5954381 0.03828614 0.6042609 0.03528827 0.6043443 0.03528827 0.6043443 0.0330829 0.5964838 0.03495448 0.5954381 0.02243345 0.6328635 0.03346049 0.6399797 0.02238118 0.639989 0.04315263 0.7073589 0.04628354 0.7000328 0.04621803 0.7074032 0.04628354 0.7000328 0.04780679 0.7068949 0.04621803 0.7074032 0.02168995 0.6992132 0.03294438 0.7066396 0.02158075 0.7065432 0.4119196 0.5909374 0.4177533 0.57165 0.4261643 0.5751826 0.4163547 0.5937057 0.4115483 0.5916749 0.4119196 0.5909374 0.4115483 0.5916749 0.4064813 0.5906438 0.4065782 0.5898442 0.4065782 0.5898442 0.4084252 0.569768 0.4177533 0.57165 0.4012426 0.5898079 0.3991497 0.569768 0.4084252 0.569768 0.4065782 0.5898442 0.4064813 0.5906438 0.4014262 0.5905905 0.3960392 0.5908175 0.3901156 0.5715458 0.3991497 0.569768 0.3910885 0.592808 0.3815069 0.5750752 0.3901156 0.5715458 0.3866305 0.5957176 0.3738024 0.5801719 0.3815069 0.5750752 0.3828734 0.5993741 0.3673406 0.5865141 0.3738024 0.5801719 0.3798338 0.6037694 0.3620854 0.5941648 0.3673406 0.5865141 0.3776664 0.6087923 0.3583409 0.6030011 0.3620854 0.5941648 0.3765601 0.6140485 0.3564957 0.6121951 0.3583409 0.6030011 0.3765345 0.6193906 0.356494 0.6214641 0.3564957 0.6121951 0.3775169 0.6245207 0.3582011 0.6303164 0.356494 0.6214641 0.379462 0.6294959 0.3616949 0.6389866 0.3582011 0.6303164 0.3823849 0.6339852 0.3668311 0.646799 0.3616949 0.6389866 0.3862097 0.6378656 0.3735352 0.6535401 0.3668311 0.646799 0.3905394 0.6408409 0.3810896 0.6586238 0.3735352 0.6535401 0.3954538 0.6429157 0.3896294 0.6622188 0.3810896 0.6586238 0.4006825 0.6440247 0.3987067 0.6640916 0.3896294 0.6622188 0.4062404 0.6440758 0.4084755 0.6640892 0.3987067 0.6640916 0.4112803 0.6430913 0.4171471 0.6623629 0.4084755 0.6640892 0.4162334 0.64111 0.4257277 0.658882 0.4171471 0.6623629 0.4208543 0.6380965 0.4337904 0.653509 0.4257277 0.658882 0.4245182 0.634456 0.4400966 0.6472179 0.4337904 0.653509 0.4275215 0.6300556 0.4453013 0.6395603 0.4400966 0.6472179 0.4296778 0.6249901 0.449023 0.6306494 0.4453013 0.6395603 0.4307427 0.6199544 0.4507944 0.6219648 0.449023 0.6306494 0.4307991 0.6144607 0.4508472 0.612348 0.4507944 0.6219648 0.4298522 0.6093592 0.449159 0.6035729 0.4508472 0.612348 0.4277787 0.6042722 0.4455175 0.5946494 0.449159 0.6035729 0.4249621 0.5999387 0.4406127 0.5871984 0.4455175 0.5946494 0.4210993 0.5959944 0.4338129 0.5803161 0.4406127 0.5871984 0.4167416 0.592997 0.4261643 0.5751826 0.4338129 0.5803161 0.4242274 0.6003003 0.4205726 0.5966035 0.4210993 0.5959944 0.4210993 0.5959944 0.4205726 0.5966035 0.4163547 0.5937057 0.4236057 0.6008019 0.4200613 0.5972154 0.4205726 0.5966035 0.4205726 0.5966035 0.4200613 0.5972154 0.4159703 0.5944076 0.4159703 0.5944076 0.4113114 0.5924393 0.4115483 0.5916749 0.4200613 0.5972154 0.4195581 0.5978187 0.4156919 0.5951457 0.4159703 0.5944076 0.4156919 0.5951457 0.4110788 0.5931926 0.4195581 0.5978187 0.4192012 0.5985181 0.4152135 0.5957901 0.4152135 0.5957901 0.4108467 0.5939396 0.4110788 0.5931926 0.4110788 0.5931926 0.4108467 0.5939396 0.4062381 0.5929941 0.4113114 0.5924393 0.4110788 0.5931926 0.406319 0.5922175 0.406319 0.5922175 0.4014494 0.5921872 0.4014956 0.5913853 0.406319 0.5922175 0.4062381 0.5929941 0.4016309 0.5929437 0.4014494 0.5921872 0.4016309 0.5929437 0.3969992 0.5938066 0.4014494 0.5921872 0.3966956 0.593092 0.3964744 0.5923389 0.4014956 0.5913853 0.3964744 0.5923389 0.3962492 0.5915746 0.4064813 0.5906438 0.4064005 0.591435 0.4014956 0.5913853 0.3962492 0.5915746 0.3964744 0.5923389 0.3919141 0.594167 0.3966956 0.593092 0.3921788 0.5949249 0.3919141 0.594167 0.3914439 0.5935204 0.3919141 0.594167 0.3876204 0.5969722 0.3921788 0.5949249 0.3881135 0.5975858 0.3876204 0.5969722 0.3876204 0.5969722 0.3881135 0.5975858 0.384634 0.6009915 0.3871184 0.5963501 0.3876204 0.5969722 0.3840291 0.6004847 0.3914439 0.5935204 0.3871184 0.5963501 0.3866305 0.5957176 0.3871184 0.5963501 0.3834147 0.5999723 0.3828734 0.5993741 0.3834147 0.5999723 0.3840291 0.6004847 0.3812298 0.6045568 0.3834147 0.5999723 0.3805323 0.6041707 0.3798338 0.6037694 0.3812298 0.6045568 0.3791992 0.6092766 0.3784365 0.6090345 0.3798338 0.6037694 0.3805323 0.6041707 0.3784365 0.6090345 0.3791992 0.6092766 0.3781734 0.614221 0.3773777 0.6141359 0.3784365 0.6090345 0.3773777 0.6141359 0.3765601 0.6140485 0.3773777 0.6141359 0.3781734 0.614221 0.3781166 0.6191419 0.3765601 0.6140485 0.3773777 0.6141359 0.3773213 0.6192101 0.3781166 0.6191419 0.3790702 0.624179 0.3783047 0.6244024 0.3765345 0.6193906 0.3773213 0.6192101 0.3783047 0.6244024 0.3790702 0.624179 0.380938 0.6288337 0.380186 0.6291245 0.3783047 0.6244024 0.380186 0.6291245 0.379462 0.6294959 0.3789023 0.6190748 0.3798252 0.6239578 0.3790702 0.624179 0.3790702 0.624179 0.3798252 0.6239578 0.3816363 0.62847 0.380938 0.6288337 0.3837164 0.6330664 0.3830944 0.6335699 0.3816363 0.62847 0.3843285 0.6325706 0.3837164 0.6330664 0.3830944 0.6335699 0.3837164 0.6330664 0.3871566 0.6365741 0.3837164 0.6330664 0.3843285 0.6325706 0.3876623 0.6359711 0.3843285 0.6325706 0.3848612 0.6320005 0.3881667 0.6353713 0.3816363 0.62847 0.3823294 0.6281083 0.3848612 0.6320005 0.4247672 0.6285291 0.4266621 0.6240336 0.4274076 0.6242651 0.4227048 0.6329227 0.4221068 0.6324214 0.4247672 0.6285291 0.427641 0.6147283 0.4268068 0.6102334 0.4275563 0.6100163 0.4268068 0.6102334 0.4249754 0.6057287 0.4256654 0.605366 0.4282609 0.6096661 0.4275563 0.6100163 0.4256654 0.605366 0.429206 0.6145859 0.4284482 0.6148114 0.4275563 0.6100163 0.4256654 0.605366 0.4249754 0.6057287 0.4223863 0.6017889 0.4263609 0.6050003 0.4256654 0.605366 0.422994 0.6012973 0.422994 0.6012973 0.4195581 0.5978187 0.4200613 0.5972154 0.422994 0.6012973 0.4223863 0.6017889 0.4192012 0.5985181 0.4263609 0.6050003 0.4236057 0.6008019 0.4242274 0.6003003 0.4282609 0.6096661 0.4263609 0.6050003 0.4271569 0.604781 0.4298522 0.6093592 0.429073 0.6095736 0.4271569 0.604781 0.4271569 0.604781 0.4242274 0.6003003 0.4249621 0.5999387 0.4300019 0.614516 0.429073 0.6095736 0.4298522 0.6093592 0.429206 0.6145859 0.4282609 0.6096661 0.429073 0.6095736 0.4291686 0.6195861 0.429206 0.6145859 0.4300019 0.614516 0.4299524 0.6198524 0.4300019 0.614516 0.4307991 0.6144607 0.4289228 0.6247377 0.4281157 0.6246823 0.4291686 0.6195861 0.4289228 0.6247377 0.4299524 0.6198524 0.4307427 0.6199544 0.4291686 0.6195861 0.4283824 0.6196761 0.4284482 0.6148114 0.4274076 0.6242651 0.4283824 0.6196761 0.4291686 0.6195861 0.4269215 0.6294933 0.4261392 0.6292836 0.4281157 0.6246823 0.4254515 0.6289052 0.4274076 0.6242651 0.4281157 0.6246823 0.4266621 0.6240336 0.427609 0.6194212 0.4283824 0.6196761 0.4227048 0.6329227 0.4254515 0.6289052 0.4261392 0.6292836 0.4239203 0.6339408 0.4233085 0.6334283 0.4261392 0.6292836 0.4197155 0.6369473 0.4233085 0.6334283 0.4239203 0.6339408 0.4197155 0.6369473 0.4192226 0.6363338 0.4227048 0.6329227 0.4156154 0.63962 0.4197155 0.6369473 0.4202139 0.637572 0.4156154 0.63962 0.415147 0.6389907 0.4192226 0.6363338 0.4147862 0.6382976 0.4188424 0.6356168 0.4192226 0.6363338 0.4188424 0.6356168 0.4221068 0.6324214 0.4227048 0.6329227 0.4108319 0.6407265 0.4104074 0.6400568 0.4147862 0.6382976 0.4108319 0.6407265 0.415147 0.6389907 0.4156154 0.63962 0.4058275 0.641708 0.405941 0.6408954 0.4104074 0.6400568 0.4058275 0.641708 0.4108319 0.6407265 0.4108473 0.641562 0.4108473 0.641562 0.4156154 0.63962 0.4158738 0.6403902 0.4060899 0.6424611 0.4108473 0.641562 0.4110702 0.6423299 0.400869 0.6424318 0.4060899 0.6424611 0.4059643 0.6432871 0.400869 0.6424318 0.400955 0.6416501 0.4058275 0.641708 0.3957072 0.6421611 0.3959465 0.6413995 0.400869 0.6424318 0.3961829 0.6406477 0.400955 0.6416501 0.400869 0.6424318 0.3913129 0.6394318 0.3916916 0.6387386 0.3961829 0.6406477 0.3913129 0.6394318 0.3959465 0.6413995 0.3957072 0.6421611 0.3871566 0.6365741 0.3913129 0.6394318 0.390926 0.6401349 0.3871566 0.6365741 0.3876623 0.6359711 0.3916916 0.6387386 0.3920689 0.6380508 0.3964179 0.6399015 0.3961829 0.6406477 0.3881667 0.6353713 0.3920689 0.6380508 0.3916916 0.6387386 0.390926 0.6401349 0.3957072 0.6421611 0.3954538 0.6429157 0.3862097 0.6378656 0.3866444 0.6371817 0.390926 0.6401349 0.3830944 0.6335699 0.3866444 0.6371817 0.3862097 0.6378656 0.3957072 0.6421611 0.4007828 0.6432247 0.4006825 0.6440247 0.3964179 0.6399015 0.4010407 0.6408731 0.400955 0.6416501 0.4010407 0.6408731 0.405941 0.6408954 0.4058275 0.641708 0.4006825 0.6440247 0.4007828 0.6432247 0.4059643 0.6432871 0.4062404 0.6440758 0.4059643 0.6432871 0.4110702 0.6423299 0.4110702 0.6423299 0.4158738 0.6403902 0.4162334 0.64111 0.4162334 0.64111 0.4158738 0.6403902 0.4202139 0.637572 0.4208543 0.6380965 0.4202139 0.637572 0.4239203 0.6339408 0.4239203 0.6339408 0.4269215 0.6294933 0.4275215 0.6300556 0.4269215 0.6294933 0.4289228 0.6247377 0.4296778 0.6249901 0.427609 0.6194212 0.427641 0.6147283 0.4284482 0.6148114 0.3966956 0.593092 0.3969992 0.5938066 0.3925411 0.5956159 0.3818736 0.6050375 0.3825597 0.6054136 0.3807218 0.6096538 0.384634 0.6009915 0.3852825 0.6014246 0.3825597 0.6054136 0.3818736 0.6050375 0.3799741 0.6094149 0.3791992 0.6092766 0.384634 0.6009915 0.3818736 0.6050375 0.3812298 0.6045568 0.3881135 0.5975858 0.3886041 0.5981951 0.3852825 0.6014246 0.3791992 0.6092766 0.3799741 0.6094149 0.3789607 0.6141927 0.3807218 0.6096538 0.379738 0.6143875 0.3789607 0.6141927 0.3781734 0.614221 0.3789607 0.6141927 0.3789023 0.6190748 0.379738 0.6143875 0.3797029 0.6191155 0.3789023 0.6190748 0.3797029 0.6191155 0.3805439 0.6236612 0.3798252 0.6239578 0.3798252 0.6239578 0.3805439 0.6236612 0.3823294 0.6281083 0.3921788 0.5949249 0.3925411 0.5956159 0.3886041 0.5981951 0.380186 0.6291245 0.3830944 0.6335699 0.3823849 0.6339852 0.3962492 0.5915746 0.3914439 0.5935204 0.3910885 0.592808 0.4012426 0.5898079 0.4014262 0.5905905 0.3962492 0.5915746 0.4115483 0.5916749 0.4113114 0.5924393 0.4064005 0.591435 0.6266098 0.5521004 0.6342728 0.5523036 0.634005 0.5587916 0.626292 0.5584484 0.634005 0.5587916 0.633665 0.5651197 0.633665 0.5651197 0.634005 0.5587916 0.6356905 0.5588793 0.634005 0.5587916 0.6342728 0.5523036 0.636025 0.5523595 0.6333229 0.5713234 0.633665 0.5651197 0.6353079 0.5652166 0.6333229 0.5713234 0.6349087 0.5714094 0.634634 0.5775587 0.6261467 0.5647475 0.633665 0.5651197 0.6333229 0.5713234 0.6257478 0.570959 0.6333229 0.5713234 0.6330096 0.5774821 0.6255215 0.5771468 0.6330096 0.5774821 0.632719 0.5837147 0.632719 0.5837147 0.6330096 0.5774821 0.634634 0.5775587 0.6252833 0.5833529 0.632719 0.5837147 0.6323625 0.5899804 0.632719 0.5837147 0.6343591 0.5837993 0.6340143 0.5900827 0.6319214 0.5962738 0.6323625 0.5899804 0.6340143 0.5900827 0.6313796 0.6025028 0.6319214 0.5962738 0.6336061 0.5964089 0.6248277 0.5895428 0.6323625 0.5899804 0.6319214 0.5962738 0.6245353 0.5957372 0.6319214 0.5962738 0.6313796 0.6025028 0.6239908 0.6018697 0.6313796 0.6025028 0.6308373 0.6085422 0.6308373 0.6085422 0.6313796 0.6025028 0.6329882 0.6026561 0.6234127 0.6079548 0.6308373 0.6085422 0.6303836 0.6145625 0.6308373 0.6085422 0.6323825 0.6086719 0.6319761 0.6146521 0.6303836 0.6145625 0.6319761 0.6146521 0.6317352 0.6207759 0.6300911 0.620754 0.6317352 0.6207759 0.6318528 0.6270912 0.6229548 0.614099 0.6303836 0.6145625 0.6300911 0.620754 0.6224781 0.6204217 0.6300911 0.620754 0.6301397 0.6272804 0.623117 0.4240759 0.6316324 0.4241525 0.6313329 0.4308206 0.6313329 0.4308206 0.6316324 0.4241525 0.633332 0.4244058 0.6233454 0.4309525 0.6313329 0.4308206 0.6314119 0.4372988 0.6313329 0.4308206 0.6330116 0.4308453 0.6331229 0.4372564 0.6316744 0.4436576 0.6314119 0.4372988 0.6331229 0.4372564 0.6316744 0.4436576 0.6332916 0.4435904 0.6336391 0.4498234 0.6236482 0.4375998 0.6314119 0.4372988 0.6316744 0.4436576 0.6239567 0.4440414 0.6316744 0.4436576 0.6319945 0.4499151 0.6244459 0.4503727 0.6319945 0.4499151 0.6323603 0.4562216 0.6319945 0.4499151 0.6336391 0.4498234 0.6340159 0.4561268 0.6247682 0.4566771 0.6323603 0.4562216 0.6327233 0.4625432 0.6323603 0.4562216 0.6340159 0.4561268 0.634384 0.46245 0.6327233 0.4625432 0.634384 0.46245 0.6347467 0.4687916 0.6330765 0.4688848 0.6347467 0.4687916 0.6351204 0.4751809 0.6251023 0.4629839 0.6327233 0.4625432 0.6330765 0.4688848 0.6253616 0.4693032 0.6330765 0.4688848 0.6334282 0.4752672 0.6257396 0.4756428 0.6334282 0.4752672 0.6337001 0.4817594 0.6334282 0.4752672 0.6351204 0.4751809 0.6354466 0.4817027 0.6260551 0.4820263 0.6337001 0.4817594 0.6338557 0.4882423 0.6338557 0.4882423 0.6337001 0.4817594 0.6354466 0.4817027 0.6339634 0.4945687 0.6338557 0.4882423 0.6355381 0.4882169 0.6339634 0.4945687 0.63559 0.4945386 0.6357719 0.5008738 0.6262288 0.4947361 0.6339634 0.4945687 0.6340706 0.5009087 0.6261526 0.4884005 0.6338557 0.4882423 0.6339634 0.4945687 0.6264316 0.5010762 0.6340706 0.5009087 0.6342277 0.5072634 0.6342277 0.5072634 0.6340706 0.5009087 0.6357719 0.5008738 0.6265653 0.5074088 0.6342277 0.5072634 0.6343414 0.5135898 0.6342277 0.5072634 0.6358549 0.5072324 0.6360116 0.5135572 0.6344447 0.5200059 0.6343414 0.5135898 0.6360116 0.5135572 0.6344447 0.5200059 0.6361402 0.5199798 0.6362447 0.5264914 0.6266677 0.5201184 0.6344447 0.5200059 0.634505 0.5264983 0.6267085 0.5137475 0.6343414 0.5135898 0.6344447 0.5200059 0.6267722 0.5265253 0.634505 0.5264983 0.6345258 0.5329517 0.6345258 0.5329517 0.634505 0.5264983 0.6362447 0.5264914 0.6268256 0.5329279 0.6345258 0.5329517 0.6344611 0.5393407 0.6345258 0.5329517 0.6361739 0.5329638 0.6361441 0.5393521 0.6344125 0.5457809 0.6344611 0.5393407 0.6361441 0.5393521 0.6344125 0.5457809 0.6361165 0.5458013 0.636025 0.5523595 0.6266766 0.5457002 0.6344125 0.5457809 0.6342728 0.5523036 0.6266762 0.5393096 0.6344611 0.5393407 0.6344125 0.5457809 0.6229687 0.5520097 0.6231221 0.5456444 0.6266766 0.5457002 0.6231221 0.5456444 0.6232031 0.5392797 0.6266762 0.5393096 0.6232031 0.5392797 0.6231632 0.5329103 0.6268256 0.5329279 0.619822 0.5392152 0.619796 0.532854 0.6231632 0.5329103 0.6197798 0.5455562 0.619822 0.5392152 0.6232031 0.5392797 0.6160453 0.5455169 0.6161338 0.5391938 0.619822 0.5392152 0.6161338 0.5391938 0.6161746 0.5328518 0.619796 0.532854 0.6196427 0.5518897 0.6197798 0.5455562 0.6231221 0.5456444 0.6160453 0.5455169 0.6197798 0.5455562 0.6196427 0.5518897 0.6159952 0.5518273 0.6196427 0.5518897 0.61949 0.5581887 0.61949 0.5581887 0.6196427 0.5518897 0.6229687 0.5520097 0.6228426 0.5583276 0.6229687 0.5520097 0.6266098 0.5521004 0.6228426 0.5583276 0.626292 0.5584484 0.6261467 0.5647475 0.6193323 0.5644286 0.61949 0.5581887 0.6228426 0.5583276 0.6190627 0.5706172 0.6193323 0.5644286 0.622587 0.5645989 0.622366 0.5707992 0.622587 0.5645989 0.6261467 0.5647475 0.6187979 0.5767796 0.6190627 0.5706172 0.622366 0.5707992 0.622366 0.5707992 0.6257478 0.570959 0.6255215 0.5771468 0.622063 0.5769736 0.6255215 0.5771468 0.6252833 0.5833529 0.6185092 0.5829554 0.6187979 0.5767796 0.622063 0.5769736 0.614874 0.5827648 0.6152204 0.5766072 0.6187979 0.5767796 0.6152204 0.5766072 0.6155326 0.5704743 0.6190627 0.5706172 0.6181734 0.5891333 0.6185092 0.5829554 0.6217419 0.5831656 0.614874 0.5827648 0.6185092 0.5829554 0.6181734 0.5891333 0.6177979 0.5952824 0.6181734 0.5891333 0.6214509 0.5893493 0.6145877 0.5889431 0.6181734 0.5891333 0.6177979 0.5952824 0.6177979 0.5952824 0.6210235 0.5954976 0.6205875 0.6015987 0.6142616 0.5950688 0.6177979 0.5952824 0.617375 0.6013829 0.617375 0.6013829 0.6205875 0.6015987 0.6201111 0.607669 0.6138794 0.6011199 0.617375 0.6013829 0.6168856 0.607416 0.613399 0.6070892 0.6168856 0.607416 0.6162596 0.6134787 0.6168856 0.607416 0.6201111 0.607669 0.6195086 0.6137787 0.6162596 0.6134787 0.6195086 0.6137787 0.6188327 0.6200997 0.612761 0.613056 0.6162596 0.6134787 0.6154498 0.6197196 0.6118731 0.6191293 0.6154498 0.6197196 0.6142822 0.626473 0.6154498 0.6197196 0.6188327 0.6200997 0.6181038 0.6270391 0.6195086 0.6137787 0.6229548 0.614099 0.6224781 0.6204217 0.6188327 0.6200997 0.6224781 0.6204217 0.6221122 0.6270114 0.614986 0.4242765 0.619059 0.423883 0.6194831 0.431161 0.619059 0.423883 0.623117 0.4240759 0.6233454 0.4309525 0.6159017 0.431538 0.6194831 0.431161 0.6200224 0.437832 0.6200224 0.437832 0.6194831 0.431161 0.6233454 0.4309525 0.6166144 0.4381603 0.6200224 0.437832 0.6204891 0.4442613 0.6204891 0.4442613 0.6200224 0.437832 0.6236482 0.4375998 0.6171178 0.4445459 0.6204891 0.4442613 0.6208263 0.4505998 0.6204891 0.4442613 0.6239567 0.4440414 0.6244459 0.4503727 0.6175026 0.4508603 0.6208263 0.4505998 0.6212417 0.4568955 0.6212417 0.4568955 0.6208263 0.4505998 0.6244459 0.4503727 0.6143072 0.4573444 0.6139444 0.4510996 0.6175026 0.4508603 0.6134577 0.4448376 0.6171178 0.4445459 0.6175026 0.4508603 0.6179283 0.4571343 0.6212417 0.4568955 0.621604 0.4631819 0.614619 0.463584 0.6143072 0.4573444 0.6179283 0.4571343 0.614619 0.463584 0.6183031 0.4633978 0.6185706 0.4696733 0.6183031 0.4633978 0.621604 0.4631819 0.6219336 0.4694746 0.621604 0.4631819 0.6212417 0.4568955 0.6247682 0.4566771 0.6219336 0.4694746 0.621604 0.4631819 0.6251023 0.4629839 0.6185706 0.4696733 0.6219336 0.4694746 0.6222029 0.4757876 0.6219336 0.4694746 0.6253616 0.4693032 0.6257396 0.4756428 0.6188817 0.4759709 0.6222029 0.4757876 0.6224028 0.4821482 0.6222029 0.4757876 0.6257396 0.4756428 0.6260551 0.4820263 0.6226055 0.4884942 0.6224028 0.4821482 0.6260551 0.4820263 0.619078 0.4823006 0.6224028 0.4821482 0.6226055 0.4884942 0.6154366 0.482431 0.619078 0.4823006 0.6192526 0.4886151 0.6154366 0.482431 0.6151737 0.4761217 0.6188817 0.4759709 0.6192526 0.4886151 0.6226055 0.4884942 0.6227943 0.4948086 0.6158066 0.4949595 0.6156733 0.4887136 0.6192526 0.4886151 0.6196027 0.5011592 0.619444 0.4948848 0.6227943 0.4948086 0.6158932 0.5012351 0.6158066 0.4949595 0.619444 0.4948848 0.6158932 0.5012351 0.6196027 0.5011592 0.6196755 0.5074592 0.6196755 0.5074592 0.6196027 0.5011592 0.6229208 0.5011318 0.623017 0.5074508 0.6229208 0.5011318 0.6264316 0.5010762 0.6227943 0.4948086 0.6262288 0.4947361 0.6264316 0.5010762 0.623017 0.5074508 0.6265653 0.5074088 0.6267085 0.5137475 0.6197131 0.5137761 0.6196755 0.5074592 0.623017 0.5074508 0.6198171 0.5201262 0.6197131 0.5137761 0.6230638 0.5137859 0.6231968 0.5201433 0.6230638 0.5137859 0.6267085 0.5137475 0.6198586 0.5264866 0.6198171 0.5201262 0.6231968 0.5201433 0.6231968 0.5201433 0.6266677 0.5201184 0.6267722 0.5265253 0.6232107 0.5265252 0.6267722 0.5265253 0.6268256 0.5329279 0.619796 0.532854 0.6198586 0.5264866 0.6232107 0.5265252 0.6161195 0.5265003 0.6198586 0.5264866 0.619796 0.532854 0.6161195 0.5265003 0.6161313 0.5201435 0.6198171 0.5201262 0.6161313 0.5201435 0.6161195 0.5265003 0.6146142 0.5265037 0.6161195 0.5265003 0.6161746 0.5328518 0.6146641 0.5328494 0.6146641 0.5328494 0.6124561 0.5328442 0.6124017 0.5265088 0.6146142 0.5265037 0.6124017 0.5265088 0.6123719 0.5201383 0.6146221 0.513808 0.6146234 0.5201403 0.6123719 0.5201383 0.6145321 0.5075401 0.6146221 0.513808 0.6124296 0.5138179 0.616024 0.507515 0.6161219 0.5138014 0.6146221 0.513808 0.6161219 0.5138014 0.6161313 0.5201435 0.6146234 0.5201403 0.6158932 0.5012351 0.616024 0.507515 0.6145321 0.5075401 0.6145321 0.5075401 0.6123847 0.5075817 0.6121821 0.5013038 0.6158066 0.4949595 0.6158932 0.5012351 0.6144064 0.5012613 0.6143168 0.4949836 0.6144064 0.5012613 0.6121821 0.5013038 0.6141837 0.4887582 0.6143168 0.4949836 0.6121412 0.4950195 0.6141837 0.4887582 0.6120436 0.4888296 0.6117174 0.4825853 0.6158066 0.4949595 0.6143168 0.4949836 0.6141837 0.4887582 0.6156733 0.4887136 0.6141837 0.4887582 0.6139444 0.482492 0.6154366 0.482431 0.6139444 0.482492 0.6136834 0.4761795 0.6136834 0.4761795 0.6139444 0.482492 0.6117174 0.4825853 0.6151737 0.4761217 0.6136834 0.4761795 0.613469 0.4699041 0.613469 0.4699041 0.6136834 0.4761795 0.6114927 0.4762652 0.6131405 0.4636625 0.613469 0.4699041 0.6112871 0.4700048 0.6128262 0.4574291 0.6131405 0.4636625 0.610972 0.4637798 0.614619 0.463584 0.6131405 0.4636625 0.6128262 0.4574291 0.6149623 0.4698364 0.613469 0.4699041 0.6131405 0.4636625 0.6143072 0.4573444 0.6128262 0.4574291 0.6124596 0.4512052 0.6124596 0.4512052 0.6128262 0.4574291 0.6106598 0.4575558 0.6139444 0.4510996 0.6124596 0.4512052 0.6119682 0.4449719 0.6119682 0.4449719 0.6124596 0.4512052 0.6102945 0.4513629 0.6113454 0.4386924 0.6119682 0.4449719 0.6097977 0.445174 0.6105395 0.4323255 0.6113454 0.4386924 0.609165 0.4389472 0.6134577 0.4448376 0.6119682 0.4449719 0.6113454 0.4386924 0.6128489 0.4385225 0.6113454 0.4386924 0.6105395 0.4323255 0.6120831 0.4320724 0.6105395 0.4323255 0.609183 0.4257283 0.6105395 0.4323255 0.6083555 0.4327055 0.6069688 0.4264369 0.6104637 0.6253601 0.6089872 0.6249294 0.6104246 0.6188588 0.6104246 0.6188588 0.6089872 0.6249294 0.6069688 0.6242312 0.611339 0.6128739 0.6104246 0.6188588 0.608352 0.6184517 0.6119822 0.606958 0.611339 0.6128739 0.6092882 0.6126008 0.612761 0.613056 0.611339 0.6128739 0.6119822 0.606958 0.6118731 0.6191293 0.6104246 0.6188588 0.611339 0.6128739 0.613399 0.6070892 0.6119822 0.606958 0.6124524 0.601021 0.6119822 0.606958 0.6099606 0.6067695 0.6103766 0.600879 0.6138794 0.6011199 0.6124524 0.601021 0.612818 0.5949876 0.6124524 0.601021 0.6103766 0.600879 0.610706 0.594871 0.612818 0.5949876 0.610706 0.594871 0.6109776 0.58877 0.613122 0.5888724 0.6109776 0.58877 0.6112226 0.582569 0.614874 0.5827648 0.6145877 0.5889431 0.613122 0.5888724 0.6145877 0.5889431 0.6142616 0.5950688 0.612818 0.5949876 0.6152204 0.5766072 0.614874 0.5827648 0.6134101 0.5826869 0.6137574 0.5765278 0.6134101 0.5826869 0.6112226 0.582569 0.6155326 0.5704743 0.6152204 0.5766072 0.6137574 0.5765278 0.6137574 0.5765278 0.6116567 0.576408 0.6119331 0.570329 0.6140663 0.5704151 0.6119331 0.570329 0.6120927 0.564197 0.6144238 0.5580653 0.6142376 0.5642628 0.6120927 0.564197 0.6159116 0.5581009 0.6157029 0.5643088 0.6142376 0.5642628 0.6157029 0.5643088 0.6155326 0.5704743 0.6140663 0.5704151 0.6159952 0.5518273 0.6159116 0.5581009 0.6144238 0.5580653 0.6144238 0.5580653 0.6122544 0.5580159 0.6123131 0.55178 0.6160453 0.5455169 0.6159952 0.5518273 0.6145002 0.5518075 0.6145002 0.5518075 0.6123131 0.55178 0.6123491 0.5454699 0.6145468 0.5454983 0.6123491 0.5454699 0.6124258 0.5391499 0.6146641 0.5328494 0.6146286 0.5391767 0.6124258 0.5391499 0.6161338 0.5391938 0.6160453 0.5455169 0.6145468 0.5454983 0.6161746 0.5328518 0.6161338 0.5391938 0.6146286 0.5391767 0.6157029 0.5643088 0.6159116 0.5581009 0.61949 0.5581887 0.6157029 0.5643088 0.6193323 0.5644286 0.6190627 0.5706172 0.6107624 0.4253073 0.614986 0.4242765 0.6159017 0.431538 0.6128489 0.4385225 0.6120831 0.4320724 0.6159017 0.431538 0.6128489 0.4385225 0.6166144 0.4381603 0.6171178 0.4445459 0.6151737 0.4761217 0.6149623 0.4698364 0.6185706 0.4696733 0.616024 0.507515 0.6196755 0.5074592 0.6197131 0.5137761 0.6161313 0.5201435 0.6161219 0.5138014 0.6197131 0.5137761 0.6227943 0.4948086 0.6226055 0.4884942 0.6261526 0.4884005 0.6201111 0.607669 0.6234127 0.6079548 0.6229548 0.614099 0.6201111 0.607669 0.6205875 0.6015987 0.6239908 0.6018697 0.6205875 0.6015987 0.6210235 0.5954976 0.6245353 0.5957372 0.6210235 0.5954976 0.6214509 0.5893493 0.6248277 0.5895428 0.6214509 0.5893493 0.6217419 0.5831656 0.6252833 0.5833529 0.04783761 0.7438775 0.04598242 0.7443809 0.04597795 0.7369464 0.04598242 0.7443809 0.04287391 0.7444323 0.04289442 0.7369621 0.04608637 0.7519276 0.04292672 0.7520601 0.04287391 0.7444323 0.04598242 0.7443809 0.04783761 0.7438775 0.04787808 0.7512841 0.03759914 0.7444456 0.04287391 0.7444323 0.04292672 0.7520601 0.03766721 0.7369534 0.04289442 0.7369621 0.04287391 0.7444323 0.0375095 0.752088 0.04292672 0.7520601 0.04306608 0.7584235 0.04641491 0.7581309 0.04306608 0.7584235 0.04292672 0.7520601 0.04608637 0.7519276 0.04787808 0.7512841 0.04819399 0.7576487 0.03181475 0.7574196 0.02022236 0.7570653 0.02051013 0.7507622 0.03430396 0.7519821 0.0339064 0.7582327 0.03181475 0.7574196 0.03725296 0.7584616 0.0339064 0.7582327 0.03430396 0.7519821 0.03445935 0.7443742 0.03430396 0.7519821 0.03216499 0.7511458 0.03430396 0.7519821 0.03445935 0.7443742 0.03759914 0.7444456 0.03445935 0.7443742 0.03455704 0.7368953 0.03766721 0.7369534 0.03455704 0.7368953 0.03445935 0.7443742 0.0323649 0.7436133 0.02102214 0.7359543 0.03250163 0.7361491 0.0323649 0.7436133 0.03216499 0.7511458 0.02051013 0.7507622 0.0208978 0.743421 0.03464609 0.7294674 0.03455704 0.7368953 0.03250163 0.7361491 0.03250163 0.7361491 0.02102214 0.7359543 0.02119094 0.7285807 0.0460186 0.7295354 0.04769712 0.7289798 0.04769092 0.7363786 0.04769712 0.7289798 0.0460186 0.7295354 0.04607897 0.7221468 0.02133375 0.7212256 0.03273129 0.721351 0.03262174 0.7287304 0.04294472 0.7295357 0.0460186 0.7295354 0.04597795 0.7369464 0.04300904 0.7221364 0.04607897 0.7221468 0.0460186 0.7295354 0.04294472 0.7295357 0.03773868 0.7295182 0.03780931 0.7221127 0.04289442 0.7369621 0.03766721 0.7369534 0.03773868 0.7295182 0.04300904 0.7221364 0.03780931 0.7221127 0.0378977 0.7147179 0.04308944 0.7147409 0.04615682 0.7147697 0.04607897 0.7221468 0.04308944 0.7147409 0.0378977 0.7147179 0.03797382 0.7073433 0.04621803 0.7074032 0.04615682 0.7147697 0.04308944 0.7147409 0.04772514 0.7216049 0.04607897 0.7221468 0.04615682 0.7147697 0.04621803 0.7074032 0.04780679 0.7068949 0.04777175 0.714243 0.03273129 0.721351 0.02133375 0.7212256 0.02146267 0.7138774 0.03284412 0.713988 0.02146267 0.7138774 0.02158075 0.7065432 0.03273129 0.721351 0.03284412 0.713988 0.03482049 0.7147046 0.03490215 0.7073395 0.03482049 0.7147046 0.03284412 0.713988 0.03490215 0.7073395 0.03797382 0.7073433 0.0378977 0.7147179 0.03482049 0.7147046 0.0378977 0.7147179 0.03780931 0.7221127 0.03780931 0.7221127 0.03773868 0.7295182 0.03464609 0.7294674 0.03472763 0.7220793 0.03464609 0.7294674 0.03262174 0.7287304 0.03773868 0.7295182 0.03766721 0.7369534 0.03455704 0.7368953 0.03497868 0.6999793 0.03490215 0.7073395 0.03294438 0.7066396 0.03797382 0.7073433 0.03490215 0.7073395 0.03497868 0.6999793 0.03804677 0.6999756 0.04321879 0.6999861 0.04315263 0.7073589 0.03811651 0.6926206 0.04328233 0.6926243 0.04321879 0.6999861 0.03804677 0.6999756 0.03497868 0.6999793 0.03505128 0.692632 0.03818124 0.6852708 0.04333955 0.6852651 0.04328233 0.6926243 0.03811651 0.6926206 0.03505128 0.692632 0.03511923 0.6852898 0.03312176 0.6919716 0.03319865 0.6846526 0.03511923 0.6852898 0.03505128 0.692632 0.03497868 0.6999793 0.03303664 0.6992982 0.03303664 0.6992982 0.02168995 0.6992132 0.02179259 0.6918966 0.02189058 0.6845867 0.03319865 0.6846526 0.03312176 0.6919716 0.04789727 0.6922135 0.04634732 0.6926705 0.04640412 0.685308 0.04634732 0.6926705 0.04789727 0.6922135 0.04785096 0.6995492 0.04634732 0.6926705 0.04628354 0.7000328 0.04321879 0.6999861 0.04640412 0.685308 0.04634732 0.6926705 0.04328233 0.6926243 0.04644984 0.6779567 0.04640412 0.685308 0.04333955 0.6852651 0.04794198 0.6848798 0.04640412 0.685308 0.04644984 0.6779567 0.04333955 0.6852651 0.03818124 0.6852708 0.03823858 0.677937 0.04338699 0.6779196 0.03823858 0.677937 0.0382865 0.6706169 0.04338699 0.6779196 0.04341953 0.6705855 0.04647845 0.6706124 0.03523379 0.6706508 0.0382865 0.6706169 0.03823858 0.677937 0.03518056 0.677964 0.03823858 0.677937 0.03818124 0.6852708 0.03518056 0.677964 0.03511923 0.6852898 0.03319865 0.6846526 0.03523379 0.6706508 0.03518056 0.677964 0.033266 0.6773516 0.033266 0.6773516 0.02198469 0.6772947 0.02207612 0.670017 0.03319865 0.6846526 0.02189058 0.6845867 0.02198469 0.6772947 0.04647845 0.6706124 0.04800647 0.6702409 0.04798036 0.6775576 0.04800647 0.6702409 0.04647845 0.6706124 0.04647988 0.6633049 0.03332215 0.6700627 0.02207612 0.670017 0.0221647 0.6627697 0.04341953 0.6705855 0.04343229 0.6632881 0.04647988 0.6633049 0.04647201 0.6548102 0.04647988 0.6633049 0.04343229 0.6632881 0.04800194 0.6629528 0.04647988 0.6633049 0.04647201 0.6548102 0.03836184 0.6548559 0.04343491 0.6548039 0.04343229 0.6632881 0.0383259 0.6633339 0.04343229 0.6632881 0.04341953 0.6705855 0.03838121 0.6476218 0.04345858 0.6475619 0.04343491 0.6548039 0.04647201 0.6548102 0.04343491 0.6548039 0.04345858 0.6475619 0.03839892 0.6404168 0.04343807 0.6403377 0.04345858 0.6475619 0.04649502 0.6475425 0.04345858 0.6475619 0.04343807 0.6403377 0.04801106 0.6545155 0.04647201 0.6548102 0.04649502 0.6475425 0.04645204 0.6403021 0.04801839 0.6400355 0.04804891 0.6472601 0.03341865 0.6543812 0.02225279 0.6543421 0.02232044 0.6471574 0.02238118 0.639989 0.03346049 0.6399797 0.03343331 0.6471587 0.03535145 0.6476716 0.03533267 0.6549049 0.03341865 0.6543812 0.03538781 0.6404736 0.03535145 0.6476716 0.03343331 0.6471587 0.03838121 0.6476218 0.03535145 0.6476716 0.03538781 0.6404736 0.03836184 0.6548559 0.03533267 0.6549049 0.03535145 0.6476716 0.0383259 0.6633339 0.03528177 0.663374 0.03533267 0.6549049 0.03533267 0.6549049 0.03528177 0.663374 0.03337937 0.6627998 0.0382865 0.6706169 0.03523379 0.6706508 0.03528177 0.663374 0.03528177 0.663374 0.03523379 0.6706508 0.03332215 0.6700627 0.02225279 0.6543421 0.03341865 0.6543812 0.03337937 0.6627998 0.03839892 0.6404168 0.03538781 0.6404736 0.03538471 0.6333021 0.03538471 0.6333021 0.03538781 0.6404736 0.03346049 0.6399797 0.03838938 0.6332426 0.04340916 0.633151 0.04343807 0.6403377 0.03837698 0.6261174 0.04335063 0.6260142 0.04340916 0.633151 0.03838938 0.6332426 0.03538471 0.6333021 0.03539252 0.626181 0.03834289 0.6184264 0.043298 0.618326 0.04335063 0.6260142 0.03837698 0.6261174 0.03539252 0.626181 0.03536462 0.6184896 0.03344881 0.6328258 0.03344923 0.6257123 0.03539252 0.626181 0.03536462 0.6184896 0.03539252 0.626181 0.03344923 0.6257123 0.03344923 0.6257123 0.02247411 0.625772 0.02249163 0.6181422 0.03344881 0.6328258 0.02243345 0.6328635 0.02247411 0.625772 0.04792255 0.6257082 0.04632556 0.6259568 0.04626131 0.6182715 0.04799711 0.6328486 0.04641276 0.6331027 0.04632556 0.6259568 0.04632556 0.6259568 0.04335063 0.6260142 0.043298 0.618326 0.04641276 0.6331027 0.04340916 0.633151 0.04335063 0.6260142 0.04645204 0.6403021 0.04343807 0.6403377 0.04340916 0.633151 0.04801839 0.6400355 0.04645204 0.6403021 0.04641276 0.6331027 0.04626131 0.6182715 0.043298 0.618326 0.04325717 0.6112646 0.04788392 0.6180441 0.04626131 0.6182715 0.04620391 0.6112192 0.03831869 0.6113564 0.04325717 0.6112646 0.043298 0.618326 0.04325717 0.6112646 0.03831869 0.6113564 0.03828614 0.6042609 0.04327702 0.6041966 0.04623931 0.604211 0.04620391 0.6112192 0.03528827 0.6043443 0.03828614 0.6042609 0.03831869 0.6113564 0.03834289 0.6184264 0.03536462 0.6184896 0.03534394 0.6114185 0.03340333 0.6180427 0.03336292 0.6109682 0.03534394 0.6114185 0.03528827 0.6043443 0.03534394 0.6114185 0.03336292 0.6109682 0.02247411 0.6111409 0.03336292 0.6109682 0.03340333 0.6180427 0.02240014 0.6041803 0.03330332 0.6038913 0.03336292 0.6109682 0.04623931 0.604211 0.04788988 0.6040123 0.04784804 0.6109957 0.04819399 0.5963995 0.04788988 0.6040123 0.04623931 0.604211 0.02240014 0.6041803 0.02224761 0.59652 0.0330829 0.5964838 0.04355961 0.5952805 0.04672878 0.5955247 0.04623931 0.604211 0.04327702 0.6041966 0.03828614 0.6042609 0.03812265 0.595232 0.03495448 0.5954381 0.03812265 0.595232 0.03828614 0.6042609 0.03528827 0.6043443 0.03330332 0.6038913 0.0330829 0.5964838 0.02243345 0.6328635 0.03344881 0.6328258 0.03346049 0.6399797 0.04315263 0.7073589 0.04321879 0.6999861 0.04628354 0.7000328 0.04628354 0.7000328 0.04785096 0.6995492 0.04780679 0.7068949 0.02168995 0.6992132 0.03303664 0.6992982 0.03294438 0.7066396 0.29905 0.4540424 0.29905 0.4540424 0.2842279 0.4557964 0.2182213 0.4831414 0.2182213 0.4831414 0.2071301 0.4930614 0.2300377 0.4746988 0.2300377 0.4746988 0.2182213 0.4831414 0.3138753 0.4535605 0.328718 0.4543368 0.328718 0.4543368 0.2842279 0.4557964 0.2842279 0.4557964 0.269588 0.4586079 0.2556275 0.4623656 0.2556275 0.4623656 0.2425246 0.4677506 0.269588 0.4586079 0.269588 0.4586079 0.2556275 0.4623656 0.2071301 0.4930614 0.2071301 0.4930614 0.1962668 0.5041499 0.3434573 0.4562846 0.3579122 0.4593644 0.3579122 0.4593644 0.4454628 0.5151665 0.4454628 0.5151665 0.4354391 0.5038856 0.3997974 0.4758269 0.3997974 0.4758269 0.3863661 0.4693794 0.29905 0.4540424 0.3138753 0.4535605 0.3138753 0.4535605 0.2425246 0.4677506 0.2425246 0.4677506 0.2300377 0.4746988 0.4242381 0.4933728 0.4242381 0.4933728 0.4123073 0.4838588 0.4354391 0.5038856 0.4354391 0.5038856 0.4242381 0.4933728 0.3863661 0.4693794 0.3863661 0.4693794 0.3721538 0.4639225 0.4123073 0.4838588 0.4123073 0.4838588 0.3997974 0.4758269 0.328718 0.4543368 0.3434573 0.4562846 0.3434573 0.4562846 0.3579122 0.4593644 0.3721538 0.4639225 0.3721538 0.4639225</float_array>
          <technique_common>
            <accessor source="#Bottle_A_C_Lying-mesh-map-0-array" count="14814" stride="2">
              <param name="S" type="float"/>
              <param name="T" type="float"/>
            </accessor>
          </technique_common>
        </source>
        <vertices id="Bottle_A_C_Lying-mesh-vertices">
          <input semantic="POSITION" source="#Bottle_A_C_Lying-mesh-positions"/>
        </vertices>
        <triangles material="AK_Bottles_Plastic_Dirty-material" count="4938">
          <input semantic="VERTEX" source="#Bottle_A_C_Lying-mesh-vertices" offset="0"/>
          <input semantic="NORMAL" source="#Bottle_A_C_Lying-mesh-normals" offset="1"/>
          <input semantic="TEXCOORD" source="#Bottle_A_C_Lying-mesh-map-0" offset="2" set="0"/>
          <p>140 0 0 165 1 1 164 2 2 665 3 3 700 4 4 681 5 5 462 6 6 476 7 7 475 8 8 771 9 9 791 10 10 790 11 11 534 12 12 560 13 13 559 14 14 839 15 15 862 16 16 840 17 17 856 18 18 842 19 19 846 20 20 683 21 21 648 22 22 663 23 23 867 24 24 844 25 25 850 26 26 251 27 27 268 28 28 250 29 29 693 30 30 712 31 31 692 32 32 263 33 33 946 34 34 264 35 35 753 36 36 773 37 37 772 38 38 257 39 39 276 40 40 275 41 41 422 42 42 440 43 43 421 44 44 127 45 45 109 46 46 128 47 47 816 48 48 795 49 49 796 50 50 31 51 51 49 52 52 30 53 53 585 54 54 567 55 55 568 56 56 848 57 57 857 58 58 836 59 59 372 60 60 388 61 61 371 62 62 51 63 63 32 64 64 33 65 65 792 66 66 813 67 67 812 68 68 175 69 69 208 70 70 174 71 71 418 72 72 454 73 73 435 74 74 387 75 75 371 62 76 388 61 77 305 76 78 884 77 79 321 78 80 868 79 81 837 80 82 851 81 83 323 82 84 906 83 85 340 84 86 318 85 87 880 86 88 889 87 89 433 88 90 453 89 91 452 90 92 285 91 93 284 92 94 286 93 95 337 94 96 905 95 97 895 96 98 623 97 99 606 98 100 624 99 101 635 100 102 615 101 103 616 102 104 406 103 105 436 104 106 426 105 107 583 106 108 556 107 109 557 108 110 305 76 111 323 82 112 304 109 113 730 110 114 711 111 115 731 112 116 209 113 117 191 114 118 210 115 119 628 116 120 646 117 121 627 118 122 802 119 123 822 120 124 821 121 125 179 122 126 196 123 127 178 124 128 579 125 129 564 126 130 565 127 131 469 128 132 488 129 133 487 130 134 460 131 135 489 132 136 471 133 137 426 105 138 444 134 139 425 135 140 11 136 141 34 137 142 33 65 143 457 138 144 478 139 145 477 140 146 16 141 147 37 142 148 15 143 149 8 144 150 31 51 151 30 53 152 786 145 153 807 146 154 806 147 155 516 148 156 536 149 157 535 150 158 598 151 159 617 152 160 616 102 161 233 153 162 214 154 163 234 155 164 684 156 165 704 157 166 703 158 167 761 159 168 780 160 169 797 161 170 48 162 171 68 163 172 67 164 173 20 165 174 16 141 175 0 166 176 713 167 177 734 168 178 733 169 179 685 170 180 721 171 181 704 157 182 828 172 183 808 173 184 809 174 185 702 175 186 683 21 187 667 176 188 69 177 189 56 178 190 70 179 191 40 180 192 60 181 193 59 182 194 506 183 195 486 184 196 487 130 197 508 185 198 490 186 199 509 187 200 500 188 201 480 189 202 481 190 203 460 131 204 491 191 205 490 186 206 814 192 207 795 49 208 815 193 209 413 194 210 431 195 211 412 196 212 629 197 213 663 23 214 648 22 215 440 43 216 463 198 217 458 199 218 57 200 219 77 201 220 76 202 221 124 203 222 157 204 223 123 205 224 185 206 225 163 207 226 164 2 227 296 208 228 277 209 229 278 210 230 76 202 231 75 211 232 57 200 233 744 212 234 764 213 235 763 214 236 159 215 237 182 216 238 181 217 239 364 218 240 382 219 241 397 220 242 85 221 243 67 164 244 86 222 245 134 223 246 116 224 247 117 225 248 662 226 249 665 3 250 681 5 251 120 227 252 136 228 253 135 229 254 932 230 255 232 231 256 233 153 257 59 182 258 79 232 259 78 233 260 62 234 261 82 235 262 81 236 263 79 232 264 61 237 265 80 238 266 175 69 267 148 239 268 150 240 269 772 38 270 792 66 271 791 10 272 128 47 273 141 241 274 140 0 275 91 242 276 73 243 277 92 244 278 14 245 279 855 246 280 15 143 281 947 247 282 260 248 283 259 249 284 156 250 285 157 204 286 158 251 287 511 252 288 493 253 289 512 254 290 497 255 291 479 256 292 498 257 293 888 258 294 286 93 295 883 259 296 136 228 297 122 260 298 155 261 299 89 262 300 69 177 301 70 179 302 649 263 303 645 264 304 630 265 305 359 266 306 377 267 307 358 268 308 148 239 309 149 269 310 150 240 311 308 270 312 890 271 313 309 272 314 468 273 315 448 274 316 469 128 317 382 219 318 914 275 319 919 276 320 99 277 321 81 236 322 100 278 323 934 279 324 262 280 325 261 281 326 638 282 327 664 283 328 657 284 329 349 285 330 369 286 331 368 287 332 14 245 333 37 142 334 36 288 335 217 289 336 236 290 337 216 291 338 197 292 339 180 293 340 198 294 341 38 295 342 37 142 343 19 296 344 503 297 345 485 298 346 504 299 347 116 224 348 143 300 349 115 301 350 376 302 351 356 303 352 357 304 353 186 305 354 205 306 355 204 307 356 116 224 357 98 308 358 117 225 359 702 175 360 707 309 361 706 310 362 275 41 363 256 311 364 257 39 365 735 312 366 714 313 367 715 314 368 283 315 369 264 35 370 265 316 371 155 261 372 123 205 373 157 204 374 366 317 375 384 318 376 383 319 377 298 320 378 281 321 379 299 322 380 398 323 381 926 324 382 390 325 383 220 326 384 200 327 385 201 328 386 83 329 387 103 330 388 102 331 389 138 332 390 125 333 391 126 334 392 106 335 393 86 222 394 87 336 395 307 337 396 887 338 397 308 270 398 928 339 399 389 340 400 915 341 401 363 342 402 396 343 403 362 344 404 311 345 405 329 346 406 310 347 407 875 348 408 304 109 409 322 349 410 410 350 411 430 351 412 429 352 413 376 302 414 391 353 415 375 354 416 414 355 417 432 356 418 413 194 419 748 357 420 730 110 421 759 358 422 329 346 423 910 359 424 328 360 425 307 337 426 325 361 427 306 362 428 396 343 429 918 363 430 916 364 431 279 365 432 298 320 433 297 366 434 741 367 435 723 368 436 742 369 437 189 370 438 206 371 439 188 372 440 724 373 441 744 212 442 743 374 443 633 375 444 626 376 445 614 377 446 751 378 447 734 168 448 752 379 449 929 380 450 381 381 451 397 220 452 521 382 453 504 299 454 522 383 455 318 85 456 338 384 457 337 94 458 374 385 459 391 353 460 398 323 461 758 386 462 722 387 463 741 367 464 915 341 465 390 325 466 926 324 467 129 388 468 166 389 469 141 241 470 501 390 471 483 391 472 502 392 473 879 393 474 295 394 475 885 395 476 53 396 477 72 397 478 52 398 479 25 399 480 45 400 481 44 401 482 755 402 483 775 403 484 774 404 485 939 405 486 247 406 487 265 316 488 115 301 489 144 407 490 114 408 491 158 251 492 137 409 493 159 215 494 11 136 495 855 246 496 12 410 497 114 408 498 142 411 499 132 412 500 176 413 501 150 240 502 152 414 503 67 164 504 87 336 505 86 222 506 156 250 507 136 228 508 155 261 509 135 229 510 154 415 511 153 416 512 117 225 513 149 269 514 134 223 515 94 417 516 74 418 517 75 211 518 891 419 519 307 337 520 306 362 521 159 215 522 160 420 523 161 421 524 145 422 525 142 411 526 144 407 527 89 262 528 71 423 529 90 424 530 963 425 531 833 426 532 834 427 533 882 428 534 293 429 535 876 430 536 61 237 537 81 236 538 80 238 539 246 431 540 938 432 541 939 405 542 794 433 543 774 404 544 775 403 545 168 434 546 170 435 547 169 436 548 92 244 549 74 418 550 93 437 551 68 163 552 88 438 553 87 336 554 119 439 555 135 229 556 151 440 557 83 329 558 65 441 559 84 442 560 151 440 561 150 240 562 149 269 563 4 443 564 855 246 565 5 444 566 124 203 567 160 420 568 137 409 569 380 445 570 916 364 571 927 446 572 786 145 573 805 447 574 785 448 575 672 449 576 653 450 577 654 451 578 788 452 579 809 174 580 808 173 581 784 453 582 805 447 583 804 454 584 735 312 585 754 455 586 753 36 587 164 2 588 186 305 589 185 206 590 502 392 591 521 382 592 520 456 593 68 163 594 50 457 595 69 177 596 630 265 597 613 458 598 631 459 599 328 360 600 310 347 601 329 346 602 540 460 603 562 461 604 539 462 605 178 124 606 153 416 607 154 415 608 415 463 609 435 74 610 434 464 611 241 465 612 934 279 613 949 466 614 828 172 615 810 467 616 829 468 617 543 469 618 524 470 619 544 471 620 527 472 621 508 185 622 509 187 623 323 82 624 322 349 625 304 109 626 882 428 627 313 473 628 312 474 629 212 475 630 233 153 631 232 231 632 422 42 633 404 476 634 423 477 635 236 290 636 944 478 637 933 479 638 126 334 639 139 480 640 138 332 641 261 281 642 949 466 643 934 279 644 433 88 645 415 463 646 434 464 647 380 445 648 362 344 649 396 343 650 5 444 651 28 481 652 27 482 653 755 402 654 736 483 655 737 484 656 434 464 657 454 73 658 453 89 659 448 274 660 430 351 661 449 485 662 960 486 663 829 468 664 830 487 665 503 297 666 483 391 667 484 488 668 554 489 669 579 125 670 565 127 671 572 490 672 551 491 673 559 14 674 218 492 675 239 493 676 238 494 677 450 495 678 430 351 679 431 195 680 685 170 681 682 496 682 686 497 683 244 498 684 225 499 685 245 500 686 241 465 687 222 501 688 242 502 689 599 503 690 618 504 691 617 152 692 432 356 693 452 90 694 451 505 695 570 506 696 590 507 697 589 508 698 880 86 699 316 509 700 878 510 701 603 511 702 583 106 703 604 512 704 431 195 705 451 505 706 450 495 707 227 513 708 208 70 709 211 514 710 215 515 711 236 290 712 235 516 713 399 517 714 419 518 715 418 72 716 215 515 717 195 519 718 196 123 719 219 520 720 240 521 721 239 493 722 803 522 723 784 453 724 804 454 725 223 523 726 242 502 727 222 501 728 226 524 729 228 525 730 246 431 731 578 526 732 599 503 733 598 151 734 579 125 735 600 527 736 599 503 737 885 395 738 314 528 739 879 393 740 245 500 741 226 524 742 246 431 743 596 529 744 615 101 745 614 377 746 625 530 747 589 508 748 608 531 749 479 256 750 458 199 751 463 198 752 635 100 753 617 152 754 636 532 755 609 533 756 629 197 757 628 116 758 636 532 759 618 504 760 637 534 761 640 535 762 620 536 763 621 537 764 469 128 765 449 485 766 470 538 767 618 504 768 601 539 769 619 540 770 237 541 771 218 492 772 238 494 773 619 540 774 602 542 775 620 536 776 786 145 777 767 543 778 778 544 779 609 533 780 591 545 781 610 546 782 63 547 783 45 400 784 64 548 785 855 246 786 3 549 787 2 550 788 454 73 789 462 6 790 473 551 791 621 537 792 641 552 793 640 535 794 633 375 795 615 101 796 634 553 797 622 554 798 642 555 799 641 552 800 669 556 801 650 557 802 651 558 803 436 104 804 408 559 805 427 560 806 647 561 807 629 197 808 648 22 809 654 451 810 636 532 811 655 562 812 760 563 813 758 386 814 741 367 815 627 118 816 662 226 817 644 564 818 903 565 819 333 566 820 334 567 821 419 518 822 439 568 823 438 569 824 652 570 825 634 553 826 653 450 827 3 549 828 855 246 829 4 443 830 658 571 831 676 572 832 664 283 833 660 573 834 643 574 835 661 575 836 207 576 837 171 577 838 190 578 839 210 115 840 230 579 841 229 580 842 373 581 843 389 340 844 372 60 845 893 582 846 292 583 847 882 428 848 550 584 849 528 585 850 529 586 851 258 587 852 947 247 853 259 249 854 118 588 855 151 440 856 149 269 857 460 131 858 452 90 859 461 589 860 40 180 861 22 590 862 41 591 863 27 482 864 47 592 865 46 593 866 34 137 867 53 396 868 52 398 869 24 594 870 44 401 871 43 595 872 342 596 873 379 597 874 360 598 875 941 599 876 243 600 877 244 498 878 908 601 879 347 602 880 346 603 881 482 604 882 459 605 883 474 606 884 14 245 885 35 607 886 13 608 887 203 609 888 186 305 889 204 307 890 7 610 891 30 53 892 29 611 893 680 612 894 660 573 895 661 575 896 133 613 897 146 614 898 143 300 899 58 615 900 40 180 901 59 182 902 546 616 903 525 617 904 526 618 905 63 547 906 83 329 907 82 235 908 583 106 909 605 619 910 604 512 911 671 620 912 652 570 913 653 450 914 476 7 915 496 621 916 495 622 917 81 236 918 101 623 919 100 278 920 909 624 921 331 625 922 897 626 923 85 221 924 65 441 925 66 627 926 698 628 927 680 612 928 699 629 929 343 630 930 363 342 931 362 344 932 697 631 933 677 632 934 678 633 935 282 634 936 301 635 937 300 636 938 580 637 939 601 539 940 600 527 941 348 638 942 368 287 943 367 639 944 251 27 945 932 230 946 252 640 947 713 167 948 694 641 949 714 313 950 718 642 951 699 629 952 719 643 953 85 221 954 105 644 955 104 645 956 355 646 957 375 354 958 374 385 959 468 273 960 446 647 961 447 648 962 84 442 963 104 645 964 103 330 965 446 647 966 428 649 967 447 648 968 584 650 969 557 108 970 567 55 971 266 651 972 301 635 973 283 315 974 287 652 975 268 28 976 288 653 977 360 598 978 378 654 979 359 266 980 672 449 981 655 562 982 673 655 983 466 656 984 483 391 985 465 657 986 350 658 987 370 659 988 369 286 989 266 651 990 265 316 991 247 406 992 96 660 993 116 224 994 115 301 995 711 111 996 692 32 997 712 31 998 276 40 999 295 394 1000 294 661 1001 531 662 1002 537 663 1003 536 149 1004 715 314 1005 696 664 1006 716 665 1007 423 477 1008 417 666 1009 424 667 1010 278 210 1011 297 366 1012 296 208 1013 708 668 1014 729 669 1015 728 670 1016 931 671 1017 380 445 1018 927 446 1019 726 672 1020 707 309 1021 727 673 1022 793 674 1023 814 192 1024 813 67 1025 717 675 1026 738 676 1027 737 484 1028 723 368 1029 743 374 1030 742 369 1031 506 183 1032 525 617 1033 524 470 1034 718 642 1035 739 677 1036 738 676 1037 365 678 1038 383 319 1039 382 219 1040 15 143 1041 855 246 1042 16 141 1043 743 374 1044 763 214 1045 762 679 1046 384 318 1047 914 275 1048 383 319 1049 527 472 1050 510 680 1051 528 585 1052 760 563 1053 796 50 1054 777 681 1055 887 338 1056 289 682 1057 290 683 1058 419 518 1059 437 684 1060 418 72 1061 750 685 1062 731 112 1063 732 686 1064 920 687 1065 393 688 1066 394 689 1067 378 654 1068 393 688 1069 377 267 1070 405 690 1071 426 105 1072 425 135 1073 529 586 1074 512 254 1075 530 691 1076 611 692 1077 593 693 1078 612 694 1079 24 594 1080 3 549 1081 25 399 1082 544 471 1083 525 617 1084 545 695 1085 474 606 1086 455 696 1087 465 657 1088 391 353 1089 925 697 1090 917 698 1091 667 176 1092 650 557 1093 668 699 1094 769 700 1095 789 701 1096 788 452 1097 429 352 1098 447 648 1099 428 649 1100 790 11 1101 811 702 1102 810 467 1103 464 703 1104 443 704 1105 459 605 1106 778 544 1107 787 705 1108 786 145 1109 70 179 1110 51 63 1111 71 423 1112 801 706 1113 782 707 1114 802 119 1115 392 708 1116 377 267 1117 393 688 1118 394 689 1119 931 671 1120 920 687 1121 818 709 1122 800 710 1123 819 711 1124 162 712 1125 184 713 1126 183 714 1127 756 715 1128 776 716 1129 775 403 1130 966 717 1131 822 120 1132 823 718 1133 803 522 1134 782 707 1135 783 719 1136 498 257 1137 517 720 1138 531 662 1139 154 415 1140 179 122 1141 178 124 1142 590 507 1143 572 490 1144 591 545 1145 53 396 1146 36 288 1147 54 721 1148 717 675 1149 736 483 1150 716 665 1151 580 637 1152 566 722 1153 581 723 1154 576 724 1155 596 529 1156 595 725 1157 643 574 1158 623 97 1159 624 99 1160 538 726 1161 561 727 1162 537 663 1163 832 728 1164 814 192 1165 833 426 1166 822 120 1167 804 454 1168 823 718 1169 573 729 1170 552 730 1171 574 731 1172 373 581 1173 353 732 1174 354 733 1175 158 251 1176 181 217 1177 180 293 1178 884 77 1179 306 362 1180 321 78 1181 578 526 1182 563 734 1183 564 126 1184 955 735 1185 824 736 1186 825 737 1187 324 738 1188 321 78 1189 341 739 1190 299 322 1191 282 634 1192 300 636 1193 532 740 1194 530 691 1195 513 741 1196 712 31 1197 733 169 1198 732 686 1199 261 281 1200 278 210 1201 260 248 1202 870 742 1203 841 743 1204 853 744 1205 436 104 1206 455 696 1207 426 105 1208 576 724 1209 561 727 1210 553 745 1211 959 746 1212 828 172 1213 829 468 1214 252 640 1215 271 747 1216 270 748 1217 446 647 1218 436 104 1219 427 560 1220 201 328 1221 184 713 1222 202 749 1223 930 750 1224 392 708 1225 393 688 1226 275 41 1227 294 661 1228 293 429 1229 608 531 1230 590 507 1231 609 533 1232 341 739 1233 898 751 1234 907 752 1235 747 753 1236 767 543 1237 766 754 1238 576 724 1239 594 755 1240 575 756 1241 240 521 1242 221 757 1243 241 465 1244 574 731 1245 594 755 1246 593 693 1247 949 466 1248 240 521 1249 241 465 1250 191 114 1251 171 577 1252 172 758 1253 622 554 1254 605 619 1255 623 97 1256 327 759 1257 309 272 1258 328 360 1259 343 630 1260 361 760 1261 342 596 1262 323 82 1263 912 761 1264 900 762 1265 881 763 1266 322 349 1267 320 764 1268 332 765 1269 902 766 1270 894 767 1271 450 495 1272 460 131 1273 471 133 1274 901 768 1275 338 384 1276 339 769 1277 621 537 1278 602 542 1279 603 511 1280 334 567 1281 896 770 1282 903 565 1283 494 771 1284 530 691 1285 512 254 1286 212 475 1287 208 70 1288 193 772 1289 459 605 1290 444 134 1291 474 606 1292 474 606 1293 483 391 1294 482 604 1295 961 773 1296 830 487 1297 831 774 1298 656 775 1299 675 776 1300 674 777 1301 228 525 1302 942 778 1303 938 432 1304 624 99 1305 644 564 1306 643 574 1307 36 288 1308 55 779 1309 54 721 1310 661 575 1311 644 564 1312 662 226 1313 3 549 1314 26 780 1315 25 399 1316 71 423 1317 91 242 1318 90 424 1319 439 568 1320 458 199 1321 457 138 1322 20 165 1323 17 781 1324 21 782 1325 6 783 1326 29 611 1327 28 481 1328 188 372 1329 167 784 1330 169 436 1331 319 785 1332 339 769 1333 338 384 1334 31 51 1335 56 178 1336 50 457 1337 23 786 1338 43 595 1339 42 787 1340 26 780 1341 46 593 1342 45 400 1343 875 348 1344 285 91 1345 888 258 1346 60 181 1347 42 787 1348 61 237 1349 75 211 1350 38 295 1351 57 200 1352 907 752 1353 343 630 1354 912 761 1355 500 188 1356 482 604 1357 501 390 1358 73 243 1359 54 721 1360 74 418 1361 54 721 1362 75 211 1363 74 418 1364 422 42 1365 442 788 1366 441 789 1367 497 255 1368 531 662 1369 516 148 1370 473 551 1371 453 89 1372 454 73 1373 49 52 1374 29 611 1375 30 53 1376 690 790 1377 672 449 1378 691 791 1379 687 792 1380 667 176 1381 668 699 1382 486 184 1383 467 793 1384 468 273 1385 272 794 1386 255 795 1387 273 796 1388 689 797 1389 671 620 1390 690 790 1391 699 629 1392 681 5 1393 700 4 1394 672 449 1395 692 32 1396 691 791 1397 344 798 1398 364 218 1399 363 342 1400 202 749 1401 185 206 1402 203 609 1403 855 246 1404 9 799 1405 8 144 1406 267 800 1407 286 93 1408 284 92 1409 79 232 1410 97 801 1411 78 233 1412 28 481 1413 48 162 1414 47 592 1415 789 701 1416 810 467 1417 809 174 1418 752 379 1419 735 312 1420 753 36 1421 110 802 1422 128 47 1423 109 46 1424 71 423 1425 52 398 1426 72 397 1427 39 803 1428 57 200 1429 38 295 1430 943 804 1431 251 27 1432 250 29 1433 88 438 1434 108 805 1435 107 806 1436 951 807 1437 835 808 1438 817 809 1439 549 810 1440 529 586 1441 530 691 1442 709 811 1443 690 790 1444 710 812 1445 125 333 1446 105 644 1447 106 335 1448 646 117 1449 666 813 1450 665 3 1451 104 645 1452 122 260 1453 103 330 1454 717 675 1455 698 628 1456 718 642 1457 200 327 1458 183 714 1459 201 328 1460 272 794 1461 253 814 1462 254 815 1463 33 65 1464 52 398 1465 51 63 1466 121 816 1467 103 330 1468 122 260 1469 935 817 1470 254 815 1471 253 814 1472 119 439 1473 99 277 1474 100 278 1475 83 329 1476 101 623 1477 82 235 1478 722 387 1479 720 818 1480 703 158 1481 727 673 1482 708 668 1483 728 670 1484 247 406 1485 284 92 1486 266 651 1487 659 819 1488 642 555 1489 660 573 1490 211 514 1491 232 231 1492 231 820 1493 260 248 1494 277 209 1495 259 249 1496 703 158 1497 700 4 1498 684 156 1499 113 821 1500 131 822 1501 112 823 1502 313 473 1503 333 566 1504 332 765 1505 274 824 1506 293 429 1507 292 583 1508 755 402 1509 738 676 1510 756 715 1511 756 715 1512 739 677 1513 757 825 1514 541 826 1515 563 734 1516 540 460 1517 932 230 1518 253 814 1519 252 640 1520 749 827 1521 769 700 1522 768 828 1523 759 358 1524 768 828 1525 778 544 1526 895 96 1527 336 829 1528 337 94 1529 205 306 1530 225 499 1531 224 830 1532 937 831 1533 263 33 1534 262 280 1535 761 159 1536 741 367 1537 742 369 1538 920 687 1539 414 355 1540 930 750 1541 825 737 1542 807 146 1543 826 832 1544 794 433 1545 776 716 1546 795 49 1547 316 509 1548 334 567 1549 315 833 1550 144 407 1551 146 614 1552 145 422 1553 555 834 1554 582 835 1555 588 836 1556 886 837 1557 291 838 1558 302 839 1559 675 776 1560 695 840 1561 694 641 1562 781 841 1563 762 679 1564 763 214 1565 880 86 1566 296 208 1567 297 366 1568 526 618 1569 547 842 1570 546 616 1571 811 702 1572 792 66 1573 812 68 1574 763 214 1575 782 707 1576 781 841 1577 147 843 1578 134 223 1579 148 239 1580 569 844 1581 532 740 1582 558 845 1583 533 846 1584 513 741 1585 514 847 1586 684 156 1587 666 813 1588 685 170 1589 6 783 1590 855 246 1591 7 610 1592 187 848 1593 206 371 1594 205 306 1595 171 577 1596 170 435 1597 145 422 1598 889 87 1599 299 322 1600 877 849 1601 835 808 1602 815 193 1603 816 48 1604 523 850 1605 506 183 1606 524 470 1607 543 469 1608 566 722 1609 554 489 1610 779 851 1611 799 852 1612 798 853 1613 527 472 1614 548 854 1615 547 842 1616 543 469 1617 522 383 1618 523 850 1619 771 9 1620 753 36 1621 772 38 1622 811 702 1623 831 774 1624 830 487 1625 533 846 1626 515 855 1627 534 12 1628 829 468 1629 811 702 1630 830 487 1631 189 370 1632 169 436 1633 170 435 1634 571 856 1635 558 845 1636 551 491 1637 833 426 1638 815 193 1639 834 427 1640 248 857 1641 267 800 1642 284 92 1643 924 858 1644 417 666 1645 922 859 1646 953 860 1647 819 711 1648 820 861 1649 552 730 1650 575 756 1651 574 731 1652 307 337 1653 327 759 1654 326 862 1655 330 863 1656 911 864 1657 329 346 1658 787 705 1659 808 173 1660 807 146 1661 923 865 1662 385 866 1663 386 867 1664 761 159 1665 743 374 1666 762 679 1667 967 868 1668 823 718 1669 824 736 1670 177 869 1671 194 870 1672 176 413 1673 964 871 1674 818 709 1675 819 711 1676 408 559 1677 428 649 1678 427 560 1679 659 819 1680 677 632 1681 658 571 1682 420 872 1683 402 873 1684 421 44 1685 416 874 1686 418 72 1687 435 74 1688 593 693 1689 573 729 1690 574 731 1691 335 875 1692 904 876 1693 896 770 1694 268 28 1695 289 682 1696 288 653 1697 146 614 1698 173 877 1699 172 758 1700 46 593 1701 64 548 1702 45 400 1703 889 87 1704 319 785 1705 318 85 1706 424 667 1707 444 134 1708 443 704 1709 475 8 1710 495 622 1711 494 771 1712 380 445 1713 379 597 1714 361 760 1715 127 45 1716 140 0 1717 139 480 1718 773 37 1719 793 674 1720 792 66 1721 576 724 1722 562 461 1723 587 878 1724 466 656 1725 446 647 1726 467 793 1727 796 50 1728 798 853 1729 816 48 1730 229 580 1731 209 113 1732 210 115 1733 231 820 1734 227 513 1735 211 514 1736 888 258 1737 305 76 1738 304 109 1739 115 301 1740 95 879 1741 96 660 1742 504 299 1743 486 184 1744 505 880 1745 589 508 1746 586 881 1747 570 506 1748 593 693 1749 613 458 1750 612 694 1751 198 294 1752 218 492 1753 217 289 1754 610 546 1755 592 882 1756 611 692 1757 217 289 1758 197 292 1759 198 294 1760 214 154 1761 194 870 1762 195 519 1763 225 499 1764 207 576 1765 226 524 1766 0 166 1767 16 141 1768 855 246 1769 66 627 1770 48 162 1771 67 164 1772 409 883 1773 429 352 1774 428 649 1775 315 833 1776 878 510 1777 316 509 1778 800 710 1779 781 841 1780 801 706 1781 113 821 1782 76 202 1783 95 879 1784 513 741 1785 495 622 1786 514 847 1787 582 835 1788 602 542 1789 588 836 1790 496 621 1791 478 139 1792 497 255 1793 204 307 1794 224 830 1795 223 523 1796 234 155 1797 215 515 1798 235 516 1799 152 414 1800 177 869 1801 176 413 1802 857 58 1803 849 884 1804 836 59 1805 384 318 1806 368 287 1807 385 866 1808 628 116 1809 608 531 1810 609 533 1811 596 529 1812 577 885 1813 597 886 1814 201 328 1815 221 757 1816 220 326 1817 378 654 1818 395 887 1819 394 689 1820 651 558 1821 631 459 1822 632 888 1823 328 360 1824 899 889 1825 327 759 1826 899 889 1827 326 862 1828 327 759 1829 675 776 1830 664 283 1831 676 572 1832 203 609 1833 223 523 1834 222 501 1835 658 571 1836 641 552 1837 659 819 1838 653 450 1839 635 100 1840 654 451 1841 650 557 1842 630 265 1843 631 459 1844 626 376 1845 596 529 1846 614 377 1847 652 570 1848 632 888 1849 633 375 1850 637 534 1851 619 540 1852 638 282 1853 636 532 1854 656 775 1855 655 562 1856 498 257 1857 480 189 1858 499 890 1859 24 594 1860 18 891 1861 2 550 1862 78 233 1863 96 660 1864 77 201 1865 183 714 1866 161 421 1867 162 712 1868 449 485 1869 471 133 1870 470 538 1871 22 590 1872 17 781 1873 1 892 1874 12 410 1875 855 246 1876 13 608 1877 32 64 1878 11 136 1879 33 65 1880 26 780 1881 5 444 1882 27 482 1883 597 886 1884 578 526 1885 598 151 1886 320 764 1887 340 84 1888 339 769 1889 22 590 1890 42 787 1891 41 591 1892 909 624 1893 349 285 1894 911 864 1895 182 216 1896 199 893 1897 181 217 1898 715 314 1899 736 483 1900 735 312 1901 31 51 1902 10 894 1903 32 64 1904 243 600 1905 224 830 1906 244 498 1907 44 401 1908 62 234 1909 43 595 1910 943 804 1911 232 231 1912 948 895 1913 21 782 1914 39 803 1915 20 165 1916 480 189 1917 463 198 1918 464 703 1919 855 246 1920 11 136 1921 10 894 1922 787 705 1923 769 700 1924 788 452 1925 539 462 1926 520 456 1927 540 460 1928 681 5 1929 661 575 1930 662 226 1931 47 592 1932 65 441 1933 46 593 1934 669 556 1935 687 792 1936 668 699 1937 0 166 1938 855 246 1939 17 781 1940 466 656 1941 485 298 1942 484 488 1943 936 896 1944 236 290 1945 933 479 1946 245 500 1947 939 405 1948 946 34 1949 273 796 1950 292 583 1951 303 897 1952 950 898 1953 238 494 1954 239 493 1955 540 460 1956 521 382 1957 541 826 1958 696 664 1959 676 572 1960 677 632 1961 212 475 1962 194 870 1963 213 899 1964 682 496 1965 701 900 1966 686 497 1967 229 580 1968 945 901 1969 942 778 1970 693 30 1971 673 655 1972 674 777 1973 325 361 1974 908 601 1975 898 751 1976 113 821 1977 114 408 1978 132 412 1979 507 902 1980 489 132 1981 508 185 1982 879 393 1983 313 473 1984 876 430 1985 351 903 1986 371 62 1987 370 659 1988 358 268 1989 376 302 1990 357 304 1991 78 233 1992 58 615 1993 59 182 1994 708 668 1995 689 797 1996 709 811 1997 256 311 1998 940 904 1999 257 39 2000 89 262 2001 109 46 2002 108 805 2003 347 602 2004 365 678 2005 346 603 2006 290 683 2007 271 747 2008 291 838 2009 366 317 2010 348 638 2011 367 639 2012 277 209 2013 258 587 2014 259 249 2015 107 806 2016 87 336 2017 88 438 2018 719 643 2019 740 905 2020 739 677 2021 110 802 2022 90 424 2023 91 242 2024 687 792 2025 708 668 2026 707 309 2027 886 837 2028 311 345 2029 310 347 2030 795 49 2031 777 681 2032 796 50 2033 729 669 2034 710 812 2035 730 110 2036 12 410 2037 35 607 2038 34 137 2039 704 157 2040 724 373 2041 723 368 2042 280 906 2043 261 281 2044 262 280 2045 108 805 2046 126 334 2047 107 806 2048 403 907 2049 421 44 2050 402 873 2051 210 115 2052 192 908 2053 227 513 2054 924 858 2055 384 318 2056 385 866 2057 696 664 2058 717 675 2059 716 665 2060 166 389 2061 131 822 2062 168 434 2063 312 474 2064 332 765 2065 331 625 2066 746 909 2067 726 672 2068 727 673 2069 505 880 2070 522 383 2071 504 299 2072 95 879 2073 77 201 2074 96 660 2075 315 833 2076 333 566 2077 314 528 2078 747 753 2079 729 669 2080 748 357 2081 218 492 2082 200 327 2083 219 520 2084 770 910 2085 790 11 2086 789 701 2087 766 754 2088 746 909 2089 747 753 2090 518 911 2091 501 390 2092 519 912 2093 411 913 2094 431 195 2095 430 351 2096 764 213 2097 746 909 2098 765 914 2099 778 544 2100 748 357 2101 759 358 2102 132 412 2103 168 434 2104 131 822 2105 774 404 2106 754 455 2107 755 402 2108 878 510 2109 295 394 2110 296 208 2111 752 379 2112 770 910 2113 751 378 2114 645 264 2115 612 694 2116 630 265 2117 363 342 2118 397 220 2119 381 381 2120 603 511 2121 622 554 2122 621 537 2123 191 114 2124 173 877 2125 192 908 2126 703 158 2127 723 368 2128 722 387 2129 764 213 2130 783 719 2131 782 707 2132 165 1 2133 166 389 2134 167 784 2135 267 800 2136 250 29 2137 268 28 2138 534 12 2139 516 148 2140 535 150 2141 727 673 2142 747 753 2143 746 909 2144 592 882 2145 572 490 2146 573 729 2147 541 826 2148 522 383 2149 542 915 2150 111 916 2151 93 437 2152 112 823 2153 952 917 2154 817 809 2155 818 709 2156 884 77 2157 286 93 2158 287 652 2159 536 149 2160 560 13 2161 535 150 2162 890 271 2163 310 347 2164 309 272 2165 564 126 2166 542 915 2167 565 127 2168 556 107 2169 547 842 2170 557 108 2171 567 55 2172 550 584 2173 568 56 2174 799 852 2175 780 160 2176 800 710 2177 929 380 2178 401 918 2179 918 363 2180 783 719 2181 766 754 2182 784 453 2183 919 276 2184 397 220 2185 382 219 2186 817 809 2187 799 852 2188 818 709 2189 264 35 2190 281 321 2191 263 33 2192 881 763 2193 301 635 2194 875 348 2195 805 447 2196 825 737 2197 824 736 2198 533 846 2199 558 845 2200 532 740 2201 835 808 2202 798 853 2203 817 809 2204 387 75 2205 928 339 2206 921 919 2207 195 519 2208 178 124 2209 196 123 2210 968 920 2211 832 728 2212 833 426 2213 957 921 2214 826 832 2215 827 922 2216 876 430 2217 294 661 2218 879 393 2219 945 901 2220 231 820 2221 943 804 2222 515 855 2223 495 622 2224 496 621 2225 192 908 2226 174 71 2227 208 70 2228 175 69 2229 194 870 2230 193 772 2231 637 534 2232 657 284 2233 656 775 2234 645 264 2235 610 546 2236 611 692 2237 104 645 2238 124 203 2239 123 205 2240 318 85 2241 336 829 2242 317 923 2243 119 439 2244 101 623 2245 120 227 2246 705 924 2247 702 175 2248 706 310 2249 306 362 2250 341 739 2251 321 78 2252 226 524 2253 190 578 2254 209 113 2255 616 102 2256 597 886 2257 598 151 2258 222 501 2259 202 749 2260 203 609 2261 893 582 2262 312 474 2263 311 345 2264 61 237 2265 43 595 2266 62 234 2267 881 763 2268 319 785 2269 877 849 2270 631 459 2271 626 376 2272 632 888 2273 462 6 2274 438 569 2275 456 925 2276 804 454 2277 824 736 2278 823 718 2279 914 275 2280 417 666 2281 404 476 2282 940 904 2283 237 541 2284 238 494 2285 730 110 2286 749 827 2287 759 358 2288 750 685 2289 733 169 2290 751 378 2291 131 822 2292 111 916 2293 112 823 2294 335 875 2295 317 923 2296 336 829 2297 935 817 2298 235 516 2299 936 896 2300 465 657 2301 445 926 2302 466 656 2303 244 498 2304 946 34 2305 941 599 2306 784 453 2307 767 543 2308 785 448 2309 492 927 2310 461 589 2311 472 928 2312 933 479 2313 256 311 2314 255 795 2315 390 325 2316 374 385 2317 398 323 2318 726 672 2319 705 924 2320 706 310 2321 476 7 2322 457 138 2323 477 140 2324 907 752 2325 324 738 2326 341 739 2327 331 625 2328 894 767 2329 897 626 2330 473 551 2331 475 8 2332 493 253 2333 488 129 2334 471 133 2335 489 132 2336 682 496 2337 647 561 2338 648 22 2339 855 246 2340 1 892 2341 17 781 2342 472 928 2343 493 253 2344 492 927 2345 911 864 2346 348 638 2347 910 359 2348 932 230 2349 234 155 2350 935 817 2351 420 872 2352 440 43 2353 439 568 2354 461 589 2355 453 89 2356 472 928 2357 167 784 2358 168 434 2359 169 436 2360 855 246 2361 10 894 2362 9 799 2363 439 568 2364 456 925 2365 438 569 2366 840 17 2367 870 742 2368 853 744 2369 698 628 2370 678 633 2371 679 929 2372 359 266 2373 905 95 2374 901 768 2375 417 666 2376 425 135 2377 424 667 2378 354 733 2379 374 385 2380 373 581 2381 365 678 2382 345 930 2383 346 603 2384 731 112 2385 712 31 2386 732 686 2387 113 821 2388 93 437 2389 94 417 2390 711 111 2391 690 790 2392 691 791 2393 721 171 2394 701 900 2395 705 924 2396 714 313 2397 695 840 2398 715 314 2399 92 244 2400 110 802 2401 91 242 2402 720 818 2403 699 629 2404 700 4 2405 270 748 2406 251 27 2407 252 640 2408 493 253 2409 494 771 2410 512 254 2411 130 931 2412 110 802 2413 111 916 2414 555 834 2415 546 616 2416 556 107 2417 566 722 2418 545 695 2419 555 834 2420 370 659 2421 386 867 2422 369 286 2423 601 539 2424 588 836 2425 602 542 2426 689 797 2427 669 556 2428 670 932 2429 401 918 2430 419 518 2431 400 933 2432 302 839 2433 273 796 2434 303 897 2435 891 419 2436 289 682 2437 892 934 2438 107 806 2439 125 333 2440 106 335 2441 263 33 2442 280 906 2443 262 280 2444 496 621 2445 516 148 2446 515 855 2447 248 857 2448 945 901 2449 249 935 2450 517 720 2451 500 188 2452 518 911 2453 528 585 2454 511 252 2455 529 586 2456 291 838 2457 272 794 2458 302 839 2459 386 867 2460 921 919 2461 923 865 2462 464 703 2463 481 190 2464 480 189 2465 886 837 2466 303 897 2467 893 582 2468 965 936 2469 822 120 2470 954 937 2471 526 618 2472 507 902 2473 508 185 2474 938 432 2475 248 857 2476 247 406 2477 757 825 2478 777 681 2479 776 716 2480 352 938 2481 372 60 2482 371 62 2483 311 345 2484 331 625 2485 330 863 2486 538 726 2487 517 720 2488 518 911 2489 855 246 2490 6 783 2491 5 444 2492 152 414 2493 135 229 2494 153 416 2495 171 577 2496 146 614 2497 172 758 2498 744 212 2499 726 672 2500 745 939 2501 881 763 2502 299 322 2503 300 636 2504 256 311 2505 273 796 2506 255 795 2507 760 563 2508 797 161 2509 779 851 2510 585 54 2511 569 844 2512 586 881 2513 120 227 2514 102 331 2515 121 816 2516 539 462 2517 518 911 2518 519 912 2519 669 556 2520 652 570 2521 670 932 2522 156 250 2523 180 293 2524 179 122 2525 287 652 2526 891 419 2527 884 77 2528 487 130 2529 468 273 2530 469 128 2531 569 844 2532 550 584 2533 549 810 2534 808 173 2535 826 832 2536 807 146 2537 866 940 2538 850 26 2539 849 884 2540 573 729 2541 559 14 2542 560 13 2543 858 941 2544 851 81 2545 844 25 2546 956 942 2547 825 737 2548 826 832 2549 385 866 2550 369 286 2551 386 867 2552 509 187 2553 491 191 2554 510 680 2555 607 943 2556 585 54 2557 586 881 2558 874 944 2559 839 15 2560 845 945 2561 969 946 2562 834 427 2563 835 808 2564 289 682 2565 270 748 2566 290 683 2567 860 947 2568 845 945 2569 838 948 2570 873 949 2571 848 57 2572 843 950 2573 852 951 2574 869 952 2575 859 953 2576 533 846 2577 559 14 2578 551 491 2579 820 861 2580 800 710 2581 801 706 2582 626 376 2583 594 755 2584 595 725 2585 852 951 2586 860 947 2587 838 948 2588 2 550 2589 1 892 2590 855 246 2591 863 954 2592 854 955 2593 841 743 2594 537 663 2595 552 730 2596 536 149 2597 538 726 2598 562 461 2599 553 745 2600 872 956 2601 847 957 2602 842 19 2603 163 207 2604 140 0 2605 164 2 2606 198 294 2607 181 217 2608 199 893 2609 577 885 2610 562 461 2611 563 734 2612 958 958 2613 827 922 2614 828 172 2615 1 892 2616 23 786 2617 22 590 2618 864 959 2619 843 950 2620 847 957 2621 871 960 2622 846 20 2623 854 955 2624 721 171 2625 725 961 2626 724 373 2627 548 854 2628 557 108 2629 547 842 2630 186 305 2631 167 784 2632 187 848 2633 558 845 2634 586 881 2635 569 844 2636 801 706 2637 821 121 2638 820 861 2639 673 655 2640 656 775 2641 674 777 2642 264 35 2643 939 405 2644 265 316 2645 588 836 2646 566 722 2647 555 834 2648 7 610 2649 855 246 2650 8 144 2651 899 889 2652 348 638 2653 347 602 2654 624 99 2655 607 943 2656 625 530 2657 638 282 2658 620 536 2659 639 962 2660 906 83 2661 339 769 2662 340 84 2663 542 915 2664 554 489 2665 565 127 2666 740 905 2667 757 825 2668 739 677 2669 627 118 2670 625 530 2671 608 531 2672 161 421 2673 138 332 2674 162 712 2675 139 480 2676 162 712 2677 138 332 2678 290 683 2679 890 271 2680 887 338 2681 99 277 2682 79 232 2683 80 238 2684 679 929 2685 659 819 2686 660 573 2687 683 21 2688 649 263 2689 667 176 2690 965 936 2691 820 861 2692 821 121 2693 242 502 2694 937 831 2695 934 279 2696 147 843 2697 174 71 2698 173 877 2699 441 789 2700 464 703 2701 463 198 2702 215 515 2703 197 292 2704 216 291 2705 831 774 2706 813 67 2707 832 728 2708 664 283 2709 640 535 2710 658 571 2711 606 98 2712 584 650 2713 585 54 2714 506 183 2715 488 129 2716 507 902 2717 14 245 2718 13 608 2719 855 246 2720 239 493 2721 947 247 2722 950 898 2723 769 700 2724 751 378 2725 770 910 2726 913 963 2727 391 353 2728 917 698 2729 510 680 2730 492 927 2731 511 252 2732 99 277 2733 117 225 2734 98 308 2735 675 776 2736 693 30 2737 674 777 2738 298 320 2739 880 86 2740 297 366 2741 354 733 2742 902 766 2743 903 565 2744 350 658 2745 897 626 2746 351 903 2747 360 598 2748 901 768 2749 906 83 2750 906 83 2751 342 596 2752 360 598 2753 351 903 2754 894 767 2755 352 938 2756 903 565 2757 355 646 2758 354 733 2759 357 304 2760 904 876 2761 895 96 2762 344 798 2763 898 751 2764 345 930 2765 352 938 2766 902 766 2767 353 732 2768 355 646 2769 904 876 2770 356 303 2771 895 96 2772 358 268 2773 357 304 2774 345 930 2775 908 601 2776 346 603 2777 900 762 2778 343 630 2779 342 596 2780 411 913 2781 917 698 2782 412 196 2783 415 463 2784 931 671 2785 416 874 2786 915 341 2787 410 350 2788 409 883 2789 406 103 2790 924 858 2791 923 865 2792 413 194 2793 930 750 2794 414 355 2795 403 907 2796 914 275 2797 404 476 2798 399 517 2799 916 364 2800 400 933 2801 412 196 2802 925 697 2803 413 194 2804 921 919 2805 408 559 2806 407 964 2807 928 339 2808 409 883 2809 408 559 2810 400 933 2811 918 363 2812 401 918 2813 410 350 2814 913 963 2815 411 913 2816 416 874 2817 927 446 2818 399 517 2819 403 907 2820 929 380 2821 919 276 2822 923 865 2823 407 964 2824 406 103 2825 936 896 2826 255 795 2827 254 815 2828 249 935 2829 943 804 2830 250 29 2831 257 39 2832 950 898 2833 258 587 2834 501 390 2835 520 456 2836 519 912 2837 443 704 2838 423 477 2839 424 667 2840 39 803 2841 19 296 2842 20 165 2843 962 965 2844 831 774 2845 832 728 2846 862 16 2847 961 773 2848 962 965 2849 865 966 2850 953 860 2851 965 936 2852 859 953 2853 957 921 2854 958 958 2855 871 960 2856 963 425 2857 969 946 2858 858 941 2859 956 942 2860 868 79 2861 857 58 2862 965 936 2863 954 937 2864 868 79 2865 957 921 2866 869 952 2867 870 742 2868 962 965 2869 968 920 2870 856 18 2871 952 917 2872 872 956 2873 872 956 2874 964 871 2875 864 959 2876 867 24 2877 966 717 2878 967 868 2879 864 959 2880 953 860 2881 873 949 2882 871 960 2883 951 807 2884 856 18 2885 861 967 2886 960 486 2887 961 773 2888 860 947 2889 958 958 2890 959 746 2891 867 24 2892 955 735 2893 858 941 2894 866 940 2895 954 937 2896 966 717 2897 874 944 2898 959 746 2899 960 486 2900 863 954 2901 968 920 2902 963 425 2903 140 0 2904 141 241 2905 165 1 2906 665 3 2907 684 156 2908 700 4 2909 462 6 2910 456 925 2911 476 7 2912 771 9 2913 772 38 2914 791 10 2915 534 12 2916 535 150 2917 560 13 2918 839 15 2919 861 967 2920 862 16 2921 856 18 2922 872 956 2923 842 19 2924 683 21 2925 682 496 2926 648 22 2927 867 24 2928 858 941 2929 844 25 2930 251 27 2931 269 968 2932 268 28 2933 693 30 2934 713 167 2935 712 31 2936 263 33 2937 941 599 2938 946 34 2939 753 36 2940 754 455 2941 773 37 2942 257 39 2943 258 587 2944 276 40 2945 422 42 2946 441 789 2947 440 43 2948 127 45 2949 108 805 2950 109 46 2951 816 48 2952 815 193 2953 795 49 2954 31 51 2955 50 457 2956 49 52 2957 585 54 2958 584 650 2959 567 55 2960 848 57 2961 865 966 2962 857 58 2963 372 60 2964 389 340 2965 388 61 2966 51 63 2967 56 178 2968 32 64 2969 792 66 2970 793 674 2971 813 67 2972 175 69 2973 193 772 2974 208 70 2975 418 72 2976 437 684 2977 454 73 2978 387 75 2979 370 659 2980 371 62 2981 305 76 2982 883 259 2983 884 77 2984 868 79 2985 869 952 2986 837 80 2987 323 82 2988 900 762 2989 906 83 2990 318 85 2991 317 923 2992 880 86 2993 433 88 2994 434 464 2995 453 89 2996 285 91 2997 266 651 2998 284 92 2999 337 94 3000 338 384 3001 905 95 3002 623 97 3003 605 619 3004 606 98 3005 635 100 3006 634 553 3007 615 101 3008 406 103 3009 407 964 3010 436 104 3011 583 106 3012 582 835 3013 556 107 3014 305 76 3015 324 738 3016 323 82 3017 730 110 3018 710 812 3019 711 111 3020 209 113 3021 190 578 3022 191 114 3023 628 116 3024 647 561 3025 646 117 3026 802 119 3027 803 522 3028 822 120 3029 179 122 3030 197 292 3031 196 123 3032 579 125 3033 578 526 3034 564 126 3035 469 128 3036 470 538 3037 488 129 3038 460 131 3039 490 186 3040 489 132 3041 426 105 3042 455 696 3043 444 134 3044 11 136 3045 12 410 3046 34 137 3047 457 138 3048 458 199 3049 478 139 3050 16 141 3051 19 296 3052 37 142 3053 8 144 3054 9 799 3055 31 51 3056 786 145 3057 787 705 3058 807 146 3059 516 148 3060 531 662 3061 536 149 3062 598 151 3063 599 503 3064 617 152 3065 233 153 3066 213 899 3067 214 154 3068 684 156 3069 685 170 3070 704 157 3071 761 159 3072 762 679 3073 780 160 3074 48 162 3075 49 52 3076 68 163 3077 20 165 3078 19 296 3079 16 141 3080 713 167 3081 714 313 3082 734 168 3083 685 170 3084 686 497 3085 721 171 3086 828 172 3087 827 922 3088 808 173 3089 702 175 3090 701 900 3091 683 21 3092 69 177 3093 50 457 3094 56 178 3095 40 180 3096 41 591 3097 60 181 3098 506 183 3099 505 880 3100 486 184 3101 508 185 3102 489 132 3103 490 186 3104 500 188 3105 499 890 3106 480 189 3107 460 131 3108 461 589 3109 491 191 3110 814 192 3111 794 433 3112 795 49 3113 413 194 3114 432 356 3115 431 195 3116 629 197 3117 645 264 3118 663 23 3119 440 43 3120 441 789 3121 463 198 3122 57 200 3123 58 615 3124 77 201 3125 124 203 3126 137 409 3127 157 204 3128 185 206 3129 184 713 3130 163 207 3131 296 208 3132 295 394 3133 277 209 3134 76 202 3135 94 417 3136 75 211 3137 744 212 3138 745 939 3139 764 213 3140 159 215 3141 161 421 3142 182 216 3143 364 218 3144 365 678 3145 382 219 3146 85 221 3147 66 627 3148 67 164 3149 134 223 3150 133 613 3151 116 224 3152 662 226 3153 646 117 3154 665 3 3155 120 227 3156 121 816 3157 136 228 3158 932 230 3159 948 895 3160 232 231 3161 59 182 3162 60 181 3163 79 232 3164 62 234 3165 63 547 3166 82 235 3167 79 232 3168 60 181 3169 61 237 3170 175 69 3171 174 71 3172 148 239 3173 772 38 3174 773 37 3175 792 66 3176 128 47 3177 129 388 3178 141 241 3179 91 242 3180 72 397 3181 73 243 3182 947 247 3183 949 466 3184 260 248 3185 156 250 3186 155 261 3187 157 204 3188 511 252 3189 492 927 3190 493 253 3191 497 255 3192 478 139 3193 479 256 3194 888 258 3195 285 91 3196 286 93 3197 136 228 3198 121 816 3199 122 260 3200 89 262 3201 88 438 3202 69 177 3203 649 263 3204 663 23 3205 645 264 3206 359 266 3207 378 654 3208 377 267 3209 148 239 3210 134 223 3211 149 269 3212 308 270 3213 887 338 3214 890 271 3215 468 273 3216 447 648 3217 448 274 3218 382 219 3219 383 319 3220 914 275 3221 99 277 3222 80 238 3223 81 236 3224 934 279 3225 937 831 3226 262 280 3227 638 282 3228 639 962 3229 664 283 3230 349 285 3231 350 658 3232 369 286 3233 14 245 3234 15 143 3235 37 142 3236 217 289 3237 237 541 3238 236 290 3239 197 292 3240 179 122 3241 180 293 3242 38 295 3243 55 779 3244 37 142 3245 503 297 3246 484 488 3247 485 298 3248 116 224 3249 133 613 3250 143 300 3251 376 302 3252 375 354 3253 356 303 3254 186 305 3255 187 848 3256 205 306 3257 116 224 3258 97 801 3259 98 308 3260 702 175 3261 687 792 3262 707 309 3263 275 41 3264 274 824 3265 256 311 3266 735 312 3267 734 168 3268 714 313 3269 283 315 3270 282 634 3271 264 35 3272 155 261 3273 122 260 3274 123 205 3275 366 317 3276 367 639 3277 384 318 3278 298 320 3279 280 906 3280 281 321 3281 398 323 3282 913 963 3283 926 324 3284 220 326 3285 219 520 3286 200 327 3287 83 329 3288 84 442 3289 103 330 3290 138 332 3291 160 420 3292 125 333 3293 106 335 3294 105 644 3295 86 222 3296 307 337 3297 892 934 3298 887 338 3299 928 339 3300 388 61 3301 389 340 3302 363 342 3303 381 381 3304 396 343 3305 311 345 3306 330 863 3307 329 346 3308 875 348 3309 888 258 3310 304 109 3311 410 350 3312 411 913 3313 430 351 3314 376 302 3315 392 708 3316 391 353 3317 414 355 3318 433 88 3319 432 356 3320 748 357 3321 729 669 3322 730 110 3323 329 346 3324 911 864 3325 910 359 3326 307 337 3327 326 862 3328 325 361 3329 396 343 3330 381 381 3331 918 363 3332 279 365 3333 280 906 3334 298 320 3335 741 367 3336 722 387 3337 723 368 3338 189 370 3339 207 576 3340 206 371 3341 724 373 3342 725 961 3343 744 212 3344 633 375 3345 632 888 3346 626 376 3347 751 378 3348 733 169 3349 734 168 3350 929 380 3351 918 363 3352 381 381 3353 521 382 3354 503 297 3355 504 299 3356 318 85 3357 319 785 3358 338 384 3359 374 385 3360 375 354 3361 391 353 3362 758 386 3363 740 905 3364 722 387 3365 915 341 3366 389 340 3367 390 325 3368 129 388 3369 130 931 3370 166 389 3371 501 390 3372 482 604 3373 483 391 3374 879 393 3375 294 661 3376 295 394 3377 53 396 3378 73 243 3379 72 397 3380 25 399 3381 26 780 3382 45 400 3383 755 402 3384 756 715 3385 775 403 3386 939 405 3387 938 432 3388 247 406 3389 115 301 3390 143 300 3391 144 407 3392 158 251 3393 157 204 3394 137 409 3395 114 408 3396 144 407 3397 142 411 3398 176 413 3399 175 69 3400 150 240 3401 67 164 3402 68 163 3403 87 336 3404 156 250 3405 154 415 3406 136 228 3407 135 229 3408 136 228 3409 154 415 3410 117 225 3411 118 588 3412 149 269 3413 94 417 3414 93 437 3415 74 418 3416 891 419 3417 892 934 3418 307 337 3419 159 215 3420 137 409 3421 160 420 3422 145 422 3423 170 435 3424 142 411 3425 89 262 3426 70 179 3427 71 423 3428 963 425 3429 968 920 3430 833 426 3431 882 428 3432 292 583 3433 293 429 3434 61 237 3435 62 234 3436 81 236 3437 246 431 3438 228 525 3439 938 432 3440 794 433 3441 793 674 3442 774 404 3443 168 434 3444 142 411 3445 170 435 3446 92 244 3447 73 243 3448 74 418 3449 68 163 3450 69 177 3451 88 438 3452 119 439 3453 120 227 3454 135 229 3455 83 329 3456 64 548 3457 65 441 3458 151 440 3459 152 414 3460 150 240 3461 124 203 3462 125 333 3463 160 420 3464 380 445 3465 396 343 3466 916 364 3467 786 145 3468 806 147 3469 805 447 3470 672 449 3471 671 620 3472 653 450 3473 788 452 3474 789 701 3475 809 174 3476 784 453 3477 785 448 3478 805 447 3479 735 312 3480 736 483 3481 754 455 3482 164 2 3483 165 1 3484 186 305 3485 502 392 3486 503 297 3487 521 382 3488 68 163 3489 49 52 3490 50 457 3491 630 265 3492 612 694 3493 613 458 3494 328 360 3495 309 272 3496 310 347 3497 540 460 3498 563 734 3499 562 461 3500 178 124 3501 177 869 3502 153 416 3503 415 463 3504 416 874 3505 435 74 3506 241 465 3507 242 502 3508 934 279 3509 828 172 3510 809 174 3511 810 467 3512 543 469 3513 523 850 3514 524 470 3515 527 472 3516 526 618 3517 508 185 3518 323 82 3519 340 84 3520 322 349 3521 882 428 3522 876 430 3523 313 473 3524 212 475 3525 213 899 3526 233 153 3527 422 42 3528 403 907 3529 404 476 3530 236 290 3531 237 541 3532 944 478 3533 126 334 3534 127 45 3535 139 480 3536 261 281 3537 260 248 3538 949 466 3539 433 88 3540 414 355 3541 415 463 3542 380 445 3543 361 760 3544 362 344 3545 5 444 3546 6 783 3547 28 481 3548 755 402 3549 754 455 3550 736 483 3551 434 464 3552 435 74 3553 454 73 3554 448 274 3555 429 352 3556 430 351 3557 960 486 3558 959 746 3559 829 468 3560 503 297 3561 502 392 3562 483 391 3563 554 489 3564 580 637 3565 579 125 3566 572 490 3567 571 856 3568 551 491 3569 218 492 3570 219 520 3571 239 493 3572 450 495 3573 449 485 3574 430 351 3575 685 170 3576 666 813 3577 682 496 3578 244 498 3579 224 830 3580 225 499 3581 241 465 3582 221 757 3583 222 501 3584 599 503 3585 600 527 3586 618 504 3587 432 356 3588 433 88 3589 452 90 3590 570 506 3591 571 856 3592 590 507 3593 880 86 3594 317 923 3595 316 509 3596 603 511 3597 582 835 3598 583 106 3599 431 195 3600 432 356 3601 451 505 3602 227 513 3603 192 908 3604 208 70 3605 215 515 3606 216 291 3607 236 290 3608 399 517 3609 400 933 3610 419 518 3611 215 515 3612 214 154 3613 195 519 3614 219 520 3615 220 326 3616 240 521 3617 803 522 3618 783 719 3619 784 453 3620 223 523 3621 243 600 3622 242 502 3623 226 524 3624 209 113 3625 228 525 3626 578 526 3627 579 125 3628 599 503 3629 579 125 3630 580 637 3631 600 527 3632 885 395 3633 315 833 3634 314 528 3635 245 500 3636 225 499 3637 226 524 3638 596 529 3639 597 886 3640 615 101 3641 625 530 3642 607 943 3643 589 508 3644 479 256 3645 478 139 3646 458 199 3647 635 100 3648 616 102 3649 617 152 3650 609 533 3651 610 546 3652 629 197 3653 636 532 3654 617 152 3655 618 504 3656 640 535 3657 639 962 3658 620 536 3659 469 128 3660 448 274 3661 449 485 3662 618 504 3663 600 527 3664 601 539 3665 237 541 3666 217 289 3667 218 492 3668 619 540 3669 601 539 3670 602 542 3671 786 145 3672 785 448 3673 767 543 3674 609 533 3675 590 507 3676 591 545 3677 63 547 3678 44 401 3679 45 400 3680 454 73 3681 437 684 3682 462 6 3683 621 537 3684 622 554 3685 641 552 3686 633 375 3687 614 377 3688 615 101 3689 622 554 3690 623 97 3691 642 555 3692 669 556 3693 668 699 3694 650 557 3695 436 104 3696 407 964 3697 408 559 3698 647 561 3699 628 116 3700 629 197 3701 654 451 3702 635 100 3703 636 532 3704 760 563 3705 777 681 3706 758 386 3707 627 118 3708 646 117 3709 662 226 3710 903 565 3711 902 766 3712 333 566 3713 419 518 3714 420 872 3715 439 568 3716 652 570 3717 633 375 3718 634 553 3719 658 571 3720 677 632 3721 676 572 3722 660 573 3723 642 555 3724 643 574 3725 207 576 3726 189 370 3727 171 577 3728 210 115 3729 227 513 3730 230 579 3731 373 581 3732 390 325 3733 389 340 3734 893 582 3735 303 897 3736 292 583 3737 550 584 3738 548 854 3739 528 585 3740 258 587 3741 950 898 3742 947 247 3743 118 588 3744 119 439 3745 151 440 3746 460 131 3747 451 505 3748 452 90 3749 40 180 3750 21 782 3751 22 590 3752 27 482 3753 28 481 3754 47 592 3755 34 137 3756 35 607 3757 53 396 3758 24 594 3759 25 399 3760 44 401 3761 342 596 3762 361 760 3763 379 597 3764 941 599 3765 937 831 3766 243 600 3767 908 601 3768 899 889 3769 347 602 3770 482 604 3771 481 190 3772 459 605 3773 14 245 3774 36 288 3775 35 607 3776 203 609 3777 185 206 3778 186 305 3779 7 610 3780 8 144 3781 30 53 3782 680 612 3783 679 929 3784 660 573 3785 133 613 3786 147 843 3787 146 614 3788 58 615 3789 39 803 3790 40 180 3791 546 616 3792 545 695 3793 525 617 3794 63 547 3795 64 548 3796 83 329 3797 583 106 3798 584 650 3799 605 619 3800 671 620 3801 670 932 3802 652 570 3803 476 7 3804 477 140 3805 496 621 3806 81 236 3807 82 235 3808 101 623 3809 909 624 3810 330 863 3811 331 625 3812 85 221 3813 84 442 3814 65 441 3815 698 628 3816 679 929 3817 680 612 3818 343 630 3819 344 798 3820 363 342 3821 697 631 3822 696 664 3823 677 632 3824 282 634 3825 283 315 3826 301 635 3827 580 637 3828 581 723 3829 601 539 3830 348 638 3831 349 285 3832 368 287 3833 251 27 3834 948 895 3835 932 230 3836 713 167 3837 693 30 3838 694 641 3839 718 642 3840 698 628 3841 699 629 3842 85 221 3843 86 222 3844 105 644 3845 355 646 3846 356 303 3847 375 354 3848 468 273 3849 467 793 3850 446 647 3851 84 442 3852 85 221 3853 104 645 3854 446 647 3855 427 560 3856 428 649 3857 584 650 3858 583 106 3859 557 108 3860 266 651 3861 285 91 3862 301 635 3863 287 652 3864 267 800 3865 268 28 3866 360 598 3867 379 597 3868 378 654 3869 672 449 3870 654 451 3871 655 562 3872 466 656 3873 484 488 3874 483 391 3875 350 658 3876 351 903 3877 370 659 3878 266 651 3879 283 315 3880 265 316 3881 96 660 3882 97 801 3883 116 224 3884 711 111 3885 691 791 3886 692 32 3887 276 40 3888 277 209 3889 295 394 3890 531 662 3891 517 720 3892 537 663 3893 715 314 3894 695 840 3895 696 664 3896 423 477 3897 404 476 3898 417 666 3899 278 210 3900 279 365 3901 297 366 3902 708 668 3903 709 811 3904 729 669 3905 931 671 3906 395 887 3907 380 445 3908 726 672 3909 706 310 3910 707 309 3911 793 674 3912 794 433 3913 814 192 3914 717 675 3915 718 642 3916 738 676 3917 723 368 3918 724 373 3919 743 374 3920 506 183 3921 507 902 3922 525 617 3923 718 642 3924 719 643 3925 739 677 3926 365 678 3927 366 317 3928 383 319 3929 743 374 3930 744 212 3931 763 214 3932 384 318 3933 922 859 3934 914 275 3935 527 472 3936 509 187 3937 510 680 3938 760 563 3939 779 851 3940 796 50 3941 887 338 3942 892 934 3943 289 682 3944 419 518 3945 438 569 3946 437 684 3947 750 685 3948 749 827 3949 731 112 3950 920 687 3951 930 750 3952 393 688 3953 378 654 3954 394 689 3955 393 688 3956 405 690 3957 406 103 3958 426 105 3959 529 586 3960 511 252 3961 512 254 3962 611 692 3963 592 882 3964 593 693 3965 24 594 3966 2 550 3967 3 549 3968 544 471 3969 524 470 3970 525 617 3971 474 606 3972 444 134 3973 455 696 3974 391 353 3975 392 708 3976 925 697 3977 667 176 3978 649 263 3979 650 557 3980 769 700 3981 770 910 3982 789 701 3983 429 352 3984 448 274 3985 447 648 3986 790 11 3987 791 10 3988 811 702 3989 464 703 3990 442 788 3991 443 704 3992 778 544 3993 768 828 3994 787 705 3995 70 179 3996 56 178 3997 51 63 3998 801 706 3999 781 841 4000 782 707 4001 392 708 4002 376 302 4003 377 267 4004 394 689 4005 395 887 4006 931 671 4007 818 709 4008 799 852 4009 800 710 4010 162 712 4011 163 207 4012 184 713 4013 756 715 4014 757 825 4015 776 716 4016 966 717 4017 954 937 4018 822 120 4019 803 522 4020 802 119 4021 782 707 4022 498 257 4023 499 890 4024 517 720 4025 154 415 4026 156 250 4027 179 122 4028 590 507 4029 571 856 4030 572 490 4031 53 396 4032 35 607 4033 36 288 4034 717 675 4035 737 484 4036 736 483 4037 580 637 4038 554 489 4039 566 722 4040 576 724 4041 587 878 4042 596 529 4043 643 574 4044 642 555 4045 623 97 4046 538 726 4047 553 745 4048 561 727 4049 832 728 4050 813 67 4051 814 192 4052 822 120 4053 803 522 4054 804 454 4055 573 729 4056 560 13 4057 552 730 4058 373 581 4059 372 60 4060 353 732 4061 158 251 4062 159 215 4063 181 217 4064 884 77 4065 891 419 4066 306 362 4067 578 526 4068 577 885 4069 563 734 4070 955 735 4071 967 868 4072 824 736 4073 324 738 4074 305 76 4075 321 78 4076 299 322 4077 281 321 4078 282 634 4079 532 740 4080 549 810 4081 530 691 4082 712 31 4083 713 167 4084 733 169 4085 261 281 4086 279 365 4087 278 210 4088 870 742 4089 863 954 4090 841 743 4091 436 104 4092 445 926 4093 455 696 4094 576 724 4095 575 756 4096 561 727 4097 959 746 4098 958 958 4099 828 172 4100 252 640 4101 253 814 4102 271 747 4103 446 647 4104 445 926 4105 436 104 4106 201 328 4107 183 714 4108 184 713 4109 930 750 4110 925 697 4111 392 708 4112 275 41 4113 276 40 4114 294 661 4115 608 531 4116 589 508 4117 590 507 4118 341 739 4119 325 361 4120 898 751 4121 747 753 4122 748 357 4123 767 543 4124 576 724 4125 595 725 4126 594 755 4127 240 521 4128 220 326 4129 221 757 4130 574 731 4131 575 756 4132 594 755 4133 949 466 4134 947 247 4135 240 521 4136 191 114 4137 190 578 4138 171 577 4139 622 554 4140 604 512 4141 605 619 4142 327 759 4143 308 270 4144 309 272 4145 343 630 4146 362 344 4147 361 760 4148 323 82 4149 324 738 4150 912 761 4151 881 763 4152 875 348 4153 322 349 4154 332 765 4155 333 566 4156 902 766 4157 450 495 4158 451 505 4159 460 131 4160 901 768 4161 905 95 4162 338 384 4163 621 537 4164 620 536 4165 602 542 4166 334 567 4167 335 875 4168 896 770 4169 494 771 4170 513 741 4171 530 691 4172 212 475 4173 211 514 4174 208 70 4175 459 605 4176 443 704 4177 444 134 4178 474 606 4179 465 657 4180 483 391 4181 961 773 4182 960 486 4183 830 487 4184 656 775 4185 657 284 4186 675 776 4187 228 525 4188 229 580 4189 942 778 4190 624 99 4191 625 530 4192 644 564 4193 36 288 4194 37 142 4195 55 779 4196 661 575 4197 643 574 4198 644 564 4199 3 549 4200 4 443 4201 26 780 4202 71 423 4203 72 397 4204 91 242 4205 439 568 4206 440 43 4207 458 199 4208 20 165 4209 0 166 4210 17 781 4211 6 783 4212 7 610 4213 29 611 4214 188 372 4215 187 848 4216 167 784 4217 319 785 4218 320 764 4219 339 769 4220 31 51 4221 32 64 4222 56 178 4223 23 786 4224 24 594 4225 43 595 4226 26 780 4227 27 482 4228 46 593 4229 875 348 4230 301 635 4231 285 91 4232 60 181 4233 41 591 4234 42 787 4235 75 211 4236 55 779 4237 38 295 4238 907 752 4239 344 798 4240 343 630 4241 500 188 4242 481 190 4243 482 604 4244 73 243 4245 53 396 4246 54 721 4247 54 721 4248 55 779 4249 75 211 4250 422 42 4251 423 477 4252 442 788 4253 497 255 4254 498 257 4255 531 662 4256 473 551 4257 472 928 4258 453 89 4259 49 52 4260 48 162 4261 29 611 4262 690 790 4263 671 620 4264 672 449 4265 687 792 4266 702 175 4267 667 176 4268 486 184 4269 485 298 4270 467 793 4271 272 794 4272 254 815 4273 255 795 4274 689 797 4275 670 932 4276 671 620 4277 699 629 4278 680 612 4279 681 5 4280 672 449 4281 673 655 4282 692 32 4283 344 798 4284 345 930 4285 364 218 4286 202 749 4287 184 713 4288 185 206 4289 267 800 4290 287 652 4291 286 93 4292 79 232 4293 98 308 4294 97 801 4295 28 481 4296 29 611 4297 48 162 4298 789 701 4299 790 11 4300 810 467 4301 752 379 4302 734 168 4303 735 312 4304 110 802 4305 129 388 4306 128 47 4307 71 423 4308 51 63 4309 52 398 4310 39 803 4311 58 615 4312 57 200 4313 943 804 4314 948 895 4315 251 27 4316 88 438 4317 89 262 4318 108 805 4319 951 807 4320 969 946 4321 835 808 4322 549 810 4323 550 584 4324 529 586 4325 709 811 4326 689 797 4327 690 790 4328 125 333 4329 124 203 4330 105 644 4331 646 117 4332 647 561 4333 666 813 4334 104 645 4335 123 205 4336 122 260 4337 717 675 4338 697 631 4339 698 628 4340 200 327 4341 182 216 4342 183 714 4343 272 794 4344 271 747 4345 253 814 4346 33 65 4347 34 137 4348 52 398 4349 121 816 4350 102 331 4351 103 330 4352 935 817 4353 936 896 4354 254 815 4355 119 439 4356 118 588 4357 99 277 4358 83 329 4359 102 331 4360 101 623 4361 722 387 4362 740 905 4363 720 818 4364 727 673 4365 707 309 4366 708 668 4367 247 406 4368 248 857 4369 284 92 4370 659 819 4371 641 552 4372 642 555 4373 211 514 4374 212 475 4375 232 231 4376 260 248 4377 278 210 4378 277 209 4379 703 158 4380 720 818 4381 700 4 4382 113 821 4383 132 412 4384 131 822 4385 313 473 4386 314 528 4387 333 566 4388 274 824 4389 275 41 4390 293 429 4391 755 402 4392 737 484 4393 738 676 4394 756 715 4395 738 676 4396 739 677 4397 541 826 4398 564 126 4399 563 734 4400 932 230 4401 935 817 4402 253 814 4403 749 827 4404 750 685 4405 769 700 4406 759 358 4407 749 827 4408 768 828 4409 895 96 4410 904 876 4411 336 829 4412 205 306 4413 206 371 4414 225 499 4415 937 831 4416 941 599 4417 263 33 4418 761 159 4419 760 563 4420 741 367 4421 920 687 4422 415 463 4423 414 355 4424 825 737 4425 806 147 4426 807 146 4427 794 433 4428 775 403 4429 776 716 4430 316 509 4431 335 875 4432 334 567 4433 144 407 4434 143 300 4435 146 614 4436 555 834 4437 556 107 4438 582 835 4439 886 837 4440 890 271 4441 291 838 4442 675 776 4443 676 572 4444 695 840 4445 781 841 4446 780 160 4447 762 679 4448 880 86 4449 878 510 4450 296 208 4451 526 618 4452 527 472 4453 547 842 4454 811 702 4455 791 10 4456 792 66 4457 763 214 4458 764 213 4459 782 707 4460 147 843 4461 133 613 4462 134 223 4463 569 844 4464 549 810 4465 532 740 4466 533 846 4467 532 740 4468 513 741 4469 684 156 4470 665 3 4471 666 813 4472 187 848 4473 188 372 4474 206 371 4475 171 577 4476 189 370 4477 170 435 4478 889 87 4479 298 320 4480 299 322 4481 835 808 4482 834 427 4483 815 193 4484 523 850 4485 505 880 4486 506 183 4487 543 469 4488 544 471 4489 566 722 4490 779 851 4491 797 161 4492 799 852 4493 527 472 4494 528 585 4495 548 854 4496 543 469 4497 542 915 4498 522 383 4499 771 9 4500 752 379 4501 753 36 4502 811 702 4503 812 68 4504 831 774 4505 533 846 4506 514 847 4507 515 855 4508 829 468 4509 810 467 4510 811 702 4511 189 370 4512 188 372 4513 169 436 4514 571 856 4515 570 506 4516 558 845 4517 833 426 4518 814 192 4519 815 193 4520 248 857 4521 249 935 4522 267 800 4523 924 858 4524 405 690 4525 417 666 4526 953 860 4527 964 871 4528 819 711 4529 552 730 4530 561 727 4531 575 756 4532 307 337 4533 308 270 4534 327 759 4535 330 863 4536 909 624 4537 911 864 4538 787 705 4539 788 452 4540 808 173 4541 923 865 4542 924 858 4543 385 866 4544 761 159 4545 742 369 4546 743 374 4547 967 868 4548 966 717 4549 823 718 4550 177 869 4551 195 519 4552 194 870 4553 964 871 4554 952 917 4555 818 709 4556 408 559 4557 409 883 4558 428 649 4559 659 819 4560 678 633 4561 677 632 4562 420 872 4563 401 918 4564 402 873 4565 416 874 4566 399 517 4567 418 72 4568 593 693 4569 592 882 4570 573 729 4571 335 875 4572 336 829 4573 904 876 4574 268 28 4575 269 968 4576 289 682 4577 146 614 4578 147 843 4579 173 877 4580 46 593 4581 65 441 4582 64 548 4583 889 87 4584 877 849 4585 319 785 4586 424 667 4587 425 135 4588 444 134 4589 475 8 4590 476 7 4591 495 622 4592 380 445 4593 395 887 4594 379 597 4595 127 45 4596 128 47 4597 140 0 4598 773 37 4599 774 404 4600 793 674 4601 576 724 4602 553 745 4603 562 461 4604 466 656 4605 445 926 4606 446 647 4607 796 50 4608 779 851 4609 798 853 4610 229 580 4611 228 525 4612 209 113 4613 231 820 4614 230 579 4615 227 513 4616 888 258 4617 883 259 4618 305 76 4619 115 301 4620 114 408 4621 95 879 4622 504 299 4623 485 298 4624 486 184 4625 589 508 4626 607 943 4627 586 881 4628 593 693 4629 594 755 4630 613 458 4631 198 294 4632 199 893 4633 218 492 4634 610 546 4635 591 545 4636 592 882 4637 217 289 4638 216 291 4639 197 292 4640 214 154 4641 213 899 4642 194 870 4643 225 499 4644 206 371 4645 207 576 4646 66 627 4647 47 592 4648 48 162 4649 409 883 4650 410 350 4651 429 352 4652 315 833 4653 885 395 4654 878 510 4655 800 710 4656 780 160 4657 781 841 4658 113 821 4659 94 417 4660 76 202 4661 513 741 4662 494 771 4663 495 622 4664 582 835 4665 603 511 4666 602 542 4667 496 621 4668 477 140 4669 478 139 4670 204 307 4671 205 306 4672 224 830 4673 234 155 4674 214 154 4675 215 515 4676 152 414 4677 153 416 4678 177 869 4679 857 58 4680 866 940 4681 849 884 4682 384 318 4683 367 639 4684 368 287 4685 628 116 4686 627 118 4687 608 531 4688 596 529 4689 587 878 4690 577 885 4691 201 328 4692 202 749 4693 221 757 4694 378 654 4695 379 597 4696 395 887 4697 651 558 4698 650 557 4699 631 459 4700 328 360 4701 910 359 4702 899 889 4703 899 889 4704 908 601 4705 326 862 4706 675 776 4707 657 284 4708 664 283 4709 203 609 4710 204 307 4711 223 523 4712 658 571 4713 640 535 4714 641 552 4715 653 450 4716 634 553 4717 635 100 4718 650 557 4719 649 263 4720 630 265 4721 626 376 4722 595 725 4723 596 529 4724 652 570 4725 651 558 4726 632 888 4727 637 534 4728 618 504 4729 619 540 4730 636 532 4731 637 534 4732 656 775 4733 498 257 4734 479 256 4735 480 189 4736 24 594 4737 23 786 4738 18 891 4739 78 233 4740 97 801 4741 96 660 4742 183 714 4743 182 216 4744 161 421 4745 449 485 4746 450 495 4747 471 133 4748 22 590 4749 21 782 4750 17 781 4751 32 64 4752 10 894 4753 11 136 4754 26 780 4755 4 443 4756 5 444 4757 597 886 4758 577 885 4759 578 526 4760 320 764 4761 322 349 4762 340 84 4763 22 590 4764 23 786 4765 42 787 4766 909 624 4767 350 658 4768 349 285 4769 182 216 4770 200 327 4771 199 893 4772 715 314 4773 716 665 4774 736 483 4775 31 51 4776 9 799 4777 10 894 4778 243 600 4779 223 523 4780 224 830 4781 44 401 4782 63 547 4783 62 234 4784 943 804 4785 231 820 4786 232 231 4787 21 782 4788 40 180 4789 39 803 4790 480 189 4791 479 256 4792 463 198 4793 787 705 4794 768 828 4795 769 700 4796 539 462 4797 519 912 4798 520 456 4799 681 5 4800 680 612 4801 661 575 4802 47 592 4803 66 627 4804 65 441 4805 669 556 4806 688 969 4807 687 792 4808 466 656 4809 467 793 4810 485 298 4811 936 896 4812 235 516 4813 236 290 4814 245 500 4815 246 431 4816 939 405 4817 273 796 4818 274 824 4819 292 583 4820 950 898 4821 940 904 4822 238 494 4823 540 460 4824 520 456 4825 521 382 4826 696 664 4827 695 840 4828 676 572 4829 212 475 4830 193 772 4831 194 870 4832 682 496 4833 683 21 4834 701 900 4835 229 580 4836 230 579 4837 945 901 4838 693 30 4839 692 32 4840 673 655 4841 325 361 4842 326 862 4843 908 601 4844 113 821 4845 95 879 4846 114 408 4847 507 902 4848 488 129 4849 489 132 4850 879 393 4851 314 528 4852 313 473 4853 351 903 4854 352 938 4855 371 62 4856 358 268 4857 377 267 4858 376 302 4859 78 233 4860 77 201 4861 58 615 4862 708 668 4863 688 969 4864 689 797 4865 256 311 4866 944 478 4867 940 904 4868 89 262 4869 90 424 4870 109 46 4871 347 602 4872 366 317 4873 365 678 4874 290 683 4875 270 748 4876 271 747 4877 366 317 4878 347 602 4879 348 638 4880 277 209 4881 276 40 4882 258 587 4883 107 806 4884 106 335 4885 87 336 4886 719 643 4887 720 818 4888 740 905 4889 110 802 4890 109 46 4891 90 424 4892 687 792 4893 688 969 4894 708 668 4895 886 837 4896 893 582 4897 311 345 4898 795 49 4899 776 716 4900 777 681 4901 729 669 4902 709 811 4903 710 812 4904 12 410 4905 13 608 4906 35 607 4907 704 157 4908 721 171 4909 724 373 4910 280 906 4911 279 365 4912 261 281 4913 108 805 4914 127 45 4915 126 334 4916 403 907 4917 422 42 4918 421 44 4919 210 115 4920 191 114 4921 192 908 4922 924 858 4923 922 859 4924 384 318 4925 696 664 4926 697 631 4927 717 675 4928 166 389 4929 130 931 4930 131 822 4931 312 474 4932 313 473 4933 332 765 4934 746 909 4935 745 939 4936 726 672 4937 505 880 4938 523 850 4939 522 383 4940 95 879 4941 76 202 4942 77 201 4943 315 833 4944 334 567 4945 333 566 4946 747 753 4947 728 670 4948 729 669 4949 218 492 4950 199 893 4951 200 327 4952 770 910 4953 771 9 4954 790 11 4955 766 754 4956 765 914 4957 746 909 4958 518 911 4959 500 188 4960 501 390 4961 411 913 4962 412 196 4963 431 195 4964 764 213 4965 745 939 4966 746 909 4967 778 544 4968 767 543 4969 748 357 4970 132 412 4971 142 411 4972 168 434 4973 774 404 4974 773 37 4975 754 455 4976 878 510 4977 885 395 4978 295 394 4979 752 379 4980 771 9 4981 770 910 4982 645 264 4983 611 692 4984 612 694 4985 363 342 4986 364 218 4987 397 220 4988 603 511 4989 604 512 4990 622 554 4991 191 114 4992 172 758 4993 173 877 4994 703 158 4995 704 157 4996 723 368 4997 764 213 4998 765 914 4999 783 719 5000 165 1 5001 141 241 5002 166 389 5003 267 800 5004 249 935 5005 250 29 5006 534 12 5007 515 855 5008 516 148 5009 727 673 5010 728 670 5011 747 753 5012 592 882 5013 591 545 5014 572 490 5015 541 826 5016 521 382 5017 522 383 5018 111 916 5019 92 244 5020 93 437 5021 952 917 5022 951 807 5023 817 809 5024 884 77 5025 883 259 5026 286 93 5027 536 149 5028 552 730 5029 560 13 5030 890 271 5031 886 837 5032 310 347 5033 564 126 5034 541 826 5035 542 915 5036 556 107 5037 546 616 5038 547 842 5039 567 55 5040 548 854 5041 550 584 5042 799 852 5043 797 161 5044 780 160 5045 929 380 5046 402 873 5047 401 918 5048 783 719 5049 765 914 5050 766 754 5051 919 276 5052 929 380 5053 397 220 5054 817 809 5055 798 853 5056 799 852 5057 264 35 5058 282 634 5059 281 321 5060 881 763 5061 300 636 5062 301 635 5063 805 447 5064 806 147 5065 825 737 5066 533 846 5067 551 491 5068 558 845 5069 835 808 5070 816 48 5071 798 853 5072 387 75 5073 388 61 5074 928 339 5075 195 519 5076 177 869 5077 178 124 5078 968 920 5079 962 965 5080 832 728 5081 957 921 5082 956 942 5083 826 832 5084 876 430 5085 293 429 5086 294 661 5087 945 901 5088 230 579 5089 231 820 5090 515 855 5091 514 847 5092 495 622 5093 192 908 5094 173 877 5095 174 71 5096 175 69 5097 176 413 5098 194 870 5099 637 534 5100 638 282 5101 657 284 5102 645 264 5103 629 197 5104 610 546 5105 104 645 5106 105 644 5107 124 203 5108 318 85 5109 337 94 5110 336 829 5111 119 439 5112 100 278 5113 101 623 5114 705 924 5115 701 900 5116 702 175 5117 306 362 5118 325 361 5119 341 739 5120 226 524 5121 207 576 5122 190 578 5123 616 102 5124 615 101 5125 597 886 5126 222 501 5127 221 757 5128 202 749 5129 893 582 5130 882 428 5131 312 474 5132 61 237 5133 42 787 5134 43 595 5135 881 763 5136 320 764 5137 319 785 5138 631 459 5139 613 458 5140 626 376 5141 462 6 5142 437 684 5143 438 569 5144 804 454 5145 805 447 5146 824 736 5147 914 275 5148 922 859 5149 417 666 5150 940 904 5151 944 478 5152 237 541 5153 730 110 5154 731 112 5155 749 827 5156 750 685 5157 732 686 5158 733 169 5159 131 822 5160 130 931 5161 111 916 5162 335 875 5163 316 509 5164 317 923 5165 935 817 5166 234 155 5167 235 516 5168 465 657 5169 455 696 5170 445 926 5171 244 498 5172 245 500 5173 946 34 5174 784 453 5175 766 754 5176 767 543 5177 492 927 5178 491 191 5179 461 589 5180 933 479 5181 944 478 5182 256 311 5183 390 325 5184 373 581 5185 374 385 5186 726 672 5187 725 961 5188 705 924 5189 476 7 5190 456 925 5191 457 138 5192 907 752 5193 912 761 5194 324 738 5195 331 625 5196 332 765 5197 894 767 5198 473 551 5199 462 6 5200 475 8 5201 488 129 5202 470 538 5203 471 133 5204 682 496 5205 666 813 5206 647 561 5207 472 928 5208 473 551 5209 493 253 5210 911 864 5211 349 285 5212 348 638 5213 932 230 5214 233 153 5215 234 155 5216 420 872 5217 421 44 5218 440 43 5219 461 589 5220 452 90 5221 453 89 5222 167 784 5223 166 389 5224 168 434 5225 439 568 5226 457 138 5227 456 925 5228 840 17 5229 862 16 5230 870 742 5231 698 628 5232 697 631 5233 678 633 5234 359 266 5235 358 268 5236 905 95 5237 417 666 5238 405 690 5239 425 135 5240 354 733 5241 355 646 5242 374 385 5243 365 678 5244 364 218 5245 345 930 5246 731 112 5247 711 111 5248 712 31 5249 113 821 5250 112 823 5251 93 437 5252 711 111 5253 710 812 5254 690 790 5255 721 171 5256 686 497 5257 701 900 5258 714 313 5259 694 641 5260 695 840 5261 92 244 5262 111 916 5263 110 802 5264 720 818 5265 719 643 5266 699 629 5267 270 748 5268 269 968 5269 251 27 5270 493 253 5271 475 8 5272 494 771 5273 130 931 5274 129 388 5275 110 802 5276 555 834 5277 545 695 5278 546 616 5279 566 722 5280 544 471 5281 545 695 5282 370 659 5283 387 75 5284 386 867 5285 601 539 5286 581 723 5287 588 836 5288 689 797 5289 688 969 5290 669 556 5291 401 918 5292 420 872 5293 419 518 5294 302 839 5295 272 794 5296 273 796 5297 891 419 5298 288 653 5299 289 682 5300 107 806 5301 126 334 5302 125 333 5303 263 33 5304 281 321 5305 280 906 5306 496 621 5307 497 255 5308 516 148 5309 248 857 5310 942 778 5311 945 901 5312 517 720 5313 499 890 5314 500 188 5315 528 585 5316 510 680 5317 511 252 5318 291 838 5319 271 747 5320 272 794 5321 386 867 5322 387 75 5323 921 919 5324 464 703 5325 459 605 5326 481 190 5327 886 837 5328 302 839 5329 303 897 5330 965 936 5331 821 121 5332 822 120 5333 526 618 5334 525 617 5335 507 902 5336 938 432 5337 942 778 5338 248 857 5339 757 825 5340 758 386 5341 777 681 5342 352 938 5343 353 732 5344 372 60 5345 311 345 5346 312 474 5347 331 625 5348 538 726 5349 537 663 5350 517 720 5351 152 414 5352 151 440 5353 135 229 5354 171 577 5355 145 422 5356 146 614 5357 744 212 5358 725 961 5359 726 672 5360 881 763 5361 877 849 5362 299 322 5363 256 311 5364 274 824 5365 273 796 5366 760 563 5367 761 159 5368 797 161 5369 585 54 5370 568 56 5371 569 844 5372 120 227 5373 101 623 5374 102 331 5375 539 462 5376 538 726 5377 518 911 5378 669 556 5379 651 558 5380 652 570 5381 156 250 5382 158 251 5383 180 293 5384 287 652 5385 288 653 5386 891 419 5387 487 130 5388 486 184 5389 468 273 5390 569 844 5391 568 56 5392 550 584 5393 808 173 5394 827 922 5395 826 832 5396 866 940 5397 867 24 5398 850 26 5399 573 729 5400 572 490 5401 559 14 5402 858 941 5403 868 79 5404 851 81 5405 956 942 5406 955 735 5407 825 737 5408 385 866 5409 368 287 5410 369 286 5411 509 187 5412 490 186 5413 491 191 5414 607 943 5415 606 98 5416 585 54 5417 874 944 5418 861 967 5419 839 15 5420 969 946 5421 963 425 5422 834 427 5423 289 682 5424 269 968 5425 270 748 5426 860 947 5427 874 944 5428 845 945 5429 873 949 5430 865 966 5431 848 57 5432 852 951 5433 837 80 5434 869 952 5435 533 846 5436 534 12 5437 559 14 5438 820 861 5439 819 711 5440 800 710 5441 626 376 5442 613 458 5443 594 755 5444 852 951 5445 859 953 5446 860 947 5447 2 550 5448 18 891 5449 1 892 5450 863 954 5451 871 960 5452 854 955 5453 537 663 5454 561 727 5455 552 730 5456 538 726 5457 539 462 5458 562 461 5459 872 956 5460 864 959 5461 847 957 5462 163 207 5463 139 480 5464 140 0 5465 198 294 5466 180 293 5467 181 217 5468 577 885 5469 587 878 5470 562 461 5471 958 958 5472 957 921 5473 827 922 5474 1 892 5475 18 891 5476 23 786 5477 864 959 5478 873 949 5479 843 950 5480 871 960 5481 856 18 5482 846 20 5483 721 171 5484 705 924 5485 725 961 5486 548 854 5487 567 55 5488 557 108 5489 186 305 5490 165 1 5491 167 784 5492 558 845 5493 570 506 5494 586 881 5495 801 706 5496 802 119 5497 821 121 5498 673 655 5499 655 562 5500 656 775 5501 264 35 5502 946 34 5503 939 405 5504 588 836 5505 581 723 5506 566 722 5507 899 889 5508 910 359 5509 348 638 5510 624 99 5511 606 98 5512 607 943 5513 638 282 5514 619 540 5515 620 536 5516 906 83 5517 901 768 5518 339 769 5519 542 915 5520 543 469 5521 554 489 5522 740 905 5523 758 386 5524 757 825 5525 627 118 5526 644 564 5527 625 530 5528 161 421 5529 160 420 5530 138 332 5531 139 480 5532 163 207 5533 162 712 5534 290 683 5535 291 838 5536 890 271 5537 99 277 5538 98 308 5539 79 232 5540 679 929 5541 678 633 5542 659 819 5543 683 21 5544 663 23 5545 649 263 5546 965 936 5547 953 860 5548 820 861 5549 242 502 5550 243 600 5551 937 831 5552 147 843 5553 148 239 5554 174 71 5555 441 789 5556 442 788 5557 464 703 5558 215 515 5559 196 123 5560 197 292 5561 831 774 5562 812 68 5563 813 67 5564 664 283 5565 639 962 5566 640 535 5567 606 98 5568 605 619 5569 584 650 5570 506 183 5571 487 130 5572 488 129 5573 239 493 5574 240 521 5575 947 247 5576 769 700 5577 750 685 5578 751 378 5579 913 963 5580 398 323 5581 391 353 5582 510 680 5583 491 191 5584 492 927 5585 99 277 5586 118 588 5587 117 225 5588 675 776 5589 694 641 5590 693 30 5591 298 320 5592 889 87 5593 880 86 5594 354 733 5595 353 732 5596 902 766 5597 350 658 5598 909 624 5599 897 626 5600 360 598 5601 359 266 5602 901 768 5603 906 83 5604 900 762 5605 342 596 5606 351 903 5607 897 626 5608 894 767 5609 903 565 5610 896 770 5611 355 646 5612 357 304 5613 356 303 5614 904 876 5615 344 798 5616 907 752 5617 898 751 5618 352 938 5619 894 767 5620 902 766 5621 355 646 5622 896 770 5623 904 876 5624 895 96 5625 905 95 5626 358 268 5627 345 930 5628 898 751 5629 908 601 5630 900 762 5631 912 761 5632 343 630 5633 411 913 5634 913 963 5635 917 698 5636 415 463 5637 920 687 5638 931 671 5639 915 341 5640 926 324 5641 410 350 5642 406 103 5643 405 690 5644 924 858 5645 413 194 5646 925 697 5647 930 750 5648 403 907 5649 919 276 5650 914 275 5651 399 517 5652 927 446 5653 916 364 5654 412 196 5655 917 698 5656 925 697 5657 921 919 5658 928 339 5659 408 559 5660 928 339 5661 915 341 5662 409 883 5663 400 933 5664 916 364 5665 918 363 5666 410 350 5667 926 324 5668 913 963 5669 416 874 5670 931 671 5671 927 446 5672 403 907 5673 402 873 5674 929 380 5675 923 865 5676 921 919 5677 407 964 5678 936 896 5679 933 479 5680 255 795 5681 249 935 5682 945 901 5683 943 804 5684 257 39 5685 940 904 5686 950 898 5687 501 390 5688 502 392 5689 520 456 5690 443 704 5691 442 788 5692 423 477 5693 39 803 5694 38 295 5695 19 296 5696 962 965 5697 961 773 5698 831 774 5699 862 16 5700 861 967 5701 961 773 5702 865 966 5703 873 949 5704 953 860 5705 859 953 5706 869 952 5707 957 921 5708 871 960 5709 863 954 5710 963 425 5711 858 941 5712 955 735 5713 956 942 5714 857 58 5715 865 966 5716 965 936 5717 868 79 5718 956 942 5719 957 921 5720 870 742 5721 862 16 5722 962 965 5723 856 18 5724 951 807 5725 952 917 5726 872 956 5727 952 917 5728 964 871 5729 867 24 5730 866 940 5731 966 717 5732 864 959 5733 964 871 5734 953 860 5735 871 960 5736 969 946 5737 951 807 5738 861 967 5739 874 944 5740 960 486 5741 860 947 5742 859 953 5743 958 958 5744 867 24 5745 967 868 5746 955 735 5747 866 940 5748 857 58 5749 954 937 5750 874 944 5751 860 947 5752 959 746 5753 863 954 5754 870 742 5755 968 920 5756 1110 970 5757 1134 971 5758 1135 972 5759 1635 973 5760 1651 974 5761 1670 975 5762 1432 976 5763 1445 977 5764 1446 978 5765 1741 979 5766 1760 980 5767 1761 981 5768 1504 982 5769 1529 983 5770 1530 984 5771 1809 985 5772 1810 986 5773 1832 987 5774 1826 988 5775 1816 989 5776 1812 990 5777 1653 991 5778 1633 992 5779 1618 993 5780 1837 994 5781 1820 995 5782 1814 996 5783 1221 997 5784 1220 998 5785 1238 999 5786 1663 1000 5787 1662 1001 5788 1682 1002 5789 1233 1003 5790 1234 1004 5791 1916 1005 5792 1723 1006 5793 1742 1007 5794 1743 1008 5795 1227 1009 5796 1245 1010 5797 1246 1011 5798 1392 1012 5799 1391 1013 5800 1410 1014 5801 1097 1015 5802 1098 1016 5803 1079 1017 5804 1786 1018 5805 1766 1019 5806 1765 1020 5807 1001 1021 5808 1000 1022 5809 1019 1023 5810 1555 1024 5811 1538 1025 5812 1537 1026 5813 1818 1027 5814 1806 1028 5815 1827 1029 5816 1342 1030 5817 1341 1031 5818 1358 1032 5819 1021 1033 5820 1003 1034 5821 1002 1035 5822 1762 1036 5823 1782 1037 5824 1783 1038 5825 1145 1039 5826 1144 1040 5827 1178 1041 5828 1388 1042 5829 1405 1043 5830 1424 1044 5831 1357 1045 5832 1358 1032 5833 1341 1031 5834 1275 1046 5835 1291 1047 5836 1854 1048 5837 1838 1049 5838 1821 1050 5839 1807 1051 5840 1293 1052 5841 1310 1053 5842 1876 1054 5843 1288 1055 5844 1859 1056 5845 1850 1057 5846 1403 1058 5847 1422 1059 5848 1423 1060 5849 1255 1061 5850 1256 1062 5851 1254 1063 5852 1307 1064 5853 1865 1065 5854 1875 1066 5855 1593 1067 5856 1594 1068 5857 1576 1069 5858 1605 1070 5859 1586 1071 5860 1585 1072 5861 1376 1073 5862 1396 1074 5863 1406 1075 5864 1553 1076 5865 1527 1077 5866 1526 1078 5867 1275 1046 5868 1274 1079 5869 1293 1052 5870 1700 1080 5871 1701 1081 5872 1681 1082 5873 1179 1083 5874 1180 1084 5875 1161 1085 5876 1598 1086 5877 1597 1087 5878 1616 1088 5879 1772 1089 5880 1791 1090 5881 1792 1091 5882 1149 1092 5883 1148 1093 5884 1166 1094 5885 1549 1095 5886 1535 1096 5887 1534 1097 5888 1439 1098 5889 1457 1099 5890 1458 1100 5891 1430 1101 5892 1441 1102 5893 1459 1103 5894 1396 1074 5895 1395 1104 5896 1414 1105 5897 981 1106 5898 1003 1034 5899 1004 1107 5900 1427 1108 5901 1447 1109 5902 1448 1110 5903 986 1111 5904 985 1112 5905 1007 1113 5906 978 1114 5907 1000 1022 5908 1001 1021 5909 1756 1115 5910 1776 1116 5911 1777 1117 5912 1486 1118 5913 1505 1119 5914 1506 1120 5915 1568 1121 5916 1586 1071 5917 1587 1122 5918 1203 1123 5919 1204 1124 5920 1184 1125 5921 1654 1126 5922 1673 1127 5923 1674 1128 5924 1731 1129 5925 1767 1130 5926 1750 1131 5927 1018 1132 5928 1037 1133 5929 1038 1134 5930 990 1135 5931 970 1136 5932 986 1111 5933 1683 1137 5934 1703 1138 5935 1704 1139 5936 1655 1140 5937 1674 1128 5938 1691 1141 5939 1798 1142 5940 1779 1143 5941 1778 1144 5942 1672 1145 5943 1637 1146 5944 1653 991 5945 1039 1147 5946 1040 1148 5947 1026 1149 5948 1010 1150 5949 1029 1151 5950 1030 1152 5951 1476 1153 5952 1457 1099 5953 1456 1154 5954 1478 1155 5955 1479 1156 5956 1460 1157 5957 1470 1158 5958 1451 1159 5959 1450 1160 5960 1430 1101 5961 1460 1157 5962 1461 1161 5963 1784 1162 5964 1785 1163 5965 1765 1020 5966 1383 1164 5967 1382 1165 5968 1401 1166 5969 1599 1167 5970 1618 993 5971 1633 992 5972 1410 1014 5973 1428 1168 5974 1433 1169 5975 1027 1170 5976 1046 1171 5977 1047 1172 5978 1094 1173 5979 1093 1174 5980 1127 1175 5981 1155 1176 5982 1134 971 5983 1133 1177 5984 1266 1178 5985 1248 1179 5986 1247 1180 5987 1046 1171 5988 1027 1170 5989 1045 1181 5990 1714 1182 5991 1733 1183 5992 1734 1184 5993 1129 1185 5994 1151 1186 5995 1152 1187 5996 1334 1188 5997 1367 1189 5998 1352 1190 5999 1055 1191 6000 1056 1192 6001 1037 1133 6002 1104 1193 6003 1087 1194 6004 1086 1195 6005 1632 1196 6006 1651 974 6007 1635 973 6008 1090 1197 6009 1105 1198 6010 1106 1199 6011 1902 1200 6012 1203 1123 6013 1202 1201 6014 1029 1151 6015 1048 1202 6016 1049 1203 6017 1032 1204 6018 1051 1205 6019 1052 1206 6020 1049 1203 6021 1050 1207 6022 1031 1208 6023 1145 1039 6024 1120 1209 6025 1118 1210 6026 1742 1007 6027 1761 981 6028 1762 1036 6029 1098 1016 6030 1110 970 6031 1111 1211 6032 1061 1212 6033 1062 1213 6034 1043 1214 6035 984 1215 6036 985 1112 6037 1825 1216 6038 1917 1217 6039 1229 1218 6040 1230 1219 6041 1126 1220 6042 1128 1221 6043 1127 1175 6044 1481 1222 6045 1482 1223 6046 1463 1224 6047 1467 1225 6048 1468 1226 6049 1449 1227 6050 1858 1228 6051 1853 1229 6052 1256 1062 6053 1106 1199 6054 1125 1230 6055 1092 1231 6056 1059 1232 6057 1040 1148 6058 1039 1147 6059 1619 1233 6060 1600 1234 6061 1615 1235 6062 1329 1236 6063 1328 1237 6064 1347 1238 6065 1118 1210 6066 1120 1209 6067 1119 1239 6068 1278 1240 6069 1279 1241 6070 1860 1242 6071 1438 1243 6072 1439 1098 6073 1418 1244 6074 1352 1190 6075 1889 1245 6076 1884 1246 6077 1069 1247 6078 1070 1248 6079 1051 1205 6080 1904 1249 6081 1231 1250 6082 1232 1251 6083 1608 1252 6084 1627 1253 6085 1634 1254 6086 1319 1255 6087 1338 1256 6088 1339 1257 6089 984 1215 6090 1006 1258 6091 1007 1113 6092 1187 1259 6093 1186 1260 6094 1206 1261 6095 1167 1262 6096 1168 1263 6097 1150 1264 6098 1008 1265 6099 989 1266 6100 1007 1113 6101 1473 1267 6102 1474 1268 6103 1455 1269 6104 1086 1195 6105 1085 1270 6106 1113 1271 6107 1346 1272 6108 1327 1273 6109 1326 1274 6110 1156 1275 6111 1174 1276 6112 1175 1277 6113 1086 1195 6114 1087 1194 6115 1068 1278 6116 1672 1145 6117 1676 1279 6118 1677 1280 6119 1245 1010 6120 1227 1009 6121 1226 1281 6122 1705 1282 6123 1685 1283 6124 1684 1284 6125 1253 1285 6126 1235 1286 6127 1234 1004 6128 1125 1230 6129 1127 1175 6130 1093 1174 6131 1336 1287 6132 1353 1288 6133 1354 1289 6134 1268 1290 6135 1269 1291 6136 1251 1292 6137 1368 1293 6138 1360 1294 6139 1896 1295 6140 1190 1296 6141 1171 1297 6142 1170 1298 6143 1053 1299 6144 1072 1300 6145 1073 1301 6146 1108 1302 6147 1096 1303 6148 1095 1304 6149 1076 1305 6150 1057 1306 6151 1056 1192 6152 1277 1307 6153 1278 1240 6154 1857 1308 6155 1898 1309 6156 1885 1310 6157 1359 1311 6158 1333 1312 6159 1332 1313 6160 1366 1314 6161 1281 1315 6162 1280 1316 6163 1299 1317 6164 1845 1318 6165 1292 1319 6166 1274 1079 6167 1380 1320 6168 1399 1321 6169 1400 1322 6170 1346 1272 6171 1345 1323 6172 1361 1324 6173 1384 1325 6174 1383 1164 6175 1402 1326 6176 1718 1327 6177 1729 1328 6178 1700 1080 6179 1299 1317 6180 1298 1329 6181 1880 1330 6182 1277 1307 6183 1276 1331 6184 1295 1332 6185 1366 1314 6186 1886 1333 6187 1888 1334 6188 1249 1335 6189 1267 1336 6190 1268 1290 6191 1711 1337 6192 1712 1338 6193 1693 1339 6194 1159 1340 6195 1158 1341 6196 1176 1342 6197 1694 1343 6198 1713 1344 6199 1714 1182 6200 1603 1345 6201 1584 1346 6202 1596 1347 6203 1721 1348 6204 1722 1349 6205 1704 1139 6206 1899 1350 6207 1367 1189 6208 1351 1351 6209 1491 1352 6210 1492 1353 6211 1474 1268 6212 1288 1055 6213 1307 1064 6214 1308 1354 6215 1344 1355 6216 1368 1293 6217 1361 1324 6218 1728 1356 6219 1711 1337 6220 1692 1357 6221 1885 1310 6222 1896 1295 6223 1360 1294 6224 1099 1358 6225 1111 1211 6226 1136 1359 6227 1471 1360 6228 1472 1361 6229 1453 1362 6230 1849 1363 6231 1855 1364 6232 1265 1365 6233 1023 1366 6234 1022 1367 6235 1042 1368 6236 995 1369 6237 1014 1370 6238 1015 1371 6239 1725 1372 6240 1744 1373 6241 1745 1374 6242 1909 1375 6243 1235 1286 6244 1217 1376 6245 1085 1270 6246 1084 1377 6247 1114 1378 6248 1128 1221 6249 1129 1185 6250 1107 1379 6251 981 1106 6252 982 1380 6253 1825 1216 6254 1084 1377 6255 1102 1381 6256 1112 1382 6257 1146 1383 6258 1122 1384 6259 1120 1209 6260 1037 1133 6261 1056 1192 6262 1057 1306 6263 1126 1220 6264 1125 1230 6265 1106 1199 6266 1105 1198 6267 1123 1385 6268 1124 1386 6269 1087 1194 6270 1104 1193 6271 1119 1239 6272 1064 1387 6273 1045 1181 6274 1044 1388 6275 1861 1389 6276 1276 1331 6277 1277 1307 6278 1129 1185 6279 1131 1390 6280 1130 1391 6281 1115 1392 6282 1114 1378 6283 1112 1382 6284 1059 1232 6285 1060 1393 6286 1041 1394 6287 1933 1395 6288 1804 1396 6289 1803 1397 6290 1852 1398 6291 1846 1399 6292 1263 1400 6293 1031 1208 6294 1050 1207 6295 1051 1205 6296 1216 1401 6297 1909 1375 6298 1908 1402 6299 1764 1403 6300 1745 1374 6301 1744 1373 6302 1138 1404 6303 1139 1405 6304 1140 1406 6305 1062 1213 6306 1063 1407 6307 1044 1388 6308 1038 1134 6309 1057 1306 6310 1058 1408 6311 1089 1409 6312 1121 1410 6313 1105 1198 6314 1053 1299 6315 1054 1411 6316 1035 1412 6317 1121 1410 6318 1119 1239 6319 1120 1209 6320 974 1413 6321 975 1414 6322 1825 1216 6323 1094 1173 6324 1107 1379 6325 1130 1391 6326 1350 1415 6327 1897 1416 6328 1886 1333 6329 1756 1115 6330 1755 1417 6331 1775 1418 6332 1642 1419 6333 1624 1420 6334 1623 1421 6335 1758 1422 6336 1778 1144 6337 1779 1143 6338 1754 1423 6339 1774 1424 6340 1775 1418 6341 1705 1282 6342 1723 1006 6343 1724 1425 6344 1134 971 6345 1155 1176 6346 1156 1275 6347 1472 1361 6348 1490 1426 6349 1491 1352 6350 1038 1134 6351 1039 1147 6352 1020 1427 6353 1600 1234 6354 1601 1428 6355 1583 1429 6356 1298 1329 6357 1299 1317 6358 1280 1316 6359 1510 1430 6360 1509 1431 6361 1532 1432 6362 1148 1093 6363 1124 1386 6364 1123 1385 6365 1385 1433 6366 1404 1434 6367 1405 1043 6368 1211 1435 6369 1919 1436 6370 1904 1249 6371 1798 1142 6372 1799 1437 6373 1780 1438 6374 1513 1439 6375 1514 1440 6376 1494 1441 6377 1497 1442 6378 1479 1156 6379 1478 1155 6380 1293 1052 6381 1274 1079 6382 1292 1319 6383 1852 1398 6384 1282 1443 6385 1283 1444 6386 1182 1445 6387 1202 1201 6388 1203 1123 6389 1392 1012 6390 1393 1446 6391 1374 1447 6392 1206 1261 6393 1903 1448 6394 1914 1449 6395 1096 1303 6396 1108 1302 6397 1109 1450 6398 1231 1250 6399 1904 1249 6400 1919 1436 6401 1403 1058 6402 1404 1434 6403 1385 1433 6404 1350 1415 6405 1366 1314 6406 1332 1313 6407 975 1414 6408 997 1451 6409 998 1452 6410 1725 1372 6411 1707 1453 6412 1706 1454 6413 1404 1434 6414 1423 1060 6415 1424 1044 6416 1418 1244 6417 1419 1455 6418 1400 1322 6419 1930 1456 6420 1800 1457 6421 1799 1437 6422 1473 1267 6423 1454 1458 6424 1453 1362 6425 1524 1459 6426 1535 1096 6427 1549 1095 6428 1542 1460 6429 1529 983 6430 1521 1461 6431 1188 1462 6432 1208 1463 6433 1209 1464 6434 1420 1465 6435 1401 1166 6436 1400 1322 6437 1655 1140 6438 1656 1466 6439 1652 1467 6440 1214 1468 6441 1215 1469 6442 1195 1470 6443 1211 1435 6444 1212 1471 6445 1192 1472 6446 1569 1473 6447 1587 1122 6448 1588 1474 6449 1402 1326 6450 1421 1475 6451 1422 1059 6452 1540 1476 6453 1559 1477 6454 1560 1478 6455 1850 1057 6456 1848 1479 6457 1286 1480 6458 1573 1481 6459 1574 1482 6460 1553 1076 6461 1401 1166 6462 1420 1465 6463 1421 1475 6464 1197 1483 6465 1181 1484 6466 1178 1041 6467 1185 1485 6468 1205 1486 6469 1206 1261 6470 1369 1487 6471 1388 1042 6472 1389 1488 6473 1185 1485 6474 1166 1094 6475 1165 1489 6476 1189 1490 6477 1209 1464 6478 1210 1491 6479 1773 1492 6480 1774 1424 6481 1754 1423 6482 1193 1493 6483 1192 1472 6484 1212 1471 6485 1196 1494 6486 1216 1401 6487 1198 1495 6488 1548 1496 6489 1568 1121 6490 1569 1473 6491 1549 1095 6492 1569 1473 6493 1570 1497 6494 1855 1364 6495 1849 1363 6496 1284 1498 6497 1215 1469 6498 1216 1401 6499 1196 1494 6500 1566 1499 6501 1584 1346 6502 1585 1072 6503 1595 1500 6504 1578 1501 6505 1559 1477 6506 1449 1227 6507 1433 1169 6508 1428 1168 6509 1605 1070 6510 1606 1502 6511 1587 1122 6512 1579 1503 6513 1598 1086 6514 1599 1167 6515 1606 1502 6516 1607 1504 6517 1588 1474 6518 1610 1505 6519 1591 1506 6520 1590 1507 6521 1439 1098 6522 1440 1508 6523 1419 1455 6524 1588 1474 6525 1589 1509 6526 1571 1510 6527 1207 1511 6528 1208 1463 6529 1188 1462 6530 1589 1509 6531 1590 1507 6532 1572 1512 6533 1756 1115 6534 1748 1513 6535 1737 1514 6536 1579 1503 6537 1580 1515 6538 1561 1516 6539 1033 1517 6540 1034 1518 6541 1015 1371 6542 1825 1216 6543 972 1519 6544 973 1520 6545 1424 1044 6546 1443 1521 6547 1432 976 6548 1591 1506 6549 1610 1505 6550 1611 1522 6551 1603 1345 6552 1604 1523 6553 1585 1072 6554 1592 1524 6555 1611 1522 6556 1612 1525 6557 1639 1526 6558 1621 1527 6559 1620 1528 6560 1406 1075 6561 1397 1529 6562 1378 1530 6563 1617 1531 6564 1618 993 6565 1599 1167 6566 1624 1420 6567 1625 1532 6568 1606 1502 6569 1730 1533 6570 1711 1337 6571 1728 1356 6572 1597 1087 6573 1614 1534 6574 1632 1196 6575 1873 1535 6576 1304 1536 6577 1303 1537 6578 1389 1488 6579 1408 1538 6580 1409 1539 6581 1622 1540 6582 1623 1421 6583 1604 1523 6584 973 1520 6585 974 1413 6586 1825 1216 6587 1628 1541 6588 1634 1254 6589 1646 1542 6590 1630 1543 6591 1631 1544 6592 1613 1545 6593 1177 1546 6594 1160 1547 6595 1141 1548 6596 1180 1084 6597 1199 1549 6598 1200 1550 6599 1343 1551 6600 1342 1030 6601 1359 1311 6602 1863 1552 6603 1852 1398 6604 1262 1553 6605 1520 1554 6606 1499 1555 6607 1498 1556 6608 1228 1557 6609 1229 1218 6610 1917 1217 6611 1088 1558 6612 1119 1239 6613 1121 1410 6614 1430 1101 6615 1431 1559 6616 1422 1059 6617 1010 1150 6618 1011 1560 6619 992 1561 6620 997 1451 6621 1016 1562 6622 1017 1563 6623 1004 1107 6624 1022 1367 6625 1023 1366 6626 994 1564 6627 1013 1565 6628 1014 1370 6629 1312 1566 6630 1330 1567 6631 1349 1568 6632 1911 1569 6633 1214 1468 6634 1213 1570 6635 1878 1571 6636 1316 1572 6637 1317 1573 6638 1452 1574 6639 1444 1575 6640 1429 1576 6641 984 1215 6642 983 1577 6643 1005 1578 6644 1173 1579 6645 1174 1276 6646 1156 1275 6647 977 1580 6648 999 1581 6649 1000 1022 6650 1650 1582 6651 1631 1544 6652 1630 1543 6653 1103 1583 6654 1113 1271 6655 1116 1584 6656 1028 1585 6657 1029 1151 6658 1010 1150 6659 1516 1586 6660 1496 1587 6661 1495 1588 6662 1033 1517 6663 1052 1206 6664 1053 1299 6665 1553 1076 6666 1574 1482 6667 1575 1589 6668 1641 1590 6669 1623 1421 6670 1622 1540 6671 1446 978 6672 1465 1591 6673 1466 1592 6674 1051 1205 6675 1070 1248 6676 1071 1593 6677 1879 1594 6678 1867 1595 6679 1301 1596 6680 1055 1191 6681 1036 1597 6682 1035 1412 6683 1668 1598 6684 1669 1599 6685 1650 1582 6686 1313 1600 6687 1332 1313 6688 1333 1312 6689 1667 1601 6690 1648 1602 6691 1647 1603 6692 1252 1604 6693 1270 1605 6694 1271 1606 6695 1550 1607 6696 1570 1497 6697 1571 1510 6698 1318 1608 6699 1337 1609 6700 1338 1256 6701 1221 997 6702 1222 1610 6703 1902 1200 6704 1683 1137 6705 1684 1284 6706 1664 1611 6707 1688 1612 6708 1689 1613 6709 1669 1599 6710 1055 1191 6711 1074 1614 6712 1075 1615 6713 1325 1616 6714 1344 1355 6715 1345 1323 6716 1438 1243 6717 1417 1617 6718 1416 1618 6719 1054 1411 6720 1073 1301 6721 1074 1614 6722 1416 1618 6723 1417 1617 6724 1398 1619 6725 1554 1620 6726 1537 1026 6727 1527 1077 6728 1236 1621 6729 1253 1285 6730 1271 1606 6731 1257 1622 6732 1258 1623 6733 1238 999 6734 1330 1567 6735 1329 1236 6736 1348 1624 6737 1642 1419 6738 1643 1625 6739 1625 1532 6740 1436 1626 6741 1435 1627 6742 1453 1362 6743 1320 1628 6744 1339 1257 6745 1340 1629 6746 1236 1621 6747 1217 1376 6748 1235 1286 6749 1066 1630 6750 1085 1270 6751 1086 1195 6752 1681 1082 6753 1682 1002 6754 1662 1001 6755 1246 1011 6756 1264 1631 6757 1265 1365 6758 1501 1632 6759 1506 1120 6760 1507 1633 6761 1685 1283 6762 1686 1634 6763 1666 1635 6764 1393 1446 6765 1394 1636 6766 1387 1637 6767 1248 1179 6768 1266 1178 6769 1267 1336 6770 1678 1638 6771 1698 1639 6772 1699 1640 6773 1901 1641 6774 1897 1416 6775 1350 1415 6776 1696 1642 6777 1697 1643 6778 1677 1280 6779 1763 1644 6780 1783 1038 6781 1784 1162 6782 1687 1645 6783 1707 1453 6784 1708 1646 6785 1693 1339 6786 1712 1338 6787 1713 1344 6788 1476 1153 6789 1494 1441 6790 1495 1588 6791 1688 1612 6792 1708 1646 6793 1709 1647 6794 1335 1648 6795 1352 1190 6796 1353 1288 6797 985 1112 6798 986 1111 6799 1825 1216 6800 1713 1344 6801 1732 1649 6802 1733 1183 6803 1354 1289 6804 1353 1288 6805 1884 1246 6806 1497 1442 6807 1498 1556 6808 1480 1650 6809 1730 1533 6810 1747 1651 6811 1766 1019 6812 1857 1308 6813 1260 1652 6814 1259 1653 6815 1389 1488 6816 1388 1042 6817 1407 1654 6818 1720 1655 6819 1702 1656 6820 1701 1081 6821 1890 1657 6822 1364 1658 6823 1363 1659 6824 1348 1624 6825 1347 1238 6826 1363 1659 6827 1375 1660 6828 1395 1104 6829 1396 1074 6830 1499 1555 6831 1500 1661 6832 1482 1223 6833 1581 1662 6834 1582 1663 6835 1563 1664 6836 994 1564 6837 995 1369 6838 973 1520 6839 1514 1440 6840 1515 1665 6841 1495 1588 6842 1444 1575 6843 1435 1627 6844 1425 1666 6845 1361 1324 6846 1887 1667 6847 1895 1668 6848 1637 1146 6849 1638 1669 6850 1620 1528 6851 1739 1670 6852 1758 1422 6853 1759 1671 6854 1399 1321 6855 1398 1619 6856 1417 1617 6857 1760 980 6858 1780 1438 6859 1781 1672 6860 1434 1673 6861 1429 1576 6862 1413 1674 6863 1748 1513 6864 1756 1115 6865 1757 1675 6866 1040 1148 6867 1041 1394 6868 1021 1033 6869 1771 1676 6870 1772 1089 6871 1752 1677 6872 1362 1678 6873 1363 1659 6874 1347 1238 6875 1364 1658 6876 1890 1657 6877 1901 1641 6878 1788 1679 6879 1789 1680 6880 1770 1681 6881 1132 1682 6882 1153 1683 6883 1154 1684 6884 1726 1685 6885 1745 1374 6886 1746 1686 6887 1936 1687 6888 1793 1688 6889 1792 1091 6890 1773 1492 6891 1753 1689 6892 1752 1677 6893 1468 1226 6894 1501 1632 6895 1487 1690 6896 1124 1386 6897 1148 1093 6898 1149 1092 6899 1560 1478 6900 1561 1516 6901 1542 1460 6902 1023 1366 6903 1024 1691 6904 1006 1258 6905 1687 1645 6906 1686 1634 6907 1706 1454 6908 1550 1607 6909 1551 1692 6910 1536 1693 6911 1546 1694 6912 1565 1695 6913 1566 1499 6914 1613 1545 6915 1594 1068 6916 1593 1067 6917 1508 1696 6918 1507 1633 6919 1531 1697 6920 1802 1698 6921 1803 1397 6922 1784 1162 6923 1792 1091 6924 1793 1688 6925 1774 1424 6926 1543 1699 6927 1544 1700 6928 1522 1701 6929 1343 1551 6930 1324 1702 6931 1323 1703 6932 1128 1221 6933 1150 1264 6934 1151 1186 6935 1854 1048 6936 1291 1047 6937 1276 1331 6938 1548 1496 6939 1534 1097 6940 1533 1704 6941 1925 1705 6942 1795 1706 6943 1794 1707 6944 1294 1708 6945 1311 1709 6946 1291 1047 6947 1269 1291 6948 1270 1605 6949 1252 1604 6950 1502 1710 6951 1483 1711 6952 1500 1661 6953 1682 1002 6954 1702 1656 6955 1703 1138 6956 1231 1250 6957 1230 1219 6958 1248 1179 6959 1840 1712 6960 1823 1713 6961 1811 1714 6962 1406 1075 6963 1396 1074 6964 1425 1666 6965 1546 1694 6966 1523 1715 6967 1531 1697 6968 1929 1716 6969 1799 1437 6970 1798 1142 6971 1222 1610 6972 1240 1717 6973 1241 1718 6974 1416 1618 6975 1397 1529 6976 1406 1075 6977 1171 1297 6978 1172 1719 6979 1154 1684 6980 1900 1720 6981 1363 1659 6982 1362 1678 6983 1245 1010 6984 1263 1400 6985 1264 1631 6986 1578 1501 6987 1579 1503 6988 1560 1478 6989 1311 1709 6990 1877 1721 6991 1868 1722 6992 1717 1723 6993 1736 1724 6994 1737 1514 6995 1546 1694 6996 1545 1725 6997 1564 1726 6998 1210 1491 6999 1211 1435 7000 1191 1727 7001 1544 1700 7002 1563 1664 7003 1564 1726 7004 1919 1436 7005 1211 1435 7006 1210 1491 7007 1161 1085 7008 1142 1728 7009 1141 1548 7010 1592 1524 7011 1593 1067 7012 1575 1589 7013 1297 1729 7014 1298 1329 7015 1279 1241 7016 1313 1600 7017 1312 1566 7018 1331 1730 7019 1293 1052 7020 1870 1731 7021 1882 1732 7022 1851 1733 7023 1290 1734 7024 1292 1319 7025 1302 1735 7026 1864 1736 7027 1872 1737 7028 1420 1465 7029 1441 1102 7030 1430 1101 7031 1871 1738 7032 1309 1739 7033 1308 1354 7034 1591 1506 7035 1573 1481 7036 1572 1512 7037 1304 1536 7038 1873 1535 7039 1866 1740 7040 1464 1741 7041 1482 1223 7042 1500 1661 7043 1182 1445 7044 1163 1742 7045 1178 1041 7046 1429 1576 7047 1444 1575 7048 1414 1105 7049 1444 1575 7050 1452 1574 7051 1453 1362 7052 1931 1743 7053 1801 1744 7054 1800 1457 7055 1626 1745 7056 1644 1746 7057 1645 1747 7058 1198 1495 7059 1908 1402 7060 1912 1748 7061 1594 1068 7062 1613 1545 7063 1614 1534 7064 1006 1258 7065 1024 1691 7066 1025 1749 7067 1631 1544 7068 1632 1196 7069 1614 1534 7070 973 1520 7071 995 1369 7072 996 1750 7073 1041 1394 7074 1060 1393 7075 1061 1212 7076 1409 1539 7077 1427 1108 7078 1428 1168 7079 990 1135 7080 991 1751 7081 987 1752 7082 976 1753 7083 998 1452 7084 999 1581 7085 1158 1341 7086 1139 1405 7087 1137 1754 7088 1289 1755 7089 1308 1354 7090 1309 1739 7091 1001 1021 7092 1020 1427 7093 1026 1149 7094 993 1756 7095 1012 1757 7096 1013 1565 7097 996 1750 7098 1015 1371 7099 1016 1562 7100 1845 1318 7101 1858 1228 7102 1255 1061 7103 1030 1152 7104 1031 1208 7105 1012 1757 7106 1045 1181 7107 1027 1170 7108 1008 1265 7109 1877 1721 7110 1882 1732 7111 1313 1600 7112 1470 1158 7113 1471 1360 7114 1452 1574 7115 1043 1214 7116 1044 1388 7117 1024 1691 7118 1024 1691 7119 1044 1388 7120 1045 1181 7121 1392 1012 7122 1411 1758 7123 1412 1759 7124 1467 1225 7125 1486 1118 7126 1501 1632 7127 1443 1521 7128 1424 1044 7129 1423 1060 7130 1019 1023 7131 1000 1022 7132 999 1581 7133 1660 1760 7134 1661 1761 7135 1642 1419 7136 1657 1762 7137 1638 1669 7138 1637 1146 7139 1456 1154 7140 1438 1243 7141 1437 1763 7142 1242 1764 7143 1243 1765 7144 1225 1766 7145 1659 1767 7146 1660 1760 7147 1641 1590 7148 1669 1599 7149 1670 975 7150 1651 974 7151 1642 1419 7152 1661 1761 7153 1662 1001 7154 1314 1768 7155 1333 1312 7156 1334 1188 7157 1172 1719 7158 1173 1579 7159 1155 1176 7160 1825 1216 7161 978 1114 7162 979 1769 7163 1237 1770 7164 1254 1063 7165 1256 1062 7166 1049 1203 7167 1048 1202 7168 1067 1771 7169 998 1452 7170 1017 1563 7171 1018 1132 7172 1759 1671 7173 1779 1143 7174 1780 1438 7175 1722 1349 7176 1723 1006 7177 1705 1282 7178 1080 1772 7179 1079 1017 7180 1098 1016 7181 1041 1394 7182 1042 1368 7183 1022 1367 7184 1009 1773 7185 1008 1265 7186 1027 1170 7187 1913 1774 7188 1220 998 7189 1221 997 7190 1058 1408 7191 1077 1775 7192 1078 1776 7193 1921 1777 7194 1787 1778 7195 1805 1779 7196 1519 1780 7197 1500 1661 7198 1499 1555 7199 1679 1781 7200 1680 1782 7201 1660 1760 7202 1095 1304 7203 1076 1305 7204 1075 1615 7205 1616 1088 7206 1635 973 7207 1636 1783 7208 1074 1614 7209 1073 1301 7210 1092 1231 7211 1687 1645 7212 1688 1612 7213 1668 1598 7214 1170 1298 7215 1171 1297 7216 1153 1683 7217 1242 1764 7218 1224 1784 7219 1223 1785 7220 1003 1034 7221 1021 1033 7222 1022 1367 7223 1091 1786 7224 1092 1231 7225 1073 1301 7226 1905 1787 7227 1223 1785 7228 1224 1784 7229 1089 1409 7230 1070 1248 7231 1069 1247 7232 1053 1299 7233 1052 1206 7234 1071 1593 7235 1692 1357 7236 1673 1127 7237 1690 1788 7238 1697 1643 7239 1698 1639 7240 1678 1638 7241 1217 1376 7242 1236 1621 7243 1254 1063 7244 1629 1789 7245 1630 1543 7246 1612 1525 7247 1181 1484 7248 1201 1790 7249 1202 1201 7250 1230 1219 7251 1229 1218 7252 1247 1180 7253 1673 1127 7254 1654 1126 7255 1670 975 7256 1083 1791 7257 1082 1792 7258 1101 1793 7259 1283 1444 7260 1302 1735 7261 1303 1537 7262 1244 1794 7263 1262 1553 7264 1263 1400 7265 1725 1372 7266 1726 1685 7267 1708 1646 7268 1726 1685 7269 1727 1795 7270 1709 1647 7271 1511 1796 7272 1510 1430 7273 1533 1704 7274 1902 1200 7275 1222 1610 7276 1223 1785 7277 1719 1797 7278 1738 1798 7279 1739 1670 7280 1729 1328 7281 1748 1513 7282 1738 1798 7283 1865 1065 7284 1307 1064 7285 1306 1799 7286 1175 1277 7287 1194 1800 7288 1195 1470 7289 1907 1801 7290 1232 1251 7291 1233 1003 7292 1731 1129 7293 1712 1338 7294 1711 1337 7295 1890 1657 7296 1900 1720 7297 1384 1325 7298 1795 1706 7299 1796 1802 7300 1777 1117 7301 1764 1403 7302 1765 1020 7303 1746 1686 7304 1286 1480 7305 1285 1803 7306 1304 1536 7307 1114 1378 7308 1115 1392 7309 1116 1584 7310 1525 1804 7311 1558 1805 7312 1552 1806 7313 1856 1807 7314 1272 1808 7315 1261 1809 7316 1645 1747 7317 1664 1611 7318 1665 1810 7319 1751 1811 7320 1733 1183 7321 1732 1649 7322 1850 1057 7323 1267 1336 7324 1266 1178 7325 1496 1587 7326 1516 1586 7327 1517 1812 7328 1781 1672 7329 1782 1037 7330 1762 1036 7331 1733 1183 7332 1751 1811 7333 1752 1677 7334 1117 1813 7335 1118 1210 7336 1104 1193 7337 1539 1814 7338 1528 1815 7339 1502 1710 7340 1503 1816 7341 1484 1817 7342 1483 1711 7343 1654 1126 7344 1655 1140 7345 1636 1783 7346 976 1753 7347 977 1580 7348 1825 1216 7349 1157 1818 7350 1175 1277 7351 1176 1342 7352 1141 1548 7353 1115 1392 7354 1140 1406 7355 1859 1056 7356 1847 1819 7357 1269 1291 7358 1805 1779 7359 1786 1018 7360 1785 1163 7361 1493 1820 7362 1494 1441 7363 1476 1153 7364 1513 1439 7365 1524 1459 7366 1536 1693 7367 1749 1821 7368 1768 1822 7369 1769 1823 7370 1497 1442 7371 1517 1812 7372 1518 1824 7373 1513 1439 7374 1493 1820 7375 1492 1353 7376 1741 979 7377 1742 1007 7378 1723 1006 7379 1781 1672 7380 1800 1457 7381 1801 1744 7382 1503 1816 7383 1504 982 7384 1485 1825 7385 1799 1437 7386 1800 1457 7387 1781 1672 7388 1159 1340 7389 1140 1406 7390 1139 1405 7391 1541 1826 7392 1521 1461 7393 1528 1815 7394 1803 1397 7395 1804 1396 7396 1785 1163 7397 1218 1827 7398 1254 1063 7399 1237 1770 7400 1894 1828 7401 1892 1829 7402 1387 1637 7403 1923 1830 7404 1790 1831 7405 1789 1680 7406 1522 1701 7407 1544 1700 7408 1545 1725 7409 1277 1307 7410 1296 1832 7411 1297 1729 7412 1300 1833 7413 1299 1317 7414 1881 1834 7415 1757 1675 7416 1777 1117 7417 1778 1144 7418 1893 1835 7419 1356 1836 7420 1355 1837 7421 1731 1129 7422 1732 1649 7423 1713 1344 7424 1937 1838 7425 1794 1707 7426 1793 1688 7427 1147 1839 7428 1146 1383 7429 1164 1840 7430 1934 1841 7431 1789 1680 7432 1788 1679 7433 1378 1530 7434 1397 1529 7435 1398 1619 7436 1629 1789 7437 1628 1541 7438 1647 1603 7439 1390 1842 7440 1391 1013 7441 1372 1843 7442 1386 1844 7443 1405 1043 7444 1388 1042 7445 1563 1664 7446 1544 1700 7447 1543 1699 7448 1305 1845 7449 1866 1740 7450 1874 1846 7451 1238 999 7452 1258 1623 7453 1259 1653 7454 1116 1584 7455 1142 1728 7456 1143 1847 7457 1016 1562 7458 1015 1371 7459 1034 1518 7460 1859 1056 7461 1288 1055 7462 1289 1755 7463 1394 1636 7464 1413 1674 7465 1414 1105 7466 1445 977 7467 1464 1741 7468 1465 1591 7469 1350 1415 7470 1331 1730 7471 1349 1568 7472 1097 1015 7473 1109 1450 7474 1110 970 7475 1743 1008 7476 1762 1036 7477 1763 1644 7478 1546 1694 7479 1557 1848 7480 1532 1432 7481 1436 1626 7482 1437 1763 7483 1416 1618 7484 1766 1019 7485 1786 1018 7486 1768 1822 7487 1199 1549 7488 1180 1084 7489 1179 1083 7490 1201 1790 7491 1181 1484 7492 1197 1483 7493 1858 1228 7494 1274 1079 7495 1275 1046 7496 1085 1270 7497 1066 1630 7498 1065 1849 7499 1474 1268 7500 1475 1850 7501 1456 1154 7502 1559 1477 7503 1540 1476 7504 1556 1851 7505 1563 1664 7506 1582 1663 7507 1583 1429 7508 1168 1263 7509 1187 1259 7510 1188 1462 7511 1580 1515 7512 1581 1662 7513 1562 1852 7514 1187 1259 7515 1168 1263 7516 1167 1262 7517 1184 1125 7518 1165 1489 7519 1164 1840 7520 1195 1470 7521 1196 1494 7522 1177 1546 7523 970 1136 7524 1825 1216 7525 986 1111 7526 1036 1597 7527 1037 1133 7528 1018 1132 7529 1379 1853 7530 1398 1619 7531 1399 1321 7532 1285 1803 7533 1286 1480 7534 1848 1479 7535 1770 1681 7536 1771 1676 7537 1751 1811 7538 1083 1791 7539 1065 1849 7540 1046 1171 7541 1483 1711 7542 1484 1817 7543 1465 1591 7544 1552 1806 7545 1558 1805 7546 1572 1512 7547 1466 1592 7548 1467 1225 7549 1448 1110 7550 1174 1276 7551 1193 1493 7552 1194 1800 7553 1204 1124 7554 1205 1486 7555 1185 1485 7556 1122 1384 7557 1146 1383 7558 1147 1839 7559 1827 1029 7560 1806 1028 7561 1819 1854 7562 1354 1289 7563 1355 1837 7564 1338 1256 7565 1598 1086 7566 1579 1503 7567 1578 1501 7568 1566 1499 7569 1567 1855 7570 1547 1856 7571 1171 1297 7572 1190 1296 7573 1191 1727 7574 1348 1624 7575 1364 1658 7576 1365 1857 7577 1621 1527 7578 1602 1858 7579 1601 1428 7580 1298 1329 7581 1297 1729 7582 1869 1859 7583 1869 1859 7584 1297 1729 7585 1296 1832 7586 1645 1747 7587 1646 1542 7588 1634 1254 7589 1173 1579 7590 1192 1472 7591 1193 1493 7592 1628 1541 7593 1629 1789 7594 1611 1522 7595 1623 1421 7596 1624 1420 7597 1605 1070 7598 1620 1528 7599 1601 1428 7600 1600 1234 7601 1596 1347 7602 1584 1346 7603 1566 1499 7604 1622 1540 7605 1603 1345 7606 1602 1858 7607 1607 1504 7608 1608 1252 7609 1589 1509 7610 1606 1502 7611 1625 1532 7612 1626 1745 7613 1468 1226 7614 1469 1860 7615 1450 1160 7616 994 1564 7617 972 1519 7618 988 1861 7619 1048 1202 7620 1047 1172 7621 1066 1630 7622 1153 1683 7623 1132 1682 7624 1131 1390 7625 1419 1455 7626 1440 1508 7627 1441 1102 7628 992 1561 7629 971 1862 7630 987 1752 7631 982 1380 7632 983 1577 7633 1825 1216 7634 1002 1035 7635 1003 1034 7636 981 1106 7637 996 1750 7638 997 1451 7639 975 1414 7640 1567 1855 7641 1568 1121 7642 1548 1496 7643 1290 1734 7644 1309 1739 7645 1310 1053 7646 992 1561 7647 1011 1560 7648 1012 1757 7649 1879 1594 7650 1881 1834 7651 1319 1255 7652 1152 1187 7653 1151 1186 7654 1169 1863 7655 1685 1283 7656 1705 1282 7657 1706 1454 7658 1001 1021 7659 1002 1035 7660 980 1864 7661 1213 1570 7662 1214 1468 7663 1194 1800 7664 1014 1370 7665 1013 1565 7666 1032 1204 7667 1913 1774 7668 1918 1865 7669 1202 1201 7670 991 1751 7671 990 1135 7672 1009 1773 7673 1450 1160 7674 1434 1673 7675 1433 1169 7676 1825 1216 7677 980 1864 7678 981 1106 7679 1757 1675 7680 1758 1422 7681 1739 1670 7682 1509 1431 7683 1510 1430 7684 1490 1426 7685 1651 974 7686 1632 1196 7687 1631 1544 7688 1017 1563 7689 1016 1562 7690 1035 1412 7691 1639 1526 7692 1638 1669 7693 1657 1762 7694 970 1136 7695 987 1752 7696 1825 1216 7697 1436 1626 7698 1454 1458 7699 1455 1269 7700 1906 1866 7701 1903 1448 7702 1206 1261 7703 1215 1469 7704 1916 1005 7705 1909 1375 7706 1243 1765 7707 1273 1867 7708 1262 1553 7709 1920 1868 7710 1209 1464 7711 1208 1463 7712 1510 1430 7713 1511 1796 7714 1491 1352 7715 1666 1635 7716 1647 1603 7717 1646 1542 7718 1182 1445 7719 1183 1869 7720 1164 1840 7721 1652 1467 7722 1656 1466 7723 1671 1870 7724 1199 1549 7725 1912 1748 7726 1915 1871 7727 1663 1000 7728 1644 1746 7729 1643 1625 7730 1295 1332 7731 1868 1722 7732 1878 1571 7733 1083 1791 7734 1102 1381 7735 1084 1377 7736 1477 1872 7737 1478 1155 7738 1459 1103 7739 1849 1363 7740 1846 1399 7741 1283 1444 7742 1321 1873 7743 1340 1629 7744 1341 1031 7745 1328 1237 7746 1327 1273 7747 1346 1272 7748 1048 1202 7749 1029 1151 7750 1028 1585 7751 1678 1638 7752 1679 1781 7753 1659 1767 7754 1226 1281 7755 1227 1009 7756 1910 1874 7757 1059 1232 7758 1078 1776 7759 1079 1017 7760 1317 1573 7761 1316 1572 7762 1335 1648 7763 1260 1652 7764 1261 1809 7765 1241 1718 7766 1336 1287 7767 1337 1609 7768 1318 1608 7769 1247 1180 7770 1229 1218 7771 1228 1557 7772 1077 1775 7773 1058 1408 7774 1057 1306 7775 1689 1613 7776 1709 1647 7777 1710 1875 7778 1080 1772 7779 1061 1212 7780 1060 1393 7781 1657 1762 7782 1677 1280 7783 1678 1638 7784 1856 1807 7785 1280 1316 7786 1281 1315 7787 1765 1020 7788 1766 1019 7789 1747 1651 7790 1699 1640 7791 1700 1080 7792 1680 1782 7793 982 1380 7794 1004 1107 7795 1005 1578 7796 1674 1128 7797 1693 1339 7798 1694 1343 7799 1250 1876 7800 1232 1251 7801 1231 1250 7802 1078 1776 7803 1077 1775 7804 1096 1303 7805 1373 1877 7806 1372 1843 7807 1391 1013 7808 1180 1084 7809 1197 1483 7810 1162 1878 7811 1894 1828 7812 1355 1837 7813 1354 1289 7814 1666 1635 7815 1686 1634 7816 1687 1645 7817 1136 1359 7818 1138 1404 7819 1101 1793 7820 1282 1443 7821 1301 1596 7822 1302 1735 7823 1716 1879 7824 1697 1643 7825 1696 1642 7826 1475 1850 7827 1474 1268 7828 1492 1353 7829 1065 1849 7830 1066 1630 7831 1047 1172 7832 1285 1803 7833 1284 1498 7834 1303 1537 7835 1717 1723 7836 1718 1327 7837 1699 1640 7838 1188 1462 7839 1189 1490 7840 1170 1298 7841 1740 1880 7842 1759 1671 7843 1760 980 7844 1736 1724 7845 1717 1723 7846 1716 1879 7847 1488 1881 7848 1489 1882 7849 1471 1360 7850 1381 1883 7851 1400 1322 7852 1401 1166 7853 1734 1184 7854 1735 1884 7855 1716 1879 7856 1748 1513 7857 1729 1328 7858 1718 1327 7859 1102 1381 7860 1101 1793 7861 1138 1404 7862 1744 1373 7863 1725 1372 7864 1724 1425 7865 1848 1479 7866 1266 1178 7867 1265 1365 7868 1722 1349 7869 1721 1348 7870 1740 1880 7871 1615 1235 7872 1600 1234 7873 1582 1663 7874 1333 1312 7875 1351 1351 7876 1367 1189 7877 1573 1481 7878 1591 1506 7879 1592 1524 7880 1161 1085 7881 1162 1878 7882 1143 1847 7883 1673 1127 7884 1692 1357 7885 1693 1339 7886 1734 1184 7887 1752 1677 7888 1753 1689 7889 1135 972 7890 1137 1754 7891 1136 1359 7892 1237 1770 7893 1238 999 7894 1220 998 7895 1504 982 7896 1505 1119 7897 1486 1118 7898 1697 1643 7899 1716 1879 7900 1717 1723 7901 1562 1852 7902 1543 1699 7903 1542 1460 7904 1511 1796 7905 1512 1885 7906 1492 1353 7907 1081 1886 7908 1082 1792 7909 1063 1407 7910 1922 1887 7911 1788 1679 7912 1787 1778 7913 1854 1048 7914 1257 1622 7915 1256 1062 7916 1506 1120 7917 1505 1119 7918 1530 984 7919 1860 1242 7920 1279 1241 7921 1280 1316 7922 1534 1097 7923 1535 1096 7924 1512 1885 7925 1526 1078 7926 1527 1077 7927 1517 1812 7928 1537 1026 7929 1538 1025 7930 1520 1554 7931 1769 1823 7932 1770 1681 7933 1750 1131 7934 1899 1350 7935 1888 1334 7936 1371 1888 7937 1753 1689 7938 1754 1423 7939 1736 1724 7940 1889 1245 7941 1352 1190 7942 1367 1189 7943 1787 1778 7944 1788 1679 7945 1769 1823 7946 1234 1004 7947 1233 1003 7948 1251 1292 7949 1851 1733 7950 1845 1318 7951 1271 1606 7952 1775 1418 7953 1794 1707 7954 1795 1706 7955 1503 1816 7956 1502 1710 7957 1528 1815 7958 1805 1779 7959 1787 1778 7960 1768 1822 7961 1357 1045 7962 1891 1889 7963 1898 1309 7964 1165 1489 7965 1166 1094 7966 1148 1093 7967 1938 1890 7968 1803 1397 7969 1802 1698 7970 1927 1891 7971 1797 1892 7972 1796 1802 7973 1846 1399 7974 1849 1363 7975 1264 1631 7976 1915 1871 7977 1913 1774 7978 1201 1790 7979 1485 1825 7980 1466 1592 7981 1465 1591 7982 1162 1878 7983 1178 1041 7984 1144 1040 7985 1145 1039 7986 1163 1742 7987 1164 1840 7988 1607 1504 7989 1626 1745 7990 1627 1253 7991 1615 1235 7992 1581 1662 7993 1580 1515 7994 1074 1614 7995 1093 1174 7996 1094 1173 7997 1288 1055 7998 1287 1893 7999 1306 1799 8000 1089 1409 8001 1090 1197 8002 1071 1593 8003 1675 1894 8004 1676 1279 8005 1672 1145 8006 1276 1331 8007 1291 1047 8008 1311 1709 8009 1196 1494 8010 1179 1083 8011 1160 1547 8012 1586 1071 8013 1568 1121 8014 1567 1855 8015 1192 1472 8016 1173 1579 8017 1172 1719 8018 1863 1552 8019 1281 1315 8020 1282 1443 8021 1031 1208 8022 1032 1204 8023 1013 1565 8024 1851 1733 8025 1847 1819 8026 1289 1755 8027 1601 1428 8028 1602 1858 8029 1596 1347 8030 1432 976 8031 1426 1895 8032 1408 1538 8033 1774 1424 8034 1793 1688 8035 1794 1707 8036 1884 1246 8037 1374 1447 8038 1387 1637 8039 1910 1874 8040 1208 1463 8041 1207 1511 8042 1700 1080 8043 1729 1328 8044 1719 1797 8045 1720 1655 8046 1721 1348 8047 1703 1138 8048 1101 1793 8049 1082 1792 8050 1081 1886 8051 1305 1845 8052 1306 1799 8053 1287 1893 8054 1905 1787 8055 1906 1866 8056 1205 1486 8057 1435 1627 8058 1436 1626 8059 1415 1896 8060 1214 1468 8061 1911 1569 8062 1916 1005 8063 1754 1423 8064 1755 1417 8065 1737 1514 8066 1462 1897 8067 1442 1898 8068 1431 1559 8069 1903 1448 8070 1225 1766 8071 1226 1281 8072 1360 1294 8073 1368 1293 8074 1344 1355 8075 1696 1642 8076 1676 1279 8077 1675 1894 8078 1446 978 8079 1447 1109 8080 1427 1108 8081 1877 1721 8082 1311 1709 8083 1294 1708 8084 1301 1596 8085 1867 1595 8086 1864 1736 8087 1443 1521 8088 1463 1224 8089 1445 977 8090 1458 1100 8091 1459 1103 8092 1441 1102 8093 1652 1467 8094 1618 993 8095 1617 1531 8096 1825 1216 8097 987 1752 8098 971 1862 8099 1442 1898 8100 1462 1897 8101 1463 1224 8102 1881 1834 8103 1880 1330 8104 1318 1608 8105 1902 1200 8106 1905 1787 8107 1204 1124 8108 1390 1842 8109 1409 1539 8110 1410 1014 8111 1431 1559 8112 1442 1898 8113 1423 1060 8114 1137 1754 8115 1139 1405 8116 1138 1404 8117 1825 1216 8118 979 1769 8119 980 1864 8120 1409 1539 8121 1408 1538 8122 1426 1895 8123 1810 986 8124 1823 1713 8125 1840 1712 8126 1668 1598 8127 1649 1899 8128 1648 1602 8129 1329 1236 8130 1871 1738 8131 1875 1066 8132 1387 1637 8133 1394 1636 8134 1395 1104 8135 1324 1702 8136 1343 1551 8137 1344 1355 8138 1335 1648 8139 1316 1572 8140 1315 1900 8141 1701 1081 8142 1702 1656 8143 1682 1002 8144 1083 1791 8145 1064 1387 8146 1063 1407 8147 1681 1082 8148 1661 1761 8149 1660 1760 8150 1691 1141 8151 1675 1894 8152 1671 1870 8153 1684 1284 8154 1685 1283 8155 1665 1810 8156 1062 1213 8157 1061 1212 8158 1080 1772 8159 1690 1788 8160 1670 975 8161 1669 1599 8162 1240 1717 8163 1222 1610 8164 1221 997 8165 1463 1224 8166 1482 1223 8167 1464 1741 8168 1100 1901 8169 1081 1886 8170 1080 1772 8171 1525 1804 8172 1526 1078 8173 1516 1586 8174 1536 1693 8175 1525 1804 8176 1515 1665 8177 1340 1629 8178 1339 1257 8179 1356 1836 8180 1571 1510 8181 1572 1512 8182 1558 1805 8183 1659 1767 8184 1640 1902 8185 1639 1526 8186 1371 1888 8187 1370 1903 8188 1389 1488 8189 1272 1808 8190 1273 1867 8191 1243 1765 8192 1861 1389 8193 1862 1904 8194 1259 1653 8195 1077 1775 8196 1076 1305 8197 1095 1304 8198 1233 1003 8199 1232 1251 8200 1250 1876 8201 1466 1592 8202 1485 1825 8203 1486 1118 8204 1218 1827 8205 1219 1905 8206 1915 1871 8207 1487 1690 8208 1488 1881 8209 1470 1158 8210 1498 1556 8211 1499 1555 8212 1481 1222 8213 1261 1809 8214 1272 1808 8215 1242 1764 8216 1356 1836 8217 1893 1835 8218 1891 1889 8219 1434 1673 8220 1450 1160 8221 1451 1159 8222 1856 1807 8223 1863 1552 8224 1273 1867 8225 1935 1906 8226 1924 1907 8227 1792 1091 8228 1496 1587 8229 1478 1155 8230 1477 1872 8231 1908 1402 8232 1217 1376 8233 1218 1827 8234 1727 1795 8235 1746 1686 8236 1747 1651 8237 1322 1908 8238 1341 1031 8239 1342 1030 8240 1281 1315 8241 1300 1833 8242 1301 1596 8243 1508 1696 8244 1488 1881 8245 1487 1690 8246 1825 1216 8247 975 1414 8248 976 1753 8249 1122 1384 8250 1123 1385 8251 1105 1198 8252 1141 1548 8253 1142 1728 8254 1116 1584 8255 1714 1182 8256 1715 1909 8257 1696 1642 8258 1851 1733 8259 1270 1605 8260 1269 1291 8261 1226 1281 8262 1225 1766 8263 1243 1765 8264 1730 1533 8265 1749 1821 8266 1767 1130 8267 1555 1024 8268 1556 1851 8269 1539 1814 8270 1090 1197 8271 1091 1786 8272 1072 1300 8273 1509 1431 8274 1489 1882 8275 1488 1881 8276 1639 1526 8277 1640 1902 8278 1622 1540 8279 1126 1220 8280 1149 1092 8281 1150 1264 8282 1257 1622 8283 1854 1048 8284 1861 1389 8285 1457 1099 8286 1439 1098 8287 1438 1243 8288 1539 1814 8289 1519 1780 8290 1520 1554 8291 1778 1144 8292 1777 1117 8293 1796 1802 8294 1836 1910 8295 1819 1854 8296 1820 995 8297 1543 1699 8298 1530 984 8299 1529 983 8300 1828 1911 8301 1814 996 8302 1821 1050 8303 1926 1912 8304 1796 1802 8305 1795 1706 8306 1355 1837 8307 1356 1836 8308 1339 1257 8309 1479 1156 8310 1480 1650 8311 1461 1161 8312 1577 1913 8313 1556 1851 8314 1555 1024 8315 1844 1914 8316 1815 1915 8317 1809 985 8318 1939 1916 8319 1805 1779 8320 1804 1396 8321 1259 1653 8322 1260 1652 8323 1240 1717 8324 1830 1917 8325 1808 1918 8326 1815 1915 8327 1843 1919 8328 1813 1920 8329 1818 1027 8330 1822 1921 8331 1829 1922 8332 1839 1923 8333 1503 1816 8334 1521 1461 8335 1529 983 8336 1790 1831 8337 1771 1676 8338 1770 1681 8339 1596 1347 8340 1565 1695 8341 1564 1726 8342 1822 1921 8343 1808 1918 8344 1830 1917 8345 972 1519 8346 1825 1216 8347 971 1862 8348 1833 1924 8349 1811 1714 8350 1824 1925 8351 1507 1633 8352 1506 1120 8353 1522 1701 8354 1508 1696 8355 1523 1715 8356 1532 1432 8357 1842 1926 8358 1812 990 8359 1817 1927 8360 1133 1177 8361 1134 971 8362 1110 970 8363 1168 1263 8364 1169 1863 8365 1151 1186 8366 1547 1856 8367 1533 1704 8368 1532 1432 8369 1928 1928 8370 1798 1142 8371 1797 1892 8372 971 1862 8373 992 1561 8374 993 1756 8375 1834 1929 8376 1817 1927 8377 1813 1920 8378 1841 1930 8379 1824 1925 8380 1816 989 8381 1691 1141 8382 1694 1343 8383 1695 1931 8384 1518 1824 8385 1517 1812 8386 1527 1077 8387 1156 1275 8388 1157 1818 8389 1137 1754 8390 1528 1815 8391 1539 1814 8392 1556 1851 8393 1771 1676 8394 1790 1831 8395 1791 1090 8396 1643 1625 8397 1644 1746 8398 1626 1745 8399 1234 1004 8400 1235 1286 8401 1909 1375 8402 1558 1805 8403 1525 1804 8404 1536 1693 8405 977 1580 8406 978 1114 8407 1825 1216 8408 1869 1859 8409 1317 1573 8410 1318 1608 8411 1594 1068 8412 1595 1500 8413 1577 1913 8414 1608 1252 8415 1609 1932 8416 1590 1507 8417 1876 1054 8418 1310 1053 8419 1309 1739 8420 1512 1885 8421 1535 1096 8422 1524 1459 8423 1710 1875 8424 1709 1647 8425 1727 1795 8426 1597 1087 8427 1578 1501 8428 1595 1500 8429 1131 1390 8430 1132 1682 8431 1108 1302 8432 1109 1450 8433 1108 1302 8434 1132 1682 8435 1260 1652 8436 1857 1308 8437 1860 1242 8438 1069 1247 8439 1050 1207 8440 1049 1203 8441 1649 1899 8442 1630 1543 8443 1629 1789 8444 1653 991 8445 1637 1146 8446 1619 1233 8447 1935 1906 8448 1791 1090 8449 1790 1831 8450 1212 1471 8451 1904 1249 8452 1907 1801 8453 1117 1813 8454 1143 1847 8455 1144 1040 8456 1411 1758 8457 1433 1169 8458 1434 1673 8459 1185 1485 8460 1186 1260 8461 1167 1262 8462 1801 1744 8463 1802 1698 8464 1783 1038 8465 1634 1254 8466 1628 1541 8467 1610 1505 8468 1576 1069 8469 1555 1024 8470 1554 1620 8471 1476 1153 8472 1477 1872 8473 1458 1100 8474 984 1215 8475 1825 1216 8476 983 1577 8477 1209 1464 8478 1920 1868 8479 1917 1217 8480 1739 1670 8481 1740 1880 8482 1721 1348 8483 1883 1933 8484 1887 1667 8485 1361 1324 8486 1480 1650 8487 1481 1222 8488 1462 1897 8489 1069 1247 8490 1068 1278 8491 1087 1194 8492 1645 1747 8493 1644 1746 8494 1663 1000 8495 1268 1290 8496 1267 1336 8497 1850 1057 8498 1324 1702 8499 1873 1535 8500 1872 1737 8501 1320 1628 8502 1321 1873 8503 1867 1595 8504 1330 1567 8505 1876 1054 8506 1871 1738 8507 1876 1054 8508 1330 1567 8509 1312 1566 8510 1321 1873 8511 1322 1908 8512 1864 1736 8513 1873 1535 8514 1324 1702 8515 1325 1616 8516 1327 1273 8517 1865 1065 8518 1874 1846 8519 1314 1768 8520 1315 1900 8521 1868 1722 8522 1322 1908 8523 1323 1703 8524 1872 1737 8525 1325 1616 8526 1326 1274 8527 1874 1846 8528 1865 1065 8529 1327 1273 8530 1328 1237 8531 1315 1900 8532 1316 1572 8533 1878 1571 8534 1870 1731 8535 1312 1566 8536 1313 1600 8537 1381 1883 8538 1382 1165 8539 1887 1667 8540 1385 1433 8541 1386 1844 8542 1901 1641 8543 1885 1310 8544 1379 1853 8545 1380 1320 8546 1376 1073 8547 1893 1835 8548 1894 1828 8549 1383 1164 8550 1384 1325 8551 1900 1720 8552 1373 1877 8553 1374 1447 8554 1884 1246 8555 1369 1487 8556 1370 1903 8557 1886 1333 8558 1382 1165 8559 1383 1164 8560 1895 1668 8561 1891 1889 8562 1377 1934 8563 1378 1530 8564 1898 1309 8565 1378 1530 8566 1379 1853 8567 1370 1903 8568 1371 1888 8569 1888 1334 8570 1380 1320 8571 1381 1883 8572 1883 1933 8573 1386 1844 8574 1369 1487 8575 1897 1416 8576 1373 1877 8577 1889 1245 8578 1899 1350 8579 1893 1835 8580 1376 1073 8581 1377 1934 8582 1906 1866 8583 1224 1784 8584 1225 1766 8585 1219 1905 8586 1220 998 8587 1913 1774 8588 1227 1009 8589 1228 1557 8590 1920 1868 8591 1471 1360 8592 1489 1882 8593 1490 1426 8594 1413 1674 8595 1394 1636 8596 1393 1446 8597 1009 1773 8598 990 1135 8599 989 1266 8600 1932 1935 8601 1802 1698 8602 1801 1744 8603 1832 987 8604 1932 1935 8605 1931 1743 8606 1835 1936 8607 1935 1906 8608 1923 1830 8609 1829 1922 8610 1928 1928 8611 1927 1891 8612 1841 1930 8613 1939 1916 8614 1933 1395 8615 1828 1911 8616 1838 1049 8617 1926 1912 8618 1827 1029 8619 1924 1907 8620 1935 1906 8621 1838 1049 8622 1839 1923 8623 1927 1891 8624 1840 1712 8625 1938 1890 8626 1932 1935 8627 1826 988 8628 1842 1926 8629 1922 1887 8630 1842 1926 8631 1834 1929 8632 1934 1841 8633 1837 994 8634 1937 1838 8635 1936 1687 8636 1834 1929 8637 1843 1919 8638 1923 1830 8639 1841 1930 8640 1826 988 8641 1921 1777 8642 1831 1937 8643 1931 1743 8644 1930 1456 8645 1830 1917 8646 1929 1716 8647 1928 1928 8648 1837 994 8649 1828 1911 8650 1925 1705 8651 1836 1910 8652 1936 1687 8653 1924 1907 8654 1844 1914 8655 1930 1456 8656 1929 1716 8657 1833 1924 8658 1933 1395 8659 1938 1890 8660 1110 970 8661 1135 972 8662 1111 1211 8663 1635 973 8664 1670 975 8665 1654 1126 8666 1432 976 8667 1446 978 8668 1426 1895 8669 1741 979 8670 1761 981 8671 1742 1007 8672 1504 982 8673 1530 984 8674 1505 1119 8675 1809 985 8676 1832 987 8677 1831 1937 8678 1826 988 8679 1812 990 8680 1842 1926 8681 1653 991 8682 1618 993 8683 1652 1467 8684 1837 994 8685 1814 996 8686 1828 1911 8687 1221 997 8688 1238 999 8689 1239 1938 8690 1663 1000 8691 1682 1002 8692 1683 1137 8693 1233 1003 8694 1916 1005 8695 1911 1569 8696 1723 1006 8697 1743 1008 8698 1724 1425 8699 1227 1009 8700 1246 1011 8701 1228 1557 8702 1392 1012 8703 1410 1014 8704 1411 1758 8705 1097 1015 8706 1079 1017 8707 1078 1776 8708 1786 1018 8709 1765 1020 8710 1785 1163 8711 1001 1021 8712 1019 1023 8713 1020 1427 8714 1555 1024 8715 1537 1026 8716 1554 1620 8717 1818 1027 8718 1827 1029 8719 1835 1936 8720 1342 1030 8721 1358 1032 8722 1359 1311 8723 1021 1033 8724 1002 1035 8725 1026 1149 8726 1762 1036 8727 1783 1038 8728 1763 1644 8729 1145 1039 8730 1178 1041 8731 1163 1742 8732 1388 1042 8733 1424 1044 8734 1407 1654 8735 1357 1045 8736 1341 1031 8737 1340 1629 8738 1275 1046 8739 1854 1048 8740 1853 1229 8741 1838 1049 8742 1807 1051 8743 1839 1923 8744 1293 1052 8745 1876 1054 8746 1870 1731 8747 1288 1055 8748 1850 1057 8749 1287 1893 8750 1403 1058 8751 1423 1060 8752 1404 1434 8753 1255 1061 8754 1254 1063 8755 1236 1621 8756 1307 1064 8757 1875 1066 8758 1308 1354 8759 1593 1067 8760 1576 1069 8761 1575 1589 8762 1605 1070 8763 1585 1072 8764 1604 1523 8765 1376 1073 8766 1406 1075 8767 1377 1934 8768 1553 1076 8769 1526 1078 8770 1552 1806 8771 1275 1046 8772 1293 1052 8773 1294 1708 8774 1700 1080 8775 1681 1082 8776 1680 1782 8777 1179 1083 8778 1161 1085 8779 1160 1547 8780 1598 1086 8781 1616 1088 8782 1617 1531 8783 1772 1089 8784 1792 1091 8785 1773 1492 8786 1149 1092 8787 1166 1094 8788 1167 1262 8789 1549 1095 8790 1534 1097 8791 1548 1496 8792 1439 1098 8793 1458 1100 8794 1440 1508 8795 1430 1101 8796 1459 1103 8797 1460 1157 8798 1396 1074 8799 1414 1105 8800 1425 1666 8801 981 1106 8802 1004 1107 8803 982 1380 8804 1427 1108 8805 1448 1110 8806 1428 1168 8807 986 1111 8808 1007 1113 8809 989 1266 8810 978 1114 8811 1001 1021 8812 979 1769 8813 1756 1115 8814 1777 1117 8815 1757 1675 8816 1486 1118 8817 1506 1120 8818 1501 1632 8819 1568 1121 8820 1587 1122 8821 1569 1473 8822 1203 1123 8823 1184 1125 8824 1183 1869 8825 1654 1126 8826 1674 1128 8827 1655 1140 8828 1731 1129 8829 1750 1131 8830 1732 1649 8831 1018 1132 8832 1038 1134 8833 1019 1023 8834 990 1135 8835 986 1111 8836 989 1266 8837 1683 1137 8838 1704 1139 8839 1684 1284 8840 1655 1140 8841 1691 1141 8842 1656 1466 8843 1798 1142 8844 1778 1144 8845 1797 1892 8846 1672 1145 8847 1653 991 8848 1671 1870 8849 1039 1147 8850 1026 1149 8851 1020 1427 8852 1010 1150 8853 1030 1152 8854 1011 1560 8855 1476 1153 8856 1456 1154 8857 1475 1850 8858 1478 1155 8859 1460 1157 8860 1459 1103 8861 1470 1158 8862 1450 1160 8863 1469 1860 8864 1430 1101 8865 1461 1161 8866 1431 1559 8867 1784 1162 8868 1765 1020 8869 1764 1403 8870 1383 1164 8871 1401 1166 8872 1402 1326 8873 1599 1167 8874 1633 992 8875 1615 1235 8876 1410 1014 8877 1433 1169 8878 1411 1758 8879 1027 1170 8880 1047 1172 8881 1028 1585 8882 1094 1173 8883 1127 1175 8884 1107 1379 8885 1155 1176 8886 1133 1177 8887 1154 1684 8888 1266 1178 8889 1247 1180 8890 1265 1365 8891 1046 1171 8892 1045 1181 8893 1064 1387 8894 1714 1182 8895 1734 1184 8896 1715 1909 8897 1129 1185 8898 1152 1187 8899 1131 1390 8900 1334 1188 8901 1352 1190 8902 1335 1648 8903 1055 1191 8904 1037 1133 8905 1036 1597 8906 1104 1193 8907 1086 1195 8908 1103 1583 8909 1632 1196 8910 1635 973 8911 1616 1088 8912 1090 1197 8913 1106 1199 8914 1091 1786 8915 1902 1200 8916 1202 1201 8917 1918 1865 8918 1029 1151 8919 1049 1203 8920 1030 1152 8921 1032 1204 8922 1052 1206 8923 1033 1517 8924 1049 1203 8925 1031 1208 8926 1030 1152 8927 1145 1039 8928 1118 1210 8929 1144 1040 8930 1742 1007 8931 1762 1036 8932 1743 1008 8933 1098 1016 8934 1111 1211 8935 1099 1358 8936 1061 1212 8937 1043 1214 8938 1042 1368 8939 1917 1217 8940 1230 1219 8941 1919 1436 8942 1126 1220 8943 1127 1175 8944 1125 1230 8945 1481 1222 8946 1463 1224 8947 1462 1897 8948 1467 1225 8949 1449 1227 8950 1448 1110 8951 1858 1228 8952 1256 1062 8953 1255 1061 8954 1106 1199 8955 1092 1231 8956 1091 1786 8957 1059 1232 8958 1039 1147 8959 1058 1408 8960 1619 1233 8961 1615 1235 8962 1633 992 8963 1329 1236 8964 1347 1238 8965 1348 1624 8966 1118 1210 8967 1119 1239 8968 1104 1193 8969 1278 1240 8970 1860 1242 8971 1857 1308 8972 1438 1243 8973 1418 1244 8974 1417 1617 8975 1352 1190 8976 1884 1246 8977 1353 1288 8978 1069 1247 8979 1051 1205 8980 1050 1207 8981 1904 1249 8982 1232 1251 8983 1907 1801 8984 1608 1252 8985 1634 1254 8986 1609 1932 8987 1319 1255 8988 1339 1257 8989 1320 1628 8990 984 1215 8991 1007 1113 8992 985 1112 8993 1187 1259 8994 1206 1261 8995 1207 1511 8996 1167 1262 8997 1150 1264 8998 1149 1092 8999 1008 1265 9000 1007 1113 9001 1025 1749 9002 1473 1267 9003 1455 1269 9004 1454 1458 9005 1086 1195 9006 1113 1271 9007 1103 1583 9008 1346 1272 9009 1326 1274 9010 1345 1323 9011 1156 1275 9012 1175 1277 9013 1157 1818 9014 1086 1195 9015 1068 1278 9016 1067 1771 9017 1672 1145 9018 1677 1280 9019 1657 1762 9020 1245 1010 9021 1226 1281 9022 1244 1794 9023 1705 1282 9024 1684 1284 9025 1704 1139 9026 1253 1285 9027 1234 1004 9028 1252 1604 9029 1125 1230 9030 1093 1174 9031 1092 1231 9032 1336 1287 9033 1354 1289 9034 1337 1609 9035 1268 1290 9036 1251 1292 9037 1250 1876 9038 1368 1293 9039 1896 1295 9040 1883 1933 9041 1190 1296 9042 1170 1298 9043 1189 1490 9044 1053 1299 9045 1073 1301 9046 1054 1411 9047 1108 1302 9048 1095 1304 9049 1130 1391 9050 1076 1305 9051 1056 1192 9052 1075 1615 9053 1277 1307 9054 1857 1308 9055 1862 1904 9056 1898 1309 9057 1359 1311 9058 1358 1032 9059 1333 1312 9060 1366 1314 9061 1351 1351 9062 1281 1315 9063 1299 1317 9064 1300 1833 9065 1845 1318 9066 1274 1079 9067 1858 1228 9068 1380 1320 9069 1400 1322 9070 1381 1883 9071 1346 1272 9072 1361 1324 9073 1362 1678 9074 1384 1325 9075 1402 1326 9076 1403 1058 9077 1718 1327 9078 1700 1080 9079 1699 1640 9080 1299 1317 9081 1880 1330 9082 1881 1834 9083 1277 1307 9084 1295 1332 9085 1296 1832 9086 1366 1314 9087 1888 1334 9088 1351 1351 9089 1249 1335 9090 1268 1290 9091 1250 1876 9092 1711 1337 9093 1693 1339 9094 1692 1357 9095 1159 1340 9096 1176 1342 9097 1177 1546 9098 1694 1343 9099 1714 1182 9100 1695 1931 9101 1603 1345 9102 1596 1347 9103 1602 1858 9104 1721 1348 9105 1704 1139 9106 1703 1138 9107 1899 1350 9108 1351 1351 9109 1888 1334 9110 1491 1352 9111 1474 1268 9112 1473 1267 9113 1288 1055 9114 1308 1354 9115 1289 1755 9116 1344 1355 9117 1361 1324 9118 1345 1323 9119 1728 1356 9120 1692 1357 9121 1710 1875 9122 1885 1310 9123 1360 1294 9124 1359 1311 9125 1099 1358 9126 1136 1359 9127 1100 1901 9128 1471 1360 9129 1453 1362 9130 1452 1574 9131 1849 1363 9132 1265 1365 9133 1264 1631 9134 1023 1366 9135 1042 1368 9136 1043 1214 9137 995 1369 9138 1015 1371 9139 996 1750 9140 1725 1372 9141 1745 1374 9142 1726 1685 9143 1909 1375 9144 1217 1376 9145 1908 1402 9146 1085 1270 9147 1114 1378 9148 1113 1271 9149 1128 1221 9150 1107 1379 9151 1127 1175 9152 1084 1377 9153 1112 1382 9154 1114 1378 9155 1146 1383 9156 1120 1209 9157 1145 1039 9158 1037 1133 9159 1057 1306 9160 1038 1134 9161 1126 1220 9162 1106 1199 9163 1124 1386 9164 1105 1198 9165 1124 1386 9166 1106 1199 9167 1087 1194 9168 1119 1239 9169 1088 1558 9170 1064 1387 9171 1044 1388 9172 1063 1407 9173 1861 1389 9174 1277 1307 9175 1862 1904 9176 1129 1185 9177 1130 1391 9178 1107 1379 9179 1115 1392 9180 1112 1382 9181 1140 1406 9182 1059 1232 9183 1041 1394 9184 1040 1148 9185 1933 1395 9186 1803 1397 9187 1938 1890 9188 1852 1398 9189 1263 1400 9190 1262 1553 9191 1031 1208 9192 1051 1205 9193 1032 1204 9194 1216 1401 9195 1908 1402 9196 1198 1495 9197 1764 1403 9198 1744 1373 9199 1763 1644 9200 1138 1404 9201 1140 1406 9202 1112 1382 9203 1062 1213 9204 1044 1388 9205 1043 1214 9206 1038 1134 9207 1058 1408 9208 1039 1147 9209 1089 1409 9210 1105 1198 9211 1090 1197 9212 1053 1299 9213 1035 1412 9214 1034 1518 9215 1121 1410 9216 1120 1209 9217 1122 1384 9218 1094 1173 9219 1130 1391 9220 1095 1304 9221 1350 1415 9222 1886 1333 9223 1366 1314 9224 1756 1115 9225 1775 1418 9226 1776 1116 9227 1642 1419 9228 1623 1421 9229 1641 1590 9230 1758 1422 9231 1779 1143 9232 1759 1671 9233 1754 1423 9234 1775 1418 9235 1755 1417 9236 1705 1282 9237 1724 1425 9238 1706 1454 9239 1134 971 9240 1156 1275 9241 1135 972 9242 1472 1361 9243 1491 1352 9244 1473 1267 9245 1038 1134 9246 1020 1427 9247 1019 1023 9248 1600 1234 9249 1583 1429 9250 1582 1663 9251 1298 1329 9252 1280 1316 9253 1279 1241 9254 1510 1430 9255 1532 1432 9256 1533 1704 9257 1148 1093 9258 1123 1385 9259 1147 1839 9260 1385 1433 9261 1405 1043 9262 1386 1844 9263 1211 1435 9264 1904 1249 9265 1212 1471 9266 1798 1142 9267 1780 1438 9268 1779 1143 9269 1513 1439 9270 1494 1441 9271 1493 1820 9272 1497 1442 9273 1478 1155 9274 1496 1587 9275 1293 1052 9276 1292 1319 9277 1310 1053 9278 1852 1398 9279 1283 1444 9280 1846 1399 9281 1182 1445 9282 1203 1123 9283 1183 1869 9284 1392 1012 9285 1374 1447 9286 1373 1877 9287 1206 1261 9288 1914 1449 9289 1207 1511 9290 1096 1303 9291 1109 1450 9292 1097 1015 9293 1231 1250 9294 1919 1436 9295 1230 1219 9296 1403 1058 9297 1385 1433 9298 1384 1325 9299 1350 1415 9300 1332 1313 9301 1331 1730 9302 975 1414 9303 998 1452 9304 976 1753 9305 1725 1372 9306 1706 1454 9307 1724 1425 9308 1404 1434 9309 1424 1044 9310 1405 1043 9311 1418 1244 9312 1400 1322 9313 1399 1321 9314 1930 1456 9315 1799 1437 9316 1929 1716 9317 1473 1267 9318 1453 1362 9319 1472 1361 9320 1524 1459 9321 1549 1095 9322 1550 1607 9323 1542 1460 9324 1521 1461 9325 1541 1826 9326 1188 1462 9327 1209 1464 9328 1189 1490 9329 1420 1465 9330 1400 1322 9331 1419 1455 9332 1655 1140 9333 1652 1467 9334 1636 1783 9335 1214 1468 9336 1195 1470 9337 1194 1800 9338 1211 1435 9339 1192 1472 9340 1191 1727 9341 1569 1473 9342 1588 1474 9343 1570 1497 9344 1402 1326 9345 1422 1059 9346 1403 1058 9347 1540 1476 9348 1560 1478 9349 1541 1826 9350 1850 1057 9351 1286 1480 9352 1287 1893 9353 1573 1481 9354 1553 1076 9355 1552 1806 9356 1401 1166 9357 1421 1475 9358 1402 1326 9359 1197 1483 9360 1178 1041 9361 1162 1878 9362 1185 1485 9363 1206 1261 9364 1186 1260 9365 1369 1487 9366 1389 1488 9367 1370 1903 9368 1185 1485 9369 1165 1489 9370 1184 1125 9371 1189 1490 9372 1210 1491 9373 1190 1296 9374 1773 1492 9375 1754 1423 9376 1753 1689 9377 1193 1493 9378 1212 1471 9379 1213 1570 9380 1196 1494 9381 1198 1495 9382 1179 1083 9383 1548 1496 9384 1569 1473 9385 1549 1095 9386 1549 1095 9387 1570 1497 9388 1550 1607 9389 1855 1364 9390 1284 1498 9391 1285 1803 9392 1215 1469 9393 1196 1494 9394 1195 1470 9395 1566 1499 9396 1585 1072 9397 1567 1855 9398 1595 1500 9399 1559 1477 9400 1577 1913 9401 1449 1227 9402 1428 1168 9403 1448 1110 9404 1605 1070 9405 1587 1122 9406 1586 1071 9407 1579 1503 9408 1599 1167 9409 1580 1515 9410 1606 1502 9411 1588 1474 9412 1587 1122 9413 1610 1505 9414 1590 1507 9415 1609 1932 9416 1439 1098 9417 1419 1455 9418 1418 1244 9419 1588 1474 9420 1571 1510 9421 1570 1497 9422 1207 1511 9423 1188 1462 9424 1187 1259 9425 1589 1509 9426 1572 1512 9427 1571 1510 9428 1756 1115 9429 1737 1514 9430 1755 1417 9431 1579 1503 9432 1561 1516 9433 1560 1478 9434 1033 1517 9435 1015 1371 9436 1014 1370 9437 1424 1044 9438 1432 976 9439 1407 1654 9440 1591 1506 9441 1611 1522 9442 1592 1524 9443 1603 1345 9444 1585 1072 9445 1584 1346 9446 1592 1524 9447 1612 1525 9448 1593 1067 9449 1639 1526 9450 1620 1528 9451 1638 1669 9452 1406 1075 9453 1378 1530 9454 1377 1934 9455 1617 1531 9456 1599 1167 9457 1598 1086 9458 1624 1420 9459 1606 1502 9460 1605 1070 9461 1730 1533 9462 1728 1356 9463 1747 1651 9464 1597 1087 9465 1632 1196 9466 1616 1088 9467 1873 1535 9468 1303 1537 9469 1872 1737 9470 1389 1488 9471 1409 1539 9472 1390 1842 9473 1622 1540 9474 1604 1523 9475 1603 1345 9476 1628 1541 9477 1646 1542 9478 1647 1603 9479 1630 1543 9480 1613 1545 9481 1612 1525 9482 1177 1546 9483 1141 1548 9484 1159 1340 9485 1180 1084 9486 1200 1550 9487 1197 1483 9488 1343 1551 9489 1359 1311 9490 1360 1294 9491 1863 1552 9492 1262 1553 9493 1273 1867 9494 1520 1554 9495 1498 1556 9496 1518 1824 9497 1228 1557 9498 1917 1217 9499 1920 1868 9500 1088 1558 9501 1121 1410 9502 1089 1409 9503 1430 1101 9504 1422 1059 9505 1421 1475 9506 1010 1150 9507 992 1561 9508 991 1751 9509 997 1451 9510 1017 1563 9511 998 1452 9512 1004 1107 9513 1023 1366 9514 1005 1578 9515 994 1564 9516 1014 1370 9517 995 1369 9518 1312 1566 9519 1349 1568 9520 1331 1730 9521 1911 1569 9522 1213 1570 9523 1907 1801 9524 1878 1571 9525 1317 1573 9526 1869 1859 9527 1452 1574 9528 1429 1576 9529 1451 1159 9530 984 1215 9531 1005 1578 9532 1006 1258 9533 1173 1579 9534 1156 1275 9535 1155 1176 9536 977 1580 9537 1000 1022 9538 978 1114 9539 1650 1582 9540 1630 1543 9541 1649 1899 9542 1103 1583 9543 1116 1584 9544 1117 1813 9545 1028 1585 9546 1010 1150 9547 1009 1773 9548 1516 1586 9549 1495 1588 9550 1515 1665 9551 1033 1517 9552 1053 1299 9553 1034 1518 9554 1553 1076 9555 1575 1589 9556 1554 1620 9557 1641 1590 9558 1622 1540 9559 1640 1902 9560 1446 978 9561 1466 1592 9562 1447 1109 9563 1051 1205 9564 1071 1593 9565 1052 1206 9566 1879 1594 9567 1301 1596 9568 1300 1833 9569 1055 1191 9570 1035 1412 9571 1054 1411 9572 1668 1598 9573 1650 1582 9574 1649 1899 9575 1313 1600 9576 1333 1312 9577 1314 1768 9578 1667 1601 9579 1647 1603 9580 1666 1635 9581 1252 1604 9582 1271 1606 9583 1253 1285 9584 1550 1607 9585 1571 1510 9586 1551 1692 9587 1318 1608 9588 1338 1256 9589 1319 1255 9590 1221 997 9591 1902 1200 9592 1918 1865 9593 1683 1137 9594 1664 1611 9595 1663 1000 9596 1688 1612 9597 1669 1599 9598 1668 1598 9599 1055 1191 9600 1075 1615 9601 1056 1192 9602 1325 1616 9603 1345 1323 9604 1326 1274 9605 1438 1243 9606 1416 1618 9607 1437 1763 9608 1054 1411 9609 1074 1614 9610 1055 1191 9611 1416 1618 9612 1398 1619 9613 1397 1529 9614 1554 1620 9615 1527 1077 9616 1553 1076 9617 1236 1621 9618 1271 1606 9619 1255 1061 9620 1257 1622 9621 1238 999 9622 1237 1770 9623 1330 1567 9624 1348 1624 9625 1349 1568 9626 1642 1419 9627 1625 1532 9628 1624 1420 9629 1436 1626 9630 1453 1362 9631 1454 1458 9632 1320 1628 9633 1340 1629 9634 1321 1873 9635 1236 1621 9636 1235 1286 9637 1253 1285 9638 1066 1630 9639 1086 1195 9640 1067 1771 9641 1681 1082 9642 1662 1001 9643 1661 1761 9644 1246 1011 9645 1265 1365 9646 1247 1180 9647 1501 1632 9648 1507 1633 9649 1487 1690 9650 1685 1283 9651 1666 1635 9652 1665 1810 9653 1393 1446 9654 1387 1637 9655 1374 1447 9656 1248 1179 9657 1267 1336 9658 1249 1335 9659 1678 1638 9660 1699 1640 9661 1679 1781 9662 1901 1641 9663 1350 1415 9664 1365 1857 9665 1696 1642 9666 1677 1280 9667 1676 1279 9668 1763 1644 9669 1784 1162 9670 1764 1403 9671 1687 1645 9672 1708 1646 9673 1688 1612 9674 1693 1339 9675 1713 1344 9676 1694 1343 9677 1476 1153 9678 1495 1588 9679 1477 1872 9680 1688 1612 9681 1709 1647 9682 1689 1613 9683 1335 1648 9684 1353 1288 9685 1336 1287 9686 1713 1344 9687 1733 1183 9688 1714 1182 9689 1354 1289 9690 1884 1246 9691 1892 1829 9692 1497 1442 9693 1480 1650 9694 1479 1156 9695 1730 1533 9696 1766 1019 9697 1749 1821 9698 1857 1308 9699 1259 1653 9700 1862 1904 9701 1389 1488 9702 1407 1654 9703 1408 1538 9704 1720 1655 9705 1701 1081 9706 1719 1797 9707 1890 1657 9708 1363 1659 9709 1900 1720 9710 1348 1624 9711 1363 1659 9712 1364 1658 9713 1375 1660 9714 1396 1074 9715 1376 1073 9716 1499 1555 9717 1482 1223 9718 1481 1222 9719 1581 1662 9720 1563 1664 9721 1562 1852 9722 994 1564 9723 973 1520 9724 972 1519 9725 1514 1440 9726 1495 1588 9727 1494 1441 9728 1444 1575 9729 1425 1666 9730 1414 1105 9731 1361 1324 9732 1895 1668 9733 1362 1678 9734 1637 1146 9735 1620 1528 9736 1619 1233 9737 1739 1670 9738 1759 1671 9739 1740 1880 9740 1399 1321 9741 1417 1617 9742 1418 1244 9743 1760 980 9744 1781 1672 9745 1761 981 9746 1434 1673 9747 1413 1674 9748 1412 1759 9749 1748 1513 9750 1757 1675 9751 1738 1798 9752 1040 1148 9753 1021 1033 9754 1026 1149 9755 1771 1676 9756 1752 1677 9757 1751 1811 9758 1362 1678 9759 1347 1238 9760 1346 1272 9761 1364 1658 9762 1901 1641 9763 1365 1857 9764 1788 1679 9765 1770 1681 9766 1769 1823 9767 1132 1682 9768 1154 1684 9769 1133 1177 9770 1726 1685 9771 1746 1686 9772 1727 1795 9773 1936 1687 9774 1792 1091 9775 1924 1907 9776 1773 1492 9777 1752 1677 9778 1772 1089 9779 1468 1226 9780 1487 1690 9781 1469 1860 9782 1124 1386 9783 1149 1092 9784 1126 1220 9785 1560 1478 9786 1542 1460 9787 1541 1826 9788 1023 1366 9789 1006 1258 9790 1005 1578 9791 1687 1645 9792 1706 1454 9793 1707 1453 9794 1550 1607 9795 1536 1693 9796 1524 1459 9797 1546 1694 9798 1566 1499 9799 1557 1848 9800 1613 1545 9801 1593 1067 9802 1612 1525 9803 1508 1696 9804 1531 1697 9805 1523 1715 9806 1802 1698 9807 1784 1162 9808 1783 1038 9809 1792 1091 9810 1774 1424 9811 1773 1492 9812 1543 1699 9813 1522 1701 9814 1530 984 9815 1343 1551 9816 1323 1703 9817 1342 1030 9818 1128 1221 9819 1151 1186 9820 1129 1185 9821 1854 1048 9822 1276 1331 9823 1861 1389 9824 1548 1496 9825 1533 1704 9826 1547 1856 9827 1925 1705 9828 1794 1707 9829 1937 1838 9830 1294 1708 9831 1291 1047 9832 1275 1046 9833 1269 1291 9834 1252 1604 9835 1251 1292 9836 1502 1710 9837 1500 1661 9838 1519 1780 9839 1682 1002 9840 1703 1138 9841 1683 1137 9842 1231 1250 9843 1248 1179 9844 1249 1335 9845 1840 1712 9846 1811 1714 9847 1833 1924 9848 1406 1075 9849 1425 1666 9850 1415 1896 9851 1546 1694 9852 1531 1697 9853 1545 1725 9854 1929 1716 9855 1798 1142 9856 1928 1928 9857 1222 1610 9858 1241 1718 9859 1223 1785 9860 1416 1618 9861 1406 1075 9862 1415 1896 9863 1171 1297 9864 1154 1684 9865 1153 1683 9866 1900 1720 9867 1362 1678 9868 1895 1668 9869 1245 1010 9870 1264 1631 9871 1246 1011 9872 1578 1501 9873 1560 1478 9874 1559 1477 9875 1311 1709 9876 1868 1722 9877 1295 1332 9878 1717 1723 9879 1737 1514 9880 1718 1327 9881 1546 1694 9882 1564 1726 9883 1565 1695 9884 1210 1491 9885 1191 1727 9886 1190 1296 9887 1544 1700 9888 1564 1726 9889 1545 1725 9890 1919 1436 9891 1210 1491 9892 1917 1217 9893 1161 1085 9894 1141 1548 9895 1160 1547 9896 1592 1524 9897 1575 1589 9898 1574 1482 9899 1297 1729 9900 1279 1241 9901 1278 1240 9902 1313 1600 9903 1331 1730 9904 1332 1313 9905 1293 1052 9906 1882 1732 9907 1294 1708 9908 1851 1733 9909 1292 1319 9910 1845 1318 9911 1302 1735 9912 1872 1737 9913 1303 1537 9914 1420 1465 9915 1430 1101 9916 1421 1475 9917 1871 1738 9918 1308 1354 9919 1875 1066 9920 1591 1506 9921 1572 1512 9922 1590 1507 9923 1304 1536 9924 1866 1740 9925 1305 1845 9926 1464 1741 9927 1500 1661 9928 1483 1711 9929 1182 1445 9930 1178 1041 9931 1181 1484 9932 1429 1576 9933 1414 1105 9934 1413 1674 9935 1444 1575 9936 1453 1362 9937 1435 1627 9938 1931 1743 9939 1800 1457 9940 1930 1456 9941 1626 1745 9942 1645 1747 9943 1627 1253 9944 1198 1495 9945 1912 1748 9946 1199 1549 9947 1594 1068 9948 1614 1534 9949 1595 1500 9950 1006 1258 9951 1025 1749 9952 1007 1113 9953 1631 1544 9954 1614 1534 9955 1613 1545 9956 973 1520 9957 996 1750 9958 974 1413 9959 1041 1394 9960 1061 1212 9961 1042 1368 9962 1409 1539 9963 1428 1168 9964 1410 1014 9965 990 1135 9966 987 1752 9967 970 1136 9968 976 1753 9969 999 1581 9970 977 1580 9971 1158 1341 9972 1137 1754 9973 1157 1818 9974 1289 1755 9975 1309 1739 9976 1290 1734 9977 1001 1021 9978 1026 1149 9979 1002 1035 9980 993 1756 9981 1013 1565 9982 994 1564 9983 996 1750 9984 1016 1562 9985 997 1451 9986 1845 1318 9987 1255 1061 9988 1271 1606 9989 1030 1152 9990 1012 1757 9991 1011 1560 9992 1045 1181 9993 1008 1265 9994 1025 1749 9995 1877 1721 9996 1313 1600 9997 1314 1768 9998 1470 1158 9999 1452 1574 10000 1451 1159 10001 1043 1214 10002 1024 1691 10003 1023 1366 10004 1024 1691 10005 1045 1181 10006 1025 1749 10007 1392 1012 10008 1412 1759 10009 1393 1446 10010 1467 1225 10011 1501 1632 10012 1468 1226 10013 1443 1521 10014 1423 1060 10015 1442 1898 10016 1019 1023 10017 999 1581 10018 1018 1132 10019 1660 1760 10020 1642 1419 10021 1641 1590 10022 1657 1762 10023 1637 1146 10024 1672 1145 10025 1456 1154 10026 1437 1763 10027 1455 1269 10028 1242 1764 10029 1225 1766 10030 1224 1784 10031 1659 1767 10032 1641 1590 10033 1640 1902 10034 1669 1599 10035 1651 974 10036 1650 1582 10037 1642 1419 10038 1662 1001 10039 1643 1625 10040 1314 1768 10041 1334 1188 10042 1315 1900 10043 1172 1719 10044 1155 1176 10045 1154 1684 10046 1237 1770 10047 1256 1062 10048 1257 1622 10049 1049 1203 10050 1067 1771 10051 1068 1278 10052 998 1452 10053 1018 1132 10054 999 1581 10055 1759 1671 10056 1780 1438 10057 1760 980 10058 1722 1349 10059 1705 1282 10060 1704 1139 10061 1080 1772 10062 1098 1016 10063 1099 1358 10064 1041 1394 10065 1022 1367 10066 1021 1033 10067 1009 1773 10068 1027 1170 10069 1028 1585 10070 1913 1774 10071 1221 997 10072 1918 1865 10073 1058 1408 10074 1078 1776 10075 1059 1232 10076 1921 1777 10077 1805 1779 10078 1939 1916 10079 1519 1780 10080 1499 1555 10081 1520 1554 10082 1679 1781 10083 1660 1760 10084 1659 1767 10085 1095 1304 10086 1075 1615 10087 1094 1173 10088 1616 1088 10089 1636 1783 10090 1617 1531 10091 1074 1614 10092 1092 1231 10093 1093 1174 10094 1687 1645 10095 1668 1598 10096 1667 1601 10097 1170 1298 10098 1153 1683 10099 1152 1187 10100 1242 1764 10101 1223 1785 10102 1241 1718 10103 1003 1034 10104 1022 1367 10105 1004 1107 10106 1091 1786 10107 1073 1301 10108 1072 1300 10109 1905 1787 10110 1224 1784 10111 1906 1866 10112 1089 1409 10113 1069 1247 10114 1088 1558 10115 1053 1299 10116 1071 1593 10117 1072 1300 10118 1692 1357 10119 1690 1788 10120 1710 1875 10121 1697 1643 10122 1678 1638 10123 1677 1280 10124 1217 1376 10125 1254 1063 10126 1218 1827 10127 1629 1789 10128 1612 1525 10129 1611 1522 10130 1181 1484 10131 1202 1201 10132 1182 1445 10133 1230 1219 10134 1247 1180 10135 1248 1179 10136 1673 1127 10137 1670 975 10138 1690 1788 10139 1083 1791 10140 1101 1793 10141 1102 1381 10142 1283 1444 10143 1303 1537 10144 1284 1498 10145 1244 1794 10146 1263 1400 10147 1245 1010 10148 1725 1372 10149 1708 1646 10150 1707 1453 10151 1726 1685 10152 1709 1647 10153 1708 1646 10154 1511 1796 10155 1533 1704 10156 1534 1097 10157 1902 1200 10158 1223 1785 10159 1905 1787 10160 1719 1797 10161 1739 1670 10162 1720 1655 10163 1729 1328 10164 1738 1798 10165 1719 1797 10166 1865 1065 10167 1306 1799 10168 1874 1846 10169 1175 1277 10170 1195 1470 10171 1176 1342 10172 1907 1801 10173 1233 1003 10174 1911 1569 10175 1731 1129 10176 1711 1337 10177 1730 1533 10178 1890 1657 10179 1384 1325 10180 1385 1433 10181 1795 1706 10182 1777 1117 10183 1776 1116 10184 1764 1403 10185 1746 1686 10186 1745 1374 10187 1286 1480 10188 1304 1536 10189 1305 1845 10190 1114 1378 10191 1116 1584 10192 1113 1271 10193 1525 1804 10194 1552 1806 10195 1526 1078 10196 1856 1807 10197 1261 1809 10198 1860 1242 10199 1645 1747 10200 1665 1810 10201 1646 1542 10202 1751 1811 10203 1732 1649 10204 1750 1131 10205 1850 1057 10206 1266 1178 10207 1848 1479 10208 1496 1587 10209 1517 1812 10210 1497 1442 10211 1781 1672 10212 1762 1036 10213 1761 981 10214 1733 1183 10215 1752 1677 10216 1734 1184 10217 1117 1813 10218 1104 1193 10219 1103 1583 10220 1539 1814 10221 1502 1710 10222 1519 1780 10223 1503 1816 10224 1483 1711 10225 1502 1710 10226 1654 1126 10227 1636 1783 10228 1635 973 10229 1157 1818 10230 1176 1342 10231 1158 1341 10232 1141 1548 10233 1140 1406 10234 1159 1340 10235 1859 1056 10236 1269 1291 10237 1268 1290 10238 1805 1779 10239 1785 1163 10240 1804 1396 10241 1493 1820 10242 1476 1153 10243 1475 1850 10244 1513 1439 10245 1536 1693 10246 1514 1440 10247 1749 1821 10248 1769 1823 10249 1767 1130 10250 1497 1442 10251 1518 1824 10252 1498 1556 10253 1513 1439 10254 1492 1353 10255 1512 1885 10256 1741 979 10257 1723 1006 10258 1722 1349 10259 1781 1672 10260 1801 1744 10261 1782 1037 10262 1503 1816 10263 1485 1825 10264 1484 1817 10265 1799 1437 10266 1781 1672 10267 1780 1438 10268 1159 1340 10269 1139 1405 10270 1158 1341 10271 1541 1826 10272 1528 1815 10273 1540 1476 10274 1803 1397 10275 1785 1163 10276 1784 1162 10277 1218 1827 10278 1237 1770 10279 1219 1905 10280 1894 1828 10281 1387 1637 10282 1375 1660 10283 1923 1830 10284 1789 1680 10285 1934 1841 10286 1522 1701 10287 1545 1725 10288 1531 1697 10289 1277 1307 10290 1297 1729 10291 1278 1240 10292 1300 1833 10293 1881 1834 10294 1879 1594 10295 1757 1675 10296 1778 1144 10297 1758 1422 10298 1893 1835 10299 1355 1837 10300 1894 1828 10301 1731 1129 10302 1713 1344 10303 1712 1338 10304 1937 1838 10305 1793 1688 10306 1936 1687 10307 1147 1839 10308 1164 1840 10309 1165 1489 10310 1934 1841 10311 1788 1679 10312 1922 1887 10313 1378 1530 10314 1398 1619 10315 1379 1853 10316 1629 1789 10317 1647 1603 10318 1648 1602 10319 1390 1842 10320 1372 1843 10321 1371 1888 10322 1386 1844 10323 1388 1042 10324 1369 1487 10325 1563 1664 10326 1543 1699 10327 1562 1852 10328 1305 1845 10329 1874 1846 10330 1306 1799 10331 1238 999 10332 1259 1653 10333 1239 1938 10334 1116 1584 10335 1143 1847 10336 1117 1813 10337 1016 1562 10338 1034 1518 10339 1035 1412 10340 1859 1056 10341 1289 1755 10342 1847 1819 10343 1394 1636 10344 1414 1105 10345 1395 1104 10346 1445 977 10347 1465 1591 10348 1446 978 10349 1350 1415 10350 1349 1568 10351 1365 1857 10352 1097 1015 10353 1110 970 10354 1098 1016 10355 1743 1008 10356 1763 1644 10357 1744 1373 10358 1546 1694 10359 1532 1432 10360 1523 1715 10361 1436 1626 10362 1416 1618 10363 1415 1896 10364 1766 1019 10365 1768 1822 10366 1749 1821 10367 1199 1549 10368 1179 1083 10369 1198 1495 10370 1201 1790 10371 1197 1483 10372 1200 1550 10373 1858 1228 10374 1275 1046 10375 1853 1229 10376 1085 1270 10377 1065 1849 10378 1084 1377 10379 1474 1268 10380 1456 1154 10381 1455 1269 10382 1559 1477 10383 1556 1851 10384 1577 1913 10385 1563 1664 10386 1583 1429 10387 1564 1726 10388 1168 1263 10389 1188 1462 10390 1169 1863 10391 1580 1515 10392 1562 1852 10393 1561 1516 10394 1187 1259 10395 1167 1262 10396 1186 1260 10397 1184 1125 10398 1164 1840 10399 1183 1869 10400 1195 1470 10401 1177 1546 10402 1176 1342 10403 1036 1597 10404 1018 1132 10405 1017 1563 10406 1379 1853 10407 1399 1321 10408 1380 1320 10409 1285 1803 10410 1848 1479 10411 1855 1364 10412 1770 1681 10413 1751 1811 10414 1750 1131 10415 1083 1791 10416 1046 1171 10417 1064 1387 10418 1483 1711 10419 1465 1591 10420 1464 1741 10421 1552 1806 10422 1572 1512 10423 1573 1481 10424 1466 1592 10425 1448 1110 10426 1447 1109 10427 1174 1276 10428 1194 1800 10429 1175 1277 10430 1204 1124 10431 1185 1485 10432 1184 1125 10433 1122 1384 10434 1147 1839 10435 1123 1385 10436 1827 1029 10437 1819 1854 10438 1836 1910 10439 1354 1289 10440 1338 1256 10441 1337 1609 10442 1598 1086 10443 1578 1501 10444 1597 1087 10445 1566 1499 10446 1547 1856 10447 1557 1848 10448 1171 1297 10449 1191 1727 10450 1172 1719 10451 1348 1624 10452 1365 1857 10453 1349 1568 10454 1621 1527 10455 1601 1428 10456 1620 1528 10457 1298 1329 10458 1869 1859 10459 1880 1330 10460 1869 1859 10461 1296 1832 10462 1878 1571 10463 1645 1747 10464 1634 1254 10465 1627 1253 10466 1173 1579 10467 1193 1493 10468 1174 1276 10469 1628 1541 10470 1611 1522 10471 1610 1505 10472 1623 1421 10473 1605 1070 10474 1604 1523 10475 1620 1528 10476 1600 1234 10477 1619 1233 10478 1596 1347 10479 1566 1499 10480 1565 1695 10481 1622 1540 10482 1602 1858 10483 1621 1527 10484 1607 1504 10485 1589 1509 10486 1588 1474 10487 1606 1502 10488 1626 1745 10489 1607 1504 10490 1468 1226 10491 1450 1160 10492 1449 1227 10493 994 1564 10494 988 1861 10495 993 1756 10496 1048 1202 10497 1066 1630 10498 1067 1771 10499 1153 1683 10500 1131 1390 10501 1152 1187 10502 1419 1455 10503 1441 1102 10504 1420 1465 10505 992 1561 10506 987 1752 10507 991 1751 10508 1002 1035 10509 981 1106 10510 980 1864 10511 996 1750 10512 975 1414 10513 974 1413 10514 1567 1855 10515 1548 1496 10516 1547 1856 10517 1290 1734 10518 1310 1053 10519 1292 1319 10520 992 1561 10521 1012 1757 10522 993 1756 10523 1879 1594 10524 1319 1255 10525 1320 1628 10526 1152 1187 10527 1169 1863 10528 1170 1298 10529 1685 1283 10530 1706 1454 10531 1686 1634 10532 1001 1021 10533 980 1864 10534 979 1769 10535 1213 1570 10536 1194 1800 10537 1193 1493 10538 1014 1370 10539 1032 1204 10540 1033 1517 10541 1913 1774 10542 1202 1201 10543 1201 1790 10544 991 1751 10545 1009 1773 10546 1010 1150 10547 1450 1160 10548 1433 1169 10549 1449 1227 10550 1757 1675 10551 1739 1670 10552 1738 1798 10553 1509 1431 10554 1490 1426 10555 1489 1882 10556 1651 974 10557 1631 1544 10558 1650 1582 10559 1017 1563 10560 1035 1412 10561 1036 1597 10562 1639 1526 10563 1657 1762 10564 1658 1939 10565 1436 1626 10566 1455 1269 10567 1437 1763 10568 1906 1866 10569 1206 1261 10570 1205 1486 10571 1215 1469 10572 1909 1375 10573 1216 1401 10574 1243 1765 10575 1262 1553 10576 1244 1794 10577 1920 1868 10578 1208 1463 10579 1910 1874 10580 1510 1430 10581 1491 1352 10582 1490 1426 10583 1666 1635 10584 1646 1542 10585 1665 1810 10586 1182 1445 10587 1164 1840 10588 1163 1742 10589 1652 1467 10590 1671 1870 10591 1653 991 10592 1199 1549 10593 1915 1871 10594 1200 1550 10595 1663 1000 10596 1643 1625 10597 1662 1001 10598 1295 1332 10599 1878 1571 10600 1296 1832 10601 1083 1791 10602 1084 1377 10603 1065 1849 10604 1477 1872 10605 1459 1103 10606 1458 1100 10607 1849 1363 10608 1283 1444 10609 1284 1498 10610 1321 1873 10611 1341 1031 10612 1322 1908 10613 1328 1237 10614 1346 1272 10615 1347 1238 10616 1048 1202 10617 1028 1585 10618 1047 1172 10619 1678 1638 10620 1659 1767 10621 1658 1939 10622 1226 1281 10623 1910 1874 10624 1914 1449 10625 1059 1232 10626 1079 1017 10627 1060 1393 10628 1317 1573 10629 1335 1648 10630 1336 1287 10631 1260 1652 10632 1241 1718 10633 1240 1717 10634 1336 1287 10635 1318 1608 10636 1317 1573 10637 1247 1180 10638 1228 1557 10639 1246 1011 10640 1077 1775 10641 1057 1306 10642 1076 1305 10643 1689 1613 10644 1710 1875 10645 1690 1788 10646 1080 1772 10647 1060 1393 10648 1079 1017 10649 1657 1762 10650 1678 1638 10651 1658 1939 10652 1856 1807 10653 1281 1315 10654 1863 1552 10655 1765 1020 10656 1747 1651 10657 1746 1686 10658 1699 1640 10659 1680 1782 10660 1679 1781 10661 982 1380 10662 1005 1578 10663 983 1577 10664 1674 1128 10665 1694 1343 10666 1691 1141 10667 1250 1876 10668 1231 1250 10669 1249 1335 10670 1078 1776 10671 1096 1303 10672 1097 1015 10673 1373 1877 10674 1391 1013 10675 1392 1012 10676 1180 1084 10677 1162 1878 10678 1161 1085 10679 1894 1828 10680 1354 1289 10681 1892 1829 10682 1666 1635 10683 1687 1645 10684 1667 1601 10685 1136 1359 10686 1101 1793 10687 1100 1901 10688 1282 1443 10689 1302 1735 10690 1283 1444 10691 1716 1879 10692 1696 1642 10693 1715 1909 10694 1475 1850 10695 1492 1353 10696 1493 1820 10697 1065 1849 10698 1047 1172 10699 1046 1171 10700 1285 1803 10701 1303 1537 10702 1304 1536 10703 1717 1723 10704 1699 1640 10705 1698 1639 10706 1188 1462 10707 1170 1298 10708 1169 1863 10709 1740 1880 10710 1760 980 10711 1741 979 10712 1736 1724 10713 1716 1879 10714 1735 1884 10715 1488 1881 10716 1471 1360 10717 1470 1158 10718 1381 1883 10719 1401 1166 10720 1382 1165 10721 1734 1184 10722 1716 1879 10723 1715 1909 10724 1748 1513 10725 1718 1327 10726 1737 1514 10727 1102 1381 10728 1138 1404 10729 1112 1382 10730 1744 1373 10731 1724 1425 10732 1743 1008 10733 1848 1479 10734 1265 1365 10735 1855 1364 10736 1722 1349 10737 1740 1880 10738 1741 979 10739 1615 1235 10740 1582 1663 10741 1581 1662 10742 1333 1312 10743 1367 1189 10744 1334 1188 10745 1573 1481 10746 1592 1524 10747 1574 1482 10748 1161 1085 10749 1143 1847 10750 1142 1728 10751 1673 1127 10752 1693 1339 10753 1674 1128 10754 1734 1184 10755 1753 1689 10756 1735 1884 10757 1135 972 10758 1136 1359 10759 1111 1211 10760 1237 1770 10761 1220 998 10762 1219 1905 10763 1504 982 10764 1486 1118 10765 1485 1825 10766 1697 1643 10767 1717 1723 10768 1698 1639 10769 1562 1852 10770 1542 1460 10771 1561 1516 10772 1511 1796 10773 1492 1353 10774 1491 1352 10775 1081 1886 10776 1063 1407 10777 1062 1213 10778 1922 1887 10779 1787 1778 10780 1921 1777 10781 1854 1048 10782 1256 1062 10783 1853 1229 10784 1506 1120 10785 1530 984 10786 1522 1701 10787 1860 1242 10788 1280 1316 10789 1856 1807 10790 1534 1097 10791 1512 1885 10792 1511 1796 10793 1526 1078 10794 1517 1812 10795 1516 1586 10796 1537 1026 10797 1520 1554 10798 1518 1824 10799 1769 1823 10800 1750 1131 10801 1767 1130 10802 1899 1350 10803 1371 1888 10804 1372 1843 10805 1753 1689 10806 1736 1724 10807 1735 1884 10808 1889 1245 10809 1367 1189 10810 1899 1350 10811 1787 1778 10812 1769 1823 10813 1768 1822 10814 1234 1004 10815 1251 1292 10816 1252 1604 10817 1851 1733 10818 1271 1606 10819 1270 1605 10820 1775 1418 10821 1795 1706 10822 1776 1116 10823 1503 1816 10824 1528 1815 10825 1521 1461 10826 1805 1779 10827 1768 1822 10828 1786 1018 10829 1357 1045 10830 1898 1309 10831 1358 1032 10832 1165 1489 10833 1148 1093 10834 1147 1839 10835 1938 1890 10836 1802 1698 10837 1932 1935 10838 1927 1891 10839 1796 1802 10840 1926 1912 10841 1846 1399 10842 1264 1631 10843 1263 1400 10844 1915 1871 10845 1201 1790 10846 1200 1550 10847 1485 1825 10848 1465 1591 10849 1484 1817 10850 1162 1878 10851 1144 1040 10852 1143 1847 10853 1145 1039 10854 1164 1840 10855 1146 1383 10856 1607 1504 10857 1627 1253 10858 1608 1252 10859 1615 1235 10860 1580 1515 10861 1599 1167 10862 1074 1614 10863 1094 1173 10864 1075 1615 10865 1288 1055 10866 1306 1799 10867 1307 1064 10868 1089 1409 10869 1071 1593 10870 1070 1248 10871 1675 1894 10872 1672 1145 10873 1671 1870 10874 1276 1331 10875 1311 1709 10876 1295 1332 10877 1196 1494 10878 1160 1547 10879 1177 1546 10880 1586 1071 10881 1567 1855 10882 1585 1072 10883 1192 1472 10884 1172 1719 10885 1191 1727 10886 1863 1552 10887 1282 1443 10888 1852 1398 10889 1031 1208 10890 1013 1565 10891 1012 1757 10892 1851 1733 10893 1289 1755 10894 1290 1734 10895 1601 1428 10896 1596 1347 10897 1583 1429 10898 1432 976 10899 1408 1538 10900 1407 1654 10901 1774 1424 10902 1794 1707 10903 1775 1418 10904 1884 1246 10905 1387 1637 10906 1892 1829 10907 1910 1874 10908 1207 1511 10909 1914 1449 10910 1700 1080 10911 1719 1797 10912 1701 1081 10913 1720 1655 10914 1703 1138 10915 1702 1656 10916 1101 1793 10917 1081 1886 10918 1100 1901 10919 1305 1845 10920 1287 1893 10921 1286 1480 10922 1905 1787 10923 1205 1486 10924 1204 1124 10925 1435 1627 10926 1415 1896 10927 1425 1666 10928 1214 1468 10929 1916 1005 10930 1215 1469 10931 1754 1423 10932 1737 1514 10933 1736 1724 10934 1462 1897 10935 1431 1559 10936 1461 1161 10937 1903 1448 10938 1226 1281 10939 1914 1449 10940 1360 1294 10941 1344 1355 10942 1343 1551 10943 1696 1642 10944 1675 1894 10945 1695 1931 10946 1446 978 10947 1427 1108 10948 1426 1895 10949 1877 1721 10950 1294 1708 10951 1882 1732 10952 1301 1596 10953 1864 1736 10954 1302 1735 10955 1443 1521 10956 1445 977 10957 1432 976 10958 1458 1100 10959 1441 1102 10960 1440 1508 10961 1652 1467 10962 1617 1531 10963 1636 1783 10964 1442 1898 10965 1463 1224 10966 1443 1521 10967 1881 1834 10968 1318 1608 10969 1319 1255 10970 1902 1200 10971 1204 1124 10972 1203 1123 10973 1390 1842 10974 1410 1014 10975 1391 1013 10976 1431 1559 10977 1423 1060 10978 1422 1059 10979 1137 1754 10980 1138 1404 10981 1136 1359 10982 1409 1539 10983 1426 1895 10984 1427 1108 10985 1810 986 10986 1840 1712 10987 1832 987 10988 1668 1598 10989 1648 1602 10990 1667 1601 10991 1329 1236 10992 1875 1066 10993 1328 1237 10994 1387 1637 10995 1395 1104 10996 1375 1660 10997 1324 1702 10998 1344 1355 10999 1325 1616 11000 1335 1648 11001 1315 1900 11002 1334 1188 11003 1701 1081 11004 1682 1002 11005 1681 1082 11006 1083 1791 11007 1063 1407 11008 1082 1792 11009 1681 1082 11010 1660 1760 11011 1680 1782 11012 1691 1141 11013 1671 1870 11014 1656 1466 11015 1684 1284 11016 1665 1810 11017 1664 1611 11018 1062 1213 11019 1080 1772 11020 1081 1886 11021 1690 1788 11022 1669 1599 11023 1689 1613 11024 1240 1717 11025 1221 997 11026 1239 1938 11027 1463 1224 11028 1464 1741 11029 1445 977 11030 1100 1901 11031 1080 1772 11032 1099 1358 11033 1525 1804 11034 1516 1586 11035 1515 1665 11036 1536 1693 11037 1515 1665 11038 1514 1440 11039 1340 1629 11040 1356 1836 11041 1357 1045 11042 1571 1510 11043 1558 1805 11044 1551 1692 11045 1659 1767 11046 1639 1526 11047 1658 1939 11048 1371 1888 11049 1389 1488 11050 1390 1842 11051 1272 1808 11052 1243 1765 11053 1242 1764 11054 1861 1389 11055 1259 1653 11056 1258 1623 11057 1077 1775 11058 1095 1304 11059 1096 1303 11060 1233 1003 11061 1250 1876 11062 1251 1292 11063 1466 1592 11064 1486 1118 11065 1467 1225 11066 1218 1827 11067 1915 1871 11068 1912 1748 11069 1487 1690 11070 1470 1158 11071 1469 1860 11072 1498 1556 11073 1481 1222 11074 1480 1650 11075 1261 1809 11076 1242 1764 11077 1241 1718 11078 1356 1836 11079 1891 1889 11080 1357 1045 11081 1434 1673 11082 1451 1159 11083 1429 1576 11084 1856 1807 11085 1273 1867 11086 1272 1808 11087 1935 1906 11088 1792 1091 11089 1791 1090 11090 1496 1587 11091 1477 1872 11092 1495 1588 11093 1908 1402 11094 1218 1827 11095 1912 1748 11096 1727 1795 11097 1747 1651 11098 1728 1356 11099 1322 1908 11100 1342 1030 11101 1323 1703 11102 1281 1315 11103 1301 1596 11104 1282 1443 11105 1508 1696 11106 1487 1690 11107 1507 1633 11108 1122 1384 11109 1105 1198 11110 1121 1410 11111 1141 1548 11112 1116 1584 11113 1115 1392 11114 1714 1182 11115 1696 1642 11116 1695 1931 11117 1851 1733 11118 1269 1291 11119 1847 1819 11120 1226 1281 11121 1243 1765 11122 1244 1794 11123 1730 1533 11124 1767 1130 11125 1731 1129 11126 1555 1024 11127 1539 1814 11128 1538 1025 11129 1090 1197 11130 1072 1300 11131 1071 1593 11132 1509 1431 11133 1488 1881 11134 1508 1696 11135 1639 1526 11136 1622 1540 11137 1621 1527 11138 1126 1220 11139 1150 1264 11140 1128 1221 11141 1257 1622 11142 1861 1389 11143 1258 1623 11144 1457 1099 11145 1438 1243 11146 1456 1154 11147 1539 1814 11148 1520 1554 11149 1538 1025 11150 1778 1144 11151 1796 1802 11152 1797 1892 11153 1836 1910 11154 1820 995 11155 1837 994 11156 1543 1699 11157 1529 983 11158 1542 1460 11159 1828 1911 11160 1821 1050 11161 1838 1049 11162 1926 1912 11163 1795 1706 11164 1925 1705 11165 1355 1837 11166 1339 1257 11167 1338 1256 11168 1479 1156 11169 1461 1161 11170 1460 1157 11171 1577 1913 11172 1555 1024 11173 1576 1069 11174 1844 1914 11175 1809 985 11176 1831 1937 11177 1939 1916 11178 1804 1396 11179 1933 1395 11180 1259 1653 11181 1240 1717 11182 1239 1938 11183 1830 1917 11184 1815 1915 11185 1844 1914 11186 1843 1919 11187 1818 1027 11188 1835 1936 11189 1822 1921 11190 1839 1923 11191 1807 1051 11192 1503 1816 11193 1529 983 11194 1504 982 11195 1790 1831 11196 1770 1681 11197 1789 1680 11198 1596 1347 11199 1564 1726 11200 1583 1429 11201 1822 1921 11202 1830 1917 11203 1829 1922 11204 972 1519 11205 971 1862 11206 988 1861 11207 1833 1924 11208 1824 1925 11209 1841 1930 11210 1507 1633 11211 1522 1701 11212 1531 1697 11213 1508 1696 11214 1532 1432 11215 1509 1431 11216 1842 1926 11217 1817 1927 11218 1834 1929 11219 1133 1177 11220 1110 970 11221 1109 1450 11222 1168 1263 11223 1151 1186 11224 1150 1264 11225 1547 1856 11226 1532 1432 11227 1557 1848 11228 1928 1928 11229 1797 1892 11230 1927 1891 11231 971 1862 11232 993 1756 11233 988 1861 11234 1834 1929 11235 1813 1920 11236 1843 1919 11237 1841 1930 11238 1816 989 11239 1826 988 11240 1691 1141 11241 1695 1931 11242 1675 1894 11243 1518 1824 11244 1527 1077 11245 1537 1026 11246 1156 1275 11247 1137 1754 11248 1135 972 11249 1528 1815 11250 1556 1851 11251 1540 1476 11252 1771 1676 11253 1791 1090 11254 1772 1089 11255 1643 1625 11256 1626 1745 11257 1625 1532 11258 1234 1004 11259 1909 1375 11260 1916 1005 11261 1558 1805 11262 1536 1693 11263 1551 1692 11264 1869 1859 11265 1318 1608 11266 1880 1330 11267 1594 1068 11268 1577 1913 11269 1576 1069 11270 1608 1252 11271 1590 1507 11272 1589 1509 11273 1876 1054 11274 1309 1739 11275 1871 1738 11276 1512 1885 11277 1524 1459 11278 1513 1439 11279 1710 1875 11280 1727 1795 11281 1728 1356 11282 1597 1087 11283 1595 1500 11284 1614 1534 11285 1131 1390 11286 1108 1302 11287 1130 1391 11288 1109 1450 11289 1132 1682 11290 1133 1177 11291 1260 1652 11292 1860 1242 11293 1261 1809 11294 1069 1247 11295 1049 1203 11296 1068 1278 11297 1649 1899 11298 1629 1789 11299 1648 1602 11300 1653 991 11301 1619 1233 11302 1633 992 11303 1935 1906 11304 1790 1831 11305 1923 1830 11306 1212 1471 11307 1907 1801 11308 1213 1570 11309 1117 1813 11310 1144 1040 11311 1118 1210 11312 1411 1758 11313 1434 1673 11314 1412 1759 11315 1185 1485 11316 1167 1262 11317 1166 1094 11318 1801 1744 11319 1783 1038 11320 1782 1037 11321 1634 1254 11322 1610 1505 11323 1609 1932 11324 1576 1069 11325 1554 1620 11326 1575 1589 11327 1476 1153 11328 1458 1100 11329 1457 1099 11330 1209 1464 11331 1917 1217 11332 1210 1491 11333 1739 1670 11334 1721 1348 11335 1720 1655 11336 1883 1933 11337 1361 1324 11338 1368 1293 11339 1480 1650 11340 1462 1897 11341 1461 1161 11342 1069 1247 11343 1087 1194 11344 1088 1558 11345 1645 1747 11346 1663 1000 11347 1664 1611 11348 1268 1290 11349 1850 1057 11350 1859 1056 11351 1324 1702 11352 1872 1737 11353 1323 1703 11354 1320 1628 11355 1867 1595 11356 1879 1594 11357 1330 1567 11358 1871 1738 11359 1329 1236 11360 1876 1054 11361 1312 1566 11362 1870 1731 11363 1321 1873 11364 1864 1736 11365 1867 1595 11366 1873 1535 11367 1325 1616 11368 1866 1740 11369 1327 1273 11370 1874 1846 11371 1326 1274 11372 1314 1768 11373 1868 1722 11374 1877 1721 11375 1322 1908 11376 1872 1737 11377 1864 1736 11378 1325 1616 11379 1874 1846 11380 1866 1740 11381 1865 1065 11382 1328 1237 11383 1875 1066 11384 1315 1900 11385 1878 1571 11386 1868 1722 11387 1870 1731 11388 1313 1600 11389 1882 1732 11390 1381 1883 11391 1887 1667 11392 1883 1933 11393 1385 1433 11394 1901 1641 11395 1890 1657 11396 1885 1310 11397 1380 1320 11398 1896 1295 11399 1376 1073 11400 1894 1828 11401 1375 1660 11402 1383 1164 11403 1900 1720 11404 1895 1668 11405 1373 1877 11406 1884 1246 11407 1889 1245 11408 1369 1487 11409 1886 1333 11410 1897 1416 11411 1382 1165 11412 1895 1668 11413 1887 1667 11414 1891 1889 11415 1378 1530 11416 1898 1309 11417 1898 1309 11418 1379 1853 11419 1885 1310 11420 1370 1903 11421 1888 1334 11422 1886 1333 11423 1380 1320 11424 1883 1933 11425 1896 1295 11426 1386 1844 11427 1897 1416 11428 1901 1641 11429 1373 1877 11430 1899 1350 11431 1372 1843 11432 1893 1835 11433 1377 1934 11434 1891 1889 11435 1906 1866 11436 1225 1766 11437 1903 1448 11438 1219 1905 11439 1913 1774 11440 1915 1871 11441 1227 1009 11442 1920 1868 11443 1910 1874 11444 1471 1360 11445 1490 1426 11446 1472 1361 11447 1413 1674 11448 1393 1446 11449 1412 1759 11450 1009 1773 11451 989 1266 11452 1008 1265 11453 1932 1935 11454 1801 1744 11455 1931 1743 11456 1832 987 11457 1931 1743 11458 1831 1937 11459 1835 1936 11460 1923 1830 11461 1843 1919 11462 1829 1922 11463 1927 1891 11464 1839 1923 11465 1841 1930 11466 1933 1395 11467 1833 1924 11468 1828 1911 11469 1926 1912 11470 1925 1705 11471 1827 1029 11472 1935 1906 11473 1835 1936 11474 1838 1049 11475 1927 1891 11476 1926 1912 11477 1840 1712 11478 1932 1935 11479 1832 987 11480 1826 988 11481 1922 1887 11482 1921 1777 11483 1842 1926 11484 1934 1841 11485 1922 1887 11486 1837 994 11487 1936 1687 11488 1836 1910 11489 1834 1929 11490 1923 1830 11491 1934 1841 11492 1841 1930 11493 1921 1777 11494 1939 1916 11495 1831 1937 11496 1930 1456 11497 1844 1914 11498 1830 1917 11499 1928 1928 11500 1829 1922 11501 1837 994 11502 1925 1705 11503 1937 1838 11504 1836 1910 11505 1924 1907 11506 1827 1029 11507 1844 1914 11508 1929 1716 11509 1830 1917 11510 1833 1924 11511 1938 1890 11512 1840 1712 11513 850 26 11514 1819 1854 11515 849 884 11516 842 19 11517 1816 989 11518 846 20 11519 847 957 11520 1812 990 11521 842 19 11522 844 25 11523 1821 1050 11524 1814 996 11525 849 884 11526 1806 1028 11527 836 59 11528 848 57 11529 1813 1920 11530 843 950 11531 836 59 11532 1818 1027 11533 848 57 11534 846 20 11535 1824 1925 11536 854 955 11537 837 80 11538 1822 1921 11539 1807 1051 11540 854 955 11541 1811 1714 11542 841 743 11543 839 15 11544 1815 1915 11545 845 945 11546 850 26 11547 1814 996 11548 1820 995 11549 843 950 11550 1817 1927 11551 847 957 11552 853 744 11553 1810 986 11554 840 17 11555 841 743 11556 1823 1713 11557 853 744 11558 845 945 11559 1808 1918 11560 838 948 11561 840 17 11562 1809 985 11563 839 15 11564 851 81 11565 1807 1051 11566 1821 1050 11567 852 951 11568 1808 1918 11569 1822 1921 11570 1940 1940 11571 2005 1941 11572 1941 1942 11573 2009 1943 11574 1940 1940 11575 1941 1942 11576 1942 1944 11577 1944 1945 11578 1940 1940 11579 1944 1945 11580 1943 1946 11581 1940 1940 11582 1945 1947 11583 1947 1948 11584 1944 1945 11585 1944 1945 11586 2024 1949 11587 1945 1947 11588 1950 1950 11589 1948 1951 11590 1945 1947 11591 1952 1952 11592 1949 1953 11593 1950 1950 11594 1954 1954 11595 1951 1955 11596 1952 1952 11597 1956 1956 11598 1953 1957 11599 1954 1954 11600 1958 1958 11601 1955 1959 11602 1956 1956 11603 1960 1960 11604 1957 1961 11605 1958 1958 11606 1962 1962 11607 1959 1963 11608 1960 1960 11609 1964 1964 11610 1961 1965 11611 1962 1962 11612 1966 1966 11613 1963 1967 11614 1964 1964 11615 1968 1968 11616 1965 1969 11617 1966 1966 11618 1970 1970 11619 1967 1971 11620 1968 1968 11621 1972 1972 11622 1969 1973 11623 1970 1970 11624 1974 1974 11625 1971 1975 11626 1972 1972 11627 1976 1976 11628 1973 1977 11629 1974 1974 11630 1978 1978 11631 1975 1979 11632 1976 1976 11633 1980 1980 11634 1977 1981 11635 1978 1978 11636 1982 1982 11637 1979 1983 11638 1980 1980 11639 1984 1984 11640 1981 1985 11641 1982 1982 11642 1986 1986 11643 1983 1987 11644 1984 1984 11645 1988 1988 11646 1985 1989 11647 1986 1986 11648 1990 1990 11649 1987 1991 11650 1988 1988 11651 1992 1992 11652 1989 1993 11653 1990 1990 11654 1994 1994 11655 1991 1995 11656 1992 1992 11657 1996 1996 11658 1993 1997 11659 1994 1994 11660 1998 1998 11661 1995 1999 11662 1996 1996 11663 2000 2000 11664 1997 2001 11665 1998 1998 11666 2002 2002 11667 1999 2003 11668 2000 2000 11669 2004 2004 11670 2001 2005 11671 2002 2002 11672 1941 1942 11673 2003 2006 11674 2004 2004 11675 2008 2007 11676 2004 2004 11677 2002 2002 11678 2004 2004 11679 2009 1943 11680 1941 1942 11681 2089 2008 11682 2006 2009 11683 2008 2007 11684 2006 2009 11685 2010 2010 11686 2009 1943 11687 2010 2010 11688 1942 1944 11689 2009 1943 11690 2007 2011 11691 2012 2012 11692 2010 2010 11693 2010 2010 11694 2015 2013 11695 2011 2014 11696 2013 2015 11697 2014 2016 11698 2012 2012 11699 2014 2016 11700 2015 2013 11701 2012 2012 11702 2015 2013 11703 2019 2017 11704 2017 2018 11705 2011 2014 11706 2017 2018 11707 2018 2019 11708 2017 2018 11709 2023 2020 11710 2018 2019 11711 2017 2018 11712 2022 2021 11713 2020 2022 11714 2020 2022 11715 2081 2023 11716 2021 2024 11717 2020 2022 11718 2025 2025 11719 2023 2020 11720 2023 2020 11721 2026 2026 11722 2024 1949 11723 1946 2027 11724 2023 2020 11725 2024 1949 11726 2026 2026 11727 2027 2028 11728 2028 2029 11729 2021 2024 11730 2027 2028 11731 2025 2025 11732 2028 2029 11733 2030 2030 11734 2033 2031 11735 2029 2032 11736 2030 2030 11737 2027 2028 11738 2030 2030 11739 2129 2033 11740 2032 2034 11741 2033 2031 11742 2032 2034 11743 2034 2035 11744 2028 2029 11745 1954 1954 11746 1952 1952 11747 2033 2031 11748 1956 1956 11749 1954 1954 11750 2034 2035 11751 2036 2036 11752 2035 2037 11753 2034 2035 11754 1958 1958 11755 1956 1956 11756 2036 2036 11757 2037 2038 11758 2035 2037 11759 1958 1958 11760 2037 2038 11761 1960 1960 11762 2038 2039 11763 2039 2040 11764 2037 2038 11765 2037 2038 11766 1962 1962 11767 1960 1960 11768 2039 2040 11769 2042 2041 11770 2041 2042 11771 1962 1962 11772 2041 2042 11773 1964 1964 11774 2042 2041 11775 2043 2043 11776 2041 2042 11777 1964 1964 11778 2043 2043 11779 1966 1966 11780 2045 2044 11781 2044 2045 11782 2043 2043 11783 2043 2043 11784 1968 1968 11785 1966 1966 11786 2131 2046 11787 2045 2044 11788 2042 2041 11789 2045 2044 11790 2048 2047 11791 2047 2048 11792 2047 2048 11793 2050 2049 11794 2044 2045 11795 2048 2047 11796 2049 2050 11797 2047 2048 11798 2050 2049 11799 2051 2051 11800 2125 2052 11801 2049 2050 11802 2053 2053 11803 2051 2051 11804 2052 2054 11805 2056 2055 11806 2053 2053 11807 2048 2047 11808 2054 2056 11809 2052 2054 11810 2057 2057 11811 2054 2056 11812 2055 2058 11813 2057 2057 11814 2056 2055 11815 2054 2056 11816 2057 2057 11817 2100 2059 11818 2058 2060 11819 2104 2061 11820 2057 2057 11821 2058 2060 11822 2057 2057 11823 2059 2062 11824 2066 2063 11825 2057 2057 11826 2060 2064 11827 2067 2065 11828 2057 2057 11829 2077 2066 11830 2060 2064 11831 2057 2057 11832 2078 2067 11833 2056 2055 11834 2057 2057 11835 2061 2068 11836 2068 2069 11837 2057 2057 11838 2079 2070 11839 2061 2068 11840 2057 2057 11841 2062 2071 11842 2069 2072 11843 2057 2057 11844 2080 2073 11845 2062 2071 11846 2057 2057 11847 2022 2021 11848 2019 2017 11849 2057 2057 11850 2081 2023 11851 2022 2021 11852 2057 2057 11853 2063 2074 11854 2070 2075 11855 2057 2057 11856 2014 2016 11857 2063 2074 11858 2057 2057 11859 2064 2076 11860 2071 2077 11861 2057 2057 11862 2082 2078 11863 2064 2076 11864 2057 2057 11865 2071 2077 11866 2065 2079 11867 2057 2057 11868 2066 2063 11869 2072 2080 11870 2057 2057 11871 2067 2065 11872 2073 2081 11873 2057 2057 11874 2068 2069 11875 2074 2082 11876 2057 2057 11877 2069 2072 11878 2075 2083 11879 2057 2057 11880 2019 2017 11881 2016 2084 11882 2057 2057 11883 2070 2075 11884 2076 2085 11885 2057 2057 11886 2072 2080 11887 2077 2066 11888 2057 2057 11889 2073 2081 11890 2078 2067 11891 2057 2057 11892 2055 2058 11893 2079 2070 11894 2057 2057 11895 2074 2082 11896 2080 2073 11897 2057 2057 11898 2075 2083 11899 2081 2023 11900 2057 2057 11901 2016 2084 11902 2014 2016 11903 2057 2057 11904 2076 2085 11905 2082 2078 11906 2064 2076 11907 2083 2086 11908 2085 2087 11909 2082 2078 11910 2086 2088 11911 2083 2086 11912 2084 2089 11913 2086 2088 11914 2087 2090 11915 2093 2091 11916 2083 2086 11917 2084 2089 11918 2086 2088 11919 2070 2075 11920 2088 2092 11921 2087 2090 11922 2088 2092 11923 2089 2008 11924 2088 2092 11925 2007 2011 11926 2089 2008 11927 2088 2092 11928 2063 2074 11929 2013 2015 11930 2087 2090 11931 2008 2007 11932 2090 2093 11933 2084 2089 11934 2090 2093 11935 2091 2094 11936 1998 1998 11937 2090 2093 11938 2000 2000 11939 2090 2093 11940 2002 2002 11941 2000 2000 11942 2092 2095 11943 1998 1998 11944 1996 1996 11945 2093 2091 11946 2091 2094 11947 2092 2095 11948 2096 2096 11949 2092 2095 11950 2094 2097 11951 2094 2097 11952 1996 1996 11953 1994 1994 11954 2095 2098 11955 2096 2096 11956 2094 2097 11957 2095 2098 11958 1994 1994 11959 1992 1992 11960 2096 2096 11961 2085 2087 11962 2093 2091 11963 2100 2059 11964 2096 2096 11965 2098 2099 11966 2101 2100 11967 2098 2099 11968 2095 2098 11969 2058 2060 11970 2098 2099 11971 2099 2101 11972 2065 2079 11973 2097 2102 11974 2100 2059 11975 2104 2061 11976 2099 2101 11977 2102 2103 11978 2103 2104 11979 2099 2101 11980 2101 2100 11981 2105 2105 11982 2103 2104 11983 2106 2106 11984 2105 2105 11985 2104 2061 11986 2102 2103 11987 2107 2107 11988 2106 2106 11989 2126 2108 11990 2107 2107 11991 2108 2109 11992 2105 2105 11993 2072 2080 11994 2108 2109 11995 2109 2110 11996 2066 2063 11997 2104 2061 11998 2108 2109 11999 2110 2111 12000 2072 2080 12001 2109 2110 12002 2110 2111 12003 2107 2107 12004 2112 2112 12005 2111 2113 12006 2077 2066 12007 2110 2111 12008 2111 2113 12009 2112 2112 12010 2114 2114 12011 2112 2112 12012 2126 2108 12013 2113 2115 12014 2114 2114 12015 2113 2115 12016 2115 2116 12017 2116 2117 12018 2115 2116 12019 2117 2118 12020 2116 2117 12021 2111 2113 12022 2114 2114 12023 2121 2119 12024 2116 2117 12025 2117 2118 12026 2120 2120 12027 2116 2117 12028 2119 2121 12029 2122 2122 12030 2120 2120 12031 2119 2121 12032 2122 2122 12033 2121 2119 12034 2123 2123 12035 2051 2051 12036 2123 2123 12037 2125 2052 12038 2051 2051 12039 2124 2124 12040 2122 2122 12041 2078 2067 12042 2120 2120 12043 2124 2124 12044 2056 2055 12045 2124 2124 12046 2053 2053 12047 2123 2123 12048 1976 1976 12049 1974 1974 12050 1972 1972 12051 2123 2123 12052 1974 1974 12053 2050 2049 12054 1972 1972 12055 1970 1970 12056 2121 2119 12057 1978 1978 12058 1976 1976 12059 2073 2081 12060 2118 2125 12061 2120 2120 12062 2067 2065 12063 2111 2113 12064 2118 2125 12065 1978 1978 12066 2115 2116 12067 1980 1980 12068 1980 1980 12069 2113 2115 12070 1982 1982 12071 2113 2115 12072 1984 1984 12073 1982 1982 12074 1984 1984 12075 2106 2106 12076 1986 1986 12077 1986 1986 12078 2103 2104 12079 1988 1988 12080 2103 2104 12081 1990 1990 12082 1988 1988 12083 2101 2100 12084 1992 1992 12085 1990 1990 12086 2071 2077 12087 2085 2087 12088 2097 2102 12089 2021 2024 12090 2075 2083 12091 2029 2032 12092 2127 2126 12093 2074 2082 12094 2128 2127 12095 2129 2033 12096 2080 2073 12097 2127 2126 12098 2127 2126 12099 2038 2039 12100 2036 2036 12101 2129 2033 12102 2036 2036 12103 2032 2034 12104 2031 2128 12105 2062 2071 12106 2129 2033 12107 2038 2039 12108 2130 2129 12109 2040 2130 12110 2074 2082 12111 2130 2129 12112 2128 2127 12113 2040 2130 12114 2131 2046 12115 2042 2041 12116 2068 2069 12117 2131 2046 12118 2130 2129 12119 2061 2068 12120 2046 2131 12121 2131 2046 12122 2046 2131 12123 2055 2058 12124 2048 2047 12125 2029 2032 12126 2069 2072 12127 2031 2128 12128 2044 2045 12129 1970 1970 12130 1968 1968 12131 2026 2026 12132 1952 1952 12133 1950 1950 12134 1945 1947 12135 2026 2026 12136 1950 1950 12137 1942 1944 12138 2018 2019 12139 1946 2027 12140 2220 2132 12141 2132 2133 12142 2133 2134 12143 2133 2134 12144 2134 2135 12145 2236 2136 12146 2134 2135 12147 2136 2137 12148 2138 2138 12149 2132 2133 12150 2137 2139 12151 2136 2137 12152 2141 2140 12153 2138 2138 12154 2139 2137 12155 2141 2140 12156 2140 2141 12157 2143 2142 12158 2236 2136 12159 2141 2140 12160 2142 2143 12161 2142 2143 12162 2143 2142 12163 2144 2144 12164 2144 2144 12165 2145 2145 12166 2146 2146 12167 2145 2145 12168 2140 2141 12169 2148 2137 12170 2146 2146 12171 2147 2147 12172 2387 2148 12173 2145 2145 12174 2149 2149 12175 2147 2147 12176 2152 2150 12177 2149 2149 12178 2150 2151 12179 2154 2152 12180 2150 2151 12181 2151 2153 12182 2387 2148 12183 2152 2150 12184 2153 2154 12185 2153 2154 12186 2154 2152 12187 2155 2155 12188 2155 2155 12189 2156 2156 12190 2157 2157 12191 2156 2156 12192 2151 2153 12193 2159 2137 12194 2157 2157 12195 2158 2158 12196 2386 2159 12197 2156 2156 12198 2160 2160 12199 2158 2158 12200 2158 2158 12201 2161 2161 12202 2163 2162 12203 2163 2162 12204 2162 2163 12205 2165 2164 12206 2386 2159 12207 2163 2162 12208 2164 2165 12209 2164 2165 12210 2165 2164 12211 2166 2166 12212 2166 2166 12213 2167 2167 12214 2168 2168 12215 2167 2167 12216 2162 2163 12217 2170 2137 12218 2168 2168 12219 2169 2169 12220 2270 2170 12221 2167 2167 12222 2171 2171 12223 2169 2169 12224 2174 2172 12225 2171 2171 12226 2172 2137 12227 2174 2172 12228 2173 2173 12229 2176 2174 12230 2270 2170 12231 2174 2172 12232 2175 2175 12233 2175 2175 12234 2176 2174 12235 2177 2176 12236 2177 2176 12237 2178 2177 12238 2179 2178 12239 2176 2174 12240 2181 2137 12241 2178 2177 12242 2179 2178 12243 2180 2179 12244 2282 2180 12245 2178 2177 12246 2182 2181 12247 2180 2179 12248 2180 2179 12249 2183 2182 12250 2185 2183 12251 2185 2183 12252 2184 2137 12253 2187 2184 12254 2282 2180 12255 2185 2183 12256 2186 2185 12257 2186 2185 12258 2187 2184 12259 2188 2186 12260 2188 2186 12261 2189 2187 12262 2190 2188 12263 2187 2184 12264 2192 2137 12265 2189 2187 12266 2190 2188 12267 2191 2189 12268 2385 2190 12269 2191 2189 12270 2192 2137 12271 2193 2137 12272 2196 2191 12273 2193 2137 12274 2194 2192 12275 2196 2191 12276 2195 2193 12277 2198 2194 12278 2197 2195 12279 2198 2194 12280 2199 2196 12281 2385 2190 12282 2196 2191 12283 2197 2195 12284 2199 2196 12285 2200 2197 12286 2201 2198 12287 2200 2197 12288 2195 2193 12289 2203 2137 12290 2201 2198 12291 2202 2199 12292 2303 2200 12293 2200 2197 12294 2204 2201 12295 2202 2199 12296 2207 2202 12297 2204 2201 12298 2205 2137 12299 2207 2202 12300 2206 2203 12301 2209 2204 12302 2208 2205 12303 2209 2204 12304 2210 2206 12305 2303 2200 12306 2207 2202 12307 2208 2205 12308 2210 2206 12309 2211 2207 12310 2212 2208 12311 2211 2207 12312 2206 2203 12313 2214 2137 12314 2212 2208 12315 2213 2209 12316 2221 2210 12317 2211 2207 12318 2215 2211 12319 2213 2209 12320 2217 2212 12321 2215 2211 12322 2216 2137 12323 2217 2212 12324 2137 2139 12325 2135 2213 12326 2218 2214 12327 2135 2213 12328 2220 2132 12329 2221 2210 12330 2217 2212 12331 2218 2214 12332 2232 2215 12333 2218 2214 12334 2220 2132 12335 2219 2216 12336 2221 2210 12337 2218 2214 12338 2222 2217 12339 2212 2208 12340 2221 2210 12341 2224 2218 12342 2223 2219 12343 2222 2217 12344 2227 2220 12345 2222 2217 12346 2219 2216 12347 2228 2221 12348 2224 2218 12349 2227 2220 12350 2225 2222 12351 2226 2223 12352 2224 2218 12353 2229 2224 12354 2219 2216 12355 2232 2215 12356 2228 2221 12357 2229 2224 12358 2230 2225 12359 2230 2225 12360 2231 2226 12361 2375 2227 12362 2231 2226 12363 2232 2215 12364 2233 2228 12365 2233 2228 12366 2220 2132 12367 2133 2134 12368 2233 2228 12369 2236 2136 12370 2234 2229 12371 2235 2230 12372 2233 2228 12373 2234 2229 12374 2238 2231 12375 2234 2229 12376 2237 2232 12377 2237 2232 12378 2236 2136 12379 2142 2143 12380 2241 2233 12381 2237 2232 12382 2239 2234 12383 2237 2232 12384 2144 2144 12385 2239 2234 12386 2239 2234 12387 2146 2146 12388 2240 2235 12389 2243 2236 12390 2239 2234 12391 2240 2235 12392 2244 2237 12393 2241 2233 12394 2243 2236 12395 2242 2238 12396 2238 2231 12397 2241 2233 12398 2245 2239 12399 2240 2235 12400 2246 2240 12401 2244 2237 12402 2245 2239 12403 2247 2241 12404 2248 2242 12405 2246 2240 12406 2249 2243 12407 2247 2241 12408 2248 2242 12409 2250 2244 12410 2248 2242 12411 2252 2245 12412 2251 2246 12413 2250 2244 12414 2251 2246 12415 2253 2247 12416 2251 2246 12417 2256 2248 12418 2254 2249 12419 2253 2247 12420 2254 2249 12421 2255 2250 12422 2255 2250 12423 2257 2251 12424 2259 2252 12425 2254 2249 12426 2258 2253 12427 2257 2251 12428 2257 2251 12429 2263 2254 12430 2260 2255 12431 2259 2252 12432 2260 2255 12433 2261 2256 12434 2261 2256 12435 2262 2257 12436 2350 2258 12437 2260 2255 12438 2264 2259 12439 2262 2257 12440 2258 2253 12441 2164 2165 12442 2263 2254 12443 2263 2254 12444 2166 2166 12445 2264 2259 12446 2262 2257 12447 2265 2260 12448 2266 2261 12449 2264 2259 12450 2168 2168 12451 2265 2260 12452 2266 2261 12453 2267 2262 12454 2268 2263 12455 2267 2262 12456 2168 2168 12457 2270 2170 12458 2268 2263 12459 2269 2264 12460 2271 2265 12461 2269 2264 12462 2270 2170 12463 2175 2175 12464 2271 2265 12465 2272 2266 12466 2274 2267 12467 2269 2264 12468 2177 2176 12469 2272 2266 12470 2274 2267 12471 2273 2268 12472 2276 2269 12473 2273 2268 12474 2177 2176 12475 2179 2178 12476 2277 2270 12477 2274 2267 12478 2276 2269 12479 2383 2271 12480 2274 2267 12481 2275 2272 12482 2276 2269 12483 2281 2273 12484 2278 2274 12485 2279 2275 12486 2276 2269 12487 2278 2274 12488 2279 2275 12489 2280 2276 12490 2384 2277 12491 2278 2274 12492 2283 2278 12493 2280 2276 12494 2281 2273 12495 2179 2178 12496 2282 2180 12497 2283 2278 12498 2282 2180 12499 2186 2185 12500 2280 2276 12501 2284 2279 12502 2285 2280 12503 2283 2278 12504 2188 2186 12505 2284 2279 12506 2285 2280 12507 2286 2281 12508 2288 2282 12509 2284 2279 12510 2190 2188 12511 2286 2281 12512 2287 2283 12513 2190 2188 12514 2385 2190 12515 2288 2282 12516 2287 2283 12517 2290 2284 12518 2289 2285 12519 2290 2284 12520 2291 2286 12521 2289 2285 12522 2285 2280 12523 2288 2282 12524 2290 2284 12525 2293 2287 12526 2292 2288 12527 2294 2289 12528 2290 2284 12529 2292 2288 12530 2295 2290 12531 2293 2287 12532 2298 2291 12533 2296 2292 12534 2292 2288 12535 2295 2290 12536 2296 2292 12537 2297 2293 12538 2321 2294 12539 2297 2293 12540 2298 2291 12541 2299 2295 12542 2299 2295 12543 2199 2196 12544 2201 2198 12545 2293 2287 12546 2199 2196 12547 2298 2291 12548 2299 2295 12549 2303 2200 12550 2300 2296 12551 2301 2297 12552 2299 2295 12553 2300 2296 12554 2304 2298 12555 2300 2296 12556 2302 2299 12557 2302 2299 12558 2303 2200 12559 2208 2205 12560 2306 2300 12561 2302 2299 12562 2305 2301 12563 2302 2299 12564 2210 2206 12565 2305 2301 12566 2305 2301 12567 2212 2208 12568 2223 2219 12569 2226 2223 12570 2305 2301 12571 2223 2219 12572 2307 2302 12573 2226 2223 12574 2309 2303 12575 2307 2302 12576 2304 2298 12577 2306 2300 12578 2308 2304 12579 2310 2305 12580 2312 2306 12581 2307 2302 12582 2311 2307 12583 2310 2305 12584 2311 2307 12585 2313 2308 12586 2310 2305 12587 2310 2305 12588 2315 2309 12589 2312 2306 12590 2318 2310 12591 2315 2309 12592 2316 2311 12593 2320 2312 12594 2316 2311 12595 2317 2313 12596 2321 2294 12597 2318 2310 12598 2320 2312 12599 2319 2314 12600 2312 2306 12601 2318 2310 12602 2296 2292 12603 2320 2312 12604 2322 2315 12605 2320 2312 12606 2324 2316 12607 2322 2315 12608 2294 2289 12609 2322 2315 12610 2323 2317 12611 2323 2317 12612 2324 2316 12613 2325 2318 12614 2328 2319 12615 2325 2318 12616 2326 2320 12617 2328 2319 12618 2327 2321 12619 2329 2322 12620 2294 2289 12621 2328 2319 12622 2291 2286 12623 2291 2286 12624 2329 2322 12625 2289 2285 12626 2289 2285 12627 2330 2323 12628 2331 2324 12629 2330 2323 12630 2327 2321 12631 2333 2325 12632 2331 2324 12633 2332 2326 12634 2384 2277 12635 2332 2326 12636 2333 2325 12637 2334 2327 12638 2337 2328 12639 2334 2327 12640 2335 2329 12641 2338 2330 12642 2335 2329 12643 2336 2331 12644 2279 2275 12645 2338 2330 12646 2277 2270 12647 2384 2277 12648 2337 2328 12649 2279 2275 12650 2277 2270 12651 2339 2332 12652 2275 2272 12653 2339 2332 12654 2336 2331 12655 2341 2333 12656 2275 2272 12657 2340 2334 12658 2383 2271 12659 2340 2334 12660 2341 2333 12661 2342 2335 12662 2345 2336 12663 2342 2335 12664 2343 2337 12665 2347 2338 12666 2343 2337 12667 2344 2339 12668 2383 2271 12669 2345 2336 12670 2346 2340 12671 2346 2340 12672 2347 2338 12673 2348 2341 12674 2348 2341 12675 2349 2342 12676 2350 2258 12677 2347 2338 12678 2352 2343 12679 2349 2342 12680 2350 2258 12681 2351 2344 12682 2261 2256 12683 2351 2344 12684 2352 2343 12685 2353 2345 12686 2356 2346 12687 2353 2345 12688 2354 2347 12689 2357 2348 12690 2354 2347 12691 2355 2349 12692 2259 2252 12693 2357 2348 12694 2255 2250 12695 2261 2256 12696 2356 2346 12697 2259 2252 12698 2255 2250 12699 2358 2350 12700 2253 2247 12701 2357 2348 12702 2360 2351 12703 2358 2350 12704 2253 2247 12705 2359 2352 12706 2250 2244 12707 2358 2350 12708 2361 2353 12709 2359 2352 12710 2359 2352 12711 2362 2354 12712 2364 2355 12713 2364 2355 12714 2363 2356 12715 2365 2357 12716 2244 2237 12717 2364 2355 12718 2365 2357 12719 2247 2241 12720 2359 2352 12721 2364 2355 12722 2242 2238 12723 2365 2357 12724 2366 2358 12725 2366 2358 12726 2363 2356 12727 2368 2359 12728 2382 2360 12729 2366 2358 12730 2367 2361 12731 2366 2358 12732 2369 2362 12733 2367 2361 12734 2367 2361 12735 2370 2363 12736 2372 2364 12737 2374 2365 12738 2370 2363 12739 2371 2366 12740 2375 2227 12741 2372 2364 12742 2374 2365 12743 2373 2367 12744 2367 2361 12745 2372 2364 12746 2230 2225 12747 2374 2365 12748 2376 2368 12749 2374 2365 12750 2378 2369 12751 2376 2368 12752 2228 2221 12753 2376 2368 12754 2377 2370 12755 2376 2368 12756 2379 2371 12757 2377 2370 12758 2377 2370 12759 2380 2372 12760 2381 2373 12761 2311 2307 12762 2380 2372 12763 2314 2374 12764 2225 2222 12765 2377 2370 12766 2381 2373 12767 2309 2303 12768 2381 2373 12769 2311 2307 12770 2373 2367 12771 2231 2226 12772 2235 2230 12773 2373 2367 12774 2238 2231 12775 2382 2360 12776 2350 2258 12777 2266 2261 12778 2348 2341 12779 2346 2340 12780 2266 2261 12781 2268 2263 12782 2346 2340 12783 2271 2265 12784 2383 2271 12785 2331 2324 12786 2280 2276 12787 2285 2280 12788 2321 2294 12789 2301 2297 12790 2319 2314 12791 2308 2304 12792 2301 2297 12793 2304 2298 12794 2293 2287 12795 2385 2190 12796 2197 2195 12797 2256 2248 12798 2386 2159 12799 2258 2253 12800 2256 2248 12801 2155 2155 12802 2157 2157 12803 2252 2245 12804 2153 2154 12805 2155 2155 12806 2249 2243 12807 2387 2148 12808 2153 2154 12809 2246 2240 12810 2146 2146 12811 2387 2148 12812 2391 2375 12813 2389 2376 12814 2411 2377 12815 2388 2378 12816 2394 2379 12817 2389 2376 12818 2390 2380 12819 2392 2381 12820 2388 2378 12821 2388 2378 12822 2401 2382 12823 2390 2380 12824 2393 2383 12825 2395 2384 12826 2396 2385 12827 2525 2386 12828 2392 2381 12829 2393 2383 12830 2396 2385 12831 2397 2387 12832 2398 2388 12833 2399 2389 12834 2395 2384 12835 2390 2380 12836 2390 2380 12837 2400 2390 12838 2399 2389 12839 2402 2391 12840 2401 2382 12841 2403 2392 12842 2405 2393 12843 2402 2391 12844 2403 2392 12845 2398 2388 12846 2405 2393 12847 2396 2385 12848 2406 2394 12849 2403 2392 12850 2408 2395 12851 2405 2393 12852 2393 2383 12853 2396 2385 12854 2406 2394 12855 2525 2386 12856 2393 2383 12857 2407 2396 12858 2408 2395 12859 2409 2397 12860 2411 2377 12861 2408 2395 12862 2391 2375 12863 2403 2392 12864 2391 2375 12865 2408 2395 12866 2433 2398 12867 2409 2397 12868 2410 2399 12869 2409 2397 12870 2412 2400 12871 2410 2399 12872 2414 2401 12873 2411 2377 12874 2389 2376 12875 2412 2400 12876 2415 2402 12877 2413 2403 12878 2413 2403 12879 2410 2399 12880 2412 2400 12881 2416 2404 12882 2389 2376 12883 2394 2379 12884 2418 2405 12885 2414 2401 12886 2416 2404 12887 2416 2404 12888 2419 2406 12889 2418 2405 12890 2394 2379 12891 2417 2407 12892 2416 2404 12893 2418 2405 12894 2422 2408 12895 2420 2409 12896 2420 2409 12897 2415 2402 12898 2418 2405 12899 2420 2409 12900 2435 2410 12901 2421 2411 12902 2424 2412 12903 2420 2409 12904 2421 2411 12905 2413 2403 12906 2423 2413 12907 2425 2414 12908 2424 2412 12909 2425 2414 12910 2423 2413 12911 2428 2415 12912 2425 2414 12913 2427 2416 12914 2427 2416 12915 2426 2417 12916 2429 2418 12917 2428 2415 12918 2430 2419 12919 2432 2420 12920 2431 2421 12921 2427 2416 12922 2429 2418 12923 2431 2421 12924 2422 2408 12925 2430 2419 12926 2430 2419 12927 2419 2406 12928 2432 2420 12929 2419 2406 12930 2433 2398 12931 2432 2420 12932 2432 2420 12933 2410 2399 12934 2428 2415 12935 2417 2407 12936 2407 2396 12937 2433 2398 12938 2434 2422 12939 2429 2418 12940 2444 2423 12941 2435 2410 12942 2434 2422 12943 2436 2424 12944 2436 2424 12945 2421 2411 12946 2435 2410 12947 2438 2425 12948 2437 2426 12949 2436 2424 12950 2436 2424 12951 2441 2427 12952 2438 2425 12953 2440 2428 12954 2439 2429 12955 2438 2425 12956 2438 2425 12957 2442 2430 12958 2440 2428 12959 2443 2431 12960 2442 2430 12961 2441 2427 12962 2441 2427 12963 2444 2423 12964 2443 2431 12965 2444 2423 12966 2446 2432 12967 2443 2431 12968 2447 2433 12969 2443 2431 12970 2446 2432 12971 2446 2432 12972 2451 2434 12973 2447 2433 12974 2449 2435 12975 2448 2436 12976 2450 2437 12977 2449 2435 12978 2437 2426 12979 2439 2429 12980 2451 2434 12981 2439 2429 12982 2453 2438 12983 2452 2439 12984 2453 2438 12985 2454 2440 12986 2447 2433 12987 2452 2439 12988 2462 2441 12989 2453 2438 12990 2456 2442 12991 2454 2440 12992 2454 2440 12993 2457 2443 12994 2455 2444 12995 2454 2440 12996 2465 2445 12997 2452 2439 12998 2459 2446 12999 2456 2442 13000 2458 2447 13001 2458 2447 13002 2440 2428 13003 2442 2430 13004 2458 2447 13005 2445 2448 13006 2460 2449 13007 2459 2446 13008 2460 2449 13009 2461 2450 13010 2460 2449 13011 2463 2451 13012 2461 2450 13013 2445 2448 13014 2462 2441 13015 2460 2449 13016 2465 2445 13017 2462 2441 13018 2452 2439 13019 2463 2451 13020 2466 2452 13021 2464 2453 13022 2461 2450 13023 2464 2453 13024 2487 2454 13025 2455 2444 13026 2466 2452 13027 2465 2445 13028 2467 2455 13029 2468 2456 13030 2470 2457 13031 2464 2453 13032 2467 2455 13033 2478 2458 13034 2471 2459 13035 2468 2456 13036 2469 2460 13037 2469 2460 13038 2455 2444 13039 2457 2443 13040 2473 2461 13041 2470 2457 13042 2471 2459 13043 2467 2455 13044 2472 2462 13045 2475 2463 13046 2489 2464 13047 2472 2462 13048 2473 2461 13049 2475 2463 13050 2474 2465 13051 2476 2466 13052 2478 2458 13053 2475 2463 13054 2477 2467 13055 2476 2466 13056 2477 2467 13057 2475 2463 13058 2481 2468 13059 2477 2467 13060 2480 2469 13061 2479 2470 13062 2480 2469 13063 2477 2467 13064 2483 2471 13065 2481 2468 13066 2480 2469 13067 2484 2472 13068 2480 2469 13069 2482 2473 13070 2473 2461 13071 2484 2472 13072 2489 2464 13073 2471 2459 13074 2483 2471 13075 2473 2461 13076 2469 2460 13077 2485 2474 13078 2471 2459 13079 2485 2474 13080 2487 2454 13081 2481 2468 13082 2457 2443 13083 2486 2475 13084 2469 2460 13085 2486 2475 13086 2461 2450 13087 2487 2454 13088 2478 2458 13089 2487 2454 13090 2464 2453 13091 2489 2464 13092 2488 2476 13093 2490 2477 13094 2488 2476 13095 2482 2473 13096 2499 2478 13097 2490 2477 13098 2474 2465 13099 2489 2464 13100 2492 2479 13101 2491 2480 13102 2490 2477 13103 2490 2477 13104 2495 2481 13105 2492 2479 13106 2494 2482 13107 2493 2483 13108 2492 2479 13109 2492 2479 13110 2496 2484 13111 2494 2482 13112 2499 2478 13113 2495 2481 13114 2488 2476 13115 2496 2484 13116 2497 2485 13117 2498 2486 13118 2497 2485 13119 2501 2487 13120 2498 2486 13121 2499 2478 13122 2500 2488 13123 2497 2485 13124 2500 2488 13125 2504 2489 13126 2501 2487 13127 2502 2490 13128 2503 2491 13129 2500 2488 13130 2503 2491 13131 2507 2492 13132 2504 2489 13133 2505 2493 13134 2493 2483 13135 2503 2491 13136 2476 2466 13137 2491 2480 13138 2505 2493 13139 2479 2470 13140 2505 2493 13141 2502 2490 13142 2504 2489 13143 2508 2494 13144 2506 2495 13145 2501 2487 13146 2506 2495 13147 2516 2496 13148 2510 2497 13149 2507 2492 13150 2494 2482 13151 2508 2494 13152 2511 2498 13153 2509 2499 13154 2509 2499 13155 2506 2495 13156 2508 2494 13157 2513 2500 13158 2510 2497 13159 2512 2501 13160 2494 2482 13161 2512 2501 13162 2510 2497 13163 2498 2486 13164 2512 2501 13165 2496 2484 13166 2513 2500 13167 2514 2502 13168 2515 2503 13169 2516 2496 13170 2498 2486 13171 2501 2487 13172 2517 2504 13173 2514 2502 13174 2516 2496 13175 2519 2505 13176 2516 2496 13177 2506 2495 13178 2518 2506 13179 2519 2505 13180 2520 2507 13181 2517 2504 13182 2524 2508 13183 2515 2503 13184 2521 2509 13185 2519 2505 13186 2509 2499 13187 2509 2499 13188 2522 2510 13189 2521 2509 13190 2523 2511 13191 2511 2498 13192 2513 2500 13193 2513 2500 13194 2524 2508 13195 2523 2511 13196 2502 2490 13197 2482 2473 13198 2479 2470 13199 2421 2411 13200 2450 2437 13201 2424 2412 13202 2450 2437 13203 2426 2417 13204 2424 2412 13205 2448 2436 13206 2429 2418 13207 2426 2417 13208 1940 1940 13209 1943 1946 13210 2005 1941 13211 2009 1943 13212 1942 1944 13213 1940 1940 13214 1942 1944 13215 1946 2027 13216 1944 1945 13217 1944 1945 13218 1947 1948 13219 1943 1946 13220 1945 1947 13221 1948 1951 13222 1947 1948 13223 1944 1945 13224 1946 2027 13225 2024 1949 13226 1950 1950 13227 1949 1953 13228 1948 1951 13229 1952 1952 13230 1951 1955 13231 1949 1953 13232 1954 1954 13233 1953 1957 13234 1951 1955 13235 1956 1956 13236 1955 1959 13237 1953 1957 13238 1958 1958 13239 1957 1961 13240 1955 1959 13241 1960 1960 13242 1959 1963 13243 1957 1961 13244 1962 1962 13245 1961 1965 13246 1959 1963 13247 1964 1964 13248 1963 1967 13249 1961 1965 13250 1966 1966 13251 1965 1969 13252 1963 1967 13253 1968 1968 13254 1967 1971 13255 1965 1969 13256 1970 1970 13257 1969 1973 13258 1967 1971 13259 1972 1972 13260 1971 1975 13261 1969 1973 13262 1974 1974 13263 1973 1977 13264 1971 1975 13265 1976 1976 13266 1975 1979 13267 1973 1977 13268 1978 1978 13269 1977 1981 13270 1975 1979 13271 1980 1980 13272 1979 1983 13273 1977 1981 13274 1982 1982 13275 1981 1985 13276 1979 1983 13277 1984 1984 13278 1983 1987 13279 1981 1985 13280 1986 1986 13281 1985 1989 13282 1983 1987 13283 1988 1988 13284 1987 1991 13285 1985 1989 13286 1990 1990 13287 1989 1993 13288 1987 1991 13289 1992 1992 13290 1991 1995 13291 1989 1993 13292 1994 1994 13293 1993 1997 13294 1991 1995 13295 1996 1996 13296 1995 1999 13297 1993 1997 13298 1998 1998 13299 1997 2001 13300 1995 1999 13301 2000 2000 13302 1999 2003 13303 1997 2001 13304 2002 2002 13305 2001 2005 13306 1999 2003 13307 2004 2004 13308 2003 2006 13309 2001 2005 13310 1941 1942 13311 2005 1941 13312 2003 2006 13313 2008 2007 13314 2006 2009 13315 2004 2004 13316 2004 2004 13317 2006 2009 13318 2009 1943 13319 2089 2008 13320 2007 2011 13321 2006 2009 13322 2006 2009 13323 2007 2011 13324 2010 2010 13325 2010 2010 13326 2011 2014 13327 1942 1944 13328 2007 2011 13329 2013 2015 13330 2012 2012 13331 2010 2010 13332 2012 2012 13333 2015 2013 13334 2013 2015 13335 2063 2074 13336 2014 2016 13337 2014 2016 13338 2016 2084 13339 2015 2013 13340 2015 2013 13341 2016 2084 13342 2019 2017 13343 2011 2014 13344 2015 2013 13345 2017 2018 13346 2017 2018 13347 2020 2022 13348 2023 2020 13349 2017 2018 13350 2019 2017 13351 2022 2021 13352 2020 2022 13353 2022 2021 13354 2081 2023 13355 2020 2022 13356 2021 2024 13357 2025 2025 13358 2023 2020 13359 2025 2025 13360 2026 2026 13361 1946 2027 13362 2018 2019 13363 2023 2020 13364 2026 2026 13365 2025 2025 13366 2027 2028 13367 2021 2024 13368 2029 2032 13369 2027 2028 13370 2028 2029 13371 2027 2028 13372 2030 2030 13373 2029 2032 13374 2031 2128 13375 2030 2030 13376 2030 2030 13377 2031 2128 13378 2129 2033 13379 2033 2031 13380 2030 2030 13381 2032 2034 13382 2028 2029 13383 2033 2031 13384 1954 1954 13385 2033 2031 13386 2034 2035 13387 1956 1956 13388 2034 2035 13389 2032 2034 13390 2036 2036 13391 2034 2035 13392 2035 2037 13393 1958 1958 13394 2036 2036 13395 2038 2039 13396 2037 2038 13397 1958 1958 13398 2035 2037 13399 2037 2038 13400 2038 2039 13401 2040 2130 13402 2039 2040 13403 2037 2038 13404 2039 2040 13405 1962 1962 13406 2039 2040 13407 2040 2130 13408 2042 2041 13409 1962 1962 13410 2039 2040 13411 2041 2042 13412 2042 2041 13413 2045 2044 13414 2043 2043 13415 1964 1964 13416 2041 2042 13417 2043 2043 13418 2045 2044 13419 2047 2048 13420 2044 2045 13421 2043 2043 13422 2044 2045 13423 1968 1968 13424 2131 2046 13425 2046 2131 13426 2045 2044 13427 2045 2044 13428 2046 2131 13429 2048 2047 13430 2047 2048 13431 2049 2050 13432 2050 2049 13433 2048 2047 13434 2052 2054 13435 2049 2050 13436 2050 2049 13437 2049 2050 13438 2051 2051 13439 2049 2050 13440 2052 2054 13441 2053 2053 13442 2052 2054 13443 2054 2056 13444 2056 2055 13445 2048 2047 13446 2055 2058 13447 2054 2056 13448 2057 2057 13449 2065 2079 13450 2100 2059 13451 2104 2061 13452 2059 2062 13453 2057 2057 13454 2064 2076 13455 2082 2078 13456 2083 2086 13457 2082 2078 13458 2076 2085 13459 2086 2088 13460 2084 2089 13461 2083 2086 13462 2086 2088 13463 2093 2091 13464 2085 2087 13465 2083 2086 13466 2086 2088 13467 2076 2085 13468 2070 2075 13469 2087 2090 13470 2086 2088 13471 2088 2092 13472 2088 2092 13473 2013 2015 13474 2007 2011 13475 2088 2092 13476 2070 2075 13477 2063 2074 13478 2087 2090 13479 2089 2008 13480 2008 2007 13481 2084 2089 13482 2087 2090 13483 2090 2093 13484 1998 1998 13485 2091 2094 13486 2090 2093 13487 2090 2093 13488 2008 2007 13489 2002 2002 13490 2092 2095 13491 2091 2094 13492 1998 1998 13493 2093 2091 13494 2084 2089 13495 2091 2094 13496 2096 2096 13497 2093 2091 13498 2092 2095 13499 2094 2097 13500 2092 2095 13501 1996 1996 13502 2095 2098 13503 2098 2099 13504 2096 2096 13505 2095 2098 13506 2094 2097 13507 1994 1994 13508 2096 2096 13509 2097 2102 13510 2085 2087 13511 2100 2059 13512 2097 2102 13513 2096 2096 13514 2101 2100 13515 2099 2101 13516 2098 2099 13517 2058 2060 13518 2100 2059 13519 2098 2099 13520 2065 2079 13521 2071 2077 13522 2097 2102 13523 2104 2061 13524 2058 2060 13525 2099 2101 13526 2103 2104 13527 2102 2103 13528 2099 2101 13529 2105 2105 13530 2102 2103 13531 2103 2104 13532 2105 2105 13533 2108 2109 13534 2104 2061 13535 2107 2107 13536 2105 2105 13537 2106 2106 13538 2107 2107 13539 2109 2110 13540 2108 2109 13541 2072 2080 13542 2066 2063 13543 2108 2109 13544 2066 2063 13545 2059 2062 13546 2104 2061 13547 2110 2111 13548 2077 2066 13549 2072 2080 13550 2110 2111 13551 2109 2110 13552 2107 2107 13553 2111 2113 13554 2060 2064 13555 2077 2066 13556 2111 2113 13557 2110 2111 13558 2112 2112 13559 2112 2112 13560 2107 2107 13561 2126 2108 13562 2114 2114 13563 2112 2112 13564 2113 2115 13565 2116 2117 13566 2114 2114 13567 2115 2116 13568 2116 2117 13569 2118 2125 13570 2111 2113 13571 2121 2119 13572 2119 2121 13573 2116 2117 13574 2120 2120 13575 2118 2125 13576 2116 2117 13577 2122 2122 13578 2124 2124 13579 2120 2120 13580 2122 2122 13581 2119 2121 13582 2121 2119 13583 2051 2051 13584 2122 2122 13585 2123 2123 13586 2051 2051 13587 2053 2053 13588 2124 2124 13589 2078 2067 13590 2073 2081 13591 2120 2120 13592 2056 2055 13593 2078 2067 13594 2124 2124 13595 2123 2123 13596 2121 2119 13597 1976 1976 13598 1972 1972 13599 2125 2052 13600 2123 2123 13601 2050 2049 13602 2125 2052 13603 1972 1972 13604 2121 2119 13605 2117 2118 13606 1978 1978 13607 2073 2081 13608 2067 2065 13609 2118 2125 13610 2067 2065 13611 2060 2064 13612 2111 2113 13613 1978 1978 13614 2117 2118 13615 2115 2116 13616 1980 1980 13617 2115 2116 13618 2113 2115 13619 2113 2115 13620 2126 2108 13621 1984 1984 13622 1984 1984 13623 2126 2108 13624 2106 2106 13625 1986 1986 13626 2106 2106 13627 2103 2104 13628 2103 2104 13629 2101 2100 13630 1990 1990 13631 2101 2100 13632 2095 2098 13633 1992 1992 13634 2071 2077 13635 2064 2076 13636 2085 2087 13637 2021 2024 13638 2081 2023 13639 2075 2083 13640 2127 2126 13641 2080 2073 13642 2074 2082 13643 2129 2033 13644 2062 2071 13645 2080 2073 13646 2127 2126 13647 2128 2127 13648 2038 2039 13649 2129 2033 13650 2127 2126 13651 2036 2036 13652 2031 2128 13653 2069 2072 13654 2062 2071 13655 2038 2039 13656 2128 2127 13657 2130 2129 13658 2074 2082 13659 2068 2069 13660 2130 2129 13661 2040 2130 13662 2130 2129 13663 2131 2046 13664 2068 2069 13665 2061 2068 13666 2131 2046 13667 2061 2068 13668 2079 2070 13669 2046 2131 13670 2046 2131 13671 2079 2070 13672 2055 2058 13673 2029 2032 13674 2075 2083 13675 2069 2072 13676 2044 2045 13677 2050 2049 13678 1970 1970 13679 2026 2026 13680 2028 2029 13681 1952 1952 13682 1945 1947 13683 2024 1949 13684 2026 2026 13685 1942 1944 13686 2011 2014 13687 2018 2019 13688 2220 2132 13689 2135 2213 13690 2132 2133 13691 2133 2134 13692 2132 2133 13693 2134 2135 13694 2134 2135 13695 2132 2133 13696 2136 2137 13697 2132 2133 13698 2135 2213 13699 2137 2139 13700 2141 2140 13701 2134 2135 13702 2138 2138 13703 2141 2140 13704 2139 2137 13705 2140 2141 13706 2236 2136 13707 2134 2135 13708 2141 2140 13709 2142 2143 13710 2141 2140 13711 2143 2142 13712 2144 2144 13713 2143 2142 13714 2145 2145 13715 2145 2145 13716 2143 2142 13717 2140 2141 13718 2146 2146 13719 2145 2145 13720 2147 2147 13721 2145 2145 13722 2148 2137 13723 2149 2149 13724 2152 2150 13725 2147 2147 13726 2149 2149 13727 2154 2152 13728 2152 2150 13729 2150 2151 13730 2387 2148 13731 2147 2147 13732 2152 2150 13733 2153 2154 13734 2152 2150 13735 2154 2152 13736 2155 2155 13737 2154 2152 13738 2156 2156 13739 2156 2156 13740 2154 2152 13741 2151 2153 13742 2157 2157 13743 2156 2156 13744 2158 2158 13745 2156 2156 13746 2159 2137 13747 2160 2160 13748 2158 2158 13749 2160 2160 13750 2161 2161 13751 2163 2162 13752 2161 2161 13753 2162 2163 13754 2386 2159 13755 2158 2158 13756 2163 2162 13757 2164 2165 13758 2163 2162 13759 2165 2164 13760 2166 2166 13761 2165 2164 13762 2167 2167 13763 2167 2167 13764 2165 2164 13765 2162 2163 13766 2168 2168 13767 2167 2167 13768 2169 2169 13769 2167 2167 13770 2170 2137 13771 2171 2171 13772 2174 2172 13773 2169 2169 13774 2171 2171 13775 2174 2172 13776 2172 2137 13777 2173 2173 13778 2270 2170 13779 2169 2169 13780 2174 2172 13781 2175 2175 13782 2174 2172 13783 2176 2174 13784 2177 2176 13785 2176 2174 13786 2178 2177 13787 2176 2174 13788 2173 2173 13789 2181 2137 13790 2179 2178 13791 2178 2177 13792 2180 2179 13793 2178 2177 13794 2181 2137 13795 2182 2181 13796 2180 2179 13797 2182 2181 13798 2183 2182 13799 2185 2183 13800 2183 2182 13801 2184 2137 13802 2282 2180 13803 2180 2179 13804 2185 2183 13805 2186 2185 13806 2185 2183 13807 2187 2184 13808 2188 2186 13809 2187 2184 13810 2189 2187 13811 2187 2184 13812 2184 2137 13813 2192 2137 13814 2190 2188 13815 2189 2187 13816 2191 2189 13817 2191 2189 13818 2189 2187 13819 2192 2137 13820 2196 2191 13821 2191 2189 13822 2193 2137 13823 2196 2191 13824 2194 2192 13825 2195 2193 13826 2197 2195 13827 2196 2191 13828 2198 2194 13829 2385 2190 13830 2191 2189 13831 2196 2191 13832 2199 2196 13833 2198 2194 13834 2200 2197 13835 2200 2197 13836 2198 2194 13837 2195 2193 13838 2201 2198 13839 2200 2197 13840 2202 2199 13841 2200 2197 13842 2203 2137 13843 2204 2201 13844 2207 2202 13845 2202 2199 13846 2204 2201 13847 2207 2202 13848 2205 2137 13849 2206 2203 13850 2208 2205 13851 2207 2202 13852 2209 2204 13853 2303 2200 13854 2202 2199 13855 2207 2202 13856 2210 2206 13857 2209 2204 13858 2211 2207 13859 2211 2207 13860 2209 2204 13861 2206 2203 13862 2212 2208 13863 2211 2207 13864 2213 2209 13865 2211 2207 13866 2214 2137 13867 2215 2211 13868 2217 2212 13869 2213 2209 13870 2215 2211 13871 2217 2212 13872 2216 2137 13873 2137 2139 13874 2218 2214 13875 2217 2212 13876 2135 2213 13877 2221 2210 13878 2213 2209 13879 2217 2212 13880 2232 2215 13881 2219 2216 13882 2218 2214 13883 2219 2216 13884 2222 2217 13885 2221 2210 13886 2222 2217 13887 2223 2219 13888 2212 2208 13889 2224 2218 13890 2226 2223 13891 2223 2219 13892 2227 2220 13893 2224 2218 13894 2222 2217 13895 2228 2221 13896 2225 2222 13897 2224 2218 13898 2225 2222 13899 2309 2303 13900 2226 2223 13901 2229 2224 13902 2227 2220 13903 2219 2216 13904 2228 2221 13905 2227 2220 13906 2229 2224 13907 2230 2225 13908 2229 2224 13909 2231 2226 13910 2231 2226 13911 2229 2224 13912 2232 2215 13913 2233 2228 13914 2232 2215 13915 2220 2132 13916 2233 2228 13917 2133 2134 13918 2236 2136 13919 2235 2230 13920 2231 2226 13921 2233 2228 13922 2238 2231 13923 2235 2230 13924 2234 2229 13925 2237 2232 13926 2234 2229 13927 2236 2136 13928 2241 2233 13929 2238 2231 13930 2237 2232 13931 2237 2232 13932 2142 2143 13933 2144 2144 13934 2239 2234 13935 2144 2144 13936 2146 2146 13937 2243 2236 13938 2241 2233 13939 2239 2234 13940 2244 2237 13941 2242 2238 13942 2241 2233 13943 2242 2238 13944 2382 2360 13945 2238 2231 13946 2245 2239 13947 2243 2236 13948 2240 2235 13949 2244 2237 13950 2243 2236 13951 2245 2239 13952 2248 2242 13953 2245 2239 13954 2246 2240 13955 2247 2241 13956 2245 2239 13957 2248 2242 13958 2248 2242 13959 2249 2243 13960 2252 2245 13961 2250 2244 13962 2248 2242 13963 2251 2246 13964 2251 2246 13965 2252 2245 13966 2256 2248 13967 2253 2247 13968 2251 2246 13969 2254 2249 13970 2255 2250 13971 2254 2249 13972 2257 2251 13973 2254 2249 13974 2256 2248 13975 2258 2253 13976 2257 2251 13977 2258 2253 13978 2263 2254 13979 2259 2252 13980 2257 2251 13981 2260 2255 13982 2261 2256 13983 2260 2255 13984 2262 2257 13985 2260 2255 13986 2263 2254 13987 2264 2259 13988 2258 2253 13989 2386 2159 13990 2164 2165 13991 2263 2254 13992 2164 2165 13993 2166 2166 13994 2262 2257 13995 2264 2259 13996 2265 2260 13997 2264 2259 13998 2166 2166 13999 2168 2168 14000 2266 2261 14001 2265 2260 14002 2267 2262 14003 2267 2262 14004 2265 2260 14005 2168 2168 14006 2268 2263 14007 2267 2262 14008 2269 2264 14009 2269 2264 14010 2267 2262 14011 2270 2170 14012 2271 2265 14013 2269 2264 14014 2272 2266 14015 2269 2264 14016 2175 2175 14017 2177 2176 14018 2274 2267 14019 2272 2266 14020 2273 2268 14021 2273 2268 14022 2272 2266 14023 2177 2176 14024 2277 2270 14025 2275 2272 14026 2274 2267 14027 2383 2271 14028 2271 2265 14029 2274 2267 14030 2276 2269 14031 2273 2268 14032 2281 2273 14033 2279 2275 14034 2277 2270 14035 2276 2269 14036 2279 2275 14037 2278 2274 14038 2280 2276 14039 2278 2274 14040 2281 2273 14041 2283 2278 14042 2281 2273 14043 2273 2268 14044 2179 2178 14045 2283 2278 14046 2281 2273 14047 2282 2180 14048 2280 2276 14049 2283 2278 14050 2284 2279 14051 2283 2278 14052 2186 2185 14053 2188 2186 14054 2285 2280 14055 2284 2279 14056 2286 2281 14057 2284 2279 14058 2188 2186 14059 2190 2188 14060 2287 2283 14061 2286 2281 14062 2190 2188 14063 2288 2282 14064 2286 2281 14065 2287 2283 14066 2289 2285 14067 2288 2282 14068 2290 2284 14069 2289 2285 14070 2331 2324 14071 2285 2280 14072 2290 2284 14073 2287 2283 14074 2293 2287 14075 2294 2289 14076 2291 2286 14077 2290 2284 14078 2295 2290 14079 2292 2288 14080 2293 2287 14081 2296 2292 14082 2294 2289 14083 2292 2288 14084 2296 2292 14085 2295 2290 14086 2297 2293 14087 2297 2293 14088 2295 2290 14089 2298 2291 14090 2299 2295 14091 2298 2291 14092 2199 2196 14093 2293 2287 14094 2197 2195 14095 2199 2196 14096 2299 2295 14097 2201 2198 14098 2303 2200 14099 2301 2297 14100 2297 2293 14101 2299 2295 14102 2304 2298 14103 2301 2297 14104 2300 2296 14105 2302 2299 14106 2300 2296 14107 2303 2200 14108 2306 2300 14109 2304 2298 14110 2302 2299 14111 2302 2299 14112 2208 2205 14113 2210 2206 14114 2305 2301 14115 2210 2206 14116 2212 2208 14117 2226 2223 14118 2306 2300 14119 2305 2301 14120 2307 2302 14121 2306 2300 14122 2226 2223 14123 2307 2302 14124 2308 2304 14125 2304 2298 14126 2308 2304 14127 2307 2302 14128 2310 2305 14129 2307 2302 14130 2309 2303 14131 2311 2307 14132 2311 2307 14133 2314 2374 14134 2313 2308 14135 2310 2305 14136 2313 2308 14137 2315 2309 14138 2318 2310 14139 2312 2306 14140 2315 2309 14141 2320 2312 14142 2318 2310 14143 2316 2311 14144 2321 2294 14145 2319 2314 14146 2318 2310 14147 2319 2314 14148 2308 2304 14149 2312 2306 14150 2296 2292 14151 2321 2294 14152 2320 2312 14153 2320 2312 14154 2317 2313 14155 2324 2316 14156 2294 2289 14157 2296 2292 14158 2322 2315 14159 2323 2317 14160 2322 2315 14161 2324 2316 14162 2328 2319 14163 2323 2317 14164 2325 2318 14165 2328 2319 14166 2326 2320 14167 2327 2321 14168 2294 2289 14169 2323 2317 14170 2328 2319 14171 2291 2286 14172 2328 2319 14173 2329 2322 14174 2289 2285 14175 2329 2322 14176 2330 2323 14177 2330 2323 14178 2329 2322 14179 2327 2321 14180 2331 2324 14181 2330 2323 14182 2332 2326 14183 2332 2326 14184 2330 2323 14185 2333 2325 14186 2337 2328 14187 2332 2326 14188 2334 2327 14189 2338 2330 14190 2337 2328 14191 2335 2329 14192 2279 2275 14193 2337 2328 14194 2338 2330 14195 2384 2277 14196 2332 2326 14197 2337 2328 14198 2277 2270 14199 2338 2330 14200 2339 2332 14201 2339 2332 14202 2338 2330 14203 2336 2331 14204 2275 2272 14205 2339 2332 14206 2340 2334 14207 2340 2334 14208 2339 2332 14209 2341 2333 14210 2345 2336 14211 2340 2334 14212 2342 2335 14213 2347 2338 14214 2345 2336 14215 2343 2337 14216 2383 2271 14217 2340 2334 14218 2345 2336 14219 2346 2340 14220 2345 2336 14221 2347 2338 14222 2348 2341 14223 2347 2338 14224 2349 2342 14225 2347 2338 14226 2344 2339 14227 2352 2343 14228 2350 2258 14229 2349 2342 14230 2351 2344 14231 2351 2344 14232 2349 2342 14233 2352 2343 14234 2356 2346 14235 2351 2344 14236 2353 2345 14237 2357 2348 14238 2356 2346 14239 2354 2347 14240 2259 2252 14241 2356 2346 14242 2357 2348 14243 2261 2256 14244 2351 2344 14245 2356 2346 14246 2255 2250 14247 2357 2348 14248 2358 2350 14249 2357 2348 14250 2355 2349 14251 2360 2351 14252 2253 2247 14253 2358 2350 14254 2359 2352 14255 2358 2350 14256 2360 2351 14257 2361 2353 14258 2359 2352 14259 2361 2353 14260 2362 2354 14261 2364 2355 14262 2362 2354 14263 2363 2356 14264 2244 2237 14265 2247 2241 14266 2364 2355 14267 2247 2241 14268 2250 2244 14269 2359 2352 14270 2242 2238 14271 2244 2237 14272 2365 2357 14273 2366 2358 14274 2365 2357 14275 2363 2356 14276 2382 2360 14277 2242 2238 14278 2366 2358 14279 2366 2358 14280 2368 2359 14281 2369 2362 14282 2367 2361 14283 2369 2362 14284 2370 2363 14285 2374 2365 14286 2372 2364 14287 2370 2363 14288 2375 2227 14289 2373 2367 14290 2372 2364 14291 2373 2367 14292 2382 2360 14293 2367 2361 14294 2230 2225 14295 2375 2227 14296 2374 2365 14297 2374 2365 14298 2371 2366 14299 2378 2369 14300 2228 2221 14301 2230 2225 14302 2376 2368 14303 2376 2368 14304 2378 2369 14305 2379 2371 14306 2377 2370 14307 2379 2371 14308 2380 2372 14309 2311 2307 14310 2381 2373 14311 2380 2372 14312 2225 2222 14313 2228 2221 14314 2377 2370 14315 2309 2303 14316 2225 2222 14317 2381 2373 14318 2373 2367 14319 2375 2227 14320 2231 2226 14321 2373 2367 14322 2235 2230 14323 2238 2231 14324 2350 2258 14325 2262 2257 14326 2266 2261 14327 2346 2340 14328 2348 2341 14329 2266 2261 14330 2346 2340 14331 2268 2263 14332 2271 2265 14333 2331 2324 14334 2384 2277 14335 2280 2276 14336 2321 2294 14337 2297 2293 14338 2301 2297 14339 2308 2304 14340 2319 2314 14341 2301 2297 14342 2293 2287 14343 2287 2283 14344 2385 2190 14345 2256 2248 14346 2157 2157 14347 2386 2159 14348 2256 2248 14349 2252 2245 14350 2155 2155 14351 2252 2245 14352 2249 2243 14353 2153 2154 14354 2249 2243 14355 2246 2240 14356 2387 2148 14357 2246 2240 14358 2240 2235 14359 2146 2146 14360 2391 2375 14361 2388 2378 14362 2389 2376 14363 2388 2378 14364 2392 2381 14365 2394 2379 14366 2390 2380 14367 2395 2384 14368 2392 2381 14369 2388 2378 14370 2391 2375 14371 2401 2382 14372 2393 2383 14373 2392 2381 14374 2395 2384 14375 2525 2386 14376 2394 2379 14377 2392 2381 14378 2396 2385 14379 2395 2384 14380 2397 2387 14381 2399 2389 14382 2397 2387 14383 2395 2384 14384 2390 2380 14385 2401 2382 14386 2400 2390 14387 2402 2391 14388 2400 2390 14389 2401 2382 14390 2405 2393 14391 2404 2512 14392 2402 2391 14393 2398 2388 14394 2404 2512 14395 2405 2393 14396 2406 2394 14397 2405 2393 14398 2403 2392 14399 2405 2393 14400 2406 2394 14401 2393 2383 14402 2406 2394 14403 2407 2396 14404 2525 2386 14405 2407 2396 14406 2406 2394 14407 2408 2395 14408 2411 2377 14409 2409 2397 14410 2408 2395 14411 2403 2392 14412 2401 2382 14413 2391 2375 14414 2433 2398 14415 2407 2396 14416 2409 2397 14417 2409 2397 14418 2411 2377 14419 2412 2400 14420 2414 2401 14421 2412 2400 14422 2411 2377 14423 2412 2400 14424 2414 2401 14425 2415 2402 14426 2413 2403 14427 2428 2415 14428 2410 2399 14429 2416 2404 14430 2414 2401 14431 2389 2376 14432 2418 2405 14433 2415 2402 14434 2414 2401 14435 2416 2404 14436 2417 2407 14437 2419 2406 14438 2394 2379 14439 2525 2386 14440 2417 2407 14441 2418 2405 14442 2419 2406 14443 2422 2408 14444 2420 2409 14445 2423 2413 14446 2415 2402 14447 2420 2409 14448 2422 2408 14449 2435 2410 14450 2424 2412 14451 2423 2413 14452 2420 2409 14453 2413 2403 14454 2415 2402 14455 2423 2413 14456 2424 2412 14457 2426 2417 14458 2425 2414 14459 2428 2415 14460 2413 2403 14461 2425 2414 14462 2427 2416 14463 2425 2414 14464 2426 2417 14465 2428 2415 14466 2427 2416 14467 2430 2419 14468 2431 2421 14469 2430 2419 14470 2427 2416 14471 2431 2421 14472 2435 2410 14473 2422 2408 14474 2430 2419 14475 2422 2408 14476 2419 2406 14477 2419 2406 14478 2417 2407 14479 2433 2398 14480 2432 2420 14481 2433 2398 14482 2410 2399 14483 2417 2407 14484 2525 2386 14485 2407 2396 14486 2434 2422 14487 2431 2421 14488 2429 2418 14489 2435 2410 14490 2431 2421 14491 2434 2422 14492 2436 2424 14493 2437 2426 14494 2421 2411 14495 2438 2425 14496 2439 2429 14497 2437 2426 14498 2436 2424 14499 2434 2422 14500 2441 2427 14501 2440 2428 14502 2453 2438 14503 2439 2429 14504 2438 2425 14505 2441 2427 14506 2442 2430 14507 2443 2431 14508 2445 2448 14509 2442 2430 14510 2441 2427 14511 2434 2422 14512 2444 2423 14513 2444 2423 14514 2448 2436 14515 2446 2432 14516 2447 2433 14517 2445 2448 14518 2443 2431 14519 2446 2432 14520 2449 2435 14521 2451 2434 14522 2449 2435 14523 2446 2432 14524 2448 2436 14525 2449 2435 14526 2450 2437 14527 2437 2426 14528 2451 2434 14529 2449 2435 14530 2439 2429 14531 2452 2439 14532 2451 2434 14533 2453 2438 14534 2447 2433 14535 2451 2434 14536 2452 2439 14537 2453 2438 14538 2440 2428 14539 2456 2442 14540 2454 2440 14541 2456 2442 14542 2457 2443 14543 2454 2440 14544 2455 2444 14545 2465 2445 14546 2459 2446 14547 2457 2443 14548 2456 2442 14549 2458 2447 14550 2456 2442 14551 2440 2428 14552 2458 2447 14553 2442 2430 14554 2445 2448 14555 2459 2446 14556 2458 2447 14557 2460 2449 14558 2460 2449 14559 2462 2441 14560 2463 2451 14561 2445 2448 14562 2447 2433 14563 2462 2441 14564 2465 2445 14565 2463 2451 14566 2462 2441 14567 2463 2451 14568 2465 2445 14569 2466 2452 14570 2461 2450 14571 2463 2451 14572 2464 2453 14573 2455 2444 14574 2468 2456 14575 2466 2452 14576 2467 2455 14577 2466 2452 14578 2468 2456 14579 2464 2453 14580 2466 2452 14581 2467 2455 14582 2471 2459 14583 2470 2457 14584 2468 2456 14585 2469 2460 14586 2468 2456 14587 2455 2444 14588 2473 2461 14589 2472 2462 14590 2470 2457 14591 2467 2455 14592 2470 2457 14593 2472 2462 14594 2489 2464 14595 2474 2465 14596 2472 2462 14597 2475 2463 14598 2472 2462 14599 2474 2465 14600 2478 2458 14601 2467 2455 14602 2475 2463 14603 2476 2466 14604 2479 2470 14605 2477 2467 14606 2481 2468 14607 2478 2458 14608 2477 2467 14609 2479 2470 14610 2482 2473 14611 2480 2469 14612 2483 2471 14613 2485 2474 14614 2481 2468 14615 2484 2472 14616 2483 2471 14617 2480 2469 14618 2473 2461 14619 2483 2471 14620 2484 2472 14621 2471 2459 14622 2485 2474 14623 2483 2471 14624 2469 2460 14625 2486 2475 14626 2485 2474 14627 2485 2474 14628 2486 2475 14629 2487 2454 14630 2457 2443 14631 2459 2446 14632 2486 2475 14633 2486 2475 14634 2459 2446 14635 2461 2450 14636 2478 2458 14637 2481 2468 14638 2487 2454 14639 2489 2464 14640 2484 2472 14641 2488 2476 14642 2488 2476 14643 2484 2472 14644 2482 2473 14645 2490 2477 14646 2491 2480 14647 2474 2465 14648 2492 2479 14649 2493 2483 14650 2491 2480 14651 2490 2477 14652 2488 2476 14653 2495 2481 14654 2494 2482 14655 2507 2492 14656 2493 2483 14657 2492 2479 14658 2495 2481 14659 2496 2484 14660 2499 2478 14661 2497 2485 14662 2495 2481 14663 2496 2484 14664 2495 2481 14665 2497 2485 14666 2497 2485 14667 2500 2488 14668 2501 2487 14669 2499 2478 14670 2502 2490 14671 2500 2488 14672 2500 2488 14673 2503 2491 14674 2504 2489 14675 2502 2490 14676 2505 2493 14677 2503 2491 14678 2503 2491 14679 2493 2483 14680 2507 2492 14681 2505 2493 14682 2491 2480 14683 2493 2483 14684 2476 2466 14685 2474 2465 14686 2491 2480 14687 2479 2470 14688 2476 2466 14689 2505 2493 14690 2504 2489 14691 2507 2492 14692 2508 2494 14693 2501 2487 14694 2504 2489 14695 2506 2495 14696 2510 2497 14697 2508 2494 14698 2507 2492 14699 2508 2494 14700 2510 2497 14701 2511 2498 14702 2509 2499 14703 2519 2505 14704 2506 2495 14705 2513 2500 14706 2511 2498 14707 2510 2497 14708 2494 2482 14709 2496 2484 14710 2512 2501 14711 2498 2486 14712 2514 2502 14713 2512 2501 14714 2513 2500 14715 2512 2501 14716 2514 2502 14717 2516 2496 14718 2514 2502 14719 2498 2486 14720 2517 2504 14721 2515 2503 14722 2514 2502 14723 2519 2505 14724 2517 2504 14725 2516 2496 14726 2518 2506 14727 2517 2504 14728 2519 2505 14729 2517 2504 14730 2518 2506 14731 2524 2508 14732 2521 2509 14733 2520 2507 14734 2519 2505 14735 2509 2499 14736 2511 2498 14737 2522 2510 14738 2523 2511 14739 2522 2510 14740 2511 2498 14741 2513 2500 14742 2515 2503 14743 2524 2508 14744 2502 2490 14745 2499 2478 14746 2482 2473 14747 2421 2411 14748 2437 2426 14749 2450 2437 14750 2450 2437 14751 2448 2436 14752 2426 2417 14753 2448 2436 14754 2444 2423 14755 2429 2418 14756 850 26 14757 1820 995 14758 1819 1854 14759 842 19 14760 1812 990 14761 1816 989 14762 847 957 14763 1817 1927 14764 1812 990 14765 844 25 14766 851 81 14767 1821 1050 14768 849 884 14769 1819 1854 14770 1806 1028 14771 848 57 14772 1818 1027 14773 1813 1920 14774 836 59 14775 1806 1028 14776 1818 1027 14777 846 20 14778 1816 989 14779 1824 1925 14780 837 80 14781 852 951 14782 1822 1921 14783 854 955 14784 1824 1925 14785 1811 1714 14786 839 15 14787 1809 985 14788 1815 1915 14789 850 26 14790 844 25 14791 1814 996 14792 843 950 14793 1813 1920 14794 1817 1927 14795 853 744 14796 1823 1713 14797 1810 986 14798 841 743 14799 1811 1714 14800 1823 1713 14801 845 945 14802 1815 1915 14803 1808 1918 14804 840 17 14805 1810 986 14806 1809 985 14807 851 81 14808 837 80 14809 1807 1051 14810 852 951 14811 838 948 14812 1808 1918 14813</p>
        </triangles>
      </mesh>
    </geometry>
  </library_geometries>
  <library_visual_scenes>
    <visual_scene id="Scene" name="Scene">
      <node id="Bottle_A_C_Lying" name="Bottle_A_C_Lying" type="NODE">
        <matrix sid="transform">1 0 0 5.103804 0 1 0 -1.349914 0 0 1 1.08033e-7 0 0 0 1</matrix>
        <instance_geometry url="#Bottle_A_C_Lying-mesh" name="Bottle_A_C_Lying">
          <bind_material>
            <technique_common>
              <instance_material symbol="AK_Bottles_Plastic_Dirty-material" target="#AK_Bottles_Plastic_Dirty-material">
                <bind_vertex_input semantic="UVMap" input_semantic="TEXCOORD" input_set="0"/>
              </instance_material>
            </technique_common>
          </bind_material>
        </instance_geometry>
      </node>
    </visual_scene>
  </library_visual_scenes>
  <scene>
    <instance_visual_scene url="#Scene"/>
  </scene>
</COLLADA>