<?xml version="1.0" encoding="utf-8"?>
<COLLADA xmlns="http://www.collada.org/2005/11/COLLADASchema" version="1.4.1" xmlns:xsi="http://www.w3.org/2001/XMLSchema-instance">
  <asset>
    <contributor>
      <author>Blender User</author>
      <authoring_tool>Blender 3.0.1</authoring_tool>
    </contributor>
    <created>2026-07-31T12:34:46</created>
    <modified>2026-07-31T12:34:46</modified>
    <unit name="meter" meter="1"/>
    <up_axis>Z_UP</up_axis>
  </asset>
  <library_effects>
    <effect id="AK_Trash_Generic_B_A-effect">
      <profile_COMMON>
        <newparam sid="Trash_Generic_B_A_BaseColor_jpg_001-surface">
          <surface type="2D">
            <init_from>Trash_Generic_B_A_BaseColor_jpg_001</init_from>
          </surface>
        </newparam>
        <newparam sid="Trash_Generic_B_A_BaseColor_jpg_001-sampler">
          <sampler2D>
            <source>Trash_Generic_B_A_BaseColor_jpg_001-surface</source>
          </sampler2D>
        </newparam>
        <technique sid="common">
          <lambert>
            <emission>
              <color sid="emission">0 0 0 1</color>
            </emission>
            <diffuse>
              <texture texture="Trash_Generic_B_A_BaseColor_jpg_001-sampler" texcoord="UVMap"/>
            </diffuse>
            <index_of_refraction>
              <float sid="ior">1.45</float>
            </index_of_refraction>
          </lambert>
        </technique>
      </profile_COMMON>
    </effect>
  </library_effects>
  <library_images>
    <image id="Trash_Generic_B_A_BaseColor_jpg_001" name="Trash_Generic_B_A_BaseColor.jpg">
      <init_from>../materials/textures/Trash_Generic_B_A_BaseColor.jpg</init_from>
    </image>
  </library_images>
  <library_materials>
    <material id="AK_Trash_Generic_B_A-material" name="AK_Trash_Generic_B_A">
      <instance_effect url="#AK_Trash_Generic_B_A-effect"/>
    </material>
  </library_materials>
  <library_geometries>
    <geometry id="TrashGeneric_B_coffee_cup_top_16oz_001-mesh" name="TrashGeneric_B_coffee_cup_top_16oz.001">
      <mesh>
        <source id="TrashGeneric_B_coffee_cup_top_16oz_001-mesh-positions">
          <float_array id="TrashGeneric_B_coffee_cup_top_16oz_001-mesh-positions-array" count="5826">0.007024466 -0.1175543 0.0651493 0.0152601 -0.1174529 0.06146806 0.02239137 -0.1169106 0.05603206 0.027866 -0.1161571 0.04894971 0.03131091 -0.1152436 0.04070371 0.03249138 -0.1142324 0.03185594 0.03132694 -0.1131923 0.02300941 0.02789688 -0.1121944 0.01476693 0.02243506 -0.1113065 0.00769031 0.01531356 -0.1105893 0.002261757 0.00701785 -0.1100915 -0.00114876 -0.001886785 -0.1098471 -0.002308905 -0.01079356 -0.1098727 -0.001139521 -0.01909548 -0.1101667 0.002279639 -0.02622675 -0.1107089 0.007715582 -0.03194218 -0.1114005 0.01428884 -0.03514629 -0.112376 0.02304393 -0.03632676 -0.1133872 0.0318917 -0.03516232 -0.1144272 0.04073828 -0.03173226 -0.1154252 0.04898071 -0.02627044 -0.116313 0.05605733 -0.019149 -0.1170303 0.06148594 -0.01085329 -0.1175281 0.06489652 -0.001946091 -0.1175801 0.06632709 0.01648586 -0.1003812 0.06521654 0.02403748 -0.09980696 0.05946016 0.0298348 -0.09900903 0.05196034 0.03348278 -0.09804165 0.04322832 0.03473281 -0.09697085 0.03385907 0.03349971 -0.09586948 0.02449107 0.02986752 -0.09481275 0.0157628 0.02408373 -0.09387254 0.008269071 0.01654255 -0.093113 0.002520561 0.007757842 -0.09258586 -0.001091003 -0.001671612 -0.09232705 -0.002319514 -0.01110339 -0.09235423 -0.001081168 -0.01989459 -0.09266555 0.002539455 -0.02744621 -0.09323972 0.008295834 -0.03348433 -0.09397572 0.01528656 -0.03689152 -0.09500503 0.02452766 -0.03814154 -0.09607589 0.03389692 -0.03690844 -0.0971772 0.04326492 -0.03327625 -0.09823399 0.05199319 -0.02749246 -0.09917414 0.05948692 -0.01995128 -0.09993368 0.06523543 -0.01116663 -0.1004608 0.06884706 -0.001737058 -0.1007196 0.07007557 0.007694661 -0.1006925 0.06883728 0.02493882 0.02930641 0.09219515 0.03532779 0.03009635 0.0842759 0.04330331 0.03119415 0.07395827 0.04832196 0.03252494 0.06194531 0.05004167 0.03399813 0.04905575 0.04834526 0.03551328 0.03616797 0.04334831 0.03696709 0.02416026 0.03539144 0.03826051 0.01385092 0.02501678 0.03930544 0.005942463 0.01293146 0.04003065 9.73932e-4 -4.10031e-5 0.04038667 -7.16138e-4 -0.01301652 0.0403493 9.8743e-4 -0.0251109 0.03992104 0.005968511 -0.03549981 0.0391311 0.01388776 -0.04313123 0.03801327 0.02434152 -0.04849398 0.03670251 0.03621834 -0.05021369 0.03522932 0.04910784 -0.04851728 0.03371423 0.06199568 -0.04352039 0.03226035 0.07400339 -0.03556346 0.03096693 0.08431273 -0.02518886 0.029922 0.0922212 -0.01310348 0.02919679 0.09718972 -1.31058e-4 0.02884078 0.09887981 0.0128445 0.02887815 0.09717625 0.01321941 0.02931147 0.09840363 0.02559608 0.02974981 0.0933063 0.03622758 0.03055828 0.08520221 0.0443893 0.03168171 0.07464373 0.04952508 0.03304356 0.06235033 0.0512849 0.03455108 0.04915988 0.04954886 0.03610146 0.03597128 0.04443526 0.03758901 0.02368324 0.03629255 0.03891247 0.01313328 0.02567577 0.0399816 0.005040287 0.01330828 0.0407235 -4.41703e-5 3.31108e-5 0.04108762 -0.001773595 -0.01324522 0.04104924 -3.03054e-5 -0.02562177 0.04061084 0.00506705 -0.03625309 0.03980243 0.01317107 -0.04406368 0.03865844 0.02386838 -0.04955053 0.03731715 0.03602272 -0.05131036 0.03580969 0.04921305 -0.04957443 0.03425931 0.06240159 -0.04446095 0.0327717 0.07468956 -0.03631842 0.03144824 0.08523958 -0.02570164 0.03037911 0.09333264 -0.01333427 0.02963721 0.09841728 -5.9028e-5 0.02927303 0.1001469 0.006277322 -0.1174448 0.0623548 0.01394236 -0.1171734 0.05919784 0.02052658 -0.1166728 0.05417889 0.0255813 -0.1159771 0.04763984 0.02876198 -0.1151336 0.04002636 0.02985185 -0.1141999 0.03185731 0.0287767 -0.1132397 0.02368938 0.02560979 -0.1123183 0.01607924 0.02056694 -0.1114985 0.009545445 0.01399177 -0.1108363 0.00453329 0.006332397 -0.1103767 0.001384377 -0.001889109 -0.1101511 3.13254e-4 -0.0101127 -0.1101747 0.0013929 -0.01777774 -0.1104462 0.004549801 -0.02436196 -0.1109468 0.00956881 -0.02899831 -0.1115476 0.01524436 -0.03259736 -0.112486 0.02372127 -0.03368723 -0.1134197 0.03189033 -0.03261208 -0.1143799 0.04005825 -0.02944517 -0.1153013 0.04766845 -0.02440232 -0.116121 0.05420225 -0.01782715 -0.1167833 0.05921435 -0.01016783 -0.1172429 0.06236332 -0.00194621 -0.1174685 0.06343448 0.006268918 -0.1134265 0.06260329 0.01388007 -0.113157 0.05946862 0.02041798 -0.1126599 0.0544849 0.02543717 -0.1119691 0.04799187 0.02859544 -0.1111316 0.04043197 0.02967768 -0.1102045 0.03232038 0.02861011 -0.109251 0.02420985 0.02546548 -0.108336 0.01665323 0.0204581 -0.1075221 0.01016539 0.01392912 -0.1068645 0.005188524 0.006323635 -0.1064081 0.002061724 -0.001840054 -0.1061841 9.98129e-4 -0.01000577 -0.1062076 0.002070188 -0.01761692 -0.1064771 0.005204916 -0.02415484 -0.1069742 0.01018857 -0.0287556 -0.1075701 0.01581817 -0.0323323 -0.1085026 0.02424156 -0.03341454 -0.1094297 0.03235316 -0.03234696 -0.1103832 0.04046362 -0.02920234 -0.111298 0.04802024 -0.02419495 -0.1121121 0.05450809 -0.01766598 -0.1127696 0.05948501 -0.01006048 -0.113226 0.06261181 -0.001896739 -0.1134501 0.0636754 0.01192706 -0.1072387 0.008629083 0.01762855 -0.1078129 0.01297521 0.02474749 -0.1093227 0.02523982 0.02473467 -0.110965 0.039406 0.02197664 -0.1116963 0.04600787 0.005285441 -0.1068401 0.005898535 0.009136617 -0.1077598 0.01342058 0.01497143 -0.1095148 0.02793753 0.01717823 -0.1113268 0.04333084 0.01759362 -0.1122996 0.051678 -0.001843631 -0.1066445 0.004969716 0.001186311 -0.107744 0.01413124 0.006259322 -0.1096844 0.03032755 0.009951829 -0.1116321 0.04673397 0.01188421 -0.1127337 0.05603009 -0.008974492 -0.106665 0.005905926 -0.00642395 -0.107826 0.01564842 -0.001951098 -0.1098396 0.03254067 0.002604365 -0.1118307 0.04922908 0.005237638 -0.1129691 0.05876755 -0.01562106 -0.1069003 0.008643388 -0.01376134 -0.1080216 0.01811695 -0.01014143 -0.109989 0.03470069 -0.004995882 -0.1119098 0.05071967 -0.001893162 -0.1129896 0.05970376 -0.02133041 -0.1073345 0.01299548 -0.02095645 -0.1083187 0.02144467 -0.01879096 -0.1101419 0.03693997 -0.01291483 -0.1118857 0.05135494 -0.009022295 -0.112794 0.05877494 -0.02492982 -0.1077699 0.01713383 -0.02847152 -0.1086692 0.02526748 -0.02848434 -0.1103114 0.03943365 -0.0213654 -0.1118212 0.05169826 -0.01566392 -0.1123954 0.05604445 0.01248806 -0.1086357 0.02061927 0.02200138 -0.1085237 0.01864087 0.01648622 -0.1104092 0.03549009 0.02567976 -0.1101554 0.0323224 0.003927648 -0.1087352 0.02238893 0.00821191 -0.1106356 0.03832411 -0.004137754 -0.1088623 0.0243436 2.55615e-4 -0.1108111 0.04068458 -0.0120728 -0.1090324 0.02665537 -0.007788538 -0.1109328 0.04259049 -0.02029573 -0.1092446 0.02936083 -0.01629757 -0.1110181 0.04423165 -0.02941662 -0.1094787 0.03235107 -0.02573823 -0.1111103 0.04603266 0.006958186 -0.1177468 0.06488722 0.01538586 -0.1172582 0.06170564 0.02256822 -0.116712 0.05623072 0.02808207 -0.1159532 0.04909765 0.03155171 -0.115033 0.04079258 0.03274059 -0.1140146 0.03188139 0.03156781 -0.1129671 0.02297151 0.02811318 -0.111962 0.01467001 0.02261221 -0.1110678 0.007542669 0.01543974 -0.1103454 0.002075195 0.007084608 -0.109844 -0.00135976 -0.001883804 -0.1095979 -0.002528131 -0.01085442 -0.1096237 -0.001350402 -0.01921576 -0.1099198 0.002093195 -0.02639812 -0.110466 0.00756812 -0.03186309 -0.1112242 0.0146901 -0.03538161 -0.112145 0.02300631 -0.03657054 -0.1131634 0.03191745 -0.0353977 -0.1142109 0.04082733 -0.03194314 -0.115216 0.04912883 -0.02644217 -0.1161102 0.05625617 -0.0192697 -0.1168326 0.06172364 -0.01091456 -0.117334 0.06515866 -0.001948595 -0.1177725 0.0660566 0.006222426 -0.1171973 0.06216615 0.01383358 -0.1169278 0.05903142 0.02037149 -0.1164307 0.05404776 0.02539062 -0.1157398 0.04755467 0.02854895 -0.1149023 0.03999477 0.02963119 -0.1139752 0.03188318 0.02856355 -0.1130217 0.02377271 0.02541893 -0.1121069 0.01621603 0.02041155 -0.1112928 0.009728193 0.01388263 -0.1106353 0.004751324 0.006277143 -0.1101789 0.001624524 -0.001886606 -0.1099548 5.60957e-4 -0.01005232 -0.1099783 0.001632988 -0.01766347 -0.1102479 0.004767715 -0.02420139 -0.110745 0.009751379 -0.02880215 -0.1113409 0.01538097 -0.03237885 -0.1122733 0.02380436 -0.03346109 -0.1132004 0.03191596 -0.03239351 -0.1141539 0.04002642 -0.02924883 -0.1150688 0.0475831 -0.02424144 -0.1158828 0.05407094 -0.01771253 -0.1165404 0.05904781 -0.01010704 -0.1169968 0.06217461 -0.00194329 -0.1172208 0.0632382 0.0161277 -0.105877 0.06407326 0.007459104 -0.1066195 0.06754094 0.02355903 -0.1053119 0.05840849 0.02926403 -0.1045266 0.05102819 0.03285396 -0.1035747 0.04243516 0.03408408 -0.102521 0.03321504 0.03287065 -0.1014372 0.02399623 0.02929627 -0.1003972 0.01540696 0.02360457 -0.09947198 0.0080325 0.01618343 -0.09872454 0.002375543 0.007538616 -0.0982058 -0.001178503 -0.001740694 -0.09795111 -0.002387404 -0.01102232 -0.09797787 -0.001168847 -0.01967358 -0.09828418 0.002394139 -0.02710491 -0.09884923 0.008058905 -0.03305071 -0.09957247 0.01493018 -0.03639984 -0.1005864 0.02403229 -0.03762996 -0.1016402 0.03325235 -0.03641653 -0.102724 0.04247117 -0.03284215 -0.1037639 0.05106043 -0.02715045 -0.1046892 0.0584349 -0.01972937 -0.1054366 0.06409186 -0.01108455 -0.1059554 0.06764596 -0.00181055 -0.1066462 0.06875795 0.01609921 -0.1063136 0.06398242 0.007476449 -0.1061833 0.06763631 0.023521 -0.1057493 0.05832493 0.02921873 -0.104965 0.0509541 0.03280401 -0.1040143 0.0423721 0.03403252 -0.1029619 0.0331639 0.03282064 -0.1018795 0.02395695 0.02925086 -0.1008409 0.01537871 0.02356648 -0.09991687 0.008013725 0.01615488 -0.09917038 0.002363979 0.007521212 -0.0986523 -0.001185417 -0.001746237 -0.09839797 -0.002392828 -0.01101589 -0.09842467 -0.00117582 -0.019656 -0.09873056 0.002382576 -0.02707779 -0.0992949 0.00804007 -0.03272658 -0.1000785 0.01539987 -0.0363608 -0.1010299 0.02399289 -0.03758931 -0.1020823 0.03320115 -0.03637742 -0.1031647 0.0424081 -0.03280764 -0.1042033 0.05098634 -0.02712327 -0.1051273 0.05835127 -0.01971173 -0.1058738 0.06400102 -0.011078 -0.1063919 0.06755053 -0.001805126 -0.1062101 0.06885492 0.007402062 -0.1065713 0.06733036 0.01598852 -0.1062672 0.06379395 0.0233643 -0.1057064 0.05817157 0.02902662 -0.104927 0.05084645 0.03258967 -0.1039822 0.04231774 0.03381055 -0.1029363 0.03316664 0.03260618 -0.1018606 0.02401685 0.02905857 -0.1008284 0.01549184 0.02340948 -0.09991014 0.008172571 0.0160439 -0.0991683 0.002557933 0.007463753 -0.09865343 -9.69533e-4 -0.001746118 -0.09840065 -0.00216937 -0.01095825 -0.09842717 -9.59982e-4 -0.01954478 -0.09873121 0.00257641 -0.02692049 -0.09929203 0.008198738 -0.03253388 -0.1000708 0.01551276 -0.03614586 -0.1010163 0.02405256 -0.0373668 -0.1020622 0.03320366 -0.03616243 -0.1031379 0.04235351 -0.03261482 -0.10417 0.05087852 -0.02696573 -0.1050883 0.05819773 -0.01960015 -0.1058301 0.06381243 -0.01102 -0.106345 0.06733989 -0.001810073 -0.1065978 0.06853979 0.01601701 -0.1058306 0.06388479 0.007419347 -0.106135 0.06742572 -0.001804649 -0.1061615 0.06863677 -0.01102656 -0.1059085 0.06743532 -0.01961779 -0.1053929 0.06390327 -0.02699291 -0.1046501 0.0582813 -0.03264927 -0.1037306 0.05095261 -0.03620153 -0.1026971 0.04241657 -0.03740745 -0.1016201 0.03325486 -0.03618496 -0.1005728 0.02409195 -0.03285807 -0.09956479 0.01504313 -0.02694761 -0.09884637 0.008217573 -0.0195623 -0.09828484 0.002587974 -0.01096469 -0.09798038 -9.53006e-4 -0.001740634 -0.09795379 -0.002164006 0.007481157 -0.09820693 -9.62586e-4 0.01607245 -0.09872245 0.002569437 0.02344757 -0.09946525 0.008191347 0.02910393 -0.1003847 0.01552009 0.03265619 -0.1014182 0.02405613 0.03386211 -0.1024953 0.03321784 0.03263962 -0.1035426 0.04238075 0.02907198 -0.1044886 0.05092054 0.02340233 -0.105269 0.05825513 0.0071249 -0.1004522 0.06682527 0.01541507 -0.1001586 0.06341087 0.01683229 -0.07735031 0.0680347 0.007994651 -0.07766324 0.07167452 0.02253627 -0.09961718 0.05798262 0.02442371 -0.0767731 0.06224793 0.02800315 -0.09886467 0.05091029 0.03025168 -0.07597088 0.05470854 0.03144323 -0.09795248 0.04267597 0.03391891 -0.07499843 0.04593044 0.03262197 -0.09694266 0.03384071 0.0351755 -0.07392197 0.03651171 0.03145915 -0.09590411 0.02500665 0.0339359 -0.07281482 0.02709436 0.02803403 -0.09490758 0.0167759 0.03028452 -0.07175248 0.01832002 0.0225799 -0.09402096 0.009709239 0.02447026 -0.07080733 0.01078671 0.01546847 -0.09330475 0.004288375 0.01688927 -0.0700438 0.005007863 0.007184505 -0.09280765 8.82655e-4 0.00805819 -0.06951385 0.001377165 -0.001707494 -0.09256356 -2.75812e-4 -0.001421034 -0.06925368 1.4224e-4 -0.01060169 -0.09258919 8.91902e-4 -0.01090258 -0.06928098 0.001387059 -0.01889187 -0.09288275 0.004306197 -0.01974016 -0.06959396 0.005026876 -0.02601301 -0.0934242 0.009734511 -0.02733165 -0.07017117 0.01081365 -0.03171688 -0.09411567 0.01630586 -0.03339648 -0.07091236 0.017852 -0.03491997 -0.09508895 0.02504116 -0.03682678 -0.07194578 0.02713114 -0.03609877 -0.09609872 0.03387641 -0.03808343 -0.0730223 0.0365498 -0.03493595 -0.09713727 0.04271042 -0.03684383 -0.0741294 0.04596722 -0.03151082 -0.0981338 0.05094122 -0.03319245 -0.07519179 0.05474156 -0.0260567 -0.09902042 0.05800783 -0.02737814 -0.07613688 0.06227481 -0.01894533 -0.09973669 0.06342875 -0.0197972 -0.07690048 0.06805372 -0.0106613 -0.1002337 0.0668345 -0.01096612 -0.07743036 0.07168436 -0.001769244 -0.1004778 0.06799298 -0.001486837 -0.07769054 0.07291936 0.01207464 0.02923899 0.09442222 0.02348041 0.02964287 0.08972471 0.03327786 0.03038781 0.08225637 0.04079931 0.03142309 0.07252615 0.04553222 0.03267812 0.06119716 0.04715406 0.03406745 0.04904145 0.04555422 0.03549629 0.03688746 0.04084175 0.03686738 0.02556335 0.03333789 0.03808712 0.015841 0.02355396 0.03907257 0.008382797 0.01215666 0.03975647 0.003697156 -7.72072e-5 0.04009222 0.002103269 -0.01231396 0.040057 0.003709852 -0.02371972 0.03965312 0.008407354 -0.03351718 0.03890818 0.01587575 -0.0409851 0.0379135 0.02524983 -0.04577153 0.03661781 0.03693491 -0.04739332 0.03522855 0.04909062 -0.04579353 0.0337997 0.06124466 -0.04108113 0.03242862 0.07256871 -0.0335772 0.03120881 0.08229112 -0.02379328 0.03022342 0.08974927 -0.01239597 0.02953952 0.09443497 -1.62136e-4 0.02920371 0.0960288 0.02340114 0.03102326 0.08972126 0.01203995 0.03062099 0.09440046 0.03316026 0.03176528 0.08228212 0.04065233 0.03279656 0.07258999 0.0453667 0.0340467 0.06130528 0.04698216 0.03543055 0.04919713 0.04538857 0.03685379 0.03709065 0.04069459 0.03821951 0.02581089 0.03322005 0.03943455 0.01612651 0.02347433 0.04041612 0.008697509 0.01212167 0.04109734 0.004030168 -6.43681e-5 0.04143178 0.002442538 -0.01225328 0.04139667 0.004042804 -0.0236144 0.0409944 0.008721947 -0.03337359 0.04025232 0.01616108 -0.04052758 0.03920143 0.02598702 -0.04558002 0.03797096 0.03713792 -0.04719549 0.03658711 0.04924613 -0.0456019 0.03516381 0.06135261 -0.04090791 0.03379815 0.07263237 -0.03343337 0.03258311 0.08231675 -0.02368766 0.03160154 0.08974575 -0.012335 0.03092032 0.0944131 -1.48967e-4 0.03058588 0.09600073 0.006641209 -0.1127421 0.0641551 0.0146225 -0.1124595 0.06086796 0.02147835 -0.1119381 0.05564194 0.02674156 -0.1112137 0.04883313 0.03005343 -0.1103355 0.04090559 0.0311883 -0.1093633 0.03239953 0.03006881 -0.1083635 0.0238946 0.02677124 -0.1074041 0.01597052 0.02152037 -0.1065505 0.009167194 0.01467394 -0.1058609 0.003948211 0.006698608 -0.1053823 6.69433e-4 -0.001862108 -0.1051474 -4.45885e-4 -0.01042491 -0.105172 6.78336e-4 -0.01840621 -0.1054546 0.003965437 -0.02526205 -0.1059759 0.009191453 -0.03047716 -0.1066997 0.01598936 -0.03383719 -0.1075786 0.02392786 -0.03497207 -0.1085508 0.03243392 -0.03385257 -0.1095507 0.04093879 -0.030555 -0.1105101 0.04886293 -0.02530407 -0.1113637 0.05566626 -0.01845771 -0.1120532 0.06088519 -0.01048237 -0.1125318 0.06416404 -0.001921534 -0.1127668 0.06527936 0.005148231 -0.1060245 0.006399452 0.01168423 -0.1064167 0.009086489 0.017295 -0.1069818 0.01336354 0.008938133 -0.1069294 0.01380181 0.02159821 -0.1076813 0.01893901 0.01223629 -0.1077914 0.02088594 0.01468014 -0.1086566 0.02808779 0.02430069 -0.1084675 0.025433 0.02521812 -0.1092869 0.03240299 0.01617079 -0.1095367 0.03552025 0.01685184 -0.1104397 0.04323631 0.02428805 -0.1100836 0.03937387 0.0215739 -0.1108034 0.04587066 0.01726061 -0.1113971 0.05145066 -0.001867473 -0.1058319 0.005485415 0.001114308 -0.1069139 0.01450115 0.003812015 -0.1078894 0.02262753 0.006106615 -0.1088235 0.03043979 0.008028149 -0.1097595 0.03830915 0.009740352 -0.1107402 0.04658526 0.01164203 -0.1118243 0.0557335 -0.008884847 -0.1058521 0.006406724 -0.006374895 -0.1069946 0.01599419 -0.004125058 -0.1080145 0.02455109 -0.001973152 -0.1089763 0.03261774 1.98418e-4 -0.1099322 0.04063206 0.002509832 -0.1109356 0.04904067 0.005101203 -0.1120559 0.05842739 -0.01542568 -0.1060837 0.009100615 -0.01359558 -0.1071872 0.01842343 -0.01193386 -0.1081818 0.02682602 -0.01003324 -0.1091232 0.03474336 -0.007717788 -0.110052 0.0425077 -0.004969537 -0.1110134 0.05050754 -0.00191617 -0.1120761 0.0593487 -0.02104425 -0.1065109 0.01338344 -0.02067619 -0.1074795 0.02169823 -0.02002602 -0.1083906 0.02948844 -0.01854521 -0.1092737 0.03694707 -0.01609146 -0.1101359 0.04412275 -0.01276254 -0.1109897 0.05113273 -0.008931934 -0.1118835 0.05843472 -0.02679091 -0.1072425 0.02030503 -0.02807176 -0.1078243 0.02546024 -0.02900177 -0.1086211 0.03243118 -0.02808433 -0.1094405 0.03940111 -0.02538192 -0.1102267 0.04589509 -0.0210787 -0.1109262 0.05147057 -0.01546788 -0.1114913 0.05574762 -0.03165245 -0.1114618 0.01478683 -0.0331946 -0.09403699 0.01578456 -0.04342097 0.03807461 0.02384352 -0.04435926 0.03872114 0.02336037 -0.02973866 -0.1117204 0.01681345 -0.02949595 -0.1077429 0.01738721 -0.02629905 -0.108038 0.01959258 -0.03215277 -0.1111629 0.0141921 -0.0295425 -0.1115137 0.01695007 -0.03276103 -0.09963381 0.01542818 -0.03301626 -0.1000172 0.01490187 -0.03282362 -0.1000095 0.01501482 -0.03256839 -0.09962612 0.01554107 -0.03143179 -0.09417605 0.01679593 -0.03311139 -0.07097268 0.01834207 -0.04070001 0.03785318 0.0257399 -0.04081219 0.03926163 0.02549779 -0.03076225 -0.1066394 0.01549929 -0.02522963 -0.1068933 0.0171265 -0.03179728 -0.1114311 0.01453787 -0.03333944 -0.09400635 0.01553553 -0.04327613 0.03804397 0.02409255 -0.04422366 0.04063576 0.02381753 -0.02942669 -0.1116412 0.01609772 -0.02918398 -0.1076638 0.01667153 -0.02588695 -0.1078981 0.01834172 -0.03200793 -0.1111935 0.01444113 -0.02923053 -0.1114345 0.01623433 -0.03290587 -0.09960317 0.01517915 -0.03287142 -0.1000478 0.01515084 -0.03267878 -0.1000401 0.01526379 -0.03271323 -0.09959542 0.0152921 -0.0315743 -0.09414589 0.01655089 -0.03325396 -0.07094252 0.01809704 -0.04084253 0.03788334 0.02549487 -0.04066985 0.03923153 0.02574241 -0.03061968 -0.1066696 0.01574432 -0.02602201 -0.1070423 0.01849603 0.01547861 -0.1158354 0.06200164 0.02269208 -0.1152869 0.05650293 0.02822983 -0.1145247 0.04933899 0.03171449 -0.1136006 0.04099792 0.03290855 -0.1125777 0.03204816 0.03173065 -0.1115257 0.0230996 0.02826106 -0.1105163 0.01476216 0.02273625 -0.1096182 0.007603943 0.01553273 -0.1088927 0.002112746 0.007141351 -0.1083891 -0.001337051 -0.001865923 -0.1081419 -0.002510547 -0.0108754 -0.1081679 -0.001327693 -0.01927304 -0.1084652 0.002130866 -0.02648651 -0.1090137 0.007629513 -0.03226506 -0.109714 0.01428437 -0.03550893 -0.1107 0.02313452 -0.03670299 -0.1117229 0.03208434 -0.03552508 -0.1127749 0.04103285 -0.03205555 -0.1137843 0.04937034 -0.02653074 -0.1146824 0.05652856 -0.01932716 -0.115408 0.0620197 -0.01093578 -0.1159115 0.06546962 -0.001928448 -0.1161587 0.06664311 0.007080972 -0.1161327 0.06546026 -0.03197532 -0.1097753 0.01478236 -0.03212016 -0.1097446 0.0145334 0.04709589 0.03534495 0.06192582 0.04877144 0.03678029 0.0493673 0.04711854 0.03825652 0.03681051 0.04224997 0.03967297 0.02511113 0.03449743 0.04093319 0.01506656 0.0243892 0.04195129 0.007361173 0.01261425 0.04265785 0.002520263 -2.50523e-5 0.04300475 8.73608e-4 -0.01266735 0.04296833 0.002533376 -0.02445107 0.0425511 0.007386565 -0.03457319 0.04178142 0.01510244 -0.04228997 0.04075282 0.02479612 -0.0472337 0.03941518 0.03685951 -0.04890924 0.03797984 0.04941809 -0.04725641 0.03650367 0.06197482 -0.04238784 0.03508716 0.0736742 -0.03463524 0.03382694 0.08371877 -0.02452707 0.03280884 0.09142416 -0.01275211 0.03210228 0.09626507 -1.12798e-4 0.03175538 0.09791177 0.01252955 0.0317918 0.09625196 0.02431327 0.03220903 0.09139877 0.03443539 0.03297871 0.08368289 0.0422061 0.03404831 0.07363027 -0.04200255 0.04069197 0.02529019 -0.04214626 0.04072237 0.02504318 0.01329129 0.03123337 0.09872353 0.02568858 0.03167152 0.09361857 0.03633797 0.03248071 0.08550143 0.04451346 0.03360587 0.07492548 0.04965758 0.03497016 0.06261163 0.05141979 0.03648066 0.04939937 0.04967999 0.03803443 0.03618931 0.04455709 0.0395255 0.02388191 0.03640031 0.04085224 0.01331603 0.02576601 0.04192429 0.005211651 0.01337891 0.04266858 1.2082e-4 8.34581e-5 0.04303443 -0.001609802 -0.01321446 0.04299694 1.37433e-4 -0.02560883 0.04255867 0.005243182 -0.0362553 0.04174953 0.01335948 -0.04407441 0.04060471 0.02407366 -0.04957199 0.03926068 0.03624427 -0.05133497 0.03775048 0.04945361 -0.04959732 0.036197 0.06266152 -0.04447734 0.03470599 0.07496815 -0.03632354 0.03337919 0.08553475 -0.02569133 0.0323069 0.09364134 -0.01330506 0.03156232 0.09873509 -8.82417e-6 0.03119611 0.1004686 -0.04437303 0.04066681 0.02356141 -0.0442115 0.03868979 0.02361434 0.02489656 0.02865797 0.09206026 0.01281875 0.0282303 0.09703457 0.03527134 0.02944684 0.0841518 0.04323601 0.03054314 0.07384824 0.04824775 0.03187215 0.06185173 0.04996514 0.03334331 0.04897975 0.048271 0.03485631 0.03610962 0.04328095 0.03630816 0.0241183 0.03533488 0.03759986 0.01382297 0.0249744 0.03864336 0.005925357 0.01290559 0.03936755 9.63624e-4 -4.91571e-5 0.03972309 -7.24146e-4 -0.01300698 0.03968578 9.77087e-4 -0.02508479 0.03925812 0.005951344 -0.03545951 0.03846925 0.0138598 -0.04337126 0.03741437 0.02380079 -0.04843598 0.03604394 0.03615987 -0.05015337 0.03457278 0.04903185 -0.04845929 0.03305977 0.06190198 -0.04346919 0.03160792 0.07389336 -0.03552311 0.03031623 0.08418864 -0.02516269 0.02927273 0.09208625 -0.01309382 0.02854853 0.09704804 -1.3909e-4 0.02819299 0.0987358 -0.04308158 0.03735303 0.02429872 -0.04322642 0.03738367 0.02404975 0.02384525 0.01252806 0.08870476 0.03386712 0.0132901 0.08106535 0.04156082 0.0143491 0.07111227 0.04640215 0.01563286 0.05952382 0.04806107 0.01705402 0.04708969 0.04642462 0.01851558 0.03465729 0.04160422 0.01991808 0.02307385 0.03392851 0.02116578 0.01312875 0.02392041 0.02217382 0.00549978 0.0122621 0.02287334 7.06782e-4 -2.51969e-4 0.02321684 -9.23573e-4 -0.01276898 0.02318078 7.19798e-4 -0.02443599 0.02276766 0.005524873 -0.03445786 0.02200561 0.01316428 -0.04213541 0.02099055 0.02273648 -0.04699295 0.01966285 0.03470587 -0.04865187 0.0182417 0.04713994 -0.04701542 0.01678013 0.05957233 -0.04219508 0.01537764 0.07115584 -0.03451931 0.01412993 0.08110088 -0.02451121 0.0131219 0.08872991 -0.0128529 0.01242238 0.0935229 -3.38842e-4 0.01207888 0.09515327 -0.04184567 0.02092927 0.02323448 -0.04199057 0.02095991 0.02298545 0.01217824 0.01211494 0.09350991 0.01681709 -0.09530025 0.06627351 0.0244798 -0.09471762 0.06043237 0.03036248 -0.09390789 0.05282223 0.03406417 -0.09292632 0.04396158 0.03533262 -0.09183973 0.03445446 0.03408133 -0.0907222 0.02494859 0.03039568 -0.08964985 0.01609182 0.02452677 -0.08869582 0.008487761 0.01687455 -0.08792513 0.002654612 0.007960557 -0.08739024 -0.001010119 -0.001607716 -0.08712762 -0.002256691 -0.01117831 -0.08715516 -0.001000165 -0.02009898 -0.08747106 0.002673804 -0.02776175 -0.0880537 0.00851494 -0.03387361 -0.08880221 0.01562178 -0.03734612 -0.089845 0.02498567 -0.03861451 -0.09093159 0.03449285 -0.03736329 -0.09204912 0.04399871 -0.03367763 -0.09312146 0.05285549 -0.02780872 -0.0940755 0.06045955 -0.0201565 -0.09484618 0.0662927 -0.0112425 -0.09538108 0.06995743 -0.001674175 -0.09564369 0.07120406 -0.03358387 -0.08886355 0.01611977 -0.03372877 -0.08883285 0.0158708 0.007896423 -0.0956161 0.06994754 0.01246649 0.01936686 0.09509599 0.02431833 0.01978653 0.09021472 0.03449898 0.02056062 0.08245426 0.04231464 0.02163642 0.07234346 0.04723268 0.02294057 0.06057137 0.04891788 0.0243842 0.04794025 0.04725551 0.02586895 0.0353108 0.04235875 0.02729362 0.02354383 0.03456139 0.02856111 0.01344114 0.02439475 0.02958512 0.005691289 0.01255166 0.03029572 8.22365e-4 -1.60705e-4 0.03064465 -8.33832e-4 -0.01287609 0.03060799 8.35582e-4 -0.024728 0.03018838 0.0057168 -0.03490865 0.02941423 0.01347726 -0.04269152 0.02838128 0.02321541 -0.04764229 0.02703434 0.03536015 -0.04932755 0.02559071 0.04799127 -0.04766511 0.02410596 0.06062072 -0.04276841 0.02268129 0.07238769 -0.03497105 0.02141374 0.08249038 -0.02480441 0.02038979 0.09024024 -0.01296132 0.01967912 0.09510922 -2.48955e-4 0.01933026 0.09676539 -0.04240185 0.02831995 0.0237134 -0.04254668 0.02835059 0.02346438 0.01330196 0.0275166 0.09879857 0.02583765 0.02796047 0.09363567 0.03660571 0.0287792 0.08542746 0.04487234 0.02991706 0.07473331 0.0500741 0.03129643 0.06228196 0.05185657 0.03282338 0.04892206 0.05009824 0.03439378 0.03556394 0.04491895 0.03590065 0.02311807 0.03667169 0.03724133 0.01243251 0.02591848 0.03832435 0.004235446 0.01339209 0.03907603 -9.14394e-4 -5.37586e-5 0.03944504 -0.002666115 -0.01350277 0.03940629 -9.00403e-4 -0.02603846 0.03896242 0.004262447 -0.03680652 0.03814369 0.01247066 -0.04507315 0.03700584 0.0231648 -0.0502749 0.03562647 0.03561615 -0.05205738 0.03409951 0.04897606 -0.0502991 0.03252911 0.06233417 -0.04511982 0.03102225 0.0747801 -0.03687256 0.02968156 0.08546566 -0.02611935 0.02859854 0.09366267 -0.01359295 0.02784687 0.09881258 -1.47102e-4 0.02747786 0.1005643 0.01270723 0.03332185 0.09697246 0.02462303 0.03374379 0.09206491 0.03485858 0.03452205 0.0842626 0.04271644 0.03560364 0.07409727 0.04766094 0.03691482 0.06226164 0.04935526 0.03836625 0.04956239 0.04768395 0.03985899 0.03686481 0.04276078 0.04129135 0.02503436 0.03492134 0.0425657 0.0148772 0.0246998 0.04359519 0.007085502 0.01279288 0.04430967 0.002190291 1.19442e-5 0.04466044 5.25214e-4 -0.01277202 0.04462361 0.002203583 -0.02468782 0.04420173 0.007111191 -0.03492337 0.04342341 0.01491349 -0.04278123 0.04234182 0.02507883 -0.04772579 0.0410307 0.0369144 -0.04942011 0.03957927 0.04961371 -0.04774874 0.03808647 0.06231123 -0.04282557 0.03665411 0.07414168 -0.03498613 0.03537976 0.0842989 -0.02476465 0.03435027 0.09209054 -0.01285773 0.03363579 0.09698575 -7.67832e-5 0.03328502 0.09865093 0.01194941 0.03196483 0.09403359 0.02319079 0.03236287 0.0894038 0.03284698 0.03309708 0.08204311 0.04026007 0.03411746 0.07245314 0.04492479 0.03535443 0.0612874 0.04652315 0.03672373 0.04930692 0.04494643 0.03813195 0.03732806 0.04030191 0.03948324 0.02616721 0.03290617 0.04068547 0.01658493 0.02326321 0.04165673 0.009234249 0.01203018 0.04233074 0.004616081 -2.7335e-5 0.04266166 0.003045201 -0.01208776 0.04262697 0.004628598 -0.02332913 0.04222887 0.009258449 -0.03298538 0.04149466 0.01661914 -0.04039841 0.04047429 0.02620911 -0.04506313 0.03923738 0.03737485 -0.04666155 0.03786808 0.04935532 -0.04508477 0.0364598 0.06133419 -0.04044026 0.0351085 0.07249504 -0.03304457 0.03390628 0.08207732 -0.02340161 0.03293508 0.089428 -0.01216858 0.03226101 0.09404617 -1.11039e-4 0.03193008 0.09561705 0.01183116 0.0274679 0.09327703 0.02301418 0.02786391 0.0886712 0.03262031 0.02859431 0.08134871 0.03999489 0.02960938 0.07180851 0.04463541 0.03083992 0.06070077 0.04622554 0.03220212 0.04878246 0.04465693 0.03360307 0.03686577 0.04003649 0.03494733 0.02576285 0.0326792 0.0361433 0.01623028 0.02308624 0.03710949 0.008917748 0.01191157 0.03778004 0.004323601 -8.33939e-5 0.03810924 0.002760887 -0.0120812 0.03807467 0.004336059 -0.02326422 0.03767871 0.008941829 -0.03287035 0.03694832 0.01626437 -0.04024493 0.03593325 0.02580457 -0.04488539 0.03470271 0.03691232 -0.04647558 0.03334051 0.04883062 -0.04490697 0.03193956 0.06074732 -0.0402866 0.0305953 0.07185024 -0.03292924 0.02939933 0.08138281 -0.02333635 0.02843314 0.08869534 -0.01216161 0.02776259 0.09328949 -1.66663e-4 0.02743339 0.0948522 0.01126354 0.0277009 0.09116435 0.02191609 0.02807807 0.08677703 0.03106653 0.02877384 0.07980191 0.0380913 0.02974075 0.07071423 0.04251164 0.03091293 0.06013339 0.04402631 0.03221046 0.04878044 0.04253214 0.03354501 0.03742909 0.03813093 0.0348255 0.02685284 0.03112262 0.03596472 0.01777249 0.02198475 0.03688508 0.01080685 0.01134014 0.03752386 0.006430566 -8.58246e-5 0.03783744 0.004941999 -0.01151448 0.03780448 0.006442487 -0.02216702 0.0374273 0.0108298 -0.03131747 0.03673154 0.01780492 -0.03834223 0.03576463 0.02689254 -0.04276257 0.03459244 0.03747344 -0.04427731 0.03329491 0.04882633 -0.04278314 0.03196042 0.06017774 -0.03838187 0.03067988 0.07075399 -0.03137356 0.02954065 0.07983434 -0.02223569 0.0286203 0.08679997 -0.01159107 0.02798157 0.09117621 -1.65143e-4 0.02766793 0.09266483 0.01120716 0.03786993 0.09166127 0.02169054 0.03824114 0.08734369 0.03069567 0.03892588 0.08047932 0.03760892 0.03987741 0.07153594 0.04195904 0.041031 0.06112313 0.04344969 0.04230791 0.04995048 0.04197925 0.04362124 0.03877937 0.0376479 0.0448814 0.02837109 0.03075087 0.04600256 0.01943492 0.02175813 0.04690831 0.01257991 0.01128256 0.0475369 0.008273184 3.8049e-5 0.04784548 0.006808221 -0.01120913 0.04781311 0.008284866 -0.02169245 0.04744189 0.0126025 -0.03069764 0.04675722 0.01946687 -0.03761076 0.04580563 0.02841019 -0.04196095 0.0446521 0.038823 -0.0434516 0.04337513 0.04999566 -0.04198116 0.0420618 0.06116676 -0.03764981 0.04080164 0.07157504 -0.03075277 0.03968048 0.08051121 -0.02176004 0.03877472 0.08736622 -0.01128453 0.03814613 0.09167301 -4.00034e-5 0.03783756 0.09313797 0.01114386 0.04417747 0.09186327 0.02149593 0.04454404 0.08759969 0.03038829 0.04522019 0.08082127 0.03721493 0.04615986 0.07198995 0.04151058 0.04729896 0.06170755 0.04298251 0.0485599 0.05067485 0.04153054 0.04985678 0.03964364 0.03725343 0.05110114 0.02936571 0.03044277 0.05220824 0.02054148 0.02156269 0.05310267 0.0137723 0.0112183 0.05372339 0.009519517 1.14635e-4 0.05402815 0.008072912 -0.01099169 0.05399614 0.00953108 -0.02134376 0.05362957 0.0137946 -0.03023606 0.05295342 0.02057301 -0.0370627 0.05201381 0.02940434 -0.04135841 0.05087465 0.03968673 -0.04283034 0.04961371 0.05071943 -0.04137831 0.04831683 0.06175065 -0.03710126 0.04707247 0.07202857 -0.0302906 0.04596537 0.0808528 -0.02141046 0.04507094 0.08762198 -0.01106613 0.04445022 0.09187477 3.75528e-5 0.04414546 0.09332144 0.01109999 0.04601824 0.09182673 0.02139008 0.0463826 0.08758872 0.03022915 0.0470547 0.08085089 0.0370149 0.04798871 0.0720725 0.04128485 0.04912102 0.06185168 0.04274797 0.05037438 0.05088502 0.04130464 0.05166351 0.03991985 0.03705316 0.05290043 0.02970343 0.03028333 0.05400091 0.02093207 0.02145636 0.05488997 0.01420342 0.01117396 0.05550694 0.009976089 1.36755e-4 0.05580991 0.008538126 -0.01090306 0.05577808 0.009987592 -0.02119314 0.05541372 0.0142256 -0.03003221 0.05474162 0.02096343 -0.03681796 0.05380761 0.02974182 -0.04108792 0.0526753 0.03996264 -0.04255104 0.05142194 0.0509293 -0.04110771 0.05013281 0.06189447 -0.03685623 0.04889589 0.07211089 -0.03008639 0.04779541 0.08088225 -0.02125948 0.04690635 0.0876109 -0.01097702 0.04628938 0.09183824 6.01383e-5 0.04598647 0.0932762 0.02021509 0.04674452 0.08439707 0.02783697 0.04733741 0.0784716 0.03408408 0.04819726 0.07039004 0.03801512 0.04923969 0.06098055 0.03936225 0.05039364 0.05088442 0.03803354 0.05158036 0.04078966 0.03411954 0.05271917 0.03138417 0.02788704 0.05373227 0.02330899 0.01976078 0.05455076 0.0171144 0.01029449 0.05511879 0.01322257 1.33363e-4 0.05539768 0.01189875 -0.01003015 0.05536836 0.01323318 -0.01950347 0.05503296 0.01713484 -0.02764093 0.05441421 0.0233379 -0.03388798 0.05355429 0.03141957 -0.0378189 0.05251193 0.04082912 -0.03916585 0.05135798 0.05092525 -0.03783702 0.05017119 0.06101995 -0.03392302 0.04903244 0.07042533 -0.02769052 0.04801934 0.07850039 -0.01956433 0.04720091 0.08469486 -0.01009815 0.04663288 0.08858656 -5.46901e-4 0.04637616 0.08978402 0.00924623 0.04670566 0.08492583 0.01780444 0.04700875 0.0814011 0.0251559 0.04756772 0.07579725 0.03079956 0.04834449 0.06849628 0.03435081 0.04928624 0.05999571 0.03556776 0.05032867 0.05087476 0.03436732 0.05140084 0.04175508 0.03083139 0.05242955 0.03325819 0.0252009 0.05334484 0.02596306 0.01785957 0.05408424 0.0203669 0.009307742 0.05459743 0.016851 1.28169e-4 0.05484932 0.0156551 -0.009053587 0.05482292 0.01686054 -0.0176118 0.05451989 0.02038532 -0.02496325 0.05396085 0.02598911 -0.03060692 0.05318409 0.03329008 -0.03415822 0.05224233 0.04179072 -0.03537511 0.05119991 0.0509116 -0.03417468 0.05012774 0.06003129 -0.03063875 0.04909902 0.06852823 -0.02500832 0.04818373 0.07582336 -0.01766699 0.04744434 0.08141952 -0.009115159 0.04693114 0.08493536 6.44431e-5 0.04667925 0.08613133 0.009241104 0.04629164 0.08487784 0.01779931 0.04659473 0.08135312 0.02515077 0.04715371 0.07574927 0.03079444 0.04793053 0.0684483 0.03434574 0.04887223 0.05994766 0.03556263 0.04991465 0.05082678 0.03436219 0.05098682 0.04170709 0.03082627 0.0520156 0.03321015 0.02519577 0.05293083 0.02591502 0.01785451 0.05367028 0.02031886 0.009302616 0.05418342 0.01680302 1.2306e-4 0.05443537 0.01560705 -0.009058654 0.05440884 0.01681256 -0.01761692 0.05410581 0.02033728 -0.02496832 0.05354684 0.02594113 -0.03061205 0.05277001 0.0332421 -0.03416329 0.05182832 0.04174268 -0.03538024 0.05078583 0.05086362 -0.0341798 0.04971373 0.05998331 -0.03064388 0.04868495 0.06848019 -0.02501338 0.04776972 0.07577538 -0.01767212 0.04703027 0.08137154 -0.009120225 0.04651713 0.08488738 5.93339e-5 0.04626518 0.08608335 0.009205698 0.03639662 0.08405572 0.0177626 0.03683483 0.08053553 0.02511024 0.03779011 0.07494515 0.03074789 0.03919738 0.06766551 0.03429138 0.04096066 0.05919271 0.03549915 0.04295986 0.0501042 0.03428894 0.04505872 0.04101932 0.03074318 0.04711419 0.03255718 0.02510356 0.04898619 0.02529448 0.01775443 0.05054718 0.01972609 0.009196579 0.05169075 0.01623159 1.3212e-5 0.05233901 0.01504909 -0.009169816 0.05244773 0.01625913 -0.01772677 0.05200952 0.01977932 -0.02507442 0.05105423 0.0253697 -0.03071206 0.04964697 0.03264933 -0.0342555 0.04788368 0.04112213 -0.03546327 0.04588449 0.05021065 -0.03425312 0.04378569 0.05929553 -0.03070735 0.04173016 0.06775766 -0.02506774 0.03985816 0.07502043 -0.01771861 0.03829717 0.08058875 -0.009160757 0.03715354 0.08408325 2.26098e-5 0.03650534 0.08526581 0.0129565 0.02740442 0.09749519 0.02517217 0.02783697 0.09246414 0.03566527 0.02863484 0.0844655 0.04372078 0.02974361 0.0740444 0.04878979 0.03108781 0.06191098 0.05052673 0.03257578 0.04889214 0.04881328 0.03410607 0.03587514 0.04376626 0.03557449 0.02374696 0.03572958 0.03688091 0.01333421 0.02525091 0.03793627 0.005346477 0.01304435 0.03866875 3.28145e-4 -5.82091e-5 0.03902834 -0.001378834 -0.01316386 0.03899061 3.41758e-4 -0.02537947 0.03855806 0.005372762 -0.03587263 0.03776019 0.01337146 -0.04392814 0.03665143 0.02379256 -0.0489971 0.03530722 0.03592598 -0.0507341 0.03381931 0.04894477 -0.04902064 0.03228896 0.06196182 -0.04397362 0.0308206 0.07408994 -0.03593695 0.02951419 0.08450269 -0.02545827 0.02845877 0.09249043 -0.01325172 0.02772629 0.09750884 -1.49169e-4 0.02736669 0.09921586 0.01293629 0.02640324 0.09738123 0.0251519 0.02683579 0.09235018 0.03564506 0.02763366 0.08435153 0.04370057 0.02874243 0.07393044 0.04876959 0.03008663 0.06179702 0.05050647 0.03157454 0.04877817 0.04879307 0.03310489 0.03576117 0.04374605 0.03457325 0.023633 0.03570938 0.03587967 0.01322025 0.02523064 0.03693509 0.005232572 0.01302409 0.03766757 2.14151e-4 -7.84346e-5 0.03802716 -0.001492798 -0.01318407 0.03798937 2.27793e-4 -0.02539974 0.03755682 0.005258858 -0.03589284 0.03675895 0.0132575 -0.04394835 0.03565019 0.0236786 -0.04901736 0.03430604 0.03581202 -0.0507543 0.03281807 0.0488308 -0.04904091 0.03128778 0.06184786 -0.04399389 0.02981936 0.07397598 -0.03595715 0.02851295 0.08438873 -0.02547848 0.02745753 0.09237647 -0.01327192 0.02672505 0.09739488 -1.69391e-4 0.02636545 0.0991019 0.0133351 0.02623552 0.09883368 0.02591639 0.026681 0.09365206 0.03672355 0.02750271 0.08541399 0.04502016 0.02864474 0.07468098 0.05024087 0.03002911 0.06218439 0.05202978 0.03156161 0.04877597 0.05026513 0.03313773 0.03536933 0.04506701 0.03465008 0.02287817 0.03678977 0.0359956 0.0121538 0.02599745 0.03708261 0.003926992 0.01342558 0.03783696 -0.001241564 -6.9133e-5 0.03820735 -0.002999663 -0.01356703 0.03816843 -0.001227557 -0.02614825 0.03772294 0.003954052 -0.03695547 0.03690123 0.01219207 -0.04525214 0.03575921 0.02292507 -0.05047279 0.03437483 0.03542166 -0.05226171 0.03284233 0.04883015 -0.05049705 0.03126621 0.06223678 -0.04529893 0.02975386 0.07472789 -0.03702169 0.02840834 0.08545231 -0.02622944 0.02732139 0.09367913 -0.01365751 0.02656698 0.09884774 -1.62816e-4 0.02619659 0.1006059 0.0136547 0.02089148 0.09965997 0.02659457 0.02134966 0.0943306 0.03770983 0.0221948 0.08585774 0.04624301 0.02336937 0.07481878 0.05161249 0.0247932 0.061966 0.05345243 0.02636939 0.04817527 0.05163741 0.0279904 0.03438651 0.04629111 0.0295459 0.02153927 0.03777796 0.03092974 0.01050919 0.02667796 0.03204774 0.002047836 0.01374775 0.03282362 -0.003268003 -1.31652e-4 0.03320455 -0.005076229 -0.0140143 0.03316456 -0.003253579 -0.02695423 0.03270637 0.002075731 -0.03806948 0.03186124 0.01054859 -0.0466026 0.03068667 0.02158761 -0.05197215 0.02926284 0.03444033 -0.05381208 0.02768665 0.04823106 -0.05199706 0.02606558 0.06201988 -0.04665076 0.02451014 0.07486706 -0.03813755 0.02312624 0.08589714 -0.02703762 0.02200829 0.0943585 -0.0141074 0.02123242 0.0996744 -2.28015e-4 0.02085149 0.1014826 0.01341426 0.0225858 0.09887623 0.026111 0.02303534 0.093647 0.03701746 0.02386462 0.08533334 0.04539024 0.02501714 0.07450175 0.05065888 0.02641421 0.06189048 0.05246424 0.02796077 0.04835891 0.05068331 0.02955138 0.03482919 0.04543745 0.03107762 0.02222335 0.03708422 0.03243547 0.01140052 0.02619284 0.03353244 0.00309813 0.01350551 0.03429377 -0.002117812 -1.13071e-4 0.03466755 -0.003892123 -0.01373487 0.03462827 -0.002103686 -0.02643167 0.03417873 0.003125488 -0.03733807 0.03334945 0.01143914 -0.04571092 0.03219693 0.02227073 -0.05097949 0.03079986 0.034882 -0.05278486 0.0292533 0.04841357 -0.05100399 0.02766269 0.06194335 -0.04575812 0.02613645 0.07454913 -0.03740489 0.0247786 0.08537203 -0.02651351 0.02368164 0.09367436 -0.01382619 0.02292031 0.09889042 -2.07615e-4 0.02254652 0.1006647 0.008028805 0.03742694 0.07971388 0.01548957 0.03780901 0.07664465 0.02189606 0.03864187 0.07177037 0.02681148 0.03986889 0.06542325 0.02990102 0.04140633 0.05803585 0.03095412 0.04314941 0.05011153 0.02989888 0.04497939 0.04219043 0.02680736 0.04677158 0.03481227 0.02189022 0.04840379 0.02847993 0.01548248 0.04976481 0.02362489 0.008020877 0.05076193 0.02057802 1.3914e-5 0.0513271 0.01954698 -0.007992744 0.05142188 0.02060204 -0.01545357 0.05103981 0.02367126 -0.02186 0.05020695 0.02854555 -0.02666461 0.0490517 0.03455424 -0.02986502 0.04744255 0.04228007 -0.03091806 0.04569941 0.05020433 -0.02986288 0.04386943 0.05812549 -0.02677136 0.0420773 0.06550359 -0.02185416 0.04044502 0.07183599 -0.01544648 0.03908401 0.07669103 -0.007984876 0.03808689 0.0797379 2.2107e-5 0.03752171 0.08076894 0.01235443 0.04868555 0.0289874 0.01612645 0.046714 0.0370357 0.01892369 0.04475253 0.04521864 0.02063357 0.042777 0.05366486 0.02141982 0.04076689 0.06243425 0.003427267 0.04887527 0.02979111 0.006515264 0.04666489 0.03902459 0.009142994 0.04455399 0.04790157 0.01134502 0.04244613 0.05684387 0.0133087 0.04024386 0.06624871 -0.005117177 0.04884576 0.03149652 -0.002539694 0.04654616 0.04121989 -7.45922e-5 0.04437679 0.05038613 0.002412974 0.04221993 0.05949294 0.005060613 0.03995537 0.06904768 -0.01335406 0.04856359 0.03426569 -0.01144796 0.04633128 0.04381436 -0.009269714 0.04421204 0.0528112 -0.006618201 0.04211246 0.06163364 -0.003472626 0.03993213 0.07072335 -0.02143013 0.04805809 0.03799581 -0.02067899 0.0460304 0.0468496 -0.01898032 0.04404854 0.0553255 -0.01617181 0.04209339 0.0634787 -0.01236474 0.04013937 0.07144266 0.009206712 0.03668373 0.08407956 0.01776373 0.03712791 0.08056008 0.02511161 0.03810054 0.07497179 0.03074973 0.03953528 0.06769579 0.03429394 0.04133421 0.05922836 0.03550291 0.04337471 0.05014729 0.0342946 0.0455172 0.04107248 0.0307517 0.0476154 0.03262394 0.0251162 0.04952579 0.02537935 0.01777273 0.05111765 0.01983439 0.009221732 0.05228239 0.01636725 4.48029e-5 0.05294185 0.01520955 -0.009135484 0.05305391 0.01643019 -0.01769518 0.05261236 0.01993978 -0.0250492 0.05164587 0.0255053 -0.03069376 0.05021744 0.03275758 -0.03424292 0.04842329 0.04120701 -0.0354548 0.0463857 0.05027741 -0.03424745 0.04424411 0.0593487 -0.0307036 0.04214501 0.06780076 -0.02506518 0.0402317 0.07505607 -0.01771682 0.03863507 0.08061903 -0.009159386 0.03746402 0.08410996 2.37117e-5 0.03679841 0.08529031 0.01332437 0.0311653 0.09913676 0.02583903 0.0316084 0.09398251 0.03658902 0.03242582 0.08578807 0.0448417 0.0335617 0.07511186 0.05003476 0.03493881 0.06268149 0.05181425 0.0364632 0.049344 0.05005884 0.03803098 0.03600829 0.04488825 0.03953528 0.02358329 0.03665488 0.0408737 0.01291567 0.02591967 0.04195493 0.00473237 0.01341432 0.04270529 -4.08822e-4 -8.93557e-6 0.04307371 -0.002157628 -0.01343536 0.04303503 -3.94854e-4 -0.02595001 0.04259192 0.004759371 -0.03670001 0.04177451 0.01295375 -0.04495275 0.04063862 0.02362996 -0.0501458 0.03926151 0.03606039 -0.05192524 0.03773713 0.04939788 -0.05016988 0.0361694 0.06273359 -0.0449993 0.03466504 0.07515859 -0.03676593 0.03332662 0.08582621 -0.02603071 0.03224539 0.09400951 -0.01352536 0.03149503 0.09915071 -1.02124e-4 0.03112661 0.1008995 0.01324766 0.02727544 0.09857809 0.02573561 0.02771759 0.09343487 0.03646266 0.02853327 0.08525788 0.04469776 0.02966678 0.07460451 0.04987972 0.0310409 0.0622006 0.05165535 0.03256201 0.0488916 0.04990375 0.03412646 0.03558439 0.04474419 0.0356276 0.0231859 0.03652834 0.0369631 0.01254099 0.02581608 0.03804206 0.004375219 0.01333743 0.03879082 -7.55031e-4 -5.71952e-5 0.03915846 -0.002500057 -0.01345497 0.03911983 -7.41086e-4 -0.02594292 0.03867769 0.004402101 -0.03666996 0.03786206 0.01257902 -0.04490506 0.0367285 0.02323246 -0.05008703 0.03535437 0.03563636 -0.05186271 0.03383326 0.04894536 -0.05011111 0.03226882 0.06225258 -0.04495155 0.03076767 0.07465112 -0.03673571 0.02943217 0.08529597 -0.02602344 0.02835321 0.09346175 -0.01354479 0.02760446 0.09859204 -1.50181e-4 0.02723681 0.1003371 0.01188349 0.03170496 0.09376829 0.02306652 0.03210097 0.08916246 0.03267264 0.03283137 0.08183997 0.04004722 0.03384643 0.07229977 0.04468768 0.03507697 0.06119203 0.04627782 0.03643912 0.04927366 0.0447092 0.03784012 0.03735703 0.04008883 0.03918439 0.02625405 0.03273147 0.04038035 0.01672154 0.02313858 0.04134654 0.00940901 0.01196384 0.0420171 0.004814863 -3.11052e-5 0.04234629 0.003252089 -0.01202887 0.04231172 0.00482732 -0.02321195 0.04191577 0.00943309 -0.03281807 0.04118537 0.01675558 -0.04019266 0.04017031 0.02629578 -0.04483312 0.03893971 0.03740358 -0.04642325 0.03757756 0.04932188 -0.0448547 0.03617662 0.06123852 -0.04023426 0.03483235 0.0723415 -0.03287696 0.03363633 0.08187407 -0.02328407 0.03267014 0.08918654 -0.01210933 0.03199958 0.09378075 -1.14375e-4 0.03167039 0.09534347 0.01294642 0.02690386 0.09743821 0.02516204 0.02733641 0.09240716 0.03565514 0.02813422 0.08440852 0.0437107 0.02924305 0.07398742 0.04877966 0.03058719 0.061854 0.0505166 0.03207516 0.04883515 0.04880321 0.03360545 0.03581815 0.04375612 0.03507387 0.02368998 0.03571945 0.03638029 0.01327723 0.02524077 0.03743571 0.005289494 0.01303422 0.03816813 2.71143e-4 -6.83198e-5 0.03852778 -0.001435816 -0.01317393 0.03848999 2.84761e-4 -0.02538961 0.03805744 0.00531584 -0.03588271 0.03725957 0.01331448 -0.04393827 0.03615081 0.02373558 -0.04900723 0.0348066 0.035869 -0.05074417 0.03331869 0.04888778 -0.04903078 0.03178834 0.06190484 -0.04398375 0.03031998 0.07403296 -0.03594702 0.02901357 0.08444571 -0.02546834 0.02795815 0.09243345 -0.01326179 0.02722567 0.09745186 -1.5928e-4 0.02686607 0.09915888 0.01591348 0.04680967 0.08368945 0.01742482 0.04665875 0.08540844 0.01771384 0.0464484 0.0872969 0.01070386 0.04616838 0.09047412 0.002332806 0.04617309 0.09130918 0.001691937 0.04639363 0.08936983 0.002251923 0.04658663 0.08700084 0.009594023 0.0465815 0.08634251 0.01092582 0.04608595 0.09121847 0.01899397 0.04670554 0.08485496 0.0170089 0.04691737 0.08244919 0.0197454 0.04641497 0.08743399 0.001017868 0.04607254 0.09238088 3.93227e-4 0.04638248 0.0896213 9.7769e-4 0.04663574 0.08655011 0.009417176 0.04664623 0.08560222 0.01313924 0.02778685 0.09820711 0.02552044 0.0282253 0.09310781 0.03615581 0.02903395 0.08500075 0.04432052 0.0301578 0.07443839 0.0494582 0.03152018 0.06214052 0.05121868 0.0330283 0.04894524 0.04948204 0.03457933 0.03575176 0.04436659 0.03606766 0.02345925 0.03622096 0.03739178 0.01290535 0.02560025 0.0384615 0.004809319 0.01322823 0.03920388 -2.77057e-4 -5.19013e-5 0.03956836 -0.002007186 -0.01333516 0.03953009 -2.63249e-4 -0.02571642 0.0390917 0.004836022 -0.03635174 0.03828299 0.01294302 -0.0445165 0.0371592 0.02350544 -0.04965418 0.03579682 0.03580331 -0.05141466 0.0342887 0.04899859 -0.04967802 0.03273761 0.06219208 -0.04456257 0.03124934 0.07448458 -0.03641694 0.02992516 0.08503848 -0.02579623 0.0288555 0.09313452 -0.01342421 0.02811312 0.09822094 -1.44095e-4 0.02774858 0.09995108 0.01268118 0.03266745 0.09682935 0.02458029 0.0330888 0.09192878 0.03480178 0.03386586 0.08413761 0.04264909 0.0349459 0.07398676 0.04758745 0.03625512 0.0621677 0.04928022 0.03770446 0.04948586 0.04761201 0.03919517 0.03680533 0.04269617 0.04062557 0.0249902 0.0348677 0.04189825 0.01484584 0.02465987 0.04292637 0.007063686 0.01276838 0.04363995 0.002174258 3.78327e-6 0.04399031 5.10919e-4 -0.01276397 0.04395353 0.002187073 -0.02466464 0.04353213 0.007088541 -0.03488695 0.04275482 0.01488119 -0.04273426 0.04167467 0.02503383 -0.04767173 0.04036521 0.03685438 -0.04936301 0.03891575 0.04953712 -0.04769295 0.03742504 0.06221765 -0.04277563 0.0359947 0.07403188 -0.03494626 0.0347222 0.08417469 -0.02473849 0.03369426 0.09195512 -0.0128479 0.03298091 0.096843 -8.48237e-5 0.03263068 0.09850549 0.01205366 0.03140401 0.09438574 0.02339863 0.03180581 0.08971333 0.03314405 0.03254699 0.08228498 0.04062581 0.03357708 0.07260686 0.04533398 0.03482592 0.0613383 0.04694777 0.03620839 0.0492472 0.04535704 0.03763031 0.03715747 0.04067003 0.03899478 0.02589297 0.03320616 0.04020875 0.01622146 0.02347385 0.04118955 0.008802056 0.01213651 0.04187029 0.004140675 -3.32918e-5 0.04220455 0.002554953 -0.01220607 0.04216957 0.004153013 -0.02355211 0.04176771 0.008826076 -0.03329813 0.04102635 0.01625549 -0.04077982 0.03999608 0.02593487 -0.0454874 0.03874713 0.0372045 -0.04710012 0.03736454 0.04929625 -0.04550814 0.03594261 0.06138598 -0.04082006 0.03457826 0.07264983 -0.03335553 0.03336435 0.08232027 -0.02362322 0.03238373 0.08973836 -0.01228648 0.03170317 0.09439867 -1.17823e-4 0.03136903 0.0959838 0.01195305 0.02696132 0.09369879 0.02325522 0.02736151 0.08904391 0.03296375 0.02809971 0.08164334 0.04041689 0.02912557 0.07200145 0.04510688 0.03036928 0.06077533 0.04671394 0.03174597 0.04873001 0.04512864 0.03316181 0.03668636 0.04045897 0.03452044 0.02546507 0.03302323 0.03572916 0.01583093 0.02332806 0.03670567 0.008440494 0.01203429 0.03738331 0.003797352 -8.85043e-5 0.03771609 0.002217948 -0.01221418 0.0376811 0.003809928 -0.02351635 0.03728091 0.008464813 -0.03322488 0.03654271 0.01586538 -0.04067808 0.03551685 0.02550727 -0.04536801 0.0342732 0.03673338 -0.04697507 0.03289651 0.04877871 -0.04538977 0.03148061 0.06082236 -0.04072016 0.03012198 0.07204365 -0.03328442 0.02891325 0.08167779 -0.02358925 0.02793681 0.08906823 -0.01229548 0.02725911 0.09371137 -1.7266e-4 0.02692639 0.09529078 0.01114559 0.02724218 0.09068995 0.02169364 0.02761566 0.08634567 0.03075438 0.02830457 0.07943898 0.03771024 0.029262 0.07044041 0.04208719 0.03042268 0.05996334 0.04358702 0.03170752 0.04872173 0.04210752 0.03302896 0.03748172 0.03774946 0.03429687 0.02700918 0.03080987 0.03542494 0.01801788 0.02176165 0.0363363 0.01112055 0.0112214 0.03696876 0.00678724 -9.2486e-5 0.0372793 0.005313217 -0.01140904 0.0372467 0.006798982 -0.02195715 0.03687316 0.01114326 -0.03101783 0.03618425 0.01805001 -0.0379737 0.03522682 0.02704852 -0.0423507 0.03406614 0.03752559 -0.04385054 0.0327813 0.0487672 -0.04237103 0.03145992 0.06000727 -0.03801298 0.03019195 0.07047981 -0.03107339 0.02906388 0.07947111 -0.02202516 0.02815252 0.08636844 -0.01148492 0.02752006 0.09070175 -1.71025e-4 0.02720957 0.09217572 0.01103419 0.03789478 0.09101414 0.02135628 0.03826028 0.0867629 0.03022289 0.03893446 0.08000409 0.0370298 0.03987139 0.07119834 0.04131305 0.04100722 0.06094568 0.04278075 0.04226452 0.04994487 0.0413329 0.04355764 0.03894555 0.03706818 0.04479843 0.02869737 0.03027725 0.04590237 0.01989865 0.02142286 0.04679417 0.01314908 0.01110833 0.04741311 0.008908569 3.68117e-5 0.04771697 0.007466137 -0.01103734 0.04768502 0.008920073 -0.0213595 0.04731953 0.01317131 -0.03022611 0.04664534 0.01993012 -0.03703296 0.04570841 0.02873587 -0.04131621 0.04457265 0.03898853 -0.04278391 0.04331535 0.04998934 -0.04133611 0.04202222 0.06098866 -0.0370714 0.04078143 0.07123684 -0.03028047 0.0396775 0.08003556 -0.02142602 0.03878569 0.08678513 -0.01111161 0.03816676 0.09102565 -4.00406e-5 0.03786289 0.09246808 0.01097112 0.04417866 0.09121555 0.0211625 0.04453957 0.08701819 0.02991682 0.04520517 0.08034497 0.03663748 0.04613023 0.07165074 0.04086649 0.0472517 0.06152796 0.0423156 0.04849308 0.05066651 0.0408861 0.04976975 0.03980654 0.03667539 0.05099487 0.02968817 0.02997046 0.0520848 0.02100092 0.02122819 0.05296528 0.01433682 0.01104444 0.0535764 0.01015001 1.13111e-4 0.05387639 0.008725881 -0.0108208 0.05384486 0.01016139 -0.02101218 0.05348402 0.01435875 -0.02976649 0.05281835 0.02103191 -0.0364871 0.05189335 0.02972614 -0.04071611 0.05077189 0.03984898 -0.04216521 0.0495305 0.05071043 -0.04073572 0.04825377 0.0615704 -0.03652507 0.04702872 0.07168877 -0.02982014 0.04593878 0.08037602 -0.02107787 0.04505831 0.08704012 -0.01089406 0.04444718 0.09122687 3.72259e-5 0.04414719 0.09265106 0.01097595 0.04558384 0.09133154 0.02115565 0.04594451 0.08713871 0.02989983 0.0466094 0.08047324 0.0366128 0.04753339 0.07178896 0.04083693 0.04865354 0.06167781 0.04228436 0.04989349 0.05082881 0.04085654 0.05116873 0.0399813 0.03665065 0.05239242 0.02987456 0.02995342 0.0534811 0.02119731 0.02122122 0.05436062 0.01454085 0.01104909 0.05497097 0.01035887 1.30341e-4 0.05527067 0.008936345 -0.010791 0.0552392 0.01037019 -0.0209707 0.05487877 0.01456278 -0.02971494 0.05421388 0.02122831 -0.03642785 0.05328989 0.02991253 -0.04065197 0.05216974 0.04002368 -0.04209947 0.05092978 0.05087268 -0.04067158 0.04965454 0.06172019 -0.03646576 0.04843086 0.07182693 -0.02976852 0.04734218 0.08050423 -0.02103632 0.04646265 0.08716064 -0.01086419 0.0458523 0.09134262 5.44635e-5 0.04555261 0.09276521 0.02021276 0.04607754 0.0843296 0.02783691 0.04667067 0.07840245 0.03408581 0.04753077 0.07031857 0.03801804 0.04857349 0.06090635 0.03936547 0.04972773 0.05080723 0.0380364 0.05091482 0.04070949 0.03412127 0.05205392 0.03130125 0.02788698 0.05306738 0.02322369 0.01975828 0.05388611 0.01702731 0.01028925 0.05445426 0.01313436 1.25157e-4 0.05473321 0.01181018 -0.01004135 0.05470395 0.01314496 -0.01951742 0.05436843 0.01704782 -0.02765727 0.0537495 0.02325266 -0.03390616 0.05288934 0.03133666 -0.03783822 0.05184662 0.04074895 -0.03918558 0.05069237 0.05084806 -0.0378564 0.04950529 0.06094574 -0.0339412 0.04836618 0.07035386 -0.02770692 0.04735279 0.07843124 -0.01957827 0.04653406 0.08462756 -0.01010936 0.04596585 0.0885204 -5.55387e-4 0.04570907 0.0897184 0.009359061 0.04616916 0.08531159 0.01802814 0.04647606 0.08174109 0.0254752 0.04704231 0.0760644 0.03119212 0.04782921 0.06866872 0.0347895 0.04878312 0.06005775 0.03602218 0.04983913 0.05081844 0.03480619 0.05092519 0.04158037 0.03122437 0.05196726 0.03297317 0.0255208 0.05289441 0.02558332 0.01808416 0.05364346 0.0199145 0.009421348 0.05416327 0.01635301 1.22611e-4 0.05441844 0.01514154 -0.00917834 0.05439168 0.01636272 -0.01784765 0.05408471 0.01993316 -0.02529448 0.05351847 0.02560973 -0.0310114 0.05273157 0.03300547 -0.03460884 0.05177766 0.04161643 -0.03584152 0.05072164 0.05085575 -0.03462553 0.04963558 0.06009382 -0.0310437 0.04859352 0.06870102 -0.02534013 0.04766637 0.07609087 -0.01790356 0.04691731 0.08175969 -0.009240686 0.0463975 0.08532118 5.81741e-5 0.04614245 0.08653289 0.009414136 0.04622608 0.08552217 0.01813441 0.04653424 0.08193057 0.02562487 0.04710197 0.07622039 0.03137511 0.04789096 0.06878095 0.03499329 0.04884767 0.06011933 0.03623294 0.04990744 0.05082607 0.03500986 0.05099892 0.04153454 0.03140753 0.0520488 0.03287792 0.025671 0.0529865 0.02544552 0.01819241 0.0537495 0.01974534 0.009479641 0.05428749 0.01616489 1.26408e-4 0.05455988 0.01494836 -0.009230315 0.05453997 0.01617795 -0.01795196 0.05422407 0.01976883 -0.02544301 0.05363881 0.02547675 -0.03119254 0.05283313 0.03291285 -0.03481096 0.05186355 0.04157328 -0.03605049 0.05079585 0.05086511 -0.03482741 0.0497018 0.0601561 -0.0312249 0.04865449 0.0688132 -0.02548831 0.04772424 0.07624632 -0.01800841 0.0469737 0.08194869 -0.009294867 0.04645335 0.08553147 5.84535e-5 0.04619842 0.08675038 0.009322226 0.0358718 0.0844562 0.01800513 0.03631526 0.08088284 0.02545851 0.03728097 0.07520759 0.0311737 0.0387029 0.06781917 0.03476172 0.04048401 0.05922299 0.0359798 0.04250299 0.05000615 0.034747 0.04462289 0.04079669 0.03114914 0.04670011 0.03222078 0.02543205 0.04859489 0.02486038 0.01798409 0.05017966 0.01921463 0.009309947 0.05134707 0.01566731 -2.05589e-6 0.05201464 0.01446264 -0.009316623 0.05212992 0.01568746 -0.01799452 0.05168068 0.0192601 -0.0254417 0.05070197 0.02493339 -0.03115278 0.04926723 0.0323162 -0.03474265 0.04747724 0.04090553 -0.03596818 0.04545354 0.05011707 -0.03474575 0.04333215 0.05932641 -0.03115689 0.04125601 0.06790763 -0.02544379 0.03936576 0.07527637 -0.01799398 0.0377897 0.08092933 -0.009314239 0.0366351 0.08447951 3.31982e-6 0.03598088 0.08568292 0.01284551 0.02794742 0.09711802 0.02495229 0.02837646 0.0921325 0.03535211 0.02916759 0.08420568 0.04333627 0.03026682 0.07387775 0.04836046 0.03159934 0.06185251 0.05008214 0.0330742 0.04894959 0.04838407 0.03459095 0.03604835 0.04338181 0.03604626 0.02402812 0.03541648 0.03734081 0.01370811 0.02503085 0.03838652 0.005791783 0.01293289 0.03911203 8.18505e-4 -5.28407e-5 0.03946793 -8.72811e-4 -0.01304131 0.03942996 8.33001e-4 -0.02514749 0.0390008 0.005819499 -0.0355463 0.03820961 0.01374691 -0.04352927 0.03711032 0.02407485 -0.04855239 0.03577792 0.03609943 -0.05027353 0.03430312 0.04900139 -0.04857546 0.03278648 0.06190145 -0.04357379 0.03133136 0.07392066 -0.03560948 0.0300368 0.08424007 -0.02522504 0.02899116 0.09215646 -0.01312816 0.02826559 0.09713029 -1.43e-4 0.02790957 0.09882265 0.01281404 0.02596282 0.09689086 0.0249204 0.02639204 0.09190422 0.03531944 0.02718323 0.08397668 0.04330259 0.02828252 0.07364851 0.04832583 0.02961498 0.06162369 0.05004698 0.03108978 0.04872149 0.04834884 0.03260648 0.03582119 0.04334706 0.03406167 0.02380168 0.03538262 0.03535616 0.01348209 0.02499794 0.03640186 0.005565583 0.01290076 0.03712743 5.9159e-4 -8.46123e-5 0.03748345 -0.001100718 -0.01307338 0.03744566 6.03883e-4 -0.02518039 0.03701657 0.005589485 -0.03558045 0.03622537 0.01351648 -0.04356473 0.03512614 0.02384459 -0.04858899 0.03379362 0.03587007 -0.05031079 0.03231871 0.04877322 -0.04861265 0.03080195 0.06167477 -0.04361033 0.02934664 0.0736953 -0.03564476 0.02805197 0.08401548 -0.02525895 0.02700626 0.09193199 -0.01316076 0.02628076 0.09690535 -1.74774e-4 0.02592486 0.09859675 0.01321041 0.02580422 0.09833592 0.0256806 0.02624577 0.09319996 0.03639233 0.02706027 0.08503466 0.04461574 0.02819216 0.07439643 0.04979032 0.02956432 0.06201016 0.0515635 0.03108328 0.04872006 0.04981434 0.03264552 0.0354318 0.04466211 0.03414452 0.02305096 0.03645795 0.03547811 0.01242125 0.02576094 0.03655552 0.004267036 0.01330006 0.03730326 -8.55877e-4 -7.55194e-5 0.03767037 -0.002598464 -0.01345425 0.0376318 -8.42001e-4 -0.02592444 0.03719025 0.004293859 -0.03663623 0.03637576 0.01245921 -0.04485958 0.03524386 0.02309745 -0.05003422 0.03387171 0.03548371 -0.05180734 0.03235274 0.04877382 -0.05005824 0.0307905 0.06206208 -0.04490602 0.02929151 0.07444292 -0.03670185 0.02795791 0.08507263 -0.02600485 0.0268805 0.09322685 -0.01354396 0.02613276 0.0983498 -1.68373e-4 0.02576565 0.1000924 0.01350426 0.02059972 0.09907549 0.02630758 0.02105307 0.09380239 0.03730547 0.02188932 0.08541893 0.04574853 0.02305144 0.0744965 0.05106139 0.02446031 0.06177937 0.05288189 0.02601981 0.04813426 0.051086 0.02762377 0.03449106 0.04579621 0.02916282 0.02177941 0.03737282 0.03053206 0.01086574 0.02639007 0.03163826 0.002493679 0.01359629 0.03240597 -0.002766013 -1.36561e-4 0.03278285 -0.004555165 -0.01387268 0.03274327 -0.002751767 -0.02667599 0.03228992 0.002521336 -0.03767395 0.03145366 0.01090472 -0.04611694 0.03029155 0.02182722 -0.0514298 0.02888274 0.03454428 -0.05325031 0.02732318 0.0481894 -0.05145448 0.02571922 0.06183266 -0.04616463 0.02418023 0.07454425 -0.0377413 0.02281093 0.08545792 -0.02675855 0.02170479 0.09382992 -0.01396477 0.02093708 0.09908974 -2.31906e-4 0.02056014 0.1008789 0.01324921 0.0224266 0.09824633 0.02579432 0.02287077 0.09307956 0.03657048 0.02369016 0.08486521 0.04484325 0.02482885 0.07416301 0.05004894 0.02620929 0.06170237 0.05183273 0.02773737 0.04833245 0.05007308 0.02930897 0.03496432 0.04488992 0.03081697 0.02250909 0.03663647 0.03215861 0.01181548 0.02587521 0.03324246 0.003612339 0.01333945 0.03399467 -0.001541316 -1.16488e-4 0.03436398 -0.003294408 -0.01357561 0.03432524 -0.001527369 -0.02612066 0.033881 0.00363934 -0.03689682 0.03306162 0.01185369 -0.04516965 0.03192293 0.02255588 -0.05037528 0.03054249 0.03501653 -0.05215913 0.02901446 0.04838645 -0.05039948 0.02744287 0.06175458 -0.04521632 0.02593487 0.0742098 -0.03696286 0.02459317 0.08490341 -0.0262016 0.02350932 0.09310656 -0.01366579 0.02275711 0.09826028 -2.09904e-4 0.0223878 0.1000134 0.008001625 0.03677356 0.07956635 0.01546233 0.03715562 0.07649713 0.02186876 0.03798854 0.0716229 0.02678418 0.0392155 0.06527584 0.02987372 0.04075294 0.05788844 0.03092676 0.04249602 0.04996424 0.02987158 0.044326 0.04204314 0.02678006 0.04611814 0.03466504 0.02186292 0.04775035 0.02833271 0.01545524 0.04911136 0.02347767 0.007993698 0.05010849 0.02043086 -1.32381e-5 0.05067366 0.01939982 -0.008019864 0.05076843 0.02045488 -0.01548063 0.05038636 0.0235241 -0.021887 0.04955351 0.02839833 -0.02669155 0.04839825 0.03440701 -0.02989196 0.0467891 0.04213279 -0.030945 0.04504597 0.05005699 -0.02988988 0.04321604 0.05797809 -0.02679836 0.04142391 0.06535619 -0.02188122 0.03979164 0.07168853 -0.01547354 0.03843063 0.07654356 -0.008011937 0.03743356 0.07959038 -5.04078e-6 0.03686833 0.08062142 0.01232725 0.04803216 0.02884006 0.01609927 0.04606062 0.03688836 0.01889657 0.04409915 0.0450713 0.02060645 0.04212361 0.05351752 0.0213927 0.04011344 0.06228691 0.003400087 0.04822188 0.02964377 0.006488144 0.0460115 0.03887724 0.009115815 0.0439006 0.04775428 0.01131784 0.04179269 0.05669653 0.01328152 0.03959041 0.06610137 -0.005144357 0.04819238 0.03134918 -0.002566814 0.04589271 0.04107254 -1.01743e-4 0.0437234 0.05023878 0.002385795 0.04156649 0.0593456 0.005033433 0.03930199 0.06890034 -0.01338124 0.04791021 0.03411841 -0.01147508 0.04567784 0.04366701 -0.009296834 0.04355859 0.05266386 -0.006645381 0.04145908 0.0614863 -0.003499805 0.03927874 0.07057601 -0.02145731 0.0474047 0.03784847 -0.02070611 0.04537701 0.04670226 -0.0190075 0.04339516 0.05517816 -0.01619899 0.04144001 0.06333142 -0.01239186 0.03948599 0.07129532 0.009379804 0.03662949 0.08472496 0.01809918 0.03707826 0.08113837 0.02558624 0.03805816 0.07544332 0.03133082 0.03950262 0.06802839 0.03494173 0.0413137 0.05939972 0.03617328 0.04336893 0.05014628 0.03494226 0.04552936 0.04089999 0.03133326 0.04764962 0.03229236 0.02559226 0.0495885 0.02491158 0.01811188 0.05121582 0.01926457 0.00940001 0.05242037 0.01573592 4.95955e-5 0.05311441 0.01456183 -0.009304821 0.0532388 0.01580852 -0.0180279 0.0527783 0.01938199 -0.0255227 0.05177134 0.02504765 -0.03127413 0.05029779 0.03243184 -0.03489071 0.04846447 0.04103946 -0.03612506 0.04639673 0.05027961 -0.034895 0.04423218 0.05952155 -0.0312848 0.04211598 0.06813347 -0.02554059 0.04019033 0.07552683 -0.01805377 0.03858536 0.08119642 -0.009334623 0.0374096 0.0847547 2.25162e-5 0.0367425 0.08595836 0.01316559 0.03094041 0.09852552 0.0255351 0.03137838 0.09343105 0.0361604 0.03218626 0.08533167 0.04431736 0.03330904 0.07477933 0.04945021 0.03467017 0.06249302 0.05120903 0.03617686 0.0493102 0.04947406 0.03772646 0.03612923 0.04436343 0.03921335 0.02384829 0.03622549 0.04053622 0.01330441 0.02561479 0.04160487 0.005216002 0.01325452 0.04234659 1.34473e-4 -1.31011e-5 0.04271072 -0.001594007 -0.01328384 0.04267251 1.48257e-4 -0.02565336 0.04223448 0.005242705 -0.03627866 0.04142659 0.01334208 -0.04443567 0.04030382 0.02389442 -0.04956847 0.03894275 0.03618073 -0.05132734 0.03743606 0.04936355 -0.04959231 0.03588646 0.06254452 -0.04448169 0.03439956 0.07482546 -0.03634375 0.0330767 0.08536934 -0.02573311 0.03200799 0.09345769 -0.01337277 0.03126627 0.09853935 -1.05206e-4 0.03090214 0.1002679 0.01317232 0.02789711 0.09833884 0.02558302 0.02833652 0.09322744 0.03624373 0.02914714 0.085101 0.04442793 0.03027361 0.07451349 0.04957783 0.03163927 0.0621863 0.05134254 0.03315097 0.04895955 0.04960173 0.03470575 0.03573465 0.04447412 0.0361976 0.02341282 0.03630906 0.03752487 0.01283377 0.02566301 0.03859716 0.004718482 0.01326155 0.03934127 -3.80031e-4 -5.02617e-5 0.03970664 -0.002114295 -0.0133652 0.03966826 -3.66189e-4 -0.0257759 0.03922885 0.004745185 -0.03643661 0.03841823 0.01287156 -0.04462081 0.03729176 0.02345913 -0.04977077 0.0359261 0.03578633 -0.05153548 0.03441441 0.04901307 -0.04979467 0.03285962 0.06223797 -0.044667 0.03136777 0.0745598 -0.036502 0.0300405 0.08513885 -0.02585595 0.02896821 0.09325414 -0.01345449 0.02822411 0.09835273 -1.42672e-4 0.02785873 0.100087 0.01204252 0.03139978 0.09434354 0.02337706 0.0318011 0.08967536 0.03311324 0.03254145 0.08225369 0.04058772 0.03357023 0.07258427 0.04529106 0.03481745 0.06132608 0.04690271 0.03619807 0.04924631 0.04531288 0.03761804 0.0371682 0.04062992 0.03898054 0.0259149 0.0331729 0.04019266 0.01625323 0.02345007 0.04117196 0.008841693 0.012124 0.04185158 0.004185259 -3.34205e-5 0.04218524 0.002601385 -0.01219373 0.04215019 0.004197895 -0.02352821 0.04174888 0.008866071 -0.03326445 0.04100859 0.0162878 -0.04073894 0.03997975 0.02595716 -0.04544228 0.03873252 0.03721541 -0.04705393 0.03735196 0.04929512 -0.04546409 0.035932 0.06137323 -0.04078114 0.0345695 0.07262653 -0.03332412 0.03335732 0.0822882 -0.02360129 0.03237807 0.0896998 -0.01227527 0.0316984 0.09435617 -1.17818e-4 0.03136473 0.09594011 0.01277351 0.02698051 0.09679508 0.02482742 0.02740877 0.09183079 0.03518164 0.02819734 0.08393818 0.04313057 0.02929258 0.07365518 0.04813241 0.0306198 0.06168252 0.04984641 0.03208857 0.04883611 0.04815566 0.03359884 0.03599143 0.04317539 0.03504759 0.02402383 0.03524512 0.03633618 0.01374888 0.02490514 0.03737676 0.005866825 0.01286017 0.03809839 9.14756e-4 -6.89061e-5 0.03845196 -7.69802e-4 -0.01300108 0.03841328 9.27898e-4 -0.02505499 0.03798508 0.005892157 -0.03540921 0.03719651 0.01378476 -0.04335808 0.03610128 0.02406775 -0.04835999 0.03477406 0.03604048 -0.05007398 0.03330522 0.04888683 -0.04838323 0.03179502 0.06173151 -0.04340302 0.03034621 0.07369911 -0.03547269 0.02905768 0.08397406 -0.02513277 0.0280171 0.09185618 -0.0130878 0.02729541 0.09680825 -1.58696e-4 0.02694189 0.09849286 0.01591306 0.04614186 0.08363115 0.01742166 0.04599159 0.08534312 0.01770776 0.04578202 0.08722424 0.01069712 0.04550188 0.09040236 0.002324879 0.04550665 0.09123694 0.00168538 0.04572635 0.08930623 0.00224632 0.0459187 0.08694422 0.009590983 0.04591363 0.08628475 0.01091903 0.04541951 0.09114646 0.01899063 0.04603838 0.08478909 0.01700842 0.04624956 0.08239072 0.01973921 0.04574859 0.08736109 0.001009941 0.04540616 0.0923084 3.86432e-4 0.04571527 0.08955675 9.71966e-4 0.04596781 0.08649337 0.009414196 0.04597836 0.08554446 0.0177108 0.04611521 0.0872606 0.01742321 0.0463252 0.08537578 0.02645105 0.02120137 0.0940665 0.03750765 0.02204209 0.08563834 0.04599577 0.0232104 0.07465761 0.05133694 0.02462673 0.06187272 0.05316716 0.02619463 0.04815477 0.05136173 0.02780711 0.03443878 0.04604363 0.02935433 0.02165937 0.03757542 0.0307309 0.01068747 0.02653402 0.031843 0.002270758 0.01367205 0.03261476 -0.003017008 -1.34106e-4 0.03299373 -0.004815697 -0.01394349 0.03295391 -0.003002643 -0.02681511 0.03249818 0.002298533 -0.03787171 0.03165745 0.01072669 -0.04635977 0.03048914 0.02170741 -0.05170094 0.02907276 0.03449231 -0.05353116 0.02750492 0.04821026 -0.05172574 0.02589243 0.06192624 -0.04640769 0.02434515 0.07470566 -0.03793942 0.02296859 0.08567756 -0.02689808 0.02185654 0.09409421 -0.01403605 0.02108472 0.0993821 -2.2996e-4 0.02070581 0.1011808 0.01357948 0.02074557 0.09936773 0.01070052 0.04583513 0.09043824 0.001688659 0.04606002 0.08933806 0.009592473 0.04624754 0.0863136 0.002328872 0.0458399 0.09127306 0.002249121 0.04625266 0.08697253 0.0159133 0.04647576 0.0836603</float_array>
          <technique_common>
            <accessor source="#TrashGeneric_B_coffee_cup_top_16oz_001-mesh-positions-array" count="1942" stride="3">
              <param name="X" type="float"/>
              <param name="Y" type="float"/>
              <param name="Z" type="float"/>
            </accessor>
          </technique_common>
        </source>
        <source id="TrashGeneric_B_coffee_cup_top_16oz_001-mesh-normals">
          <float_array id="TrashGeneric_B_coffee_cup_top_16oz_001-mesh-normals-array" count="8859">0.4553717 -0.3333827 0.8255257 0.5331653 -0.2054733 0.82068 0.2978544 -0.2152531 0.9300264 0.2176031 -0.3407822 0.9146128 0.6619253 -0.3188734 0.6783618 0.7320604 -0.188673 0.6545916 0.82317 -0.2982309 0.4831662 0.8809769 -0.1659883 0.4430887 0.928126 -0.272861 0.2532373 0.9697709 -0.1389652 0.2005817 0.969637 -0.2445119 0.004235863 0.9923903 -0.1094536 -0.05640524 0.9448784 -0.215095 -0.2468583 0.9472944 -0.07945412 -0.3103554 0.8555363 -0.1866186 -0.4829403 0.8375563 -0.0510143 -0.5439643 0.7076973 -0.1610257 -0.687921 0.6706531 -0.02607274 -0.7413128 0.5114307 -0.140073 -0.8478315 0.4579576 -0.006334781 -0.8889515 0.2801337 -0.1251564 -0.9517673 0.2139741 0.006860494 -0.9768154 0.02953863 -0.1173313 -0.9926534 -0.04468476 0.01261878 -0.9989215 -0.2232538 -0.1171113 -0.9676997 -0.3003807 0.01053535 -0.9537613 -0.4610245 -0.1245022 -0.8786101 -0.5356928 7.64221e-4 -0.8444126 -0.6514261 -0.1358119 -0.7464577 -0.6870862 -0.01101958 -0.7264924 -0.7669999 -0.0891866 -0.6354188 -0.7737711 -0.02032488 -0.6331393 -0.9329378 -0.1846138 -0.3091037 -0.9719397 -0.06556314 -0.2259092 -0.9234949 -0.04724377 -0.3806905 -0.8867539 -0.2650682 -0.3786907 -0.9752873 -0.2133746 -0.05732417 -0.9949165 -0.09525638 0.03267109 -0.9505272 -0.2427973 0.1937721 -0.9498203 -0.1252581 0.2866215 -0.8611848 -0.2712631 0.4298571 -0.8400816 -0.1536931 0.5202319 -0.7133454 -0.2968524 0.6348361 -0.6731788 -0.1786329 0.7175797 -0.5170875 -0.3178118 0.7947428 -0.4604871 -0.1983732 0.8652166 -0.2857782 -0.3327166 0.8986827 -0.2164975 -0.211571 0.9530826 -0.03519123 -0.3405504 0.9395675 0.04215788 -0.2173274 0.975188 0.4570174 -0.2096098 0.8644067 0.5390868 -0.2050719 0.8169034 0.3045549 -0.2150489 0.927901 0.2129344 -0.2168301 0.9527034 0.6698691 -0.1950771 0.7163939 0.7367947 -0.1880957 0.6494256 0.8369839 -0.1742252 0.5187522 0.8842049 -0.1652728 0.4368829 0.9469737 -0.1484755 0.2849493 0.9712721 -0.1381597 0.193759 0.9923425 -0.1195844 0.03091847 0.9920627 -0.108605 -0.06337773 0.9699993 -0.08951795 -0.2260266 0.9451599 -0.07862073 -0.317004 0.8814659 -0.06032717 -0.4683787 0.8337599 -0.05025166 -0.5498357 0.732776 -0.03400146 -0.67962 0.6654543 -0.02543109 -0.7460052 0.5340623 -0.01233351 -0.8453552 0.4517136 -0.005850136 -0.8921439 0.2988673 0.003195881 -0.9542894 0.2071037 0.007155597 -0.9782929 0.04321962 0.01153469 -0.998999 -0.05170714 0.01270216 -0.9985816 -0.2154606 0.0121122 -0.9764375 -0.3070805 0.01041096 -0.9516267 -0.4595437 0.004888772 -0.8881417 -0.5416117 4.36725e-4 -0.8406287 -0.6581775 -0.008244097 -0.7528178 -0.7226818 -0.01361691 -0.6910467 -0.7698312 -0.01913923 -0.6379606 -0.792079 -0.02007079 -0.6100885 -0.9485585 -0.05552911 -0.3116944 -0.9734127 -0.06628501 -0.2192583 -0.9177848 -0.04449158 -0.394578 -0.931547 -0.04803663 -0.3604342 -0.994869 -0.08513921 -0.05465441 -0.9945881 -0.09603238 0.03965246 -0.9725255 -0.1152046 0.2022919 -0.9476854 -0.126016 0.2932787 -0.8839923 -0.1443945 0.4446437 -0.8362857 -0.1543849 0.5261099 -0.7353024 -0.1707207 0.6558848 -0.6679803 -0.179206 0.7222795 -0.5365895 -0.1923879 0.8216196 -0.4542395 -0.1987868 0.8684183 -0.3013949 -0.2079191 0.930554 -0.2096291 -0.2117927 0.9545678 -0.04574579 -0.2162586 0.9752639 0.04918152 -0.2173393 0.9748563 0.1671993 -0.7987405 0.5779776 0.3320065 -0.7955183 0.5068752 0.4014486 -0.5602956 0.7245053 0.1852843 -0.5617805 0.8062707 0.4730672 -0.7863258 0.3973655 0.5892215 -0.5506492 0.5912727 0.5818352 -0.7717663 0.2566019 0.7367356 -0.5334753 0.4154815 0.6516438 -0.752765 0.09330219 0.8345393 -0.5099506 0.2085535 0.6779613 -0.7304672 -0.0823785 0.8762549 -0.4815766 -0.01617026 0.6586481 -0.7062782 -0.2595263 0.8588998 -0.4501288 -0.2442854 0.594306 -0.6816135 -0.4268532 0.7830812 -0.4176861 -0.4607844 0.488143 -0.658147 -0.5732005 0.6531465 -0.3863711 -0.6512427 0.3463954 -0.6374204 -0.6882627 0.4771337 -0.3582071 -0.8025154 0.1779125 -0.6209214 -0.7634159 0.2664199 -0.3352532 -0.9036735 -0.006115496 -0.6099614 -0.7924076 0.03512668 -0.3191489 -0.9470534 -0.1927905 -0.6053796 -0.7722355 -0.2008577 -0.3110361 -0.928931 -0.3686007 -0.6076884 -0.7034546 -0.4248291 -0.3117132 -0.8499148 -0.5169513 -0.6149168 -0.5955156 -0.6168163 -0.3206739 -0.7188226 -0.6738905 -0.4759339 -0.5651181 -0.7277504 -0.3291465 -0.6016993 -0.5910499 -0.7337691 -0.3350269 -0.7062427 -0.6514106 -0.2772824 -0.8702 -0.3605806 -0.3357582 -0.8523864 -0.3502729 -0.3882607 -0.7319297 -0.676558 -0.08092117 -0.9155682 -0.392748 -0.08650994 -0.7043084 -0.7022752 0.1037267 -0.8928505 -0.4253842 0.1478722 -0.6289162 -0.727818 0.2733963 -0.8092046 -0.4586896 0.3671401 -0.5120393 -0.7513408 0.4162967 -0.671081 -0.4902888 0.5561182 -0.3626872 -0.7712823 0.5230504 -0.4887225 -0.5180471 0.7019812 -0.1917669 -0.7863557 0.5872565 -0.2751857 -0.5400496 0.7953738 -0.01114457 -0.7956551 0.6056475 -0.0453583 -0.554948 0.8306476 0.02410048 -0.9986823 -0.04530948 0.004744827 -0.9992549 -0.03830587 -0.03494024 -0.9818167 -0.1865885 -0.05287247 -0.9825574 -0.1782853 0.04098415 -0.9975306 -0.05703532 -0.06806695 -0.983829 -0.1656726 0.05423796 -0.9958775 -0.07270753 -0.07939153 -0.9855626 -0.1495442 0.06296724 -0.9938358 -0.09124529 -0.08621585 -0.9876147 -0.1310884 0.06656908 -0.991545 -0.1113878 -0.0879116 -0.9898678 -0.1115055 0.06480264 -0.989161 -0.1317623 -0.08449506 -0.9921529 -0.09215813 0.05778276 -0.9868464 -0.1509812 -0.07615715 -0.9943195 -0.07435625 0.04599803 -0.9847584 -0.1677356 -0.06345611 -0.9962206 -0.05931276 0.03024512 -0.9830405 -0.1808777 -0.04726481 -0.9977262 -0.04804813 0.0115993 -0.9818077 -0.189524 -0.02869498 -0.9987348 -0.04129594 -0.008672237 -0.9811473 -0.1930673 -0.008983314 -0.9991757 -0.03958785 -0.02918535 -0.9810994 -0.1912906 0.01049381 -0.9990172 -0.04306668 -0.04854232 -0.9816715 -0.1842954 0.02842515 -0.9982748 -0.05137735 -0.0642907 -0.9826995 -0.1736913 0.03921639 -0.9970711 -0.06566208 -0.07419472 -0.9835512 -0.1646886 0.0431407 -0.9964327 -0.07253164 -0.09000772 -0.9861354 -0.1394121 -0.08081024 -0.9866585 -0.1413322 0.05814588 -0.994595 -0.08602249 0.0618385 -0.9931572 -0.09907007 -0.09100717 -0.9888092 -0.1182117 0.06346738 -0.9909654 -0.1181507 -0.08923828 -0.9911934 -0.0978378 0.06005305 -0.98868 -0.1374978 -0.08222442 -0.9935081 -0.07861846 0.05174928 -0.9865072 -0.1553239 -0.07043915 -0.9955958 -0.06186676 0.03904163 -0.9846051 -0.170378 -0.05468499 -0.9973147 -0.0487141 0.02284175 -0.9830999 -0.1816396 -0.03603678 -0.9985466 -0.04007512 0.004252195 -0.982091 -0.1883595 -0.01576668 -0.999208 -0.03653436 -0.01545941 -0.981658 -0.1900226 -0.4606853 0.05247223 -0.8860112 -0.2156736 0.05972349 -0.9746374 -0.2201629 -0.6251007 -0.7488507 -0.3868841 -0.6320114 -0.6714778 -0.6743622 0.03786641 -0.7374292 -0.5276561 -0.6438968 -0.5540543 -0.8421029 0.01695162 -0.5390506 -0.633216 -0.6599501 -0.4043556 -0.952515 -0.008894681 -0.3043617 -0.696253 -0.6790859 -0.2325387 -0.9980616 -0.03789758 -0.04936611 -0.7123649 -0.6999756 -0.05069983 -0.9756381 -0.06807541 0.2085576 -0.6805603 -0.7212189 0.129155 -0.886773 -0.09737628 0.4518312 -0.602968 -0.7413622 0.2946382 -0.7375226 -0.1238029 0.6638776 -0.4848789 -0.7590318 0.434469 -0.5380545 -0.1455593 0.8302468 -0.3343524 -0.7729968 0.5391517 -0.3019837 -0.161134 0.9395965 -0.1616056 -0.7823823 0.6014664 -0.04536348 -0.1695054 0.9844847 0.02154725 -0.7864718 0.6172504 0.2143123 -0.170096 0.9618407 0.2026398 -0.7850156 0.5853953 0.4593288 -0.1628503 0.8732107 0.3692082 -0.7781208 0.5081471 0.6617121 -0.1492709 0.7347486 0.4883111 -0.7796145 0.3921145 0.7898044 -0.1348658 0.598348 0.3884347 -0.8982109 0.2057566 0.9535544 -0.1006475 0.2839085 0.9220034 -0.1098338 0.3712766 0.7937201 -0.5452197 0.2697111 0.7017857 -0.7087734 0.07167387 0.9966995 -0.07247632 0.03657031 0.6949635 -0.7101444 -0.112786 0.9742718 -0.04230719 -0.22137 0.6631227 -0.688878 -0.292772 0.8854107 -0.01299494 -0.4646278 0.5855656 -0.6687566 -0.4581239 0.7361605 0.01343125 -0.6766737 0.4674842 -0.6510883 -0.5979486 0.5367123 0.03519546 -0.843031 0.3168183 -0.6370801 -0.7026771 0.3006259 0.05078691 -0.952389 0.1440725 -0.627723 -0.7649883 0.04399907 0.05915236 -0.9972789 -0.03895127 -0.6236462 -0.7807357 -0.3867565 -0.6320075 -0.6715549 -0.2200698 -0.6250993 -0.7488793 -0.01225721 -0.9932717 -0.1151576 -0.01225757 -0.9932717 -0.115157 -0.5276799 -0.6438923 -0.5540367 -0.01225751 -0.9932717 -0.1151576 -0.6332356 -0.6599446 -0.4043339 -0.01225817 -0.9932718 -0.1151559 -0.6962279 -0.6790761 -0.2326422 -0.01225799 -0.9932715 -0.1151583 -0.71237 -0.6999725 -0.05067187 -0.0122593 -0.9932714 -0.1151589 -0.6805555 -0.7212183 0.1291836 -0.01225864 -0.9932716 -0.1151577 -0.6029574 -0.7413604 0.2946648 -0.01225996 -0.9932715 -0.1151582 -0.4848616 -0.7590277 0.4344954 -0.01225912 -0.9932717 -0.1151567 -0.3343691 -0.7730154 0.5391147 -0.01225757 -0.9932717 -0.1151573 -0.1615793 -0.7823771 0.60148 -0.01225823 -0.9932717 -0.1151574 0.02151441 -0.7864671 0.6172574 -0.01225858 -0.9932717 -0.1151573 0.2026684 -0.7850091 0.5853942 -0.01225686 -0.9932718 -0.1151565 0.3693549 -0.7781014 0.5080702 -0.01225697 -0.9932716 -0.1151578 0.4883168 -0.7795969 0.3921424 -0.01225703 -0.9932715 -0.1151583 0.3884066 -0.8982228 0.2057575 -0.01225662 -0.9932714 -0.1151608 0.7017471 -0.7087978 0.07181125 0.7937514 -0.5451894 0.26968 -0.01225793 -0.9932718 -0.1151562 -0.01225662 -0.9932716 -0.1151579 0.6949701 -0.7101334 -0.1128149 -0.01225596 -0.9932714 -0.1151592 0.6631547 -0.6888908 -0.2926695 -0.01225721 -0.9932715 -0.1151586 0.5855559 -0.6687471 -0.4581502 -0.01225668 -0.9932715 -0.1151586 0.4674623 -0.6510754 -0.5979798 -0.01225584 -0.9932715 -0.1151588 0.3169143 -0.6370862 -0.7026284 -0.01225811 -0.9932717 -0.1151572 0.1441761 -0.6277297 -0.7649632 -0.01225876 -0.9932716 -0.115158 -0.03897935 -0.623642 -0.7807377 -0.01225864 -0.9932718 -0.1151569 -0.01225709 -0.9932718 -0.1151559 -0.01225835 -0.9932717 -0.1151568 -0.01226013 -0.9932713 -0.11516 -0.01225978 -0.9932715 -0.1151583 -0.01225876 -0.9932713 -0.1151607 -0.0122596 -0.9932717 -0.115157 -0.01225739 -0.9932717 -0.1151567 -0.01225727 -0.9932714 -0.1151597 -0.01225733 -0.9932716 -0.1151582 -0.01225811 -0.9932713 -0.1151604 -0.01225799 -0.9932717 -0.1151571 -0.01225829 -0.9932717 -0.1151576 -0.01225894 -0.9932714 -0.11516 -0.01225864 -0.9932715 -0.1151587 -0.01225858 -0.9932714 -0.1151598 -0.01225489 -0.9932717 -0.1151579 -0.01225537 -0.9932716 -0.1151581 -0.01225668 -0.9932713 -0.1151605 -0.01225584 -0.9932717 -0.115158 -0.01225835 -0.9932713 -0.1151607 -0.01225626 -0.9932717 -0.1151582 -0.01225584 -0.9932715 -0.115159 -0.0122559 -0.9932717 -0.1151582 -0.0122559 -0.9932715 -0.1151584 -0.01225763 -0.9932718 -0.1151561 -0.01225852 -0.9932714 -0.1151589 0.2175826 -0.3408138 0.9146059 0.004745244 -0.9992542 -0.03832304 0.02408188 -0.9986814 -0.04533934 0.4553547 -0.333396 0.8255297 0.04098159 -0.9975298 -0.05705207 0.6619082 -0.3189055 0.6783633 0.05422723 -0.9958793 -0.07269132 0.8231511 -0.2982111 0.4832106 0.06294679 -0.9938374 -0.09124147 0.9281168 -0.2728629 0.253269 0.06654489 -0.9915466 -0.1113876 0.9696369 -0.2445119 0.004261136 0.06481671 -0.98916 -0.1317625 0.9448823 -0.2151045 -0.2468349 0.05778574 -0.9868462 -0.1509819 0.8555405 -0.186646 -0.4829221 0.04598474 -0.9847611 -0.1677234 0.7077125 -0.1610267 -0.687905 0.03024917 -0.983037 -0.1808961 0.5114497 -0.1400807 -0.8478187 0.01159906 -0.981812 -0.1895014 0.2801589 -0.125164 -0.9517589 -0.008667469 -0.981138 -0.1931144 0.02956974 -0.1172646 -0.9926604 -0.02917772 -0.9811033 -0.191272 -0.223231 -0.117098 -0.9677066 -0.04853081 -0.9816747 -0.1842817 -0.4610023 -0.1244897 -0.8786235 -0.06426781 -0.9827055 -0.1736653 -0.6514288 -0.135828 -0.7464525 -0.07416373 -0.9835542 -0.1646843 -0.7669865 -0.08918803 -0.6354347 -0.8867633 -0.2650654 -0.3786703 -0.08081942 -0.9866425 -0.1414386 -0.08999145 -0.9861338 -0.1394336 -0.9329313 -0.1846413 -0.3091066 -0.0910179 -0.9888088 -0.1182073 -0.9752846 -0.2133818 -0.05734258 -0.0892201 -0.9911942 -0.09784626 -0.9505362 -0.2427809 0.1937481 -0.08223438 -0.9935076 -0.07861524 -0.8611955 -0.271274 0.4298289 -0.07043105 -0.9955958 -0.06187623 -0.7133677 -0.2968401 0.634817 -0.05468273 -0.9973132 -0.04874771 -0.5171117 -0.3178609 0.7947074 -0.0360291 -0.9985448 -0.04012763 -0.2858074 -0.3327434 0.8986635 -0.01576751 -0.9992069 -0.03656399 -0.03521394 -0.3405616 0.9395626 -0.03498595 -0.9818031 -0.1866512 -0.2156721 0.05973571 -0.9746369 -0.4606885 0.05246871 -0.8860097 -0.05284833 -0.9825556 -0.178302 -0.6743568 0.03785991 -0.7374345 -0.06804013 -0.9838286 -0.1656861 -0.8421027 0.01693254 -0.5390515 -0.07940596 -0.9855542 -0.149592 -0.9525159 -0.008883833 -0.3043596 -0.08618569 -0.9876133 -0.1311185 -0.998061 -0.03791481 -0.04936385 -0.08795183 -0.989861 -0.1115342 -0.9756373 -0.06809186 0.2085559 -0.08454376 -0.9921469 -0.09217917 -0.8867726 -0.09738898 0.4518294 -0.0762065 -0.9943154 -0.07436054 -0.737525 -0.1237964 0.663876 -0.06349325 -0.9962174 -0.05932569 -0.5380588 -0.1455931 0.8302383 -0.04730546 -0.9977238 -0.04805588 -0.3019682 -0.1611922 0.9395917 -0.02872043 -0.9987323 -0.04134184 -0.04534554 -0.1695246 0.9844822 -0.00894916 -0.999176 -0.03958797 0.2143109 -0.1700729 0.9618452 0.0104689 -0.9990195 -0.04301631 0.4593297 -0.1628612 0.8732083 0.0283991 -0.998276 -0.05136716 0.661704 -0.1492695 0.7347561 0.03921556 -0.9970715 -0.06565576 0.7897915 -0.1348747 0.5983629 0.04314845 -0.9964349 -0.07249557 0.05817222 -0.994593 -0.08602833 0.9220084 -0.1098395 0.3712624 0.9535458 -0.1006445 0.2839385 0.06179505 -0.9931586 -0.099083 0.9966977 -0.07250535 0.03656393 0.06349527 -0.9909676 -0.1181171 0.9742731 -0.04232603 -0.2213609 0.06008416 -0.9886813 -0.1374745 0.8854119 -0.01301246 -0.4646252 0.05176275 -0.9865129 -0.1552833 0.7361552 0.01340675 -0.67668 0.03900587 -0.9846041 -0.1703917 0.536686 0.03517156 -0.8430488 0.02286499 -0.983101 -0.1816309 0.3006007 0.0507667 -0.952398 0.004216611 -0.9820888 -0.1883718 0.04398381 0.0591135 -0.9972819 -0.01542949 -0.981655 -0.190041 0.2960206 -0.2534958 0.9209299 0.5301818 -0.2437678 0.8120865 0.7280918 -0.227045 0.6467865 0.8762645 -0.2044689 0.4362949 0.9646028 -0.1775791 0.1949542 0.9870865 -0.1482065 -0.06078821 0.9421836 -0.118352 -0.3135012 0.8329531 -0.09005272 -0.5459667 0.6668397 -0.06523513 -0.7423405 0.4551635 -0.04559165 -0.88924 0.212346 -0.03245967 -0.9766554 -0.04505592 -0.02673447 -0.9986267 -0.2995086 -0.02880847 -0.9536586 -0.5336651 -0.03854084 -0.8448172 -0.7056312 -0.05236399 -0.7066419 -0.7844514 -0.09924525 -0.6121981 -0.9209635 -0.0669201 -0.3838593 -0.9677368 -0.1046362 -0.2292094 -0.9905704 -0.1341015 0.0280568 -0.9456672 -0.1639546 0.2807711 -0.836437 -0.1922536 0.5132367 -0.6703244 -0.2170712 0.7096093 -0.4586481 -0.2367141 0.8565094 -0.2158355 -0.2498453 0.9439239 0.04156875 -0.2555706 0.9658963 0.4353588 0.2496334 0.8649543 0.445919 -0.6213875 0.6442313 0.2463605 -0.6296977 0.736741 0.2057539 0.2428341 0.9479963 0.6355925 0.263304 0.7257363 0.6146243 -0.6071993 0.5035336 0.7928087 0.2828958 0.5398375 0.7410097 -0.5879607 0.324356 0.8962819 0.3071545 0.3198983 0.8164683 -0.5650312 0.1188251 0.9389866 0.3342932 0.08094656 0.8357897 -0.5400471 -0.0990197 0.9179768 0.3625972 -0.1607539 0.7977402 -0.514594 -0.3143304 0.8347125 0.390065 -0.3887213 0.7048462 -0.4905146 -0.5124328 0.6948637 0.4147959 -0.5874596 0.5634903 -0.4693499 -0.6798451 0.5079519 0.4351868 -0.7433689 0.3832906 -0.452592 -0.805139 0.2867024 0.4498055 -0.8458587 0.1764984 -0.44138 -0.8797909 0.04623109 0.4576272 -0.8879415 -0.04274666 -0.4364597 -0.8987078 -0.1971002 0.4582242 -0.8667077 -0.2595483 -0.4381964 -0.860592 -0.4267085 0.4514212 -0.7836702 -0.4591071 -0.4464734 -0.768038 -0.6133575 0.4386607 -0.6567873 -0.6060886 -0.4567572 -0.6511755 -0.7227532 0.4263221 -0.5439461 -0.6606999 -0.4647804 -0.5894531 -0.8867318 0.394272 -0.2413638 -0.8293123 -0.5027246 -0.243945 -0.7954666 -0.4823866 -0.3667916 -0.8680772 0.3967444 -0.2983892 -0.9303209 0.3667466 3.29688e-4 -0.8489901 -0.5278272 -0.02479052 -0.9093244 0.3384531 0.2420303 -0.8109201 -0.5532714 0.1905239 -0.8260567 0.3109988 0.470011 -0.7180445 -0.5773821 0.3886413 -0.6862124 0.2862101 0.6687274 -0.5766775 -0.5985552 0.5560349 -0.4992876 0.2658405 0.8246459 -0.3964639 -0.6152947 0.6813435 -0.2780628 0.2512118 0.9271321 -0.1896862 -0.6265142 0.7559756 -0.03758108 0.2433772 0.9692035 0.02956968 -0.6314035 0.7748905 0.2146342 -0.1942676 0.9571793 0.4591468 -0.1870067 0.8684543 0.4353555 0.2496439 0.8649529 0.2057501 0.2428517 0.9479927 0.6723013 -0.1724309 0.7199157 0.6355856 0.2633082 0.7257409 0.8395774 -0.1514646 0.5216976 0.7928174 0.282893 0.539826 0.9495649 -0.1256684 0.2872876 0.8962774 0.3071539 0.3199115 0.9947764 -0.09670734 0.03267318 0.9389737 0.334328 0.08095234 0.9721299 -0.06656646 -0.2247946 0.9179852 0.3625769 -0.1607522 0.8831658 -0.03732246 -0.4675738 0.8347173 0.3900331 -0.3887432 0.7339493 -0.01095235 -0.679116 0.6948626 0.4148026 -0.5874562 0.534647 0.01073318 -0.8450073 0.5079528 0.4351416 -0.7433947 0.2988454 0.02627968 -0.9539396 0.2867158 0.449796 -0.8458591 0.04261058 0.03465032 -0.9984908 0.04623597 0.4576731 -0.8879176 -0.2165976 0.0351243 -0.975629 -0.1970973 0.4581792 -0.8667321 -0.4611113 0.02786332 -0.8869048 -0.4267017 0.4514223 -0.7836732 -0.6838792 0.00689733 -0.7295627 -0.6133547 0.4386874 -0.656772 -0.7753697 0.002885222 -0.6315011 -0.722769 0.4262983 -0.5439438 -0.9382176 -0.006185173 -0.3459906 -0.9506018 -0.03314906 -0.3086378 -0.8867061 0.3943024 -0.2414087 -0.8680917 0.3967162 -0.298384 -0.9967408 -0.06240588 -0.05112087 -0.9303186 0.3667524 3.29345e-4 -0.9740923 -0.09255021 0.2063461 -0.9093228 0.3384586 0.2420287 -0.8851311 -0.1217584 0.4491302 -0.8260619 0.3109883 0.4700086 -0.7359114 -0.1481717 0.6606661 -0.6862129 0.2861803 0.6687397 -0.5366131 -0.1698108 0.8265658 -0.4992969 0.2658469 0.8246383 -0.3008087 -0.18541 0.9354878 -0.2780642 0.2511875 0.9271382 -0.04457253 -0.1936938 0.9800491 -0.03758335 0.2434131 0.9691943 0.5302016 -0.2438307 0.8120548 0.2960544 -0.2533752 0.9209521 0.2463386 -0.6295863 0.7368435 0.4458881 -0.6214344 0.6442073 0.04159754 -0.2556572 0.9658722 0.02954059 -0.6314427 0.7748597 -0.2158066 -0.2497628 0.9439524 -0.1897157 -0.6264616 0.7560119 -0.458622 -0.2367119 0.856524 -0.3964951 -0.6152927 0.6813271 -0.6702983 -0.217116 0.7096202 -0.5766931 -0.5985689 0.5560039 -0.836422 -0.1922437 0.5132647 -0.7180516 -0.5773879 0.3886195 -0.9456591 -0.1639514 0.2808005 -0.8109269 -0.5532706 0.1904974 -0.9905685 -0.1341094 0.02808564 -0.8489794 -0.5278429 -0.02482169 -0.9677394 -0.1046391 -0.2291968 -0.8293218 -0.5027057 -0.2439518 -0.9209557 -0.06693035 -0.3838766 -0.7954489 -0.4823983 -0.3668144 -0.7844869 -0.09924983 -0.6121519 -0.7056381 -0.05237185 -0.7066344 -0.6061032 -0.4567362 -0.6511766 -0.6607322 -0.4647771 -0.5894194 -0.5336903 -0.03852099 -0.8448022 -0.4590748 -0.4464654 -0.7680618 -0.2995331 -0.02879714 -0.9536512 -0.2595188 -0.4382001 -0.8605991 -0.04508274 -0.02678066 -0.9986243 -0.04272109 -0.4365338 -0.8986731 0.2123209 -0.03245049 -0.9766611 0.1765383 -0.4413647 -0.8797906 0.4551339 -0.04562103 -0.8892536 0.3833089 -0.4526029 -0.8051242 0.6668132 -0.06527382 -0.7423608 0.5635138 -0.4693568 -0.6798209 0.8329354 -0.09005993 -0.5459927 0.7048678 -0.4904982 -0.5124186 0.9421738 -0.1183549 -0.3135297 0.7977256 -0.5146372 -0.3142967 0.987083 -0.1482173 -0.0608192 0.8357961 -0.5400426 -0.09898948 0.9646086 -0.1775803 0.1949244 0.8164504 -0.56505 0.1188588 0.8762776 -0.2044682 0.4362685 0.7410084 -0.5879432 0.3243907 0.7281103 -0.2270506 0.6467638 0.6146153 -0.6071675 0.503583 -0.298199 0.2110118 -0.9308875 -0.2905862 0.2097485 -0.9335767 -0.526858 0.2001962 -0.82604 -0.5335918 0.20132 -0.8214317 -0.7272198 0.1835807 -0.6613997 -0.732541 0.1845073 -0.655241 -0.8779026 0.1610406 -0.4509468 -0.8814858 0.1618105 -0.4436217 -0.9686762 0.1341099 -0.2090001 -0.9702767 0.1347763 -0.2009939 -0.9933552 0.1046236 0.04795372 -0.9928621 0.1052472 0.0561068 -0.9502574 0.07459133 0.3024022 -0.9477031 0.07523572 0.3101587 -0.8423201 0.04605972 0.5370059 -0.8378773 0.04678648 0.54385 -0.6768984 0.02097314 0.7357777 -0.6708686 0.0218389 0.7412546 -0.4652665 0.001041054 0.8851702 -0.4580594 0.002092659 0.8889192 -0.2218456 -0.01237803 0.9750033 -0.2139508 -0.01110619 0.9767813 0.03677535 -0.01836961 0.9991548 0.04482036 -0.01685887 0.9988529 0.29297 -0.01652562 0.9559789 0.300619 -0.01477235 0.95363 0.5292812 -0.006971418 0.8484179 0.5360147 -0.004989743 0.8441939 0.7140383 0.006929218 0.7000724 0.7083434 0.008657991 0.705815 0.784726 0.01363223 0.6196928 0.7859724 0.01723563 0.6180214 0.9248098 0.04320073 0.3779689 0.9225724 0.03962403 0.3837841 0.9706749 0.05893456 0.23306 0.9723402 0.06135076 0.2253675 0.9957397 0.08859854 -0.02555149 0.9952849 0.09108293 -0.03334373 0.9526419 0.1186307 -0.2800004 0.9501261 0.1210944 -0.2873961 0.8447048 0.1471623 -0.5146041 0.8403002 0.1495434 -0.5210877 0.6792832 0.172249 -0.7133755 0.6732918 0.1744914 -0.7184922 0.4676505 0.1921812 -0.8627685 0.4604823 0.1942375 -0.8661571 0.2242752 0.2055987 -0.9525912 0.2163747 0.2074366 -0.954019 -0.03438973 0.2115919 -0.9767529 -0.0423966 0.2131893 -0.9760906 -0.2211657 0.2079899 -0.952799 -0.46475 0.2005079 -0.8624408 -0.6765642 0.1857359 -0.712575 -0.8421829 0.1647227 -0.5134145 -0.9503501 0.138801 -0.278512 -0.9936609 0.1098477 -0.0239098 -0.9691841 0.07974034 0.2330748 -0.8785764 0.05060291 0.4749137 -0.7280104 0.02435421 0.6851335 -0.5277658 0.002885997 0.8493852 -0.2914822 -0.01244843 0.9564953 -0.03523898 -0.02054089 0.9991678 0.2234792 -0.02085959 0.9744855 0.4670429 -0.01342374 0.8841328 0.6738969 8.83175e-4 0.738825 0.7789381 0.01193559 0.6269873 0.9165784 0.03138148 0.3986219 0.9491513 0.04623222 0.3114075 0.9959661 0.0772863 0.04559123 0.9714869 0.107388 -0.2113792 0.880886 0.1365225 -0.4532123 0.730318 0.1627349 -0.6634404 0.5300693 0.1842448 -0.8276959 0.2937844 0.1995756 -0.934805 0.03755348 0.2076617 -0.9774796 -0.1798533 0.5963993 -0.7822793 -0.3921439 0.5908447 -0.7050715 -0.5772328 0.5786914 -0.5761237 -0.7226079 0.5607882 -0.4041714 -0.8184598 0.5382923 -0.2009106 -0.8583142 0.512737 0.01994192 -0.8394003 0.4859066 0.2435199 -0.762945 0.459546 0.4546782 -0.6340517 0.4354614 0.6390241 -0.4613042 0.4152894 0.7840492 -0.2564575 0.4004468 0.8796999 -0.03334641 0.3919355 0.9193882 0.1928094 0.390327 0.9002608 0.4064348 0.3957996 0.8235006 0.5889187 0.4074733 0.6979544 0.6967045 0.4202911 0.5813418 0.8135498 0.4316796 0.3896017 0.8301391 0.4470753 0.3331562 0.8752629 0.4742817 0.09471929 0.8554639 0.5012918 -0.1299542 0.7777264 0.5277187 -0.3415473 0.6474279 0.5517976 -0.5256962 0.4736492 0.571874 -0.6697886 0.2683039 0.586576 -0.7641608 0.04541647 0.5949149 -0.8025047 0.6698965 0.7396978 0.06392133 -0.2282927 0.9659208 0.1219823 -0.2216546 0.9732686 0.06014597 0.6518544 0.7212057 0.2344107 0.6437024 0.7578919 -0.1060529 -0.2189821 0.9582614 0.1837987 0.5745603 0.7745956 -0.2643525 -0.1941233 0.9507332 0.2417077 0.4664762 0.7886855 -0.4004687 -0.1548364 0.9438641 0.2917985 0.3261542 0.7991392 -0.5049753 -0.1034504 0.9381019 0.3305494 0.1624634 0.8052338 -0.5702669 -0.04305619 0.9338706 0.35501 -0.01355481 0.8064721 -0.5911167 0.02233564 0.9315319 0.362973 -0.189732 0.8026737 -0.5654351 0.0881161 0.9312942 0.35345 -0.3536781 0.7940404 -0.4943801 0.1493968 0.9332491 0.3266907 -0.4866034 0.7838777 -0.385685 0.1995679 0.9370509 0.2865455 -0.3697 0.9123399 -0.175948 0.2204757 0.9374322 0.2694651 -0.6268469 0.7550954 -0.1920776 -0.7770907 0.6188007 -0.1149601 0.2074342 0.9659415 0.1546875 0.3744929 0.8901085 0.2597344 -0.6778232 0.7273586 0.1072618 0.2680487 0.9581549 0.1004444 -0.6464573 0.7086722 0.2826247 0.2549433 0.9663039 0.03550982 -0.5701047 0.6918669 0.4430586 0.2252039 0.9740363 -0.0231617 -0.4547455 0.6780631 0.57744 0.1813201 0.980817 -0.07156115 -0.3089495 0.6682184 0.6767823 0.126775 0.9861935 -0.1065379 -0.1431589 0.6629008 0.7348933 0.06553566 0.9898453 -0.1261405 0.03108626 0.6624011 0.7485042 0.001882851 0.9915753 -0.1295191 0.202162 0.6666954 0.7173897 -0.0600717 0.9913317 -0.1168455 0.3588234 0.6754325 0.6442335 -0.1164923 0.9891686 -0.0893042 0.4912084 0.6880218 0.5341725 -0.1640295 0.9852463 -0.04882895 0.5909591 0.7036272 0.3945583 -0.1997854 0.9798377 0.002017378 -0.397931 0.5695864 -0.7191817 -0.1823088 0.5759369 -0.7969066 -0.5860337 0.5567796 -0.5886945 -0.7338002 0.5383881 -0.4143375 -0.831161 0.5156661 -0.20799 -0.8714793 0.4901619 0.01628124 -0.8520087 0.4636141 0.2431936 -0.7740755 0.4378306 0.4572872 -0.6429919 0.4145697 0.643967 -0.467689 0.3954156 0.7905148 -0.2601155 0.3816751 0.8869409 -0.03441512 0.3742825 0.926676 0.1940287 0.3737437 0.9070108 0.40965 0.3800937 0.8292863 0.5945959 0.359247 0.7193035 0.744849 0.2162317 0.631224 0.8421378 0.4334492 0.3208208 0.7054673 0.6184889 0.3461035 0.8831988 0.4595182 0.09382402 0.8637282 0.4860665 -0.1330901 0.7857956 0.5118491 -0.3471826 0.6547117 0.5351107 -0.5338627 0.4794098 0.5542641 -0.6804099 0.2718345 0.5680052 -0.7768373 0.04613393 0.5753977 -0.8165716 0.01239806 0.9932978 0.1149159 0.01233029 0.9933017 0.1148899 0.01225757 0.9932716 0.1151583 0.01245605 0.9932919 0.1149618 0.01225763 0.9932714 0.115159 0.01250118 0.9932847 0.1150184 0.01252895 0.9932766 0.1150854 0.01225787 0.9932716 0.1151579 0.01225841 0.9932717 0.1151573 0.01253718 0.993268 0.1151584 0.01252919 0.9932597 0.1152312 0.01225823 0.9932714 0.1151589 0.01245552 0.9932463 0.1153557 0.01250278 0.9932524 0.1152971 0.01225817 0.9933037 0.1148805 0.01225775 0.9932715 0.1151584 0.01225817 0.9932714 0.1151589 0.01225769 0.9932717 0.1151575 0.01225739 0.9932716 0.1151578 0.01225763 0.9932715 0.1151592 0.01239854 0.9932419 0.1153994 0.01218569 0.9933037 0.1148885 0.01225841 0.9932716 0.1151577 0.01225829 0.9932717 0.1151573 0.01225829 0.9932716 0.115158 0.01225787 0.9932715 0.1151585 0.01225805 0.9932715 0.1151585 0.01233053 0.9932394 0.1154273 0.01211822 0.9933012 0.1149169 0.01225829 0.9932716 0.1151581 0.01225823 0.9932716 0.1151584 0.01225769 0.9932715 0.1151588 0.01225775 0.9932716 0.1151577 0.01225757 0.9932715 0.1151583 0.01225739 0.9932392 0.1154371 0.0120868 0.9932972 0.1149544 0.01225614 0.9932717 0.1151576 0.01225805 0.9932714 0.1151593 0.01225775 0.9932714 0.1151601 0.01225721 0.9932716 0.1151579 0.01225757 0.9932715 0.1151583 0.0121845 0.9932413 0.1154271 0.01201194 0.9932957 0.1149758 0.01198107 0.9932899 0.1150299 0.01198589 0.9932826 0.115092 0.01197719 0.9932749 0.1151597 0.01198756 0.9932664 0.1152311 0.01201486 0.9932585 0.1152965 0.01205867 0.993251 0.1153559 0.0121175 0.9932453 0.1153997 0.4793958 0.554287 -0.6804012 0.2718234 0.5680287 -0.7768239 0.04612684 0.5754227 -0.8165544 -0.182314 0.5759598 -0.796889 -0.3979308 0.5696108 -0.7191625 -0.5860313 0.5568009 -0.5886766 -0.7337924 0.5384122 -0.4143201 -0.8311493 0.5156908 -0.2079757 -0.8714667 0.4901841 0.01629227 -0.8519923 0.46364 0.2432016 -0.7740594 0.4378558 0.4572902 -0.6429757 0.4145938 0.6439677 -0.4676745 0.3954412 0.7905105 -0.2601026 0.3816985 0.8869345 -0.03440612 0.3743073 0.9266663 0.1940345 0.3737704 0.9069985 0.4096514 0.3801192 0.8292738 0.5945941 0.3592465 0.719305 0.7448465 0.2162487 0.6312212 0.7054767 0.6184841 0.3460927 0.8421365 0.4334306 0.3208493 0.01195371 0.9932864 0.1150624 0.8831859 0.459544 0.09381902 0.8637145 0.4860907 -0.1330914 0.7857801 0.5118749 -0.3471798 0.6546955 0.5351375 -0.5338554 -0.7670072 -0.08915561 -0.6354143 -0.8359014 -0.3184386 0.4470636 -0.8654014 -0.0983299 0.4913367 -0.7737895 -0.02012515 -0.6331231 -0.7698366 -0.01912349 -0.6379545 -0.865428 -0.09765315 0.4914248 -0.8654413 -0.09697592 0.4915354 -0.7920503 -0.02010732 -0.6101247 -0.6738872 -0.4759643 -0.5650964 -0.8013963 -0.4327273 0.4129301 -0.8481451 -0.2597859 0.4616938 -0.7277926 -0.3291 -0.6016737 -0.05639159 -0.9943803 -0.08959877 0.08289897 -0.9941415 -0.06935763 0.9070982 -0.1137933 0.4052454 0.566078 -0.803389 0.1847209 0.5660693 -0.8033834 0.1847726 -0.8867618 -0.2650319 -0.3786973 -0.0564382 -0.9943744 -0.08963465 -0.08082103 -0.9866434 -0.1414307 0.907115 -0.1137914 0.4052086 0.08289736 -0.994144 -0.06932485 -0.7844451 -0.09923326 -0.612208 -0.8645854 -0.1181363 0.4884013 -0.7227739 0.4263398 -0.5439047 -0.6781082 0.5695008 0.464584 -0.5386554 -0.8151718 0.2129446 -0.6606907 -0.4648004 -0.5894477 -0.865733 -0.08690941 0.4929029 -0.6781236 0.5695161 0.4645427 -0.8645966 -0.1182054 0.4883648 -0.5386562 -0.8151548 0.2130077 0.8655275 0.09427762 -0.4919085 0.8654616 0.09651726 -0.4915901 0.7859791 0.01721602 0.6180134 0.7847173 0.01360809 0.6197046 0.8655725 0.0927338 -0.4921228 0.7789335 0.01193207 0.6269931 0.8370796 0.3134858 -0.4483577 0.6967434 0.420282 0.5813018 -0.7605172 0.420993 0.4943466 0.4245398 0.8949787 -0.1370369 0.2204871 0.9374358 0.2694433 -0.3696523 0.9123597 -0.1759455 0.6139059 0.743237 -0.2659293 0.7448417 0.2162336 0.6312322 0.6139163 0.7432193 -0.2659547 -0.9234928 -0.04726439 -0.3806931 -0.9315529 -0.04803377 -0.3604193 -0.9177755 -0.04452735 -0.3945952 -0.5910694 -0.7337625 -0.3350071 -0.8523839 -0.3503061 -0.3882362 -0.07418876 -0.9835572 -0.1646552 -0.9209629 -0.06688082 -0.3838677 -0.868079 0.3967292 -0.298404 -0.795472 -0.4823882 -0.3667778 0.9225793 0.03965264 0.3837645 0.9248039 0.04319655 0.3779842 0.9165897 0.0313571 0.3985975 0.8135515 0.4316578 0.3896223 -0.6268392 0.7550919 -0.192117 0.3744595 0.8901162 0.2597566 0.7054859 0.6184565 0.3461232 0.4591784 -0.1869785 0.8684436 0.2146676 -0.1942484 0.9571758 0.672329 -0.1723867 0.7199003 0.8395946 -0.1514675 0.5216692 0.9495764 -0.1256482 0.2872582 0.9947796 -0.0966866 0.03264206 0.9721232 -0.06655627 -0.2248263 0.8831513 -0.03731125 -0.4676021 0.7339274 -0.01094424 -0.6791397 0.5346201 0.01074838 -0.8450242 0.2988139 0.02628791 -0.9539493 0.04257631 0.03461313 -0.9984935 -0.2166311 0.03515887 -0.9756203 -0.461142 0.02788954 -0.8868881 -0.6838451 0.006898224 -0.7295947 -0.7754043 0.002897918 -0.6314585 -0.9505954 -0.03316426 -0.3086562 -0.9382279 -0.006149113 -0.3459636 -0.9967429 -0.06240165 -0.05108684 -0.9740866 -0.09253138 0.2063815 -0.8851149 -0.1217772 0.4491572 -0.7358909 -0.1481438 0.660695 -0.5365843 -0.1698356 0.8265792 -0.300777 -0.1853737 0.9355052 -0.04453796 -0.1937015 0.9800491 -0.8657152 -0.08693921 0.4929289 -0.7753894 0.002841293 -0.631477 -0.938235 -0.006138086 -0.3459443 -0.8583096 0.5127443 0.01994723 -0.8184709 0.5382723 -0.2009192 -0.2216728 0.9732642 0.06014955 -0.2282732 0.9659227 0.1220029 -0.8393968 0.4859185 0.2435082 -0.2189883 0.9582578 0.1838101 -0.7629625 0.4595444 0.4546507 -0.1941179 0.9507398 0.2416861 -0.6340469 0.4354666 0.6390254 -0.154868 0.9438607 0.2917928 -0.461314 0.4152997 0.784038 -0.1034369 0.9380955 0.3305718 -0.2564585 0.4004427 0.8797016 -0.04302304 0.9338735 0.355006 -0.03334057 0.3919409 0.9193862 0.02233225 0.9315384 0.362957 0.1928101 0.3903158 0.9002655 0.08812397 0.9312976 0.3534389 0.4064284 0.39581 0.823499 0.1494082 0.9332404 0.3267102 0.5888914 0.4074916 0.6979667 0.199588 0.9370446 0.2865521 0.6967489 0.4202951 0.5812858 0.2205145 0.9374276 0.2694491 0.8301213 0.447089 0.3331817 0.8135291 0.4316934 0.3896296 0.3744571 0.8901143 0.259766 0.2074301 0.9659452 0.1546693 0.8752538 0.4743038 0.09469318 0.2680341 0.9581581 0.1004529 0.8554721 0.5012881 -0.1299151 0.2549546 0.9663015 0.03549408 0.7777205 0.5277191 -0.3415601 0.2252016 0.9740368 -0.02317076 0.6474375 0.5518053 -0.5256764 0.1813179 0.980818 -0.07155406 0.4736411 0.5718899 -0.6697807 0.1267401 0.9861986 -0.1065329 0.2682838 0.5866013 -0.7641484 0.06554412 0.9898468 -0.1261243 0.04540091 0.5949206 -0.8025013 0.001868605 0.9915735 -0.1295321 -0.1798493 0.5963816 -0.7822937 -0.06011188 0.9913252 -0.1168801 -0.392166 0.590837 -0.7050657 -0.1165025 0.989164 -0.08934015 -0.5772583 0.5787058 -0.5760837 -0.1640087 0.9852488 -0.0488463 -0.7226041 0.5607842 -0.4041839 -0.1997545 0.9798439 0.002035319 0.4245501 0.8949687 -0.1370705 0.8370742 0.3135065 -0.4483531 0.696741 0.4202861 0.5813018 0.2205034 0.9374318 0.2694438 0.3744813 0.8901009 0.2597775 0.8135225 0.4317098 0.3896253 0.4014268 -0.5603243 0.7244952 0.3588217 0.6754297 0.6442375 0.2021643 0.6666831 0.7174003 0.1852488 -0.5618122 0.8062568 0.5892436 -0.5506464 0.5912533 0.4912091 0.6880328 0.5341578 0.7367381 -0.5334855 0.4154639 0.5909672 0.7036218 0.3945556 0.834535 -0.5099649 0.208536 0.6518297 0.7212299 0.2344048 0.876244 -0.4815961 -0.01617813 0.6698738 0.7397179 0.06392681 0.8588853 -0.4501554 -0.2442871 0.6437057 0.7578943 -0.1060159 0.7830665 -0.417716 -0.4607824 0.5745486 0.7746023 -0.2643582 0.6531544 -0.3863422 -0.651252 0.4665099 0.7886683 -0.4004633 0.4771268 -0.3582196 -0.8025141 0.326161 0.7991411 -0.5049678 0.2664404 -0.3352652 -0.903663 0.1624888 0.8052502 -0.5702364 0.03510439 -0.3191277 -0.9470614 -0.01354563 0.8064579 -0.5911363 -0.2008387 -0.3110719 -0.9289231 -0.189738 0.8026559 -0.5654582 -0.4248253 -0.3117061 -0.8499193 -0.3536497 0.7940471 -0.4943896 -0.6167876 -0.3207011 -0.7188351 -0.4866055 0.7838616 -0.3857147 -0.7277898 -0.3291352 -0.6016578 -0.3696736 0.9123473 -0.1759657 -0.8702019 -0.360593 -0.3357402 -0.777118 0.6187651 -0.1149674 -0.6268463 0.7550823 -0.1921321 -0.852389 -0.3502743 -0.3882538 -0.915567 -0.3927581 -0.08647739 -0.6778286 0.7273507 0.1072821 -0.8928572 -0.4253755 0.1478576 -0.6464605 0.7086799 0.2825979 -0.8092108 -0.4586896 0.3671267 -0.570145 0.6918572 0.4430218 -0.6710917 -0.4903048 0.556091 -0.4547281 0.678073 0.5774421 -0.4887145 -0.5180385 0.7019931 -0.3089131 0.6682139 0.6768035 -0.2751884 -0.5400551 0.795369 -0.1431244 0.6628915 0.7349084 -0.04531902 -0.5549234 0.8306663 0.03113651 0.6623944 0.748508 0.2192442 -0.2167698 0.9512849 0.4627457 -0.2093573 0.8614151 0.6746256 -0.194653 0.7120327 0.8404451 -0.17366 0.513317 0.9489017 -0.147818 0.2788107 0.9926084 -0.1188629 0.02449691 0.968583 -0.08880072 -0.232296 0.8784646 -0.05965811 -0.4740683 0.7283946 -0.03342807 -0.684342 0.5285977 -0.01189774 -0.8487891 0.2926953 0.003470897 -0.9561995 0.03675699 0.01161962 -0.9992567 -0.2217704 0.01199942 -0.9750251 -0.4652724 0.004589021 -0.8851557 -0.6724491 -0.009588003 -0.7400813 -0.7878644 -0.02076458 -0.6154987 -0.9214008 -0.0444284 -0.3860657 -0.9460871 -0.05445355 -0.3193024 -0.9951354 -0.0859012 -0.04823702 -0.9711103 -0.1159719 0.2085554 -0.8809922 -0.1451143 0.4503274 -0.7309218 -0.1713497 0.6606003 -0.5311264 -0.1928756 0.8250477 -0.295221 -0.2082405 0.9324594 -0.03928446 -0.2163939 0.9755154 -0.7878527 -0.02077943 -0.6155133 -0.8654438 -0.09697359 0.4915315 -0.9213955 -0.04442727 -0.3860785 0.4997031 -0.2075155 0.8409723 0.2602037 -0.2161629 0.9410461 0.2255308 -0.2167055 0.9498288 0.4683973 -0.2091055 0.8584165 0.7050134 -0.1917095 0.6827911 0.679343 -0.1942293 0.7076497 0.8621917 -0.1698221 0.4772693 0.8438617 -0.1730982 0.5078725 0.9605141 -0.143348 0.2384618 0.9507865 -0.1471491 0.2726759 0.9933178 -0.1140769 -0.01749986 0.9928293 -0.1181574 0.01813656 0.9583295 -0.08401942 -0.27303 0.9671292 -0.08808106 -0.2385432 0.8579719 -0.05522412 -0.5107198 0.8754334 -0.0589872 -0.479726 0.6990101 -0.0296359 -0.7144976 0.7240264 -0.03285622 -0.6889893 0.4923942 -0.009019494 -0.8703256 0.523168 -0.01146042 -0.8521525 0.2520521 0.00523597 -0.9676996 0.2865705 0.003737151 -0.9580519 -0.00545895 0.01214814 -0.9999114 0.03035759 0.01170074 -0.9994706 -0.2627325 0.01125246 -0.9648031 -0.2280097 0.01188832 -0.9735864 -0.5022318 0.00260514 -0.8647292 -0.4709252 0.004285991 -0.8821627 -0.7008345 -0.01198613 -0.7132232 -0.6758718 -0.00992459 -0.7369524 -0.7936934 -0.02121722 -0.6079479 -0.7783586 -0.01927328 -0.6275242 -0.9597315 -0.05991768 -0.2744546 -0.9159034 -0.04367715 -0.3990155 -0.9227023 -0.04472327 -0.3829107 -0.9501616 -0.05586653 -0.3067115 -0.9958468 -0.09082686 -0.006307005 -0.9953586 -0.08666795 -0.0418334 -0.9608584 -0.1208904 0.2492724 -0.9696571 -0.1167386 0.2147958 -0.8605009 -0.1496859 0.4869624 -0.8779849 -0.1458271 0.4559353 -0.7015747 -0.1752691 0.6907053 -0.7265541 -0.1719627 0.6652429 -0.4948794 -0.1958929 0.8465934 -0.5256958 -0.1933581 0.8284062 -0.2545811 -0.2101449 0.9439427 -0.2890508 -0.2085582 0.9343196 0.002929806 -0.2170574 0.9761545 -0.03288549 -0.21652 0.9757242 -0.865446 -0.09697461 0.4915273 -0.793699 -0.02126067 -0.607939 -0.7784643 -0.01949173 -0.6273862 -0.8654479 -0.09697544 0.4915239 -0.9159011 -0.0436396 -0.3990248 -0.922701 -0.04473292 -0.3829125 0.2995081 -0.1413682 0.9435625 0.5360997 -0.1316033 0.8338331 0.4471353 0.316909 0.8364441 0.2264845 0.3095374 0.9235212 0.736106 -0.1147358 0.6670711 0.637659 0.330881 0.6956355 0.8859072 -0.09192115 0.4546635 0.7850757 0.3505049 0.5106881 0.9753326 -0.06477594 0.2110228 0.8793387 0.37444 0.2942079 0.9982669 -0.03511935 -0.04722046 0.9140239 0.4010556 0.06094801 0.9531478 -0.004969418 -0.3024644 0.8867681 0.4285387 -0.1731968 0.8430306 0.02358192 -0.5373485 0.7994286 0.4550151 -0.3922694 0.6754758 0.0486921 -0.7357728 0.6579574 0.4786807 -0.5813407 0.4618207 0.06851279 -0.8843233 0.4719953 0.4979267 -0.7275229 0.2167188 0.08183455 -0.9727981 0.2542155 0.5114347 -0.8208588 -0.04320204 0.08763992 -0.9952151 0.01945894 0.5182875 -0.8549851 -0.3002276 0.08553051 -0.9500253 -0.216275 0.5180174 -0.8275766 -0.5367934 0.0757355 -0.8403078 -0.4369229 0.5106456 -0.7404996 -0.7367736 0.05890995 -0.6735684 -0.6274461 0.4966717 -0.5996904 -0.8866084 0.03608614 -0.4611112 -0.7748625 0.4770494 -0.4147431 -0.9760264 0.008942961 -0.2174686 -0.8691256 0.4531143 -0.1982633 -0.9989535 -0.02071398 0.04077905 -0.9038112 0.4264981 0.03499692 -0.9538363 -0.05082011 0.2959961 -0.8765556 0.3990148 0.2691423 -0.8437409 -0.07941037 0.530844 -0.7892161 0.3725385 0.4882143 -0.6761437 -0.1045255 0.7293175 -0.6477449 0.3488717 0.6772851 -0.4625095 -0.1243842 0.8778461 -0.4617828 0.3296295 0.823469 -0.2173794 -0.1376672 0.9663301 -0.2440025 0.3161203 0.9168046 0.04253965 -0.1434722 0.9887397 -0.009247422 0.3092674 0.9509302 0.01043379 0.9853124 0.1704428 -0.003969132 0.9857686 0.1680615 0.02494829 0.9852886 0.1690679 0.03867316 0.985698 0.1640245 0.05063635 0.9865126 0.1556566 0.0600934 0.9876818 0.144477 0.06633859 0.989133 0.1312063 0.06892508 0.9907678 0.1167408 0.06757825 0.9924797 0.1020649 0.06250929 0.9941399 0.08819562 0.05389887 0.995638 0.07615739 0.04243052 0.9968684 0.06673103 0.02882862 0.9977472 0.0605778 0.01408189 0.9982025 0.05825346 -7.19309e-4 0.9982121 0.05976653 -0.0146228 0.9977694 0.06513607 -0.0265696 0.9969161 0.0738399 -0.03587144 0.9957067 0.08533149 -0.04180186 0.9942314 0.09877592 -0.04402011 0.9925927 0.113235 -0.04240441 0.990903 0.1277229 -0.0371496 0.9892745 0.1412655 -0.02856409 0.9878172 0.1529754 -0.01723927 0.9866146 0.1621561 -0.2373624 0.8947384 -0.3782886 -0.1049634 0.8987349 -0.4257444 -0.003967225 0.9857659 0.1680772 0.01040059 0.9853118 0.1704483 -0.3533318 0.8864862 -0.2988294 0.02495211 0.9852898 0.1690601 -0.4452176 0.8744955 -0.1924552 0.03867381 0.9856972 0.164029 -0.5067806 0.8595478 -0.06596279 0.05064594 0.9865087 0.1556774 -0.5336621 0.8425968 0.07235741 0.06009089 0.9876865 0.1444463 -0.5236704 0.8247749 0.2133441 0.06633996 0.9891368 0.1311774 -0.4771025 0.8072665 0.3474106 0.06890988 0.9907732 0.1167049 -0.3967517 0.79128 0.4652573 0.06762772 0.9924765 0.1020637 -0.2877927 0.7779704 0.5585137 0.06248414 0.9941439 0.08816915 -0.1576952 0.7682609 0.6204092 0.05391567 0.9956402 0.07611799 -0.01541352 0.7629032 0.6463289 0.0424171 0.9968699 0.06671869 0.1289439 0.7622663 0.6342899 0.0288369 0.9977446 0.06061673 0.2651469 0.7664294 0.5850497 0.01409375 0.9982039 0.05822831 0.3835156 0.7750908 0.5021456 -7.43002e-4 0.9982097 0.05980783 0.4757475 0.7875967 0.3916069 -0.01462101 0.9977686 0.06514644 0.535516 0.8030669 0.2613547 -0.02660119 0.9969144 0.07385146 0.5589314 0.8203897 0.1206504 -0.03585129 0.9957047 0.08536404 0.5447751 0.8383278 -0.02065747 -0.04179447 0.9942338 0.09875446 0.4944073 0.8556702 -0.152938 -0.04401642 0.9925892 0.1132658 0.4116397 0.8712489 -0.2673545 -0.04240316 0.9909037 0.1277179 0.3023874 0.8840211 -0.356467 -0.03712993 0.989271 0.1412957 0.174041 0.8932087 -0.414594 -0.0285567 0.9878124 0.1530074 0.0352168 0.8982147 -0.438144 -0.01724898 0.9866171 0.1621393 -0.406064 0.5438819 -0.7343736 -0.1870374 0.5503768 -0.8136968 -0.298972 0.1660603 -0.9397019 -0.5353135 0.1562419 -0.8300771 -0.597041 0.5308284 -0.6014676 -0.7350963 0.1393969 -0.6634772 -0.7469747 0.5120681 -0.4240463 -0.8847307 0.1166658 -0.4512659 -0.8456186 0.4889152 -0.2142224 -0.9740531 0.08953696 -0.2078554 -0.8862821 0.4629408 0.01378411 -0.9969447 0.05990332 0.0501309 -0.86619 0.4359188 0.2443146 -0.9518502 0.02978616 0.3051132 -0.7866449 0.4096781 0.4619024 -0.8418354 0.001211225 0.5397331 -0.6531314 0.3860109 0.6514714 -0.674427 -0.02381867 0.7379572 -0.4747223 0.3665277 0.8001852 -0.4609994 -0.04365652 0.886326 -0.2635731 0.3525933 0.8978905 -0.216113 -0.05692619 0.9747075 -0.03408563 0.3451189 0.9379398 0.04354536 -0.06272393 0.9970805 0.1981887 0.3445755 0.9175997 0.300266 -0.06064641 0.9519257 0.4172347 0.3511152 0.8382323 0.5366048 -0.05087262 0.8422989 0.608115 0.3641462 0.7054033 0.7363842 -0.03401082 0.6757083 0.7580512 0.3829085 0.5279579 0.8860405 -0.01125472 0.4634713 0.856725 0.4060822 0.3179932 0.9753583 0.01585334 0.2200568 0.8973466 0.4320571 0.08997732 0.9982451 0.0454905 -0.03791099 0.8771939 0.4590812 -0.1406251 0.9531509 0.07560831 -0.2928938 0.7976425 0.4853166 -0.3580982 0.8431532 0.1041767 -0.5274846 0.6641674 0.5089667 -0.5475716 0.6757267 0.1292191 -0.7257382 0.4857267 0.528455 -0.6962794 0.4623104 0.1490627 -0.8740993 0.2745624 0.5423954 -0.7939918 0.2174134 0.1623221 -0.9624879 0.04511135 0.5498663 -0.8340336 -0.04224497 0.1681176 -0.9848614 0.5185517 0.1776537 0.8363872 0.2912778 0.1682446 0.9417278 -0.1870506 0.5504099 -0.8136714 -0.4060816 0.5438751 -0.7343689 0.7107293 0.1938037 0.6762427 -0.5970565 0.5308215 -0.6014583 0.8546987 0.2156856 0.4721971 -0.7469862 0.5120577 -0.4240385 0.9406547 0.2417588 0.2381628 -0.8456181 0.488942 -0.2141636 0.9627529 0.270201 -0.009916663 -0.8862676 0.4629671 0.01383662 0.9194616 0.2991649 -0.2551288 -0.8661438 0.4359397 0.2444413 0.8137543 0.3265847 -0.480777 -0.7866159 0.4096986 0.4619338 0.6528116 0.3506819 -0.6714605 -0.6530999 0.3860281 0.6514928 0.4476198 0.3697195 -0.8142138 -0.4746915 0.3665422 0.8001968 0.2121481 0.3824891 -0.8992749 -0.2635481 0.3525635 0.8979095 -0.03754705 0.3880722 -0.9208638 -0.03405541 0.3450899 0.9379516 -0.2844518 0.3860931 -0.8775075 0.1981338 0.3445822 0.9176089 -0.5117385 0.3766831 -0.7721616 0.4171969 0.3510791 0.8382663 -0.7039167 0.3604857 -0.6120062 0.6081908 0.3641792 0.7053208 -0.8478928 0.3386037 -0.4079527 0.7581226 0.3829044 0.5278584 -0.9338386 0.3125768 -0.1739001 0.8567471 0.4060645 0.3179562 -0.9559251 0.2840856 0.0741803 0.897357 0.4320448 0.08993178 -0.91262 0.2551673 0.3193972 0.8771901 0.4590732 -0.1406754 -0.8069027 0.2277001 0.5450329 0.7976224 0.4853134 -0.3581475 -0.6459537 0.2036523 0.7357103 0.6640798 0.508978 -0.5476675 -0.440762 0.1845711 0.8784432 0.4856655 0.5284579 -0.6963198 -0.2053002 0.1718016 0.963502 0.2745462 0.5423898 -0.7940011 0.04438591 0.1662657 0.9850816 0.04509317 0.5499026 -0.8340107 0.4891956 -0.03110402 0.8716193 0.2475578 -0.03930413 0.9680756 0.2912654 0.1682236 0.9417353 0.5185434 0.1776306 0.8363972 0.6975593 -0.01567494 0.7163556 0.7107159 0.193826 0.6762503 0.8584482 0.005932986 0.5128659 0.8546877 0.2157042 0.4722084 0.9608986 0.0322442 0.2750167 0.9406573 0.2417274 0.238184 0.9979279 0.06146734 0.01901972 0.9627493 0.2702144 -0.009911298 0.9670134 0.09161049 -0.237682 0.9194748 0.2991297 -0.2551226 0.8702618 0.1206195 -0.4775934 0.8137597 0.3265947 -0.480761 0.7142663 0.1465176 -0.6843656 0.6528365 0.3506417 -0.6714573 0.5096572 0.1675394 -0.8439077 0.4476395 0.3697242 -0.8142008 0.2703793 0.1822519 -0.9453461 0.2121522 0.3824905 -0.8992733 0.01273864 0.189655 -0.9817682 -0.03754407 0.3880739 -0.9208633 -0.2457072 0.1892414 -0.9506922 -0.2844427 0.3860505 -0.8775292 -0.487345 0.1810399 -0.8542361 -0.5117342 0.3766858 -0.7721632 -0.6957088 0.1656104 -0.6989724 -0.7039137 0.3604893 -0.6120074 -0.8565981 0.1440028 -0.4954825 -0.8478794 0.3386163 -0.4079703 -0.959048 0.1176919 -0.2576344 -0.933844 0.3125442 -0.1739296 -0.9960774 0.08847093 -0.001636743 -0.9559214 0.2841013 0.0741682 -0.9651632 0.05832803 0.2550648 -0.9126334 0.2551367 0.3193832 -0.8684114 0.0293188 0.4949768 -0.8069 0.2277182 0.5450292 -0.7124159 0.003419876 0.7017492 -0.6459756 0.2036314 0.7356968 -0.5078081 -0.01760113 0.8612904 -0.440771 0.1845974 0.8784332 -0.26853 -0.03231596 0.9627291 -0.2053117 0.1718276 0.9634948 -0.01088756 -0.03971809 0.9991517 0.04437154 0.1662441 0.9850859 0.4766481 -0.008922815 0.879049 0.2341963 -0.01671463 0.9720457 0.6866974 0.006118059 0.7269176 0.850031 0.02739495 0.5260199 0.955519 0.05345433 0.290045 0.9959723 0.08251667 0.03507494 0.9686341 0.1126008 -0.2215154 0.8753671 0.1416606 -0.462239 0.7225268 0.1677162 -0.670691 0.520532 0.1889894 -0.8326641 0.2831416 0.2040295 -0.9371249 0.02653998 0.2118129 -0.9769499 -0.231788 0.2118106 -0.9494265 -0.4742408 0.2040186 -0.8564298 -0.6842883 0.1889737 -0.7043001 -0.8476244 0.1676985 -0.5033988 -0.9531114 0.1416416 -0.2674254 -0.993565 0.1125764 -0.01245307 -0.9662259 0.0824902 0.2441369 -0.8729585 0.05343091 0.4848596 -0.7201186 0.02737617 0.6933107 -0.5181201 0.006105303 0.8552862 -0.2807354 -0.008930683 0.9597436 -0.02413171 -0.01671546 0.9995691 0.2630026 0.7700679 0.5812272 0.1884469 0.431932 0.8819991 0.3164032 0.8430625 0.4348962 0.3926786 0.8525488 0.3449118 0.4429285 0.8642769 0.2384111 0.4637368 0.8774409 0.1226612 0.4536917 0.8911415 0.005546033 0.4134721 0.9044479 -0.1049523 0.3458147 0.9164552 -0.2013009 0.2553409 0.926339 -0.2769426 0.1482048 0.9334354 -0.3267014 0.03171694 0.9372497 -0.3472133 -0.086187 0.9375287 -0.3370633 -0.1974689 0.9342539 -0.2969441 -0.2945562 0.9276409 -0.2296065 -0.3708117 0.9181545 -0.1396104 -0.421068 0.9064243 -0.03311824 -0.4418764 0.8932623 0.08263003 -0.4318279 0.879561 0.1997429 -0.3916078 0.866254 0.3102374 -0.3239548 0.854249 0.4065858 -0.233479 0.8443639 0.4822211 -0.1278997 0.8342016 0.5364228 -0.02345663 0.6124443 0.7901657 0.004850566 0.9951815 0.09793019 -0.2510275 0.9350425 0.2503618 -0.09097963 0.9957276 0.0157932 0.009203791 0.9940656 0.1083925 -0.00125873 0.9947262 0.1025591 -6.5007e-4 0.9952354 0.09749996 0.2629827 0.7700778 0.5812232 0.3163781 0.8430532 0.4349327 -0.003766417 0.9943122 0.1064375 0.3926554 0.8525438 0.3449507 -0.00553894 0.9938204 0.1108617 0.44292 0.8642688 0.2384563 -0.006052255 0.9932793 0.1155842 0.4637421 0.8774316 0.1227068 -0.005357146 0.9927228 0.1203034 0.4537059 0.891134 0.005588412 -0.00344783 0.99219 0.1246891 0.4134941 0.9044421 -0.1049155 -3.70132e-4 0.9917394 0.1282687 0.3458494 0.9164487 -0.2012712 0.003452658 0.9913496 0.1312025 0.2553575 0.9263523 -0.2768829 0.007943749 0.9910833 0.1330066 0.1482379 0.9334453 -0.3266581 0.01274454 0.9909669 0.1335002 0.0317614 0.9372612 -0.3471782 0.01745623 0.9910074 0.1326642 -0.08614504 0.9375243 -0.3370867 0.02177345 0.9911875 0.1306651 -0.1974365 0.9342489 -0.2969812 0.02554285 0.9914835 0.1277033 -0.2945296 0.9276401 -0.229644 0.02836936 0.9918948 0.1238544 -0.3708068 0.9181487 -0.1396617 0.03014624 0.9923877 0.1194074 -0.4210678 0.9064227 -0.03316557 0.03070271 0.9929323 0.114643 -0.4418871 0.8932613 0.08258527 0.0298348 0.9934837 0.1100006 -0.4318524 0.8795583 0.1997019 0.02790516 0.9940112 0.1056558 -0.3916396 0.866252 0.3102031 0.02492761 0.9944808 0.1019154 -0.3239955 0.8542447 0.4065625 0.02103996 0.9948445 0.09920608 -0.233526 0.8443585 0.4822077 0.01660811 0.9950984 0.09748572 -0.1278913 0.8342146 0.5364047 0.01369118 0.994866 0.1002715 -0.02343863 0.6124405 0.7901692 0.01153892 0.994117 0.1076954 0.1884483 0.4319314 0.8819991 0.01017802 0.9941598 0.1074373 6.91024e-4 0.9961864 0.08724737 0.05976343 0.9468881 0.315961 -0.08600133 0.9960648 0.02141982 -0.1309697 0.9852054 -0.1105322 -0.1058531 0.9931151 0.05017554 -0.1185318 0.9894989 0.08271825 -0.1222563 0.985531 0.1173973 -0.1168677 0.9814713 0.1518424 -0.1026868 0.9776017 0.1837127 -0.08068203 0.9741853 0.2108401 -0.05235189 0.9714546 0.2313765 -0.01962667 0.9695969 0.2439192 0.01526403 0.968737 0.2476201 0.04994225 0.968935 0.2422204 0.08204525 0.9701764 0.2280927 0.1093872 0.9723774 0.206196 0.1301033 0.9753876 0.1780231 0.142827 0.9789938 0.145505 0.1466022 0.9829679 0.1108235 0.1412156 0.9870291 0.07636499 0.1270321 0.9909009 0.04447871 0.1050526 0.9943162 0.01730126 0.07669997 0.997049 -0.003252267 0.04394686 0.9989089 -0.01580953 0.008942246 0.9982902 -0.05776488 0.008539497 0.9963769 0.08461892 0.01013374 0.9953032 0.0962761 -0.5331743 0.07460463 -0.8427095 -0.2568537 0.08235818 -0.9629348 -0.1299296 0.9292211 -0.3459284 -0.1310345 0.9852034 -0.1104729 -0.7334527 0.06345462 -0.6767722 -0.08601069 0.9960638 0.02142506 -0.8838859 0.04845106 -0.4651862 -0.1058246 0.9931195 0.05014973 -0.9744607 0.02951908 -0.2226096 -0.1185674 0.9894774 0.08292365 -0.9993944 0.006255626 0.03422933 -0.1222506 0.9855269 0.1174381 -0.9574654 -0.02215778 0.2876962 -0.1168026 0.9814482 0.1520416 -0.8519014 -0.0569688 0.5205944 -0.1026754 0.9775954 0.1837526 -0.7125399 -0.08980005 0.6958613 -0.08065599 0.974181 0.21087 -0.5464443 -0.1260884 0.8279496 -0.05256527 0.9714722 0.2312551 -0.3111283 -0.1743455 0.9342392 -0.0197429 0.969612 0.24385 -0.05325883 -0.2166416 0.9747975 0.01530534 0.9687442 0.2475895 0.2467579 -0.242003 0.9383737 0.05016809 0.9689351 0.2421733 0.5241196 -0.2066072 0.8262036 0.08208113 0.9701771 0.2280771 0.731158 -0.1559482 0.6641448 0.1095283 0.9723946 0.2060396 0.8599051 -0.1112268 0.4981886 0.1301407 0.9753872 0.177998 0.9552567 -0.06978505 0.2874282 0.1428246 0.9789999 0.1454659 0.999113 -0.02349805 0.03494489 0.1465919 0.9829737 0.1107859 0.9752145 0.01295888 -0.2208819 0.141173 0.9870449 0.0762397 0.8855032 0.04062587 -0.4628537 0.1270393 0.9909022 0.04443043 0.7359151 0.06078529 -0.6743398 0.1052154 0.9942957 0.01748991 0.5364102 0.07445985 -0.8406664 0.0764929 0.9970646 -0.003346443 0.300352 0.08241081 -0.9502617 0.04408872 0.9989035 -0.01574701 0.04376453 0.08519512 -0.9954027 0.008968293 0.9982901 -0.05776458 -0.4637511 0.07548308 -0.8827441 -0.2581969 0.08091825 -0.9626976 -0.6773616 0.06522041 -0.7327535 -0.8447098 0.05126488 -0.532764 -0.9543904 0.03367382 -0.2966564 -0.9990927 0.0122357 -0.04079324 -0.9760166 -0.01376646 0.2172605 -0.88682 -0.04575639 0.4598442 -0.7173227 -0.09327107 0.69047 -0.472944 -0.1584438 0.8667293 -0.227672 -0.218078 0.9490035 0.03511321 -0.263517 0.9640156 0.2696038 -0.2736904 0.9232591 0.4815535 -0.2491078 0.8402689 0.6933406 -0.1933904 0.6941751 0.8739493 -0.1169905 0.4717265 0.9753978 -0.05369925 0.2138118 0.9990175 -0.01072835 -0.04300057 0.9544694 0.02208608 -0.2974904 0.8451257 0.04649347 -0.532542 0.6782935 0.06400203 -0.7319984 0.465116 0.07558834 -0.8820168 0.2200605 0.08188992 -0.972043 -0.04008024 0.08335 -0.9957141 0.07612836 -0.9545774 0.2880738 0.1755183 -0.9517324 0.2517911 0.07917314 -0.9949597 0.06153869 0.03058177 -0.9964013 0.07905364 0.2620436 -0.9459179 0.1912394 0.121541 -0.9920679 0.0320822 0.3298686 -0.9375237 0.1106167 0.154769 -0.9879239 -0.007274925 0.3744179 -0.9271321 0.01540791 0.1766625 -0.9828004 -0.05379396 0.3927414 -0.9154372 -0.08791446 0.1856982 -0.9770512 -0.1043421 0.3836129 -0.9032362 -0.1923687 0.1812991 -0.9710597 -0.1554792 0.3476704 -0.8913473 -0.2909046 0.1636467 -0.9652605 -0.203696 0.2872858 -0.8806006 -0.3768416 0.1340627 -0.9600219 -0.2457337 0.2065781 -0.8716996 -0.4443709 0.09452491 -0.955712 -0.2787109 0.1109815 -0.8652329 -0.4889329 0.04772931 -0.952618 -0.3004013 0.006926298 -0.8616941 -0.507381 -0.003139674 -0.9509594 -0.3093001 -0.09851908 -0.8612605 -0.4985222 -0.05461364 -0.9508416 -0.3048242 -0.1981705 -0.8640413 -0.4627754 -0.1032046 -0.9522664 -0.2872935 -0.2852226 -0.8698056 -0.4025996 -0.1455413 -0.9551716 -0.2578083 -0.3536788 -0.8781842 -0.3220307 -0.1787978 -0.9593201 -0.2184866 -0.3987897 -0.8886183 -0.2265486 -0.2006924 -0.9644431 -0.171966 -0.4174655 -0.9003691 -0.1227122 -0.2097235 -0.9701926 -0.1214187 -0.4084168 -0.9126254 -0.0176267 -0.2053284 -0.9761667 -0.07027816 -0.3721768 -0.9245799 0.08146595 -0.1876748 -0.9819834 -0.02206438 -0.3113136 -0.9353773 0.1677889 -0.1581298 -0.9872156 0.02000713 -0.229955 -0.944314 0.2353546 -0.1185566 -0.9915342 0.0529564 -0.1337878 -0.950734 0.279653 -0.07176059 -0.9946253 0.07463943 -0.02936899 -0.9542404 0.297595 -0.0208913 -0.9962853 0.08354151 0.2694615 0.3764215 0.8863958 0.4770099 0.3854579 0.7898631 0.1781761 0.912312 0.3687005 0.1049461 0.9091874 0.402945 0.6523613 0.4006387 0.643361 0.2399166 0.9176278 0.3168585 0.7836498 0.4209499 0.4568306 0.2861081 0.9247426 0.2509847 0.8619324 0.4449712 0.2430499 0.3135607 0.9332075 0.1755092 0.8818979 0.4711526 0.01647597 0.3204941 0.9424136 0.095604 0.8422191 0.4976465 -0.2074006 0.3064038 0.9517558 0.01666462 0.7456076 0.5226272 -0.4134373 0.2722774 0.9605959 -0.05586278 0.5985918 0.5444751 -0.5875669 0.2204466 0.9683268 -0.1172463 0.4112043 0.5616512 -0.7179546 0.1543549 0.9744418 -0.1632109 0.1960973 0.5730198 -0.7957351 0.07853311 0.9785094 -0.1906618 -0.03203469 0.5777263 -0.8156018 -0.001984179 0.9802616 -0.1976948 -0.2577143 0.575573 -0.7760793 -0.08155483 0.9795747 -0.1837993 -0.4655265 0.5665792 -0.6799067 -0.1549223 0.976488 -0.1499014 -0.6412688 0.551422 -0.5335806 -0.217078 0.9711967 -0.09825658 -0.7729964 0.5311078 -0.3469886 -0.2636321 0.9640806 -0.03235507 -0.851594 0.5070578 -0.1329664 -0.2914639 0.9556029 0.04326492 -0.8717522 0.4808464 0.09399437 -0.2985837 0.9463641 0.123462 -0.8320623 0.4542968 0.318256 -0.2845491 0.9369791 0.2027365 -0.7351892 0.4292782 0.5246114 -0.2502307 0.9280962 0.2757213 -0.5878114 0.4073997 0.6989301 -0.1980773 0.9203303 0.3372797 -0.399947 0.3902239 0.8293176 -0.1316064 0.9142172 0.3832579 -0.1845372 0.3788813 0.9068599 -0.05540746 0.9101628 0.4105287 0.04379194 0.3742203 0.9263053 0.02531331 0.9084476 0.4172317 0.4463285 0.1695767 0.8786551 0.2104135 0.1625946 0.9639965 0.6520648 0.1836234 0.7355909 0.8136007 0.2037733 0.544546 0.919904 0.2286674 0.3185716 0.9637564 0.2565925 0.0730344 0.9421582 0.2856494 -0.1753355 0.8565853 0.3138698 -0.4095697 0.7128683 0.3393142 -0.6137465 0.5207868 0.3602567 -0.7739484 0.2934551 0.3752691 -0.8792368 0.04636693 0.3833294 -0.9224472 -0.2036637 0.3838874 -0.9006396 -0.4395858 0.3769027 -0.8152967 -0.6453301 0.3628533 -0.6722251 -0.8068469 0.342702 -0.4811999 -0.9131647 0.317808 -0.2552025 -0.9570113 0.2898893 -0.009675621 -0.9354128 0.2608241 0.2386918 -0.8498427 0.2326109 0.4729268 -0.706125 0.2071628 0.6771049 -0.5140552 0.1862217 0.8372985 -0.2867248 0.17121 0.9425901 -0.0396223 0.1631485 0.9858056 0.2740767 0.2703361 0.9229304 0.4941218 0.279109 0.8233723 0.6807793 0.2945485 0.6706569 0.8213687 0.3154823 0.4752098 0.906303 0.3405011 0.2503476 0.9297905 0.367913 0.01139003 0.8902263 0.3958588 -0.2253734 0.7903136 0.4224165 -0.4438119 0.6368588 0.4457839 -0.629037 0.4403175 0.4643746 -0.7684249 0.2140817 0.4768679 -0.8525058 -0.02641922 0.4825326 -0.8754794 -0.2648087 0.4808851 -0.8358384 -0.4848362 0.4720551 -0.736273 -0.6715018 0.4566655 -0.5835598 -0.8120984 0.4357318 -0.3881161 -0.8970499 0.4106693 -0.163255 -0.9205194 0.3832924 0.07570308 -0.8809697 0.3553188 0.3124759 -0.7810452 0.328794 0.5309079 -0.6275899 0.305426 0.7161327 -0.4310489 0.2868427 0.8555222 -0.2048168 0.2743064 0.9395776 0.03568977 0.2686671 0.9625717 0.04056984 0.9746468 0.2200407 0.02954614 0.9833353 0.1793842 0.01019001 0.9865913 0.1628922 0.04063761 0.9746497 0.2200147 -0.006192088 0.9853478 0.1704447 0.04069024 0.9746575 0.2199708 -0.02260851 0.9832063 0.181092 0.04073596 0.9746679 0.2199167 -0.03806787 0.9798455 0.1960966 0.04076129 0.9746807 0.2198547 -0.05083364 0.975046 0.2161049 0.04077446 0.9746954 0.2197872 -0.05834084 0.968807 0.2408516 0.04076021 0.9747118 0.2197167 -0.05824011 0.9614284 0.268819 0.0407381 0.974727 0.2196541 -0.04875427 0.9535207 0.2973577 0.04069542 0.9747409 0.2196002 -0.02946186 0.9458954 0.3231314 0.04064071 0.9747528 0.2195577 -0.001349806 0.9394294 0.3427401 0.04057592 0.9747612 0.2195318 0.03309834 0.9349905 0.3531249 0.04050284 0.974766 0.2195243 0.07011693 0.9333481 0.3520582 0.04043269 0.9747668 0.2195336 0.1049361 0.9349138 0.3390054 0.04036611 0.9747634 0.2195611 0.1331869 0.9394148 0.3158499 0.04030942 0.9747567 0.2196009 0.1921691 0.9340944 0.3008968 0.04025876 0.9747474 0.2196513 0.1559055 0.9576263 0.242168 0.04023611 0.9747321 0.2197241 0.1509363 0.9653224 0.2130041 0.04023003 0.9747174 0.21979 0.1368387 0.9724416 0.1887665 0.04024147 0.9747019 0.2198566 0.1177881 0.9781858 0.1711101 0.04026156 0.9746863 0.219922 0.09659141 0.9823535 0.1601619 0.04030972 0.9746723 0.2199752 0.07560783 0.9850362 0.1548782 0.04036682 0.9746612 0.2200137 0.05600845 0.9865139 0.1537973 0.0404278 0.974652 0.2200437 0.0379979 0.9871094 0.1554714 0.04049807 0.974647 0.220053 0.04050183 0.9747064 0.2197892 0.04050087 0.9747062 0.2197898 0.04049909 0.9747065 0.2197885 0.04049861 0.9747068 0.2197874 0.0405007 0.9747066 0.2197883 0.04050052 0.9747063 0.2197892 0.04050201 0.9747062 0.2197895 0.04050087 0.974707 0.2197868 0.04050236 0.9747065 0.219788 0.04050344 0.9747065 0.2197878 0.04050117 0.9747065 0.2197889 0.04050171 0.9747066 0.2197879 0.04050099 0.9747067 0.2197879 0.04050242 0.9747066 0.2197882 0.0405004 0.9747068 0.2197875 0.04050189 0.9747064 0.2197888 0.04049938 0.9747065 0.219789 0.04050093 0.9747069 0.2197867 0.04049921 0.9747065 0.2197889 0.04050111 0.9747067 0.2197876 0.04050517 0.9747056 0.2197916 0.04050266 0.9747062 0.2197897 0.04050302 0.9747068 0.2197868 0.0405026 0.974707 0.2197861 0.0405004 0.9747065 0.2197888 0.01017051 0.9865898 0.1629028 0.02949827 0.9833502 0.1793103 -0.006175041 0.9853544 0.1704077 -0.02255743 0.9832058 0.1811012 -0.03807586 0.979848 0.1960823 -0.05087405 0.9750446 0.2161016 -0.05839353 0.9688384 0.2407124 -0.05823141 0.9614418 0.2687727 -0.04874181 0.9535221 0.297355 -0.0294463 0.945885 0.3231633 -0.001379966 0.9394293 0.3427402 0.03313863 0.9349953 0.3531087 0.07014089 0.9333426 0.3520678 0.1049186 0.934904 0.3390378 0.133175 0.9394114 0.3158649 0.1922017 0.9340928 0.3008809 0.1559001 0.9576293 0.2421597 0.1509136 0.9653265 0.2130022 0.1368651 0.9724305 0.1888042 0.1178539 0.9781784 0.1711069 0.09661591 0.9823497 0.1601702 0.07561302 0.9850303 0.1549128 0.05600512 0.9865075 0.1538391 0.03796887 0.9871158 0.1554375 0.07913494 -0.9949635 0.06152486 0.5360742 -0.1315982 0.8338503 0.2995124 -0.1413865 0.9435583 0.03056085 -0.9963987 0.07909327 0.1215135 -0.9920707 0.032099 0.7360833 -0.1147115 0.6671003 0.1548094 -0.9879181 -0.00721848 0.8859092 -0.09190374 0.4546633 0.1766847 -0.9827982 -0.0537604 0.9753322 -0.06479227 0.2110195 0.1857174 -0.977051 -0.1043097 0.998266 -0.03514569 -0.04722303 0.1812605 -0.9710726 -0.1554439 0.9531463 -0.004968285 -0.302469 0.1636834 -0.9652571 -0.2036824 0.8430483 0.02359521 -0.53732 0.1340901 -0.9600215 -0.2457207 0.6754735 0.04870688 -0.7357739 0.09456187 -0.9557074 -0.278714 0.4618447 0.06851661 -0.8843106 0.04776746 -0.9526057 -0.3004341 0.2167146 0.08183377 -0.9727992 -0.003111004 -0.950958 -0.3093044 -0.04320043 0.08759701 -0.9952188 -0.05458909 -0.9508393 -0.3048356 -0.3002043 0.08553582 -0.9500321 -0.1031737 -0.9522647 -0.2873104 -0.5367603 0.07577216 -0.8403256 -0.1455494 -0.9551561 -0.2578609 -0.7367746 0.05890566 -0.6735677 -0.1788203 -0.9593045 -0.218537 -0.8865956 0.0361244 -0.4611325 -0.2007225 -0.9644297 -0.1720057 -0.9760211 0.00897926 -0.2174906 -0.2097626 -0.9701808 -0.1214451 -0.9989554 -0.02068138 0.0407499 -0.2053358 -0.9761629 -0.0703085 -0.9538367 -0.05082422 0.2959942 -0.1877293 -0.9819728 -0.02206915 -0.8437387 -0.07941156 0.5308474 -0.1581221 -0.9872179 0.01995497 -0.6761662 -0.1045273 0.7292965 -0.1185855 -0.9915313 0.05294603 -0.4625306 -0.1243369 0.8778416 -0.07179254 -0.9946228 0.07464271 -0.2174056 -0.1376637 0.9663248 -0.02092063 -0.9962829 0.08356332 0.04251384 -0.1434597 0.9887426 -0.2989808 0.1660279 -0.9397048 -0.1049503 0.8987168 -0.425786 -0.2373455 0.8947329 -0.3783122 -0.5352963 0.1562538 -0.8300859 -0.3533529 0.8864718 -0.2988471 -0.7350959 0.1393902 -0.663479 -0.4452153 0.8745039 -0.192422 -0.8847417 0.1166538 -0.4512474 -0.5067773 0.8595501 -0.06595766 -0.9740548 0.0895403 -0.2078454 -0.5336357 0.8426113 0.07238292 -0.9969439 0.05991423 0.05013257 -0.5236796 0.8247646 0.2133615 -0.9518501 0.02976715 0.3051155 -0.4771026 0.8072715 0.3473989 -0.8418409 0.00124067 0.5397245 -0.3967323 0.791289 0.4652581 -0.6744219 -0.02381652 0.737962 -0.2878054 0.7779803 0.5584934 -0.4609997 -0.04366111 0.8863256 -0.1576887 0.7682591 0.620413 -0.2161055 -0.056957 0.9747074 -0.01543527 0.7628903 0.6463438 0.04354959 -0.06273603 0.9970796 0.1289335 0.762267 0.634291 0.3002842 -0.06063908 0.9519204 0.2651464 0.7664452 0.5850293 0.5365956 -0.05085831 0.8423057 0.3835204 0.7750821 0.5021552 0.7363942 -0.03400522 0.6756978 0.4757421 0.7876066 0.3915933 0.8860391 -0.01124823 0.4634739 0.5355058 0.8030764 0.2613465 0.9753573 0.01583689 0.220062 0.5589243 0.8203949 0.1206484 0.9982446 0.04550266 -0.03791207 0.5447625 0.8383358 -0.02066427 0.953149 0.07559746 -0.2929031 0.4944027 0.8556727 -0.1529387 0.8431438 0.1041824 -0.5274987 0.4116664 0.8712347 -0.2673594 0.6757265 0.1292169 -0.7257388 0.3023794 0.88402 -0.3564765 0.4623003 0.1490527 -0.8741064 0.1740418 0.8932026 -0.4146068 0.2174131 0.1623371 -0.9624855 0.03521567 0.8982056 -0.4381628 -0.0422492 0.1681044 -0.9848635 0.4991596 -0.1079463 0.8597601 0.2579323 -0.1144168 0.9593642 0.1753973 -0.9517382 0.2518534 0.07618534 -0.954568 0.2880901 0.706361 -0.0941174 0.7015669 0.2620782 -0.9459191 0.1911864 0.8654265 -0.07389444 0.4955569 0.3298512 -0.9375312 0.1106051 0.9655115 -0.04860895 0.2557826 0.3744547 -0.9271174 0.01539748 0.9997981 -0.02004671 -0.001420199 0.3927701 -0.9154222 -0.08794349 0.965954 0.009902536 -0.2585242 0.3835941 -0.9032335 -0.1924184 0.8662865 0.03917759 -0.498009 0.3476402 -0.8913418 -0.2909572 0.7075872 0.06579446 -0.7035564 0.2873243 -0.8805881 -0.3768413 0.5006588 0.0879119 -0.8611691 0.2065611 -0.8716953 -0.444387 0.2596142 0.104067 -0.9600888 0.1109033 -0.8652426 -0.4889333 8.71336e-4 0.1130812 -0.9935854 0.006883442 -0.8616788 -0.5074073 -0.2579285 0.1144108 -0.959366 -0.09853881 -0.8612707 -0.4985005 -0.4991591 0.1079365 -0.8597615 -0.1980526 -0.8640278 -0.4628511 -0.7063674 0.09412419 -0.7015596 -0.2852249 -0.8698256 -0.4025545 -0.8654245 0.07390987 -0.4955582 -0.3536855 -0.8781921 -0.3220021 -0.9655113 0.04862105 -0.2557813 -0.3987982 -0.8886073 -0.2265767 -0.999798 0.02005112 0.001418411 -0.4174732 -0.9003685 -0.1226888 -0.9659543 -0.009901821 0.2585236 -0.4083844 -0.9126402 -0.01761138 -0.8662869 -0.03916174 0.4980096 -0.3721686 -0.9245825 0.08147323 -0.707584 -0.06580322 0.7035586 -0.3113275 -0.9353737 0.1677837 -0.5006604 -0.08791142 0.8611682 -0.2300252 -0.9442966 0.2353561 -0.2596136 -0.1040467 0.9600912 -0.1337122 -0.9507358 0.2796828 -8.72501e-4 -0.1130843 0.9935851 -0.02927017 -0.954246 0.2975866 -0.1298961 0.9292291 -0.3459193 0.004468202 0.9962641 0.08624404 -0.1557574 0.8954971 -0.4169229 0.01547455 0.9894654 -0.1439405 0.3582223 0.9323483 0.04902452 0.1084875 0.9648318 0.2394372 0.1070025 0.7813777 0.6148167 -0.4515884 -0.2887262 -0.8442187 -0.5365039 0.04790472 -0.8425371 -0.3002185 0.05768954 -0.9521244 -0.2279362 -0.2813056 -0.9321546 -0.644804 -0.302784 -0.701819 -0.7362726 0.03106045 -0.6759719 -0.7944222 -0.3225495 -0.5146409 -0.8859091 0.008308172 -0.4637846 -0.8902465 -0.3466802 -0.2954218 -0.9752221 -0.01880633 -0.2204276 -0.9257321 -0.3735316 -0.05911284 -0.998122 -0.04842597 0.03751444 -0.89846 -0.401263 0.1782071 -0.9530475 -0.07853913 0.2924591 -0.8102964 -0.4279533 0.4003445 -0.8430715 -0.1070934 0.527031 -0.6672011 -0.4518451 0.5921815 -0.6756906 -0.1321415 0.7252454 -0.4789474 -0.4712785 0.740612 -0.4623054 -0.1519757 0.8736001 -0.2583433 -0.4849534 0.8355112 -0.2174625 -0.1652436 0.9619795 -0.02046775 -0.4918733 0.8704262 0.04215198 -0.1710435 0.9843615 0.2185051 -0.4916583 0.8429279 0.2988486 -0.1689736 0.9392218 0.4422396 -0.484234 0.7549448 0.5351321 -0.159184 0.829635 0.6355004 -0.4701694 0.6124379 0.7348983 -0.1423394 0.6630718 0.7851103 -0.4503908 0.4251472 0.8845377 -0.1195826 0.4508804 0.8808735 -0.4262509 0.2058451 0.9738496 -0.09247428 0.2075227 0.9162683 -0.3994017 -0.03050702 0.9967489 -0.06284904 -0.05041575 0.8888794 -0.3717006 -0.2678286 0.9516744 -0.03273695 -0.3053594 0.8006128 -0.3449838 -0.4899035 0.8416979 -0.004189431 -0.5399326 0.6574751 -0.3210946 -0.6816338 0.6743146 0.02086102 -0.7381495 0.4692235 -0.3016735 -0.8299533 0.4609321 0.04069423 -0.886502 0.2487049 -0.2880076 -0.9247689 0.2160891 0.053963 -0.9748812 0.01091539 -0.281059 -0.9596285 -0.04352617 0.05976158 -0.9972633 0.01691788 -0.991855 -0.1262435 0.01301747 -0.9909796 -0.1333789 0.007401227 -0.9902179 -0.1393337 3.60549e-4 -0.9896276 -0.1436563 -0.007615089 -0.9892449 -0.1460704 -0.01596033 -0.9891088 -0.1463192 -0.02418202 -0.9892298 -0.1443598 -0.03159195 -0.989602 -0.1403208 -0.0376482 -0.9902074 -0.1344316 -0.04199522 -0.9909873 -0.1272035 -0.04423958 -0.9919034 -0.1190401 -0.04425603 -0.9928738 -0.1106488 -0.04202705 -0.9938359 -0.1025869 -0.03772616 -0.9947226 -0.09541386 -0.03174966 -0.9954684 -0.0896359 -0.02453112 -0.9960266 -0.08561074 -0.0165618 -0.9963647 -0.08356446 -0.008337795 -0.996459 -0.08366584 -4.47243e-4 -0.9963088 -0.08584004 0.006555378 -0.9959293 -0.08989965 0.0123108 -0.9953433 -0.09560388 0.01645398 -0.9945932 -0.1025369 0.01867818 -0.9937227 -0.1103007 0.0188198 -0.9927889 -0.1183901 0.01693636 -0.9918559 -0.1262343 0.1058949 -0.8965534 0.4300912 0.2393705 -0.8924961 0.3822991 0.01304793 -0.9909768 -0.1333976 0.356343 -0.8840891 0.3023347 0.007376313 -0.9902154 -0.1393522 0.449168 -0.8718535 0.195243 3.41445e-4 -0.9896228 -0.1436891 0.5115808 -0.8565556 0.06780624 -0.007606983 -0.9892463 -0.1460611 0.5391077 -0.8391767 -0.07173168 -0.01597404 -0.989111 -0.1463029 0.5294665 -0.8208465 -0.214188 -0.02417021 -0.9892312 -0.1443517 0.4828015 -0.8028135 -0.3498476 -0.03157377 -0.9896019 -0.1403254 0.4018298 -0.7863133 -0.4693017 -0.03766959 -0.9902076 -0.1344247 0.2917204 -0.7725176 -0.5640175 -0.04199713 -0.9909911 -0.1271736 0.159982 -0.762449 -0.6269589 -0.04422527 -0.991904 -0.1190404 0.0158115 -0.7568564 -0.6533901 -0.04423141 -0.9928765 -0.1106351 -0.1305517 -0.7561646 -0.6412264 -0.0420283 -0.9938343 -0.1026012 -0.2686823 -0.7604284 -0.5912346 -0.03776305 -0.9947234 -0.0953899 -0.3885736 -0.7693468 -0.5070661 -0.03179401 -0.9954673 -0.08963358 -0.4818277 -0.7822536 -0.394869 -0.02454495 -0.9960266 -0.08560824 -0.5420105 -0.7982036 -0.2628607 -0.01655298 -0.9963622 -0.0835973 -0.5653166 -0.8160389 -0.1204069 -0.008360087 -0.9964562 -0.08369684 -0.5505465 -0.8345031 0.02243286 -4.60923e-4 -0.9963102 -0.08582353 -0.499234 -0.8523263 0.1559016 0.006554961 -0.9959294 -0.08989918 -0.4153448 -0.8683162 0.2711377 0.01232379 -0.9953418 -0.09561908 -0.304844 -0.8814352 0.3607523 0.01641565 -0.994593 -0.1025445 -0.1753281 -0.890854 0.4190934 0.01865106 -0.993722 -0.1103124 -0.03537046 -0.8959947 0.4426539 0.01880759 -0.9927892 -0.1183897 0.2992578 -0.1524405 0.9419165 0.1705843 -0.6631947 0.7287482 0.3716442 -0.6572086 0.6557114 0.5357276 -0.1426743 0.8322501 0.546923 -0.6451626 0.5335171 0.7356483 -0.1258871 0.6655629 0.6844083 -0.6279558 0.3704819 0.8854266 -0.1032214 0.4531725 0.7748376 -0.606675 0.1776861 0.9748048 -0.07621294 0.2096356 0.8119871 -0.5828123 -0.03173065 0.9977282 -0.04671746 -0.04853951 0.7932946 -0.5580313 -0.243485 0.952616 -0.01673436 -0.3037151 0.7200849 -0.5339348 -0.4431607 0.8425714 0.011693 -0.5384578 0.5973194 -0.5122082 -0.6171323 0.6750523 0.03661519 -0.7368608 0.4333392 -0.4943733 -0.7535333 0.4615323 0.056351 -0.8853319 0.2393596 -0.481552 -0.8430983 0.2164782 0.06954389 -0.9738075 0.02857768 -0.4747093 -0.8796786 -0.04332125 0.07530188 -0.9962193 -0.1846348 -0.4742653 -0.8608034 -0.3002105 0.07322978 -0.9510579 -0.3857412 -0.4802532 -0.7877568 -0.5366838 0.06346988 -0.841393 -0.5610373 -0.4922633 -0.6655179 -0.736588 0.0466926 -0.674728 -0.6985499 -0.5095178 -0.5024139 -0.8863684 0.02402102 -0.4623571 -0.7889325 -0.5307996 -0.3095763 -0.9757604 -0.002967059 -0.2188221 -0.8260542 -0.5546227 -0.1001412 -0.9986971 -0.03247827 0.03936153 -0.8073318 -0.5794468 0.1116101 -0.9536057 -0.06245851 0.2945085 -0.7340749 -0.6035383 0.3112487 -0.8435687 -0.0908764 0.5292762 -0.6112635 -0.6252281 0.4852287 -0.6760476 -0.1158133 0.7276998 -0.4472863 -0.6431013 0.6215752 -0.4625253 -0.1355441 0.8761839 -0.2533147 -0.6558749 0.7110975 -0.2174772 -0.1487508 0.9646641 -0.04257684 -0.6627534 0.7476264 0.04235273 -0.1545163 0.9870821 0.1705847 -0.6631829 0.7287588 -0.2836166 -0.2589339 -0.9233174 -0.5037523 -0.2680573 -0.8212059 0.3716472 -0.6571952 0.6557232 -0.6898768 -0.2837073 -0.6660181 0.5469236 -0.6451518 0.5335296 -0.8292856 -0.3049103 -0.4683112 0.6844363 -0.6279407 0.3704559 -0.9124853 -0.3301735 -0.2415704 0.7748555 -0.6066616 0.1776537 -0.9338242 -0.3577302 -0.001241385 0.8119671 -0.5828381 -0.03176867 -0.8918146 -0.3857896 0.2362906 0.7932941 -0.5580155 -0.2435225 -0.7893506 -0.4123507 0.4548546 0.7200771 -0.5339221 -0.4431886 -0.6333835 -0.435688 0.6395322 0.5972827 -0.5122371 -0.6171439 -0.4345675 -0.4541252 0.7777669 0.4333216 -0.4943566 -0.7535542 -0.206431 -0.4664875 0.8601022 0.2393303 -0.4815805 -0.8430903 0.03546637 -0.4718894 0.8809442 0.02855116 -0.4746966 -0.8796863 0.2746408 -0.469965 0.8388715 -0.18466 -0.4742528 -0.8608048 0.4947922 -0.4608415 0.7367535 -0.3857656 -0.4802419 -0.7877517 0.6809177 -0.4451422 0.5815492 -0.5610404 -0.4922952 -0.6654917 0.8203338 -0.4239398 0.3838328 -0.6985722 -0.5095077 -0.5023931 0.9035216 -0.3987197 0.1570712 -0.7889496 -0.5307917 -0.309546 0.9248459 -0.371117 -0.08326059 -0.8260343 -0.5546576 -0.1001119 0.8828194 -0.343102 -0.3207973 -0.8073308 -0.5794408 0.1116485 0.7803419 -0.3164969 -0.539348 -0.734063 -0.6035327 0.3112872 0.6243664 -0.2932062 -0.7240144 -0.6112561 -0.625253 0.485206 0.42555 -0.274726 -0.8622256 -0.4472952 -0.64309 0.6215806 0.1974255 -0.2623641 -0.9445573 -0.2533229 -0.6559001 0.7110715 -0.04445886 -0.2570089 -0.965386 -0.04258048 -0.6627404 0.7476376 -0.2836365 -0.2589128 -0.9233171 -0.2463805 0.02752 -0.9687824 -0.4878945 0.01936143 -0.8726879 -0.5037725 -0.2680352 -0.8212006 -0.6962314 0.003975749 -0.7178064 -0.6898826 -0.2837328 -0.6660014 -0.8571947 -0.01758819 -0.5146921 -0.8292873 -0.3049327 -0.4682934 -0.9598149 -0.04385697 -0.2771857 -0.9124969 -0.3301505 -0.2415575 -0.9970975 -0.07304364 -0.0214762 -0.9338169 -0.3577495 -0.001204609 -0.9665028 -0.1031582 0.2350126 -0.8918155 -0.3857646 0.2363283 -0.8701155 -0.132149 0.4748009 -0.7893287 -0.4123674 0.4548773 -0.714504 -0.1580382 0.6815483 -0.6333563 -0.4357032 0.6395487 -0.5102729 -0.1790643 0.8411645 -0.4345418 -0.4541416 0.7777718 -0.2713404 -0.1937931 0.9427718 -0.2064051 -0.4665034 0.8600997 -0.01399022 -0.2012218 0.9794458 0.03549134 -0.4719043 0.8809352 0.2442409 -0.2008444 0.9486875 0.2746632 -0.4699779 0.8388569 0.4857544 -0.192682 0.852594 0.4948105 -0.460853 0.7367341 0.6940928 -0.1772958 0.6977116 0.6809304 -0.4451555 0.5815243 0.8550561 -0.1557327 0.4945974 0.8203395 -0.4239541 0.383805 0.9576755 -0.1294649 0.2570922 0.903537 -0.3986925 0.1570519 0.9949584 -0.1002793 0.001381933 0.9248366 -0.3711326 -0.08329468 0.9643637 -0.07016521 -0.2551068 0.8828192 -0.3430742 -0.320828 0.8679764 -0.04117405 -0.4948956 0.7803144 -0.3165119 -0.539379 0.7123649 -0.01528322 -0.7016429 0.6243637 -0.2931838 -0.7240257 0.5081345 0.005741953 -0.8612588 0.4255295 -0.2747481 -0.8622286 0.2692026 0.02047181 -0.962866 0.1974043 -0.262386 -0.9445556 0.01185101 0.02790117 -0.9995405 -0.04447776 -0.2569859 -0.9653911 -0.2309153 0.03833246 -0.9722185 -0.474166 0.03062015 -0.879903 -0.6851561 0.01563924 -0.7282285 -0.8495212 -0.005602359 -0.5275248 -0.9560533 -0.03165745 -0.2914788 -0.9974978 -0.06074434 -0.03616958 -0.9710277 -0.09089094 0.2210068 -0.8784481 -0.1200333 0.4625161 -0.7260705 -0.1461887 0.6719006 -0.5242732 -0.1675717 0.8348997 -0.2868124 -0.1827346 0.9403972 -0.0298683 -0.1906387 0.9812058 0.2290425 -0.1907425 0.9545454 0.4722828 -0.1830424 0.8622322 0.6832744 -0.1680631 0.7105568 0.8476374 -0.1468244 0.5098563 0.954172 -0.12077 0.2738075 0.9956168 -0.09168028 0.01849687 0.9691479 -0.06153649 -0.2386749 0.8765707 -0.03239357 -0.4801819 0.7241896 -0.00623703 -0.6895726 0.5223936 0.01515024 -0.8525699 0.2849333 0.03031587 -0.9580679 0.02799361 0.03822201 -0.9988771 -0.2014983 -0.1808128 -0.9626553 -0.2309827 -0.8032154 -0.5490829 -0.2679235 -0.8798032 -0.3926364 -0.3339084 -0.8877761 -0.3167946 -0.3778843 -0.8976982 -0.2265865 -0.3968893 -0.9088705 -0.1281936 -0.3896237 -0.9205394 -0.02829813 -0.3565714 -0.9319133 0.06629204 -0.2999837 -0.9422181 0.1491129 -0.223735 -0.9507421 0.214551 -0.1330027 -0.9569148 0.2581174 -0.03398042 -0.9603069 0.2768684 0.06659424 -0.9606978 0.2694907 0.1618535 -0.9580509 0.2365206 0.2453088 -0.9525511 0.1801943 0.3113097 -0.9445601 0.1043673 0.3553011 -0.9346446 0.01416611 0.3743095 -0.923469 -0.08424645 0.3670416 -0.9117962 -0.1841419 0.3339778 -0.9004244 -0.2787377 0.2773935 -0.8901177 -0.3615847 0.2011338 -0.881591 -0.4270158 0.1120617 -0.8724922 -0.4756045 0.01833122 -0.6105791 -0.7917432 -0.1252669 -0.9464483 -0.2975633 -0.2701855 -0.9627843 0.006795585 -0.004788994 -0.9951936 -0.09781026 0.06539922 -0.9975923 0.02307772 -0.2310052 -0.8032157 -0.5490731 7.28174e-4 -0.9936568 -0.1124525 0.002253651 -0.9951813 -0.09802615 -0.2678939 -0.8798003 -0.3926631 0.006011784 -0.9947289 -0.102365 -0.3338729 -0.8877797 -0.3168222 0.008770585 -0.9941657 -0.1075066 -0.3778735 -0.8976913 -0.2266322 0.01000279 -0.9935265 -0.1131601 -0.3968884 -0.9088648 -0.1282356 0.009766161 -0.9928522 -0.1189503 -0.3896289 -0.9205359 -0.02833646 0.008029162 -0.9921891 -0.1244838 -0.3565844 -0.9319111 0.06625211 0.004908561 -0.9915836 -0.1293755 -0.3000123 -0.9422126 0.1490907 6.17421e-4 -0.9910756 -0.1333004 -0.223764 -0.9507411 0.2145255 -0.00455296 -0.9906941 -0.1360317 -0.1330373 -0.9569129 0.258106 -0.0102424 -0.9904838 -0.1372482 -0.03401529 -0.9603094 0.2768556 -0.01607263 -0.9904406 -0.1370009 0.06655484 -0.9606969 0.2695033 -0.02164101 -0.9905729 -0.1352667 0.1618191 -0.9580513 0.2365422 -0.02661359 -0.9908685 -0.1321802 0.2452843 -0.9525519 0.1802237 -0.0305702 -0.9913157 -0.1279015 0.3112644 -0.9445732 0.1043839 -0.03327929 -0.9918791 -0.1227533 0.3552599 -0.9346598 0.01419234 -0.03450947 -0.9925202 -0.1171011 0.374275 -0.9234868 -0.08420491 -0.03431379 -0.993196 -0.1112853 0.3670117 -0.9118161 -0.1841028 -0.03256845 -0.9938597 -0.1057465 0.3339688 -0.9004424 -0.2786908 -0.02941781 -0.9944626 -0.1008904 0.2773972 -0.8901398 -0.3615273 -0.02512973 -0.9949701 -0.09696924 0.2011501 -0.8816117 -0.4269655 -0.0200445 -0.9953522 -0.09419316 0.1120767 -0.8724928 -0.4755998 -0.02636325 -0.9964994 -0.07933425 0.01838105 -0.6105629 -0.7917544 -0.2014755 -0.1808503 -0.9626531 -0.0116837 -0.9982156 0.05855995 0.01665544 -0.9998421 -0.006218612 -0.01363998 -0.9974774 0.06966221 -0.03532254 -0.9734557 -0.2261332 -0.0675553 -0.9675985 -0.2432888 -0.04542315 -0.9879677 -0.1478396 -0.05199342 -0.9890823 -0.1378875 -0.05576229 -0.9903736 -0.126692 -0.05680286 -0.9917272 -0.1151121 -0.05530893 -0.9930773 -0.1036261 -0.05158698 -0.9943802 -0.09244912 -0.04572588 -0.9956195 -0.08155375 -0.03747904 -0.9967801 -0.07088583 -0.02614998 -0.9977772 -0.06129217 -0.01161623 -0.9983856 -0.0555998 0.003884494 -0.9983626 -0.05707257 0.01669037 -0.997697 -0.0657429 0.02506095 -0.9966313 -0.07809066 0.02992045 -0.9954167 -0.090833 0.03219985 -0.9941451 -0.1031448 0.03246456 -0.9928382 -0.1149719 0.03069716 -0.9915024 -0.1264159 0.02664607 -0.9901697 -0.13731 0.02004843 -0.9889181 -0.147103 0.01100724 -0.9878442 -0.1550568 -2.83755e-5 -0.987061 -0.160345 -0.02314835 -0.9791874 -0.2016343 -0.05834466 -0.9635446 -0.2611091 -0.0101431 -0.9953023 -0.09628397 -0.2633712 -0.07566803 -0.9617224 0.2584325 -0.06456905 0.9638691 0.5366789 -0.05033844 0.8422837 -0.06755363 -0.9675971 -0.2432948 0.7362945 -0.03805524 0.6755903 -0.04538774 -0.987975 -0.1478023 0.8858242 -0.02121007 0.463536 -0.05199831 -0.9890816 -0.1378903 0.9753795 6.4078e-4 0.2205325 -0.05573397 -0.9903783 -0.126668 0.9989313 0.02834486 -0.0365104 -0.0567308 -0.9917326 -0.1151007 0.9550384 0.06380367 -0.2895352 -0.0552805 -0.9930787 -0.1036286 0.8464655 0.1099229 -0.5209735 -0.05157262 -0.9943795 -0.0924642 0.7034085 0.1870683 -0.6857273 -0.04575437 -0.9956215 -0.081514 0.5457704 0.2056267 -0.812313 -0.03743934 -0.9967788 -0.07092577 0.3108816 0.2887391 -0.9055288 -0.02613168 -0.9977758 -0.06132483 0.05715471 0.3762868 -0.9247388 -0.01160681 -0.9983879 -0.05556058 -0.2470663 0.3856342 -0.888957 0.003881752 -0.998368 -0.05697566 -0.5281963 0.3660586 -0.7661656 0.01670461 -0.9976975 -0.06573146 -0.733083 0.2697082 -0.6243771 0.02507948 -0.996634 -0.07805043 -0.850315 0.2472999 -0.4645506 0.0299589 -0.9954176 -0.09081 -0.9507539 0.1404606 -0.2762932 0.03215843 -0.9941462 -0.1031466 -0.9967537 0.07555627 -0.02781099 0.03252416 -0.9928379 -0.1149575 -0.9737398 0.02781915 0.2259579 0.03070771 -0.9915016 -0.1264187 -0.8843449 -0.006772756 0.4667851 0.02667331 -0.9901687 -0.1373124 -0.7349518 -0.03124833 0.6773991 0.02005904 -0.988911 -0.1471488 -0.5356176 -0.04766678 0.8431143 0.01104331 -0.9878378 -0.1550952 -0.2997061 -0.05740815 0.9523028 -3.66569e-5 -0.9870643 -0.1603254 -0.04341334 -0.06113266 0.9971851 -0.0231148 -0.9791804 -0.2016716 0.2578827 -0.1187025 0.9588568 0.467932 -0.09564912 0.8785732 0.6813358 -0.08547985 0.7269628 0.8478969 -0.07195544 0.5252555 0.9561633 -0.05516248 0.2875917 0.9989206 -0.0351203 0.03040087 0.9734774 -0.01127886 -0.2285053 0.8816488 0.01736199 -0.4715867 0.7123187 0.06422573 -0.6989114 0.4694315 0.1084271 -0.8762863 0.2244656 0.1565446 -0.9618259 -0.03823518 0.1925026 -0.9805514 -0.2798765 0.1815263 -0.942718 -0.4948406 0.1760374 -0.8509663 -0.7022954 0.1290379 -0.7000932 -0.8737963 0.09006345 -0.4778793 -0.9733603 0.02080148 -0.2283355 -0.9993958 -0.01757943 0.02998507 -0.9569965 -0.04713571 0.2862449 -0.849358 -0.06945002 0.5232282 -0.6835998 -0.08561557 0.7248182 -0.4708935 -0.09645467 0.8769013 -0.2256907 -0.1023195 0.9688108 0.03505784 -0.1036774 0.993993 0.02504485 0.9898795 0.1396831 -0.2665096 0.8646895 -0.4257754 -0.1220908 0.8686472 -0.480152 0.01811152 0.9897412 0.1417201 0.03129249 0.9902347 0.1358532 -0.3918304 0.8563812 -0.3362742 0.03633052 0.9907942 0.1304116 -0.489537 0.8443461 -0.2177915 0.03979933 0.99151 0.1237902 -0.5532193 0.829329 -0.0784986 0.04131042 0.9923409 0.1164171 -0.5785602 0.812434 0.07224404 0.0407595 0.9932199 0.1088721 -0.5640068 0.7947387 0.2242471 0.0381875 0.9940757 0.1017609 -0.5105504 0.7774381 0.367326 0.03373318 0.9948452 0.09563052 -0.4217159 0.7617466 0.4918311 0.02780061 0.9954628 0.09100079 -0.3035047 0.7486535 0.589409 0.02089995 0.9958893 0.08813607 -0.1637331 0.7390996 0.6533936 0.01356756 0.9960979 0.08720654 -0.01189756 0.7336899 0.6793804 0.006331205 0.9960814 0.08821403 0.1418001 0.7328404 0.6654605 -2.80254e-4 0.9958465 0.09104776 0.2868922 0.7366378 0.6124196 -0.005844473 0.9954224 0.09539455 0.4134137 0.7448366 0.523744 -0.01005649 0.9948422 0.1009349 0.5126661 0.7568605 0.4053833 -0.0127533 0.994152 0.1072343 0.5776671 0.7719094 0.2654368 -0.01373195 0.9933924 0.1139438 0.6039176 0.7889279 0.113475 -0.01306492 0.9926093 0.1206493 0.5894789 0.8067914 -0.04002904 -0.01080828 0.9918461 0.1269831 0.5353626 0.8242316 -0.1844707 -0.007038474 0.9911451 0.1325968 0.445313 0.8400692 -0.3098066 -0.001951217 0.9905518 0.137125 0.3255727 0.8531947 -0.4075063 0.00416547 0.9900975 0.1403204 0.1844627 0.8627205 -0.4708365 0.01099157 0.9898207 0.1418954 0.03174734 0.867973 -0.4955956 -0.2757883 -0.8129946 -0.5128166 -0.4787247 -0.378768 -0.7920591 -0.2703395 -0.3696472 -0.8889756 -0.1590892 -0.8083116 -0.5668537 -0.3745337 -0.8211542 -0.4306161 -0.6547725 -0.3940865 -0.6449564 -0.4485329 -0.8322783 -0.3257777 -0.786539 -0.414559 -0.4577088 -0.4926927 -0.8456001 -0.2054619 -0.865116 -0.4387104 -0.2431207 -0.50392 -0.860229 -0.0779156 -0.8851649 -0.4650134 -0.01567941 -0.4814658 -0.8751419 0.04813975 -0.8453497 -0.4916088 0.2090573 -0.4268723 -0.8893177 0.1639947 -0.7484096 -0.5166893 0.415831 -0.3439059 -0.9017702 0.2618002 -0.6008536 -0.5385739 0.5906887 -0.2382497 -0.9116757 0.3347903 -0.4127535 -0.555766 0.7216362 -0.1171911 -0.9183439 0.3780353 -0.196848 -0.5671029 0.7997782 0.01100111 -0.9213137 0.3886647 0.03219664 -0.5717778 0.8197766 0.1375553 -0.920414 0.3659462 0.2587872 -0.5694965 0.7801942 0.2538947 -0.9156958 0.3115105 0.4674131 -0.5604219 0.6837048 0.3520656 -0.9075073 0.2290861 0.6439356 -0.5451371 0.536817 0.4254744 -0.8963857 0.1243559 0.7762581 -0.5246685 0.3494948 0.4691581 -0.8831031 0.004426896 0.8552395 -0.5004497 0.1345949 0.4802349 -0.8685337 -0.1225711 0.8755012 -0.4741356 -0.09323787 0.4579266 -0.8536847 -0.248044 0.8356589 -0.4474799 -0.3184904 0.4037352 -0.8395698 -0.363484 0.7383848 -0.4223362 -0.5257567 0.3212967 -0.8271461 -0.4610833 0.5904045 -0.4004253 -0.7007726 0.216234 -0.8172262 -0.5342135 0.4017801 -0.383233 -0.8316882 0.09560352 -0.8105322 -0.5778388 0.1854571 -0.3719226 -0.909549 -0.03240764 -0.8075003 -0.5889763 -0.04378402 -0.3672992 -0.9290718 -0.4476507 -0.1571574 -0.88029 -0.2108945 -0.1501523 -0.9659078 -0.6541262 -0.171254 -0.7367435 -0.8162426 -0.1914784 -0.5450544 -0.9229536 -0.2164533 -0.3182839 -0.9669867 -0.2444775 -0.07188695 -0.9453409 -0.2736404 0.1773463 -0.8594915 -0.3019537 0.4124299 -0.7152894 -0.32749 0.6173422 -0.5225588 -0.3485181 0.778118 -0.2944397 -0.3635824 0.883806 -0.04647338 -0.3716723 0.9272001 0.2044405 -0.3722326 0.9053437 0.4412039 -0.3652259 0.8197251 0.6476768 -0.3511374 0.6761785 0.8097961 -0.3309068 0.4844906 0.916507 -0.3059349 0.2577189 0.9605394 -0.2779137 0.01132112 0.9388933 -0.2487526 -0.2379109 0.8530454 -0.2204315 -0.4729943 0.7088435 -0.1948942 -0.6779065 0.5161141 -0.1738762 -0.8386855 0.2879932 -0.1588056 -0.9443733 0.04002678 -0.1507189 -0.987766 -0.2325891 -0.5720715 -0.7865346 -0.4100921 -0.5794063 -0.7043527 -0.5601843 -0.5920825 -0.5793374 -0.6726807 -0.6091253 -0.4200801 -0.7398733 -0.6294804 -0.2373647 -0.7571961 -0.6517266 -0.04366511 -0.7234749 -0.6743396 0.1478182 -0.6409988 -0.6957889 0.3240348 -0.5153949 -0.7146062 0.4729757 -0.3552161 -0.7295176 0.5844875 -0.1713865 -0.739493 0.6509814 0.02356958 -0.7438628 0.6679167 0.2163677 -0.7423249 0.6341442 0.3938697 -0.7349869 0.551961 0.5439689 -0.7223551 0.4269672 0.6564609 -0.7052654 0.2676935 0.7236519 -0.6849141 0.08497542 0.7409753 -0.6626726 -0.1087235 0.7072495 -0.6400582 -0.3002061 0.6247804 -0.6186028 -0.4764244 0.4991735 -0.5997875 -0.6253647 0.3389972 -0.5848835 -0.7368801 0.1551498 -0.574941 -0.8033501 -0.03978973 -0.5705399 -0.8203056 0.05440998 -0.9977427 -0.0393595 -0.00272119 -0.9973759 -0.07234537 -0.03582614 -0.9780278 -0.2053728 -0.0315262 -0.9780136 -0.2061444 0.09930002 -0.9926711 -0.06887429 -0.02507525 -0.9781987 -0.2061517 0.135618 -0.9848319 -0.1082313 -0.004354536 -0.9794518 -0.2016316 0.1611483 -0.9746409 -0.1552624 -0.02597153 -0.9758843 -0.2167378 0.174052 -0.9626513 -0.2073851 -0.02164644 -0.9751119 -0.2206542 0.1731752 -0.9495075 -0.2616218 -0.03024142 -0.974359 -0.2229573 0.1582156 -0.9358491 -0.314888 -0.02538675 -0.9730616 -0.2291436 0.1295388 -0.9222872 -0.3641512 -0.03005206 -0.9725137 -0.2308987 0.08802789 -0.9094015 -0.4064973 -0.0298503 -0.9703598 -0.2398145 0.03498601 -0.8979498 -0.4387053 -0.03706711 -0.9712504 -0.2351567 -0.02716928 -0.8892808 -0.4565542 -0.04114633 -0.9714491 -0.233653 -0.09346771 -0.8855908 -0.4549646 -0.04465931 -0.9715165 -0.2327259 -0.1557564 -0.8886064 -0.4314146 -0.04840618 -0.971534 -0.2319021 -0.2062674 -0.8975927 -0.389591 -0.05671226 -0.9704977 -0.2343459 -0.2971344 -0.8863993 -0.3549755 -0.06087476 -0.9713537 -0.2297096 -0.2588475 -0.929584 -0.2624341 -0.06156849 -0.9726432 -0.2239966 -0.2610637 -0.9430904 -0.2059763 -0.05180335 -0.9743305 -0.2190815 -0.2476149 -0.9567652 -0.1526022 -0.05736672 -0.9750904 -0.2142612 -0.2216706 -0.9694258 -0.1052422 -0.05069744 -0.9756765 -0.2132728 -0.1849941 -0.9805 -0.06631022 -0.05691111 -0.9777331 -0.2019883 -0.1399762 -0.989436 -0.03772473 -0.0527693 -0.9790636 -0.1965954 -0.08927243 -0.9957883 -0.02088433 -0.04450201 -0.9783393 -0.2021678 -0.035847 -0.9992207 -0.01652234 -0.03981274 -0.9781283 -0.2041574 -0.04050171 -0.9747063 -0.2197893 -0.04050087 -0.9747062 -0.2197899 -0.04049867 -0.9747065 -0.2197886 -0.04049831 -0.9747068 -0.2197873 -0.0405004 -0.9747067 -0.219788 -0.04050081 -0.9747062 -0.2197896 -0.04050177 -0.9747062 -0.2197894 -0.04050105 -0.9747069 -0.2197867 -0.04050236 -0.9747065 -0.2197879 -0.04050338 -0.9747067 -0.2197874 -0.04050129 -0.9747063 -0.2197892 -0.04050195 -0.9747066 -0.2197878 -0.04050093 -0.9747065 -0.2197882 -0.04050213 -0.9747066 -0.2197882 -0.04050028 -0.9747068 -0.2197877 -0.04050195 -0.9747063 -0.219789 -0.04049974 -0.9747064 -0.2197891 -0.04050093 -0.9747068 -0.2197868 -0.04049938 -0.9747065 -0.2197889 -0.04050135 -0.9747067 -0.2197877 -0.04050517 -0.9747057 -0.2197914 -0.04050242 -0.9747061 -0.2197897 -0.04050296 -0.9747068 -0.2197867 -0.04050266 -0.974707 -0.2197861 -0.04050064 -0.9747067 -0.2197882 0.05443412 -0.9977402 -0.03939133 -0.002708196 -0.9973748 -0.0723623 0.09926211 -0.992675 -0.06887191 0.1356078 -0.9848328 -0.1082361 0.1611413 -0.9746469 -0.1552326 0.1740358 -0.9626584 -0.2073655 0.1731746 -0.9494984 -0.2616551 0.1582018 -0.9358449 -0.3149073 0.1295606 -0.9222948 -0.3641241 0.08802199 -0.9093992 -0.4065039 0.03497242 -0.8979368 -0.4387328 -0.02720153 -0.8892712 -0.4565709 -0.09351563 -0.8855825 -0.4549708 -0.1557846 -0.88861 -0.4313971 -0.206263 -0.8975809 -0.3896205 -0.2971067 -0.8864091 -0.354974 -0.2588695 -0.9295855 -0.262407 -0.2610636 -0.9430895 -0.2059811 -0.2476344 -0.9567561 -0.1526268 -0.2216653 -0.9694288 -0.1052243 -0.1850153 -0.9804929 -0.06635695 -0.139931 -0.9894428 -0.03771448 -0.08930253 -0.995786 -0.02087044 -0.03586632 -0.9992198 -0.01653641 -0.3002442 0.0576331 -0.9521197 -0.5365229 0.04785186 -0.842528 0.02501159 0.9898802 0.1396846 0.0181331 0.9897432 0.1417028 -0.7362827 0.03109979 -0.6759591 0.03124618 0.9902412 0.1358163 -0.8859223 0.008250415 -0.4637604 0.03628873 0.9907982 0.130392 -0.9752274 -0.01886641 -0.2203991 0.0398643 0.9915064 0.1237984 -0.9981226 -0.04839456 0.03754186 0.04128593 0.9923446 0.1163951 -0.9530419 -0.07850933 0.2924849 0.04077768 0.9932217 0.1088483 -0.8430555 -0.1071348 0.527048 0.03812807 0.9940778 0.1017627 -0.6756733 -0.13209 0.725271 0.03373879 0.9948474 0.0956059 -0.462282 -0.1520364 0.8736019 0.02780139 0.9954655 0.09097003 -0.2174475 -0.1651843 0.9619931 0.02090388 0.9958925 0.0880981 0.04217129 -0.1710421 0.9843608 0.01358205 0.9961022 0.08715462 0.2988691 -0.1689367 0.9392219 0.006387948 0.9960755 0.0882771 0.5351557 -0.1591258 0.8296309 -2.6758e-4 0.9958426 0.09109073 0.7349144 -0.1422913 0.6630641 -0.005796134 0.9954176 0.09544837 0.8845473 -0.1196385 0.4508467 -0.01010912 0.9948461 0.1008921 0.9738565 -0.09244281 0.2075043 -0.01272392 0.994154 0.1072193 0.9967437 -0.06290525 -0.05044716 -0.0137183 0.9933958 0.1139158 0.9516738 -0.03265488 -0.30537 -0.01315283 0.9926099 0.1206354 0.8416874 -0.004151225 -0.5399492 -0.01081418 0.9918512 0.1269429 0.6743034 0.02092266 -0.7381581 -0.00707519 0.9911454 0.1325921 0.4609042 0.04063087 -0.8865193 -0.00195384 0.990556 0.1370955 0.2160702 0.05403065 -0.9748817 0.004145026 0.9900876 0.14039 -0.04354596 0.05982953 -0.9972583 0.01100039 0.9898222 0.1418845 0.2393652 -0.892459 0.3823888 0.1059194 -0.896534 0.4301255 0.29926 -0.1523767 0.9419261 0.5357066 -0.1426271 0.8322716 0.3563291 -0.8841177 0.3022674 0.7356868 -0.1259281 0.6655127 0.4492082 -0.8718399 0.1952106 0.8854456 -0.103236 0.4531317 0.5115751 -0.8565583 0.06781589 0.974818 -0.07618296 0.2095854 0.539117 -0.8391695 -0.07174801 0.9977284 -0.04669088 -0.04856121 0.5295106 -0.8208171 -0.2141913 0.9526243 -0.01668393 -0.3036917 0.4827744 -0.8028313 -0.3498441 0.8425757 0.01166164 -0.5384519 0.4018006 -0.7862781 -0.4693858 0.675072 0.03667026 -0.73684 0.2917338 -0.7725016 -0.5640326 0.4615364 0.05639767 -0.8853268 0.1599823 -0.7624593 -0.6269463 0.2164865 0.06956201 -0.9738042 0.01581799 -0.7568728 -0.6533709 -0.04329085 0.07528179 -0.9962223 -0.130594 -0.7561826 -0.6411967 -0.3001831 0.07319647 -0.9510691 -0.2686651 -0.760433 -0.5912368 -0.5366754 0.06346911 -0.8413984 -0.3885574 -0.7692754 -0.5071871 -0.736556 0.04677176 -0.6747575 -0.4818255 -0.7822625 -0.394854 -0.8863485 0.02400839 -0.4623961 -0.5420405 -0.7981898 -0.2628408 -0.9757561 -0.002972602 -0.2188404 -0.5653147 -0.8160427 -0.1203895 -0.9986989 -0.03246408 0.03932857 -0.5505661 -0.8344914 0.02238893 -0.9536102 -0.06242793 0.2945005 -0.4992071 -0.8523327 0.1559536 -0.8435416 -0.09088718 0.5293174 -0.4153565 -0.8683018 0.2711658 -0.6760402 -0.1157864 0.7277109 -0.3048227 -0.8814199 0.3608077 -0.4624987 -0.1355326 0.8761997 -0.1752931 -0.8908634 0.4190879 -0.2175039 -0.1487731 0.9646547 -0.03533464 -0.8960038 0.4426384 0.04235237 -0.1545166 0.987082 -0.2579374 0.1140143 -0.9594108 -0.4990867 0.1067309 -0.859954 -0.2665107 0.8646886 -0.4257766 -0.1220584 0.8686518 -0.4801519 -0.7063813 0.09302389 -0.7016922 -0.3918507 0.8563842 -0.3362428 -0.8654507 0.07249647 -0.4957212 -0.4895551 0.8443277 -0.2178224 -0.9655085 0.04629045 -0.2562239 -0.5531882 0.8293499 -0.07849633 -0.9998437 0.01765507 9.92441e-4 -0.5785759 0.812424 0.07223111 -0.96604 -0.01233601 0.258098 -0.5640081 0.7947432 0.2242279 -0.8664177 -0.04164612 0.4975804 -0.5105422 0.7774571 0.3672973 -0.7077296 -0.06803721 0.7031996 -0.421688 0.7617439 0.4918593 -0.5007814 -0.08975726 0.8609076 -0.3035207 0.7486442 0.5894126 -0.25974 -0.1056049 0.9598869 -0.163775 0.7390719 0.6534146 -8.79466e-4 -0.1138308 0.9934998 -0.01188862 0.733685 0.6793858 0.2578613 -0.1151416 0.9592967 0.1417991 0.7328619 0.6654371 0.4991564 -0.1079722 0.8597587 0.2868977 0.7366582 0.6123926 0.7064371 -0.0934869 0.7015746 0.4134159 0.744821 0.5237643 0.8654352 -0.07329106 0.4956313 0.5126873 0.7568336 0.4054067 0.9655534 -0.04746967 0.2558386 0.5776787 0.7718935 0.2654578 0.999826 -0.01860165 -0.00137037 0.6038883 0.7889477 0.1134921 0.9659458 0.01153916 -0.2584869 0.5894665 0.806801 -0.04001879 0.8662395 0.04074817 -0.4979646 0.5353373 0.8242526 -0.1844499 0.7075458 0.06695079 -0.7034889 0.4452847 0.840071 -0.3098424 0.5006723 0.0885123 -0.8610999 0.3255386 0.853209 -0.4075034 0.2596212 0.1043539 -0.9600558 0.1844595 0.8627131 -0.4708514 8.73354e-4 0.1130496 -0.9935891 0.03178322 0.8679772 -0.495586 -0.2634167 -0.07568383 -0.9617087 -0.031053 -0.9814094 -0.1893975 -0.1180203 -0.7730807 -0.6232317 0.3611389 -0.9304288 -0.06229817 0.03340607 -0.9683916 -0.2471876 0.1526018 -0.880627 0.4485629 0.058797 -0.9791695 0.1943452 -0.8955621 -0.03800666 0.4433104 -0.6031413 0.09140068 -0.7923803 -0.09098589 0.9957259 0.01586222 -0.2510139 0.9350616 0.2503038 -0.2701931 -0.9627824 0.00676769 -0.1252815 -0.9464333 -0.2976048 0.1191776 -0.08699411 0.9890545 0.05975556 0.9468947 0.3159426 -0.0136854 -0.9974805 0.06961011 0.1277487 -0.9001635 0.4163966 0.2569124 -0.8955951 0.3631879 0.4940941 0.2791438 0.8233771 0.2740635 0.2703234 0.9229379 -0.2325699 -0.5720734 -0.7865389 -0.4100623 -0.5794351 -0.7043464 0.3678649 -0.8871616 0.2786033 0.6807683 0.2945435 0.6706704 -0.5601723 -0.5920635 -0.5793686 0.4532905 -0.8753888 0.1679955 0.8213667 0.3154629 0.4752263 -0.6726735 -0.60912 -0.4200991 0.5066467 -0.8612198 0.04012078 0.9063006 0.3404963 0.2503628 -0.7398471 -0.6295049 -0.2373814 0.5250043 -0.8454353 -0.09802961 0.9297953 0.3679005 0.01140612 -0.7571945 -0.651727 -0.04368591 0.5069008 -0.8293017 -0.2351818 0.8902372 0.3958411 -0.2253609 -0.7234768 -0.6743422 0.1477974 0.4535338 -0.8137727 -0.3634297 0.7903389 0.4223679 -0.4438128 -0.6410136 -0.6957822 0.3240197 0.3685415 -0.7999713 -0.473522 0.6368725 0.4457761 -0.6290287 -0.515406 -0.71461 0.472958 0.2574478 -0.788781 -0.5581623 0.4403312 0.4643766 -0.7684158 -0.3552307 -0.7295241 0.5844704 0.1283428 -0.7810369 -0.6111544 0.2141029 0.4768992 -0.852483 -0.1714013 -0.739517 0.6509503 -0.009872257 -0.7772627 -0.6290988 -0.02640283 0.4825155 -0.8754894 0.02354913 -0.7438471 0.667935 -0.1484537 -0.7776452 -0.6109251 -0.264795 0.4808619 -0.8358562 0.216342 -0.7423511 0.6341222 -0.2776215 -0.7822205 -0.5577253 -0.4848183 0.472065 -0.7362784 0.3938521 -0.7349867 0.5519739 -0.3885878 -0.7906509 -0.4731497 -0.6715011 0.4566331 -0.583586 0.5439589 -0.7223531 0.4269834 -0.4737535 -0.8023902 -0.3629431 -0.8120941 0.4357241 -0.3881335 0.6564564 -0.7052618 0.2677139 -0.527453 -0.8166335 -0.2343142 -0.8970324 0.410701 -0.1632714 0.7236157 -0.6849513 0.08498346 -0.5457229 -0.8323346 -0.09698271 -0.9205188 0.3832973 0.07568663 0.7409527 -0.6627006 -0.1087061 -0.5275073 -0.8485612 0.04098969 -0.8809645 0.3553518 0.3124529 0.707263 -0.640052 -0.3001876 -0.474233 -0.8640466 0.1688985 -0.7810594 0.3287813 0.5308946 0.6247647 -0.6186404 -0.4763961 -0.3892527 -0.8778604 0.2790044 -0.6276013 0.3054289 0.7161214 0.4991754 -0.5998123 -0.6253392 -0.2784538 -0.8890188 0.3634682 -0.4310693 0.2868199 0.8555195 0.3389968 -0.58493 -0.7368434 -0.1493782 -0.8967682 0.4165248 -0.2048394 0.2742514 0.9395887 0.1551848 -0.5749186 -0.8033594 -0.01083409 -0.9005642 0.434588 0.03567147 0.2686381 0.9625805 -0.0397697 -0.570558 -0.8202939 -0.6031674 0.09142726 -0.7923573 -0.2528197 0.1063956 -0.9616456 -0.1557677 0.8955018 -0.4169089 -0.09090942 0.9957339 0.01579242 -0.1253361 -0.9464403 -0.2975593 -0.1179919 -0.7730709 -0.6232489 0.123241 0.1051303 -0.9867925 0.9997919 -0.006959438 -0.01917415 0.3582291 0.9323465 0.04900932 0.01544493 0.9894603 -0.1439788 0.03342288 -0.9683988 -0.2471573 0.361135 -0.9304296 -0.06230831 0.357748 -0.08263915 0.9301545 0.236035 -0.08439904 0.9680725 0.10698 0.7813805 0.6148169 0.1085536 0.9648184 0.2394611 0.05874884 -0.9791724 0.194345 0.1525673 -0.8806365 0.4485562 0.1232328 0.1051047 -0.9867963 0.01552677 0.9894595 -0.1439754 0.03337037 -0.9684025 -0.2471501 0.3577437 -0.08260607 0.930159 0.1085024 0.9648395 0.2393994 0.05879634 -0.9791653 0.1943665 0.1191716 -0.0870217 0.9890528 0.0597738 0.9468834 0.3159728 -0.01359409 -0.9974815 0.06961452</float_array>
          <technique_common>
            <accessor source="#TrashGeneric_B_coffee_cup_top_16oz_001-mesh-normals-array" count="2953" stride="3">
              <param name="X" type="float"/>
              <param name="Y" type="float"/>
              <param name="Z" type="float"/>
            </accessor>
          </technique_common>
        </source>
        <source id="TrashGeneric_B_coffee_cup_top_16oz_001-mesh-map-0">
          <float_array id="TrashGeneric_B_coffee_cup_top_16oz_001-mesh-map-0-array" count="23280">0.2149792 0.6083321 0.2144069 0.6083024 0.2146386 0.6047352 0.2146386 0.6047352 0.21521 0.6047797 0.2149792 0.6083321 0.2148408 0.6118896 0.2142678 0.6118747 0.2144069 0.6083024 0.2144069 0.6083024 0.2149792 0.6083321 0.2148408 0.6118896 0.2147945 0.6154497 0.2142214 0.6154497 0.2142678 0.6118747 0.2142678 0.6118747 0.2148408 0.6118896 0.2147945 0.6154497 0.2148407 0.6190099 0.2142678 0.6190248 0.2142214 0.6154497 0.2142214 0.6154497 0.2147945 0.6154497 0.2148407 0.6190099 0.2149791 0.6225677 0.2144068 0.6225972 0.2142678 0.6190248 0.2142678 0.6190248 0.2148407 0.6190099 0.2149791 0.6225677 0.2152096 0.62612 0.2146384 0.6261646 0.2144068 0.6225972 0.2144068 0.6225972 0.2149791 0.6225677 0.2152096 0.62612 0.2155318 0.6296647 0.2149621 0.629724 0.2146384 0.6261646 0.2146384 0.6261646 0.2152096 0.62612 0.2155318 0.6296647 0.2159453 0.6331983 0.2153776 0.6332722 0.2149621 0.629724 0.2149621 0.629724 0.2155318 0.6296647 0.2159453 0.6331983 0.2164502 0.6367174 0.2158852 0.6368061 0.2153776 0.6332722 0.2153776 0.6332722 0.2159453 0.6331983 0.2164502 0.6367174 0.2170466 0.6402182 0.216485 0.6403217 0.2158852 0.6368061 0.2158852 0.6368061 0.2164502 0.6367174 0.2170466 0.6402182 0.2177366 0.6436964 0.2171791 0.6438153 0.216485 0.6403217 0.216485 0.6403217 0.2170466 0.6402182 0.2177366 0.6436964 0.2185246 0.6471487 0.2179718 0.6472839 0.2171791 0.6438153 0.2171791 0.6438153 0.2177366 0.6436964 0.2185246 0.6471487 0.2194195 0.6505748 0.2188721 0.6507294 0.2179718 0.6472839 0.2179718 0.6472839 0.2185246 0.6471487 0.2194195 0.6505748 0.2204411 0.6539894 0.2198922 0.6541664 0.2188721 0.6507294 0.2188721 0.6507294 0.2194195 0.6505748 0.2204411 0.6539894 0.221541 0.6573371 0.2209765 0.6575313 0.2198922 0.6541664 0.2198922 0.6541664 0.2204411 0.6539894 0.221541 0.6573371 0.2203739 0.5769051 0.2198327 0.5767333 0.2209546 0.5732861 0.2209546 0.5732861 0.2215238 0.5734744 0.2203739 0.5769051 0.2193896 0.5803099 0.2188414 0.58016 0.2198327 0.5767333 0.2198327 0.5767333 0.2203739 0.5769051 0.2193896 0.5803099 0.2185128 0.5837393 0.2179589 0.5836063 0.2188414 0.58016 0.2188414 0.58016 0.2193896 0.5803099 0.2185128 0.5837393 0.2177333 0.5871963 0.2171751 0.5870785 0.2179589 0.5836063 0.2179589 0.5836063 0.2185128 0.5837393 0.2177333 0.5871963 0.2170466 0.5906782 0.2164845 0.590575 0.2171751 0.5870785 0.2171751 0.5870785 0.2177333 0.5871963 0.2170466 0.5906782 0.216451 0.5941811 0.2158858 0.5940925 0.2164845 0.590575 0.2164845 0.590575 0.2170466 0.5906782 0.216451 0.5941811 0.2159461 0.5977012 0.2153785 0.5976273 0.2158858 0.5940925 0.2158858 0.5940925 0.216451 0.5941811 0.2159461 0.5977012 0.2155324 0.6012352 0.2149626 0.6011759 0.2153785 0.5976273 0.2153785 0.5976273 0.2159461 0.5977012 0.2155324 0.6012352 0.21521 0.6047797 0.2146386 0.6047352 0.2149626 0.6011759 0.2149626 0.6011759 0.2155324 0.6012352 0.21521 0.6047797 0.2080184 0.6079699 0.2059869 0.6078627 0.206234 0.6040766 0.206234 0.6040766 0.208262 0.6042372 0.2080184 0.6079699 0.2078722 0.6117084 0.2058383 0.6116545 0.2059869 0.6078627 0.2059869 0.6078627 0.2080184 0.6079699 0.2078722 0.6117084 0.2078233 0.6154494 0.2057887 0.615449 0.2058383 0.6116545 0.2058383 0.6116545 0.2078722 0.6117084 0.2078233 0.6154494 0.207872 0.6191908 0.2058382 0.6192436 0.2057887 0.615449 0.2057887 0.615449 0.2078233 0.6154494 0.207872 0.6191908 0.2080181 0.6229292 0.2059863 0.6230356 0.2058382 0.6192436 0.2058382 0.6192436 0.207872 0.6191908 0.2080181 0.6229292 0.2082617 0.6266624 0.2062333 0.626822 0.2059863 0.6230356 0.2059863 0.6230356 0.2080181 0.6229292 0.2082617 0.6266624 0.2086027 0.6303874 0.2065792 0.6306001 0.2062333 0.626822 0.2062333 0.626822 0.2082617 0.6266624 0.2086027 0.6303874 0.209041 0.6341014 0.2070238 0.6343674 0.2065792 0.6306001 0.2065792 0.6306001 0.2086027 0.6303874 0.209041 0.6341014 0.2095769 0.6378019 0.2075673 0.6381207 0.2070238 0.6343674 0.2070238 0.6343674 0.209041 0.6341014 0.2095769 0.6378019 0.2102105 0.6414862 0.20821 0.6418579 0.2075673 0.6381207 0.2075673 0.6381207 0.2095769 0.6378019 0.2102105 0.6414862 0.2109422 0.6451524 0.2089523 0.6455767 0.20821 0.6418579 0.20821 0.6418579 0.2102105 0.6414862 0.2109422 0.6451524 0.2117726 0.648799 0.2097944 0.6492756 0.2089523 0.6455767 0.2089523 0.6455767 0.2109422 0.6451524 0.2117726 0.648799 0.2127009 0.6524253 0.2107357 0.6529536 0.2097944 0.6492756 0.2097944 0.6492756 0.2117726 0.648799 0.2127009 0.6524253 0.2137246 0.6560294 0.2117734 0.6566089 0.2107357 0.6529536 0.2107357 0.6529536 0.2127009 0.6524253 0.2137246 0.6560294 0.2147875 0.6595177 0.2128512 0.6601482 0.2117734 0.6566089 0.2117734 0.6566089 0.2137246 0.6560294 0.2147875 0.6595177 0.2137129 0.5748919 0.2117637 0.5743114 0.2129031 0.5706809 0.2129031 0.5706809 0.2148374 0.5713129 0.2137129 0.5748919 0.2126891 0.5784882 0.2107256 0.577959 0.2117637 0.5743114 0.2117637 0.5743114 0.2137129 0.5748919 0.2126891 0.5784882 0.211764 0.5821087 0.2097871 0.5816314 0.2107256 0.577959 0.2107256 0.577959 0.2126891 0.5784882 0.211764 0.5821087 0.210937 0.5857518 0.2089483 0.5853268 0.2097871 0.5816314 0.2097871 0.5816314 0.211764 0.5821087 0.210937 0.5857518 0.2102077 0.5894162 0.2082084 0.5890436 0.2089483 0.5853268 0.2089483 0.5853268 0.210937 0.5857518 0.2102077 0.5894162 0.2095758 0.5930994 0.2075671 0.5927796 0.2082084 0.5890436 0.2082084 0.5890436 0.2102077 0.5894162 0.2095758 0.5930994 0.2090407 0.5967991 0.2070243 0.5965323 0.2075671 0.5927796 0.2075671 0.5927796 0.2095758 0.5930994 0.2090407 0.5967991 0.2086028 0.6005126 0.2065799 0.6002989 0.2070243 0.5965323 0.2070243 0.5965323 0.2090407 0.5967991 0.2086028 0.6005126 0.208262 0.6042372 0.206234 0.6040766 0.2065799 0.6002989 0.2065799 0.6002989 0.2086028 0.6005126 0.208262 0.6042372 0.156499 0.6001392 0.156163 0.6052322 0.1559337 0.6052201 0.1559337 0.6052201 0.1562702 0.600121 0.156499 0.6001392 0.156163 0.6052322 0.1559606 0.6103324 0.155731 0.6103264 0.155731 0.6103264 0.1559337 0.6052201 0.156163 0.6052322 0.1559606 0.6103324 0.155892 0.6154363 0.1556623 0.6154363 0.1556623 0.6154363 0.155731 0.6103264 0.1559606 0.6103324 0.155892 0.6154363 0.1559572 0.6205404 0.1557276 0.6205464 0.1557276 0.6205464 0.1556623 0.6154363 0.155892 0.6154363 0.1559572 0.6205404 0.1561562 0.6256411 0.1559269 0.625653 0.1559269 0.625653 0.1557276 0.6205464 0.1559572 0.6205404 0.1561562 0.6256411 0.1564889 0.6307352 0.1562601 0.630753 0.1562601 0.630753 0.1559269 0.625653 0.1561562 0.6256411 0.1564889 0.6307352 0.1569553 0.6358187 0.1567269 0.6358427 0.1567269 0.6358427 0.1562601 0.630753 0.1564889 0.6307352 0.1569553 0.6358187 0.157555 0.6408886 0.1573274 0.6409186 0.1573274 0.6409186 0.1567269 0.6358427 0.1569553 0.6358187 0.157555 0.6408886 0.1582875 0.6459413 0.1580609 0.6459771 0.1580609 0.6459771 0.1573274 0.6409186 0.157555 0.6408886 0.1582875 0.6459413 0.1591528 0.6509732 0.1589273 0.6510151 0.1589273 0.6510151 0.1580609 0.6459771 0.1582875 0.6459413 0.1591528 0.6509732 0.1601502 0.655981 0.159926 0.6560288 0.159926 0.6560288 0.1589273 0.6510151 0.1591528 0.6509732 0.1601502 0.655981 0.1612794 0.6609609 0.1610566 0.6610147 0.1610566 0.6610147 0.159926 0.6560288 0.1601502 0.655981 0.1612794 0.6609609 0.1625384 0.665909 0.1623184 0.6659681 0.1623184 0.6659681 0.1610566 0.6610147 0.1612794 0.6609609 0.1625384 0.665909 0.1639209 0.6708238 0.163705 0.6708839 0.163705 0.6708839 0.1623184 0.6659681 0.1625384 0.665909 0.1639209 0.6708238 0.1653692 0.6756067 0.1651368 0.6756793 0.1651368 0.6756793 0.163705 0.6708839 0.1639209 0.6708238 0.1654634 0.5551826 0.16396 0.560075 0.1637468 0.5600148 0.1637468 0.5600148 0.1652417 0.5551088 0.1654634 0.5551826 0.16396 0.560075 0.162571 0.5649818 0.1623504 0.5649215 0.1623504 0.5649215 0.1637468 0.5600148 0.16396 0.560075 0.162571 0.5649818 0.1613081 0.5699265 0.1610852 0.5698724 0.1610852 0.5698724 0.1623504 0.5649215 0.162571 0.5649818 0.1613081 0.5699265 0.160176 0.5749033 0.1599518 0.5748554 0.1599518 0.5748554 0.1610852 0.5698724 0.1613081 0.5699265 0.160176 0.5749033 0.1591756 0.5799083 0.15895 0.5798663 0.15895 0.5798663 0.1599518 0.5748554 0.160176 0.5749033 0.1591756 0.5799083 0.1583073 0.5849379 0.1580807 0.5849018 0.1580807 0.5849018 0.15895 0.5798663 0.1591756 0.5799083 0.1583073 0.5849379 0.1575714 0.5899885 0.157344 0.5899584 0.157344 0.5899584 0.1580807 0.5849018 0.1583073 0.5849379 0.1575714 0.5899885 0.1569685 0.5950567 0.1567404 0.5950326 0.1567404 0.5950326 0.157344 0.5899584 0.1575714 0.5899885 0.1569685 0.5950567 0.156499 0.6001392 0.1562702 0.600121 0.1562702 0.600121 0.1567404 0.5950326 0.1569685 0.5950567 0.2151097 0.6083389 0.2153401 0.6047899 0.2164101 0.6048783 0.2164101 0.6048783 0.2161817 0.6083996 0.2151097 0.6083389 0.2149713 0.611893 0.2151097 0.6083389 0.2161817 0.6083996 0.2161817 0.6083996 0.2160447 0.6119258 0.2149713 0.611893 0.2149252 0.6154497 0.2149713 0.611893 0.2160447 0.6119258 0.2160447 0.6119258 0.215999 0.6154547 0.2149252 0.6154497 0.2149713 0.6190065 0.2149252 0.6154497 0.215999 0.6154547 0.215999 0.6154547 0.216045 0.6189836 0.2149713 0.6190065 0.2151096 0.6225609 0.2149713 0.6190065 0.216045 0.6189836 0.216045 0.6189836 0.2161823 0.6225103 0.2151096 0.6225609 0.2153398 0.62611 0.2151096 0.6225609 0.2161823 0.6225103 0.2161823 0.6225103 0.2164106 0.6260317 0.2153398 0.62611 0.2156617 0.6296511 0.2153398 0.62611 0.2164106 0.6260317 0.2164106 0.6260317 0.2167296 0.6295453 0.2156617 0.6296511 0.2160748 0.6331815 0.2156617 0.6296511 0.2167296 0.6295453 0.2167296 0.6295453 0.2171389 0.6330481 0.2160748 0.6331815 0.2165789 0.6366972 0.2160748 0.6331815 0.2171389 0.6330481 0.2171389 0.6330481 0.2176382 0.6365363 0.2165789 0.6366972 0.2171745 0.6401947 0.2165789 0.6366972 0.2176382 0.6365363 0.2176382 0.6365363 0.2182277 0.6400058 0.2171745 0.6401947 0.2178635 0.6436696 0.2171745 0.6401947 0.2182277 0.6400058 0.2182277 0.6400058 0.218909 0.6434521 0.2178635 0.6436696 0.2186498 0.6471181 0.2178635 0.6436696 0.218909 0.6434521 0.218909 0.6434521 0.2196864 0.6468699 0.2186498 0.6471181 0.2195417 0.6505391 0.2186498 0.6471181 0.2196864 0.6468699 0.2196864 0.6468699 0.2205687 0.6502539 0.2195417 0.6505391 0.2205633 0.6539442 0.2195417 0.6505391 0.2205687 0.6502539 0.2205687 0.6502539 0.221576 0.6535884 0.2205633 0.6539442 0.2216739 0.6572742 0.2205633 0.6539442 0.221576 0.6535884 0.221576 0.6535884 0.2226182 0.6564382 0.2216739 0.6572742 0.2204902 0.5769448 0.2216692 0.5735337 0.2225062 0.5743154 0.2225062 0.5743154 0.2215051 0.5772745 0.2204902 0.5769448 0.2195129 0.5803442 0.2204902 0.5769448 0.2215051 0.5772745 0.2215051 0.5772745 0.2205393 0.5806288 0.2195129 0.5803442 0.2186386 0.5837694 0.2195129 0.5803442 0.2205393 0.5806288 0.2205393 0.5806288 0.2196752 0.5840232 0.2186386 0.5837694 0.2178605 0.5872231 0.2186386 0.5837694 0.2196752 0.5840232 0.2196752 0.5840232 0.2189058 0.5874485 0.2178605 0.5872231 0.2171747 0.5907017 0.2178605 0.5872231 0.2189058 0.5874485 0.2189058 0.5874485 0.2182271 0.5908998 0.2171747 0.5907017 0.2165798 0.5942012 0.2171747 0.5907017 0.2182271 0.5908998 0.2182271 0.5908998 0.2176383 0.594372 0.2165798 0.5942012 0.2160757 0.597718 0.2165798 0.5942012 0.2176383 0.594372 0.2176383 0.594372 0.2171388 0.5978614 0.2160757 0.597718 0.2156623 0.6012485 0.2160757 0.597718 0.2171388 0.5978614 0.2171388 0.5978614 0.2167292 0.6013646 0.2156623 0.6012485 0.2153401 0.6047899 0.2156623 0.6012485 0.2167292 0.6013646 0.2167292 0.6013646 0.2164101 0.6048783 0.2153401 0.6047899 0.216316 0.6084065 0.2165442 0.6048887 0.2181543 0.6050139 0.2181543 0.6050139 0.217929 0.6084901 0.216316 0.6084065 0.2161791 0.6119294 0.216316 0.6084065 0.217929 0.6084901 0.217929 0.6084901 0.2177938 0.6119712 0.2161791 0.6119294 0.2161335 0.6154547 0.2161791 0.6119294 0.2177938 0.6119712 0.2177938 0.6119712 0.2177489 0.6154546 0.2161335 0.6154547 0.2161794 0.6189803 0.2161335 0.6154547 0.2177489 0.6154546 0.2177489 0.6154546 0.2177943 0.6189383 0.2161794 0.6189803 0.2163165 0.6225033 0.2161794 0.6189803 0.2177943 0.6189383 0.2177943 0.6189383 0.2179297 0.6224197 0.2163165 0.6225033 0.2165445 0.6260213 0.2163165 0.6225033 0.2179297 0.6224197 0.2179297 0.6224197 0.2181548 0.6258961 0.2165445 0.6260213 0.2168633 0.6295314 0.2165445 0.6260213 0.2181548 0.6258961 0.2181548 0.6258961 0.2184692 0.629365 0.2168633 0.6295314 0.2172721 0.6330308 0.2168633 0.6295314 0.2184692 0.629365 0.2184692 0.629365 0.2188722 0.6328232 0.2172721 0.6330308 0.2177707 0.6365156 0.2172721 0.6330308 0.2188722 0.6328232 0.2188722 0.6328232 0.219363 0.6362671 0.2177707 0.6365156 0.2183593 0.6399818 0.2177707 0.6365156 0.219363 0.6362671 0.219363 0.6362671 0.2199418 0.6396918 0.2183593 0.6399818 0.2190394 0.6434245 0.2183593 0.6399818 0.2199418 0.6396918 0.2199418 0.6396918 0.2206093 0.6430922 0.2190394 0.6434245 0.2198153 0.6468386 0.2190394 0.6434245 0.2206093 0.6430922 0.2206093 0.6430922 0.2213689 0.6464606 0.2198153 0.6468386 0.2206974 0.6502174 0.2198153 0.6468386 0.2213689 0.6464606 0.2213689 0.6464606 0.2222294 0.6497862 0.2206974 0.6502174 0.2217085 0.653541 0.2206974 0.6502174 0.2222294 0.6497862 0.2222294 0.6497862 0.2232112 0.6530518 0.2217085 0.653541 0.2227203 0.6563888 0.2217085 0.653541 0.2232112 0.6530518 0.2232112 0.6530518 0.2241914 0.6558786 0.2227203 0.6563888 0.2216376 0.5773175 0.2226217 0.5743674 0.2241107 0.5748581 0.2241107 0.5748581 0.2231548 0.5777854 0.2216376 0.5773175 0.2206678 0.5806638 0.2216376 0.5773175 0.2231548 0.5777854 0.2231548 0.5777854 0.222209 0.5810816 0.2206678 0.5806638 0.2198047 0.5840541 0.2206678 0.5806638 0.222209 0.5810816 0.222209 0.5810816 0.2213642 0.5844263 0.2198047 0.5840541 0.2190365 0.5874759 0.2198047 0.5840541 0.2213642 0.5844263 0.2213642 0.5844263 0.2206101 0.5878063 0.2190365 0.5874759 0.2183591 0.5909238 0.2190365 0.5874759 0.2206101 0.5878063 0.2206101 0.5878063 0.2199437 0.5912132 0.2183591 0.5909238 0.2177708 0.5943928 0.2183591 0.5909238 0.2199437 0.5912132 0.2199437 0.5912132 0.2193643 0.5946413 0.2177708 0.5943928 0.2172721 0.5978788 0.2177708 0.5943928 0.2193643 0.5946413 0.2193643 0.5946413 0.2188726 0.5980865 0.2172721 0.5978788 0.216863 0.6013785 0.2172721 0.5978788 0.2188726 0.5980865 0.2188726 0.5980865 0.2184689 0.6015452 0.216863 0.6013785 0.2165442 0.6048887 0.216863 0.6013785 0.2184689 0.6015452 0.2184689 0.6015452 0.2181543 0.6050139 0.2165442 0.6048887 0.7165413 0.6283507 0.7181569 0.6311493 0.7167075 0.6317496 0.7167075 0.6317496 0.7152967 0.6293056 0.7165413 0.6283507 0.7142564 0.6260656 0.7165413 0.6283507 0.7152967 0.6293056 0.7152967 0.6293056 0.7133012 0.6273103 0.7142564 0.6260656 0.7114577 0.6244498 0.7142564 0.6260656 0.7133012 0.6273103 0.7133012 0.6273103 0.7108575 0.6258991 0.7114577 0.6244498 0.7083364 0.6236135 0.7114577 0.6244498 0.7108575 0.6258991 0.7108575 0.6258991 0.7081316 0.6251688 0.7083364 0.6236135 0.7051048 0.6236134 0.7083364 0.6236135 0.7081316 0.6251688 0.7081316 0.6251688 0.7053095 0.6251688 0.7051048 0.6236134 0.7019834 0.6244496 0.7051048 0.6236134 0.7053095 0.6251688 0.7053095 0.6251688 0.7025837 0.6258991 0.7019834 0.6244496 0.6991848 0.6260654 0.7019834 0.6244496 0.7025837 0.6258991 0.7025837 0.6258991 0.7001398 0.6273102 0.6991848 0.6260654 0.6968997 0.6283504 0.6991848 0.6260654 0.7001398 0.6273102 0.7001398 0.6273102 0.6981442 0.6293055 0.6968997 0.6283504 0.6952838 0.6311491 0.6968997 0.6283504 0.6981442 0.6293055 0.6981442 0.6293055 0.6967333 0.6317494 0.6952838 0.6311491 0.6944475 0.6342704 0.6952838 0.6311491 0.6967333 0.6317494 0.6967333 0.6317494 0.6960028 0.6344752 0.6944475 0.6342704 0.6944476 0.637502 0.6944475 0.6342704 0.6960028 0.6344752 0.6960028 0.6344752 0.6960028 0.6372972 0.6944476 0.637502 0.6952837 0.6406233 0.6944476 0.637502 0.6960028 0.6372972 0.6960028 0.6372972 0.6967332 0.6400229 0.6952837 0.6406233 0.6968995 0.6434221 0.6952837 0.6406233 0.6967332 0.6400229 0.6967332 0.6400229 0.6981441 0.642467 0.6968995 0.6434221 0.6991844 0.645707 0.6968995 0.6434221 0.6981441 0.642467 0.6981441 0.642467 0.7001395 0.6444625 0.6991844 0.645707 0.7016235 0.6472049 0.6991844 0.645707 0.7001395 0.6444625 0.7001395 0.6444625 0.7019436 0.645648 0.7016235 0.6472049 0.7051044 0.6481594 0.7022757 0.6474115 0.7029762 0.6460533 0.7029762 0.6460533 0.7053092 0.646604 0.7051044 0.6481594 0.7083359 0.6481594 0.7051044 0.6481594 0.7053092 0.646604 0.7053092 0.646604 0.7081312 0.646604 0.7083359 0.6481594 0.7114574 0.647323 0.7083359 0.6481594 0.7081312 0.646604 0.7081312 0.646604 0.7108571 0.6458736 0.7114574 0.647323 0.7142561 0.6457073 0.7114574 0.647323 0.7108571 0.6458736 0.7108571 0.6458736 0.7133012 0.6444625 0.7142561 0.6457073 0.7165412 0.6434221 0.7142561 0.6457073 0.7133012 0.6444625 0.7133012 0.6444625 0.7152965 0.6424673 0.7165412 0.6434221 0.7181568 0.6406236 0.7165412 0.6434221 0.7152965 0.6424673 0.7152965 0.6424673 0.7167074 0.6400234 0.7181568 0.6406236 0.7189934 0.6375023 0.7181568 0.6406236 0.7167074 0.6400234 0.7167074 0.6400234 0.7174381 0.6372974 0.7189934 0.6375023 0.7189934 0.6342707 0.7189934 0.6375023 0.7174381 0.6372974 0.7174381 0.6372974 0.7174382 0.6344754 0.7189934 0.6342707 0.7181569 0.6311493 0.7189934 0.6342707 0.7174382 0.6344754 0.7174382 0.6344754 0.7167075 0.6317496 0.7181569 0.6311493 0.6967333 0.6317494 0.6981442 0.6293055 0.6987521 0.6325864 0.6987521 0.6325864 0.6960028 0.6344752 0.6967333 0.6317494 0.6981442 0.6293055 0.7001398 0.6273102 0.7013996 0.6309087 0.7013996 0.6309087 0.6987521 0.6325864 0.6981442 0.6293055 0.7025837 0.6258991 0.7053095 0.6251688 0.7070189 0.6285813 0.7070189 0.6285813 0.7041388 0.6295626 0.7025837 0.6258991 0.7081316 0.6251688 0.7108575 0.6258991 0.7133012 0.6273103 0.7133012 0.6273103 0.7100539 0.6279051 0.7081316 0.6251688 0.6960028 0.6344752 0.6987521 0.6325864 0.6994358 0.6356428 0.6994358 0.6356428 0.6960028 0.6372972 0.6960028 0.6344752 0.6987521 0.6325864 0.7013996 0.6309087 0.7025294 0.6341475 0.7025294 0.6341475 0.6994358 0.6356428 0.6987521 0.6325864 0.7041388 0.6295626 0.7070189 0.6285813 0.7085508 0.6316534 0.7085508 0.6316534 0.7055191 0.6328282 0.7041388 0.6295626 0.7100539 0.6279051 0.7133012 0.6273103 0.7152967 0.6293056 0.7152967 0.6293056 0.7117552 0.63054 0.7100539 0.6279051 0.6960028 0.6372972 0.6994358 0.6356428 0.7004181 0.638525 0.7004181 0.638525 0.6967332 0.6400229 0.6960028 0.6372972 0.6994358 0.6356428 0.7025294 0.6341475 0.7037062 0.6371843 0.7037062 0.6371843 0.7004181 0.638525 0.6994358 0.6356428 0.7055191 0.6328282 0.7085508 0.6316534 0.7098808 0.6346268 0.7098808 0.6346268 0.7068044 0.6359079 0.7055191 0.6328282 0.7117552 0.63054 0.7152967 0.6293056 0.7167075 0.6317496 0.7167075 0.6317496 0.7131068 0.6332694 0.7117552 0.63054 0.6967332 0.6400229 0.7004181 0.638525 0.7017589 0.6412516 0.7017589 0.6412516 0.6981441 0.642467 0.6967332 0.6400229 0.7004181 0.638525 0.7037062 0.6371843 0.7050163 0.6401516 0.7050163 0.6401516 0.7017589 0.6412516 0.7004181 0.638525 0.7068044 0.6359079 0.7098808 0.6346268 0.7110376 0.6376575 0.7110376 0.6376575 0.708068 0.6389825 0.7068044 0.6359079 0.7131068 0.6332694 0.7167075 0.6317496 0.7174382 0.6344754 0.7174382 0.6344754 0.7140782 0.6361491 0.7131068 0.6332694 0.6981441 0.642467 0.7017589 0.6412516 0.7034291 0.6438783 0.7034291 0.6438783 0.7001395 0.6444625 0.6981441 0.642467 0.7017589 0.6412516 0.7050163 0.6401516 0.7064951 0.6432104 0.7064951 0.6432104 0.7034291 0.6438783 0.7017589 0.6412516 0.708068 0.6389825 0.7110376 0.6376575 0.7121143 0.640883 0.7121143 0.640883 0.7093862 0.6422317 0.708068 0.6389825 0.7140782 0.6361491 0.7174382 0.6344754 0.7174381 0.6372974 0.7174381 0.6372974 0.7147309 0.6391971 0.7140782 0.6361491 0.7034291 0.6438783 0.7053092 0.646604 0.7029762 0.6460533 0.7029762 0.6460533 0.7024654 0.6459578 0.7034291 0.6438783 0.7034291 0.6438783 0.7064951 0.6432104 0.7081312 0.646604 0.7081312 0.646604 0.7053092 0.646604 0.7034291 0.6438783 0.7093862 0.6422317 0.7121143 0.640883 0.7133012 0.6444625 0.7133012 0.6444625 0.7108571 0.6458736 0.7093862 0.6422317 0.7147309 0.6391971 0.7174381 0.6372974 0.7167074 0.6400234 0.7167074 0.6400234 0.7152965 0.6424673 0.7147309 0.6391971 0.7025837 0.6258991 0.7041388 0.6295626 0.7013996 0.6309087 0.7013996 0.6309087 0.7001398 0.6273102 0.7025837 0.6258991 0.7081316 0.6251688 0.7100539 0.6279051 0.7070189 0.6285813 0.7070189 0.6285813 0.7053095 0.6251688 0.7081316 0.6251688 0.7041388 0.6295626 0.7055191 0.6328282 0.7025294 0.6341475 0.7025294 0.6341475 0.7013996 0.6309087 0.7041388 0.6295626 0.7100539 0.6279051 0.7117552 0.63054 0.7085508 0.6316534 0.7085508 0.6316534 0.7070189 0.6285813 0.7100539 0.6279051 0.7055191 0.6328282 0.7068044 0.6359079 0.7037062 0.6371843 0.7037062 0.6371843 0.7025294 0.6341475 0.7055191 0.6328282 0.7117552 0.63054 0.7131068 0.6332694 0.7098808 0.6346268 0.7098808 0.6346268 0.7085508 0.6316534 0.7117552 0.63054 0.7068044 0.6359079 0.708068 0.6389825 0.7050163 0.6401516 0.7050163 0.6401516 0.7037062 0.6371843 0.7068044 0.6359079 0.7131068 0.6332694 0.7140782 0.6361491 0.7110376 0.6376575 0.7110376 0.6376575 0.7098808 0.6346268 0.7131068 0.6332694 0.708068 0.6389825 0.7093862 0.6422317 0.7064951 0.6432104 0.7064951 0.6432104 0.7050163 0.6401516 0.708068 0.6389825 0.7140782 0.6361491 0.7147309 0.6391971 0.7121143 0.640883 0.7121143 0.640883 0.7110376 0.6376575 0.7140782 0.6361491 0.7093862 0.6422317 0.7108571 0.6458736 0.7081312 0.646604 0.7081312 0.646604 0.7064951 0.6432104 0.7093862 0.6422317 0.7147309 0.6391971 0.7152965 0.6424673 0.7133012 0.6444625 0.7133012 0.6444625 0.7121143 0.640883 0.7147309 0.6391971 0.21521 0.6047797 0.2153401 0.6047899 0.2151097 0.6083389 0.2151097 0.6083389 0.2149792 0.6083321 0.21521 0.6047797 0.2149792 0.6083321 0.2151097 0.6083389 0.2149713 0.611893 0.2149713 0.611893 0.2148408 0.6118896 0.2149792 0.6083321 0.2148408 0.6118896 0.2149713 0.611893 0.2149252 0.6154497 0.2149252 0.6154497 0.2147945 0.6154497 0.2148408 0.6118896 0.2147945 0.6154497 0.2149252 0.6154497 0.2149713 0.6190065 0.2149713 0.6190065 0.2148407 0.6190099 0.2147945 0.6154497 0.2148407 0.6190099 0.2149713 0.6190065 0.2151096 0.6225609 0.2151096 0.6225609 0.2149791 0.6225677 0.2148407 0.6190099 0.2149791 0.6225677 0.2151096 0.6225609 0.2153398 0.62611 0.2153398 0.62611 0.2152096 0.62612 0.2149791 0.6225677 0.2152096 0.62612 0.2153398 0.62611 0.2156617 0.6296511 0.2156617 0.6296511 0.2155318 0.6296647 0.2152096 0.62612 0.2155318 0.6296647 0.2156617 0.6296511 0.2160748 0.6331815 0.2160748 0.6331815 0.2159453 0.6331983 0.2155318 0.6296647 0.2159453 0.6331983 0.2160748 0.6331815 0.2165789 0.6366972 0.2165789 0.6366972 0.2164502 0.6367174 0.2159453 0.6331983 0.2164502 0.6367174 0.2165789 0.6366972 0.2171745 0.6401947 0.2171745 0.6401947 0.2170466 0.6402182 0.2164502 0.6367174 0.2170466 0.6402182 0.2171745 0.6401947 0.2178635 0.6436696 0.2178635 0.6436696 0.2177366 0.6436964 0.2170466 0.6402182 0.2177366 0.6436964 0.2178635 0.6436696 0.2186498 0.6471181 0.2186498 0.6471181 0.2185246 0.6471487 0.2177366 0.6436964 0.2185246 0.6471487 0.2186498 0.6471181 0.2195417 0.6505391 0.2195417 0.6505391 0.2194195 0.6505748 0.2185246 0.6471487 0.2194195 0.6505748 0.2195417 0.6505391 0.2205633 0.6539442 0.2205633 0.6539442 0.2204411 0.6539894 0.2194195 0.6505748 0.2204411 0.6539894 0.2205633 0.6539442 0.2216739 0.6572742 0.2216739 0.6572742 0.221541 0.6573371 0.2204411 0.6539894 0.2215238 0.5734744 0.2216692 0.5735337 0.2204902 0.5769448 0.2204902 0.5769448 0.2203739 0.5769051 0.2215238 0.5734744 0.2203739 0.5769051 0.2204902 0.5769448 0.2195129 0.5803442 0.2195129 0.5803442 0.2193896 0.5803099 0.2203739 0.5769051 0.2193896 0.5803099 0.2195129 0.5803442 0.2186386 0.5837694 0.2186386 0.5837694 0.2185128 0.5837393 0.2193896 0.5803099 0.2185128 0.5837393 0.2186386 0.5837694 0.2178605 0.5872231 0.2178605 0.5872231 0.2177333 0.5871963 0.2185128 0.5837393 0.2177333 0.5871963 0.2178605 0.5872231 0.2171747 0.5907017 0.2171747 0.5907017 0.2170466 0.5906782 0.2177333 0.5871963 0.2170466 0.5906782 0.2171747 0.5907017 0.2165798 0.5942012 0.2165798 0.5942012 0.216451 0.5941811 0.2170466 0.5906782 0.216451 0.5941811 0.2165798 0.5942012 0.2160757 0.597718 0.2160757 0.597718 0.2159461 0.5977012 0.216451 0.5941811 0.2159461 0.5977012 0.2160757 0.597718 0.2156623 0.6012485 0.2156623 0.6012485 0.2155324 0.6012352 0.2159461 0.5977012 0.2155324 0.6012352 0.2156623 0.6012485 0.2153401 0.6047899 0.2153401 0.6047899 0.21521 0.6047797 0.2155324 0.6012352 0.2164101 0.6048783 0.2165442 0.6048887 0.216316 0.6084065 0.216316 0.6084065 0.2161817 0.6083996 0.2164101 0.6048783 0.2161817 0.6083996 0.216316 0.6084065 0.2161791 0.6119294 0.2161791 0.6119294 0.2160447 0.6119258 0.2161817 0.6083996 0.2160447 0.6119258 0.2161791 0.6119294 0.2161335 0.6154547 0.2161335 0.6154547 0.215999 0.6154547 0.2160447 0.6119258 0.215999 0.6154547 0.2161335 0.6154547 0.2161794 0.6189803 0.2161794 0.6189803 0.216045 0.6189836 0.215999 0.6154547 0.216045 0.6189836 0.2161794 0.6189803 0.2163165 0.6225033 0.2163165 0.6225033 0.2161823 0.6225103 0.216045 0.6189836 0.2161823 0.6225103 0.2163165 0.6225033 0.2165445 0.6260213 0.2165445 0.6260213 0.2164106 0.6260317 0.2161823 0.6225103 0.2164106 0.6260317 0.2165445 0.6260213 0.2168633 0.6295314 0.2168633 0.6295314 0.2167296 0.6295453 0.2164106 0.6260317 0.2167296 0.6295453 0.2168633 0.6295314 0.2172721 0.6330308 0.2172721 0.6330308 0.2171389 0.6330481 0.2167296 0.6295453 0.2171389 0.6330481 0.2172721 0.6330308 0.2177707 0.6365156 0.2177707 0.6365156 0.2176382 0.6365363 0.2171389 0.6330481 0.2176382 0.6365363 0.2177707 0.6365156 0.2183593 0.6399818 0.2183593 0.6399818 0.2182277 0.6400058 0.2176382 0.6365363 0.2182277 0.6400058 0.2183593 0.6399818 0.2190394 0.6434245 0.2190394 0.6434245 0.218909 0.6434521 0.2182277 0.6400058 0.218909 0.6434521 0.2190394 0.6434245 0.2198153 0.6468386 0.2198153 0.6468386 0.2196864 0.6468699 0.218909 0.6434521 0.2196864 0.6468699 0.2198153 0.6468386 0.2206974 0.6502174 0.2206974 0.6502174 0.2205687 0.6502539 0.2196864 0.6468699 0.2205687 0.6502539 0.2206974 0.6502174 0.2217085 0.653541 0.2217085 0.653541 0.221576 0.6535884 0.2205687 0.6502539 0.221576 0.6535884 0.2217085 0.653541 0.2227203 0.6563888 0.2227203 0.6563888 0.2226182 0.6564382 0.221576 0.6535884 0.2225062 0.5743154 0.2226217 0.5743674 0.2216376 0.5773175 0.2216376 0.5773175 0.2215051 0.5772745 0.2225062 0.5743154 0.2215051 0.5772745 0.2216376 0.5773175 0.2206678 0.5806638 0.2206678 0.5806638 0.2205393 0.5806288 0.2215051 0.5772745 0.2205393 0.5806288 0.2206678 0.5806638 0.2198047 0.5840541 0.2198047 0.5840541 0.2196752 0.5840232 0.2205393 0.5806288 0.2196752 0.5840232 0.2198047 0.5840541 0.2190365 0.5874759 0.2190365 0.5874759 0.2189058 0.5874485 0.2196752 0.5840232 0.2189058 0.5874485 0.2190365 0.5874759 0.2183591 0.5909238 0.2183591 0.5909238 0.2182271 0.5908998 0.2189058 0.5874485 0.2182271 0.5908998 0.2183591 0.5909238 0.2177708 0.5943928 0.2177708 0.5943928 0.2176383 0.594372 0.2182271 0.5908998 0.2176383 0.594372 0.2177708 0.5943928 0.2172721 0.5978788 0.2172721 0.5978788 0.2171388 0.5978614 0.2176383 0.594372 0.2171388 0.5978614 0.2172721 0.5978788 0.216863 0.6013785 0.216863 0.6013785 0.2167292 0.6013646 0.2171388 0.5978614 0.2167292 0.6013646 0.216863 0.6013785 0.2165442 0.6048887 0.2165442 0.6048887 0.2164101 0.6048783 0.2167292 0.6013646 0.2080184 0.6079699 0.208262 0.6042372 0.2104678 0.6044099 0.2104678 0.6044099 0.2102283 0.6080852 0.2080184 0.6079699 0.2078722 0.6117084 0.2080184 0.6079699 0.2102283 0.6080852 0.2102283 0.6080852 0.2100844 0.6117661 0.2078722 0.6117084 0.2078233 0.6154494 0.2078722 0.6117084 0.2100844 0.6117661 0.2100844 0.6117661 0.2100366 0.6154496 0.2078233 0.6154494 0.207872 0.6191908 0.2078233 0.6154494 0.2100366 0.6154496 0.2100366 0.6154496 0.2100844 0.6191332 0.207872 0.6191908 0.2080181 0.6229292 0.207872 0.6191908 0.2100844 0.6191332 0.2100844 0.6191332 0.2102282 0.6228142 0.2080181 0.6229292 0.2082617 0.6266624 0.2080181 0.6229292 0.2102282 0.6228142 0.2102282 0.6228142 0.2104676 0.6264899 0.2082617 0.6266624 0.2086027 0.6303874 0.2082617 0.6266624 0.2104676 0.6264899 0.2104676 0.6264899 0.2108026 0.6301572 0.2086027 0.6303874 0.209041 0.6341014 0.2086027 0.6303874 0.2108026 0.6301572 0.2108026 0.6301572 0.2112335 0.6338137 0.209041 0.6341014 0.2095769 0.6378019 0.209041 0.6341014 0.2112335 0.6338137 0.2112335 0.6338137 0.2117601 0.6374564 0.2095769 0.6378019 0.2102105 0.6414862 0.2095769 0.6378019 0.2117601 0.6374564 0.2117601 0.6374564 0.2123829 0.6410825 0.2102105 0.6414862 0.2109422 0.6451524 0.2102105 0.6414862 0.2123829 0.6410825 0.2123829 0.6410825 0.2131028 0.6446898 0.2109422 0.6451524 0.2117726 0.648799 0.2109422 0.6451524 0.2131028 0.6446898 0.2131028 0.6446898 0.213921 0.6482769 0.2117726 0.648799 0.2127009 0.6524253 0.2117726 0.648799 0.213921 0.6482769 0.213921 0.6482769 0.2148385 0.6518456 0.2127009 0.6524253 0.2137246 0.6560294 0.2127009 0.6524253 0.2148385 0.6518456 0.2148385 0.6518456 0.215853 0.655399 0.2137246 0.6560294 0.2147875 0.6595177 0.2137246 0.6560294 0.215853 0.655399 0.215853 0.655399 0.2169048 0.658849 0.2147875 0.6595177 0.2137129 0.5748919 0.2148374 0.5713129 0.2169522 0.5719906 0.2169522 0.5719906 0.2158303 0.5755257 0.2137129 0.5748919 0.2126891 0.5784882 0.2137129 0.5748919 0.2158303 0.5755257 0.2158303 0.5755257 0.21482 0.5790654 0.2126891 0.5784882 0.211764 0.5821087 0.2126891 0.5784882 0.21482 0.5790654 0.21482 0.5790654 0.2139096 0.5826272 0.211764 0.5821087 0.210937 0.5857518 0.211764 0.5821087 0.2139096 0.5826272 0.2139096 0.5826272 0.2130966 0.5862119 0.210937 0.5857518 0.2102077 0.5894162 0.210937 0.5857518 0.2130966 0.5862119 0.2130966 0.5862119 0.2123799 0.5898181 0.2102077 0.5894162 0.2095758 0.5930994 0.2102077 0.5894162 0.2123799 0.5898181 0.2123799 0.5898181 0.2117589 0.5934438 0.2095758 0.5930994 0.2090407 0.5967991 0.2095758 0.5930994 0.2117589 0.5934438 0.2117589 0.5934438 0.2112332 0.5970863 0.2090407 0.5967991 0.2086028 0.6005126 0.2090407 0.5967991 0.2112332 0.5970863 0.2112332 0.5970863 0.2108028 0.6007425 0.2086028 0.6005126 0.208262 0.6042372 0.2086028 0.6005126 0.2108028 0.6007425 0.2108028 0.6007425 0.2104678 0.6044099 0.208262 0.6042372 0.2104926 0.6080989 0.2103158 0.6080896 0.2105551 0.6044166 0.2105551 0.6044166 0.2107316 0.6044304 0.2104926 0.6080989 0.2103492 0.6117728 0.2101722 0.6117682 0.2103158 0.6080896 0.2103158 0.6080896 0.2104926 0.6080989 0.2103492 0.6117728 0.2103013 0.6154496 0.2101241 0.6154496 0.2101722 0.6117682 0.2101722 0.6117682 0.2103492 0.6117728 0.2103013 0.6154496 0.210349 0.6191264 0.2101721 0.619131 0.2101241 0.6154496 0.2101241 0.6154496 0.2103013 0.6154496 0.210349 0.6191264 0.2104924 0.6228006 0.2103157 0.6228098 0.2101721 0.619131 0.2101721 0.619131 0.210349 0.6191264 0.2104924 0.6228006 0.2107313 0.6264694 0.210555 0.6264831 0.2103157 0.6228098 0.2103157 0.6228098 0.2104924 0.6228006 0.2107313 0.6264694 0.2110656 0.6301301 0.2108898 0.6301484 0.210555 0.6264831 0.210555 0.6264831 0.2107313 0.6264694 0.2110656 0.6301301 0.2114952 0.6337797 0.2113201 0.6338026 0.2108898 0.6301484 0.2108898 0.6301484 0.2110656 0.6301301 0.2114952 0.6337797 0.2120203 0.6374153 0.2118462 0.6374428 0.2113201 0.6338026 0.2113201 0.6338026 0.2114952 0.6337797 0.2120203 0.6374153 0.2126413 0.6410341 0.2124683 0.6410664 0.2118462 0.6374428 0.2118462 0.6374428 0.2120203 0.6374153 0.2126413 0.6410341 0.2133589 0.6446335 0.2131873 0.644671 0.2124683 0.6410664 0.2124683 0.6410664 0.2126413 0.6410341 0.2133589 0.6446335 0.2141748 0.6482129 0.2140046 0.6482555 0.2131873 0.644671 0.2131873 0.644671 0.2133589 0.6446335 0.2141748 0.6482129 0.2150904 0.6517745 0.2149212 0.6518218 0.2140046 0.6482555 0.2140046 0.6482555 0.2141748 0.6482129 0.2150904 0.6517745 0.2161069 0.655325 0.2159367 0.6553738 0.2149212 0.6518218 0.2149212 0.6518218 0.2150904 0.6517745 0.2161069 0.655325 0.2171738 0.6587808 0.2169935 0.6588224 0.2159367 0.6553738 0.2159367 0.6553738 0.2161069 0.655325 0.2171738 0.6587808 0.216073 0.5755971 0.215909 0.5755485 0.2170155 0.5720444 0.2170155 0.5720444 0.2171769 0.5720858 0.216073 0.5755971 0.2150698 0.5791357 0.2149019 0.5790889 0.215909 0.5755485 0.215909 0.5755485 0.216073 0.5755971 0.2150698 0.5791357 0.2141635 0.5826902 0.2139933 0.5826483 0.2149019 0.5790889 0.2149019 0.5790889 0.2150698 0.5791357 0.2141635 0.5826902 0.2133535 0.586267 0.2131814 0.5862302 0.2139933 0.5826483 0.2139933 0.5826483 0.2141635 0.5826902 0.2133535 0.586267 0.212639 0.589866 0.2124656 0.589834 0.2131814 0.5862302 0.2131814 0.5862302 0.2133535 0.586267 0.212639 0.589866 0.2120197 0.5934847 0.2118452 0.5934575 0.2124656 0.589834 0.2124656 0.589834 0.212639 0.589866 0.2120197 0.5934847 0.2114953 0.5971203 0.21132 0.5970976 0.2118452 0.5934575 0.2118452 0.5934575 0.2120197 0.5934847 0.2114953 0.5971203 0.2110658 0.6007698 0.21089 0.6007516 0.21132 0.5970976 0.21132 0.5970976 0.2114953 0.5971203 0.2110658 0.6007698 0.2107316 0.6044304 0.2105551 0.6044166 0.21089 0.6007516 0.21089 0.6007516 0.2110658 0.6007698 0.2107316 0.6044304 0.2108187 0.604437 0.2105798 0.6081034 0.2104926 0.6080989 0.2104926 0.6080989 0.2107316 0.6044304 0.2108187 0.604437 0.2105798 0.6081034 0.2104365 0.6117752 0.2103492 0.6117728 0.2103492 0.6117728 0.2104926 0.6080989 0.2105798 0.6081034 0.2104365 0.6117752 0.2103886 0.6154496 0.2103013 0.6154496 0.2103013 0.6154496 0.2103492 0.6117728 0.2104365 0.6117752 0.2103886 0.6154496 0.2104364 0.6191242 0.210349 0.6191264 0.210349 0.6191264 0.2103013 0.6154496 0.2103886 0.6154496 0.2104364 0.6191242 0.2105796 0.6227961 0.2104924 0.6228006 0.2104924 0.6228006 0.210349 0.6191264 0.2104364 0.6191242 0.2105796 0.6227961 0.2108183 0.6264627 0.2107313 0.6264694 0.2107313 0.6264694 0.2104924 0.6228006 0.2105796 0.6227961 0.2108183 0.6264627 0.2111523 0.6301211 0.2110656 0.6301301 0.2110656 0.6301301 0.2107313 0.6264694 0.2108183 0.6264627 0.2111523 0.6301211 0.2115815 0.6337684 0.2114952 0.6337797 0.2114952 0.6337797 0.2110656 0.6301301 0.2111523 0.6301211 0.2115815 0.6337684 0.212106 0.6374018 0.2120203 0.6374153 0.2120203 0.6374153 0.2114952 0.6337797 0.2115815 0.6337684 0.212106 0.6374018 0.2127263 0.6410182 0.2126413 0.6410341 0.2126413 0.6410341 0.2120203 0.6374153 0.212106 0.6374018 0.2127263 0.6410182 0.213443 0.6446148 0.2133589 0.6446335 0.2133589 0.6446335 0.2126413 0.6410341 0.2127263 0.6410182 0.213443 0.6446148 0.2142578 0.6481912 0.2141748 0.6482129 0.2141748 0.6482129 0.2133589 0.6446335 0.213443 0.6446148 0.2142578 0.6481912 0.2151728 0.6517506 0.2150904 0.6517745 0.2150904 0.6517745 0.2141748 0.6482129 0.2142578 0.6481912 0.2151728 0.6517506 0.2161917 0.6553046 0.2161069 0.655325 0.2161069 0.655325 0.2150904 0.6517745 0.2151728 0.6517506 0.2161917 0.6553046 0.2172741 0.6587843 0.2171738 0.6587808 0.2171738 0.6587808 0.2161069 0.655325 0.2161917 0.6553046 0.2172558 0.5720562 0.2161511 0.5756202 0.216073 0.5755971 0.216073 0.5755971 0.2171769 0.5720858 0.2172558 0.5720562 0.2161511 0.5756202 0.2151512 0.5791591 0.2150698 0.5791357 0.2150698 0.5791357 0.216073 0.5755971 0.2161511 0.5756202 0.2151512 0.5791591 0.2142469 0.5827112 0.2141635 0.5826902 0.2141635 0.5826902 0.2150698 0.5791357 0.2151512 0.5791591 0.2142469 0.5827112 0.2134379 0.5862852 0.2133535 0.586267 0.2133535 0.586267 0.2141635 0.5826902 0.2142469 0.5827112 0.2134379 0.5862852 0.2127242 0.5898817 0.212639 0.589866 0.212639 0.589866 0.2133535 0.586267 0.2134379 0.5862852 0.2127242 0.5898817 0.2121055 0.5934982 0.2120197 0.5934847 0.2120197 0.5934847 0.212639 0.589866 0.2127242 0.5898817 0.2121055 0.5934982 0.2115818 0.5971315 0.2114953 0.5971203 0.2114953 0.5971203 0.2120197 0.5934847 0.2121055 0.5934982 0.2115818 0.5971315 0.2111527 0.6007788 0.2110658 0.6007698 0.2110658 0.6007698 0.2114953 0.5971203 0.2115818 0.5971315 0.2111527 0.6007788 0.2108187 0.604437 0.2107316 0.6044304 0.2107316 0.6044304 0.2110658 0.6007698 0.2111527 0.6007788 0.2102283 0.6080852 0.2104678 0.6044099 0.2105551 0.6044166 0.2105551 0.6044166 0.2103158 0.6080896 0.2102283 0.6080852 0.2104678 0.6044099 0.2108028 0.6007425 0.21089 0.6007516 0.21089 0.6007516 0.2105551 0.6044166 0.2104678 0.6044099 0.2108028 0.6007425 0.2112332 0.5970863 0.21132 0.5970976 0.21132 0.5970976 0.21089 0.6007516 0.2108028 0.6007425 0.2112332 0.5970863 0.2117589 0.5934438 0.2118452 0.5934575 0.2118452 0.5934575 0.21132 0.5970976 0.2112332 0.5970863 0.2117589 0.5934438 0.2123799 0.5898181 0.2124656 0.589834 0.2124656 0.589834 0.2118452 0.5934575 0.2117589 0.5934438 0.2123799 0.5898181 0.2130966 0.5862119 0.2131814 0.5862302 0.2131814 0.5862302 0.2124656 0.589834 0.2123799 0.5898181 0.2130966 0.5862119 0.2139096 0.5826272 0.2139933 0.5826483 0.2139933 0.5826483 0.2131814 0.5862302 0.2130966 0.5862119 0.2139096 0.5826272 0.21482 0.5790654 0.2149019 0.5790889 0.2149019 0.5790889 0.2139933 0.5826483 0.2139096 0.5826272 0.21482 0.5790654 0.2158303 0.5755257 0.215909 0.5755485 0.215909 0.5755485 0.2149019 0.5790889 0.21482 0.5790654 0.2158303 0.5755257 0.2169522 0.5719906 0.2170155 0.5720444 0.2170155 0.5720444 0.215909 0.5755485 0.2158303 0.5755257 0.2169048 0.658849 0.215853 0.655399 0.2159367 0.6553738 0.2159367 0.6553738 0.2169935 0.6588224 0.2169048 0.658849 0.215853 0.655399 0.2148385 0.6518456 0.2149212 0.6518218 0.2149212 0.6518218 0.2159367 0.6553738 0.215853 0.655399 0.2148385 0.6518456 0.213921 0.6482769 0.2140046 0.6482555 0.2140046 0.6482555 0.2149212 0.6518218 0.2148385 0.6518456 0.213921 0.6482769 0.2131028 0.6446898 0.2131873 0.644671 0.2131873 0.644671 0.2140046 0.6482555 0.213921 0.6482769 0.2131028 0.6446898 0.2123829 0.6410825 0.2124683 0.6410664 0.2124683 0.6410664 0.2131873 0.644671 0.2131028 0.6446898 0.2123829 0.6410825 0.2117601 0.6374564 0.2118462 0.6374428 0.2118462 0.6374428 0.2124683 0.6410664 0.2123829 0.6410825 0.2117601 0.6374564 0.2112335 0.6338137 0.2113201 0.6338026 0.2113201 0.6338026 0.2118462 0.6374428 0.2117601 0.6374564 0.2112335 0.6338137 0.2108026 0.6301572 0.2108898 0.6301484 0.2108898 0.6301484 0.2113201 0.6338026 0.2112335 0.6338137 0.2108026 0.6301572 0.2104676 0.6264899 0.210555 0.6264831 0.210555 0.6264831 0.2108898 0.6301484 0.2108026 0.6301572 0.2104676 0.6264899 0.2102282 0.6228142 0.2103157 0.6228098 0.2103157 0.6228098 0.210555 0.6264831 0.2104676 0.6264899 0.2102282 0.6228142 0.2100844 0.6191332 0.2101721 0.619131 0.2101721 0.619131 0.2103157 0.6228098 0.2102282 0.6228142 0.2100844 0.6191332 0.2100366 0.6154496 0.2101241 0.6154496 0.2101241 0.6154496 0.2101721 0.619131 0.2100844 0.6191332 0.2100366 0.6154496 0.2100844 0.6117661 0.2101722 0.6117682 0.2101722 0.6117682 0.2101241 0.6154496 0.2100366 0.6154496 0.2100844 0.6117661 0.2102283 0.6080852 0.2103158 0.6080896 0.2103158 0.6080896 0.2101722 0.6117682 0.2100844 0.6117661 0.758999 0.3721487 0.7502061 0.3696135 0.7512918 0.3660206 0.7512918 0.3660206 0.7600172 0.3687783 0.758999 0.3721487 0.7600166 0.4519466 0.7512816 0.4547035 0.7501976 0.4511073 0.7501976 0.4511073 0.7589967 0.4485735 0.7600166 0.4519466 0.7589967 0.4485735 0.7501976 0.4511073 0.7492052 0.4474854 0.7492052 0.4474854 0.7580639 0.4451768 0.7589967 0.4485735 0.7580639 0.4451768 0.7492052 0.4474854 0.7483054 0.4438398 0.7483054 0.4438398 0.7572186 0.4417582 0.7580639 0.4451768 0.7572186 0.4417582 0.7483054 0.4438398 0.7474989 0.4401727 0.7474989 0.4401727 0.7564613 0.4383197 0.7572186 0.4417582 0.7564613 0.4383197 0.7474989 0.4401727 0.7467864 0.4364866 0.7467864 0.4364866 0.7557919 0.4348635 0.7564613 0.4383197 0.7557919 0.4348635 0.7467864 0.4364866 0.7461681 0.4327837 0.7461681 0.4327837 0.7552111 0.4313916 0.7557919 0.4348635 0.7552111 0.4313916 0.7461681 0.4327837 0.7456449 0.4290664 0.7456449 0.4290664 0.7547195 0.4279069 0.7552111 0.4313916 0.7547195 0.4279069 0.7456449 0.4290664 0.7452169 0.4253367 0.7452169 0.4253367 0.7543175 0.4244114 0.7547195 0.4279069 0.7543175 0.4244114 0.7452169 0.4253367 0.744885 0.4215973 0.744885 0.4215973 0.7540057 0.4209075 0.7543175 0.4244114 0.7540057 0.4209075 0.744885 0.4215973 0.7446492 0.4178497 0.7446492 0.4178497 0.7537851 0.4173976 0.7540057 0.4209075 0.7537851 0.4173976 0.7446492 0.4178497 0.7445101 0.4140962 0.7445101 0.4140962 0.7536565 0.4138837 0.7537851 0.4173976 0.7536565 0.4138837 0.7445101 0.4140962 0.7444679 0.4103388 0.7444679 0.4103388 0.7536211 0.4103679 0.7536565 0.4138837 0.7536211 0.4103679 0.7444679 0.4103388 0.7445229 0.4065786 0.7445229 0.4065786 0.7536807 0.4068514 0.7536211 0.4103679 0.7536807 0.4068514 0.7445229 0.4065786 0.7446524 0.4029116 0.7446524 0.4029116 0.7538141 0.403429 0.7536807 0.4068514 0.7538381 0.4033195 0.7446709 0.4029003 0.7449024 0.3991316 0.7449024 0.3991316 0.7540398 0.3997939 0.7538381 0.4033195 0.7540398 0.3997939 0.7449024 0.3991316 0.7452311 0.3953856 0.7452311 0.3953856 0.7543389 0.39629 0.7540398 0.3997939 0.7543389 0.39629 0.7452311 0.3953856 0.7456561 0.3916523 0.7456561 0.3916523 0.7547321 0.3927963 0.7543389 0.39629 0.7547321 0.3927963 0.7456561 0.3916523 0.7461774 0.387933 0.7461774 0.387933 0.7552181 0.3893144 0.7547321 0.3927963 0.7552181 0.3893144 0.7461774 0.387933 0.7467942 0.3842297 0.7467942 0.3842297 0.7557952 0.3858461 0.7552181 0.3893144 0.7557952 0.3858461 0.7467942 0.3842297 0.7475062 0.3805438 0.7475062 0.3805438 0.7564626 0.3823933 0.7557952 0.3858461 0.7564626 0.3823933 0.7475062 0.3805438 0.7483126 0.3768778 0.7483126 0.3768778 0.7572194 0.3789582 0.7564626 0.3823933 0.7572194 0.3789582 0.7483126 0.3768778 0.7492129 0.3732337 0.7492129 0.3732337 0.7580651 0.3755427 0.7572194 0.3789582 0.7580651 0.3755427 0.7492129 0.3732337 0.7502061 0.3696135 0.7502061 0.3696135 0.758999 0.3721487 0.7580651 0.3755427 0.7502061 0.3696135 0.7089384 0.35773 0.7103385 0.3530906 0.7103385 0.3530906 0.7512909 0.3660188 0.7502061 0.3696135 0.7512816 0.4547035 0.7103156 0.4676114 0.7089179 0.4629706 0.7089179 0.4629706 0.7501976 0.4511073 0.7512816 0.4547035 0.7501976 0.4511073 0.7089179 0.4629706 0.7076386 0.4582958 0.7076386 0.4582958 0.7492052 0.4474854 0.7501976 0.4511073 0.7492052 0.4474854 0.7076386 0.4582958 0.7064785 0.45359 0.7064785 0.45359 0.7483054 0.4438398 0.7492052 0.4474854 0.7483054 0.4438398 0.7064785 0.45359 0.7054385 0.4488564 0.7054385 0.4488564 0.7474989 0.4401727 0.7483054 0.4438398 0.7474989 0.4401727 0.7054385 0.4488564 0.7045191 0.4440979 0.7045191 0.4440979 0.7467864 0.4364866 0.7474989 0.4401727 0.7467864 0.4364866 0.7045191 0.4440979 0.703721 0.4393176 0.703721 0.4393176 0.7461681 0.4327837 0.7467864 0.4364866 0.7461681 0.4327837 0.703721 0.4393176 0.7030447 0.4345185 0.7030447 0.4345185 0.7456449 0.4290664 0.7461681 0.4327837 0.7456449 0.4290664 0.7030447 0.4345185 0.7024906 0.4297038 0.7024906 0.4297038 0.7452169 0.4253367 0.7456449 0.4290664 0.7452169 0.4253367 0.7024906 0.4297038 0.7020592 0.4248767 0.7020592 0.4248767 0.744885 0.4215973 0.7452169 0.4253367 0.744885 0.4215973 0.7020592 0.4248767 0.7017504 0.4200399 0.7017504 0.4200399 0.7446492 0.4178497 0.744885 0.4215973 0.7446492 0.4178497 0.7017504 0.4200399 0.7015646 0.415197 0.7015646 0.415197 0.7445101 0.4140962 0.7446492 0.4178497 0.7445101 0.4140962 0.7015646 0.415197 0.7015016 0.4103505 0.7015016 0.4103505 0.7444679 0.4103388 0.7445101 0.4140962 0.7444679 0.4103388 0.7015016 0.4103505 0.7015615 0.4055041 0.7015615 0.4055041 0.7445229 0.4065786 0.7444679 0.4103388 0.7445229 0.4065786 0.7015615 0.4055041 0.7017299 0.400785 0.7017299 0.400785 0.7446524 0.4029116 0.7445229 0.4065786 0.7446709 0.4029003 0.7017551 0.4006595 0.7020572 0.3958185 0.7020572 0.3958185 0.7449024 0.3991316 0.7446709 0.4029003 0.7449024 0.3991316 0.7020572 0.3958185 0.7024923 0.3909912 0.7024923 0.3909912 0.7452311 0.3953856 0.7449024 0.3991316 0.7452311 0.3953856 0.7024923 0.3909912 0.7030494 0.3861765 0.7030494 0.3861765 0.7456561 0.3916523 0.7452311 0.3953856 0.7456561 0.3916523 0.7030494 0.3861765 0.7037287 0.3813779 0.7037287 0.3813779 0.7461774 0.387933 0.7456561 0.3916523 0.7461774 0.387933 0.7037287 0.3813779 0.7045295 0.3765981 0.7045295 0.3765981 0.7467942 0.3842297 0.7461774 0.387933 0.7467942 0.3842297 0.7045295 0.3765981 0.7054516 0.3718405 0.7054516 0.3718405 0.7475062 0.3805438 0.7467942 0.3842297 0.7475062 0.3805438 0.7054516 0.3718405 0.7064941 0.3671079 0.7064941 0.3671079 0.7483126 0.3768778 0.7475062 0.3805438 0.7483126 0.3768778 0.7064941 0.3671079 0.7076566 0.3624033 0.7076566 0.3624033 0.7492129 0.3732337 0.7483126 0.3768778 0.7492129 0.3732337 0.7076566 0.3624033 0.7089384 0.35773 0.7089384 0.35773 0.7502061 0.3696135 0.7492129 0.3732337 0.7089384 0.35773 0.7084191 0.3575804 0.7098239 0.3529279 0.7098239 0.3529279 0.7103385 0.3530906 0.7089384 0.35773 0.7103156 0.4676114 0.7098001 0.4677739 0.7083985 0.4631199 0.7083985 0.4631199 0.7089179 0.4629706 0.7103156 0.4676114 0.7089179 0.4629706 0.7083985 0.4631199 0.7071154 0.4584319 0.7071154 0.4584319 0.7076386 0.4582958 0.7089179 0.4629706 0.7076386 0.4582958 0.7071154 0.4584319 0.7059522 0.4537128 0.7059522 0.4537128 0.7064785 0.45359 0.7076386 0.4582958 0.7064785 0.45359 0.7059522 0.4537128 0.7049092 0.4489656 0.7049092 0.4489656 0.7054385 0.4488564 0.7064785 0.45359 0.7054385 0.4488564 0.7049092 0.4489656 0.7039872 0.4441936 0.7039872 0.4441936 0.7045191 0.4440979 0.7054385 0.4488564 0.7045191 0.4440979 0.7039872 0.4441936 0.7031868 0.4393997 0.7031868 0.4393997 0.703721 0.4393176 0.7045191 0.4440979 0.703721 0.4393176 0.7031868 0.4393997 0.7025086 0.4345871 0.7025086 0.4345871 0.7030447 0.4345185 0.703721 0.4393176 0.7030447 0.4345185 0.7025086 0.4345871 0.701953 0.429759 0.701953 0.429759 0.7024906 0.4297038 0.7030447 0.4345185 0.7024906 0.4297038 0.701953 0.429759 0.7015203 0.4249179 0.7015203 0.4249179 0.7020592 0.4248767 0.7024906 0.4297038 0.7020592 0.4248767 0.7015203 0.4249179 0.7012107 0.4200676 0.7012107 0.4200676 0.7017504 0.4200399 0.7020592 0.4248767 0.7017504 0.4200399 0.7012107 0.4200676 0.7010242 0.4152109 0.7010242 0.4152109 0.7015646 0.415197 0.7017504 0.4200399 0.7015646 0.415197 0.7010242 0.4152109 0.7009611 0.4103506 0.7009611 0.4103506 0.7015016 0.4103505 0.7015646 0.415197 0.7015016 0.4103505 0.7009611 0.4103506 0.7010225 0.4054902 0.7010225 0.4054902 0.7015615 0.4055041 0.7015016 0.4103505 0.7015615 0.4055041 0.7010225 0.4054902 0.7012028 0.4007792 0.7012028 0.4007792 0.7017299 0.400785 0.7015615 0.4055041 0.7017551 0.4006595 0.7012304 0.4006091 0.7015197 0.3957774 0.7015197 0.3957774 0.7020572 0.3958185 0.7017551 0.4006595 0.7020572 0.3958185 0.7015197 0.3957774 0.7019546 0.3909359 0.7019546 0.3909359 0.7024923 0.3909912 0.7020572 0.3958185 0.7024923 0.3909912 0.7019546 0.3909359 0.7025135 0.3861076 0.7025135 0.3861076 0.7030494 0.3861765 0.7024923 0.3909912 0.7030494 0.3861765 0.7025135 0.3861076 0.7031945 0.3812953 0.7031945 0.3812953 0.7037287 0.3813779 0.7030494 0.3861765 0.7037287 0.3813779 0.7031945 0.3812953 0.7039977 0.376502 0.7039977 0.376502 0.7045295 0.3765981 0.7037287 0.3813779 0.7045295 0.3765981 0.7039977 0.376502 0.7049223 0.3717309 0.7049223 0.3717309 0.7054516 0.3718405 0.7045295 0.3765981 0.7054516 0.3718405 0.7049223 0.3717309 0.7059679 0.366985 0.7059679 0.366985 0.7064941 0.3671079 0.7054516 0.3718405 0.7064941 0.3671079 0.7059679 0.366985 0.7071337 0.362267 0.7071337 0.362267 0.7076566 0.3624033 0.7064941 0.3671079 0.7076566 0.3624033 0.7071337 0.362267 0.7084191 0.3575804 0.7084191 0.3575804 0.7089384 0.35773 0.7076566 0.3624033 0.155387 0.6256819 0.1550311 0.6257016 0.15483 0.6205695 0.15483 0.6205695 0.155187 0.6205603 0.155387 0.6256819 0.1557212 0.6307966 0.1553671 0.6308265 0.1550311 0.6257016 0.1550311 0.6257016 0.155387 0.6256819 0.1557212 0.6307966 0.1561897 0.6359008 0.155838 0.6359406 0.1553671 0.6308265 0.1553671 0.6308265 0.1557212 0.6307966 0.1561897 0.6359008 0.156792 0.6409911 0.1564431 0.6410403 0.155838 0.6359406 0.155838 0.6359406 0.1561897 0.6359008 0.156792 0.6409911 0.1575279 0.6460637 0.1571822 0.6461221 0.1564431 0.6410403 0.1564431 0.6410403 0.156792 0.6409911 0.1575279 0.6460637 0.1583969 0.6511155 0.1580545 0.6511825 0.1571822 0.6461221 0.1571822 0.6461221 0.1575279 0.6460637 0.1583969 0.6511155 0.1593985 0.6561429 0.1590595 0.6562181 0.1580545 0.6511825 0.1580545 0.6511825 0.1583969 0.6511155 0.1593985 0.6561429 0.1605327 0.6611424 0.1601971 0.6612257 0.1590595 0.6562181 0.1590595 0.6562181 0.1593985 0.6561429 0.1605327 0.6611424 0.1618005 0.6661083 0.1614689 0.6661987 0.1601971 0.6612257 0.1601971 0.6612257 0.1605327 0.6611424 0.1618005 0.6661083 0.1631947 0.6710253 0.1628668 0.6711156 0.1614689 0.6661987 0.1614689 0.6661987 0.1618005 0.6661083 0.1631947 0.6710253 0.1645926 0.6758115 0.1642475 0.6758596 0.1628668 0.6711156 0.1628668 0.6711156 0.1631947 0.6710253 0.1645926 0.6758115 0.1647137 0.5549659 0.1632432 0.5598668 0.1629201 0.5597662 0.1629201 0.5597662 0.1643719 0.5549039 0.1647137 0.5549659 0.1618322 0.5647777 0.1615012 0.5646839 0.1629201 0.5597662 0.1629201 0.5597662 0.1632432 0.5598668 0.1618322 0.5647777 0.1605616 0.5697427 0.1602267 0.5696569 0.1615012 0.5646839 0.1615012 0.5646839 0.1618322 0.5647777 0.1605616 0.5697427 0.1594249 0.5747394 0.1590865 0.5746616 0.1602267 0.5696569 0.1602267 0.5696569 0.1605616 0.5697427 0.1594249 0.5747394 0.1584203 0.5797639 0.1580786 0.5796943 0.1590865 0.5746616 0.1590865 0.5746616 0.1594249 0.5747394 0.1584203 0.5797639 0.1575481 0.5848132 0.157203 0.5847522 0.1580786 0.5796943 0.1580786 0.5796943 0.1584203 0.5797639 0.1575481 0.5848132 0.1568091 0.5898839 0.1564606 0.5898318 0.157203 0.5847522 0.157203 0.5847522 0.1575481 0.5848132 0.1568091 0.5898839 0.1562034 0.5949726 0.155852 0.59493 0.1564606 0.5898318 0.1564606 0.5898318 0.1568091 0.5898839 0.1562034 0.5949726 0.1557316 0.6000755 0.1553779 0.6000428 0.155852 0.59493 0.155852 0.59493 0.1562034 0.5949726 0.1557316 0.6000755 0.1553939 0.6051893 0.1550382 0.6051668 0.1553779 0.6000428 0.1553779 0.6000428 0.1557316 0.6000755 0.1553939 0.6051893 0.1551905 0.6103104 0.1548336 0.6102983 0.1550382 0.6051668 0.1550382 0.6051668 0.1553939 0.6051893 0.1551905 0.6103104 0.1551215 0.6154351 0.1547641 0.6154338 0.1548336 0.6102983 0.1548336 0.6102983 0.1551905 0.6103104 0.1551215 0.6154351 0.155187 0.6205603 0.15483 0.6205695 0.1547641 0.6154338 0.1547641 0.6154338 0.1551215 0.6154351 0.155187 0.6205603 0.758999 0.3721487 0.7600249 0.3687801 0.7647319 0.3702822 0.7647319 0.3702822 0.7637439 0.3735253 0.758999 0.3721487 0.7600166 0.4519466 0.7589967 0.4485735 0.7637475 0.447201 0.7637475 0.447201 0.7647319 0.4504499 0.7600166 0.4519466 0.7589967 0.4485735 0.7580639 0.4451768 0.7628476 0.4439277 0.7628476 0.4439277 0.7637475 0.447201 0.7589967 0.4485735 0.7580639 0.4451768 0.7572186 0.4417582 0.7620323 0.4406324 0.7620323 0.4406324 0.7628476 0.4439277 0.7580639 0.4451768 0.7572186 0.4417582 0.7564613 0.4383197 0.7613015 0.4373174 0.7613015 0.4373174 0.7620323 0.4406324 0.7572186 0.4417582 0.7564613 0.4383197 0.7557919 0.4348635 0.7606555 0.4339852 0.7606555 0.4339852 0.7613015 0.4373174 0.7564613 0.4383197 0.7557919 0.4348635 0.7552111 0.4313916 0.7600947 0.4306382 0.7600947 0.4306382 0.7606555 0.4339852 0.7557919 0.4348635 0.7552111 0.4313916 0.7547195 0.4279069 0.7596193 0.4272788 0.7596193 0.4272788 0.7600947 0.4306382 0.7552111 0.4313916 0.7547195 0.4279069 0.7543175 0.4244114 0.7592304 0.4239096 0.7592304 0.4239096 0.7596193 0.4272788 0.7547195 0.4279069 0.7543175 0.4244114 0.7540057 0.4209075 0.758928 0.4205331 0.758928 0.4205331 0.7592304 0.4239096 0.7543175 0.4244114 0.7540057 0.4209075 0.7537851 0.4173976 0.7587132 0.4171519 0.7587132 0.4171519 0.758928 0.4205331 0.7540057 0.4209075 0.7537851 0.4173976 0.7536565 0.4138837 0.7585871 0.4137687 0.7585871 0.4137687 0.7587132 0.4171519 0.7537851 0.4173976 0.7536565 0.4138837 0.7536211 0.4103679 0.7585512 0.4103863 0.7585512 0.4103863 0.7585871 0.4137687 0.7536565 0.4138837 0.7536211 0.4103679 0.7536807 0.4068514 0.7586078 0.4070075 0.7586078 0.4070075 0.7585512 0.4103863 0.7536211 0.4103679 0.7536807 0.4068514 0.7538141 0.403429 0.7587365 0.403728 0.7587365 0.403728 0.7586078 0.4070075 0.7536807 0.4068514 0.7538381 0.4033195 0.7540398 0.3997939 0.7589573 0.4001411 0.7589573 0.4001411 0.7587664 0.4035239 0.7538381 0.4033195 0.7540398 0.3997939 0.7543389 0.39629 0.759245 0.3967738 0.759245 0.3967738 0.7589573 0.4001411 0.7540398 0.3997939 0.7543389 0.39629 0.7547321 0.3927963 0.7596248 0.3934128 0.7596248 0.3934128 0.759245 0.3967738 0.7543389 0.39629 0.7547321 0.3927963 0.7552181 0.3893144 0.7600944 0.3900607 0.7600944 0.3900607 0.7596248 0.3934128 0.7547321 0.3927963 0.7552181 0.3893144 0.7557952 0.3858461 0.760652 0.38672 0.760652 0.38672 0.7600944 0.3900607 0.7552181 0.3893144 0.7557952 0.3858461 0.7564626 0.3823933 0.7612963 0.3833935 0.7612963 0.3833935 0.760652 0.38672 0.7557952 0.3858461 0.7564626 0.3823933 0.7572194 0.3789582 0.7620267 0.3800837 0.7620267 0.3800837 0.7612963 0.3833935 0.7564626 0.3823933 0.7572194 0.3789582 0.7580651 0.3755427 0.7628426 0.3767934 0.7628426 0.3767934 0.7620267 0.3800837 0.7572194 0.3789582 0.7580651 0.3755427 0.758999 0.3721487 0.7637439 0.3735253 0.7637439 0.3735253 0.7628426 0.3767934 0.7580651 0.3755427 0.7709435 0.6346671 0.7702247 0.6319846 0.7729299 0.6338436 0.7729299 0.6338436 0.7723321 0.6370723 0.7709435 0.6346671 0.7723321 0.6370723 0.7729299 0.6338436 0.7755357 0.6354944 0.7755357 0.6354944 0.7742957 0.6390359 0.7723321 0.6370723 0.7767007 0.6404245 0.7782312 0.6368191 0.7810655 0.637785 0.7810655 0.637785 0.7793833 0.6411434 0.7767007 0.6404245 0.7821604 0.6411432 0.7840522 0.6384505 0.7872478 0.6390359 0.7872478 0.6390359 0.7848427 0.6404245 0.7821604 0.6411432 0.7702247 0.6319846 0.7702248 0.6292076 0.7736031 0.6308358 0.7736031 0.6308358 0.7729299 0.6338436 0.7702247 0.6319846 0.7729299 0.6338436 0.7736031 0.6308358 0.7766475 0.6323073 0.7766475 0.6323073 0.7755357 0.6354944 0.7729299 0.6338436 0.7782312 0.6368191 0.7795896 0.6336057 0.7825729 0.6347617 0.7825729 0.6347617 0.7810655 0.637785 0.7782312 0.6368191 0.7840522 0.6384505 0.7857263 0.6358574 0.7892115 0.6370723 0.7892115 0.6370723 0.7872478 0.6390359 0.7840522 0.6384505 0.7702248 0.6292076 0.7709435 0.6265251 0.7745697 0.6279993 0.7745697 0.6279993 0.7736031 0.6308358 0.7702248 0.6292076 0.7736031 0.6308358 0.7745697 0.6279993 0.7778056 0.6293189 0.7778056 0.6293189 0.7766475 0.6323073 0.7736031 0.6308358 0.7795896 0.6336057 0.7808546 0.6305751 0.783882 0.6318358 0.783882 0.6318358 0.7825729 0.6347617 0.7795896 0.6336057 0.7857263 0.6358574 0.7870567 0.6331717 0.7906001 0.6346672 0.7906001 0.6346672 0.7892115 0.6370723 0.7857263 0.6358574 0.7709435 0.6265251 0.7723321 0.6241201 0.7758893 0.6253162 0.7758893 0.6253162 0.7745697 0.6279993 0.7709435 0.6265251 0.7745697 0.6279993 0.7758893 0.6253162 0.7790948 0.6263988 0.7790948 0.6263988 0.7778056 0.6293189 0.7745697 0.6279993 0.7808546 0.6305751 0.7820982 0.6275493 0.7850203 0.6288533 0.7850203 0.6288533 0.783882 0.6318358 0.7808546 0.6305751 0.7870567 0.6331717 0.7880127 0.6303378 0.7913188 0.6319848 0.7913188 0.6319848 0.7906001 0.6346672 0.7870567 0.6331717 0.7723321 0.6241201 0.7742959 0.6221563 0.7775329 0.6227313 0.7775329 0.6227313 0.7758893 0.6253162 0.7723321 0.6241201 0.7758893 0.6253162 0.7775329 0.6227313 0.7805503 0.6233886 0.7805503 0.6233886 0.7790948 0.6263988 0.7758893 0.6253162 0.7820982 0.6275493 0.7833953 0.6243519 0.78608 0.6256791 0.78608 0.6256791 0.7850203 0.6288533 0.7820982 0.6275493 0.7880127 0.6303378 0.7886551 0.6273382 0.7913189 0.6292077 0.7913189 0.6292077 0.7913188 0.6319848 0.7880127 0.6303378 0.7759751 0.6207222 0.7765517 0.620485 0.7775329 0.6227313 0.7775329 0.6227313 0.7742959 0.6221563 0.7759751 0.6207222 0.7775329 0.6227313 0.7793834 0.6200492 0.7821605 0.6200491 0.7821605 0.6200491 0.7805503 0.6233886 0.7775329 0.6227313 0.7833953 0.6243519 0.7848429 0.6207678 0.787248 0.6221563 0.787248 0.6221563 0.78608 0.6256791 0.7833953 0.6243519 0.7886551 0.6273382 0.7892117 0.6241202 0.7906002 0.6265252 0.7906002 0.6265252 0.7913189 0.6292077 0.7886551 0.6273382 0.7767007 0.6404245 0.7742957 0.6390359 0.7755357 0.6354944 0.7755357 0.6354944 0.7782312 0.6368191 0.7767007 0.6404245 0.7821604 0.6411432 0.7793833 0.6411434 0.7810655 0.637785 0.7810655 0.637785 0.7840522 0.6384505 0.7821604 0.6411432 0.7782312 0.6368191 0.7755357 0.6354944 0.7766475 0.6323073 0.7766475 0.6323073 0.7795896 0.6336057 0.7782312 0.6368191 0.7840522 0.6384505 0.7810655 0.637785 0.7825729 0.6347617 0.7825729 0.6347617 0.7857263 0.6358574 0.7840522 0.6384505 0.7795896 0.6336057 0.7766475 0.6323073 0.7778056 0.6293189 0.7778056 0.6293189 0.7808546 0.6305751 0.7795896 0.6336057 0.7857263 0.6358574 0.7825729 0.6347617 0.783882 0.6318358 0.783882 0.6318358 0.7870567 0.6331717 0.7857263 0.6358574 0.7808546 0.6305751 0.7778056 0.6293189 0.7790948 0.6263988 0.7790948 0.6263988 0.7820982 0.6275493 0.7808546 0.6305751 0.7870567 0.6331717 0.783882 0.6318358 0.7850203 0.6288533 0.7850203 0.6288533 0.7880127 0.6303378 0.7870567 0.6331717 0.7820982 0.6275493 0.7790948 0.6263988 0.7805503 0.6233886 0.7805503 0.6233886 0.7833953 0.6243519 0.7820982 0.6275493 0.7880127 0.6303378 0.7850203 0.6288533 0.78608 0.6256791 0.78608 0.6256791 0.7886551 0.6273382 0.7880127 0.6303378 0.7833953 0.6243519 0.7805503 0.6233886 0.7821605 0.6200491 0.7821605 0.6200491 0.7848429 0.6207678 0.7833953 0.6243519 0.7886551 0.6273382 0.78608 0.6256791 0.787248 0.6221563 0.787248 0.6221563 0.7892117 0.6241202 0.7886551 0.6273382 0.7927646 0.6256287 0.7936416 0.6289019 0.7913189 0.6292077 0.7913189 0.6292077 0.7906002 0.6265252 0.7927646 0.6256287 0.7936416 0.6289019 0.7936416 0.6322906 0.7913188 0.6319848 0.7913188 0.6319848 0.7913189 0.6292077 0.7936416 0.6289019 0.7936416 0.6322906 0.7927646 0.6355637 0.7906001 0.6346672 0.7906001 0.6346672 0.7913188 0.6319848 0.7936416 0.6322906 0.7927646 0.6355637 0.7910702 0.6384986 0.7892115 0.6370723 0.7892115 0.6370723 0.7906001 0.6346672 0.7927646 0.6355637 0.7910702 0.6384986 0.7886741 0.6408946 0.7872478 0.6390359 0.7872478 0.6390359 0.7892115 0.6370723 0.7910702 0.6384986 0.7886741 0.6408946 0.7857394 0.6425889 0.7848427 0.6404245 0.7848427 0.6404245 0.7872478 0.6390359 0.7886741 0.6408946 0.7857394 0.6425889 0.7824662 0.643466 0.7821604 0.6411432 0.7821604 0.6411432 0.7848427 0.6404245 0.7857394 0.6425889 0.7824662 0.643466 0.7790774 0.643466 0.7793833 0.6411434 0.7793833 0.6411434 0.7821604 0.6411432 0.7824662 0.643466 0.7790774 0.643466 0.7758042 0.6425889 0.7767007 0.6404245 0.7767007 0.6404245 0.7793833 0.6411434 0.7790774 0.643466 0.7758042 0.6425889 0.7728696 0.6408945 0.7742957 0.6390359 0.7742957 0.6390359 0.7767007 0.6404245 0.7758042 0.6425889 0.7728696 0.6408945 0.7704734 0.6384984 0.7723321 0.6370723 0.7723321 0.6370723 0.7742957 0.6390359 0.7728696 0.6408945 0.7704734 0.6384984 0.7687791 0.6355635 0.7709435 0.6346671 0.7709435 0.6346671 0.7723321 0.6370723 0.7704734 0.6384984 0.7687791 0.6355635 0.7679021 0.6322904 0.7702247 0.6319846 0.7702247 0.6319846 0.7709435 0.6346671 0.7687791 0.6355635 0.7679021 0.6322904 0.7679021 0.6289018 0.7702248 0.6292076 0.7702248 0.6292076 0.7702247 0.6319846 0.7679021 0.6322904 0.7679021 0.6289018 0.7687791 0.6256285 0.7709435 0.6265251 0.7709435 0.6265251 0.7702248 0.6292076 0.7679021 0.6289018 0.7687791 0.6256285 0.7704734 0.622694 0.7723321 0.6241201 0.7723321 0.6241201 0.7709435 0.6265251 0.7687791 0.6256285 0.7704734 0.622694 0.7728697 0.6202977 0.7742959 0.6221563 0.7742959 0.6221563 0.7723321 0.6241201 0.7704734 0.622694 0.7728697 0.6202977 0.7756202 0.6184852 0.7759751 0.6207222 0.7759751 0.6207222 0.7742959 0.6221563 0.7728697 0.6202977 0.7757976 0.6186217 0.7790776 0.6177263 0.7793834 0.6200492 0.7793834 0.6200492 0.7772994 0.6202797 0.7757976 0.6186217 0.7790776 0.6177263 0.7824663 0.6177265 0.7821605 0.6200491 0.7821605 0.6200491 0.7793834 0.6200492 0.7790776 0.6177263 0.7824663 0.6177265 0.7857395 0.6186034 0.7848429 0.6207678 0.7848429 0.6207678 0.7821605 0.6200491 0.7824663 0.6177265 0.7857395 0.6186034 0.7886742 0.6202978 0.787248 0.6221563 0.787248 0.6221563 0.7848429 0.6207678 0.7857395 0.6186034 0.7886742 0.6202978 0.7910703 0.6226941 0.7892117 0.6241202 0.7892117 0.6241202 0.787248 0.6221563 0.7886742 0.6202978 0.7910703 0.6226941 0.7927646 0.6256287 0.7906002 0.6265252 0.7906002 0.6265252 0.7892117 0.6241202 0.7910703 0.6226941 0.221541 0.6573371 0.2215574 0.6574106 0.2209873 0.6576144 0.2209873 0.6576144 0.2209765 0.6575313 0.221541 0.6573371 0.2147875 0.6595177 0.2148462 0.6596284 0.2129074 0.6602597 0.2129074 0.6602597 0.2128512 0.6601482 0.2147875 0.6595177 0.1653692 0.6756067 0.1654047 0.675727 0.1651693 0.6757969 0.1651693 0.6757969 0.1651368 0.6756793 0.1653692 0.6756067 0.2216692 0.5735337 0.2216252 0.5734239 0.2226089 0.5740099 0.2226089 0.5740099 0.2225062 0.5743154 0.2216692 0.5735337 0.2227292 0.5740627 0.2242098 0.5745536 0.2241107 0.5748581 0.2241107 0.5748581 0.2226217 0.5743674 0.2227292 0.5740627 0.7022757 0.6474115 0.7019796 0.6473273 0.7024654 0.6459578 0.7024654 0.6459578 0.7029762 0.6460533 0.7022757 0.6474115 0.2215238 0.5734744 0.221522 0.5733575 0.2216252 0.5734239 0.2216252 0.5734239 0.2216692 0.5735337 0.2215238 0.5734744 0.2227203 0.6563888 0.2227366 0.6564529 0.2226405 0.6564654 0.2226405 0.6564654 0.2226182 0.6564382 0.2227203 0.6563888 0.2169048 0.658849 0.2169231 0.6589297 0.2148462 0.6596284 0.2148462 0.6596284 0.2147875 0.6595177 0.2169048 0.658849 0.2171738 0.6587808 0.2171819 0.6588681 0.2170118 0.6589275 0.2170118 0.6589275 0.2169935 0.6588224 0.2171738 0.6587808 0.2172778 0.6588585 0.2171819 0.6588681 0.2171738 0.6587808 0.2171738 0.6587808 0.2172741 0.6587843 0.2172778 0.6588585 0.2169522 0.5719906 0.2169741 0.5718634 0.2170153 0.5719473 0.2170153 0.5719473 0.2170155 0.5720444 0.2169522 0.5719906 0.7446616 0.402906 0.7538267 0.4033743 0.7538141 0.403429 0.7538141 0.403429 0.7446524 0.4029116 0.7446616 0.402906 0.7017379 0.4007222 0.7446616 0.402906 0.7446524 0.4029116 0.7446524 0.4029116 0.7017299 0.400785 0.7017379 0.4007222 0.7012212 0.4006937 0.7017379 0.4007222 0.7017299 0.400785 0.7017299 0.400785 0.7012028 0.4007792 0.7012212 0.4006937 0.164603 0.6759376 0.1642683 0.6759854 0.1642475 0.6758596 0.1642475 0.6758596 0.1645926 0.6758115 0.164603 0.6759376 0.7538267 0.4033743 0.7587512 0.403626 0.7587365 0.403728 0.7587365 0.403728 0.7538141 0.403429 0.7538267 0.4033743 0.775709 0.6185534 0.7765517 0.620485 0.7759751 0.6207222 0.7759751 0.6207222 0.7756202 0.6184852 0.775709 0.6185534 0.221522 0.5733575 0.2215238 0.5734744 0.2209546 0.5732861 0.2209546 0.5732861 0.2209823 0.5731757 0.221522 0.5733575 0.2148509 0.5712578 0.2148374 0.5713129 0.2129031 0.5706809 0.2129031 0.5706809 0.212916 0.5706259 0.2148509 0.5712578 0.1654672 0.5551317 0.1654634 0.5551826 0.1652417 0.5551088 0.1652417 0.5551088 0.1652764 0.5550463 0.1654672 0.5551317 0.221686 0.65735 0.2216739 0.6572742 0.2226182 0.6564382 0.2226182 0.6564382 0.2226405 0.6564654 0.221686 0.65735 0.2227203 0.6563888 0.2241914 0.6558786 0.2242098 0.6559274 0.2242098 0.6559274 0.2227366 0.6564529 0.2227203 0.6563888 0.7019796 0.6473273 0.7016235 0.6472049 0.7019436 0.645648 0.7019436 0.645648 0.7024654 0.6459578 0.7019796 0.6473273 0.2215574 0.6574106 0.221541 0.6573371 0.2216739 0.6572742 0.2216739 0.6572742 0.221686 0.65735 0.2215574 0.6574106 0.2227292 0.5740627 0.2226217 0.5743674 0.2225062 0.5743154 0.2225062 0.5743154 0.2226089 0.5740099 0.2227292 0.5740627 0.2169741 0.5718634 0.2169522 0.5719906 0.2148374 0.5713129 0.2148374 0.5713129 0.2148509 0.5712578 0.2169741 0.5718634 0.2172088 0.5719906 0.2171769 0.5720858 0.2170155 0.5720444 0.2170155 0.5720444 0.2170153 0.5719473 0.2172088 0.5719906 0.2172558 0.5720562 0.2171769 0.5720858 0.2172088 0.5719906 0.2172088 0.5719906 0.2172778 0.5719152 0.2172558 0.5720562 0.2169231 0.6589297 0.2169048 0.658849 0.2169935 0.6588224 0.2169935 0.6588224 0.2170118 0.6589275 0.2169231 0.6589297 0.7446709 0.4029003 0.7538381 0.4033195 0.7538267 0.4033743 0.7538267 0.4033743 0.7446616 0.402906 0.7446709 0.4029003 0.7017379 0.4007222 0.7017551 0.4006595 0.7446709 0.4029003 0.7446709 0.4029003 0.7446616 0.402906 0.7017379 0.4007222 0.7012304 0.4006091 0.7017551 0.4006595 0.7017379 0.4007222 0.7017379 0.4007222 0.7012212 0.4006937 0.7012304 0.4006091 0.1647137 0.5549659 0.1643719 0.5549039 0.1644659 0.5548492 0.1644659 0.5548492 0.164798 0.5548966 0.1647137 0.5549659 0.7538381 0.4033195 0.7587664 0.4035239 0.7587512 0.403626 0.7587512 0.403626 0.7538267 0.4033743 0.7538381 0.4033195 0.7757976 0.6186217 0.7772994 0.6202797 0.7765517 0.620485 0.7765517 0.620485 0.775709 0.6185534 0.7757976 0.6186217 0.7019436 0.645648 0.7001395 0.6444625 0.7034291 0.6438783 0.7034291 0.6438783 0.7024654 0.6459578 0.7019436 0.645648 0.7765517 0.620485 0.7772994 0.6202797 0.7793834 0.6200492 0.7793834 0.6200492 0.7775329 0.6227313 0.7765517 0.620485 0.2105798 0.6081034 0.2108187 0.604437 0.2146386 0.6047352 0.2146386 0.6047352 0.2144069 0.6083024 0.2105798 0.6081034 0.2104365 0.6117752 0.2105798 0.6081034 0.2144069 0.6083024 0.2144069 0.6083024 0.2142678 0.6118747 0.2104365 0.6117752 0.2103886 0.6154496 0.2104365 0.6117752 0.2142678 0.6118747 0.2142678 0.6118747 0.2142214 0.6154497 0.2103886 0.6154496 0.2104364 0.6191242 0.2103886 0.6154496 0.2142214 0.6154497 0.2142214 0.6154497 0.2142678 0.6190248 0.2104364 0.6191242 0.2105796 0.6227961 0.2104364 0.6191242 0.2142678 0.6190248 0.2142678 0.6190248 0.2144068 0.6225972 0.2105796 0.6227961 0.2108183 0.6264627 0.2105796 0.6227961 0.2144068 0.6225972 0.2144068 0.6225972 0.2146384 0.6261646 0.2108183 0.6264627 0.2111523 0.6301211 0.2108183 0.6264627 0.2146384 0.6261646 0.2146384 0.6261646 0.2149621 0.629724 0.2111523 0.6301211 0.2115815 0.6337684 0.2111523 0.6301211 0.2149621 0.629724 0.2149621 0.629724 0.2153776 0.6332722 0.2115815 0.6337684 0.212106 0.6374018 0.2115815 0.6337684 0.2153776 0.6332722 0.2153776 0.6332722 0.2158852 0.6368061 0.212106 0.6374018 0.2127263 0.6410182 0.212106 0.6374018 0.2158852 0.6368061 0.2158852 0.6368061 0.216485 0.6403217 0.2127263 0.6410182 0.213443 0.6446148 0.2127263 0.6410182 0.216485 0.6403217 0.216485 0.6403217 0.2171791 0.6438153 0.213443 0.6446148 0.2142578 0.6481912 0.213443 0.6446148 0.2171791 0.6438153 0.2171791 0.6438153 0.2179718 0.6472839 0.2142578 0.6481912 0.2151728 0.6517506 0.2142578 0.6481912 0.2179718 0.6472839 0.2179718 0.6472839 0.2188721 0.6507294 0.2151728 0.6517506 0.2161917 0.6553046 0.2151728 0.6517506 0.2188721 0.6507294 0.2188721 0.6507294 0.2198922 0.6541664 0.2161917 0.6553046 0.2209765 0.6575313 0.2172741 0.6587843 0.2161917 0.6553046 0.2161917 0.6553046 0.2198922 0.6541664 0.2209765 0.6575313 0.2161511 0.5756202 0.2172558 0.5720562 0.2209546 0.5732861 0.2209546 0.5732861 0.2198327 0.5767333 0.2161511 0.5756202 0.2151512 0.5791591 0.2161511 0.5756202 0.2198327 0.5767333 0.2198327 0.5767333 0.2188414 0.58016 0.2151512 0.5791591 0.2142469 0.5827112 0.2151512 0.5791591 0.2188414 0.58016 0.2188414 0.58016 0.2179589 0.5836063 0.2142469 0.5827112 0.2134379 0.5862852 0.2142469 0.5827112 0.2179589 0.5836063 0.2179589 0.5836063 0.2171751 0.5870785 0.2134379 0.5862852 0.2127242 0.5898817 0.2134379 0.5862852 0.2171751 0.5870785 0.2171751 0.5870785 0.2164845 0.590575 0.2127242 0.5898817 0.2121055 0.5934982 0.2127242 0.5898817 0.2164845 0.590575 0.2164845 0.590575 0.2158858 0.5940925 0.2121055 0.5934982 0.2115818 0.5971315 0.2121055 0.5934982 0.2158858 0.5940925 0.2158858 0.5940925 0.2153785 0.5976273 0.2115818 0.5971315 0.2111527 0.6007788 0.2115818 0.5971315 0.2153785 0.5976273 0.2153785 0.5976273 0.2149626 0.6011759 0.2111527 0.6007788 0.2108187 0.604437 0.2111527 0.6007788 0.2149626 0.6011759 0.2149626 0.6011759 0.2146386 0.6047352 0.2108187 0.604437 0.2172778 0.6588585 0.2172741 0.6587843 0.2209765 0.6575313 0.2209765 0.6575313 0.2209873 0.6576144 0.2172778 0.6588585 0.2172558 0.5720562 0.2172778 0.5719152 0.2209823 0.5731757 0.2209823 0.5731757 0.2209546 0.5732861 0.2172558 0.5720562 0.1544547 0.6257333 0.154252 0.6205843 0.15483 0.6205695 0.15483 0.6205695 0.1550311 0.6257016 0.1544547 0.6257333 0.1547931 0.6308751 0.1544547 0.6257333 0.1550311 0.6257016 0.1550311 0.6257016 0.1553671 0.6308265 0.1547931 0.6308751 0.1552671 0.6360053 0.1547931 0.6308751 0.1553671 0.6308265 0.1553671 0.6308265 0.155838 0.6359406 0.1552671 0.6360053 0.1558762 0.6411204 0.1552671 0.6360053 0.155838 0.6359406 0.155838 0.6359406 0.1564431 0.6410403 0.1558762 0.6411204 0.1566196 0.6462171 0.1558762 0.6411204 0.1564431 0.6410403 0.1564431 0.6410403 0.1571822 0.6461221 0.1566196 0.6462171 0.1574966 0.6512916 0.1566196 0.6462171 0.1571822 0.6461221 0.1571822 0.6461221 0.1580545 0.6511825 0.1574966 0.6512916 0.1585063 0.6563407 0.1574966 0.6512916 0.1580545 0.6511825 0.1580545 0.6511825 0.1590595 0.6562181 0.1585063 0.6563407 0.1596488 0.6613616 0.1585063 0.6563407 0.1590595 0.6562181 0.1590595 0.6562181 0.1601971 0.6612257 0.1596488 0.6613616 0.1609269 0.6663465 0.1596488 0.6613616 0.1601971 0.6612257 0.1601971 0.6612257 0.1614689 0.6661987 0.1609269 0.6663465 0.1623304 0.6712633 0.1609269 0.6663465 0.1614689 0.6661987 0.1614689 0.6661987 0.1628668 0.6711156 0.1623304 0.6712633 0.1636831 0.6759384 0.1623304 0.6712633 0.1628668 0.6711156 0.1628668 0.6711156 0.1642475 0.6758596 0.1636831 0.6759384 0.1623916 0.5596016 0.1638121 0.5548024 0.1643719 0.5549039 0.1643719 0.5549039 0.1629201 0.5597662 0.1623916 0.5596016 0.1609602 0.5645303 0.1623916 0.5596016 0.1629201 0.5597662 0.1629201 0.5597662 0.1615012 0.5646839 0.1609602 0.5645303 0.1596795 0.5695168 0.1609602 0.5645303 0.1615012 0.5646839 0.1615012 0.5646839 0.1602267 0.5696569 0.1596795 0.5695168 0.1585344 0.5745348 0.1596795 0.5695168 0.1602267 0.5696569 0.1602267 0.5696569 0.1590865 0.5746616 0.1585344 0.5745348 0.1575217 0.5795809 0.1585344 0.5745348 0.1590865 0.5746616 0.1590865 0.5746616 0.1580786 0.5796943 0.1575217 0.5795809 0.1566412 0.5846529 0.1575217 0.5795809 0.1580786 0.5796943 0.1580786 0.5796943 0.157203 0.5847522 0.1566412 0.5846529 0.1558944 0.5897473 0.1566412 0.5846529 0.157203 0.5847522 0.157203 0.5847522 0.1564606 0.5898318 0.1558944 0.5897473 0.1552817 0.5948608 0.1558944 0.5897473 0.1564606 0.5898318 0.1564606 0.5898318 0.155852 0.59493 0.1552817 0.5948608 0.1548042 0.5999898 0.1552817 0.5948608 0.155852 0.59493 0.155852 0.59493 0.1553779 0.6000428 0.1548042 0.5999898 0.154462 0.6051304 0.1548042 0.5999898 0.1553779 0.6000428 0.1553779 0.6000428 0.1550382 0.6051668 0.154462 0.6051304 0.1542558 0.610279 0.154462 0.6051304 0.1550382 0.6051668 0.1550382 0.6051668 0.1548336 0.6102983 0.1542558 0.610279 0.1541858 0.6154316 0.1542558 0.610279 0.1548336 0.6102983 0.1548336 0.6102983 0.1547641 0.6154338 0.1541858 0.6154316 0.154252 0.6205843 0.1541858 0.6154316 0.1547641 0.6154338 0.1547641 0.6154338 0.15483 0.6205695 0.154252 0.6205843 0.1642683 0.6759854 0.1637262 0.6760637 0.1636831 0.6759384 0.1636831 0.6759384 0.1642475 0.6758596 0.1642683 0.6759854 0.1643719 0.5549039 0.1638121 0.5548024 0.1639223 0.5547718 0.1639223 0.5547718 0.1644659 0.5548492 0.1643719 0.5549039 0.1559337 0.6052201 0.1553939 0.6051893 0.1557316 0.6000755 0.1557316 0.6000755 0.1562702 0.600121 0.1559337 0.6052201 0.155731 0.6103264 0.1551905 0.6103104 0.1553939 0.6051893 0.1553939 0.6051893 0.1559337 0.6052201 0.155731 0.6103264 0.1556623 0.6154363 0.1551215 0.6154351 0.1551905 0.6103104 0.1551905 0.6103104 0.155731 0.6103264 0.1556623 0.6154363 0.1557276 0.6205464 0.155187 0.6205603 0.1551215 0.6154351 0.1551215 0.6154351 0.1556623 0.6154363 0.1557276 0.6205464 0.1559269 0.625653 0.155387 0.6256819 0.155187 0.6205603 0.155187 0.6205603 0.1557276 0.6205464 0.1559269 0.625653 0.1562601 0.630753 0.1557212 0.6307966 0.155387 0.6256819 0.155387 0.6256819 0.1559269 0.625653 0.1562601 0.630753 0.1567269 0.6358427 0.1561897 0.6359008 0.1557212 0.6307966 0.1557212 0.6307966 0.1562601 0.630753 0.1567269 0.6358427 0.1573274 0.6409186 0.156792 0.6409911 0.1561897 0.6359008 0.1561897 0.6359008 0.1567269 0.6358427 0.1573274 0.6409186 0.1580609 0.6459771 0.1575279 0.6460637 0.156792 0.6409911 0.156792 0.6409911 0.1573274 0.6409186 0.1580609 0.6459771 0.1589273 0.6510151 0.1583969 0.6511155 0.1575279 0.6460637 0.1575279 0.6460637 0.1580609 0.6459771 0.1589273 0.6510151 0.159926 0.6560288 0.1593985 0.6561429 0.1583969 0.6511155 0.1583969 0.6511155 0.1589273 0.6510151 0.159926 0.6560288 0.1610566 0.6610147 0.1605327 0.6611424 0.1593985 0.6561429 0.1593985 0.6561429 0.159926 0.6560288 0.1610566 0.6610147 0.1623184 0.6659681 0.1618005 0.6661083 0.1605327 0.6611424 0.1605327 0.6611424 0.1610566 0.6610147 0.1623184 0.6659681 0.163705 0.6708839 0.1631947 0.6710253 0.1618005 0.6661083 0.1618005 0.6661083 0.1623184 0.6659681 0.163705 0.6708839 0.1651368 0.6756793 0.1645926 0.6758115 0.1631947 0.6710253 0.1631947 0.6710253 0.163705 0.6708839 0.1651368 0.6756793 0.1637468 0.5600148 0.1632432 0.5598668 0.1647137 0.5549659 0.1647137 0.5549659 0.1652417 0.5551088 0.1637468 0.5600148 0.1623504 0.5649215 0.1618322 0.5647777 0.1632432 0.5598668 0.1632432 0.5598668 0.1637468 0.5600148 0.1623504 0.5649215 0.1610852 0.5698724 0.1605616 0.5697427 0.1618322 0.5647777 0.1618322 0.5647777 0.1623504 0.5649215 0.1610852 0.5698724 0.1599518 0.5748554 0.1594249 0.5747394 0.1605616 0.5697427 0.1605616 0.5697427 0.1610852 0.5698724 0.1599518 0.5748554 0.15895 0.5798663 0.1584203 0.5797639 0.1594249 0.5747394 0.1594249 0.5747394 0.1599518 0.5748554 0.15895 0.5798663 0.1580807 0.5849018 0.1575481 0.5848132 0.1584203 0.5797639 0.1584203 0.5797639 0.15895 0.5798663 0.1580807 0.5849018 0.157344 0.5899584 0.1568091 0.5898839 0.1575481 0.5848132 0.1575481 0.5848132 0.1580807 0.5849018 0.157344 0.5899584 0.1567404 0.5950326 0.1562034 0.5949726 0.1568091 0.5898839 0.1568091 0.5898839 0.157344 0.5899584 0.1567404 0.5950326 0.1562702 0.600121 0.1557316 0.6000755 0.1562034 0.5949726 0.1562034 0.5949726 0.1567404 0.5950326 0.1562702 0.600121 0.1645926 0.6758115 0.1651368 0.6756793 0.1651693 0.6757969 0.1651693 0.6757969 0.164603 0.6759376 0.1645926 0.6758115 0.164798 0.5548966 0.1652764 0.5550463 0.1652417 0.5551088 0.1652417 0.5551088 0.1647137 0.5549659 0.164798 0.5548966 0.156163 0.6052322 0.156499 0.6001392 0.1567579 0.6001596 0.1567579 0.6001596 0.1564223 0.6052458 0.156163 0.6052322 0.1559606 0.6103324 0.156163 0.6052322 0.1564223 0.6052458 0.1564223 0.6052458 0.1562201 0.6103392 0.1559606 0.6103324 0.155892 0.6154363 0.1559606 0.6103324 0.1562201 0.6103392 0.1562201 0.6103392 0.1561516 0.6154364 0.155892 0.6154363 0.1559572 0.6205404 0.155892 0.6154363 0.1561516 0.6154364 0.1561516 0.6154364 0.1562168 0.6205336 0.1559572 0.6205404 0.1561562 0.6256411 0.1559572 0.6205404 0.1562168 0.6205336 0.1562168 0.6205336 0.1564156 0.6256276 0.1561562 0.6256411 0.1564889 0.6307352 0.1561562 0.6256411 0.1564156 0.6256276 0.1564156 0.6256276 0.1567478 0.6307147 0.1564889 0.6307352 0.1569553 0.6358187 0.1564889 0.6307352 0.1567478 0.6307147 0.1567478 0.6307147 0.1572134 0.6357916 0.1569553 0.6358187 0.157555 0.6408886 0.1569553 0.6358187 0.1572134 0.6357916 0.1572134 0.6357916 0.1578124 0.6408547 0.157555 0.6408886 0.1582875 0.6459413 0.157555 0.6408886 0.1578124 0.6408547 0.1578124 0.6408547 0.158544 0.6459006 0.1582875 0.6459413 0.1591528 0.6509732 0.1582875 0.6459413 0.158544 0.6459006 0.158544 0.6459006 0.1594082 0.6509258 0.1591528 0.6509732 0.1601502 0.655981 0.1591528 0.6509732 0.1594082 0.6509258 0.1594082 0.6509258 0.1604042 0.6559268 0.1601502 0.655981 0.1612794 0.6609609 0.1601502 0.655981 0.1604042 0.6559268 0.1604042 0.6559268 0.1615319 0.6609002 0.1612794 0.6609609 0.1625384 0.665909 0.1612794 0.6609609 0.1615319 0.6609002 0.1615319 0.6609002 0.1627892 0.6658416 0.1625384 0.665909 0.1639209 0.6708238 0.1625384 0.665909 0.1627892 0.6658416 0.1627892 0.6658416 0.1641699 0.6707498 0.1639209 0.6708238 0.1653692 0.6756067 0.1639209 0.6708238 0.1641699 0.6707498 0.1641699 0.6707498 0.1656163 0.6755263 0.1653692 0.6756067 0.16396 0.560075 0.1654634 0.5551826 0.1657103 0.5552633 0.1657103 0.5552633 0.1642088 0.5601491 0.16396 0.560075 0.162571 0.5649818 0.16396 0.560075 0.1642088 0.5601491 0.1642088 0.5601491 0.1628216 0.5650494 0.162571 0.5649818 0.1613081 0.5699265 0.162571 0.5649818 0.1628216 0.5650494 0.1628216 0.5650494 0.1615604 0.5699873 0.1613081 0.5699265 0.160176 0.5749033 0.1613081 0.5699265 0.1615604 0.5699873 0.1615604 0.5699873 0.1604297 0.5749575 0.160176 0.5749033 0.1591756 0.5799083 0.160176 0.5749033 0.1604297 0.5749575 0.1604297 0.5749575 0.1594308 0.5799559 0.1591756 0.5799083 0.1583073 0.5849379 0.1591756 0.5799083 0.1594308 0.5799559 0.1594308 0.5799559 0.1585636 0.5849786 0.1583073 0.5849379 0.1575714 0.5899885 0.1583073 0.5849379 0.1585636 0.5849786 0.1585636 0.5849786 0.1578288 0.5900225 0.1575714 0.5899885 0.1569685 0.5950567 0.1575714 0.5899885 0.1578288 0.5900225 0.1578288 0.5900225 0.1572268 0.595084 0.1569685 0.5950567 0.156499 0.6001392 0.1569685 0.5950567 0.1572268 0.595084 0.1572268 0.595084 0.1567579 0.6001596 0.156499 0.6001392 0.1654047 0.675727 0.1653692 0.6756067 0.1656163 0.6755263 0.1656163 0.6755263 0.165607 0.6756619 0.1654047 0.675727 0.1654634 0.5551826 0.1654672 0.5551317 0.1657141 0.5552124 0.1657141 0.5552124 0.1657103 0.5552633 0.1654634 0.5551826 0.1599695 0.6054332 0.1602988 0.60044 0.1631957 0.6006693 0.1631957 0.6006693 0.1628718 0.6055864 0.1599695 0.6054332 0.1597712 0.6104334 0.1599695 0.6054332 0.1628718 0.6055864 0.1628718 0.6055864 0.1626766 0.6105104 0.1597712 0.6104334 0.1597041 0.6154373 0.1597712 0.6104334 0.1626766 0.6105104 0.1626766 0.6105104 0.1626105 0.6154381 0.1597041 0.6154373 0.159768 0.6204413 0.1597041 0.6154373 0.1626105 0.6154381 0.1626105 0.6154381 0.1626736 0.6203659 0.159768 0.6204413 0.1599633 0.6254421 0.159768 0.6204413 0.1626736 0.6203659 0.1626736 0.6203659 0.1628658 0.6252902 0.1599633 0.6254421 0.1602894 0.6304361 0.1599633 0.6254421 0.1628658 0.6252902 0.1628658 0.6252902 0.163187 0.6302083 0.1602894 0.6304361 0.1607465 0.63542 0.1602894 0.6304361 0.163187 0.6302083 0.163187 0.6302083 0.1636372 0.6351161 0.1607465 0.63542 0.1613343 0.6403904 0.1607465 0.63542 0.1636372 0.6351161 0.1636372 0.6351161 0.1642159 0.6400105 0.1613343 0.6403904 0.1620525 0.6453437 0.1613343 0.6403904 0.1642159 0.6400105 0.1642159 0.6400105 0.1649231 0.6448882 0.1620525 0.6453437 0.1629007 0.6502768 0.1620525 0.6453437 0.1649231 0.6448882 0.1649231 0.6448882 0.1657584 0.6497458 0.1629007 0.6502768 0.1638787 0.6551862 0.1629007 0.6502768 0.1657584 0.6497458 0.1657584 0.6497458 0.1667215 0.6545801 0.1638787 0.6551862 0.1649859 0.660068 0.1638787 0.6551862 0.1667215 0.6545801 0.1667215 0.6545801 0.1678119 0.6593875 0.1649859 0.660068 0.1662207 0.6649191 0.1649859 0.660068 0.1678119 0.6593875 0.1678119 0.6593875 0.1690281 0.6641646 0.1662207 0.6649191 0.1675767 0.6697377 0.1662207 0.6649191 0.1690281 0.6641646 0.1690281 0.6641646 0.1703642 0.6689097 0.1675767 0.6697377 0.1689968 0.6744257 0.1675767 0.6697377 0.1703642 0.6689097 0.1703642 0.6689097 0.1717626 0.6735251 0.1689968 0.6744257 0.1676123 0.5611627 0.1690879 0.5563668 0.1718512 0.5572696 0.1718512 0.5572696 0.1703969 0.5619919 0.1676123 0.5611627 0.1662499 0.5659732 0.1676123 0.5611627 0.1703969 0.5619919 0.1703969 0.5619919 0.1690551 0.5667291 0.1662499 0.5659732 0.1650118 0.5708206 0.1662499 0.5659732 0.1690551 0.5667291 0.1690551 0.5667291 0.1678357 0.5715025 0.1650118 0.5708206 0.1639021 0.5756997 0.1650118 0.5708206 0.1678357 0.5715025 0.1678357 0.5715025 0.1667431 0.5763068 0.1639021 0.5756997 0.1629216 0.5806062 0.1639021 0.5756997 0.1667431 0.5763068 0.1667431 0.5763068 0.1657778 0.5811383 0.1629216 0.5806062 0.1620706 0.585537 0.1629216 0.5806062 0.1657778 0.5811383 0.1657778 0.5811383 0.1649401 0.5859937 0.1620706 0.585537 0.1613496 0.5904884 0.1620706 0.585537 0.1649401 0.5859937 0.1649401 0.5859937 0.1642302 0.5908696 0.1613496 0.5904884 0.1607589 0.5954573 0.1613496 0.5904884 0.1642302 0.5908696 0.1642302 0.5908696 0.1636488 0.5957626 0.1607589 0.5954573 0.1602988 0.60044 0.1607589 0.5954573 0.1636488 0.5957626 0.1636488 0.5957626 0.1631957 0.6006693 0.1602988 0.60044 0.1689923 0.6745595 0.1689968 0.6744257 0.1717626 0.6735251 0.1717626 0.6735251 0.171762 0.6736577 0.1689923 0.6745595 0.1690879 0.5563668 0.1690922 0.5563155 0.1718561 0.557218 0.1718561 0.557218 0.1718512 0.5572696 0.1690879 0.5563668 0.1628718 0.6055864 0.1631957 0.6006693 0.206234 0.6040766 0.206234 0.6040766 0.2059869 0.6078627 0.1628718 0.6055864 0.1626766 0.6105104 0.1628718 0.6055864 0.2059869 0.6078627 0.2059869 0.6078627 0.2058383 0.6116545 0.1626766 0.6105104 0.1626105 0.6154381 0.1626766 0.6105104 0.2058383 0.6116545 0.2058383 0.6116545 0.2057887 0.615449 0.1626105 0.6154381 0.1626736 0.6203659 0.1626105 0.6154381 0.2057887 0.615449 0.2057887 0.615449 0.2058382 0.6192436 0.1626736 0.6203659 0.1628658 0.6252902 0.1626736 0.6203659 0.2058382 0.6192436 0.2058382 0.6192436 0.2059863 0.6230356 0.1628658 0.6252902 0.163187 0.6302083 0.1628658 0.6252902 0.2059863 0.6230356 0.2059863 0.6230356 0.2062333 0.626822 0.163187 0.6302083 0.1636372 0.6351161 0.163187 0.6302083 0.2062333 0.626822 0.2062333 0.626822 0.2065792 0.6306001 0.1636372 0.6351161 0.1642159 0.6400105 0.1636372 0.6351161 0.2065792 0.6306001 0.2065792 0.6306001 0.2070238 0.6343674 0.1642159 0.6400105 0.1649231 0.6448882 0.1642159 0.6400105 0.2070238 0.6343674 0.2070238 0.6343674 0.2075673 0.6381207 0.1649231 0.6448882 0.1657584 0.6497458 0.1649231 0.6448882 0.2075673 0.6381207 0.2075673 0.6381207 0.20821 0.6418579 0.1657584 0.6497458 0.1667215 0.6545801 0.1657584 0.6497458 0.20821 0.6418579 0.20821 0.6418579 0.2089523 0.6455767 0.1667215 0.6545801 0.1678119 0.6593875 0.1667215 0.6545801 0.2089523 0.6455767 0.2089523 0.6455767 0.2097944 0.6492756 0.1678119 0.6593875 0.1690281 0.6641646 0.1678119 0.6593875 0.2097944 0.6492756 0.2097944 0.6492756 0.2107357 0.6529536 0.1690281 0.6641646 0.1703642 0.6689097 0.1690281 0.6641646 0.2107357 0.6529536 0.2107357 0.6529536 0.2117734 0.6566089 0.1703642 0.6689097 0.1717626 0.6735251 0.1703642 0.6689097 0.2117734 0.6566089 0.2117734 0.6566089 0.2128512 0.6601482 0.1717626 0.6735251 0.1703969 0.5619919 0.1718512 0.5572696 0.2129031 0.5706809 0.2129031 0.5706809 0.2117637 0.5743114 0.1703969 0.5619919 0.1690551 0.5667291 0.1703969 0.5619919 0.2117637 0.5743114 0.2117637 0.5743114 0.2107256 0.577959 0.1690551 0.5667291 0.1678357 0.5715025 0.1690551 0.5667291 0.2107256 0.577959 0.2107256 0.577959 0.2097871 0.5816314 0.1678357 0.5715025 0.1667431 0.5763068 0.1678357 0.5715025 0.2097871 0.5816314 0.2097871 0.5816314 0.2089483 0.5853268 0.1667431 0.5763068 0.1657778 0.5811383 0.1667431 0.5763068 0.2089483 0.5853268 0.2089483 0.5853268 0.2082084 0.5890436 0.1657778 0.5811383 0.1649401 0.5859937 0.1657778 0.5811383 0.2082084 0.5890436 0.2082084 0.5890436 0.2075671 0.5927796 0.1649401 0.5859937 0.1642302 0.5908696 0.1649401 0.5859937 0.2075671 0.5927796 0.2075671 0.5927796 0.2070243 0.5965323 0.1642302 0.5908696 0.1636488 0.5957626 0.1642302 0.5908696 0.2070243 0.5965323 0.2070243 0.5965323 0.2065799 0.6002989 0.1636488 0.5957626 0.1631957 0.6006693 0.1636488 0.5957626 0.2065799 0.6002989 0.2065799 0.6002989 0.206234 0.6040766 0.1631957 0.6006693 0.171762 0.6736577 0.1717626 0.6735251 0.2128512 0.6601482 0.2128512 0.6601482 0.2129074 0.6602597 0.171762 0.6736577 0.1718512 0.5572696 0.1718561 0.557218 0.212916 0.5706259 0.212916 0.5706259 0.2129031 0.5706809 0.1718512 0.5572696 0.1564223 0.6052458 0.1567579 0.6001596 0.1602988 0.60044 0.1602988 0.60044 0.1599695 0.6054332 0.1564223 0.6052458 0.1562201 0.6103392 0.1564223 0.6052458 0.1599695 0.6054332 0.1599695 0.6054332 0.1597712 0.6104334 0.1562201 0.6103392 0.1561516 0.6154364 0.1562201 0.6103392 0.1597712 0.6104334 0.1597712 0.6104334 0.1597041 0.6154373 0.1561516 0.6154364 0.1562168 0.6205336 0.1561516 0.6154364 0.1597041 0.6154373 0.1597041 0.6154373 0.159768 0.6204413 0.1562168 0.6205336 0.1564156 0.6256276 0.1562168 0.6205336 0.159768 0.6204413 0.159768 0.6204413 0.1599633 0.6254421 0.1564156 0.6256276 0.1567478 0.6307147 0.1564156 0.6256276 0.1599633 0.6254421 0.1599633 0.6254421 0.1602894 0.6304361 0.1567478 0.6307147 0.1572134 0.6357916 0.1567478 0.6307147 0.1602894 0.6304361 0.1602894 0.6304361 0.1607465 0.63542 0.1572134 0.6357916 0.1578124 0.6408547 0.1572134 0.6357916 0.1607465 0.63542 0.1607465 0.63542 0.1613343 0.6403904 0.1578124 0.6408547 0.158544 0.6459006 0.1578124 0.6408547 0.1613343 0.6403904 0.1613343 0.6403904 0.1620525 0.6453437 0.158544 0.6459006 0.1594082 0.6509258 0.158544 0.6459006 0.1620525 0.6453437 0.1620525 0.6453437 0.1629007 0.6502768 0.1594082 0.6509258 0.1604042 0.6559268 0.1594082 0.6509258 0.1629007 0.6502768 0.1629007 0.6502768 0.1638787 0.6551862 0.1604042 0.6559268 0.1615319 0.6609002 0.1604042 0.6559268 0.1638787 0.6551862 0.1638787 0.6551862 0.1649859 0.660068 0.1615319 0.6609002 0.1627892 0.6658416 0.1615319 0.6609002 0.1649859 0.660068 0.1649859 0.660068 0.1662207 0.6649191 0.1627892 0.6658416 0.1641699 0.6707498 0.1627892 0.6658416 0.1662207 0.6649191 0.1662207 0.6649191 0.1675767 0.6697377 0.1641699 0.6707498 0.1656163 0.6755263 0.1641699 0.6707498 0.1675767 0.6697377 0.1675767 0.6697377 0.1689968 0.6744257 0.1656163 0.6755263 0.1642088 0.5601491 0.1657103 0.5552633 0.1690879 0.5563668 0.1690879 0.5563668 0.1676123 0.5611627 0.1642088 0.5601491 0.1628216 0.5650494 0.1642088 0.5601491 0.1676123 0.5611627 0.1676123 0.5611627 0.1662499 0.5659732 0.1628216 0.5650494 0.1615604 0.5699873 0.1628216 0.5650494 0.1662499 0.5659732 0.1662499 0.5659732 0.1650118 0.5708206 0.1615604 0.5699873 0.1604297 0.5749575 0.1615604 0.5699873 0.1650118 0.5708206 0.1650118 0.5708206 0.1639021 0.5756997 0.1604297 0.5749575 0.1594308 0.5799559 0.1604297 0.5749575 0.1639021 0.5756997 0.1639021 0.5756997 0.1629216 0.5806062 0.1594308 0.5799559 0.1585636 0.5849786 0.1594308 0.5799559 0.1629216 0.5806062 0.1629216 0.5806062 0.1620706 0.585537 0.1585636 0.5849786 0.1578288 0.5900225 0.1585636 0.5849786 0.1620706 0.585537 0.1620706 0.585537 0.1613496 0.5904884 0.1578288 0.5900225 0.1572268 0.595084 0.1578288 0.5900225 0.1613496 0.5904884 0.1613496 0.5904884 0.1607589 0.5954573 0.1572268 0.595084 0.1567579 0.6001596 0.1572268 0.595084 0.1607589 0.5954573 0.1607589 0.5954573 0.1602988 0.60044 0.1567579 0.6001596 0.165607 0.6756619 0.1656163 0.6755263 0.1689968 0.6744257 0.1689968 0.6744257 0.1689923 0.6745595 0.165607 0.6756619 0.1657103 0.5552633 0.1657141 0.5552124 0.1690922 0.5563155 0.1690922 0.5563155 0.1690879 0.5563668 0.1657103 0.5552633 0.1229027 0.684585 0.1202177 0.6795758 0.1215746 0.6789121 0.1215746 0.6789121 0.1242137 0.6838014 0.1229027 0.684585 0.1202177 0.6795758 0.1179583 0.67443 0.1193481 0.6738741 0.1193481 0.6738741 0.1215746 0.6789121 0.1202177 0.6795758 0.1179583 0.67443 0.1160817 0.6691907 0.1174937 0.6687317 0.1174937 0.6687317 0.1193481 0.6738741 0.1179583 0.67443 0.1160817 0.6691907 0.1145477 0.6638925 0.1159737 0.6635202 0.1159737 0.6635202 0.1174937 0.6687317 0.1160817 0.6691907 0.1145477 0.6638925 0.1133193 0.6585597 0.1147536 0.658265 0.1147536 0.658265 0.1159737 0.6635202 0.1145477 0.6638925 0.1133193 0.6585597 0.1123642 0.6532094 0.1138029 0.6529844 0.1138029 0.6529844 0.1147536 0.658265 0.1133193 0.6585597 0.1123642 0.6532094 0.111655 0.6478518 0.1130955 0.6476904 0.1130955 0.6476904 0.1138029 0.6529844 0.1123642 0.6532094 0.111655 0.6478518 0.1111702 0.6424937 0.112611 0.6423907 0.112611 0.6423907 0.1130955 0.6476904 0.111655 0.6478518 0.1111702 0.6424937 0.110894 0.6371381 0.1123342 0.6370901 0.1123342 0.6370901 0.112611 0.6423907 0.1111702 0.6424937 0.110894 0.6371381 0.1108162 0.6317871 0.1122555 0.6317922 0.1122555 0.6317922 0.1123342 0.6370901 0.110894 0.6371381 0.1108162 0.6317871 0.1109334 0.6264405 0.1123712 0.6264985 0.1123712 0.6264985 0.1122555 0.6317922 0.1108162 0.6317871 0.1109334 0.6264405 0.1112473 0.6210983 0.1126836 0.6212109 0.1126836 0.6212109 0.1123712 0.6264985 0.1109334 0.6264405 0.1112473 0.6210983 0.1117661 0.6157613 0.1132002 0.6159309 0.1132002 0.6159309 0.1126836 0.6212109 0.1112473 0.6210983 0.1117661 0.6157613 0.1125037 0.6104316 0.1139343 0.6106629 0.1139343 0.6106629 0.1132002 0.6159309 0.1117661 0.6157613 0.1125037 0.6104316 0.1134805 0.6051152 0.114905 0.6054143 0.114905 0.6054143 0.1139343 0.6106629 0.1125037 0.6104316 0.1134805 0.6051152 0.1147227 0.5998228 0.1161373 0.6001974 0.1161373 0.6001974 0.114905 0.6054143 0.1134805 0.6051152 0.1147227 0.5998228 0.1162617 0.5945706 0.1176608 0.5950295 0.1176608 0.5950295 0.1161373 0.6001974 0.1147227 0.5998228 0.1162617 0.5945706 0.1181336 0.589383 0.1195094 0.5899362 0.1195094 0.5899362 0.1176608 0.5950295 0.1162617 0.5945706 0.1181336 0.589383 0.1203784 0.5842928 0.1217204 0.5849511 0.1217204 0.5849511 0.1195094 0.5899362 0.1181336 0.589383 0.1203784 0.5842928 0.123039 0.579341 0.124335 0.5801167 0.124335 0.5801167 0.1217204 0.5849511 0.1203784 0.5842928 0.123039 0.579341 0.1261678 0.5745708 0.1274068 0.5754802 0.1274068 0.5754802 0.124335 0.5801167 0.123039 0.579341 0.1261678 0.5745708 0.1298518 0.570013 0.1310843 0.5710306 0.1310843 0.5710306 0.1274068 0.5754802 0.1261678 0.5745708 0.129792 0.6940255 0.1260653 0.6894129 0.1273191 0.6884931 0.1273191 0.6884931 0.1310395 0.6929961 0.129792 0.6940255 0.1260653 0.6894129 0.1229027 0.684585 0.1242137 0.6838014 0.1242137 0.6838014 0.1273191 0.6884931 0.1260653 0.6894129 0.1227329 0.6783455 0.1253298 0.683133 0.1242137 0.6838014 0.1242137 0.6838014 0.1215746 0.6789121 0.1227329 0.6783455 0.1205366 0.6733989 0.1227329 0.6783455 0.1215746 0.6789121 0.1215746 0.6789121 0.1193481 0.6738741 0.1205366 0.6733989 0.1187031 0.6683391 0.1205366 0.6733989 0.1193481 0.6738741 0.1193481 0.6738741 0.1174937 0.6687317 0.1187031 0.6683391 0.1171967 0.6632018 0.1187031 0.6683391 0.1174937 0.6687317 0.1174937 0.6687317 0.1159737 0.6635202 0.1171967 0.6632018 0.1159851 0.6580133 0.1171967 0.6632018 0.1159737 0.6635202 0.1159737 0.6635202 0.1147536 0.658265 0.1159851 0.6580133 0.1150392 0.6527928 0.1159851 0.6580133 0.1147536 0.658265 0.1147536 0.658265 0.1138029 0.6529844 0.1150392 0.6527928 0.1143344 0.6475532 0.1150392 0.6527928 0.1138029 0.6529844 0.1138029 0.6529844 0.1130955 0.6476904 0.1143344 0.6475532 0.1138507 0.642304 0.1143344 0.6475532 0.1130955 0.6476904 0.1130955 0.6476904 0.112611 0.6423907 0.1138507 0.642304 0.1135737 0.6370509 0.1138507 0.642304 0.112611 0.6423907 0.112611 0.6423907 0.1123342 0.6370901 0.1135737 0.6370509 0.1134942 0.6317989 0.1135737 0.6370509 0.1123342 0.6370901 0.1123342 0.6370901 0.1122555 0.6317922 0.1134942 0.6317989 0.1136085 0.6265513 0.1134942 0.6317989 0.1122555 0.6317922 0.1122555 0.6317922 0.1123712 0.6264985 0.1136085 0.6265513 0.1139191 0.6213105 0.1136085 0.6265513 0.1123712 0.6264985 0.1123712 0.6264985 0.1126836 0.6212109 0.1139191 0.6213105 0.1144331 0.61608 0.1139191 0.6213105 0.1126836 0.6212109 0.1126836 0.6212109 0.1132002 0.6159309 0.1144331 0.61608 0.115163 0.6108651 0.1144331 0.61608 0.1132002 0.6159309 0.1132002 0.6159309 0.1139343 0.6106629 0.115163 0.6108651 0.1161273 0.6056746 0.115163 0.6108651 0.1139343 0.6106629 0.1139343 0.6106629 0.114905 0.6054143 0.1161273 0.6056746 0.1173496 0.6005221 0.1161273 0.6056746 0.114905 0.6054143 0.114905 0.6054143 0.1161373 0.6001974 0.1173496 0.6005221 0.118858 0.5954262 0.1173496 0.6005221 0.1161373 0.6001974 0.1161373 0.6001974 0.1176608 0.5950295 0.118858 0.5954262 0.1206844 0.5904127 0.118858 0.5954262 0.1176608 0.5950295 0.1176608 0.5950295 0.1195094 0.5899362 0.1206844 0.5904127 0.1228643 0.5855167 0.1206844 0.5904127 0.1195094 0.5899362 0.1195094 0.5899362 0.1217204 0.5849511 0.1228643 0.5855167 0.1254361 0.5807814 0.1228643 0.5855167 0.1217204 0.5849511 0.1217204 0.5849511 0.124335 0.5801167 0.1254361 0.5807814 0.1284505 0.5762599 0.1254361 0.5807814 0.124335 0.5801167 0.124335 0.5801167 0.1274068 0.5754802 0.1284505 0.5762599 0.1320334 0.5720095 0.1284505 0.5762599 0.1274068 0.5754802 0.1274068 0.5754802 0.1310843 0.5710306 0.1320334 0.5720095 0.1283776 0.6877064 0.1320006 0.6920048 0.1310395 0.6929961 0.1310395 0.6929961 0.1273191 0.6884931 0.1283776 0.6877064 0.1253298 0.683133 0.1283776 0.6877064 0.1273191 0.6884931 0.1273191 0.6884931 0.1242137 0.6838014 0.1253298 0.683133 0.1240056 0.6777127 0.1265558 0.6823953 0.1253298 0.683133 0.1253298 0.683133 0.1227329 0.6783455 0.1240056 0.6777127 0.1218419 0.6728607 0.1240056 0.6777127 0.1227329 0.6783455 0.1227329 0.6783455 0.1205366 0.6733989 0.1218419 0.6728607 0.1200294 0.6678867 0.1218419 0.6728607 0.1205366 0.6733989 0.1205366 0.6733989 0.1187031 0.6683391 0.1200294 0.6678867 0.1185356 0.6628274 0.1200294 0.6678867 0.1187031 0.6683391 0.1187031 0.6683391 0.1171967 0.6632018 0.1185356 0.6628274 0.1173303 0.6577102 0.1185356 0.6628274 0.1171967 0.6632018 0.1171967 0.6632018 0.1159851 0.6580133 0.1173303 0.6577102 0.1163863 0.6525556 0.1173303 0.6577102 0.1159851 0.6580133 0.1159851 0.6580133 0.1150392 0.6527928 0.1163863 0.6525556 0.1156807 0.6473774 0.1163863 0.6525556 0.1150392 0.6527928 0.1150392 0.6527928 0.1143344 0.6475532 0.1156807 0.6473774 0.1151946 0.6421864 0.1156807 0.6473774 0.1143344 0.6475532 0.1143344 0.6475532 0.1138507 0.642304 0.1151946 0.6421864 0.1149142 0.6369899 0.1151946 0.6421864 0.1138507 0.642304 0.1138507 0.642304 0.1135737 0.6370509 0.1149142 0.6369899 0.1148309 0.6317937 0.1149142 0.6369899 0.1135737 0.6370509 0.1135737 0.6370509 0.1134942 0.6317989 0.1148309 0.6317937 0.1149417 0.6266021 0.1148309 0.6317937 0.1134942 0.6317989 0.1134942 0.6317989 0.1136085 0.6265513 0.1149417 0.6266021 0.1152487 0.6214192 0.1149417 0.6266021 0.1136085 0.6265513 0.1136085 0.6265513 0.1139191 0.6213105 0.1152487 0.6214192 0.1157589 0.6162489 0.1152487 0.6214192 0.1139191 0.6213105 0.1139191 0.6213105 0.1144331 0.61608 0.1157589 0.6162489 0.1164843 0.6110981 0.1157589 0.6162489 0.1144331 0.61608 0.1144331 0.61608 0.115163 0.6108651 0.1164843 0.6110981 0.1174418 0.6059763 0.1164843 0.6110981 0.115163 0.6108651 0.115163 0.6108651 0.1161273 0.6056746 0.1174418 0.6059763 0.1186541 0.6008981 0.1174418 0.6059763 0.1161273 0.6056746 0.1161273 0.6056746 0.1173496 0.6005221 0.1186541 0.6008981 0.1201472 0.595883 0.1186541 0.6008981 0.1173496 0.6005221 0.1173496 0.6005221 0.118858 0.5954262 0.1201472 0.595883 0.1219508 0.5909581 0.1201472 0.595883 0.118858 0.5954262 0.118858 0.5954262 0.1206844 0.5904127 0.1219508 0.5909581 0.1240975 0.5861588 0.1219508 0.5909581 0.1206844 0.5904127 0.1206844 0.5904127 0.1228643 0.5855167 0.1240975 0.5861588 0.1266233 0.5815302 0.1240975 0.5861588 0.1228643 0.5855167 0.1228643 0.5855167 0.1254361 0.5807814 0.1266233 0.5815302 0.1295711 0.577132 0.1266233 0.5815302 0.1254361 0.5807814 0.1254361 0.5807814 0.1284505 0.5762599 0.1295711 0.577132 0.1330168 0.5730756 0.1295711 0.577132 0.1284505 0.5762599 0.1284505 0.5762599 0.1320334 0.5720095 0.1330168 0.5730756 0.129535 0.6868456 0.1330155 0.6909456 0.1320006 0.6920048 0.1320006 0.6920048 0.1283776 0.6877064 0.129535 0.6868456 0.1265558 0.6823953 0.129535 0.6868456 0.1283776 0.6877064 0.1283776 0.6877064 0.1253298 0.683133 0.1265558 0.6823953 0.7779501 0.5956338 0.7801341 0.6004808 0.7784085 0.6012851 0.7784085 0.6012851 0.7762318 0.596363 0.7779501 0.5956338 0.7759883 0.590815 0.7779501 0.5956338 0.7762318 0.596363 0.7762318 0.596363 0.7742773 0.5914583 0.7759883 0.590815 0.7742924 0.5860137 0.7759883 0.590815 0.7742773 0.5914583 0.7742773 0.5914583 0.7725849 0.5865622 0.7742924 0.5860137 0.7728725 0.5812211 0.7742924 0.5860137 0.7725849 0.5865622 0.7725849 0.5865622 0.7711681 0.5816738 0.7728725 0.5812211 0.7717211 0.5764372 0.7728725 0.5812211 0.7711681 0.5816738 0.7711681 0.5816738 0.7700212 0.5767971 0.7717211 0.5764372 0.7708261 0.5716664 0.7717211 0.5764372 0.7700212 0.5767971 0.7700212 0.5767971 0.7691324 0.5719377 0.7708261 0.5716664 0.7701755 0.5669136 0.7708261 0.5716664 0.7691324 0.5719377 0.7691324 0.5719377 0.7684895 0.5671003 0.7701755 0.5669136 0.7697591 0.5621837 0.7701755 0.5669136 0.7684895 0.5671003 0.7684895 0.5671003 0.7680824 0.5622891 0.7697591 0.5621837 0.7695683 0.5574811 0.7697591 0.5621837 0.7680824 0.5622891 0.7680824 0.5622891 0.7679021 0.5575078 0.7695683 0.5574811 0.7695969 0.5528088 0.7695683 0.5574811 0.7679021 0.5575078 0.7679021 0.5575078 0.7679423 0.5527587 0.7695969 0.5528088 0.7698404 0.5481705 0.7695969 0.5528088 0.7679423 0.5527587 0.7679423 0.5527587 0.7681984 0.5480448 0.7698404 0.5481705 0.7702963 0.5435689 0.7698404 0.5481705 0.7681984 0.5480448 0.7681984 0.5480448 0.768668 0.5433681 0.7702963 0.5435689 0.7709645 0.5390071 0.7702963 0.5435689 0.768668 0.5433681 0.768668 0.5433681 0.769351 0.5387312 0.7709645 0.5390071 0.7718463 0.5344894 0.7709645 0.5390071 0.769351 0.5387312 0.769351 0.5387312 0.7702487 0.5341373 0.7718463 0.5344894 0.7729452 0.5300201 0.7718463 0.5344894 0.7702487 0.5341373 0.7702487 0.5341373 0.7713653 0.52959 0.7729452 0.5300201 0.7742664 0.5256047 0.7729452 0.5300201 0.7713653 0.52959 0.7713653 0.52959 0.7727065 0.5250948 0.7742664 0.5256047 0.7758169 0.5212501 0.7742664 0.5256047 0.7727065 0.5250948 0.7727065 0.5250948 0.7742792 0.5206573 0.7758169 0.5212501 0.7776046 0.5169646 0.7758169 0.5212501 0.7742792 0.5206573 0.7742792 0.5206573 0.7760923 0.5162859 0.7776046 0.5169646 0.7796395 0.5127566 0.7776046 0.5169646 0.7760923 0.5162859 0.7760923 0.5162859 0.778155 0.5119891 0.7796395 0.5127566 0.7819314 0.508633 0.7796395 0.5127566 0.778155 0.5119891 0.778155 0.5119891 0.7804754 0.5077736 0.7819314 0.508633 0.7844918 0.5045928 0.7819314 0.508633 0.7804754 0.5077736 0.7804754 0.5077736 0.7830581 0.5036358 0.7844918 0.5045928 0.7873552 0.5005742 0.7844918 0.5045928 0.7830581 0.5036358 0.7830581 0.5036358 0.7859204 0.4995408 0.7873552 0.5005742 0.7825196 0.6053399 0.7851632 0.6102394 0.7834204 0.611192 0.7834204 0.611192 0.7807891 0.606225 0.7825196 0.6053399 0.7801341 0.6004808 0.7825196 0.6053399 0.7807891 0.606225 0.7807891 0.606225 0.7784085 0.6012851 0.7801341 0.6004808 0.7788426 0.5952524 0.7810319 0.6000609 0.7801341 0.6004808 0.7801341 0.6004808 0.7779501 0.5956338 0.7788426 0.5952524 0.7768747 0.590479 0.7788426 0.5952524 0.7779501 0.5956338 0.7779501 0.5956338 0.7759883 0.590815 0.7768747 0.590479 0.7751764 0.5857276 0.7768747 0.590479 0.7759883 0.590815 0.7759883 0.590815 0.7742924 0.5860137 0.7751764 0.5857276 0.773755 0.580985 0.7751764 0.5857276 0.7742924 0.5860137 0.7742924 0.5860137 0.7728725 0.5812211 0.773755 0.580985 0.7726017 0.5762495 0.773755 0.580985 0.7728725 0.5812211 0.7728725 0.5812211 0.7717211 0.5764372 0.7726017 0.5762495 0.7717037 0.5715249 0.7726017 0.5762495 0.7717211 0.5764372 0.7717211 0.5764372 0.7708261 0.5716664 0.7717037 0.5715249 0.7710493 0.5668163 0.7717037 0.5715249 0.7708261 0.5716664 0.7708261 0.5716664 0.7701755 0.5669136 0.7710493 0.5668163 0.770628 0.5621289 0.7710493 0.5668163 0.7701755 0.5669136 0.7701755 0.5669136 0.7697591 0.5621837 0.770628 0.5621289 0.7704319 0.5574672 0.770628 0.5621289 0.7697591 0.5621837 0.7697591 0.5621837 0.7695683 0.5574811 0.7704319 0.5574672 0.7704544 0.5528351 0.7704319 0.5574672 0.7695683 0.5574811 0.7695683 0.5574811 0.7695969 0.5528088 0.7704544 0.5528351 0.7706911 0.5482363 0.7704544 0.5528351 0.7695969 0.5528088 0.7695969 0.5528088 0.7698404 0.5481705 0.7706911 0.5482363 0.77114 0.5436738 0.7706911 0.5482363 0.7698404 0.5481705 0.7698404 0.5481705 0.7702963 0.5435689 0.77114 0.5436738 0.7718004 0.5391515 0.77114 0.5436738 0.7702963 0.5435689 0.7702963 0.5435689 0.7709645 0.5390071 0.7718004 0.5391515 0.7726736 0.5346736 0.7718004 0.5391515 0.7709645 0.5390071 0.7709645 0.5390071 0.7718463 0.5344894 0.7726736 0.5346736 0.773763 0.5302448 0.7726736 0.5346736 0.7718463 0.5344894 0.7718463 0.5344894 0.7729452 0.5300201 0.773763 0.5302448 0.7750736 0.5258709 0.773763 0.5302448 0.7729452 0.5300201 0.7729452 0.5300201 0.7742664 0.5256047 0.7750736 0.5258709 0.7766119 0.5215594 0.7750736 0.5258709 0.7742664 0.5256047 0.7742664 0.5256047 0.7758169 0.5212501 0.7766119 0.5215594 0.7783861 0.5173184 0.7766119 0.5215594 0.7758169 0.5212501 0.7758169 0.5212501 0.7776046 0.5169646 0.7783861 0.5173184 0.7804059 0.5131565 0.7783861 0.5173184 0.7776046 0.5169646 0.7776046 0.5169646 0.7796395 0.5127566 0.7804059 0.5131565 0.7826827 0.5090809 0.7804059 0.5131565 0.7796395 0.5127566 0.7796395 0.5127566 0.7819314 0.508633 0.7826827 0.5090809 0.785228 0.5050946 0.7826827 0.5090809 0.7819314 0.508633 0.7819314 0.508633 0.7844918 0.5045928 0.785228 0.5050946 0.7880148 0.5012142 0.785228 0.5050946 0.7844918 0.5045928 0.7844918 0.5045928 0.7873552 0.5005742 0.7880148 0.5012142 0.783415 0.6048763 0.7859864 0.6096218 0.7851632 0.6102394 0.7851632 0.6102394 0.7825196 0.6053399 0.783415 0.6048763 0.7810319 0.6000609 0.783415 0.6048763 0.7825196 0.6053399 0.7825196 0.6053399 0.7801341 0.6004808 0.7810319 0.6000609 0.7830242 0.593387 0.7852463 0.5980235 0.7810319 0.6000609 0.7810319 0.6000609 0.7788426 0.5952524 0.7830242 0.593387 0.7810083 0.5888383 0.7830242 0.593387 0.7788426 0.5952524 0.7788426 0.5952524 0.7768747 0.590479 0.7810083 0.5888383 0.7792938 0.584335 0.7810083 0.5888383 0.7768747 0.590479 0.7768747 0.590479 0.7751764 0.5857276 0.7792938 0.584335 0.7778698 0.5798357 0.7792938 0.584335 0.7751764 0.5857276 0.7751764 0.5857276 0.773755 0.580985 0.7778698 0.5798357 0.7767139 0.5753317 0.7778698 0.5798357 0.773755 0.580985 0.773755 0.580985 0.7726017 0.5762495 0.7767139 0.5753317 0.7758087 0.570827 0.7767139 0.5753317 0.7726017 0.5762495 0.7726017 0.5762495 0.7717037 0.5715249 0.7758087 0.570827 0.7751416 0.5663287 0.7758087 0.570827 0.7717037 0.5715249 0.7717037 0.5715249 0.7710493 0.5668163 0.7751416 0.5663287 0.7747028 0.5618436 0.7751416 0.5663287 0.7710493 0.5668163 0.7710493 0.5668163 0.770628 0.5621289 0.7747028 0.5618436 0.7744844 0.5573779 0.7747028 0.5618436 0.770628 0.5621289 0.770628 0.5621289 0.7704319 0.5574672 0.7744844 0.5573779 0.7744806 0.5529374 0.7744844 0.5573779 0.7704319 0.5574672 0.7704319 0.5574672 0.7704544 0.5528351 0.7744806 0.5529374 0.7746875 0.5485268 0.7744806 0.5529374 0.7704544 0.5528351 0.7704544 0.5528351 0.7706911 0.5482363 0.7746875 0.5485268 0.7751022 0.5441515 0.7746875 0.5485268 0.7706911 0.5482363 0.7706911 0.5482363 0.77114 0.5436738 0.7751022 0.5441515 0.7757244 0.5398166 0.7751022 0.5441515 0.77114 0.5436738 0.77114 0.5436738 0.7718004 0.5391515 0.7757244 0.5398166 0.7765549 0.5355278 0.7757244 0.5398166 0.7718004 0.5391515 0.7718004 0.5391515 0.7726736 0.5346736 0.7765549 0.5355278 0.7775959 0.5312913 0.7765549 0.5355278 0.7726736 0.5346736 0.7726736 0.5346736 0.773763 0.5302448 0.7775959 0.5312913 0.7788519 0.5271146 0.7775959 0.5312913 0.773763 0.5302448 0.773763 0.5302448 0.7750736 0.5258709 0.7788519 0.5271146 0.7803279 0.523006 0.7788519 0.5271146 0.7750736 0.5258709 0.7750736 0.5258709 0.7766119 0.5215594 0.7803279 0.523006 0.7820314 0.5189759 0.7803279 0.523006 0.7766119 0.5215594 0.7766119 0.5215594 0.7783861 0.5173184 0.7820314 0.5189759 0.783973 0.5150343 0.7820314 0.5189759 0.7783861 0.5173184 0.7783861 0.5173184 0.7804059 0.5131565 0.783973 0.5150343 0.7861688 0.5111898 0.783973 0.5150343 0.7804059 0.5131565 0.7804059 0.5131565 0.7826827 0.5090809 0.7861688 0.5111898 0.788643 0.507435 0.7861688 0.5111898 0.7826827 0.5090809 0.7826827 0.5090809 0.785228 0.5050946 0.788643 0.507435 0.7913995 0.503715 0.788643 0.507435 0.785228 0.5050946 0.785228 0.5050946 0.7880148 0.5012142 0.7913995 0.503715 0.7876085 0.6026872 0.7901363 0.6073136 0.7859864 0.6096218 0.7859864 0.6096218 0.783415 0.6048763 0.7876085 0.6026872 0.7852463 0.5980235 0.7876085 0.6026872 0.783415 0.6048763 0.783415 0.6048763 0.7810319 0.6000609 0.7852463 0.5980235 0.785571 0.5921773 0.7878406 0.5967308 0.7852463 0.5980235 0.7852463 0.5980235 0.7830242 0.593387 0.785571 0.5921773 0.7834829 0.5877884 0.785571 0.5921773 0.7830242 0.593387 0.7830242 0.593387 0.7810083 0.5888383 0.7834829 0.5877884 0.7817637 0.5834581 0.7834829 0.5877884 0.7810083 0.5888383 0.7810083 0.5888383 0.7792938 0.584335 0.7817637 0.5834581 0.7803479 0.5791152 0.7817637 0.5834581 0.7792938 0.584335 0.7792938 0.584335 0.7778698 0.5798357 0.7803479 0.5791152 0.7791973 0.5747551 0.7803479 0.5791152 0.7778698 0.5798357 0.7778698 0.5798357 0.7767139 0.5753317 0.7791973 0.5747551 0.7782931 0.5703858 0.7791973 0.5747551 0.7767139 0.5753317 0.7767139 0.5753317 0.7758087 0.570827 0.7782931 0.5703858 0.7776219 0.5660168 0.7782931 0.5703858 0.7758087 0.570827 0.7758087 0.570827 0.7751416 0.5663287 0.7776219 0.5660168 0.7771751 0.5616564 0.7776219 0.5660168 0.7751416 0.5663287 0.7751416 0.5663287 0.7747028 0.5618436 0.7771751 0.5616564 0.7769453 0.5573118 0.7771751 0.5616564 0.7747028 0.5618436 0.7747028 0.5618436 0.7744844 0.5573779 0.7769453 0.5573118 0.7769266 0.5529894 0.7769453 0.5573118 0.7744844 0.5573779 0.7744844 0.5573779 0.7744806 0.5529374 0.7769266 0.5529894 0.7771155 0.5486954 0.7769266 0.5529894 0.7744806 0.5529374 0.7744806 0.5529374 0.7746875 0.5485268 0.7771155 0.5486954 0.7775093 0.5444356 0.7771155 0.5486954 0.7746875 0.5485268 0.7746875 0.5485268 0.7751022 0.5441515 0.7775093 0.5444356 0.7781072 0.5402162 0.7775093 0.5444356 0.7751022 0.5441515 0.7751022 0.5441515 0.7757244 0.5398166 0.7781072 0.5402162 0.7789098 0.5360437 0.7781072 0.5402162 0.7757244 0.5398166 0.7757244 0.5398166 0.7765549 0.5355278 0.7789098 0.5360437 0.7799189 0.5319252 0.7789098 0.5360437 0.7765549 0.5355278 0.7765549 0.5355278 0.7775959 0.5312913 0.7799189 0.5319252 0.781138 0.5278688 0.7799189 0.5319252 0.7775959 0.5312913 0.7775959 0.5312913 0.7788519 0.5271146 0.781138 0.5278688 0.7825717 0.5238839 0.781138 0.5278688 0.7788519 0.5271146 0.7788519 0.5271146 0.7803279 0.523006 0.7825717 0.5238839 0.7842266 0.5199819 0.7825717 0.5238839 0.7803279 0.523006 0.7803279 0.523006 0.7820314 0.5189759 0.7842266 0.5199819 0.7861121 0.5161755 0.7842266 0.5199819 0.7820314 0.5189759 0.7820314 0.5189759 0.783973 0.5150343 0.7861121 0.5161755 0.7882466 0.5124788 0.7861121 0.5161755 0.783973 0.5150343 0.783973 0.5150343 0.7861688 0.5111898 0.7882466 0.5124788 0.7906727 0.5088918 0.7882466 0.5124788 0.7861688 0.5111898 0.7861688 0.5111898 0.788643 0.507435 0.7906727 0.5088918 0.7934729 0.5053254 0.7906727 0.5088918 0.788643 0.507435 0.788643 0.507435 0.7913995 0.503715 0.7934729 0.5053254 0.7901771 0.6013266 0.7926976 0.6058632 0.7901363 0.6073136 0.7901363 0.6073136 0.7876085 0.6026872 0.7901771 0.6013266 0.7878406 0.5967308 0.7901771 0.6013266 0.7876085 0.6026872 0.7876085 0.6026872 0.7852463 0.5980235 0.7878406 0.5967308 0.7863171 0.5918034 0.7886117 0.5963425 0.7878406 0.5967308 0.7878406 0.5967308 0.785571 0.5921773 0.7863171 0.5918034 0.7841772 0.587479 0.7863171 0.5918034 0.785571 0.5921773 0.785571 0.5921773 0.7834829 0.5877884 0.7841772 0.587479 0.7824698 0.583202 0.7841772 0.587479 0.7834829 0.5877884 0.7834829 0.5877884 0.7817637 0.5834581 0.7824698 0.583202 0.7810612 0.5789046 0.7824698 0.583202 0.7817637 0.5834581 0.7817637 0.5834581 0.7803479 0.5791152 0.7810612 0.5789046 0.7799144 0.5745859 0.7810612 0.5789046 0.7803479 0.5791152 0.7803479 0.5791152 0.7791973 0.5747551 0.7799144 0.5745859 0.7790111 0.5702558 0.7799144 0.5745859 0.7791973 0.5747551 0.7791973 0.5747551 0.7782931 0.5703858 0.7790111 0.5702558 0.7783395 0.5659244 0.7790111 0.5702558 0.7782931 0.5703858 0.7782931 0.5703858 0.7776219 0.5660168 0.7783395 0.5659244 0.7778908 0.5616003 0.7783395 0.5659244 0.7776219 0.5660168 0.7776219 0.5660168 0.7771751 0.5616564 0.7778908 0.5616003 0.7776578 0.5572909 0.7778908 0.5616003 0.7771751 0.5616564 0.7771751 0.5616564 0.7769453 0.5573118 0.7776578 0.5572909 0.7776351 0.5530031 0.7776578 0.5572909 0.7769453 0.5573118 0.7769453 0.5573118 0.7769266 0.5529894 0.7776351 0.5530031 0.7778187 0.548743 0.7776351 0.5530031 0.7769266 0.5529894 0.7769266 0.5529894 0.7771155 0.5486954 0.7778187 0.548743 0.7782064 0.544517 0.7778187 0.548743 0.7771155 0.5486954 0.7771155 0.5486954 0.7775093 0.5444356 0.7782064 0.544517 0.7787971 0.5403314 0.7782064 0.544517 0.7775093 0.5444356 0.7775093 0.5444356 0.7781072 0.5402162 0.7787971 0.5403314 0.7795912 0.5361927 0.7787971 0.5403314 0.7781072 0.5402162 0.7781072 0.5402162 0.7789098 0.5360437 0.7795912 0.5361927 0.7805907 0.5321083 0.7795912 0.5361927 0.7789098 0.5360437 0.7789098 0.5360437 0.7799189 0.5319252 0.7805907 0.5321083 0.7817988 0.528087 0.7805907 0.5321083 0.7799189 0.5319252 0.7799189 0.5319252 0.781138 0.5278688 0.7817988 0.528087 0.7832197 0.5241379 0.7817988 0.528087 0.781138 0.5278688 0.781138 0.5278688 0.7825717 0.5238839 0.7832197 0.5241379 0.7848595 0.5202725 0.7832197 0.5241379 0.7825717 0.5238839 0.7825717 0.5238839 0.7842266 0.5199819 0.7848595 0.5202725 0.7867266 0.5165044 0.7848595 0.5202725 0.7842266 0.5199819 0.7842266 0.5199819 0.7861121 0.5161755 0.7867266 0.5165044 0.7888371 0.5128498 0.7867266 0.5165044 0.7861121 0.5161755 0.7861121 0.5161755 0.7882466 0.5124788 0.7888371 0.5128498 0.7912322 0.5093153 0.7888371 0.5128498 0.7882466 0.5124788 0.7882466 0.5124788 0.7906727 0.5088918 0.7912322 0.5093153 0.7941013 0.5058487 0.7912322 0.5093153 0.7906727 0.5088918 0.7906727 0.5088918 0.7934729 0.5053254 0.7941013 0.5058487 0.7909141 0.6009334 0.7934496 0.6054226 0.7926976 0.6058632 0.7926976 0.6058632 0.7901771 0.6013266 0.7909141 0.6009334 0.7886117 0.5963425 0.7909141 0.6009334 0.7901771 0.6013266 0.7901771 0.6013266 0.7878406 0.5967308 0.7886117 0.5963425 0.7878811 0.5912734 0.7884204 0.5918884 0.7877748 0.592652 0.7877748 0.592652 0.7869518 0.5921497 0.7878811 0.5912734 0.7854946 0.5868864 0.7874734 0.5907939 0.7863171 0.5918034 0.7863171 0.5918034 0.7841772 0.587479 0.7854946 0.5868864 0.7838026 0.5827208 0.7854946 0.5868864 0.7841772 0.587479 0.7841772 0.587479 0.7824698 0.583202 0.7838026 0.5827208 0.782406 0.5785107 0.7838026 0.5827208 0.7824698 0.583202 0.7824698 0.583202 0.7810612 0.5789046 0.782406 0.5785107 0.7812654 0.5742705 0.782406 0.5785107 0.7810612 0.5789046 0.7810612 0.5789046 0.7799144 0.5745859 0.7812654 0.5742705 0.7803643 0.5700147 0.7812654 0.5742705 0.7799144 0.5745859 0.7799144 0.5745859 0.7790111 0.5702558 0.7803643 0.5700147 0.7796918 0.5657544 0.7803643 0.5700147 0.7790111 0.5702558 0.7790111 0.5702558 0.7783395 0.5659244 0.7796918 0.5657544 0.7792394 0.5614989 0.7796918 0.5657544 0.7783395 0.5659244 0.7783395 0.5659244 0.7778908 0.5616003 0.7792394 0.5614989 0.7790006 0.5572562 0.7792394 0.5614989 0.7778908 0.5616003 0.7778908 0.5616003 0.7776578 0.5572909 0.7790006 0.5572562 0.77897 0.5530334 0.7790006 0.5572562 0.7776578 0.5572909 0.7776578 0.5572909 0.7776351 0.5530031 0.77897 0.5530334 0.7791438 0.5488376 0.77897 0.5530334 0.7776351 0.5530031 0.7776351 0.5530031 0.7778187 0.548743 0.7791438 0.5488376 0.7795194 0.5446751 0.7791438 0.5488376 0.7778187 0.548743 0.7778187 0.548743 0.7782064 0.544517 0.7795194 0.5446751 0.7800961 0.5405529 0.7795194 0.5446751 0.7782064 0.544517 0.7782064 0.544517 0.7787971 0.5403314 0.7800961 0.5405529 0.780874 0.5364782 0.7800961 0.5405529 0.7787971 0.5403314 0.7787971 0.5403314 0.7795912 0.5361927 0.780874 0.5364782 0.7818548 0.5324584 0.780874 0.5364782 0.7795912 0.5361927 0.7795912 0.5361927 0.7805907 0.5321083 0.7818548 0.5324584 0.7830412 0.5285027 0.7818548 0.5324584 0.7805907 0.5321083 0.7805907 0.5321083 0.7817988 0.528087 0.7830412 0.5285027 0.7844371 0.5246207 0.7830412 0.5285027 0.7817988 0.528087 0.7817988 0.528087 0.7832197 0.5241379 0.7844371 0.5246207 0.7860478 0.5208243 0.7844371 0.5246207 0.7832197 0.5241379 0.7832197 0.5241379 0.7848595 0.5202725 0.7860478 0.5208243 0.7878798 0.5171289 0.7860478 0.5208243 0.7848595 0.5202725 0.7848595 0.5202725 0.7867266 0.5165044 0.7878798 0.5171289 0.7899469 0.5135546 0.7878798 0.5171289 0.7867266 0.5165044 0.7867266 0.5165044 0.7888371 0.5128498 0.7899469 0.5135546 0.7922883 0.5101297 0.7899469 0.5135546 0.7888371 0.5128498 0.7888371 0.5128498 0.7912322 0.5093153 0.7922883 0.5101297 0.795072 0.506914 0.7922883 0.5101297 0.7912322 0.5093153 0.7912322 0.5093153 0.7941013 0.5058487 0.795072 0.506914 0.7925001 0.6005386 0.7947168 0.6044667 0.7934496 0.6054226 0.7934496 0.6054226 0.7909141 0.6009334 0.7925001 0.6005386 0.7910664 0.6003671 0.7909141 0.6009334 0.7886117 0.5963425 0.7886117 0.5963425 0.7888886 0.5962098 0.7910664 0.6003671 0.7878811 0.5912734 0.789251 0.5906385 0.7894703 0.5914323 0.7894703 0.5914323 0.7884204 0.5918884 0.7878811 0.5912734 0.7870545 0.58616 0.7891083 0.5900033 0.7874734 0.5907939 0.7874734 0.5907939 0.7854946 0.5868864 0.7870545 0.58616 0.7853997 0.5821374 0.7870545 0.58616 0.7854946 0.5868864 0.7854946 0.5868864 0.7838026 0.5827208 0.7853997 0.5821374 0.7840227 0.578033 0.7853997 0.5821374 0.7838026 0.5827208 0.7838026 0.5827208 0.782406 0.5785107 0.7840227 0.578033 0.7828922 0.5738874 0.7840227 0.578033 0.782406 0.5785107 0.782406 0.5785107 0.7812654 0.5742705 0.7828922 0.5738874 0.7819952 0.5697211 0.7828922 0.5738874 0.7812654 0.5742705 0.7812654 0.5742705 0.7803643 0.5700147 0.7819952 0.5697211 0.7813227 0.5655466 0.7819952 0.5697211 0.7803643 0.5700147 0.7803643 0.5700147 0.7796918 0.5657544 0.7813227 0.5655466 0.7808668 0.5613742 0.7813227 0.5655466 0.7796918 0.5657544 0.7796918 0.5657544 0.7792394 0.5614989 0.7808668 0.5613742 0.7806215 0.5572122 0.7808668 0.5613742 0.7792394 0.5614989 0.7792394 0.5614989 0.7790006 0.5572562 0.7806215 0.5572122 0.7805814 0.5530684 0.7806215 0.5572122 0.7790006 0.5572562 0.7790006 0.5572562 0.77897 0.5530334 0.7805814 0.5530684 0.7807433 0.5489503 0.7805814 0.5530684 0.77897 0.5530334 0.77897 0.5530334 0.7791438 0.5488376 0.7807433 0.5489503 0.7811043 0.5448649 0.7807433 0.5489503 0.7791438 0.5488376 0.7791438 0.5488376 0.7795194 0.5446751 0.7811043 0.5448649 0.7816636 0.5408196 0.7811043 0.5448649 0.7795194 0.5446751 0.7795194 0.5446751 0.7800961 0.5405529 0.7816636 0.5408196 0.7824212 0.5368221 0.7816636 0.5408196 0.7800961 0.5405529 0.7800961 0.5405529 0.780874 0.5364782 0.7824212 0.5368221 0.7833784 0.5328803 0.7824212 0.5368221 0.780874 0.5364782 0.780874 0.5364782 0.7818548 0.5324584 0.7833784 0.5328803 0.7845376 0.5290038 0.7833784 0.5328803 0.7818548 0.5324584 0.7818548 0.5324584 0.7830412 0.5285027 0.7845376 0.5290038 0.785902 0.5252026 0.7845376 0.5290038 0.7830412 0.5285027 0.7830412 0.5285027 0.7844371 0.5246207 0.785902 0.5252026 0.7874758 0.521489 0.785902 0.5252026 0.7844371 0.5246207 0.7844371 0.5246207 0.7860478 0.5208243 0.7874758 0.521489 0.7892633 0.5178796 0.7874758 0.521489 0.7860478 0.5208243 0.7860478 0.5208243 0.7878798 0.5171289 0.7892633 0.5178796 0.7912725 0.5144004 0.7892633 0.5178796 0.7878798 0.5171289 0.7878798 0.5171289 0.7899469 0.5135546 0.7912725 0.5144004 0.7935286 0.5111039 0.7912725 0.5144004 0.7899469 0.5135546 0.7899469 0.5135546 0.7922883 0.5101297 0.7935286 0.5111039 0.7961371 0.5081291 0.7935286 0.5111039 0.7922883 0.5101297 0.7922883 0.5101297 0.795072 0.506914 0.7961371 0.5081291 0.7939861 0.5996108 0.7961371 0.6033913 0.7947168 0.6044667 0.7947168 0.6044667 0.7925001 0.6005386 0.7939861 0.5996108 0.793637 0.5992767 0.7939861 0.5996108 0.7925001 0.6005386 0.7925001 0.6005386 0.792384 0.6000878 0.793637 0.5992767 0.5447869 0.810242 0.5447872 0.8068986 0.5449822 0.8068986 0.5449822 0.8068986 0.5449819 0.810242 0.5447869 0.810242 0.5447883 0.813585 0.5447869 0.810242 0.5449819 0.810242 0.5449819 0.810242 0.5449832 0.813585 0.5447883 0.813585 0.5447909 0.8169275 0.5447883 0.813585 0.5449832 0.813585 0.5449832 0.813585 0.5449858 0.8169274 0.5447909 0.8169275 0.5447946 0.8202693 0.5447909 0.8169275 0.5449858 0.8169274 0.5449858 0.8169274 0.5449897 0.8202693 0.5447946 0.8202693 0.5447991 0.8236101 0.5447946 0.8202693 0.5449897 0.8202693 0.5449897 0.8202693 0.5449941 0.82361 0.5447991 0.8236101 0.5448038 0.8269497 0.5447991 0.8236101 0.5449941 0.82361 0.5449941 0.82361 0.5449989 0.8269496 0.5448038 0.8269497 0.5448086 0.8302882 0.5448038 0.8269497 0.5449989 0.8269496 0.5449989 0.8269496 0.5450035 0.8302881 0.5448086 0.8302882 0.5448128 0.8336256 0.5448086 0.8302882 0.5450035 0.8302881 0.5450035 0.8302881 0.5450078 0.8336255 0.5448128 0.8336256 0.544816 0.836962 0.5448128 0.8336256 0.5450078 0.8336255 0.5450078 0.8336255 0.545011 0.836962 0.544816 0.836962 0.5448181 0.8402976 0.544816 0.836962 0.545011 0.836962 0.545011 0.836962 0.5450131 0.8402975 0.5448181 0.8402976 0.5448187 0.8436325 0.5448181 0.8402976 0.5450131 0.8402975 0.5450131 0.8402975 0.5450137 0.8436326 0.5448187 0.8436325 0.5448176 0.8469671 0.5448187 0.8436325 0.5450137 0.8436326 0.5450137 0.8436326 0.5450127 0.8469673 0.5448176 0.8469671 0.544815 0.8503016 0.5448176 0.8469671 0.5450127 0.8469673 0.5450127 0.8469673 0.54501 0.8503018 0.544815 0.8503016 0.5448107 0.8536363 0.544815 0.8503016 0.54501 0.8503018 0.54501 0.8503018 0.5450057 0.8536366 0.5448107 0.8536363 0.5448052 0.8569719 0.5448107 0.8536363 0.5450057 0.8536366 0.5450057 0.8536366 0.5450002 0.8569721 0.5448052 0.8569719 0.5447985 0.8603081 0.5448052 0.8569719 0.5450002 0.8569721 0.5450002 0.8569721 0.5449934 0.8603084 0.5447985 0.8603081 0.5447911 0.8636451 0.5447985 0.8603081 0.5449934 0.8603084 0.5449934 0.8603084 0.544986 0.8636455 0.5447911 0.8636451 0.5447832 0.8669834 0.5447911 0.8636451 0.544986 0.8636455 0.544986 0.8636455 0.5449783 0.8669838 0.5447832 0.8669834 0.544811 0.7901878 0.5448186 0.7868484 0.5450137 0.7868487 0.5450137 0.7868487 0.545006 0.7901881 0.544811 0.7901878 0.5448038 0.7935283 0.544811 0.7901878 0.545006 0.7901881 0.545006 0.7901881 0.5449989 0.7935286 0.5448038 0.7935283 0.5447977 0.7968699 0.5448038 0.7935283 0.5449989 0.7935286 0.5449989 0.7935286 0.5449926 0.7968701 0.5447977 0.7968699 0.5447927 0.8002123 0.5447977 0.7968699 0.5449926 0.7968701 0.5449926 0.7968701 0.5449876 0.8002125 0.5447927 0.8002123 0.5447891 0.8035553 0.5447927 0.8002123 0.5449876 0.8002125 0.5449876 0.8002125 0.5449841 0.8035554 0.5447891 0.8035553 0.5447872 0.8068986 0.5447891 0.8035553 0.5449841 0.8035554 0.5449841 0.8035554 0.5449822 0.8068986 0.5447872 0.8068986 0.5403451 0.8102126 0.5402795 0.806897 0.5447872 0.8068986 0.5447872 0.8068986 0.5447869 0.810242 0.5403451 0.8102126 0.5405394 0.8135357 0.5403451 0.8102126 0.5447869 0.810242 0.5447869 0.810242 0.5447883 0.813585 0.5405394 0.8135357 0.5408492 0.8168717 0.5405394 0.8135357 0.5447883 0.813585 0.5447883 0.813585 0.5447909 0.8169275 0.5408492 0.8168717 0.5412529 0.8202219 0.5408492 0.8168717 0.5447909 0.8169275 0.5447909 0.8169275 0.5447946 0.8202693 0.5412529 0.8202219 0.5417233 0.8235841 0.5412529 0.8202219 0.5447946 0.8202693 0.5447946 0.8202693 0.5447991 0.8236101 0.5417233 0.8235841 0.5422279 0.8269517 0.5417233 0.8235841 0.5447991 0.8236101 0.5447991 0.8236101 0.5448038 0.8269497 0.5422279 0.8269517 0.5427321 0.8303167 0.5422279 0.8269517 0.5448038 0.8269497 0.5448038 0.8269497 0.5448086 0.8302882 0.5427321 0.8303167 0.5432014 0.8336714 0.5427321 0.8303167 0.5448086 0.8302882 0.5448086 0.8302882 0.5448128 0.8336256 0.5432014 0.8336714 0.5432014 0.8336714 0.5448128 0.8336256 0.544816 0.836962 0.544816 0.836962 0.5436037 0.8370113 0.5432014 0.8336714 0.5436037 0.8370113 0.544816 0.836962 0.5448181 0.8402976 0.5448181 0.8402976 0.543911 0.840337 0.5436037 0.8370113 0.543911 0.840337 0.5448181 0.8402976 0.5448187 0.8436325 0.5448187 0.8436325 0.544103 0.8436536 0.543911 0.840337 0.544103 0.8436536 0.5448187 0.8436325 0.5448176 0.8469671 0.5448176 0.8469671 0.5441671 0.8469668 0.544103 0.8436536 0.5440993 0.8502798 0.5441671 0.8469668 0.5448176 0.8469671 0.5448176 0.8469671 0.544815 0.8503016 0.5440993 0.8502798 0.5439037 0.853596 0.5440993 0.8502798 0.544815 0.8503016 0.544815 0.8503016 0.5448107 0.8536363 0.5439037 0.853596 0.5435928 0.8569213 0.5439037 0.853596 0.5448107 0.8536363 0.5448107 0.8536363 0.5448052 0.8569719 0.5435928 0.8569213 0.5435928 0.8569213 0.5448052 0.8569719 0.5447985 0.8603081 0.5447985 0.8603081 0.5431872 0.8602607 0.5435928 0.8569213 0.5431872 0.8602607 0.5447985 0.8603081 0.5447911 0.8636451 0.5447911 0.8636451 0.5427145 0.8636149 0.5431872 0.8602607 0.5427145 0.8636149 0.5447911 0.8636451 0.5447832 0.8669834 0.5447832 0.8669834 0.5422073 0.8669793 0.5427145 0.8636149 0.5422426 0.7868441 0.5448186 0.7868484 0.544811 0.7901878 0.544811 0.7901878 0.5417352 0.7902113 0.5422426 0.7868441 0.5417352 0.7902113 0.544811 0.7901878 0.5448038 0.7935283 0.5448038 0.7935283 0.5412622 0.7935729 0.5417352 0.7902113 0.5412622 0.7935729 0.5448038 0.7935283 0.5447977 0.7968699 0.5447977 0.7968699 0.5408557 0.7969228 0.5412622 0.7935729 0.5408557 0.7969228 0.5447977 0.7968699 0.5447927 0.8002123 0.5447927 0.8002123 0.5405439 0.8002583 0.5408557 0.7969228 0.5405439 0.8002583 0.5447927 0.8002123 0.5447891 0.8035553 0.5447891 0.8035553 0.5403473 0.8035812 0.5405439 0.8002583 0.5403473 0.8035812 0.5447891 0.8035553 0.5447872 0.8068986 0.5447872 0.8068986 0.5402795 0.806897 0.5403473 0.8035812 0.1223739 0.6849001 0.1196699 0.6798429 0.1200946 0.679636 0.1200946 0.679636 0.1227843 0.6846559 0.1223739 0.6849001 0.1196699 0.6798429 0.1173975 0.6746535 0.1178321 0.6744805 0.1178321 0.6744805 0.1200946 0.679636 0.1196699 0.6798429 0.1173975 0.6746535 0.1155124 0.6693749 0.1159535 0.6692324 0.1159535 0.6692324 0.1178321 0.6744805 0.1173975 0.6746535 0.1155124 0.6693749 0.1139733 0.6640416 0.1144183 0.6639262 0.1144183 0.6639262 0.1159535 0.6692324 0.1155124 0.6693749 0.1139733 0.6640416 0.112742 0.6586776 0.1131893 0.6585863 0.1131893 0.6585863 0.1144183 0.6639262 0.1139733 0.6640416 0.112742 0.6586776 0.1117856 0.6532995 0.1122337 0.6532298 0.1122337 0.6532298 0.1131893 0.6585863 0.112742 0.6586776 0.1117856 0.6532995 0.1110759 0.6479162 0.1115246 0.6478664 0.1115246 0.6478664 0.1122337 0.6532298 0.1117856 0.6532995 0.1110759 0.6479162 0.1105913 0.6425346 0.1110398 0.642503 0.1110398 0.642503 0.1115246 0.6478664 0.1110759 0.6479162 0.1105913 0.6425346 0.1103153 0.637157 0.1107636 0.6371425 0.1107636 0.6371425 0.1110398 0.642503 0.1105913 0.6425346 0.1103153 0.637157 0.1102381 0.6317848 0.110686 0.6317867 0.110686 0.6317867 0.1107636 0.6371425 0.1103153 0.637157 0.1102381 0.6317848 0.1103557 0.6264168 0.1108032 0.6264351 0.1108032 0.6264351 0.110686 0.6317867 0.1102381 0.6317848 0.1103557 0.6264168 0.1106702 0.621053 0.1111173 0.6210882 0.1111173 0.6210882 0.1108032 0.6264351 0.1103557 0.6264168 0.1106702 0.621053 0.1111898 0.6156931 0.1116362 0.6157459 0.1116362 0.6157459 0.1111173 0.6210882 0.1106702 0.621053 0.1111898 0.6156931 0.1119285 0.6103386 0.1123741 0.6104108 0.1123741 0.6104108 0.1116362 0.6157459 0.1111898 0.6156931 0.1119285 0.6103386 0.1129073 0.6049948 0.1133514 0.6050881 0.1133514 0.6050881 0.1123741 0.6104108 0.1119285 0.6103386 0.1129073 0.6049948 0.1141532 0.599672 0.1145943 0.5997887 0.1145943 0.5997887 0.1133514 0.6050881 0.1129073 0.6049948 0.1141532 0.599672 0.1156979 0.5943858 0.1161347 0.594529 0.1161347 0.594529 0.1145943 0.5997887 0.1141532 0.599672 0.1156979 0.5943858 0.1175788 0.58916 0.1180088 0.5893327 0.1180088 0.5893327 0.1161347 0.594529 0.1156979 0.5943858 0.1175788 0.58916 0.119837 0.5840272 0.1202568 0.5842329 0.1202568 0.5842329 0.1180088 0.5893327 0.1175788 0.58916 0.119837 0.5840272 0.1225168 0.5790287 0.122922 0.579271 0.122922 0.579271 0.1202568 0.5842329 0.119837 0.5840272 0.1225168 0.5790287 0.1256679 0.5742102 0.1260563 0.5744915 0.1260563 0.5744915 0.122922 0.579271 0.1225168 0.5790287 0.1256679 0.5742102 0.1292956 0.5696467 0.1297246 0.5699159 0.1297246 0.5699159 0.1260563 0.5744915 0.1256679 0.5742102 0.1292291 0.6943962 0.1255589 0.6897769 0.1259524 0.6894932 0.1259524 0.6894932 0.1296634 0.6941239 0.1292291 0.6943962 0.1255589 0.6897769 0.1223739 0.6849001 0.1227843 0.6846559 0.1227843 0.6846559 0.1259524 0.6894932 0.1255589 0.6897769 0.1214302 0.6854572 0.1186949 0.6803148 0.1192803 0.6800361 0.1192803 0.6800361 0.1219978 0.6851271 0.1214302 0.6854572 0.1186949 0.6803148 0.1164012 0.6750477 0.1169987 0.6748152 0.1169987 0.6748152 0.1192803 0.6800361 0.1186949 0.6803148 0.1164012 0.6750477 0.1145027 0.669699 0.1151078 0.6695078 0.1151078 0.6695078 0.1169987 0.6748152 0.1164012 0.6750477 0.1145027 0.669699 0.1129559 0.6643036 0.1135652 0.664149 0.1135652 0.664149 0.1151078 0.6695078 0.1145027 0.669699 0.1129559 0.6643036 0.1117208 0.6588842 0.1123319 0.6587619 0.1123319 0.6587619 0.1135652 0.664149 0.1129559 0.6643036 0.1117208 0.6588842 0.1107631 0.6534563 0.1113745 0.6533629 0.1113745 0.6533629 0.1123319 0.6587619 0.1117208 0.6588842 0.1107631 0.6534563 0.110054 0.6480284 0.1106649 0.6479609 0.1106649 0.6479609 0.1113745 0.6533629 0.1107631 0.6534563 0.110054 0.6480284 0.1095705 0.6426059 0.1101804 0.642562 0.1101804 0.642562 0.1106649 0.6479609 0.110054 0.6480284 0.1095705 0.6426059 0.1092963 0.6371898 0.109905 0.6371682 0.109905 0.6371682 0.1101804 0.642562 0.1095705 0.6426059 0.1092963 0.6371898 0.1092206 0.6317803 0.1098281 0.6317804 0.1098281 0.6317804 0.109905 0.6371682 0.1092963 0.6371898 0.1092206 0.6317803 0.1093398 0.6263754 0.1099461 0.6263972 0.1099461 0.6263972 0.1098281 0.6317804 0.1092206 0.6317803 0.1093398 0.6263754 0.1096558 0.6209737 0.110261 0.6210178 0.110261 0.6210178 0.1099461 0.6263972 0.1093398 0.6263754 0.1096558 0.6209737 0.1101768 0.615574 0.110781 0.6156418 0.110781 0.6156418 0.110261 0.6210178 0.1096558 0.6209737 0.1101768 0.615574 0.1109175 0.6101763 0.1115205 0.6102703 0.1115205 0.6102703 0.110781 0.6156418 0.1101768 0.615574 0.1109175 0.6101763 0.1118993 0.6047849 0.1125004 0.6049076 0.1125004 0.6049076 0.1115205 0.6102703 0.1109175 0.6101763 0.1118993 0.6047849 0.1131502 0.5994085 0.1137482 0.5995638 0.1137482 0.5995638 0.1125004 0.6049076 0.1118993 0.6047849 0.1131502 0.5994085 0.1147036 0.5940624 0.1152966 0.5942541 0.1152966 0.5942541 0.1137482 0.5995638 0.1131502 0.5994085 0.1147036 0.5940624 0.116598 0.5887688 0.117183 0.5890018 0.117183 0.5890018 0.1152966 0.5942541 0.1147036 0.5940624 0.116598 0.5887688 0.118877 0.5835601 0.1194499 0.5838393 0.1194499 0.5838393 0.117183 0.5890018 0.116598 0.5887688 0.118877 0.5835601 0.1215872 0.578478 0.1221424 0.5788083 0.1221424 0.5788083 0.1194499 0.5838393 0.118877 0.5835601 0.1215872 0.578478 0.1247743 0.5735695 0.1253067 0.5739542 0.1253067 0.5739542 0.1221424 0.5788083 0.1215872 0.578478 0.1247743 0.5735695 0.1284669 0.5688538 0.1289374 0.5693477 0.1289374 0.5693477 0.1253067 0.5739542 0.1247743 0.5735695 0.1283894 0.6951996 0.1246526 0.6904255 0.125197 0.690041 0.125197 0.690041 0.1288705 0.6947039 0.1283894 0.6951996 0.1246526 0.6904255 0.1214302 0.6854572 0.1219978 0.6851271 0.1219978 0.6851271 0.125197 0.690041 0.1246526 0.6904255 0.117289 0.6809906 0.1186949 0.6803148 0.1214302 0.6854572 0.1214302 0.6854572 0.1200632 0.6862582 0.117289 0.6809906 0.1149695 0.6756102 0.1164012 0.6750477 0.1186949 0.6803148 0.1186949 0.6803148 0.117289 0.6809906 0.1149695 0.6756102 0.1130556 0.6701605 0.1145027 0.669699 0.1164012 0.6750477 0.1164012 0.6750477 0.1149695 0.6756102 0.1130556 0.6701605 0.1115008 0.6646758 0.1129559 0.6643036 0.1145027 0.669699 0.1145027 0.669699 0.1130556 0.6701605 0.1115008 0.6646758 0.1102626 0.6591771 0.1117208 0.6588842 0.1129559 0.6643036 0.1129559 0.6643036 0.1115008 0.6646758 0.1102626 0.6591771 0.1093049 0.6536787 0.1107631 0.6534563 0.1117208 0.6588842 0.1117208 0.6588842 0.1102626 0.6591771 0.1093049 0.6536787 0.1085973 0.6481873 0.110054 0.6480284 0.1107631 0.6534563 0.1107631 0.6534563 0.1093049 0.6536787 0.1085973 0.6481873 0.1081162 0.6427068 0.1095705 0.6426059 0.110054 0.6480284 0.110054 0.6480284 0.1085973 0.6481873 0.1081162 0.6427068 0.1078439 0.6372362 0.1092963 0.6371898 0.1095705 0.6426059 0.1095705 0.6426059 0.1081162 0.6427068 0.1078439 0.6372362 0.1077701 0.6317743 0.1092206 0.6317803 0.1092963 0.6371898 0.1092963 0.6371898 0.1078439 0.6372362 0.1077701 0.6317743 0.1078901 0.6263174 0.1093398 0.6263754 0.1092206 0.6317803 0.1092206 0.6317803 0.1077701 0.6317743 0.1078901 0.6263174 0.1082064 0.6208618 0.1096558 0.6209737 0.1093398 0.6263754 0.1093398 0.6263754 0.1078901 0.6263174 0.1082064 0.6208618 0.1087274 0.6154054 0.1101768 0.615574 0.1096558 0.6209737 0.1096558 0.6209737 0.1082064 0.6208618 0.1087274 0.6154054 0.1094684 0.6099462 0.1109175 0.6101763 0.1101768 0.615574 0.1101768 0.615574 0.1087274 0.6154054 0.1094684 0.6099462 0.1104521 0.6044864 0.1118993 0.6047849 0.1109175 0.6101763 0.1109175 0.6101763 0.1094684 0.6099462 0.1104521 0.6044864 0.1117077 0.599033 0.1131502 0.5994085 0.1118993 0.6047849 0.1118993 0.6047849 0.1104521 0.6044864 0.1117077 0.599033 0.1132706 0.5936001 0.1147036 0.5940624 0.1131502 0.5994085 0.1131502 0.5994085 0.1117077 0.599033 0.1132706 0.5936001 0.1151819 0.5882084 0.116598 0.5887688 0.1147036 0.5940624 0.1147036 0.5940624 0.1132706 0.5936001 0.1151819 0.5882084 0.1174877 0.5828892 0.118877 0.5835601 0.116598 0.5887688 0.116598 0.5887688 0.1151819 0.5882084 0.1174877 0.5828892 0.1202367 0.5776847 0.1215872 0.578478 0.118877 0.5835601 0.118877 0.5835601 0.1174877 0.5828892 0.1202367 0.5776847 0.123474 0.5726457 0.1247743 0.5735695 0.1215872 0.578478 0.1215872 0.578478 0.1202367 0.5776847 0.123474 0.5726457 0.1272059 0.5678282 0.1284669 0.5688538 0.1247743 0.5735695 0.1247743 0.5735695 0.123474 0.5726457 0.1272059 0.5678282 0.1233361 0.6913596 0.1246526 0.6904255 0.1283894 0.6951996 0.1283894 0.6951996 0.1271129 0.6962373 0.1233361 0.6913596 0.1200632 0.6862582 0.1214302 0.6854572 0.1246526 0.6904255 0.1246526 0.6904255 0.1233361 0.6913596 0.1200632 0.6862582 0.117289 0.6809906 0.1200632 0.6862582 0.1193546 0.6866694 0.1193546 0.6866694 0.1165621 0.6813367 0.117289 0.6809906 0.1149695 0.6756102 0.117289 0.6809906 0.1165621 0.6813367 0.1165621 0.6813367 0.1142309 0.6758973 0.1149695 0.6756102 0.1130556 0.6701605 0.1149695 0.6756102 0.1142309 0.6758973 0.1142309 0.6758973 0.1123105 0.6703956 0.1130556 0.6701605 0.1115008 0.6646758 0.1130556 0.6701605 0.1123105 0.6703956 0.1123105 0.6703956 0.1107531 0.6648647 0.1115008 0.6646758 0.1102626 0.6591771 0.1115008 0.6646758 0.1107531 0.6648647 0.1107531 0.6648647 0.1095145 0.6593254 0.1102626 0.6591771 0.1093049 0.6536787 0.1102626 0.6591771 0.1095145 0.6593254 0.1095145 0.6593254 0.1085577 0.653791 0.1093049 0.6536787 0.1085973 0.6481873 0.1093049 0.6536787 0.1085577 0.653791 0.1085577 0.653791 0.1078516 0.6482672 0.1085973 0.6481873 0.1081162 0.6427068 0.1085973 0.6481873 0.1078516 0.6482672 0.1078516 0.6482672 0.1073721 0.6427572 0.1081162 0.6427068 0.1078439 0.6372362 0.1081162 0.6427068 0.1073721 0.6427572 0.1073721 0.6427572 0.1071014 0.6372593 0.1078439 0.6372362 0.1077701 0.6317743 0.1078439 0.6372362 0.1071014 0.6372593 0.1071014 0.6372593 0.1070285 0.6317707 0.1077701 0.6317743 0.1078901 0.6263174 0.1077701 0.6317743 0.1070285 0.6317707 0.1070285 0.6317707 0.107149 0.6262875 0.1078901 0.6263174 0.1082064 0.6208618 0.1078901 0.6263174 0.107149 0.6262875 0.107149 0.6262875 0.1074652 0.6208049 0.1082064 0.6208618 0.1087274 0.6154054 0.1082064 0.6208618 0.1074652 0.6208049 0.1074652 0.6208049 0.1079856 0.6153197 0.1087274 0.6154054 0.1094684 0.6099462 0.1087274 0.6154054 0.1079856 0.6153197 0.1079856 0.6153197 0.1087262 0.6098292 0.1094684 0.6099462 0.1104521 0.6044864 0.1094684 0.6099462 0.1087262 0.6098292 0.1087262 0.6098292 0.1097098 0.6043343 0.1104521 0.6044864 0.1117077 0.599033 0.1104521 0.6044864 0.1097098 0.6043343 0.1097098 0.6043343 0.1109668 0.5988417 0.1117077 0.599033 0.1132706 0.5936001 0.1117077 0.599033 0.1109668 0.5988417 0.1109668 0.5988417 0.1125334 0.5933641 0.1132706 0.5936001 0.1151819 0.5882084 0.1132706 0.5936001 0.1125334 0.5933641 0.1125334 0.5933641 0.1144519 0.5879218 0.1151819 0.5882084 0.1174877 0.5828892 0.1151819 0.5882084 0.1144519 0.5879218 0.1144519 0.5879218 0.1167696 0.5825455 0.1174877 0.5828892 0.1202367 0.5776847 0.1174877 0.5828892 0.1167696 0.5825455 0.1167696 0.5825455 0.1195371 0.5772773 0.1202367 0.5776847 0.123474 0.5726457 0.1202367 0.5776847 0.1195371 0.5772773 0.1195371 0.5772773 0.1227988 0.5721698 0.123474 0.5726457 0.1272059 0.5678282 0.123474 0.5726457 0.1227988 0.5721698 0.1227988 0.5721698 0.1265808 0.5672609 0.1272059 0.5678282 0.1233361 0.6913596 0.1271129 0.6962373 0.1264799 0.696812 0.1264799 0.696812 0.122652 0.6918409 0.1233361 0.6913596 0.1200632 0.6862582 0.1233361 0.6913596 0.122652 0.6918409 0.122652 0.6918409 0.1193546 0.6866694 0.1200632 0.6862582 0.1702705 0.8361648 0.1705139 0.8342874 0.1741836 0.8352709 0.1741836 0.8352709 0.1734702 0.8370222 0.1702705 0.8361648 0.1734702 0.8370222 0.1741836 0.8352709 0.1774737 0.837186 0.1774737 0.837186 0.1763387 0.838692 0.1734702 0.8370222 0.1763387 0.838692 0.1774737 0.837186 0.1801602 0.8399023 0.1801602 0.8399023 0.1786811 0.8410603 0.1763387 0.838692 0.1786811 0.8410603 0.1801602 0.8399023 0.1820597 0.8432347 0.1820597 0.8432347 0.1803374 0.843966 0.1786811 0.8410603 0.1803374 0.843966 0.1820597 0.8432347 0.183043 0.846956 0.183043 0.846956 0.1811946 0.8472105 0.1803374 0.843966 0.1811946 0.8472105 0.183043 0.846956 0.183043 0.8508129 0.183043 0.8508129 0.1811946 0.8505732 0.1811946 0.8472105 0.1811946 0.8505732 0.183043 0.8508129 0.1820596 0.8545421 0.1820596 0.8545421 0.1803372 0.8538246 0.1811946 0.8505732 0.1803372 0.8538246 0.1820596 0.8545421 0.1801598 0.8578897 0.1801598 0.8578897 0.178681 0.8567436 0.1803372 0.8538246 0.178681 0.8567436 0.1801598 0.8578897 0.1774733 0.8606277 0.1774733 0.8606277 0.1763384 0.8591307 0.178681 0.8567436 0.1763384 0.8591307 0.1774733 0.8606277 0.174183 0.8625692 0.174183 0.8625692 0.1734697 0.8608235 0.1763384 0.8591307 0.1734697 0.8608235 0.174183 0.8625692 0.1705131 0.8635818 0.1705131 0.8635818 0.17027 0.8617066 0.1734697 0.8608235 0.17027 0.8617066 0.1705131 0.8635818 0.166714 0.863597 0.166714 0.863597 0.1669573 0.8617196 0.17027 0.8617066 0.1669573 0.8617196 0.166714 0.863597 0.1630442 0.8626132 0.1630442 0.8626132 0.1637579 0.8608621 0.1669573 0.8617196 0.1637579 0.8608621 0.1630442 0.8626132 0.1597542 0.8606979 0.1597542 0.8606979 0.1608893 0.8591921 0.1637579 0.8608621 0.1608893 0.8591921 0.1597542 0.8606979 0.1570682 0.8579817 0.1570682 0.8579817 0.1586106 0.8569586 0.1608893 0.8591921 0.1586106 0.8569586 0.1570682 0.8579817 0.1551688 0.8546494 0.1551688 0.8546494 0.1568912 0.8539183 0.1586106 0.8569586 0.1568912 0.8539183 0.1551688 0.8546494 0.1541858 0.8509281 0.1541858 0.8509281 0.156034 0.8506737 0.1568912 0.8539183 0.156034 0.8506737 0.1541858 0.8509281 0.1541858 0.8470717 0.1541858 0.8470717 0.1560341 0.8473112 0.156034 0.8506737 0.1560341 0.8473112 0.1541858 0.8470717 0.1551692 0.8433425 0.1551692 0.8433425 0.1568914 0.84406 0.1560341 0.8473112 0.1568914 0.84406 0.1551692 0.8433425 0.1570688 0.8399952 0.1570688 0.8399952 0.1585477 0.8411412 0.1568914 0.84406 0.1585477 0.8411412 0.1570688 0.8399952 0.1597551 0.8372574 0.1597551 0.8372574 0.1608899 0.8387541 0.1585477 0.8411412 0.1608899 0.8387541 0.1597551 0.8372574 0.1630451 0.8353158 0.1630451 0.8353158 0.1637585 0.8370614 0.1608899 0.8387541 0.1637585 0.8370614 0.1630451 0.8353158 0.1667146 0.8343028 0.1667146 0.8343028 0.166958 0.8361782 0.1637585 0.8370614 0.166958 0.8361782 0.1667146 0.8343028 0.1705139 0.8342874 0.1705139 0.8342874 0.1702705 0.8361648 0.166958 0.8361782 0.1747763 0.8570716 0.178681 0.8567436 0.1763384 0.8591307 0.1763384 0.8591307 0.1734697 0.8608235 0.1747763 0.8570716 0.1758742 0.8535022 0.1803372 0.8538246 0.178681 0.8567436 0.178681 0.8567436 0.1747763 0.8570716 0.1758742 0.8535022 0.1768062 0.8463131 0.1811946 0.8472105 0.1811946 0.8505732 0.1811946 0.8505732 0.1765683 0.8499317 0.1768062 0.8463131 0.1763387 0.838692 0.1786811 0.8410603 0.1803374 0.843966 0.1803374 0.843966 0.1766508 0.8426119 0.1763387 0.838692 0.171103 0.8572418 0.1747763 0.8570716 0.1734697 0.8608235 0.1734697 0.8608235 0.17027 0.8617066 0.171103 0.8572418 0.1718587 0.8532168 0.1758742 0.8535022 0.1747763 0.8570716 0.1747763 0.8570716 0.171103 0.8572418 0.1718587 0.8532168 0.1728574 0.8455132 0.1768062 0.8463131 0.1765683 0.8499317 0.1765683 0.8499317 0.1724464 0.8493665 0.1728574 0.8455132 0.1734702 0.8370222 0.1763387 0.838692 0.1766508 0.8426119 0.1766508 0.8426119 0.1731464 0.8414805 0.1734702 0.8370222 0.1675367 0.8570141 0.171103 0.8572418 0.17027 0.8617066 0.17027 0.8617066 0.1669573 0.8617196 0.1675367 0.8570141 0.1680582 0.852814 0.1718587 0.8532168 0.171103 0.8572418 0.171103 0.8572418 0.1675367 0.8570141 0.1680582 0.852814 0.1690824 0.8449143 0.1728574 0.8455132 0.1724464 0.8493665 0.1724464 0.8493665 0.1685641 0.8488522 0.1690824 0.8449143 0.1702705 0.8361648 0.1734702 0.8370222 0.1731464 0.8414805 0.1731464 0.8414805 0.1696414 0.8407803 0.1702705 0.8361648 0.1640378 0.8563256 0.1675367 0.8570141 0.1669573 0.8617196 0.1669573 0.8617196 0.1637579 0.8608621 0.1640378 0.8563256 0.1642959 0.8522362 0.1680582 0.852814 0.1675367 0.8570141 0.1675367 0.8570141 0.1640378 0.8563256 0.1642959 0.8522362 0.1652947 0.8445327 0.1690824 0.8449143 0.1685641 0.8488522 0.1685641 0.8488522 0.1646943 0.8483615 0.1652947 0.8445327 0.166958 0.8361782 0.1702705 0.8361648 0.1696414 0.8407803 0.1696414 0.8407803 0.1660812 0.8405647 0.166958 0.8361782 0.1605524 0.8552273 0.1640378 0.8563256 0.1637579 0.8608621 0.1637579 0.8608621 0.1608893 0.8591921 0.1605524 0.8552273 0.1603785 0.8514931 0.1642959 0.8522362 0.1640378 0.8563256 0.1640378 0.8563256 0.1605524 0.8552273 0.1603785 0.8514931 0.1613105 0.8443042 0.1652947 0.8445327 0.1646943 0.8483615 0.1646943 0.8483615 0.1606101 0.8478628 0.1613105 0.8443042 0.1637585 0.8370614 0.166958 0.8361782 0.1660812 0.8405647 0.1660812 0.8405647 0.162427 0.8407681 0.1637585 0.8370614 0.1605524 0.8552273 0.1608893 0.8591921 0.1586106 0.8569586 0.1586106 0.8569586 0.1568912 0.8539183 0.1605524 0.8552273 0.156034 0.8506737 0.1603785 0.8514931 0.1605524 0.8552273 0.1605524 0.8552273 0.1568912 0.8539183 0.156034 0.8506737 0.1568914 0.84406 0.1613105 0.8443042 0.1606101 0.8478628 0.1606101 0.8478628 0.1560341 0.8473112 0.1568914 0.84406 0.1608899 0.8387541 0.1637585 0.8370614 0.162427 0.8407681 0.162427 0.8407681 0.1585477 0.8411412 0.1608899 0.8387541 0.1758742 0.8535022 0.1765683 0.8499317 0.1811946 0.8505732 0.1811946 0.8505732 0.1803372 0.8538246 0.1758742 0.8535022 0.1768062 0.8463131 0.1766508 0.8426119 0.1803374 0.843966 0.1803374 0.843966 0.1811946 0.8472105 0.1768062 0.8463131 0.1718587 0.8532168 0.1724464 0.8493665 0.1765683 0.8499317 0.1765683 0.8499317 0.1758742 0.8535022 0.1718587 0.8532168 0.1728574 0.8455132 0.1731464 0.8414805 0.1766508 0.8426119 0.1766508 0.8426119 0.1768062 0.8463131 0.1728574 0.8455132 0.1680582 0.852814 0.1685641 0.8488522 0.1724464 0.8493665 0.1724464 0.8493665 0.1718587 0.8532168 0.1680582 0.852814 0.1690824 0.8449143 0.1696414 0.8407803 0.1731464 0.8414805 0.1731464 0.8414805 0.1728574 0.8455132 0.1690824 0.8449143 0.1642959 0.8522362 0.1646943 0.8483615 0.1685641 0.8488522 0.1685641 0.8488522 0.1680582 0.852814 0.1642959 0.8522362 0.1652947 0.8445327 0.1660812 0.8405647 0.1696414 0.8407803 0.1696414 0.8407803 0.1690824 0.8449143 0.1652947 0.8445327 0.1603785 0.8514931 0.1606101 0.8478628 0.1646943 0.8483615 0.1646943 0.8483615 0.1642959 0.8522362 0.1603785 0.8514931 0.1613105 0.8443042 0.162427 0.8407681 0.1660812 0.8405647 0.1660812 0.8405647 0.1652947 0.8445327 0.1613105 0.8443042 0.156034 0.8506737 0.1560341 0.8473112 0.1606101 0.8478628 0.1606101 0.8478628 0.1603785 0.8514931 0.156034 0.8506737 0.1568914 0.84406 0.1585477 0.8411412 0.162427 0.8407681 0.162427 0.8407681 0.1613105 0.8443042 0.1568914 0.84406 0.5402795 0.806897 0.5403451 0.8102126 0.5402076 0.8102117 0.5402076 0.8102117 0.5401448 0.806897 0.5402795 0.806897 0.5403451 0.8102126 0.5405394 0.8135357 0.5403938 0.813534 0.5403938 0.813534 0.5402076 0.8102117 0.5403451 0.8102126 0.5405394 0.8135357 0.5408492 0.8168717 0.5406905 0.8168693 0.5406905 0.8168693 0.5403938 0.813534 0.5405394 0.8135357 0.5408492 0.8168717 0.5412529 0.8202219 0.5410775 0.8202195 0.5410775 0.8202195 0.5406905 0.8168693 0.5408492 0.8168717 0.5412529 0.8202219 0.5417233 0.8235841 0.5415282 0.8235824 0.5415282 0.8235824 0.5410775 0.8202195 0.5412529 0.8202219 0.5417233 0.8235841 0.5422279 0.8269517 0.542012 0.8269519 0.542012 0.8269519 0.5415282 0.8235824 0.5417233 0.8235841 0.5422279 0.8269517 0.5427321 0.8303167 0.5424956 0.83032 0.5424956 0.83032 0.542012 0.8269519 0.5422279 0.8269517 0.5427321 0.8303167 0.5432014 0.8336714 0.542946 0.8336786 0.542946 0.8336786 0.5424956 0.83032 0.5427321 0.8303167 0.5432014 0.8336714 0.5436037 0.8370113 0.5433326 0.8370223 0.5433326 0.8370223 0.542946 0.8336786 0.5432014 0.8336714 0.5436037 0.8370113 0.543911 0.840337 0.5436286 0.8403494 0.5436286 0.8403494 0.5433326 0.8370223 0.5436037 0.8370113 0.543911 0.840337 0.544103 0.8436536 0.5438141 0.8436621 0.5438141 0.8436621 0.5436286 0.8403494 0.543911 0.840337 0.544103 0.8436536 0.5441671 0.8469668 0.5438762 0.8469665 0.5438762 0.8469665 0.5438141 0.8436621 0.544103 0.8436536 0.5441671 0.8469668 0.5440993 0.8502798 0.5438104 0.850271 0.5438104 0.850271 0.5438762 0.8469665 0.5441671 0.8469668 0.5440993 0.8502798 0.5439037 0.853596 0.5436214 0.8535836 0.5436214 0.8535836 0.5438104 0.850271 0.5440993 0.8502798 0.5439037 0.853596 0.5435928 0.8569213 0.5433218 0.8569101 0.5433218 0.8569101 0.5436214 0.8535836 0.5439037 0.853596 0.5433218 0.8569101 0.5435928 0.8569213 0.5431872 0.8602607 0.5431872 0.8602607 0.5429318 0.8602532 0.5433218 0.8569101 0.5429318 0.8602532 0.5431872 0.8602607 0.5427145 0.8636149 0.5427145 0.8636149 0.542478 0.8636115 0.5429318 0.8602532 0.542478 0.8636115 0.5427145 0.8636149 0.5422073 0.8669793 0.5422073 0.8669793 0.5419914 0.8669789 0.542478 0.8636115 0.5420268 0.7868438 0.5422426 0.7868441 0.5417352 0.7902113 0.5417352 0.7902113 0.5415402 0.7902127 0.5420268 0.7868438 0.5415402 0.7902127 0.5417352 0.7902113 0.5412622 0.7935729 0.5412622 0.7935729 0.5410866 0.7935751 0.5415402 0.7902127 0.5410866 0.7935751 0.5412622 0.7935729 0.5408557 0.7969228 0.5408557 0.7969228 0.5406972 0.7969248 0.5410866 0.7935751 0.5406972 0.7969248 0.5408557 0.7969228 0.5405439 0.8002583 0.5405439 0.8002583 0.5403981 0.8002599 0.5406972 0.7969248 0.5403981 0.8002599 0.5405439 0.8002583 0.5403473 0.8035812 0.5403473 0.8035812 0.5402097 0.8035821 0.5403981 0.8002599 0.5402097 0.8035821 0.5403473 0.8035812 0.5402795 0.806897 0.5402795 0.806897 0.5401448 0.806897 0.5402097 0.8035821 0.1200946 0.679636 0.1202177 0.6795758 0.1229027 0.684585 0.1229027 0.684585 0.1227843 0.6846559 0.1200946 0.679636 0.1178321 0.6744805 0.1179583 0.67443 0.1202177 0.6795758 0.1202177 0.6795758 0.1200946 0.679636 0.1178321 0.6744805 0.1159535 0.6692324 0.1160817 0.6691907 0.1179583 0.67443 0.1179583 0.67443 0.1178321 0.6744805 0.1159535 0.6692324 0.1144183 0.6639262 0.1145477 0.6638925 0.1160817 0.6691907 0.1160817 0.6691907 0.1159535 0.6692324 0.1144183 0.6639262 0.1131893 0.6585863 0.1133193 0.6585597 0.1145477 0.6638925 0.1145477 0.6638925 0.1144183 0.6639262 0.1131893 0.6585863 0.1122337 0.6532298 0.1123642 0.6532094 0.1133193 0.6585597 0.1133193 0.6585597 0.1131893 0.6585863 0.1122337 0.6532298 0.1115246 0.6478664 0.111655 0.6478518 0.1123642 0.6532094 0.1123642 0.6532094 0.1122337 0.6532298 0.1115246 0.6478664 0.1110398 0.642503 0.1111702 0.6424937 0.111655 0.6478518 0.111655 0.6478518 0.1115246 0.6478664 0.1110398 0.642503 0.1107636 0.6371425 0.110894 0.6371381 0.1111702 0.6424937 0.1111702 0.6424937 0.1110398 0.642503 0.1107636 0.6371425 0.110686 0.6317867 0.1108162 0.6317871 0.110894 0.6371381 0.110894 0.6371381 0.1107636 0.6371425 0.110686 0.6317867 0.1108032 0.6264351 0.1109334 0.6264405 0.1108162 0.6317871 0.1108162 0.6317871 0.110686 0.6317867 0.1108032 0.6264351 0.1111173 0.6210882 0.1112473 0.6210983 0.1109334 0.6264405 0.1109334 0.6264405 0.1108032 0.6264351 0.1111173 0.6210882 0.1116362 0.6157459 0.1117661 0.6157613 0.1112473 0.6210983 0.1112473 0.6210983 0.1111173 0.6210882 0.1116362 0.6157459 0.1123741 0.6104108 0.1125037 0.6104316 0.1117661 0.6157613 0.1117661 0.6157613 0.1116362 0.6157459 0.1123741 0.6104108 0.1133514 0.6050881 0.1134805 0.6051152 0.1125037 0.6104316 0.1125037 0.6104316 0.1123741 0.6104108 0.1133514 0.6050881 0.1145943 0.5997887 0.1147227 0.5998228 0.1134805 0.6051152 0.1134805 0.6051152 0.1133514 0.6050881 0.1145943 0.5997887 0.1161347 0.594529 0.1162617 0.5945706 0.1147227 0.5998228 0.1147227 0.5998228 0.1145943 0.5997887 0.1161347 0.594529 0.1180088 0.5893327 0.1181336 0.589383 0.1162617 0.5945706 0.1162617 0.5945706 0.1161347 0.594529 0.1180088 0.5893327 0.1202568 0.5842329 0.1203784 0.5842928 0.1181336 0.589383 0.1181336 0.589383 0.1180088 0.5893327 0.1202568 0.5842329 0.122922 0.579271 0.123039 0.579341 0.1203784 0.5842928 0.1203784 0.5842928 0.1202568 0.5842329 0.122922 0.579271 0.1260563 0.5744915 0.1261678 0.5745708 0.123039 0.579341 0.123039 0.579341 0.122922 0.579271 0.1260563 0.5744915 0.1297246 0.5699159 0.1298518 0.570013 0.1261678 0.5745708 0.1261678 0.5745708 0.1260563 0.5744915 0.1297246 0.5699159 0.1259524 0.6894932 0.1260653 0.6894129 0.129792 0.6940255 0.129792 0.6940255 0.1296634 0.6941239 0.1259524 0.6894932 0.1227843 0.6846559 0.1229027 0.684585 0.1260653 0.6894129 0.1260653 0.6894129 0.1259524 0.6894932 0.1227843 0.6846559 0.1266976 0.6823093 0.1265558 0.6823953 0.1240056 0.6777127 0.1240056 0.6777127 0.1241536 0.6776396 0.1266976 0.6823093 0.1241536 0.6776396 0.1240056 0.6777127 0.1218419 0.6728607 0.1218419 0.6728607 0.1219944 0.672799 0.1241536 0.6776396 0.1219944 0.672799 0.1218419 0.6728607 0.1200294 0.6678867 0.1200294 0.6678867 0.1201851 0.6678354 0.1219944 0.672799 0.1201851 0.6678354 0.1200294 0.6678867 0.1185356 0.6628274 0.1185356 0.6628274 0.1186935 0.6627856 0.1201851 0.6678354 0.1186935 0.6627856 0.1185356 0.6628274 0.1173303 0.6577102 0.1173303 0.6577102 0.1174897 0.657677 0.1186935 0.6627856 0.1174897 0.657677 0.1173303 0.6577102 0.1163863 0.6525556 0.1163863 0.6525556 0.1165466 0.6525298 0.1174897 0.657677 0.1165466 0.6525298 0.1163863 0.6525556 0.1156807 0.6473774 0.1156807 0.6473774 0.1158415 0.6473591 0.1165466 0.6525298 0.1158415 0.6473591 0.1156807 0.6473774 0.1151946 0.6421864 0.1151946 0.6421864 0.1153556 0.6421746 0.1158415 0.6473591 0.1153556 0.6421746 0.1151946 0.6421864 0.1149142 0.6369899 0.1149142 0.6369899 0.1150752 0.6369842 0.1153556 0.6421746 0.1150752 0.6369842 0.1149142 0.6369899 0.1148309 0.6317937 0.1148309 0.6317937 0.1149919 0.6317941 0.1150752 0.6369842 0.1149919 0.6317941 0.1148309 0.6317937 0.1149417 0.6266021 0.1149417 0.6266021 0.1151025 0.6266086 0.1149919 0.6317941 0.1151025 0.6266086 0.1149417 0.6266021 0.1152487 0.6214192 0.1152487 0.6214192 0.1154092 0.6214318 0.1151025 0.6266086 0.1154092 0.6214318 0.1152487 0.6214192 0.1157589 0.6162489 0.1157589 0.6162489 0.1159191 0.6162682 0.1154092 0.6214318 0.1159191 0.6162682 0.1157589 0.6162489 0.1164843 0.6110981 0.1164843 0.6110981 0.1166436 0.6111241 0.1159191 0.6162682 0.1166436 0.6111241 0.1164843 0.6110981 0.1174418 0.6059763 0.1174418 0.6059763 0.1176001 0.6060099 0.1166436 0.6111241 0.1176001 0.6060099 0.1174418 0.6059763 0.1186541 0.6008981 0.1186541 0.6008981 0.1188107 0.6009401 0.1176001 0.6060099 0.1188107 0.6009401 0.1186541 0.6008981 0.1201472 0.595883 0.1201472 0.595883 0.1203014 0.5959342 0.1188107 0.6009401 0.1203014 0.5959342 0.1201472 0.595883 0.1219508 0.5909581 0.1219508 0.5909581 0.1221016 0.5910195 0.1203014 0.5959342 0.1221016 0.5910195 0.1219508 0.5909581 0.1240975 0.5861588 0.1240975 0.5861588 0.1242439 0.5862312 0.1221016 0.5910195 0.1242439 0.5862312 0.1240975 0.5861588 0.1266233 0.5815302 0.1266233 0.5815302 0.1267634 0.5816151 0.1242439 0.5862312 0.1267634 0.5816151 0.1266233 0.5815302 0.1295711 0.577132 0.1295711 0.577132 0.1297023 0.5772314 0.1267634 0.5816151 0.1297023 0.5772314 0.1295711 0.577132 0.1330168 0.5730756 0.1330168 0.5730756 0.1331333 0.5731927 0.1297023 0.5772314 0.1331333 0.6908273 0.1330155 0.6909456 0.129535 0.6868456 0.129535 0.6868456 0.1296678 0.6867452 0.1331333 0.6908273 0.1296678 0.6867452 0.129535 0.6868456 0.1265558 0.6823953 0.1265558 0.6823953 0.1266976 0.6823093 0.1296678 0.6867452 0.1194754 0.6799394 0.1221863 0.6850134 0.1219978 0.6851271 0.1219978 0.6851271 0.1192803 0.6800361 0.1194754 0.6799394 0.1221863 0.6850134 0.1194754 0.6799394 0.1196699 0.6798429 0.1196699 0.6798429 0.1223739 0.6849001 0.1221863 0.6850134 0.1171984 0.6747343 0.1194754 0.6799394 0.1192803 0.6800361 0.1192803 0.6800361 0.1169987 0.6748152 0.1171984 0.6747343 0.1194754 0.6799394 0.1171984 0.6747343 0.1173975 0.6746535 0.1173975 0.6746535 0.1196699 0.6798429 0.1194754 0.6799394 0.1153104 0.6694413 0.1171984 0.6747343 0.1169987 0.6748152 0.1169987 0.6748152 0.1151078 0.6695078 0.1153104 0.6694413 0.1171984 0.6747343 0.1153104 0.6694413 0.1155124 0.6693749 0.1155124 0.6693749 0.1173975 0.6746535 0.1171984 0.6747343 0.1137694 0.6640953 0.1153104 0.6694413 0.1151078 0.6695078 0.1151078 0.6695078 0.1135652 0.664149 0.1137694 0.6640953 0.1153104 0.6694413 0.1137694 0.6640953 0.1139733 0.6640416 0.1139733 0.6640416 0.1155124 0.6693749 0.1153104 0.6694413 0.1125372 0.6587198 0.1137694 0.6640953 0.1135652 0.664149 0.1135652 0.664149 0.1123319 0.6587619 0.1125372 0.6587198 0.1137694 0.6640953 0.1125372 0.6587198 0.112742 0.6586776 0.112742 0.6586776 0.1139733 0.6640416 0.1137694 0.6640953 0.1115803 0.6533311 0.1125372 0.6587198 0.1123319 0.6587619 0.1123319 0.6587619 0.1113745 0.6533629 0.1115803 0.6533311 0.1125372 0.6587198 0.1115803 0.6533311 0.1117856 0.6532995 0.1117856 0.6532995 0.112742 0.6586776 0.1125372 0.6587198 0.1108706 0.6479386 0.1115803 0.6533311 0.1113745 0.6533629 0.1113745 0.6533629 0.1106649 0.6479609 0.1108706 0.6479386 0.1115803 0.6533311 0.1108706 0.6479386 0.1110759 0.6479162 0.1110759 0.6479162 0.1117856 0.6532995 0.1115803 0.6533311 0.1103861 0.6425483 0.1108706 0.6479386 0.1106649 0.6479609 0.1106649 0.6479609 0.1101804 0.642562 0.1103861 0.6425483 0.1108706 0.6479386 0.1103861 0.6425483 0.1105913 0.6425346 0.1105913 0.6425346 0.1110759 0.6479162 0.1108706 0.6479386 0.1101104 0.6371626 0.1103861 0.6425483 0.1101804 0.642562 0.1101804 0.642562 0.109905 0.6371682 0.1101104 0.6371626 0.1103861 0.6425483 0.1101104 0.6371626 0.1103153 0.637157 0.1103153 0.637157 0.1105913 0.6425346 0.1103861 0.6425483 0.1100333 0.6317826 0.1101104 0.6371626 0.109905 0.6371682 0.109905 0.6371682 0.1098281 0.6317804 0.1100333 0.6317826 0.1101104 0.6371626 0.1100333 0.6317826 0.1102381 0.6317848 0.1102381 0.6317848 0.1103153 0.637157 0.1101104 0.6371626 0.1101511 0.6264069 0.1100333 0.6317826 0.1098281 0.6317804 0.1098281 0.6317804 0.1099461 0.6263972 0.1101511 0.6264069 0.1100333 0.6317826 0.1101511 0.6264069 0.1103557 0.6264168 0.1103557 0.6264168 0.1102381 0.6317848 0.1100333 0.6317826 0.1104657 0.6210353 0.1101511 0.6264069 0.1099461 0.6263972 0.1099461 0.6263972 0.110261 0.6210178 0.1104657 0.6210353 0.1101511 0.6264069 0.1104657 0.6210353 0.1106702 0.621053 0.1106702 0.621053 0.1103557 0.6264168 0.1101511 0.6264069 0.1109855 0.6156674 0.1104657 0.6210353 0.110261 0.6210178 0.110261 0.6210178 0.110781 0.6156418 0.1109855 0.6156674 0.1104657 0.6210353 0.1109855 0.6156674 0.1111898 0.6156931 0.1111898 0.6156931 0.1106702 0.621053 0.1104657 0.6210353 0.1117247 0.6103044 0.1109855 0.6156674 0.110781 0.6156418 0.110781 0.6156418 0.1115205 0.6102703 0.1117247 0.6103044 0.1109855 0.6156674 0.1117247 0.6103044 0.1119285 0.6103386 0.1119285 0.6103386 0.1111898 0.6156931 0.1109855 0.6156674 0.1127042 0.6049513 0.1117247 0.6103044 0.1115205 0.6102703 0.1115205 0.6102703 0.1125004 0.6049076 0.1127042 0.6049513 0.1117247 0.6103044 0.1127042 0.6049513 0.1129073 0.6049948 0.1129073 0.6049948 0.1119285 0.6103386 0.1117247 0.6103044 0.1139509 0.5996179 0.1127042 0.6049513 0.1125004 0.6049076 0.1125004 0.6049076 0.1137482 0.5995638 0.1139509 0.5996179 0.1127042 0.6049513 0.1139509 0.5996179 0.1141532 0.599672 0.1141532 0.599672 0.1129073 0.6049948 0.1127042 0.6049513 0.1154975 0.5943199 0.1139509 0.5996179 0.1137482 0.5995638 0.1137482 0.5995638 0.1152966 0.5942541 0.1154975 0.5943199 0.1139509 0.5996179 0.1154975 0.5943199 0.1156979 0.5943858 0.1156979 0.5943858 0.1141532 0.599672 0.1139509 0.5996179 0.1173812 0.5890809 0.1154975 0.5943199 0.1152966 0.5942541 0.1152966 0.5942541 0.117183 0.5890018 0.1173812 0.5890809 0.1154975 0.5943199 0.1173812 0.5890809 0.1175788 0.58916 0.1175788 0.58916 0.1156979 0.5943858 0.1154975 0.5943199 0.1196436 0.5839333 0.1173812 0.5890809 0.117183 0.5890018 0.117183 0.5890018 0.1194499 0.5838393 0.1196436 0.5839333 0.1173812 0.5890809 0.1196436 0.5839333 0.119837 0.5840272 0.119837 0.5840272 0.1175788 0.58916 0.1173812 0.5890809 0.12233 0.5789186 0.1196436 0.5839333 0.1194499 0.5838393 0.1194499 0.5838393 0.1221424 0.5788083 0.12233 0.5789186 0.1196436 0.5839333 0.12233 0.5789186 0.1225168 0.5790287 0.1225168 0.5790287 0.119837 0.5840272 0.1196436 0.5839333 0.1254877 0.5740824 0.12233 0.5789186 0.1221424 0.5788083 0.1221424 0.5788083 0.1253067 0.5739542 0.1254877 0.5740824 0.12233 0.5789186 0.1254877 0.5740824 0.1256679 0.5742102 0.1256679 0.5742102 0.1225168 0.5790287 0.12233 0.5789186 0.129117 0.5694971 0.1254877 0.5740824 0.1253067 0.5739542 0.1253067 0.5739542 0.1289374 0.5693477 0.129117 0.5694971 0.1254877 0.5740824 0.129117 0.5694971 0.1292956 0.5696467 0.1292956 0.5696467 0.1256679 0.5742102 0.1254877 0.5740824 0.1253783 0.6899088 0.1290504 0.6945502 0.1288705 0.6947039 0.1288705 0.6947039 0.125197 0.690041 0.1253783 0.6899088 0.1290504 0.6945502 0.1253783 0.6899088 0.1255589 0.6897769 0.1255589 0.6897769 0.1292291 0.6943962 0.1290504 0.6945502 0.1221863 0.6850134 0.1253783 0.6899088 0.125197 0.690041 0.125197 0.690041 0.1219978 0.6851271 0.1221863 0.6850134 0.1253783 0.6899088 0.1221863 0.6850134 0.1223739 0.6849001 0.1223739 0.6849001 0.1255589 0.6897769 0.1253783 0.6899088 0.7926204 0.5913756 0.7929493 0.5908324 0.7928907 0.5952904 0.7928907 0.5952904 0.7925565 0.5953348 0.7926204 0.5913756 0.7877748 0.592652 0.7892237 0.596055 0.7888886 0.5962098 0.7888886 0.5962098 0.7869518 0.5921497 0.7877748 0.592652 0.7912088 0.5995764 0.7922401 0.5994595 0.792384 0.6000878 0.792384 0.6000878 0.7910664 0.6003671 0.7912088 0.5995764 0.7932064 0.5987879 0.7921928 0.5953881 0.7925565 0.5953348 0.7925565 0.5953348 0.793637 0.5992767 0.7932064 0.5987879 0.7874734 0.5907939 0.7878811 0.5912734 0.7869518 0.5921497 0.7869518 0.5921497 0.7863171 0.5918034 0.7874734 0.5907939 0.7912088 0.5995764 0.7910664 0.6003671 0.7888886 0.5962098 0.7888886 0.5962098 0.7892237 0.596055 0.7912088 0.5995764 0.789251 0.5906385 0.7878811 0.5912734 0.7874734 0.5907939 0.7874734 0.5907939 0.7891083 0.5900033 0.789251 0.5906385 0.7932064 0.5987879 0.793637 0.5992767 0.792384 0.6000878 0.792384 0.6000878 0.7922401 0.5994595 0.7932064 0.5987879 0.7922585 0.5920872 0.7926204 0.5913756 0.7925565 0.5953348 0.7925565 0.5953348 0.7921928 0.5953881 0.7922585 0.5920872 0.7869518 0.5921497 0.7888886 0.5962098 0.7886117 0.5963425 0.7886117 0.5963425 0.7863171 0.5918034 0.7869518 0.5921497 0.7910664 0.6003671 0.792384 0.6000878 0.7925001 0.6005386 0.7925001 0.6005386 0.7909141 0.6009334 0.7910664 0.6003671 0.793637 0.5992767 0.7925565 0.5953348 0.7928907 0.5952904 0.7928907 0.5952904 0.7939861 0.5996108 0.793637 0.5992767 0.3551171 0.5960878 0.353973 0.5954981 0.3566738 0.590693 0.3566738 0.590693 0.3577767 0.5913763 0.3551171 0.5960878 0.3528335 0.6009557 0.3516574 0.6004526 0.353973 0.5954981 0.353973 0.5954981 0.3551171 0.5960878 0.3528335 0.6009557 0.3508964 0.605944 0.3496959 0.6055207 0.3516574 0.6004526 0.3516574 0.6004526 0.3528335 0.6009557 0.3508964 0.605944 0.3492796 0.6110224 0.3480615 0.6106725 0.3496959 0.6055207 0.3496959 0.6055207 0.3508964 0.605944 0.3492796 0.6110224 0.347958 0.6161666 0.3467269 0.6158842 0.3480615 0.6106725 0.3480615 0.6106725 0.3492796 0.6110224 0.347958 0.6161666 0.3469063 0.6213589 0.3456661 0.6211386 0.3467269 0.6158842 0.3467269 0.6158842 0.347958 0.6161666 0.3469063 0.6213589 0.346105 0.6265851 0.3448584 0.6264227 0.3456661 0.6211386 0.3456661 0.6211386 0.3469063 0.6213589 0.346105 0.6265851 0.3455401 0.6318345 0.3442891 0.6317269 0.3448584 0.6264227 0.3448584 0.6264227 0.346105 0.6265851 0.3455401 0.6318345 0.345199 0.6370999 0.3439452 0.6370447 0.3442891 0.6317269 0.3442891 0.6317269 0.3455401 0.6318345 0.345199 0.6370999 0.3450757 0.6423746 0.3438207 0.6423711 0.3439452 0.6370447 0.3439452 0.6370447 0.345199 0.6370999 0.3450757 0.6423746 0.3451693 0.6476531 0.3439139 0.6477016 0.3438207 0.6423711 0.3438207 0.6423711 0.3450757 0.6423746 0.3451693 0.6476531 0.3454838 0.6529296 0.3442295 0.6530315 0.3439139 0.6477016 0.3439139 0.6477016 0.3451693 0.6476531 0.3454838 0.6529296 0.3460286 0.6581956 0.3447774 0.6583539 0.3442295 0.6530315 0.3442295 0.6530315 0.3454838 0.6529296 0.3460286 0.6581956 0.346817 0.663442 0.3455715 0.6636605 0.3447774 0.6583539 0.3447774 0.6583539 0.3460286 0.6581956 0.346817 0.663442 0.3478662 0.6686566 0.3466295 0.6689395 0.3455715 0.6636605 0.3455715 0.6636605 0.346817 0.663442 0.3478662 0.6686566 0.3491954 0.6738238 0.3479717 0.6741761 0.3466295 0.6689395 0.3466295 0.6689395 0.3478662 0.6686566 0.3491954 0.6738238 0.350825 0.6789242 0.3496195 0.6793511 0.3479717 0.6741761 0.3479717 0.6741761 0.3491954 0.6738238 0.350825 0.6789242 0.3527787 0.6839329 0.3515977 0.6844403 0.3496195 0.6793511 0.3496195 0.6793511 0.350825 0.6789242 0.3527787 0.6839329 0.3550813 0.6888197 0.353933 0.6894138 0.3515977 0.6844403 0.3515977 0.6844403 0.3527787 0.6839329 0.3550813 0.6888197 0.3577597 0.6935485 0.3566527 0.6942359 0.353933 0.6894138 0.353933 0.6894138 0.3550813 0.6888197 0.3577597 0.6935485 0.360846 0.6980811 0.3597877 0.6988714 0.3566527 0.6942359 0.3566527 0.6942359 0.3577597 0.6935485 0.360846 0.6980811 0.364459 0.7024434 0.3634052 0.7033153 0.3597877 0.6988714 0.3597877 0.6988714 0.360846 0.6980811 0.364459 0.7024434 0.3608467 0.5868598 0.359792 0.5860732 0.3633955 0.5816455 0.3633955 0.5816455 0.3644452 0.5825141 0.3608467 0.5868598 0.3577767 0.5913763 0.3566738 0.590693 0.359792 0.5860732 0.359792 0.5860732 0.3608467 0.5868598 0.3577767 0.5913763 0.3577767 0.5913763 0.3586363 0.5919094 0.3560102 0.596548 0.3560102 0.596548 0.3551171 0.5960878 0.3577767 0.5913763 0.3551171 0.5960878 0.3560102 0.596548 0.3537526 0.6013484 0.3537526 0.6013484 0.3528335 0.6009557 0.3551171 0.5960878 0.3528335 0.6009557 0.3537526 0.6013484 0.3518351 0.6062744 0.3518351 0.6062744 0.3508964 0.605944 0.3528335 0.6009557 0.3508964 0.605944 0.3518351 0.6062744 0.3502329 0.6112952 0.3502329 0.6112952 0.3492796 0.6110224 0.3508964 0.605944 0.3492796 0.6110224 0.3502329 0.6112952 0.3489219 0.6163867 0.3489219 0.6163867 0.347958 0.6161666 0.3492796 0.6110224 0.347958 0.6161666 0.3489219 0.6163867 0.3478778 0.6215303 0.3478778 0.6215303 0.3469063 0.6213589 0.347958 0.6161666 0.3469063 0.6213589 0.3478778 0.6215303 0.3470814 0.6267111 0.3470814 0.6267111 0.346105 0.6265851 0.3469063 0.6213589 0.346105 0.6265851 0.3470814 0.6267111 0.34652 0.6319175 0.34652 0.6319175 0.3455401 0.6318345 0.346105 0.6265851 0.3455401 0.6318345 0.34652 0.6319175 0.3461809 0.6371416 0.3461809 0.6371416 0.345199 0.6370999 0.3455401 0.6318345 0.345199 0.6370999 0.3461809 0.6371416 0.3460586 0.642376 0.3460586 0.642376 0.3450757 0.6423746 0.345199 0.6370999 0.3450757 0.6423746 0.3460586 0.642376 0.3461521 0.6476135 0.3461521 0.6476135 0.3451693 0.6476531 0.3450757 0.6423746 0.3451693 0.6476531 0.3461521 0.6476135 0.3464654 0.652848 0.3464654 0.652848 0.3454838 0.6529296 0.3451693 0.6476531 0.3454838 0.6529296 0.3464654 0.652848 0.3470072 0.65807 0.3470072 0.65807 0.3460286 0.6581956 0.3454838 0.6529296 0.3460286 0.6581956 0.3470072 0.65807 0.3477908 0.6632695 0.3477908 0.6632695 0.346817 0.663442 0.3460286 0.6581956 0.346817 0.663442 0.3477908 0.6632695 0.3488325 0.6684337 0.3488325 0.6684337 0.3478662 0.6686566 0.346817 0.663442 0.3478662 0.6686566 0.3488325 0.6684337 0.350151 0.6735469 0.350151 0.6735469 0.3491954 0.6738238 0.3478662 0.6686566 0.3491954 0.6738238 0.350151 0.6735469 0.3517661 0.6785891 0.3517661 0.6785891 0.350825 0.6789242 0.3491954 0.6738238 0.350825 0.6789242 0.3517661 0.6785891 0.3536995 0.6835351 0.3536995 0.6835351 0.3527787 0.6839329 0.350825 0.6789242 0.3527787 0.6839329 0.3536995 0.6835351 0.3559762 0.6883545 0.3559762 0.6883545 0.3550813 0.6888197 0.3527787 0.6839329 0.3550813 0.6888197 0.3559762 0.6883545 0.3586208 0.6930107 0.3586208 0.6930107 0.3577597 0.6935485 0.3550813 0.6888197 0.3577597 0.6935485 0.3586208 0.6930107 0.3616638 0.697463 0.3616638 0.697463 0.360846 0.6980811 0.3577597 0.6935485 0.360846 0.6980811 0.3616638 0.697463 0.3652049 0.701676 0.3652049 0.701676 0.364459 0.7024434 0.360846 0.6980811 0.3644452 0.5825141 0.3651887 0.5832788 0.3616631 0.5874741 0.3616631 0.5874741 0.3608467 0.5868598 0.3644452 0.5825141 0.3608467 0.5868598 0.3616631 0.5874741 0.3586363 0.5919094 0.3586363 0.5919094 0.3577767 0.5913763 0.3608467 0.5868598 0.3586363 0.5919094 0.3596439 0.5925359 0.3570553 0.5970953 0.3570553 0.5970953 0.3560102 0.596548 0.3586363 0.5919094 0.3560102 0.596548 0.3570553 0.5970953 0.3548258 0.6018223 0.3548258 0.6018223 0.3537526 0.6013484 0.3560102 0.596548 0.3537526 0.6013484 0.3548258 0.6018223 0.3529284 0.6066799 0.3529284 0.6066799 0.3518351 0.6062744 0.3537526 0.6013484 0.3518351 0.6062744 0.3529284 0.6066799 0.3513399 0.6116368 0.3513399 0.6116368 0.3502329 0.6112952 0.3518351 0.6062744 0.3502329 0.6112952 0.3513399 0.6116368 0.3500379 0.6166681 0.3500379 0.6166681 0.3489219 0.6163867 0.3502329 0.6112952 0.3489219 0.6163867 0.3500379 0.6166681 0.348999 0.6217555 0.348999 0.6217555 0.3478778 0.6215303 0.3489219 0.6163867 0.3478778 0.6215303 0.348999 0.6217555 0.3482051 0.6268821 0.3482051 0.6268821 0.3470814 0.6267111 0.3478778 0.6215303 0.3470814 0.6267111 0.3482051 0.6268821 0.3476441 0.6320357 0.3476441 0.6320357 0.34652 0.6319175 0.3470814 0.6267111 0.34652 0.6319175 0.3476441 0.6320357 0.3473045 0.6372078 0.3473045 0.6372078 0.3461809 0.6371416 0.34652 0.6319175 0.3461809 0.6371416 0.3473045 0.6372078 0.3471806 0.64239 0.3471806 0.64239 0.3460586 0.642376 0.3461809 0.6371416 0.3460586 0.642376 0.3471806 0.64239 0.3472723 0.6475746 0.3472723 0.6475746 0.3461521 0.6476135 0.3460586 0.642376 0.3461521 0.6476135 0.3472723 0.6475746 0.3475826 0.6527542 0.3475826 0.6527542 0.3464654 0.652848 0.3461521 0.6476135 0.3464654 0.652848 0.3475826 0.6527542 0.3481205 0.6579189 0.3481205 0.6579189 0.3470072 0.65807 0.3464654 0.652848 0.3470072 0.65807 0.3481205 0.6579189 0.3488982 0.6630584 0.3488982 0.6630584 0.3477908 0.6632695 0.3470072 0.65807 0.3477908 0.6632695 0.3488982 0.6630584 0.3499322 0.6681591 0.3499322 0.6681591 0.3488325 0.6684337 0.3477908 0.6632695 0.3488325 0.6684337 0.3499322 0.6681591 0.3512396 0.6732059 0.3512396 0.6732059 0.350151 0.6735469 0.3488325 0.6684337 0.350151 0.6735469 0.3512396 0.6732059 0.3528392 0.6781777 0.3528392 0.6781777 0.3517661 0.6785891 0.350151 0.6735469 0.3517661 0.6785891 0.3528392 0.6781777 0.3547518 0.6830496 0.3547518 0.6830496 0.3536995 0.6835351 0.3517661 0.6785891 0.3536995 0.6835351 0.3547518 0.6830496 0.3570004 0.6877906 0.3570004 0.6877906 0.3559762 0.6883545 0.3536995 0.6835351 0.3559762 0.6883545 0.3570004 0.6877906 0.3596081 0.6923639 0.3596081 0.6923639 0.3586208 0.6930107 0.3559762 0.6883545 0.3586208 0.6930107 0.3596081 0.6923639 0.3626009 0.6967236 0.3626009 0.6967236 0.3616638 0.697463 0.3586208 0.6930107 0.3616638 0.697463 0.3626009 0.6967236 0.3660342 0.7007835 0.3660342 0.7007835 0.3652049 0.701676 0.3616638 0.697463 0.3651887 0.5832788 0.3660342 0.5841488 0.3626191 0.5881906 0.3626191 0.5881906 0.3616631 0.5874741 0.3651887 0.5832788 0.3616631 0.5874741 0.3626191 0.5881906 0.3596439 0.5925359 0.3596439 0.5925359 0.3586363 0.5919094 0.3616631 0.5874741 0.7817323 0.3625652 0.7834831 0.3633913 0.7813431 0.3681297 0.7813431 0.3681297 0.7795911 0.3673878 0.7817323 0.3625652 0.7795911 0.3673878 0.7813431 0.3681297 0.7794318 0.3728674 0.7794318 0.3728674 0.7776795 0.3722141 0.7795911 0.3673878 0.7776795 0.3722141 0.7794318 0.3728674 0.7777765 0.3776076 0.7777765 0.3776076 0.776022 0.3770486 0.7776795 0.3722141 0.776022 0.3770486 0.7777765 0.3776076 0.7763812 0.3823539 0.7763812 0.3823539 0.7746251 0.3818889 0.776022 0.3770486 0.7746251 0.3818889 0.7763812 0.3823539 0.775239 0.387104 0.775239 0.387104 0.7734829 0.3867301 0.7746251 0.3818889 0.7734829 0.3867301 0.775239 0.387104 0.7743394 0.3918528 0.7743394 0.3918528 0.7725855 0.3915663 0.7734829 0.3867301 0.7725855 0.3915663 0.7743394 0.3918528 0.7736727 0.3965946 0.7736727 0.3965946 0.7719227 0.3963924 0.7725855 0.3915663 0.7719227 0.3963924 0.7736727 0.3965946 0.7732305 0.4013243 0.7732305 0.4013243 0.7714861 0.4012033 0.7719227 0.3963924 0.7714861 0.4012033 0.7732305 0.4013243 0.7730062 0.4060374 0.7730062 0.4060374 0.771269 0.4059956 0.7714861 0.4012033 0.771269 0.4059956 0.7730062 0.4060374 0.7729948 0.4107301 0.7729948 0.4107301 0.7712661 0.410766 0.771269 0.4059956 0.7712661 0.410766 0.7729948 0.4107301 0.7731937 0.4153987 0.7731937 0.4153987 0.7714744 0.4155117 0.7712661 0.410766 0.7714744 0.4155117 0.7731937 0.4153987 0.7736015 0.4200397 0.7736015 0.4200397 0.7718932 0.4202297 0.7714744 0.4155117 0.7718932 0.4202297 0.7736015 0.4200397 0.774219 0.4246488 0.774219 0.4246488 0.772523 0.4249161 0.7718932 0.4202297 0.772523 0.4249161 0.774219 0.4246488 0.7750479 0.4292214 0.7750479 0.4292214 0.7733661 0.4295672 0.772523 0.4249161 0.7733661 0.4295672 0.7750479 0.4292214 0.776092 0.4337523 0.776092 0.4337523 0.7744262 0.4341782 0.7733661 0.4295672 0.7744262 0.4341782 0.776092 0.4337523 0.7773566 0.4382352 0.7773566 0.4382352 0.7757092 0.4387437 0.7744262 0.4341782 0.7757092 0.4387437 0.7773566 0.4382352 0.7788478 0.4426627 0.7788478 0.4426627 0.7772218 0.4432564 0.7757092 0.4387437 0.7772218 0.4432564 0.7788478 0.4426627 0.780574 0.4470267 0.780574 0.4470267 0.7789723 0.4477084 0.7772218 0.4432564 0.7789723 0.4477084 0.780574 0.4470267 0.7825444 0.4513178 0.7825444 0.4513178 0.78097 0.4520914 0.7789723 0.4477084 0.78097 0.4520914 0.7825444 0.4513178 0.7847701 0.4555278 0.7847701 0.4555278 0.7832242 0.456398 0.78097 0.4520914 0.7832242 0.456398 0.7847701 0.4555278 0.7872669 0.4596523 0.7872669 0.4596523 0.7857485 0.4606301 0.7832242 0.456398 0.7857485 0.4606301 0.7872669 0.4596523 0.7900983 0.4637349 0.7900983 0.4637349 0.7885856 0.4648022 0.7857485 0.4606301 0.7867713 0.3529279 0.7885213 0.3539353 0.7858476 0.3586682 0.7858476 0.3586682 0.7841024 0.3577454 0.7867713 0.3529279 0.7841024 0.3577454 0.7858476 0.3586682 0.7834831 0.3633913 0.7834831 0.3633913 0.7817323 0.3625652 0.7841024 0.3577454 0.7834831 0.3633913 0.7847242 0.3639766 0.7825842 0.3686562 0.7825842 0.3686562 0.7813431 0.3681297 0.7834831 0.3633913 0.7813431 0.3681297 0.7825842 0.3686562 0.780671 0.3733302 0.780671 0.3733302 0.7794318 0.3728674 0.7813431 0.3681297 0.7794318 0.3728674 0.780671 0.3733302 0.7790163 0.378003 0.7790163 0.378003 0.7777765 0.3776076 0.7794318 0.3728674 0.7777765 0.3776076 0.7790163 0.378003 0.7776225 0.3826821 0.7776225 0.3826821 0.7763812 0.3823539 0.7777765 0.3776076 0.7763812 0.3823539 0.7776225 0.3826821 0.7764806 0.3873676 0.7764806 0.3873676 0.775239 0.387104 0.7763812 0.3823539 0.775239 0.387104 0.7764806 0.3873676 0.7755797 0.392054 0.7755797 0.392054 0.7743394 0.3918528 0.775239 0.387104 0.7743394 0.3918528 0.7755797 0.392054 0.7749103 0.396736 0.7749103 0.396736 0.7736727 0.3965946 0.7743394 0.3918528 0.7736727 0.3965946 0.7749103 0.396736 0.7744641 0.4014077 0.7744641 0.4014077 0.7732305 0.4013243 0.7736727 0.3965946 0.7732305 0.4013243 0.7744641 0.4014077 0.7742347 0.4060643 0.7742347 0.4060643 0.7730062 0.4060374 0.7732305 0.4013243 0.7730062 0.4060374 0.7742347 0.4060643 0.7742174 0.4107015 0.7742174 0.4107015 0.7729948 0.4107301 0.7730062 0.4060374 0.7729948 0.4107301 0.7742174 0.4107015 0.7744093 0.4153153 0.7744093 0.4153153 0.7731937 0.4153987 0.7729948 0.4107301 0.7731937 0.4153987 0.7744093 0.4153153 0.774809 0.4199016 0.774809 0.4199016 0.7736015 0.4200397 0.7731937 0.4153987 0.7736015 0.4200397 0.774809 0.4199016 0.7754172 0.4244555 0.7754172 0.4244555 0.774219 0.4246488 0.7736015 0.4200397 0.774219 0.4246488 0.7754172 0.4244555 0.7762357 0.4289723 0.7762357 0.4289723 0.7750479 0.4292214 0.774219 0.4246488 0.7750479 0.4292214 0.7762357 0.4289723 0.7772678 0.4334462 0.7772678 0.4334462 0.776092 0.4337523 0.7750479 0.4292214 0.776092 0.4337523 0.7772678 0.4334462 0.7785185 0.4378706 0.7785185 0.4378706 0.7773566 0.4382352 0.776092 0.4337523 0.7773566 0.4382352 0.7785185 0.4378706 0.7799938 0.4422379 0.7799938 0.4422379 0.7788478 0.4426627 0.7773566 0.4382352 0.7788478 0.4426627 0.7799938 0.4422379 0.7817019 0.4465395 0.7817019 0.4465395 0.780574 0.4470267 0.7788478 0.4426627 0.780574 0.4470267 0.7817019 0.4465395 0.783652 0.4507656 0.783652 0.4507656 0.7825444 0.4513178 0.780574 0.4470267 0.7825444 0.4513178 0.783652 0.4507656 0.7858562 0.4549071 0.7858562 0.4549071 0.7847701 0.4555278 0.7825444 0.4513178 0.7847701 0.4555278 0.7858562 0.4549071 0.788328 0.4589514 0.788328 0.4589514 0.7872669 0.4596523 0.7847701 0.4555278 0.7872669 0.4596523 0.788328 0.4589514 0.7910414 0.4628525 0.7910414 0.4628525 0.7900983 0.4637349 0.7872669 0.4596523 0.7885213 0.3539353 0.7896339 0.3547955 0.7870774 0.359325 0.7870774 0.359325 0.7858476 0.3586682 0.7885213 0.3539353 0.7858476 0.3586682 0.7870774 0.359325 0.7847242 0.3639766 0.7847242 0.3639766 0.7834831 0.3633913 0.7858476 0.3586682 0.7847242 0.3639766 0.7890437 0.3660848 0.7869024 0.3705721 0.7869024 0.3705721 0.7825842 0.3686562 0.7847242 0.3639766 0.7825842 0.3686562 0.7869024 0.3705721 0.7849678 0.3750146 0.7849678 0.3750146 0.780671 0.3733302 0.7825842 0.3686562 0.780671 0.3733302 0.7849678 0.3750146 0.7833151 0.3794393 0.7833151 0.3794393 0.7790163 0.378003 0.780671 0.3733302 0.7790163 0.378003 0.7833151 0.3794393 0.7819321 0.3838767 0.7819321 0.3838767 0.7776225 0.3826821 0.7790163 0.378003 0.7776225 0.3826821 0.7819321 0.3838767 0.7807987 0.3883315 0.7807987 0.3883315 0.7764806 0.3873676 0.7776225 0.3826821 0.7764806 0.3873676 0.7807987 0.3883315 0.7799006 0.3927976 0.7799006 0.3927976 0.7755797 0.392054 0.7764806 0.3873676 0.7755797 0.392054 0.7799006 0.3927976 0.7792277 0.3972673 0.7792277 0.3972673 0.7749103 0.396736 0.7755797 0.392054 0.7749103 0.396736 0.7792277 0.3972673 0.7787723 0.4017336 0.7787723 0.4017336 0.7744641 0.4014077 0.7749103 0.396736 0.7744641 0.4014077 0.7787723 0.4017336 0.7785287 0.4061897 0.7785287 0.4061897 0.7742347 0.4060643 0.7744641 0.4014077 0.7742347 0.4060643 0.7785287 0.4061897 0.7784925 0.4106299 0.7784925 0.4106299 0.7742174 0.4107015 0.7742347 0.4060643 0.7742174 0.4107015 0.7784925 0.4106299 0.7786607 0.4150487 0.7786607 0.4150487 0.7744093 0.4153153 0.7742174 0.4107015 0.7744093 0.4153153 0.7786607 0.4150487 0.7790321 0.4194402 0.7790321 0.4194402 0.774809 0.4199016 0.7744093 0.4153153 0.774809 0.4199016 0.7790321 0.4194402 0.7796068 0.4237988 0.7796068 0.4237988 0.7754172 0.4244555 0.774809 0.4199016 0.7754172 0.4244555 0.7796068 0.4237988 0.7803861 0.4281181 0.7803861 0.4281181 0.7762357 0.4289723 0.7754172 0.4244555 0.7762357 0.4289723 0.7803861 0.4281181 0.7813726 0.4323909 0.7813726 0.4323909 0.7772678 0.4334462 0.7762357 0.4289723 0.7772678 0.4334462 0.7813726 0.4323909 0.7825701 0.4366096 0.7825701 0.4366096 0.7785185 0.4378706 0.7772678 0.4334462 0.7785185 0.4378706 0.7825701 0.4366096 0.7839841 0.440765 0.7839841 0.440765 0.7799938 0.4422379 0.7785185 0.4378706 0.7799938 0.4422379 0.7839841 0.440765 0.7856214 0.444847 0.7856214 0.444847 0.7817019 0.4465395 0.7799938 0.4422379 0.7817019 0.4465395 0.7856214 0.444847 0.787491 0.448844 0.787491 0.448844 0.783652 0.4507656 0.7817019 0.4465395 0.783652 0.4507656 0.787491 0.448844 0.7896072 0.4527453 0.7896072 0.4527453 0.7858562 0.4549071 0.783652 0.4507656 0.7858562 0.4549071 0.7896072 0.4527453 0.7919893 0.4565497 0.7919893 0.4565497 0.788328 0.4589514 0.7858562 0.4549071 0.788328 0.4589514 0.7919893 0.4565497 0.7946345 0.4602928 0.7946345 0.4602928 0.7910414 0.4628525 0.788328 0.4589514 0.7896339 0.3547955 0.7938138 0.3572049 0.7913431 0.3616086 0.7913431 0.3616086 0.7870774 0.359325 0.7896339 0.3547955 0.7870774 0.359325 0.7913431 0.3616086 0.7890437 0.3660848 0.7890437 0.3660848 0.7847242 0.3639766 0.7870774 0.359325 0.7890437 0.3660848 0.7915694 0.3673454 0.7894059 0.3717421 0.7894059 0.3717421 0.7869024 0.3705721 0.7890437 0.3660848 0.7869024 0.3705721 0.7894059 0.3717421 0.7874237 0.3760334 0.7874237 0.3760334 0.7849678 0.3750146 0.7869024 0.3705721 0.7849678 0.3750146 0.7874237 0.3760334 0.7857784 0.3802952 0.7857784 0.3802952 0.7833151 0.3794393 0.7849678 0.3750146 0.7833151 0.3794393 0.7857784 0.3802952 0.7844107 0.384586 0.7844107 0.384586 0.7819321 0.3838767 0.7833151 0.3794393 0.7819321 0.3838767 0.7844107 0.384586 0.7832888 0.388905 0.7832888 0.388905 0.7807987 0.3883315 0.7819321 0.3838767 0.7807987 0.3883315 0.7832888 0.388905 0.7823968 0.3932421 0.7823968 0.3932421 0.7799006 0.3927976 0.7807987 0.3883315 0.7799006 0.3927976 0.7823968 0.3932421 0.7817252 0.3975877 0.7817252 0.3975877 0.7792277 0.3972673 0.7799006 0.3927976 0.7792277 0.3972673 0.7817252 0.3975877 0.7812668 0.4019333 0.7812668 0.4019333 0.7787723 0.4017336 0.7792277 0.3972673 0.7787723 0.4017336 0.7812668 0.4019333 0.7810166 0.4062717 0.7810166 0.4062717 0.7785287 0.4061897 0.7787723 0.4017336 0.7785287 0.4061897 0.7810166 0.4062717 0.78097 0.410596 0.78097 0.410596 0.7784925 0.4106299 0.7785287 0.4061897 0.7784925 0.4106299 0.78097 0.410596 0.7811248 0.4149001 0.7811248 0.4149001 0.7786607 0.4150487 0.7784925 0.4106299 0.7786607 0.4150487 0.7811248 0.4149001 0.7814794 0.4191775 0.7814794 0.4191775 0.7790321 0.4194402 0.7786607 0.4150487 0.7790321 0.4194402 0.7814794 0.4191775 0.7820331 0.4234216 0.7820331 0.4234216 0.7796068 0.4237988 0.7790321 0.4194402 0.7796068 0.4237988 0.7820331 0.4234216 0.7827877 0.4276252 0.7827877 0.4276252 0.7803861 0.4281181 0.7796068 0.4237988 0.7803861 0.4281181 0.7827877 0.4276252 0.7837451 0.4317808 0.7837451 0.4317808 0.7813726 0.4323909 0.7803861 0.4281181 0.7813726 0.4323909 0.7837451 0.4317808 0.7849087 0.4358798 0.7849087 0.4358798 0.7825701 0.4366096 0.7813726 0.4323909 0.7825701 0.4366096 0.7849087 0.4358798 0.7862828 0.4399124 0.7862828 0.4399124 0.7839841 0.440765 0.7825701 0.4366096 0.7839841 0.440765 0.7862828 0.4399124 0.7878736 0.4438676 0.7878736 0.4438676 0.7856214 0.444847 0.7839841 0.440765 0.7856214 0.444847 0.7878736 0.4438676 0.7896888 0.4477318 0.7896888 0.4477318 0.787491 0.448844 0.7856214 0.444847 0.787491 0.448844 0.7896888 0.4477318 0.7917431 0.4514895 0.7917431 0.4514895 0.7896072 0.4527453 0.787491 0.448844 0.7896072 0.4527453 0.7917431 0.4514895 0.7940713 0.455135 0.7940713 0.455135 0.7919893 0.4565497 0.7896072 0.4527453 0.7919893 0.4565497 0.7940713 0.455135 0.7967406 0.4587419 0.7967406 0.4587419 0.7946345 0.4602928 0.7919893 0.4565497 0.7938138 0.3572049 0.7962753 0.3586282 0.7938295 0.3629478 0.7938295 0.3629478 0.7913431 0.3616086 0.7938138 0.3572049 0.7913431 0.3616086 0.7938295 0.3629478 0.7915694 0.3673454 0.7915694 0.3673454 0.7890437 0.3660848 0.7913431 0.3616086 0.7915694 0.3673454 0.7921457 0.3676344 0.7899701 0.3720183 0.7899701 0.3720183 0.7894059 0.3717421 0.7915694 0.3673454 0.7894059 0.3717421 0.7899701 0.3720183 0.7879509 0.3762624 0.7879509 0.3762624 0.7874237 0.3760334 0.7894059 0.3717421 0.7874237 0.3760334 0.7879509 0.3762624 0.7863193 0.380486 0.7863193 0.380486 0.7857784 0.3802952 0.7874237 0.3760334 0.7857784 0.3802952 0.7863193 0.380486 0.7849591 0.3847445 0.7849591 0.3847445 0.7844107 0.384586 0.7857784 0.3802952 0.7844107 0.384586 0.7849591 0.3847445 0.7838411 0.3890336 0.7838411 0.3890336 0.7832888 0.388905 0.7844107 0.384586 0.7832888 0.388905 0.7838411 0.3890336 0.7829509 0.3933423 0.7829509 0.3933423 0.7823968 0.3932421 0.7832888 0.388905 0.7823968 0.3932421 0.7829509 0.3933423 0.7822799 0.3976601 0.7822799 0.3976601 0.7817252 0.3975877 0.7823968 0.3932421 0.7817252 0.3975877 0.7822799 0.3976601 0.781821 0.4019787 0.781821 0.4019787 0.7812668 0.4019333 0.7817252 0.3975877 0.7812668 0.4019333 0.781821 0.4019787 0.7815695 0.4062908 0.7815695 0.4062908 0.7810166 0.4062717 0.7812668 0.4019333 0.7810166 0.4062717 0.7815695 0.4062908 0.7815209 0.4105893 0.7815209 0.4105893 0.78097 0.410596 0.7810166 0.4062717 0.78097 0.410596 0.7815209 0.4105893 0.7816727 0.4148677 0.7816727 0.4148677 0.7811248 0.4149001 0.78097 0.410596 0.7811248 0.4149001 0.7816727 0.4148677 0.7820233 0.4191196 0.7820233 0.4191196 0.7814794 0.4191775 0.7811248 0.4149001 0.7814794 0.4191775 0.7820233 0.4191196 0.7825723 0.423338 0.7825723 0.423338 0.7820331 0.4234216 0.7814794 0.4191775 0.7820331 0.4234216 0.7825723 0.423338 0.7833212 0.4275159 0.7833212 0.4275159 0.7827877 0.4276252 0.7820331 0.4234216 0.7827877 0.4276252 0.7833212 0.4275159 0.784272 0.4316453 0.784272 0.4316453 0.7837451 0.4317808 0.7827877 0.4276252 0.7837451 0.4317808 0.784272 0.4316453 0.7854276 0.4357177 0.7854276 0.4357177 0.7849087 0.4358798 0.7837451 0.4317808 0.7849087 0.4358798 0.7854276 0.4357177 0.7867926 0.4397232 0.7867926 0.4397232 0.7862828 0.4399124 0.7849087 0.4358798 0.7862828 0.4399124 0.7867926 0.4397232 0.7883723 0.4436505 0.7883723 0.4436505 0.7878736 0.4438676 0.7862828 0.4399124 0.7878736 0.4438676 0.7883723 0.4436505 0.7901739 0.4474859 0.7901739 0.4474859 0.7896888 0.4477318 0.7878736 0.4438676 0.7896888 0.4477318 0.7901739 0.4474859 0.7922096 0.451213 0.7922096 0.451213 0.7917431 0.4514895 0.7896888 0.4477318 0.7917431 0.4514895 0.7922096 0.451213 0.7945107 0.4548206 0.7945107 0.4548206 0.7940713 0.455135 0.7917431 0.4514895 0.7940713 0.455135 0.7945107 0.4548206 0.7972441 0.4583593 0.7972441 0.4583593 0.7967406 0.4587419 0.7940713 0.455135 0.7962753 0.3586282 0.7968357 0.3589521 0.7943756 0.3632431 0.7943756 0.3632431 0.7938295 0.3629478 0.7962753 0.3586282 0.7938295 0.3629478 0.7943756 0.3632431 0.7921457 0.3676344 0.7921457 0.3676344 0.7915694 0.3673454 0.7938295 0.3629478 0.7911991 0.3710806 0.7918315 0.3717922 0.7913266 0.3724135 0.7913266 0.3724135 0.790414 0.3715894 0.7911991 0.3710806 0.7899701 0.3720183 0.790942 0.3728868 0.7890802 0.3767518 0.7890802 0.3767518 0.7879509 0.3762624 0.7899701 0.3720183 0.7879509 0.3762624 0.7890802 0.3767518 0.7874667 0.3808875 0.7874667 0.3808875 0.7863193 0.380486 0.7879509 0.3762624 0.7863193 0.380486 0.7874667 0.3808875 0.7861194 0.3850765 0.7861194 0.3850765 0.7849591 0.3847445 0.7863193 0.380486 0.7849591 0.3847445 0.7861194 0.3850765 0.785009 0.3893022 0.785009 0.3893022 0.7838411 0.3890336 0.7849591 0.3847445 0.7838411 0.3890336 0.785009 0.3893022 0.7841228 0.3935501 0.7841228 0.3935501 0.7829509 0.3933423 0.7838411 0.3890336 0.7829509 0.3933423 0.7841228 0.3935501 0.7834531 0.3978095 0.7834531 0.3978095 0.7822799 0.3976601 0.7829509 0.3933423 0.7822799 0.3976601 0.7834531 0.3978095 0.7829932 0.4020711 0.7829932 0.4020711 0.781821 0.4019787 0.7822799 0.3976601 0.781821 0.4019787 0.7829932 0.4020711 0.7827387 0.4063274 0.7827387 0.4063274 0.7815695 0.4062908 0.781821 0.4019787 0.7815695 0.4062908 0.7827387 0.4063274 0.7826853 0.4105711 0.7826853 0.4105711 0.7815209 0.4105893 0.7815695 0.4062908 0.7815209 0.4105893 0.7826853 0.4105711 0.7828307 0.4147953 0.7828307 0.4147953 0.7816727 0.4148677 0.7815209 0.4105893 0.7816727 0.4148677 0.7828307 0.4147953 0.7831728 0.4189933 0.7831728 0.4189933 0.7820233 0.4191196 0.7816727 0.4148677 0.7820233 0.4191196 0.7831728 0.4189933 0.7837115 0.4231577 0.7837115 0.4231577 0.7825723 0.423338 0.7820233 0.4191196 0.7825723 0.423338 0.7837115 0.4231577 0.7844482 0.427281 0.7844482 0.427281 0.7833212 0.4275159 0.7825723 0.423338 0.7833212 0.4275159 0.7844482 0.427281 0.7853843 0.4313553 0.7853843 0.4313553 0.784272 0.4316453 0.7833212 0.4275159 0.784272 0.4316453 0.7853843 0.4313553 0.7865226 0.4353715 0.7865226 0.4353715 0.7854276 0.4357177 0.784272 0.4316453 0.7854276 0.4357177 0.7865226 0.4353715 0.7878675 0.4393196 0.7878675 0.4393196 0.7867926 0.4397232 0.7854276 0.4357177 0.7867926 0.4397232 0.7878675 0.4393196 0.7894235 0.4431881 0.7894235 0.4431881 0.7883723 0.4436505 0.7867926 0.4397232 0.7883723 0.4436505 0.7894235 0.4431881 0.7911968 0.4469625 0.7911968 0.4469625 0.7901739 0.4474859 0.7883723 0.4436505 0.7901739 0.4474859 0.7911968 0.4469625 0.7931963 0.4506232 0.7931963 0.4506232 0.7922096 0.451213 0.7901739 0.4474859 0.7922096 0.451213 0.7931963 0.4506232 0.7954515 0.4541426 0.7954515 0.4541426 0.7945107 0.4548206 0.7922096 0.451213 0.7945107 0.4548206 0.7954515 0.4541426 0.7981168 0.4574695 0.7981168 0.4574695 0.7972441 0.4583593 0.7945107 0.4548206 0.7968357 0.3589521 0.7978913 0.3597571 0.7957238 0.3635494 0.7957238 0.3635494 0.7943756 0.3632431 0.7968357 0.3589521 0.7921457 0.3676344 0.7943756 0.3632431 0.7943516 0.3637022 0.7943516 0.3637022 0.7922598 0.3676851 0.7921457 0.3676344 0.7928617 0.372209 0.7926756 0.372985 0.7913266 0.3724135 0.7913266 0.3724135 0.7918315 0.3717922 0.7928617 0.372209 0.790942 0.3728868 0.792383 0.3735059 0.7904406 0.3773553 0.7904406 0.3773553 0.7890802 0.3767518 0.790942 0.3728868 0.7890802 0.3767518 0.7904406 0.3773553 0.7888607 0.3813779 0.7888607 0.3813779 0.7874667 0.3808875 0.7890802 0.3767518 0.7874667 0.3808875 0.7888607 0.3813779 0.7875325 0.3854824 0.7875325 0.3854824 0.7861194 0.3850765 0.7874667 0.3808875 0.7861194 0.3850765 0.7875325 0.3854824 0.7864326 0.389631 0.7864326 0.389631 0.785009 0.3893022 0.7861194 0.3850765 0.785009 0.3893022 0.7864326 0.389631 0.7855523 0.3938051 0.7855523 0.3938051 0.7841228 0.3935501 0.785009 0.3893022 0.7841228 0.3935501 0.7855523 0.3938051 0.7848846 0.3979928 0.7848846 0.3979928 0.7834531 0.3978095 0.7841228 0.3935501 0.7834531 0.3978095 0.7848846 0.3979928 0.7844244 0.4021848 0.7844244 0.4021848 0.7829932 0.4020711 0.7834531 0.3978095 0.7829932 0.4020711 0.7844244 0.4021848 0.7841666 0.4063729 0.7841666 0.4063729 0.7827387 0.4063274 0.7829932 0.4020711 0.7827387 0.4063274 0.7841666 0.4063729 0.7841076 0.4105495 0.7841076 0.4105495 0.7826853 0.4105711 0.7827387 0.4063274 0.7826853 0.4105711 0.7841076 0.4105495 0.784245 0.4147074 0.784245 0.4147074 0.7828307 0.4147953 0.7826853 0.4105711 0.7828307 0.4147953 0.784245 0.4147074 0.7845765 0.4188393 0.7845765 0.4188393 0.7831728 0.4189933 0.7828307 0.4147953 0.7831728 0.4189933 0.7845765 0.4188393 0.7851024 0.4229376 0.7851024 0.4229376 0.7837115 0.4231577 0.7831728 0.4189933 0.7837115 0.4231577 0.7851024 0.4229376 0.7858232 0.4269945 0.7858232 0.4269945 0.7844482 0.427281 0.7837115 0.4231577 0.7844482 0.427281 0.7858232 0.4269945 0.7867406 0.4310014 0.7867406 0.4310014 0.7853843 0.4313553 0.7844482 0.427281 0.7853843 0.4313553 0.7867406 0.4310014 0.7878573 0.4349492 0.7878573 0.4349492 0.7865226 0.4353715 0.7853843 0.4313553 0.7865226 0.4353715 0.7878573 0.4349492 0.7891766 0.4388275 0.7891766 0.4388275 0.7878675 0.4393196 0.7865226 0.4353715 0.7878675 0.4393196 0.7891766 0.4388275 0.7907028 0.4426245 0.7907028 0.4426245 0.7894235 0.4431881 0.7878675 0.4393196 0.7894235 0.4431881 0.7907028 0.4426245 0.7924396 0.4463253 0.7924396 0.4463253 0.7911968 0.4469625 0.7894235 0.4431881 0.7911968 0.4469625 0.7924396 0.4463253 0.7943919 0.4499069 0.7943919 0.4499069 0.7931963 0.4506232 0.7911968 0.4469625 0.7931963 0.4506232 0.7943919 0.4499069 0.7965775 0.4533208 0.7965775 0.4533208 0.7954515 0.4541426 0.7931963 0.4506232 0.7954515 0.4541426 0.7965775 0.4533208 0.7990978 0.4564363 0.7990978 0.4564363 0.7981168 0.4574695 0.7954515 0.4541426 0.7978913 0.3597571 0.7990978 0.3606817 0.7969672 0.3643771 0.7969672 0.3643771 0.7957238 0.3635494 0.7978913 0.3597571 0.7957238 0.3635494 0.7969672 0.3643771 0.7967949 0.3647728 0.7967949 0.3647728 0.7956071 0.3639817 0.7957238 0.3635494 0.8798211 0.4382083 0.8797328 0.4382132 0.8795341 0.4344958 0.8795341 0.4344958 0.8796223 0.4344917 0.8798211 0.4382083 0.8796223 0.4344917 0.8795341 0.4344958 0.8793646 0.4307744 0.8793646 0.4307744 0.8794527 0.4307709 0.8796223 0.4344917 0.8794527 0.4307709 0.8793646 0.4307744 0.8792199 0.4270482 0.8792199 0.4270482 0.8793078 0.4270454 0.8794527 0.4307709 0.8793078 0.4270454 0.8792199 0.4270482 0.879093 0.4233168 0.879093 0.4233168 0.8791806 0.4233144 0.8793078 0.4270454 0.8791806 0.4233144 0.879093 0.4233168 0.8789759 0.4195787 0.8789759 0.4195787 0.8790635 0.4195762 0.8791806 0.4233144 0.8790635 0.4195762 0.8789759 0.4195787 0.8788619 0.4158307 0.8788619 0.4158307 0.8789496 0.415828 0.8790635 0.4195762 0.8789496 0.415828 0.8788619 0.4158307 0.8787484 0.4120669 0.8787484 0.4120669 0.8788368 0.4120639 0.8789496 0.415828 0.8788368 0.4120639 0.8787484 0.4120669 0.8786401 0.4082774 0.8786401 0.4082774 0.8787301 0.4082747 0.8788368 0.4120639 0.8787301 0.4082747 0.8786401 0.4082774 0.8785498 0.4044453 0.8785498 0.4044453 0.8786426 0.4044427 0.8787301 0.4082747 0.8786426 0.4044427 0.8785498 0.4044453 0.8785059 0.4005434 0.8785059 0.4005434 0.8786033 0.4005421 0.8786426 0.4044427 0.8786033 0.4005421 0.8785059 0.4005434 0.8785417 0.3965368 0.8785417 0.3965368 0.8786447 0.3965381 0.8786033 0.4005421 0.8786447 0.3965381 0.8785417 0.3965368 0.8786886 0.3923966 0.8786886 0.3923966 0.8787966 0.392402 0.8786447 0.3965381 0.8787966 0.392402 0.8786886 0.3923966 0.878962 0.3881261 0.878962 0.3881261 0.8790714 0.3881353 0.8787966 0.392402 0.8790714 0.3881353 0.878962 0.3881261 0.8793488 0.3837552 0.8793488 0.3837552 0.8794569 0.383767 0.8790714 0.3881353 0.8794569 0.383767 0.8793488 0.3837552 0.8798198 0.3793331 0.8798198 0.3793331 0.8799261 0.3793457 0.8794569 0.383767 0.8799261 0.3793457 0.8798198 0.3793331 0.8803378 0.3748856 0.8803378 0.3748856 0.8804429 0.3748989 0.8799261 0.3793457 0.8804429 0.3748989 0.8803378 0.3748856 0.8808721 0.3704295 0.8808721 0.3704295 0.8809764 0.3704425 0.8804429 0.3748989 0.8809764 0.3704425 0.8808721 0.3704295 0.8814081 0.365969 0.8814081 0.365969 0.8815106 0.3659947 0.8809764 0.3704425 0.8815106 0.4604416 0.881425 0.4604594 0.8811136 0.4567552 0.8811136 0.4567552 0.8812 0.4567478 0.8815106 0.4604416 0.8812 0.4567478 0.8811136 0.4567552 0.8808045 0.4530508 0.8808045 0.4530508 0.8808913 0.4530433 0.8812 0.4567478 0.8808913 0.4530433 0.8808045 0.4530508 0.8805041 0.4493451 0.8805041 0.4493451 0.8805915 0.4493378 0.8808913 0.4530433 0.8805915 0.4493378 0.8805041 0.4493451 0.8802211 0.4456374 0.8802211 0.4456374 0.8803088 0.4456307 0.8805915 0.4493378 0.8803088 0.4456307 0.8802211 0.4456374 0.8799623 0.4419272 0.8799623 0.4419272 0.8800503 0.4419212 0.8803088 0.4456307 0.8800503 0.4419212 0.8799623 0.4419272 0.8797328 0.4382132 0.8797328 0.4382132 0.8798211 0.4382083 0.8800503 0.4419212 0.8797328 0.4382132 0.8759416 0.4384328 0.8757958 0.4347134 0.8757958 0.4347134 0.8795341 0.4344958 0.8797328 0.4382132 0.8795341 0.4344958 0.8757958 0.4347134 0.8757856 0.4309808 0.8757856 0.4309808 0.8793646 0.4307744 0.8795341 0.4344958 0.8793646 0.4307744 0.8757856 0.4309808 0.875895 0.4272332 0.875895 0.4272332 0.8792199 0.4270482 0.8793646 0.4307744 0.8792199 0.4270482 0.875895 0.4272332 0.8760998 0.4234699 0.8760998 0.4234699 0.879093 0.4233168 0.8792199 0.4270482 0.879093 0.4233168 0.8760998 0.4234699 0.8763695 0.4196921 0.8763695 0.4196921 0.8789759 0.4195787 0.879093 0.4233168 0.8789759 0.4195787 0.8763695 0.4196921 0.8766701 0.4159 0.8766701 0.4159 0.8788619 0.4158307 0.8789759 0.4195787 0.8788619 0.4158307 0.8766701 0.4159 0.8769713 0.4120932 0.8769713 0.4120932 0.8787484 0.4120669 0.8788619 0.4158307 0.8787484 0.4120669 0.8769713 0.4120932 0.8772501 0.4082678 0.8772501 0.4082678 0.8786401 0.4082774 0.8787484 0.4120669 0.8785498 0.4044453 0.8786401 0.4082774 0.8772501 0.4082678 0.8772501 0.4082678 0.877493 0.4044122 0.8785498 0.4044453 0.8785059 0.4005434 0.8785498 0.4044453 0.877493 0.4044122 0.877493 0.4044122 0.8777039 0.4005021 0.8785059 0.4005434 0.8785417 0.3965368 0.8785059 0.4005434 0.8777039 0.4005021 0.8777039 0.4005021 0.8778962 0.3964995 0.8785417 0.3965368 0.8786886 0.3923966 0.8785417 0.3965368 0.8778962 0.3964995 0.8778962 0.3964995 0.8780855 0.3923679 0.8786886 0.3923966 0.8786886 0.3923966 0.8780855 0.3923679 0.8782749 0.3881009 0.8782749 0.3881009 0.878962 0.3881261 0.8786886 0.3923966 0.878962 0.3881261 0.8782749 0.3881009 0.8784524 0.3837186 0.8784524 0.3837186 0.8793488 0.3837552 0.878962 0.3881261 0.8793488 0.3837552 0.8784524 0.3837186 0.8786015 0.3792608 0.8786015 0.3792608 0.8798198 0.3793331 0.8793488 0.3837552 0.8803378 0.3748856 0.8798198 0.3793331 0.8786015 0.3792608 0.8786015 0.3792608 0.878709 0.3747515 0.8803378 0.3748856 0.8808721 0.3704295 0.8803378 0.3748856 0.878709 0.3747515 0.878709 0.3747515 0.8787719 0.3702128 0.8808721 0.3704295 0.8814081 0.365969 0.8808721 0.3704295 0.8787719 0.3702128 0.8787719 0.3702128 0.8788045 0.3656564 0.8814081 0.365969 0.8811136 0.4567552 0.881425 0.4604594 0.8792627 0.4606416 0.8792627 0.4606416 0.8785308 0.4569414 0.8811136 0.4567552 0.8808045 0.4530508 0.8811136 0.4567552 0.8785308 0.4569414 0.8785308 0.4569414 0.8778291 0.4532428 0.8808045 0.4530508 0.8805041 0.4493451 0.8808045 0.4530508 0.8778291 0.4532428 0.8778291 0.4532428 0.877192 0.4495444 0.8805041 0.4493451 0.8802211 0.4456374 0.8805041 0.4493451 0.877192 0.4495444 0.877192 0.4495444 0.87665 0.4458451 0.8802211 0.4456374 0.8799623 0.4419272 0.8802211 0.4456374 0.87665 0.4458451 0.87665 0.4458451 0.876228 0.4421424 0.8799623 0.4419272 0.8797328 0.4382132 0.8799623 0.4419272 0.876228 0.4421424 0.876228 0.4421424 0.8759416 0.4384328 0.8797328 0.4382132 0.3539744 0.5954952 0.3535141 0.5952586 0.3562322 0.5904162 0.3562322 0.5904162 0.3566761 0.5906906 0.3539744 0.5954952 0.3516586 0.6004497 0.3511859 0.600248 0.3535141 0.5952586 0.3535141 0.5952586 0.3539744 0.5954952 0.3516586 0.6004497 0.3496968 0.6055178 0.3492148 0.6053482 0.3511859 0.600248 0.3511859 0.600248 0.3516586 0.6004497 0.3496968 0.6055178 0.3480623 0.6106695 0.3475738 0.6105297 0.3492148 0.6053482 0.3492148 0.6053482 0.3496968 0.6055178 0.3480623 0.6106695 0.3467276 0.6158812 0.346234 0.6157683 0.3475738 0.6105297 0.3475738 0.6105297 0.3480623 0.6106695 0.3467276 0.6158812 0.3456665 0.6211356 0.3451696 0.6210477 0.346234 0.6157683 0.346234 0.6157683 0.3467276 0.6158812 0.3456665 0.6211356 0.3448586 0.6264198 0.3443593 0.6263551 0.3451696 0.6210477 0.3451696 0.6210477 0.3456665 0.6211356 0.3448586 0.6264198 0.3442893 0.6317238 0.3437882 0.6316811 0.3443593 0.6263551 0.3443593 0.6263551 0.3448586 0.6264198 0.3442893 0.6317238 0.3439452 0.6370418 0.3434429 0.63702 0.3437882 0.6316811 0.3437882 0.6316811 0.3442893 0.6317238 0.3439452 0.6370418 0.3438207 0.6423682 0.3433177 0.642367 0.3434429 0.63702 0.3434429 0.63702 0.3439452 0.6370418 0.3438207 0.6423682 0.3439137 0.6476988 0.3434105 0.6477184 0.3433177 0.642367 0.3433177 0.642367 0.3438207 0.6423682 0.3439137 0.6476988 0.3442291 0.6530286 0.343726 0.6530697 0.3434105 0.6477184 0.3434105 0.6477184 0.3439137 0.6476988 0.3442291 0.6530286 0.3447768 0.6583512 0.3442745 0.658415 0.343726 0.6530697 0.343726 0.6530697 0.3442291 0.6530286 0.3447768 0.6583512 0.3455709 0.6636577 0.3450707 0.6637457 0.3442745 0.658415 0.3442745 0.658415 0.3447768 0.6583512 0.3455709 0.6636577 0.3466287 0.6689366 0.3461316 0.6690506 0.3450707 0.6637457 0.3450707 0.6637457 0.3455709 0.6636577 0.3466287 0.6689366 0.3479707 0.6741732 0.3474786 0.6743151 0.3461316 0.6690506 0.3461316 0.6690506 0.3466287 0.6689366 0.3479707 0.6741732 0.3496185 0.6793484 0.3491333 0.6795203 0.3474786 0.6743151 0.3474786 0.6743151 0.3479707 0.6741732 0.3496185 0.6793484 0.3515964 0.6844376 0.3511208 0.6846421 0.3491333 0.6795203 0.3491333 0.6795203 0.3496185 0.6793484 0.3515964 0.6844376 0.3539316 0.6894112 0.3534688 0.6896507 0.3511208 0.6846421 0.3511208 0.6846421 0.3515964 0.6844376 0.3539316 0.6894112 0.3566518 0.6942331 0.3562061 0.6945101 0.3534688 0.6896507 0.3534688 0.6896507 0.3539316 0.6894112 0.3566518 0.6942331 0.3597882 0.6988655 0.3593615 0.6991812 0.3562061 0.6945101 0.3562061 0.6945101 0.3566518 0.6942331 0.3597882 0.6988655 0.3633981 0.7033273 0.3629286 0.7036218 0.3593615 0.6991812 0.3593615 0.6991812 0.3597882 0.6988655 0.3633981 0.7033273 0.3597962 0.586074 0.3593708 0.5857604 0.3629249 0.5813351 0.3629249 0.5813351 0.3633925 0.5816285 0.3597962 0.586074 0.3566761 0.5906906 0.3562322 0.5904162 0.3593708 0.5857604 0.3593708 0.5857604 0.3597962 0.586074 0.3566761 0.5906906 0.3527423 0.5948594 0.3521752 0.5945739 0.3549392 0.5896223 0.3549392 0.5896223 0.3554873 0.5899538 0.3527423 0.5948594 0.3503937 0.599908 0.3498122 0.5996651 0.3521752 0.5945739 0.3521752 0.5945739 0.3527423 0.5948594 0.3503937 0.599908 0.3484075 0.6050626 0.3478158 0.6048588 0.3498122 0.5996651 0.3498122 0.5996651 0.3503937 0.599908 0.3484075 0.6050626 0.3467556 0.6102942 0.3461565 0.6101259 0.3478158 0.6048588 0.3478158 0.6048588 0.3484075 0.6050626 0.3467556 0.6102942 0.3454083 0.6155791 0.3448044 0.615443 0.3461565 0.6101259 0.3461565 0.6101259 0.3467556 0.6102942 0.3454083 0.6155791 0.3443386 0.620901 0.3437316 0.6207945 0.3448044 0.615443 0.3448044 0.615443 0.3454083 0.6155791 0.3443386 0.620901 0.3435248 0.6262477 0.342916 0.6261686 0.3437316 0.6207945 0.3437316 0.6207945 0.3443386 0.620901 0.3435248 0.6262477 0.3429514 0.6316109 0.3423416 0.6315576 0.342916 0.6261686 0.342916 0.6261686 0.3435248 0.6262477 0.3429514 0.6316109 0.3426045 0.6369854 0.3419942 0.6369569 0.3423416 0.6315576 0.3423416 0.6315576 0.3429514 0.6316109 0.3426045 0.6369854 0.3424787 0.6423671 0.3418685 0.6423631 0.3419942 0.6369569 0.3419942 0.6369569 0.3426045 0.6369854 0.3424787 0.6423671 0.3425709 0.6477535 0.3419613 0.647774 0.3418685 0.6423631 0.3418685 0.6423631 0.3424787 0.6423671 0.3425709 0.6477535 0.3428869 0.6531406 0.3422785 0.6531867 0.3419613 0.647774 0.3419613 0.647774 0.3425709 0.6477535 0.3428869 0.6531406 0.3434369 0.6585233 0.3428301 0.6585966 0.3422785 0.6531867 0.3422785 0.6531867 0.3428869 0.6531406 0.3434369 0.6585233 0.3442363 0.6638939 0.3436321 0.6639965 0.3428301 0.6585966 0.3428301 0.6585966 0.3434369 0.6585233 0.3442363 0.6638939 0.3453021 0.6692416 0.3447017 0.6693757 0.3436321 0.6639965 0.3436321 0.6639965 0.3442363 0.6638939 0.3453021 0.6692416 0.3466566 0.6745521 0.3460619 0.6747205 0.3447017 0.6693757 0.3447017 0.6693757 0.3453021 0.6692416 0.3466566 0.6745521 0.3483221 0.679807 0.3477352 0.6800125 0.3460619 0.6747205 0.3460619 0.6747205 0.3466566 0.6745521 0.3483221 0.679807 0.3503243 0.6849825 0.349748 0.6852282 0.3477352 0.6800125 0.3477352 0.6800125 0.3483221 0.679807 0.3503243 0.6849825 0.3526924 0.6900495 0.3521302 0.690339 0.349748 0.6852282 0.349748 0.6852282 0.3503243 0.6849825 0.3526924 0.6900495 0.355456 0.6949715 0.3549122 0.6953077 0.3521302 0.690339 0.3521302 0.690339 0.3526924 0.6900495 0.355456 0.6949715 0.3586426 0.6997078 0.3581224 0.7000929 0.3549122 0.6953077 0.3549122 0.6953077 0.355456 0.6949715 0.3586426 0.6997078 0.3622317 0.7041932 0.3617782 0.7046775 0.3581224 0.7000929 0.3581224 0.7000929 0.3586426 0.6997078 0.3622317 0.7041932 0.3586572 0.5852314 0.3581331 0.5848515 0.3617784 0.5802822 0.3617784 0.5802822 0.3622344 0.5807608 0.3586572 0.5852314 0.3554873 0.5899538 0.3549392 0.5896223 0.3581331 0.5848515 0.3581331 0.5848515 0.3586572 0.5852314 0.3554873 0.5899538 0.3549392 0.5896223 0.3521752 0.5945739 0.3509085 0.5939293 0.3509085 0.5939293 0.3537119 0.588873 0.3549392 0.5896223 0.3521752 0.5945739 0.3498122 0.5996651 0.3485164 0.5991175 0.3485164 0.5991175 0.3509085 0.5939293 0.3521752 0.5945739 0.3498122 0.5996651 0.3478158 0.6048588 0.3464988 0.6043999 0.3464988 0.6043999 0.3485164 0.5991175 0.3498122 0.5996651 0.3478158 0.6048588 0.3461565 0.6101259 0.3448251 0.6097481 0.3448251 0.6097481 0.3464988 0.6043999 0.3478158 0.6048588 0.3461565 0.6101259 0.3448044 0.615443 0.3434634 0.6151394 0.3434634 0.6151394 0.3448251 0.6097481 0.3461565 0.6101259 0.3448044 0.615443 0.3437316 0.6207945 0.3423842 0.620558 0.3423842 0.620558 0.3434634 0.6151394 0.3448044 0.615443 0.3437316 0.6207945 0.342916 0.6261686 0.3415645 0.6259947 0.3415645 0.6259947 0.3423842 0.620558 0.3437316 0.6207945 0.342916 0.6261686 0.3423416 0.6315576 0.3409873 0.6314424 0.3409873 0.6314424 0.3415645 0.6259947 0.342916 0.6261686 0.3423416 0.6315576 0.3419942 0.6369569 0.3406383 0.6368977 0.3406383 0.6368977 0.3409873 0.6314424 0.3423416 0.6315576 0.3419942 0.6369569 0.3418685 0.6423631 0.340511 0.6423589 0.340511 0.6423589 0.3406383 0.6368977 0.3419942 0.6369569 0.3418685 0.6423631 0.3419613 0.647774 0.3406028 0.6478251 0.3406028 0.6478251 0.340511 0.6423589 0.3418685 0.6423631 0.3419613 0.647774 0.3422785 0.6531867 0.3409199 0.6532953 0.3409199 0.6532953 0.3406028 0.6478251 0.3419613 0.647774 0.3422785 0.6531867 0.3428301 0.6585966 0.3414725 0.658766 0.3414725 0.658766 0.3409199 0.6532953 0.3422785 0.6531867 0.3428301 0.6585966 0.3436321 0.6639965 0.3422778 0.6642308 0.3422778 0.6642308 0.3414725 0.658766 0.3428301 0.6585966 0.3436321 0.6639965 0.3447017 0.6693757 0.3433535 0.6696802 0.3433535 0.6696802 0.3422778 0.6642308 0.3436321 0.6639965 0.3447017 0.6693757 0.3460619 0.6747205 0.3447239 0.6751009 0.3447239 0.6751009 0.3433535 0.6696802 0.3447017 0.6693757 0.3460619 0.6747205 0.3477352 0.6800125 0.3464124 0.6804751 0.3464124 0.6804751 0.3447239 0.6751009 0.3460619 0.6747205 0.3477352 0.6800125 0.349748 0.6852282 0.3484469 0.6857805 0.3484469 0.6857805 0.3464124 0.6804751 0.3477352 0.6800125 0.349748 0.6852282 0.3521302 0.690339 0.3508589 0.6909884 0.3508589 0.6909884 0.3484469 0.6857805 0.349748 0.6852282 0.3521302 0.690339 0.3549122 0.6953077 0.3536808 0.6960617 0.3536808 0.6960617 0.3508589 0.6909884 0.3521302 0.690339 0.3549122 0.6953077 0.3581224 0.7000929 0.3569407 0.7009555 0.3569407 0.7009555 0.3536808 0.6960617 0.3549122 0.6953077 0.3581224 0.7000929 0.3617782 0.7046775 0.3606342 0.7056172 0.3606342 0.7056172 0.3569407 0.7009555 0.3581224 0.7000929 0.3617784 0.5802822 0.3581331 0.5848515 0.3569547 0.5839925 0.3569547 0.5839925 0.3606382 0.5793452 0.3617784 0.5802822 0.3581331 0.5848515 0.3549392 0.5896223 0.3537119 0.588873 0.3537119 0.588873 0.3569547 0.5839925 0.3581331 0.5848515 0.3529738 0.5884258 0.3537119 0.588873 0.3509085 0.5939293 0.3509085 0.5939293 0.3501483 0.5935453 0.3529738 0.5884258 0.3501483 0.5935453 0.3509085 0.5939293 0.3485164 0.5991175 0.3485164 0.5991175 0.3477401 0.598792 0.3501483 0.5935453 0.3477401 0.598792 0.3485164 0.5991175 0.3464988 0.6043999 0.3464988 0.6043999 0.3457112 0.6041277 0.3477401 0.598792 0.3457112 0.6041277 0.3464988 0.6043999 0.3448251 0.6097481 0.3448251 0.6097481 0.34403 0.6095246 0.3457112 0.6041277 0.34403 0.6095246 0.3448251 0.6097481 0.3434634 0.6151394 0.3434634 0.6151394 0.3426637 0.6149597 0.34403 0.6095246 0.3426637 0.6149597 0.3434634 0.6151394 0.3423842 0.620558 0.3423842 0.620558 0.3415815 0.6204186 0.3426637 0.6149597 0.3415815 0.6204186 0.3423842 0.620558 0.3415645 0.6259947 0.3415645 0.6259947 0.3407602 0.6258922 0.3415815 0.6204186 0.3407602 0.6258922 0.3415645 0.6259947 0.3409873 0.6314424 0.3409873 0.6314424 0.3401818 0.6313745 0.3407602 0.6258922 0.3401818 0.6313745 0.3409873 0.6314424 0.3406383 0.6368977 0.3406383 0.6368977 0.3398318 0.636863 0.3401818 0.6313745 0.3398318 0.636863 0.3406383 0.6368977 0.340511 0.6423589 0.340511 0.6423589 0.3397039 0.6423565 0.3398318 0.636863 0.3397039 0.6423565 0.340511 0.6423589 0.3406028 0.6478251 0.3406028 0.6478251 0.3397949 0.6478555 0.3397039 0.6423565 0.3397949 0.6478555 0.3406028 0.6478251 0.3409199 0.6532953 0.3409199 0.6532953 0.3401115 0.6533597 0.3397949 0.6478555 0.3401115 0.6533597 0.3409199 0.6532953 0.3414725 0.658766 0.3414725 0.658766 0.3406642 0.6588663 0.3401115 0.6533597 0.3406642 0.6588663 0.3414725 0.658766 0.3422778 0.6642308 0.3422778 0.6642308 0.3414708 0.6643698 0.3406642 0.6588663 0.3414708 0.6643698 0.3422778 0.6642308 0.3433535 0.6696802 0.3433535 0.6696802 0.3425493 0.669861 0.3414708 0.6643698 0.3425493 0.669861 0.3433535 0.6696802 0.3447239 0.6751009 0.3447239 0.6751009 0.3439249 0.6753271 0.3425493 0.669861 0.3439249 0.6753271 0.3447239 0.6751009 0.3464124 0.6804751 0.3464124 0.6804751 0.3456214 0.6807503 0.3439249 0.6753271 0.3456214 0.6807503 0.3464124 0.6804751 0.3484469 0.6857805 0.3484469 0.6857805 0.3476676 0.6861094 0.3456214 0.6807503 0.3476676 0.6861094 0.3484469 0.6857805 0.3508589 0.6909884 0.3508589 0.6909884 0.3500962 0.6913757 0.3476676 0.6861094 0.3500962 0.6913757 0.3508589 0.6909884 0.3536808 0.6960617 0.3536808 0.6960617 0.3529409 0.696512 0.3500962 0.6913757 0.3529409 0.696512 0.3536808 0.6960617 0.3569407 0.7009555 0.3569407 0.7009555 0.3562293 0.7014724 0.3529409 0.696512 0.3562293 0.7014724 0.3569407 0.7009555 0.3606342 0.7056172 0.3606342 0.7056172 0.3599817 0.7062217 0.3562293 0.7014724 0.359988 0.5787418 0.3606382 0.5793452 0.3569547 0.5839925 0.3569547 0.5839925 0.3562448 0.5834779 0.359988 0.5787418 0.3562448 0.5834779 0.3569547 0.5839925 0.3537119 0.588873 0.3537119 0.588873 0.3529738 0.5884258 0.3562448 0.5834779 0.2158197 0.8344839 0.2195449 0.8334854 0.2198159 0.8355783 0.2198159 0.8355783 0.216616 0.8364358 0.2158197 0.8344839 0.2124805 0.8364289 0.2158197 0.8344839 0.216616 0.8364358 0.216616 0.8364358 0.213747 0.8381062 0.2124805 0.8364289 0.2097558 0.8391874 0.2124805 0.8364289 0.213747 0.8381062 0.213747 0.8381062 0.2114043 0.8404755 0.2097558 0.8391874 0.2078313 0.8425698 0.2097558 0.8391874 0.2114043 0.8404755 0.2114043 0.8404755 0.2097484 0.843382 0.2078313 0.8425698 0.2068377 0.8463454 0.2078313 0.8425698 0.2097484 0.843382 0.2097484 0.843382 0.2088918 0.8466278 0.2068377 0.8463454 0.2068418 0.8502565 0.2068377 0.8463454 0.2088918 0.8466278 0.2088918 0.8466278 0.2088932 0.8499914 0.2068418 0.8502565 0.2078425 0.8540367 0.2068418 0.8502565 0.2088932 0.8499914 0.2088932 0.8499914 0.2097525 0.8532434 0.2078425 0.8540367 0.2097714 0.8574298 0.2078425 0.8540367 0.2097525 0.8532434 0.2097525 0.8532434 0.2114111 0.8561621 0.2097714 0.8574298 0.2124974 0.8602053 0.2097714 0.8574298 0.2114111 0.8561621 0.2114111 0.8561621 0.2137559 0.8585484 0.2124974 0.8602053 0.2158355 0.8621745 0.2124974 0.8602053 0.2137559 0.8585484 0.2137559 0.8585484 0.2166271 0.8602395 0.2158355 0.8621745 0.2195594 0.8632019 0.2158355 0.8621745 0.2166271 0.8602395 0.2166271 0.8602395 0.2198286 0.8611199 0.2195594 0.8632019 0.2234151 0.8632144 0.2195594 0.8632019 0.2198286 0.8611199 0.2198286 0.8611199 0.2231418 0.8611297 0.2234151 0.8632144 0.2271353 0.8622105 0.2234151 0.8632144 0.2231418 0.8611297 0.2231418 0.8611297 0.2263402 0.8602689 0.2271353 0.8622105 0.2304677 0.8602625 0.2271353 0.8622105 0.2263402 0.8602689 0.2263402 0.8602689 0.2292066 0.8585968 0.2304677 0.8602625 0.2331861 0.8575051 0.2304677 0.8602625 0.2292066 0.8585968 0.2292066 0.8585968 0.2314828 0.8563621 0.2331861 0.8575051 0.2351076 0.8541264 0.2331861 0.8575051 0.2314828 0.8563621 0.2314828 0.8563621 0.2331994 0.853322 0.2351076 0.8541264 0.236102 0.8503561 0.2351076 0.8541264 0.2331994 0.853322 0.2331994 0.853322 0.2340543 0.8500784 0.236102 0.8503561 0.236102 0.846449 0.236102 0.8503561 0.2340543 0.8500784 0.2340543 0.8500784 0.2340527 0.8467174 0.236102 0.846449 0.2351065 0.8426702 0.236102 0.846449 0.2340527 0.8467174 0.2340527 0.8467174 0.2331945 0.8434678 0.2351065 0.8426702 0.2331825 0.8392766 0.2351065 0.8426702 0.2331945 0.8434678 0.2331945 0.8434678 0.2315377 0.8405508 0.2331825 0.8392766 0.2304596 0.8364999 0.2331825 0.8392766 0.2315377 0.8405508 0.2315377 0.8405508 0.2291954 0.8381652 0.2304596 0.8364999 0.227123 0.8345298 0.2304596 0.8364999 0.2291954 0.8381652 0.2291954 0.8381652 0.2263271 0.8364737 0.227123 0.8345298 0.2234001 0.8335016 0.227123 0.8345298 0.2263271 0.8364737 0.2263271 0.8364737 0.223128 0.8355913 0.2234001 0.8335016 0.2195449 0.8334854 0.2234001 0.8335016 0.223128 0.8355913 0.223128 0.8355913 0.2198159 0.8355783 0.2195449 0.8334854 0.2137559 0.8585484 0.2114111 0.8561621 0.2153171 0.8564879 0.2153171 0.8564879 0.2166271 0.8602395 0.2137559 0.8585484 0.2114111 0.8561621 0.2097525 0.8532434 0.2142168 0.8529185 0.2142168 0.8529185 0.2153171 0.8564879 0.2114111 0.8561621 0.2088932 0.8499914 0.2088918 0.8466278 0.2132813 0.8457284 0.2132813 0.8457284 0.2135206 0.8493476 0.2088932 0.8499914 0.2097484 0.843382 0.2114043 0.8404755 0.213747 0.8381062 0.213747 0.8381062 0.2134355 0.8420266 0.2097484 0.843382 0.2166271 0.8602395 0.2153171 0.8564879 0.2189914 0.8566554 0.2189914 0.8566554 0.2198286 0.8611199 0.2166271 0.8602395 0.2153171 0.8564879 0.2142168 0.8529185 0.218233 0.8526305 0.218233 0.8526305 0.2189914 0.8566554 0.2153171 0.8564879 0.2135206 0.8493476 0.2132813 0.8457284 0.2172305 0.844927 0.2172305 0.844927 0.2176432 0.8487804 0.2135206 0.8493476 0.2134355 0.8420266 0.213747 0.8381062 0.216616 0.8364358 0.216616 0.8364358 0.2169402 0.8408942 0.2134355 0.8420266 0.2198286 0.8611199 0.2189914 0.8566554 0.2225582 0.8564249 0.2225582 0.8564249 0.2231418 0.8611297 0.2198286 0.8611199 0.2189914 0.8566554 0.218233 0.8526305 0.2220336 0.8522253 0.2220336 0.8522253 0.2225582 0.8564249 0.2189914 0.8566554 0.2176432 0.8487804 0.2172305 0.844927 0.2210058 0.8443266 0.2210058 0.8443266 0.2215255 0.8482642 0.2176432 0.8487804 0.2169402 0.8408942 0.216616 0.8364358 0.2198159 0.8355783 0.2198159 0.8355783 0.2204455 0.8401933 0.2169402 0.8408942 0.2231418 0.8611297 0.2225582 0.8564249 0.2260563 0.8557336 0.2260563 0.8557336 0.2263402 0.8602689 0.2231418 0.8611297 0.2225582 0.8564249 0.2220336 0.8522253 0.2257955 0.8516454 0.2257955 0.8516454 0.2260563 0.8557336 0.2225582 0.8564249 0.2215255 0.8482642 0.2210058 0.8443266 0.2247931 0.8439438 0.2247931 0.8439438 0.225395 0.8477716 0.2215255 0.8482642 0.2204455 0.8401933 0.2198159 0.8355783 0.223128 0.8355913 0.223128 0.8355913 0.2240055 0.8399767 0.2204455 0.8401933 0.2263402 0.8602689 0.2260563 0.8557336 0.2295402 0.854633 0.2295402 0.854633 0.2292066 0.8585968 0.2263402 0.8602689 0.2260563 0.8557336 0.2257955 0.8516454 0.2297118 0.8508999 0.2297118 0.8508999 0.2295402 0.854633 0.2260563 0.8557336 0.225395 0.8477716 0.2247931 0.8439438 0.2287766 0.8437138 0.2287766 0.8437138 0.2294782 0.8472709 0.225395 0.8477716 0.2240055 0.8399767 0.223128 0.8355913 0.2263271 0.8364737 0.2263271 0.8364737 0.2276591 0.840179 0.2240055 0.8399767 0.2314828 0.8563621 0.2292066 0.8585968 0.2295402 0.854633 0.2295402 0.854633 0.2331994 0.853322 0.2314828 0.8563621 0.2295402 0.854633 0.2297118 0.8508999 0.2340543 0.8500784 0.2340543 0.8500784 0.2331994 0.853322 0.2295402 0.854633 0.2294782 0.8472709 0.2287766 0.8437138 0.2331945 0.8434678 0.2331945 0.8434678 0.2340527 0.8467174 0.2294782 0.8472709 0.2276591 0.840179 0.2263271 0.8364737 0.2291954 0.8381652 0.2291954 0.8381652 0.2315377 0.8405508 0.2276591 0.840179 0.2088932 0.8499914 0.2135206 0.8493476 0.2142168 0.8529185 0.2142168 0.8529185 0.2097525 0.8532434 0.2088932 0.8499914 0.2097484 0.843382 0.2134355 0.8420266 0.2132813 0.8457284 0.2132813 0.8457284 0.2088918 0.8466278 0.2097484 0.843382 0.2135206 0.8493476 0.2176432 0.8487804 0.218233 0.8526305 0.218233 0.8526305 0.2142168 0.8529185 0.2135206 0.8493476 0.2134355 0.8420266 0.2169402 0.8408942 0.2172305 0.844927 0.2172305 0.844927 0.2132813 0.8457284 0.2134355 0.8420266 0.2176432 0.8487804 0.2215255 0.8482642 0.2220336 0.8522253 0.2220336 0.8522253 0.218233 0.8526305 0.2176432 0.8487804 0.2169402 0.8408942 0.2204455 0.8401933 0.2210058 0.8443266 0.2210058 0.8443266 0.2172305 0.844927 0.2169402 0.8408942 0.2215255 0.8482642 0.225395 0.8477716 0.2257955 0.8516454 0.2257955 0.8516454 0.2220336 0.8522253 0.2215255 0.8482642 0.2204455 0.8401933 0.2240055 0.8399767 0.2247931 0.8439438 0.2247931 0.8439438 0.2210058 0.8443266 0.2204455 0.8401933 0.225395 0.8477716 0.2294782 0.8472709 0.2297118 0.8508999 0.2297118 0.8508999 0.2257955 0.8516454 0.225395 0.8477716 0.2240055 0.8399767 0.2276591 0.840179 0.2287766 0.8437138 0.2287766 0.8437138 0.2247931 0.8439438 0.2240055 0.8399767 0.2294782 0.8472709 0.2340527 0.8467174 0.2340543 0.8500784 0.2340543 0.8500784 0.2297118 0.8508999 0.2294782 0.8472709 0.2276591 0.840179 0.2315377 0.8405508 0.2331945 0.8434678 0.2331945 0.8434678 0.2287766 0.8437138 0.2276591 0.840179 0.8754758 0.4347251 0.8757958 0.4347134 0.8759416 0.4384328 0.8759416 0.4384328 0.8756236 0.4384514 0.8754758 0.4347251 0.8754602 0.4309866 0.8757856 0.4309808 0.8757958 0.4347134 0.8757958 0.4347134 0.8754758 0.4347251 0.8754602 0.4309866 0.8755615 0.4272341 0.875895 0.4272332 0.8757856 0.4309808 0.8757856 0.4309808 0.8754602 0.4309866 0.8755615 0.4272341 0.8757558 0.4234675 0.8760998 0.4234699 0.875895 0.4272332 0.875895 0.4272332 0.8755615 0.4272341 0.8757558 0.4234675 0.8760123 0.4196874 0.8763695 0.4196921 0.8760998 0.4234699 0.8760998 0.4234699 0.8757558 0.4234675 0.8760123 0.4196874 0.8762979 0.4158936 0.8766701 0.4159 0.8763695 0.4196921 0.8763695 0.4196921 0.8760123 0.4196874 0.8762979 0.4158936 0.8765825 0.4120846 0.8769713 0.4120932 0.8766701 0.4159 0.8766701 0.4159 0.8762979 0.4158936 0.8765825 0.4120846 0.8768425 0.4082565 0.8772501 0.4082678 0.8769713 0.4120932 0.8769713 0.4120932 0.8765825 0.4120846 0.8768425 0.4082565 0.8770642 0.4043964 0.877493 0.4044122 0.8772501 0.4082678 0.8772501 0.4082678 0.8768425 0.4082565 0.8770642 0.4043964 0.8772516 0.4004816 0.8777039 0.4005021 0.877493 0.4044122 0.877493 0.4044122 0.8770642 0.4043964 0.8772516 0.4004816 0.8774192 0.3964766 0.8778962 0.3964995 0.8777039 0.4005021 0.8777039 0.4005021 0.8772516 0.4004816 0.8774192 0.3964766 0.8775882 0.3923463 0.8780855 0.3923679 0.8778962 0.3964995 0.8778962 0.3964995 0.8774192 0.3964766 0.8775882 0.3923463 0.877768 0.3880814 0.8782749 0.3881009 0.8780855 0.3923679 0.8780855 0.3923679 0.8775882 0.3923463 0.877768 0.3880814 0.8779477 0.3836981 0.8784524 0.3837186 0.8782749 0.3881009 0.8782749 0.3881009 0.877768 0.3880814 0.8779477 0.3836981 0.8781079 0.3792364 0.8786015 0.3792608 0.8784524 0.3837186 0.8784524 0.3837186 0.8779477 0.3836981 0.8781079 0.3792364 0.878709 0.3747515 0.8786015 0.3792608 0.8781079 0.3792364 0.8781079 0.3792364 0.8782307 0.374724 0.878709 0.3747515 0.8787719 0.3702128 0.878709 0.3747515 0.8782307 0.374724 0.8782307 0.374724 0.8783112 0.3701833 0.8787719 0.3702128 0.8788045 0.3656564 0.8787719 0.3702128 0.8783112 0.3701833 0.8783112 0.3701833 0.8783597 0.3656364 0.8788045 0.3656564 0.8785308 0.4569414 0.8792627 0.4606416 0.8788966 0.460682 0.8788966 0.460682 0.8781796 0.4569872 0.8785308 0.4569414 0.8778291 0.4532428 0.8785308 0.4569414 0.8781796 0.4569872 0.8781796 0.4569872 0.8774894 0.4532848 0.8778291 0.4532428 0.877192 0.4495444 0.8778291 0.4532428 0.8774894 0.4532848 0.8774894 0.4532848 0.8768617 0.4495819 0.877192 0.4495444 0.87665 0.4458451 0.877192 0.4495444 0.8768617 0.4495819 0.8768617 0.4495819 0.876327 0.4458769 0.87665 0.4458451 0.876228 0.4421424 0.87665 0.4458451 0.876327 0.4458769 0.876327 0.4458769 0.875909 0.4421679 0.876228 0.4421424 0.8759416 0.4384328 0.876228 0.4421424 0.875909 0.4421679 0.875909 0.4421679 0.8756236 0.4384514 0.8759416 0.4384328 0.3566738 0.590693 0.353973 0.5954981 0.3539744 0.5954952 0.3539744 0.5954952 0.3566761 0.5906906 0.3566738 0.590693 0.353973 0.5954981 0.3516574 0.6004526 0.3516586 0.6004497 0.3516586 0.6004497 0.3539744 0.5954952 0.353973 0.5954981 0.3516574 0.6004526 0.3496959 0.6055207 0.3496968 0.6055178 0.3496968 0.6055178 0.3516586 0.6004497 0.3516574 0.6004526 0.3496959 0.6055207 0.3480615 0.6106725 0.3480623 0.6106695 0.3480623 0.6106695 0.3496968 0.6055178 0.3496959 0.6055207 0.3480615 0.6106725 0.3467269 0.6158842 0.3467276 0.6158812 0.3467276 0.6158812 0.3480623 0.6106695 0.3480615 0.6106725 0.3467269 0.6158842 0.3456661 0.6211386 0.3456665 0.6211356 0.3456665 0.6211356 0.3467276 0.6158812 0.3467269 0.6158842 0.3456661 0.6211386 0.3448584 0.6264227 0.3448586 0.6264198 0.3448586 0.6264198 0.3456665 0.6211356 0.3456661 0.6211386 0.3448584 0.6264227 0.3442891 0.6317269 0.3442893 0.6317238 0.3442893 0.6317238 0.3448586 0.6264198 0.3448584 0.6264227 0.3442891 0.6317269 0.3439452 0.6370447 0.3439452 0.6370418 0.3439452 0.6370418 0.3442893 0.6317238 0.3442891 0.6317269 0.3439452 0.6370447 0.3438207 0.6423711 0.3438207 0.6423682 0.3438207 0.6423682 0.3439452 0.6370418 0.3439452 0.6370447 0.3438207 0.6423711 0.3439139 0.6477016 0.3439137 0.6476988 0.3439137 0.6476988 0.3438207 0.6423682 0.3438207 0.6423711 0.3439139 0.6477016 0.3442295 0.6530315 0.3442291 0.6530286 0.3442291 0.6530286 0.3439137 0.6476988 0.3439139 0.6477016 0.3442295 0.6530315 0.3447774 0.6583539 0.3447768 0.6583512 0.3447768 0.6583512 0.3442291 0.6530286 0.3442295 0.6530315 0.3447774 0.6583539 0.3455715 0.6636605 0.3455709 0.6636577 0.3455709 0.6636577 0.3447768 0.6583512 0.3447774 0.6583539 0.3455715 0.6636605 0.3466295 0.6689395 0.3466287 0.6689366 0.3466287 0.6689366 0.3455709 0.6636577 0.3455715 0.6636605 0.3466295 0.6689395 0.3479717 0.6741761 0.3479707 0.6741732 0.3479707 0.6741732 0.3466287 0.6689366 0.3466295 0.6689395 0.3479717 0.6741761 0.3496195 0.6793511 0.3496185 0.6793484 0.3496185 0.6793484 0.3479707 0.6741732 0.3479717 0.6741761 0.3496195 0.6793511 0.3515977 0.6844403 0.3515964 0.6844376 0.3515964 0.6844376 0.3496185 0.6793484 0.3496195 0.6793511 0.3515977 0.6844403 0.353933 0.6894138 0.3539316 0.6894112 0.3539316 0.6894112 0.3515964 0.6844376 0.3515977 0.6844403 0.353933 0.6894138 0.3566527 0.6942359 0.3566518 0.6942331 0.3566518 0.6942331 0.3539316 0.6894112 0.353933 0.6894138 0.3566527 0.6942359 0.3597877 0.6988714 0.3597882 0.6988655 0.3597882 0.6988655 0.3566518 0.6942331 0.3566527 0.6942359 0.3597877 0.6988714 0.3634052 0.7033153 0.3633981 0.7033273 0.3633981 0.7033273 0.3597882 0.6988655 0.3597877 0.6988714 0.3633955 0.5816455 0.359792 0.5860732 0.3597962 0.586074 0.3597962 0.586074 0.3633925 0.5816285 0.3633955 0.5816455 0.359792 0.5860732 0.3566738 0.590693 0.3566761 0.5906906 0.3566761 0.5906906 0.3597962 0.586074 0.359792 0.5860732 0.3570553 0.5970953 0.3596439 0.5925359 0.3596433 0.5925368 0.3596433 0.5925368 0.3570547 0.5970963 0.3570553 0.5970953 0.3548258 0.6018223 0.3570553 0.5970953 0.3570547 0.5970963 0.3570547 0.5970963 0.3548253 0.6018233 0.3548258 0.6018223 0.3529284 0.6066799 0.3548258 0.6018223 0.3548253 0.6018233 0.3548253 0.6018233 0.352928 0.606681 0.3529284 0.6066799 0.3513399 0.6116368 0.3529284 0.6066799 0.352928 0.606681 0.352928 0.606681 0.3513396 0.611638 0.3513399 0.6116368 0.3500379 0.6166681 0.3513399 0.6116368 0.3513396 0.611638 0.3513396 0.611638 0.3500376 0.6166693 0.3500379 0.6166681 0.348999 0.6217555 0.3500379 0.6166681 0.3500376 0.6166693 0.3500376 0.6166693 0.3489989 0.6217567 0.348999 0.6217555 0.3482051 0.6268821 0.348999 0.6217555 0.3489989 0.6217567 0.3489989 0.6217567 0.348205 0.6268832 0.3482051 0.6268821 0.3476441 0.6320357 0.3482051 0.6268821 0.348205 0.6268832 0.348205 0.6268832 0.3476442 0.6320369 0.3476441 0.6320357 0.3473045 0.6372078 0.3476441 0.6320357 0.3476442 0.6320369 0.3476442 0.6320369 0.3473045 0.6372092 0.3473045 0.6372078 0.3471806 0.64239 0.3473045 0.6372078 0.3473045 0.6372092 0.3473045 0.6372092 0.3471807 0.6423912 0.3471806 0.64239 0.3472723 0.6475746 0.3471806 0.64239 0.3471807 0.6423912 0.3471807 0.6423912 0.3472725 0.6475757 0.3472723 0.6475746 0.3475826 0.6527542 0.3472723 0.6475746 0.3472725 0.6475757 0.3472725 0.6475757 0.3475828 0.6527554 0.3475826 0.6527542 0.3481205 0.6579189 0.3475826 0.6527542 0.3475828 0.6527554 0.3475828 0.6527554 0.3481207 0.6579201 0.3481205 0.6579189 0.3488982 0.6630584 0.3481205 0.6579189 0.3481207 0.6579201 0.3481207 0.6579201 0.3488986 0.6630597 0.3488982 0.6630584 0.3499322 0.6681591 0.3488982 0.6630584 0.3488986 0.6630597 0.3488986 0.6630597 0.3499326 0.6681603 0.3499322 0.6681591 0.3512396 0.6732059 0.3499322 0.6681591 0.3499326 0.6681603 0.3499326 0.6681603 0.3512402 0.6732071 0.3512396 0.6732059 0.3528392 0.6781777 0.3512396 0.6732059 0.3512402 0.6732071 0.3512402 0.6732071 0.3528398 0.6781789 0.3528392 0.6781777 0.3547518 0.6830496 0.3528392 0.6781777 0.3528398 0.6781789 0.3528398 0.6781789 0.3547523 0.6830508 0.3547518 0.6830496 0.3570004 0.6877906 0.3547518 0.6830496 0.3547523 0.6830508 0.3547523 0.6830508 0.3570011 0.6877917 0.3570004 0.6877906 0.3596081 0.6923639 0.3570004 0.6877906 0.3570011 0.6877917 0.3570011 0.6877917 0.3596088 0.6923648 0.3596081 0.6923639 0.3626009 0.6967236 0.3596081 0.6923639 0.3596088 0.6923648 0.3596088 0.6923648 0.3626016 0.6967245 0.3626009 0.6967236 0.3660342 0.7007835 0.3626009 0.6967236 0.3626016 0.6967245 0.3626016 0.6967245 0.3660342 0.7007835 0.3660342 0.7007835 0.3626191 0.5881906 0.3660342 0.5841488 0.3660326 0.5841508 0.3660326 0.5841508 0.3626184 0.5881916 0.3626191 0.5881906 0.3596439 0.5925359 0.3626191 0.5881906 0.3626184 0.5881916 0.3626184 0.5881916 0.3596433 0.5925368 0.3596439 0.5925359 0.3554873 0.5899538 0.3558618 0.590186 0.3531302 0.5950599 0.3531302 0.5950599 0.3527423 0.5948594 0.3554873 0.5899538 0.3535141 0.5952586 0.3531302 0.5950599 0.3558618 0.590186 0.3558618 0.590186 0.3562322 0.5904162 0.3535141 0.5952586 0.3527423 0.5948594 0.3531302 0.5950599 0.3507919 0.6000787 0.3507919 0.6000787 0.3503937 0.599908 0.3527423 0.5948594 0.3511859 0.600248 0.3507919 0.6000787 0.3531302 0.5950599 0.3531302 0.5950599 0.3535141 0.5952586 0.3511859 0.600248 0.3503937 0.599908 0.3507919 0.6000787 0.3488134 0.6052061 0.3488134 0.6052061 0.3484075 0.6050626 0.3503937 0.599908 0.3492148 0.6053482 0.3488134 0.6052061 0.3507919 0.6000787 0.3507919 0.6000787 0.3511859 0.600248 0.3492148 0.6053482 0.3484075 0.6050626 0.3488134 0.6052061 0.347167 0.6104125 0.347167 0.6104125 0.3467556 0.6102942 0.3484075 0.6050626 0.3475738 0.6105297 0.347167 0.6104125 0.3488134 0.6052061 0.3488134 0.6052061 0.3492148 0.6053482 0.3475738 0.6105297 0.3467556 0.6102942 0.347167 0.6104125 0.3458235 0.6156743 0.3458235 0.6156743 0.3454083 0.6155791 0.3467556 0.6102942 0.346234 0.6157683 0.3458235 0.6156743 0.347167 0.6104125 0.347167 0.6104125 0.3475738 0.6105297 0.346234 0.6157683 0.3454083 0.6155791 0.3458235 0.6156743 0.3447563 0.6209748 0.3447563 0.6209748 0.3443386 0.620901 0.3454083 0.6155791 0.3451696 0.6210477 0.3447563 0.6209748 0.3458235 0.6156743 0.3458235 0.6156743 0.346234 0.6157683 0.3451696 0.6210477 0.3443386 0.620901 0.3447563 0.6209748 0.343944 0.6263017 0.343944 0.6263017 0.3435248 0.6262477 0.3443386 0.620901 0.3443593 0.6263551 0.343944 0.6263017 0.3447563 0.6209748 0.3447563 0.6209748 0.3451696 0.6210477 0.3443593 0.6263551 0.3435248 0.6262477 0.343944 0.6263017 0.3433718 0.6316462 0.3433718 0.6316462 0.3429514 0.6316109 0.3435248 0.6262477 0.3437882 0.6316811 0.3433718 0.6316462 0.343944 0.6263017 0.343944 0.6263017 0.3443593 0.6263551 0.3437882 0.6316811 0.3429514 0.6316109 0.3433718 0.6316462 0.3430255 0.6370027 0.3430255 0.6370027 0.3426045 0.6369854 0.3429514 0.6316109 0.3434429 0.63702 0.3430255 0.6370027 0.3433718 0.6316462 0.3433718 0.6316462 0.3437882 0.6316811 0.3434429 0.63702 0.3426045 0.6369854 0.3430255 0.6370027 0.3428999 0.6423671 0.3428999 0.6423671 0.3424787 0.6423671 0.3426045 0.6369854 0.3433177 0.642367 0.3428999 0.6423671 0.3430255 0.6370027 0.3430255 0.6370027 0.3434429 0.63702 0.3433177 0.642367 0.3424787 0.6423671 0.3428999 0.6423671 0.3429921 0.647736 0.3429921 0.647736 0.3425709 0.6477535 0.3424787 0.6423671 0.3434105 0.6477184 0.3429921 0.647736 0.3428999 0.6423671 0.3428999 0.6423671 0.3433177 0.642367 0.3434105 0.6477184 0.3425709 0.6477535 0.3429921 0.647736 0.3433077 0.6531053 0.3433077 0.6531053 0.3428869 0.6531406 0.3425709 0.6477535 0.343726 0.6530697 0.3433077 0.6531053 0.3429921 0.647736 0.3429921 0.647736 0.3434105 0.6477184 0.343726 0.6530697 0.3428869 0.6531406 0.3433077 0.6531053 0.3438567 0.6584691 0.3438567 0.6584691 0.3434369 0.6585233 0.3428869 0.6531406 0.3442745 0.658415 0.3438567 0.6584691 0.3433077 0.6531053 0.3433077 0.6531053 0.343726 0.6530697 0.3442745 0.658415 0.3434369 0.6585233 0.3438567 0.6584691 0.3446544 0.6638198 0.3446544 0.6638198 0.3442363 0.6638939 0.3434369 0.6585233 0.3450707 0.6637457 0.3446544 0.6638198 0.3438567 0.6584691 0.3438567 0.6584691 0.3442745 0.658415 0.3450707 0.6637457 0.3442363 0.6638939 0.3446544 0.6638198 0.3457177 0.6691461 0.3457177 0.6691461 0.3453021 0.6692416 0.3442363 0.6638939 0.3461316 0.6690506 0.3457177 0.6691461 0.3446544 0.6638198 0.3446544 0.6638198 0.3450707 0.6637457 0.3461316 0.6690506 0.3453021 0.6692416 0.3457177 0.6691461 0.3470683 0.6744336 0.3470683 0.6744336 0.3466566 0.6745521 0.3453021 0.6692416 0.3474786 0.6743151 0.3470683 0.6744336 0.3457177 0.6691461 0.3457177 0.6691461 0.3461316 0.6690506 0.3474786 0.6743151 0.3466566 0.6745521 0.3470683 0.6744336 0.3487284 0.6796635 0.3487284 0.6796635 0.3483221 0.679807 0.3466566 0.6745521 0.3491333 0.6795203 0.3487284 0.6796635 0.3470683 0.6744336 0.3470683 0.6744336 0.3474786 0.6743151 0.3491333 0.6795203 0.3483221 0.679807 0.3487284 0.6796635 0.3507234 0.6848122 0.3507234 0.6848122 0.3503243 0.6849825 0.3483221 0.679807 0.3511208 0.6846421 0.3507234 0.6848122 0.3487284 0.6796635 0.3487284 0.6796635 0.3491333 0.6795203 0.3511208 0.6846421 0.3503243 0.6849825 0.3507234 0.6848122 0.3530817 0.6898499 0.3530817 0.6898499 0.3526924 0.6900495 0.3503243 0.6849825 0.3534688 0.6896507 0.3530817 0.6898499 0.3507234 0.6848122 0.3507234 0.6848122 0.3511208 0.6846421 0.3534688 0.6896507 0.3526924 0.6900495 0.3530817 0.6898499 0.3558322 0.6947404 0.3558322 0.6947404 0.355456 0.6949715 0.3526924 0.6900495 0.3562061 0.6945101 0.3558322 0.6947404 0.3530817 0.6898499 0.3530817 0.6898499 0.3534688 0.6896507 0.3562061 0.6945101 0.355456 0.6949715 0.3558322 0.6947404 0.3590033 0.6994438 0.3590033 0.6994438 0.3586426 0.6997078 0.355456 0.6949715 0.3593615 0.6991812 0.3590033 0.6994438 0.3558322 0.6947404 0.3558322 0.6947404 0.3562061 0.6945101 0.3593615 0.6991812 0.3586426 0.6997078 0.3590033 0.6994438 0.3625728 0.703898 0.3625728 0.703898 0.3622317 0.7041932 0.3586426 0.6997078 0.3629286 0.7036218 0.3625728 0.703898 0.3590033 0.6994438 0.3590033 0.6994438 0.3593615 0.6991812 0.3629286 0.7036218 0.3622344 0.5807608 0.3625723 0.5810577 0.3590157 0.585497 0.3590157 0.585497 0.3586572 0.5852314 0.3622344 0.5807608 0.3593708 0.5857604 0.3590157 0.585497 0.3625723 0.5810577 0.3625723 0.5810577 0.3629249 0.5813351 0.3593708 0.5857604 0.3586572 0.5852314 0.3590157 0.585497 0.3558618 0.590186 0.3558618 0.590186 0.3554873 0.5899538 0.3586572 0.5852314 0.3562322 0.5904162 0.3558618 0.590186 0.3590157 0.585497 0.3590157 0.585497 0.3593708 0.5857604 0.3562322 0.5904162 0.7958546 0.3685702 0.7953089 0.3717038 0.7952417 0.3716977 0.7952417 0.3716977 0.7957107 0.3685399 0.7958546 0.3685702 0.7922598 0.3676851 0.7925807 0.3678331 0.7911991 0.3710806 0.7911991 0.3710806 0.790414 0.3715894 0.7922598 0.3676851 0.7956071 0.3639817 0.7954625 0.3645829 0.7944832 0.3644611 0.7944832 0.3644611 0.7943516 0.3637022 0.7956071 0.3639817 0.7957107 0.3685399 0.7954564 0.3685277 0.7963818 0.3652417 0.7963818 0.3652417 0.7967949 0.3647728 0.7957107 0.3685399 0.790414 0.3715894 0.7913266 0.3724135 0.790942 0.3728868 0.790942 0.3728868 0.7899701 0.3720183 0.790414 0.3715894 0.7922598 0.3676851 0.7943516 0.3637022 0.7944832 0.3644611 0.7944832 0.3644611 0.7925807 0.3678331 0.7922598 0.3676851 0.790942 0.3728868 0.7913266 0.3724135 0.7926756 0.372985 0.7926756 0.372985 0.792383 0.3735059 0.790942 0.3728868 0.7956071 0.3639817 0.7967949 0.3647728 0.7963818 0.3652417 0.7963818 0.3652417 0.7954625 0.3645829 0.7956071 0.3639817 0.7957107 0.3685399 0.7952417 0.3716977 0.794972 0.3716453 0.794972 0.3716453 0.7954564 0.3685277 0.7957107 0.3685399 0.7921457 0.3676344 0.7922598 0.3676851 0.790414 0.3715894 0.790414 0.3715894 0.7899701 0.3720183 0.7921457 0.3676344 0.7957238 0.3635494 0.7956071 0.3639817 0.7943516 0.3637022 0.7943516 0.3637022 0.7943756 0.3632431 0.7957238 0.3635494 0.7958546 0.3685702 0.7957107 0.3685399 0.7967949 0.3647728 0.7967949 0.3647728 0.7969672 0.3643771 0.7958546 0.3685702 0.7920817 0.3716591 0.7914755 0.3710294 0.7916922 0.3710137 0.7916922 0.3710137 0.7922588 0.3714868 0.7920817 0.3716591 0.7918315 0.3717922 0.7911991 0.3710806 0.7914755 0.3710294 0.7914755 0.3710294 0.7920817 0.3716591 0.7918315 0.3717922 0.7930676 0.3721367 0.7920817 0.3716591 0.7922588 0.3714868 0.7922588 0.3714868 0.7931404 0.3719863 0.7930676 0.3721367 0.7928617 0.372209 0.7918315 0.3717922 0.7920817 0.3716591 0.7920817 0.3716591 0.7930676 0.3721367 0.7928617 0.372209 0.1193546 0.6866694 0.1165621 0.6813367 0.1165621 0.6813367 0.1165621 0.6813367 0.1193546 0.6866694 0.1193546 0.6866694 0.3529738 0.5884258 0.3501483 0.5935453 0.3500233 0.5934824 0.3500233 0.5934824 0.3528524 0.5883523 0.3529738 0.5884258 0.1165621 0.6813367 0.1142309 0.6758973 0.1142309 0.6758973 0.1142309 0.6758973 0.1165621 0.6813367 0.1165621 0.6813367 0.3501483 0.5935453 0.3477401 0.598792 0.3476126 0.5987387 0.3476126 0.5987387 0.3500233 0.5934824 0.3501483 0.5935453 0.1142309 0.6758973 0.1123105 0.6703956 0.1123105 0.6703956 0.1123105 0.6703956 0.1142309 0.6758973 0.1142309 0.6758973 0.3477401 0.598792 0.3457112 0.6041277 0.3455821 0.6040832 0.3455821 0.6040832 0.3476126 0.5987387 0.3477401 0.598792 0.1123105 0.6703956 0.1107531 0.6648647 0.1107531 0.6648647 0.1107531 0.6648647 0.1123105 0.6703956 0.1123105 0.6703956 0.3457112 0.6041277 0.34403 0.6095246 0.3438998 0.609488 0.3438998 0.609488 0.3455821 0.6040832 0.3457112 0.6041277 0.1107531 0.6648647 0.1095145 0.6593254 0.1095145 0.6593254 0.1095145 0.6593254 0.1107531 0.6648647 0.1107531 0.6648647 0.34403 0.6095246 0.3426637 0.6149597 0.3425325 0.6149304 0.3425325 0.6149304 0.3438998 0.609488 0.34403 0.6095246 0.1095145 0.6593254 0.1085577 0.653791 0.1085577 0.653791 0.1085577 0.653791 0.1095145 0.6593254 0.1095145 0.6593254 0.3426637 0.6149597 0.3415815 0.6204186 0.3414499 0.6203957 0.3414499 0.6203957 0.3425325 0.6149304 0.3426637 0.6149597 0.1085577 0.653791 0.1078516 0.6482672 0.1078516 0.6482672 0.1078516 0.6482672 0.1085577 0.653791 0.1085577 0.653791 0.3415815 0.6204186 0.3407602 0.6258922 0.3406283 0.6258754 0.3406283 0.6258754 0.3414499 0.6203957 0.3415815 0.6204186 0.1078516 0.6482672 0.1073721 0.6427572 0.1073721 0.6427572 0.1073721 0.6427572 0.1078516 0.6482672 0.1078516 0.6482672 0.3407602 0.6258922 0.3401818 0.6313745 0.3400499 0.6313634 0.3400499 0.6313634 0.3406283 0.6258754 0.3407602 0.6258922 0.1073721 0.6427572 0.1071014 0.6372593 0.1071014 0.6372593 0.1071014 0.6372593 0.1073721 0.6427572 0.1073721 0.6427572 0.3401818 0.6313745 0.3398318 0.636863 0.3396998 0.636857 0.3396998 0.636857 0.3400499 0.6313634 0.3401818 0.6313745 0.1071014 0.6372593 0.1070285 0.6317707 0.1070285 0.6317707 0.1070285 0.6317707 0.1071014 0.6372593 0.1071014 0.6372593 0.3398318 0.636863 0.3397039 0.6423565 0.3395717 0.642356 0.3395717 0.642356 0.3396998 0.636857 0.3398318 0.636863 0.1070285 0.6317707 0.107149 0.6262875 0.107149 0.6262875 0.107149 0.6262875 0.1070285 0.6317707 0.1070285 0.6317707 0.3397039 0.6423565 0.3397949 0.6478555 0.3396626 0.6478604 0.3396626 0.6478604 0.3395717 0.642356 0.3397039 0.6423565 0.107149 0.6262875 0.1074652 0.6208049 0.1074652 0.6208049 0.1074652 0.6208049 0.107149 0.6262875 0.107149 0.6262875 0.3397949 0.6478555 0.3401115 0.6533597 0.3399791 0.65337 0.3399791 0.65337 0.3396626 0.6478604 0.3397949 0.6478555 0.1074652 0.6208049 0.1079856 0.6153197 0.1079856 0.6153197 0.1079856 0.6153197 0.1074652 0.6208049 0.1074652 0.6208049 0.3401115 0.6533597 0.3406642 0.6588663 0.3405317 0.6588826 0.3405317 0.6588826 0.3399791 0.65337 0.3401115 0.6533597 0.1079856 0.6153197 0.1087262 0.6098292 0.1087262 0.6098292 0.1087262 0.6098292 0.1079856 0.6153197 0.1079856 0.6153197 0.3406642 0.6588663 0.3414708 0.6643698 0.3413386 0.6643924 0.3413386 0.6643924 0.3405317 0.6588826 0.3406642 0.6588663 0.1087262 0.6098292 0.1097098 0.6043343 0.1097098 0.6043343 0.1097098 0.6043343 0.1087262 0.6098292 0.1087262 0.6098292 0.3414708 0.6643698 0.3425493 0.669861 0.3424174 0.6698903 0.3424174 0.6698903 0.3413386 0.6643924 0.3414708 0.6643698 0.1097098 0.6043343 0.1109668 0.5988417 0.1109668 0.5988417 0.1109668 0.5988417 0.1097098 0.6043343 0.1097098 0.6043343 0.3425493 0.669861 0.3439249 0.6753271 0.3437938 0.6753639 0.3437938 0.6753639 0.3424174 0.6698903 0.3425493 0.669861 0.1109668 0.5988417 0.1125334 0.5933641 0.1125334 0.5933641 0.1125334 0.5933641 0.1109668 0.5988417 0.1109668 0.5988417 0.3439249 0.6753271 0.3456214 0.6807503 0.3454917 0.6807952 0.3454917 0.6807952 0.3437938 0.6753639 0.3439249 0.6753271 0.1125334 0.5933641 0.1144519 0.5879218 0.1144519 0.5879218 0.1144519 0.5879218 0.1125334 0.5933641 0.1125334 0.5933641 0.3456214 0.6807503 0.3476676 0.6861094 0.3475396 0.6861632 0.3475396 0.6861632 0.3454917 0.6807952 0.3456214 0.6807503 0.1144519 0.5879218 0.1167696 0.5825455 0.1167696 0.5825455 0.1167696 0.5825455 0.1144519 0.5879218 0.1144519 0.5879218 0.3476676 0.6861094 0.3500962 0.6913757 0.3499708 0.6914393 0.3499708 0.6914393 0.3475396 0.6861632 0.3476676 0.6861094 0.1167696 0.5825455 0.1195371 0.5772773 0.1195371 0.5772773 0.1195371 0.5772773 0.1167696 0.5825455 0.1167696 0.5825455 0.3500962 0.6913757 0.3529409 0.696512 0.352819 0.6965859 0.352819 0.6965859 0.3499708 0.6914393 0.3500962 0.6913757 0.1195371 0.5772773 0.1227988 0.5721698 0.1227988 0.5721698 0.1227988 0.5721698 0.1195371 0.5772773 0.1195371 0.5772773 0.3529409 0.696512 0.3562293 0.7014724 0.356119 0.7015646 0.356119 0.7015646 0.352819 0.6965859 0.3529409 0.696512 0.1227988 0.5721698 0.1265808 0.5672609 0.1265808 0.5672609 0.1265808 0.5672609 0.1227988 0.5721698 0.1227988 0.5721698 0.3562293 0.7014724 0.3599817 0.7062217 0.3598771 0.706335 0.3598771 0.706335 0.3561049 0.7015499 0.3562293 0.7014724 0.1264799 0.696812 0.122652 0.6918409 0.122652 0.6918409 0.122652 0.6918409 0.1264799 0.696812 0.1264799 0.696812 0.359988 0.5787418 0.3562448 0.5834779 0.3561277 0.5833933 0.3561277 0.5833933 0.3598841 0.5786287 0.359988 0.5787418 0.122652 0.6918409 0.1193546 0.6866694 0.1193546 0.6866694 0.1193546 0.6866694 0.122652 0.6918409 0.122652 0.6918409 0.3562448 0.5834779 0.3529738 0.5884258 0.3528524 0.5883523 0.3528524 0.5883523 0.3561277 0.5833933 0.3562448 0.5834779 0.7914755 0.3710294 0.7927533 0.36791 0.792894 0.3679732 0.792894 0.3679732 0.7916922 0.3710137 0.7914755 0.3710294 0.7911991 0.3710806 0.7925807 0.3678331 0.7927533 0.36791 0.7927533 0.36791 0.7914755 0.3710294 0.7911991 0.3710806 0.794571 0.364631 0.7954119 0.364757 0.7953359 0.3649004 0.7953359 0.3649004 0.7945936 0.3647707 0.794571 0.364631 0.7944832 0.3644611 0.7954625 0.3645829 0.7954119 0.364757 0.7954119 0.364757 0.794571 0.364631 0.7944832 0.3644611 0.7962602 0.3653174 0.7952819 0.3685306 0.7951472 0.3685367 0.7951472 0.3685367 0.7960942 0.3654586 0.7962602 0.3653174 0.7963818 0.3652417 0.7954564 0.3685277 0.7952819 0.3685306 0.7952819 0.3685306 0.7962602 0.3653174 0.7963818 0.3652417 0.7927265 0.367914 0.794571 0.364631 0.7945936 0.3647707 0.7945936 0.3647707 0.7928616 0.3679888 0.7927265 0.367914 0.7925807 0.3678331 0.7944832 0.3644611 0.794571 0.364631 0.794571 0.364631 0.7927265 0.367914 0.7925807 0.3678331 0.7954119 0.364757 0.7962602 0.3653174 0.7960942 0.3654586 0.7960942 0.3654586 0.7953359 0.3649004 0.7954119 0.364757 0.7954625 0.3645829 0.7963818 0.3652417 0.7962602 0.3653174 0.7962602 0.3653174 0.7954119 0.364757 0.7954625 0.3645829 0.7952819 0.3685306 0.7947747 0.3716117 0.7946892 0.371605 0.7946892 0.371605 0.7951472 0.3685367 0.7952819 0.3685306 0.7954564 0.3685277 0.794972 0.3716453 0.7947747 0.3716117 0.7947747 0.3716117 0.7952819 0.3685306 0.7954564 0.3685277</float_array>
          <technique_common>
            <accessor source="#TrashGeneric_B_coffee_cup_top_16oz_001-mesh-map-0-array" count="11640" stride="2">
              <param name="S" type="float"/>
              <param name="T" type="float"/>
            </accessor>
          </technique_common>
        </source>
        <vertices id="TrashGeneric_B_coffee_cup_top_16oz_001-mesh-vertices">
          <input semantic="POSITION" source="#TrashGeneric_B_coffee_cup_top_16oz_001-mesh-positions"/>
        </vertices>
        <triangles material="AK_Trash_Generic_B_A-material" count="3880">
          <input semantic="VERTEX" source="#TrashGeneric_B_coffee_cup_top_16oz_001-mesh-vertices" offset="0"/>
          <input semantic="NORMAL" source="#TrashGeneric_B_coffee_cup_top_16oz_001-mesh-normals" offset="1"/>
          <input semantic="TEXCOORD" source="#TrashGeneric_B_coffee_cup_top_16oz_001-mesh-map-0" offset="2" set="0"/>
          <p>194 0 0 544 1 1 567 2 2 567 2 3 0 3 4 194 0 5 195 4 6 545 5 7 544 1 8 544 1 9 194 0 10 195 4 11 196 6 12 546 7 13 545 5 14 545 5 15 195 4 16 196 6 17 197 8 18 547 9 19 546 7 20 546 7 21 196 6 22 197 8 23 198 10 24 548 11 25 547 9 26 547 9 27 197 8 28 198 10 29 199 12 30 549 13 31 548 11 32 548 11 33 198 10 34 199 12 35 200 14 36 550 15 37 549 13 38 549 13 39 199 12 40 200 14 41 201 16 42 551 17 43 550 15 44 550 15 45 200 14 46 201 16 47 202 18 48 552 19 49 551 17 50 551 17 51 201 16 52 202 18 53 203 20 54 553 21 55 552 19 56 552 19 57 202 18 58 203 20 59 204 22 60 554 23 61 553 21 62 553 21 63 203 20 64 204 22 65 205 24 66 555 25 67 554 23 68 554 23 69 204 22 70 205 24 71 206 26 72 556 27 73 555 25 74 555 25 75 205 24 76 206 26 77 207 28 78 557 29 79 556 27 80 556 27 81 206 26 82 207 28 83 513 30 84 558 31 85 557 29 86 557 29 87 207 28 88 513 30 89 209 32 90 559 33 91 568 34 92 568 34 93 208 35 94 209 32 95 210 36 96 560 37 97 559 33 98 559 33 99 209 32 100 210 36 101 211 38 102 561 39 103 560 37 104 560 37 105 210 36 106 211 38 107 212 40 108 562 41 109 561 39 110 561 39 111 211 38 112 212 40 113 213 42 114 563 43 115 562 41 116 562 41 117 212 40 118 213 42 119 214 44 120 564 45 121 563 43 122 563 43 123 213 42 124 214 44 125 215 46 126 565 47 127 564 45 128 564 45 129 214 44 130 215 46 131 23 48 132 566 49 133 565 47 134 565 47 135 215 46 136 23 48 137 0 3 138 567 2 139 566 49 140 566 49 141 23 48 142 0 3 143 24 50 144 674 51 145 699 52 146 699 52 147 47 53 148 24 50 149 25 54 150 675 55 151 674 51 152 674 51 153 24 50 154 25 54 155 26 56 156 676 57 157 675 55 158 675 55 159 25 54 160 26 56 161 27 58 162 677 59 163 676 57 164 676 57 165 26 56 166 27 58 167 28 60 168 678 61 169 677 59 170 677 59 171 27 58 172 28 60 173 29 62 174 679 63 175 678 61 176 678 61 177 28 60 178 29 62 179 30 64 180 680 65 181 679 63 182 679 63 183 29 62 184 30 64 185 31 66 186 681 67 187 680 65 188 680 65 189 30 64 190 31 66 191 32 68 192 682 69 193 681 67 194 681 67 195 31 66 196 32 68 197 33 70 198 683 71 199 682 69 200 682 69 201 32 68 202 33 70 203 34 72 204 684 73 205 683 71 206 683 71 207 33 70 208 34 72 209 35 74 210 685 75 211 684 73 212 684 73 213 34 72 214 35 74 215 36 76 216 686 77 217 685 75 218 685 75 219 35 74 220 36 76 221 37 78 222 687 79 223 686 77 224 686 77 225 36 76 226 37 78 227 38 80 228 688 81 229 687 79 230 687 79 231 37 78 232 38 80 233 39 82 234 689 83 235 697 84 236 697 84 237 507 85 238 39 82 239 40 86 240 690 87 241 689 83 242 689 83 243 39 82 244 40 86 245 41 88 246 691 89 247 690 87 248 690 87 249 40 86 250 41 88 251 42 90 252 692 91 253 691 89 254 691 89 255 41 88 256 42 90 257 43 92 258 693 93 259 692 91 260 692 91 261 42 90 262 43 92 263 44 94 264 694 95 265 693 93 266 693 93 267 43 92 268 44 94 269 45 96 270 695 97 271 694 95 272 694 95 273 44 94 274 45 96 275 46 98 276 696 99 277 695 97 278 695 97 279 45 96 280 46 98 281 47 53 282 699 52 283 696 99 284 696 99 285 46 98 286 47 53 287 71 100 288 48 101 289 73 102 290 73 102 291 72 103 292 71 100 293 48 101 294 49 104 295 74 105 296 74 105 297 73 102 298 48 101 299 49 104 300 50 106 301 75 107 302 75 107 303 74 105 304 49 104 305 50 106 306 51 108 307 76 109 308 76 109 309 75 107 310 50 106 311 51 108 312 52 110 313 77 111 314 77 111 315 76 109 316 51 108 317 52 110 318 53 112 319 78 113 320 78 113 321 77 111 322 52 110 323 53 112 324 54 114 325 79 115 326 79 115 327 78 113 328 53 112 329 54 114 330 55 116 331 80 117 332 80 117 333 79 115 334 54 114 335 55 116 336 56 118 337 81 119 338 81 119 339 80 117 340 55 116 341 56 118 342 57 120 343 82 121 344 82 121 345 81 119 346 56 118 347 57 120 348 58 122 349 83 123 350 83 123 351 82 121 352 57 120 353 58 122 354 59 124 355 84 125 356 84 125 357 83 123 358 58 122 359 59 124 360 60 126 361 85 127 362 85 127 363 84 125 364 59 124 365 60 126 366 61 128 367 86 129 368 86 129 369 85 127 370 60 126 371 61 128 372 508 130 373 509 131 374 509 131 375 86 129 376 61 128 377 62 132 378 63 133 379 88 134 380 88 134 381 87 135 382 62 132 383 63 133 384 64 136 385 89 137 386 89 137 387 88 134 388 63 133 389 64 136 390 65 138 391 90 139 392 90 139 393 89 137 394 64 136 395 65 138 396 66 140 397 91 141 398 91 141 399 90 139 400 65 138 401 66 140 402 67 142 403 92 143 404 92 143 405 91 141 406 66 140 407 67 142 408 68 144 409 93 145 410 93 145 411 92 143 412 67 142 413 68 144 414 69 146 415 94 147 416 94 147 417 93 145 418 68 144 419 69 146 420 70 148 421 95 149 422 95 149 423 94 147 424 69 146 425 70 148 426 71 100 427 72 103 428 72 103 429 95 149 430 70 148 431 1 150 432 193 151 433 96 152 434 96 152 435 97 153 436 1 150 437 2 154 438 1 150 439 97 153 440 97 153 441 98 155 442 2 154 443 3 156 444 2 154 445 98 155 446 98 155 447 99 157 448 3 156 449 4 158 450 3 156 451 99 157 452 99 157 453 100 159 454 4 158 455 5 160 456 4 158 457 100 159 458 100 159 459 101 161 460 5 160 461 6 162 462 5 160 463 101 161 464 101 161 465 102 163 466 6 162 467 7 164 468 6 162 469 102 163 470 102 163 471 103 165 472 7 164 473 8 166 474 7 164 475 103 165 476 103 165 477 104 167 478 8 166 479 9 168 480 8 166 481 104 167 482 104 167 483 105 169 484 9 168 485 10 170 486 9 168 487 105 169 488 105 169 489 106 171 490 10 170 491 11 172 492 10 170 493 106 171 494 106 171 495 107 173 496 11 172 497 12 174 498 11 172 499 107 173 500 107 173 501 108 175 502 12 174 503 13 176 504 12 174 505 108 175 506 108 175 507 109 177 508 13 176 509 14 178 510 13 176 511 109 177 512 109 177 513 110 179 514 14 178 515 15 180 516 14 178 517 110 179 518 110 179 519 111 181 520 15 180 521 16 182 522 506 183 523 510 184 524 510 184 525 112 185 526 16 182 527 17 186 528 16 182 529 112 185 530 112 185 531 113 187 532 17 186 533 18 188 534 17 186 535 113 187 536 113 187 537 114 189 538 18 188 539 19 190 540 18 188 541 114 189 542 114 189 543 115 191 544 19 190 545 20 192 546 19 190 547 115 191 548 115 191 549 116 193 550 20 192 551 21 194 552 20 192 553 116 193 554 116 193 555 117 195 556 21 194 557 22 196 558 21 194 559 117 195 560 117 195 561 118 197 562 22 196 563 216 198 564 22 196 565 118 197 566 118 197 567 119 199 568 216 198 569 193 151 570 216 198 571 119 199 572 119 199 573 96 152 574 193 151 575 218 200 576 217 201 577 120 202 578 120 202 579 121 203 580 218 200 581 219 204 582 218 200 583 121 203 584 121 203 585 122 205 586 219 204 587 220 206 588 219 204 589 122 205 590 122 205 591 123 207 592 220 206 593 221 208 594 220 206 595 123 207 596 123 207 597 124 209 598 221 208 599 222 210 600 221 208 601 124 209 602 124 209 603 125 211 604 222 210 605 223 212 606 222 210 607 125 211 608 125 211 609 126 213 610 223 212 611 224 214 612 223 212 613 126 213 614 126 213 615 127 215 616 224 214 617 225 216 618 224 214 619 127 215 620 127 215 621 128 217 622 225 216 623 226 218 624 225 216 625 128 217 626 128 217 627 129 219 628 226 218 629 227 220 630 226 218 631 129 219 632 129 219 633 130 221 634 227 220 635 228 222 636 227 220 637 130 221 638 130 221 639 131 223 640 228 222 641 229 224 642 228 222 643 131 223 644 131 223 645 132 225 646 229 224 647 230 226 648 229 224 649 132 225 650 132 225 651 133 227 652 230 226 653 231 228 654 230 226 655 133 227 656 133 227 657 134 229 658 231 228 659 232 230 660 231 228 661 134 229 662 134 229 663 135 231 664 232 230 665 233 232 666 514 233 667 511 234 668 511 234 669 136 235 670 233 232 671 234 236 672 233 232 673 136 235 674 136 235 675 137 237 676 234 236 677 235 238 678 234 236 679 137 237 680 137 237 681 138 239 682 235 238 683 236 240 684 235 238 685 138 239 686 138 239 687 139 241 688 236 240 689 237 242 690 236 240 691 139 241 692 139 241 693 140 243 694 237 242 695 238 244 696 237 242 697 140 243 698 140 243 699 141 245 700 238 244 701 239 246 702 238 244 703 141 245 704 141 245 705 142 247 706 239 246 707 240 248 708 239 246 709 142 247 710 142 247 711 143 249 712 240 248 713 217 201 714 240 248 715 143 249 716 143 249 717 120 202 718 217 201 719 121 250 720 120 251 721 163 252 722 163 252 723 158 253 724 121 250 725 122 254 726 121 250 727 158 253 728 158 253 729 153 255 730 122 254 731 123 256 732 122 254 733 153 255 734 153 255 735 148 257 736 123 256 737 124 258 738 123 256 739 148 257 740 148 257 741 147 259 742 124 258 743 125 260 744 124 258 745 147 259 746 147 259 747 182 261 748 125 260 749 126 262 750 125 260 751 182 261 752 182 261 753 146 263 754 126 262 755 127 264 756 126 262 757 146 263 758 146 263 759 180 265 760 127 264 761 128 266 762 127 264 763 180 265 764 180 265 765 145 267 766 128 266 767 129 268 768 128 266 769 145 267 770 145 267 771 144 269 772 129 268 773 130 270 774 129 268 775 144 269 776 144 269 777 149 271 778 130 270 779 131 272 780 130 270 781 149 271 782 149 271 783 154 273 784 131 272 785 132 274 786 131 272 787 154 273 788 154 273 789 159 275 790 132 274 791 133 276 792 132 274 793 159 275 794 159 275 795 164 277 796 133 276 797 134 278 798 133 276 799 164 277 800 164 277 801 169 279 802 134 278 803 135 280 804 134 278 805 169 279 806 169 279 807 174 281 808 135 280 809 136 282 810 511 283 811 512 284 812 512 284 813 175 285 814 136 282 815 137 286 816 136 282 817 175 285 818 175 285 819 191 287 820 137 286 821 138 288 822 137 286 823 191 287 824 191 287 825 176 289 826 138 288 827 139 290 828 138 288 829 176 289 830 176 289 831 192 291 832 139 290 833 140 292 834 139 290 835 192 291 836 192 291 837 177 293 838 140 292 839 141 294 840 140 292 841 177 293 842 177 293 843 178 295 844 141 294 845 142 296 846 141 294 847 178 295 848 178 295 849 173 297 850 142 296 851 143 298 852 142 296 853 173 297 854 173 297 855 168 299 856 143 298 857 120 251 858 143 298 859 168 299 860 168 299 861 163 252 862 120 251 863 144 269 864 145 267 865 150 300 866 150 300 867 149 271 868 144 269 869 145 267 870 180 265 871 179 301 872 179 301 873 150 300 874 145 267 875 146 263 876 182 261 877 181 302 878 181 302 879 151 303 880 146 263 881 147 259 882 148 257 883 153 255 884 153 255 885 152 304 886 147 259 887 149 271 888 150 300 889 155 305 890 155 305 891 154 273 892 149 271 893 150 300 894 179 301 895 183 306 896 183 306 897 155 305 898 150 300 899 151 303 900 181 302 901 184 307 902 184 307 903 156 308 904 151 303 905 152 304 906 153 255 907 158 253 908 158 253 909 157 309 910 152 304 911 154 273 912 155 305 913 160 310 914 160 310 915 159 275 916 154 273 917 155 305 918 183 306 919 185 311 920 185 311 921 160 310 922 155 305 923 156 308 924 184 307 925 186 312 926 186 312 927 161 313 928 156 308 929 157 309 930 158 253 931 163 252 932 163 252 933 162 314 934 157 309 935 159 275 936 160 310 937 165 315 938 165 315 939 164 277 940 159 275 941 160 310 942 185 311 943 187 316 944 187 316 945 165 315 946 160 310 947 161 313 948 186 312 949 188 317 950 188 317 951 166 318 952 161 313 953 162 314 954 163 252 955 168 299 956 168 299 957 167 319 958 162 314 959 164 277 960 165 315 961 170 320 962 170 320 963 169 279 964 164 277 965 165 315 966 187 316 967 189 321 968 189 321 969 170 320 970 165 315 971 166 318 972 188 317 973 190 322 974 190 322 975 171 323 976 166 318 977 167 319 978 168 299 979 173 297 980 173 297 981 172 324 982 167 319 983 170 320 984 175 285 985 512 284 986 512 284 987 531 325 988 170 320 989 170 320 990 189 321 991 191 287 992 191 287 993 175 285 994 170 320 995 171 323 996 190 322 997 192 291 998 192 291 999 176 289 1000 171 323 1001 172 324 1002 173 297 1003 178 295 1004 178 295 1005 177 293 1006 172 324 1007 146 263 1008 151 303 1009 179 301 1010 179 301 1011 180 265 1012 146 263 1013 147 259 1014 152 304 1015 181 302 1016 181 302 1017 182 261 1018 147 259 1019 151 303 1020 156 308 1021 183 306 1022 183 306 1023 179 301 1024 151 303 1025 152 304 1026 157 309 1027 184 307 1028 184 307 1029 181 302 1030 152 304 1031 156 308 1032 161 313 1033 185 311 1034 185 311 1035 183 306 1036 156 308 1037 157 309 1038 162 314 1039 186 312 1040 186 312 1041 184 307 1042 157 309 1043 161 313 1044 166 318 1045 187 316 1046 187 316 1047 185 311 1048 161 313 1049 162 314 1050 167 319 1051 188 317 1052 188 317 1053 186 312 1054 162 314 1055 166 318 1056 171 323 1057 189 321 1058 189 321 1059 187 316 1060 166 318 1061 167 319 1062 172 324 1063 190 322 1064 190 322 1065 188 317 1066 167 319 1067 171 323 1068 176 289 1069 191 287 1070 191 287 1071 189 321 1072 171 323 1073 172 324 1074 177 293 1075 192 291 1076 192 291 1077 190 322 1078 172 324 1079 0 326 1080 193 327 1081 1 328 1082 1 328 1083 194 329 1084 0 326 1085 194 329 1086 1 328 1087 2 330 1088 2 330 1089 195 331 1090 194 329 1091 195 331 1092 2 330 1093 3 332 1094 3 332 1095 196 333 1096 195 331 1097 196 333 1098 3 332 1099 4 334 1100 4 334 1101 197 335 1102 196 333 1103 197 335 1104 4 334 1105 5 336 1106 5 336 1107 198 337 1108 197 335 1109 198 337 1110 5 336 1111 6 338 1112 6 338 1113 199 339 1114 198 337 1115 199 339 1116 6 338 1117 7 340 1118 7 340 1119 200 341 1120 199 339 1121 200 341 1122 7 340 1123 8 342 1124 8 342 1125 201 343 1126 200 341 1127 201 343 1128 8 342 1129 9 344 1130 9 344 1131 202 345 1132 201 343 1133 202 345 1134 9 344 1135 10 346 1136 10 346 1137 203 347 1138 202 345 1139 203 347 1140 10 346 1141 11 348 1142 11 348 1143 204 349 1144 203 347 1145 204 349 1146 11 348 1147 12 350 1148 12 350 1149 205 351 1150 204 349 1151 205 351 1152 12 350 1153 13 352 1154 13 352 1155 206 353 1156 205 351 1157 206 353 1158 13 352 1159 14 354 1160 14 354 1161 207 355 1162 206 353 1163 207 355 1164 14 354 1165 15 356 1166 15 356 1167 513 357 1168 207 355 1169 208 358 1170 506 359 1171 16 360 1172 16 360 1173 209 361 1174 208 358 1175 209 361 1176 16 360 1177 17 362 1178 17 362 1179 210 363 1180 209 361 1181 210 363 1182 17 362 1183 18 364 1184 18 364 1185 211 365 1186 210 363 1187 211 365 1188 18 364 1189 19 366 1190 19 366 1191 212 367 1192 211 365 1193 212 367 1194 19 366 1195 20 368 1196 20 368 1197 213 369 1198 212 367 1199 213 369 1200 20 368 1201 21 370 1202 21 370 1203 214 371 1204 213 369 1205 214 371 1206 21 370 1207 22 372 1208 22 372 1209 215 373 1210 214 371 1211 215 373 1212 22 372 1213 216 374 1214 216 374 1215 23 375 1216 215 373 1217 23 375 1218 216 374 1219 193 327 1220 193 327 1221 0 326 1222 23 375 1223 96 376 1224 217 377 1225 218 378 1226 218 378 1227 97 379 1228 96 376 1229 97 379 1230 218 378 1231 219 380 1232 219 380 1233 98 381 1234 97 379 1235 98 381 1236 219 380 1237 220 382 1238 220 382 1239 99 383 1240 98 381 1241 99 383 1242 220 382 1243 221 384 1244 221 384 1245 100 385 1246 99 383 1247 100 385 1248 221 384 1249 222 386 1250 222 386 1251 101 387 1252 100 385 1253 101 387 1254 222 386 1255 223 388 1256 223 388 1257 102 389 1258 101 387 1259 102 389 1260 223 388 1261 224 390 1262 224 390 1263 103 391 1264 102 389 1265 103 391 1266 224 390 1267 225 392 1268 225 392 1269 104 393 1270 103 391 1271 104 393 1272 225 392 1273 226 394 1274 226 394 1275 105 395 1276 104 393 1277 105 395 1278 226 394 1279 227 396 1280 227 396 1281 106 397 1282 105 395 1283 106 397 1284 227 396 1285 228 398 1286 228 398 1287 107 399 1288 106 397 1289 107 399 1290 228 398 1291 229 400 1292 229 400 1293 108 401 1294 107 399 1295 108 401 1296 229 400 1297 230 402 1298 230 402 1299 109 403 1300 108 401 1301 109 403 1302 230 402 1303 231 404 1304 231 404 1305 110 405 1306 109 403 1307 110 405 1308 231 404 1309 232 406 1310 232 406 1311 111 407 1312 110 405 1313 510 408 1314 514 409 1315 233 410 1316 233 410 1317 112 411 1318 510 408 1319 112 411 1320 233 410 1321 234 412 1322 234 412 1323 113 413 1324 112 411 1325 113 413 1326 234 412 1327 235 414 1328 235 414 1329 114 415 1330 113 413 1331 114 415 1332 235 414 1333 236 416 1334 236 416 1335 115 417 1336 114 415 1337 115 417 1338 236 416 1339 237 418 1340 237 418 1341 116 419 1342 115 417 1343 116 419 1344 237 418 1345 238 420 1346 238 420 1347 117 421 1348 116 419 1349 117 421 1350 238 420 1351 239 422 1352 239 422 1353 118 423 1354 117 421 1355 118 423 1356 239 422 1357 240 424 1358 240 424 1359 119 425 1360 118 423 1361 119 425 1362 240 424 1363 217 377 1364 217 377 1365 96 376 1366 119 425 1367 24 50 1368 47 53 1369 266 426 1370 266 426 1371 241 427 1372 24 50 1373 25 54 1374 24 50 1375 241 427 1376 241 427 1377 243 428 1378 25 54 1379 26 56 1380 25 54 1381 243 428 1382 243 428 1383 244 429 1384 26 56 1385 27 58 1386 26 56 1387 244 429 1388 244 429 1389 245 430 1390 27 58 1391 28 60 1392 27 58 1393 245 430 1394 245 430 1395 246 431 1396 28 60 1397 29 62 1398 28 60 1399 246 431 1400 246 431 1401 247 432 1402 29 62 1403 30 64 1404 29 62 1405 247 432 1406 247 432 1407 248 433 1408 30 64 1409 31 66 1410 30 64 1411 248 433 1412 248 433 1413 249 434 1414 31 66 1415 32 68 1416 31 66 1417 249 434 1418 249 434 1419 250 435 1420 32 68 1421 33 70 1422 32 68 1423 250 435 1424 250 435 1425 251 436 1426 33 70 1427 34 72 1428 33 70 1429 251 436 1430 251 436 1431 252 437 1432 34 72 1433 35 74 1434 34 72 1435 252 437 1436 252 437 1437 253 438 1438 35 74 1439 36 76 1440 35 74 1441 253 438 1442 253 438 1443 254 439 1444 36 76 1445 37 78 1446 36 76 1447 254 439 1448 254 439 1449 255 440 1450 37 78 1451 38 80 1452 37 78 1453 255 440 1454 255 440 1455 256 441 1456 38 80 1457 39 82 1458 507 85 1459 515 442 1460 515 442 1461 257 443 1462 39 82 1463 40 86 1464 39 82 1465 257 443 1466 257 443 1467 258 444 1468 40 86 1469 41 88 1470 40 86 1471 258 444 1472 258 444 1473 259 445 1474 41 88 1475 42 90 1476 41 88 1477 259 445 1478 259 445 1479 260 446 1480 42 90 1481 43 92 1482 42 90 1483 260 446 1484 260 446 1485 261 447 1486 43 92 1487 44 94 1488 43 92 1489 261 447 1490 261 447 1491 262 448 1492 44 94 1493 45 96 1494 44 94 1495 262 448 1496 262 448 1497 263 449 1498 45 96 1499 46 98 1500 45 96 1501 263 449 1502 263 449 1503 288 450 1504 46 98 1505 47 53 1506 46 98 1507 288 450 1508 288 450 1509 266 426 1510 47 53 1511 290 451 1512 313 452 1513 314 453 1514 314 453 1515 289 454 1516 290 451 1517 291 455 1518 336 456 1519 313 452 1520 313 452 1521 290 451 1522 291 455 1523 292 457 1524 335 458 1525 336 456 1526 336 456 1527 291 455 1528 292 457 1529 293 459 1530 334 460 1531 335 458 1532 335 458 1533 292 457 1534 293 459 1535 294 461 1536 333 462 1537 334 460 1538 334 460 1539 293 459 1540 294 461 1541 295 463 1542 332 464 1543 333 462 1544 333 462 1545 294 461 1546 295 463 1547 296 465 1548 331 466 1549 332 464 1550 332 464 1551 295 463 1552 296 465 1553 297 467 1554 330 468 1555 331 466 1556 331 466 1557 296 465 1558 297 467 1559 298 469 1560 329 470 1561 330 468 1562 330 468 1563 297 467 1564 298 469 1565 299 471 1566 328 472 1567 329 470 1568 329 470 1569 298 469 1570 299 471 1571 300 473 1572 327 474 1573 328 472 1574 328 472 1575 299 471 1576 300 473 1577 301 475 1578 326 476 1579 327 474 1580 327 474 1581 300 473 1582 301 475 1583 302 477 1584 325 478 1585 326 476 1586 326 476 1587 301 475 1588 302 477 1589 303 479 1590 324 480 1591 325 478 1592 325 478 1593 302 477 1594 303 479 1595 517 481 1596 323 482 1597 324 480 1598 324 480 1599 303 479 1600 517 481 1601 305 483 1602 322 484 1603 518 485 1604 518 485 1605 304 486 1606 305 483 1607 306 487 1608 321 488 1609 322 484 1610 322 484 1611 305 483 1612 306 487 1613 307 489 1614 320 490 1615 321 488 1616 321 488 1617 306 487 1618 307 489 1619 308 491 1620 319 492 1621 320 490 1622 320 490 1623 307 489 1624 308 491 1625 309 493 1626 318 494 1627 319 492 1628 319 492 1629 308 491 1630 309 493 1631 310 495 1632 317 496 1633 318 494 1634 318 494 1635 309 493 1636 310 495 1637 311 497 1638 316 498 1639 317 496 1640 317 496 1641 310 495 1642 311 497 1643 312 499 1644 315 500 1645 316 498 1646 316 498 1647 311 497 1648 312 499 1649 289 454 1650 314 453 1651 315 500 1652 315 500 1653 312 499 1654 289 454 1655 242 501 1656 265 502 1657 290 503 1658 290 503 1659 289 504 1660 242 501 1661 265 502 1662 267 505 1663 291 506 1664 291 506 1665 290 503 1666 265 502 1667 267 505 1668 268 507 1669 292 508 1670 292 508 1671 291 506 1672 267 505 1673 268 507 1674 269 509 1675 293 510 1676 293 510 1677 292 508 1678 268 507 1679 269 509 1680 270 511 1681 294 512 1682 294 512 1683 293 510 1684 269 509 1685 270 511 1686 271 513 1687 295 514 1688 295 514 1689 294 512 1690 270 511 1691 271 513 1692 272 515 1693 296 516 1694 296 516 1695 295 514 1696 271 513 1697 272 515 1698 273 517 1699 297 518 1700 297 518 1701 296 516 1702 272 515 1703 273 517 1704 274 519 1705 298 520 1706 298 520 1707 297 518 1708 273 517 1709 274 519 1710 275 521 1711 299 522 1712 299 522 1713 298 520 1714 274 519 1715 275 521 1716 276 523 1717 300 524 1718 300 524 1719 299 522 1720 275 521 1721 276 523 1722 277 525 1723 301 526 1724 301 526 1725 300 524 1726 276 523 1727 277 525 1728 278 527 1729 302 528 1730 302 528 1731 301 526 1732 277 525 1733 278 527 1734 279 529 1735 303 530 1736 303 530 1737 302 528 1738 278 527 1739 279 529 1740 516 531 1741 517 532 1742 517 532 1743 303 530 1744 279 529 1745 280 533 1746 281 534 1747 305 535 1748 305 535 1749 304 536 1750 280 533 1751 281 534 1752 282 537 1753 306 538 1754 306 538 1755 305 535 1756 281 534 1757 282 537 1758 283 539 1759 307 540 1760 307 540 1761 306 538 1762 282 537 1763 283 539 1764 284 541 1765 308 542 1766 308 542 1767 307 540 1768 283 539 1769 284 541 1770 285 543 1771 309 544 1772 309 544 1773 308 542 1774 284 541 1775 285 543 1776 286 545 1777 310 546 1778 310 546 1779 309 544 1780 285 543 1781 286 545 1782 287 547 1783 311 548 1784 311 548 1785 310 546 1786 286 545 1787 287 547 1788 264 549 1789 312 550 1790 312 550 1791 311 548 1792 287 547 1793 264 549 1794 242 501 1795 289 504 1796 289 504 1797 312 550 1798 264 549 1799 241 551 1800 266 552 1801 314 553 1802 314 553 1803 313 554 1804 241 551 1805 266 552 1806 288 555 1807 315 556 1808 315 556 1809 314 553 1810 266 552 1811 288 555 1812 263 557 1813 316 558 1814 316 558 1815 315 556 1816 288 555 1817 263 557 1818 262 559 1819 317 560 1820 317 560 1821 316 558 1822 263 557 1823 262 559 1824 261 561 1825 318 562 1826 318 562 1827 317 560 1828 262 559 1829 261 561 1830 260 563 1831 319 564 1832 319 564 1833 318 562 1834 261 561 1835 260 563 1836 259 565 1837 320 566 1838 320 566 1839 319 564 1840 260 563 1841 259 565 1842 258 567 1843 321 568 1844 321 568 1845 320 566 1846 259 565 1847 258 567 1848 257 569 1849 322 570 1850 322 570 1851 321 568 1852 258 567 1853 257 569 1854 515 571 1855 518 572 1856 518 572 1857 322 570 1858 257 569 1859 256 573 1860 255 574 1861 324 575 1862 324 575 1863 323 576 1864 256 573 1865 255 574 1866 254 577 1867 325 578 1868 325 578 1869 324 575 1870 255 574 1871 254 577 1872 253 579 1873 326 580 1874 326 580 1875 325 578 1876 254 577 1877 253 579 1878 252 581 1879 327 582 1880 327 582 1881 326 580 1882 253 579 1883 252 581 1884 251 583 1885 328 584 1886 328 584 1887 327 582 1888 252 581 1889 251 583 1890 250 585 1891 329 586 1892 329 586 1893 328 584 1894 251 583 1895 250 585 1896 249 587 1897 330 588 1898 330 588 1899 329 586 1900 250 585 1901 249 587 1902 248 589 1903 331 590 1904 331 590 1905 330 588 1906 249 587 1907 248 589 1908 247 591 1909 332 592 1910 332 592 1911 331 590 1912 248 589 1913 247 591 1914 246 593 1915 333 594 1916 333 594 1917 332 592 1918 247 591 1919 246 593 1920 245 595 1921 334 596 1922 334 596 1923 333 594 1924 246 593 1925 245 595 1926 244 597 1927 335 598 1928 335 598 1929 334 596 1930 245 595 1931 244 597 1932 243 599 1933 336 600 1934 336 600 1935 335 598 1936 244 597 1937 243 599 1938 241 551 1939 313 554 1940 313 554 1941 336 600 1942 243 599 1943 337 601 1944 340 602 1945 339 603 1946 339 603 1947 338 604 1948 337 601 1949 338 604 1950 339 603 1951 342 605 1952 342 605 1953 341 606 1954 338 604 1955 341 606 1956 342 605 1957 344 607 1958 344 607 1959 343 608 1960 341 606 1961 343 608 1962 344 607 1963 346 609 1964 346 609 1965 345 610 1966 343 608 1967 345 610 1968 346 609 1969 348 611 1970 348 611 1971 347 612 1972 345 610 1973 347 612 1974 348 611 1975 350 613 1976 350 613 1977 349 614 1978 347 612 1979 349 614 1980 350 613 1981 352 615 1982 352 615 1983 351 616 1984 349 614 1985 351 616 1986 352 615 1987 354 617 1988 354 617 1989 353 618 1990 351 616 1991 353 618 1992 354 617 1993 356 619 1994 356 619 1995 355 620 1996 353 618 1997 355 620 1998 356 619 1999 358 621 2000 358 621 2001 357 622 2002 355 620 2003 357 622 2004 358 621 2005 360 623 2006 360 623 2007 359 624 2008 357 622 2009 359 624 2010 360 623 2011 362 625 2012 362 625 2013 361 626 2014 359 624 2015 361 626 2016 362 625 2017 364 627 2018 364 627 2019 363 628 2020 361 626 2021 363 628 2022 364 627 2023 366 629 2024 366 629 2025 365 630 2026 363 628 2027 365 630 2028 366 629 2029 368 631 2030 368 631 2031 367 632 2032 365 630 2033 519 633 2034 520 634 2035 370 635 2036 370 635 2037 369 636 2038 519 633 2039 369 636 2040 370 635 2041 372 637 2042 372 637 2043 371 638 2044 369 636 2045 371 638 2046 372 637 2047 374 639 2048 374 639 2049 373 640 2050 371 638 2051 373 640 2052 374 639 2053 376 641 2054 376 641 2055 375 642 2056 373 640 2057 375 642 2058 376 641 2059 378 643 2060 378 643 2061 377 644 2062 375 642 2063 377 644 2064 378 643 2065 380 645 2066 380 645 2067 379 646 2068 377 644 2069 379 646 2070 380 645 2071 382 647 2072 382 647 2073 381 648 2074 379 646 2075 381 648 2076 382 647 2077 384 649 2078 384 649 2079 383 650 2080 381 648 2081 383 650 2082 384 649 2083 340 602 2084 340 602 2085 337 601 2086 383 650 2087 340 602 2088 385 651 2089 386 652 2090 386 652 2091 339 603 2092 340 602 2093 339 603 2094 386 652 2095 387 653 2096 387 653 2097 342 605 2098 339 603 2099 342 605 2100 387 653 2101 388 654 2102 388 654 2103 344 607 2104 342 605 2105 344 607 2106 388 654 2107 389 655 2108 389 655 2109 346 609 2110 344 607 2111 346 609 2112 389 655 2113 390 656 2114 390 656 2115 348 611 2116 346 609 2117 348 611 2118 390 656 2119 391 657 2120 391 657 2121 350 613 2122 348 611 2123 350 613 2124 391 657 2125 392 658 2126 392 658 2127 352 615 2128 350 613 2129 352 615 2130 392 658 2131 393 659 2132 393 659 2133 354 617 2134 352 615 2135 354 617 2136 393 659 2137 394 660 2138 394 660 2139 356 619 2140 354 617 2141 356 619 2142 394 660 2143 395 661 2144 395 661 2145 358 621 2146 356 619 2147 358 621 2148 395 661 2149 396 662 2150 396 662 2151 360 623 2152 358 621 2153 360 623 2154 396 662 2155 397 663 2156 397 663 2157 362 625 2158 360 623 2159 362 625 2160 397 663 2161 398 664 2162 398 664 2163 364 627 2164 362 625 2165 364 627 2166 398 664 2167 399 665 2168 399 665 2169 366 629 2170 364 627 2171 366 629 2172 399 665 2173 400 666 2174 400 666 2175 368 631 2176 366 629 2177 520 634 2178 521 667 2179 401 668 2180 401 668 2181 370 635 2182 520 634 2183 370 635 2184 401 668 2185 402 669 2186 402 669 2187 372 637 2188 370 635 2189 372 637 2190 402 669 2191 403 670 2192 403 670 2193 374 639 2194 372 637 2195 374 639 2196 403 670 2197 404 671 2198 404 671 2199 376 641 2200 374 639 2201 376 641 2202 404 671 2203 405 672 2204 405 672 2205 378 643 2206 376 641 2207 378 643 2208 405 672 2209 406 673 2210 406 673 2211 380 645 2212 378 643 2213 380 645 2214 406 673 2215 407 674 2216 407 674 2217 382 647 2218 380 645 2219 382 647 2220 407 674 2221 408 675 2222 408 675 2223 384 649 2224 382 647 2225 384 649 2226 408 675 2227 385 651 2228 385 651 2229 340 602 2230 384 649 2231 385 651 2232 410 676 2233 409 677 2234 409 677 2235 386 652 2236 385 651 2237 386 652 2238 409 677 2239 411 678 2240 411 678 2241 387 653 2242 386 652 2243 387 653 2244 411 678 2245 412 679 2246 412 679 2247 388 654 2248 387 653 2249 388 654 2250 412 679 2251 413 680 2252 413 680 2253 389 655 2254 388 654 2255 389 655 2256 413 680 2257 414 681 2258 414 681 2259 390 656 2260 389 655 2261 390 656 2262 414 681 2263 415 682 2264 415 682 2265 391 657 2266 390 656 2267 391 657 2268 415 682 2269 416 683 2270 416 683 2271 392 658 2272 391 657 2273 392 658 2274 416 683 2275 417 684 2276 417 684 2277 393 659 2278 392 658 2279 393 659 2280 417 684 2281 418 685 2282 418 685 2283 394 660 2284 393 659 2285 394 660 2286 418 685 2287 419 686 2288 419 686 2289 395 661 2290 394 660 2291 395 661 2292 419 686 2293 420 687 2294 420 687 2295 396 662 2296 395 661 2297 396 662 2298 420 687 2299 421 688 2300 421 688 2301 397 663 2302 396 662 2303 397 663 2304 421 688 2305 422 689 2306 422 689 2307 398 664 2308 397 663 2309 398 664 2310 422 689 2311 423 690 2312 423 690 2313 399 665 2314 398 664 2315 399 665 2316 423 690 2317 522 691 2318 522 691 2319 400 666 2320 399 665 2321 521 667 2322 424 692 2323 425 693 2324 425 693 2325 401 668 2326 521 667 2327 401 668 2328 425 693 2329 426 694 2330 426 694 2331 402 669 2332 401 668 2333 402 669 2334 426 694 2335 427 695 2336 427 695 2337 403 670 2338 402 669 2339 403 670 2340 427 695 2341 428 696 2342 428 696 2343 404 671 2344 403 670 2345 404 671 2346 428 696 2347 429 697 2348 429 697 2349 405 672 2350 404 671 2351 405 672 2352 429 697 2353 430 698 2354 430 698 2355 406 673 2356 405 672 2357 406 673 2358 430 698 2359 431 699 2360 431 699 2361 407 674 2362 406 673 2363 407 674 2364 431 699 2365 432 700 2366 432 700 2367 408 675 2368 407 674 2369 408 675 2370 432 700 2371 410 676 2372 410 676 2373 385 651 2374 408 675 2375 601 701 2376 571 702 2377 570 703 2378 570 703 2379 600 704 2380 601 701 2381 602 705 2382 572 706 2383 571 702 2384 571 702 2385 601 701 2386 602 705 2387 603 707 2388 573 708 2389 572 706 2390 572 706 2391 602 705 2392 603 707 2393 604 709 2394 574 710 2395 573 708 2396 573 708 2397 603 707 2398 604 709 2399 605 711 2400 575 712 2401 574 710 2402 574 710 2403 604 709 2404 605 711 2405 606 713 2406 576 714 2407 575 712 2408 575 712 2409 605 711 2410 606 713 2411 607 715 2412 577 716 2413 576 714 2414 576 714 2415 606 713 2416 607 715 2417 608 717 2418 578 718 2419 577 716 2420 577 716 2421 607 715 2422 608 717 2423 609 719 2424 579 720 2425 578 718 2426 578 718 2427 608 717 2428 609 719 2429 610 721 2430 580 722 2431 579 720 2432 579 720 2433 609 719 2434 610 721 2435 620 723 2436 581 724 2437 580 722 2438 580 722 2439 610 721 2440 620 723 2441 611 725 2442 612 726 2443 582 727 2444 582 727 2445 594 728 2446 611 725 2447 613 729 2448 583 730 2449 582 727 2450 582 727 2451 612 726 2452 613 729 2453 614 731 2454 584 732 2455 583 730 2456 583 730 2457 613 729 2458 614 731 2459 615 733 2460 585 734 2461 584 732 2462 584 732 2463 614 731 2464 615 733 2465 616 735 2466 586 736 2467 585 734 2468 585 734 2469 615 733 2470 616 735 2471 617 737 2472 587 738 2473 586 736 2474 586 736 2475 616 735 2476 617 737 2477 618 739 2478 588 740 2479 587 738 2480 587 738 2481 617 737 2482 618 739 2483 619 741 2484 589 742 2485 588 740 2486 588 740 2487 618 739 2488 619 741 2489 596 743 2490 590 744 2491 589 742 2492 589 742 2493 619 741 2494 596 743 2495 597 745 2496 591 746 2497 590 744 2498 590 744 2499 596 743 2500 597 745 2501 598 747 2502 592 748 2503 591 746 2504 591 746 2505 597 745 2506 598 747 2507 599 749 2508 593 750 2509 592 748 2510 592 748 2511 598 747 2512 599 749 2513 600 704 2514 570 703 2515 593 750 2516 593 750 2517 599 749 2518 600 704 2519 337 601 2520 338 604 2521 434 751 2522 434 751 2523 433 752 2524 337 601 2525 338 604 2526 341 606 2527 435 753 2528 435 753 2529 434 751 2530 338 604 2531 341 606 2532 343 608 2533 436 754 2534 436 754 2535 435 753 2536 341 606 2537 343 608 2538 345 610 2539 437 755 2540 437 755 2541 436 754 2542 343 608 2543 345 610 2544 347 612 2545 438 756 2546 438 756 2547 437 755 2548 345 610 2549 347 612 2550 349 614 2551 439 757 2552 439 757 2553 438 756 2554 347 612 2555 349 614 2556 351 616 2557 440 758 2558 440 758 2559 439 757 2560 349 614 2561 351 616 2562 353 618 2563 441 759 2564 441 759 2565 440 758 2566 351 616 2567 353 618 2568 355 620 2569 442 760 2570 442 760 2571 441 759 2572 353 618 2573 355 620 2574 357 622 2575 443 761 2576 443 761 2577 442 760 2578 355 620 2579 357 622 2580 359 624 2581 444 762 2582 444 762 2583 443 761 2584 357 622 2585 359 624 2586 361 626 2587 445 763 2588 445 763 2589 444 762 2590 359 624 2591 361 626 2592 363 628 2593 446 764 2594 446 764 2595 445 763 2596 361 626 2597 363 628 2598 365 630 2599 447 765 2600 447 765 2601 446 764 2602 363 628 2603 365 630 2604 367 632 2605 523 766 2606 523 766 2607 447 765 2608 365 630 2609 519 633 2610 369 636 2611 449 767 2612 449 767 2613 448 768 2614 519 633 2615 369 636 2616 371 638 2617 450 769 2618 450 769 2619 449 767 2620 369 636 2621 371 638 2622 373 640 2623 451 770 2624 451 770 2625 450 769 2626 371 638 2627 373 640 2628 375 642 2629 452 771 2630 452 771 2631 451 770 2632 373 640 2633 375 642 2634 377 644 2635 453 772 2636 453 772 2637 452 771 2638 375 642 2639 377 644 2640 379 646 2641 454 773 2642 454 773 2643 453 772 2644 377 644 2645 379 646 2646 381 648 2647 455 774 2648 455 774 2649 454 773 2650 379 646 2651 381 648 2652 383 650 2653 456 775 2654 456 775 2655 455 774 2656 381 648 2657 383 650 2658 337 601 2659 433 752 2660 433 752 2661 456 775 2662 383 650 2663 458 776 2664 457 777 2665 460 778 2666 460 778 2667 459 779 2668 458 776 2669 459 779 2670 460 778 2671 462 780 2672 462 780 2673 461 781 2674 459 779 2675 464 782 2676 463 783 2677 466 784 2678 466 784 2679 465 785 2680 464 782 2681 468 786 2682 467 787 2683 470 788 2684 470 788 2685 469 789 2686 468 786 2687 457 777 2688 471 790 2689 472 791 2690 472 791 2691 460 778 2692 457 777 2693 460 778 2694 472 791 2695 473 792 2696 473 792 2697 462 780 2698 460 778 2699 463 783 2700 474 793 2701 475 794 2702 475 794 2703 466 784 2704 463 783 2705 467 787 2706 476 795 2707 477 796 2708 477 796 2709 470 788 2710 467 787 2711 471 790 2712 478 797 2713 479 798 2714 479 798 2715 472 791 2716 471 790 2717 472 791 2718 479 798 2719 480 799 2720 480 799 2721 473 792 2722 472 791 2723 474 793 2724 481 800 2725 482 801 2726 482 801 2727 475 794 2728 474 793 2729 476 795 2730 483 802 2731 484 803 2732 484 803 2733 477 796 2734 476 795 2735 478 797 2736 485 804 2737 486 805 2738 486 805 2739 479 798 2740 478 797 2741 479 798 2742 486 805 2743 487 806 2744 487 806 2745 480 799 2746 479 798 2747 481 800 2748 488 807 2749 489 808 2750 489 808 2751 482 801 2752 481 800 2753 483 802 2754 490 809 2755 491 810 2756 491 810 2757 484 803 2758 483 802 2759 485 804 2760 492 811 2761 493 812 2762 493 812 2763 486 805 2764 485 804 2765 486 805 2766 493 812 2767 494 813 2768 494 813 2769 487 806 2770 486 805 2771 488 807 2772 495 814 2773 496 815 2774 496 815 2775 489 808 2776 488 807 2777 490 809 2778 497 816 2779 498 817 2780 498 817 2781 491 810 2782 490 809 2783 524 818 2784 543 819 2785 493 812 2786 493 812 2787 492 811 2788 524 818 2789 493 812 2790 500 820 2791 501 821 2792 501 821 2793 494 813 2794 493 812 2795 495 814 2796 502 822 2797 503 823 2798 503 823 2799 496 815 2800 495 814 2801 497 816 2802 504 824 2803 505 825 2804 505 825 2805 498 817 2806 497 816 2807 464 782 2808 461 781 2809 462 780 2810 462 780 2811 463 783 2812 464 782 2813 468 786 2814 465 785 2815 466 784 2816 466 784 2817 467 787 2818 468 786 2819 463 783 2820 462 780 2821 473 792 2822 473 792 2823 474 793 2824 463 783 2825 467 787 2826 466 784 2827 475 794 2828 475 794 2829 476 795 2830 467 787 2831 474 793 2832 473 792 2833 480 799 2834 480 799 2835 481 800 2836 474 793 2837 476 795 2838 475 794 2839 482 801 2840 482 801 2841 483 802 2842 476 795 2843 481 800 2844 480 799 2845 487 806 2846 487 806 2847 488 807 2848 481 800 2849 483 802 2850 482 801 2851 489 808 2852 489 808 2853 490 809 2854 483 802 2855 488 807 2856 487 806 2857 494 813 2858 494 813 2859 495 814 2860 488 807 2861 490 809 2862 489 808 2863 496 815 2864 496 815 2865 497 816 2866 490 809 2867 495 814 2868 494 813 2869 501 821 2870 501 821 2871 502 822 2872 495 814 2873 497 816 2874 496 815 2875 503 823 2876 503 823 2877 504 824 2878 497 816 2879 454 826 2880 455 827 2881 498 817 2882 498 817 2883 505 825 2884 454 826 2885 455 827 2886 456 828 2887 491 810 2888 491 810 2889 498 817 2890 455 827 2891 456 828 2892 433 829 2893 484 803 2894 484 803 2895 491 810 2896 456 828 2897 433 829 2898 434 830 2899 477 796 2900 477 796 2901 484 803 2902 433 829 2903 434 830 2904 435 831 2905 470 788 2906 470 788 2907 477 796 2908 434 830 2909 435 831 2910 436 832 2911 469 789 2912 469 789 2913 470 788 2914 435 831 2915 436 832 2916 437 833 2917 468 786 2918 468 786 2919 469 789 2920 436 832 2921 437 833 2922 438 834 2923 465 785 2924 465 785 2925 468 786 2926 437 833 2927 438 834 2928 439 835 2929 464 782 2930 464 782 2931 465 785 2932 438 834 2933 439 835 2934 440 836 2935 461 781 2936 461 781 2937 464 782 2938 439 835 2939 440 836 2940 441 837 2941 459 779 2942 459 779 2943 461 781 2944 440 836 2945 441 837 2946 442 838 2947 458 776 2948 458 776 2949 459 779 2950 441 837 2951 442 838 2952 443 839 2953 457 777 2954 457 777 2955 458 776 2956 442 838 2957 443 839 2958 444 840 2959 471 790 2960 471 790 2961 457 777 2962 443 839 2963 444 840 2964 445 841 2965 478 797 2966 478 797 2967 471 790 2968 444 840 2969 445 841 2970 446 842 2971 485 804 2972 485 804 2973 478 797 2974 445 841 2975 446 842 2976 447 843 2977 492 811 2978 492 811 2979 485 804 2980 446 842 2981 447 843 2982 523 844 2983 524 818 2984 524 818 2985 492 811 2986 447 843 2987 448 845 2988 449 846 2989 500 820 2990 500 820 2991 499 847 2992 448 845 2993 449 846 2994 450 848 2995 501 821 2996 501 821 2997 500 820 2998 449 846 2999 450 848 3000 451 849 3001 502 822 3002 502 822 3003 501 821 3004 450 848 3005 451 849 3006 452 850 3007 503 823 3008 503 823 3009 502 822 3010 451 849 3011 452 850 3012 453 851 3013 504 824 3014 504 824 3015 503 823 3016 452 850 3017 453 851 3018 454 826 3019 505 825 3020 505 825 3021 504 824 3022 453 851 3023 513 852 3024 532 853 3025 569 854 3026 569 854 3027 558 855 3028 513 852 3029 38 856 3030 526 857 3031 698 858 3032 698 858 3033 688 859 3034 38 856 3035 508 860 3036 527 861 3037 621 862 3038 621 862 3039 509 863 3040 508 860 3041 506 183 3042 525 864 3043 529 865 3044 529 865 3045 510 184 3046 506 183 3047 533 866 3048 530 867 3049 511 234 3050 511 234 3051 514 233 3052 533 866 3053 511 283 3054 530 868 3055 531 325 3056 531 325 3057 512 284 3058 511 283 3059 208 869 3060 532 853 3061 525 870 3062 525 870 3063 506 871 3064 208 869 3065 232 406 3066 533 872 3067 529 873 3068 529 873 3069 111 407 3070 232 406 3071 256 874 3072 534 875 3073 526 857 3074 526 857 3075 38 856 3076 256 874 3077 517 876 3078 536 877 3079 537 878 3080 537 878 3081 323 879 3082 517 876 3083 535 880 3084 536 881 3085 517 532 3086 517 532 3087 516 531 3088 535 880 3089 515 571 3090 534 882 3091 537 883 3092 537 883 3093 518 572 3094 515 571 3095 539 884 3096 538 885 3097 367 886 3098 367 886 3099 368 887 3100 539 884 3101 540 888 3102 539 884 3103 368 887 3104 368 887 3105 400 889 3106 540 888 3107 541 890 3108 540 888 3109 400 889 3110 400 889 3111 522 891 3112 541 890 3113 528 892 3114 595 893 3115 581 894 3116 581 894 3117 620 895 3118 528 892 3119 538 885 3120 542 896 3121 523 897 3122 523 897 3123 367 886 3124 538 885 3125 542 898 3126 543 819 3127 524 818 3128 524 818 3129 523 844 3130 542 898 3131 532 853 3132 208 869 3133 568 899 3134 568 899 3135 569 854 3136 532 853 3137 526 857 3138 507 900 3139 697 901 3140 697 901 3141 698 858 3142 526 857 3143 527 861 3144 62 902 3145 87 903 3146 87 903 3147 621 862 3148 527 861 3149 525 864 3150 15 180 3151 111 181 3152 111 181 3153 529 865 3154 525 864 3155 232 230 3156 135 231 3157 530 867 3158 530 867 3159 533 866 3160 232 230 3161 530 868 3162 135 280 3163 174 281 3164 174 281 3165 531 325 3166 530 868 3167 532 853 3168 513 852 3169 15 904 3170 15 904 3171 525 870 3172 532 853 3173 533 872 3174 514 409 3175 510 408 3176 510 408 3177 529 873 3178 533 872 3179 534 875 3180 515 905 3181 507 900 3182 507 900 3183 526 857 3184 534 875 3185 536 877 3186 304 906 3187 518 907 3188 518 907 3189 537 878 3190 536 877 3191 280 533 3192 304 536 3193 536 881 3194 536 881 3195 535 880 3196 280 533 3197 534 882 3198 256 573 3199 323 576 3200 323 576 3201 537 883 3202 534 882 3203 520 908 3204 519 909 3205 538 885 3206 538 885 3207 539 884 3208 520 908 3209 540 888 3210 521 910 3211 520 908 3212 520 908 3213 539 884 3214 540 888 3215 424 911 3216 521 910 3217 540 888 3218 540 888 3219 541 890 3220 424 911 3221 611 912 3222 594 913 3223 595 893 3224 595 893 3225 528 892 3226 611 912 3227 519 909 3228 448 914 3229 542 896 3230 542 896 3231 538 885 3232 519 909 3233 448 845 3234 499 847 3235 543 819 3236 543 819 3237 542 898 3238 448 845 3239 174 281 3240 169 279 3241 170 320 3242 170 320 3243 531 325 3244 174 281 3245 543 819 3246 499 847 3247 500 820 3248 500 820 3249 493 812 3250 543 819 3251 265 915 3252 242 916 3253 567 2 3254 567 2 3255 544 1 3256 265 915 3257 267 917 3258 265 915 3259 544 1 3260 544 1 3261 545 5 3262 267 917 3263 268 918 3264 267 917 3265 545 5 3266 545 5 3267 546 7 3268 268 918 3269 269 919 3270 268 918 3271 546 7 3272 546 7 3273 547 9 3274 269 919 3275 270 920 3276 269 919 3277 547 9 3278 547 9 3279 548 11 3280 270 920 3281 271 921 3282 270 920 3283 548 11 3284 548 11 3285 549 13 3286 271 921 3287 272 922 3288 271 921 3289 549 13 3290 549 13 3291 550 15 3292 272 922 3293 273 923 3294 272 922 3295 550 15 3296 550 15 3297 551 17 3298 273 923 3299 274 924 3300 273 923 3301 551 17 3302 551 17 3303 552 19 3304 274 924 3305 275 925 3306 274 924 3307 552 19 3308 552 19 3309 553 21 3310 275 925 3311 276 926 3312 275 925 3313 553 21 3314 553 21 3315 554 23 3316 276 926 3317 277 927 3318 276 926 3319 554 23 3320 554 23 3321 555 25 3322 277 927 3323 278 928 3324 277 927 3325 555 25 3326 555 25 3327 556 27 3328 278 928 3329 279 929 3330 278 928 3331 556 27 3332 556 27 3333 557 29 3334 279 929 3335 558 31 3336 516 930 3337 279 929 3338 279 929 3339 557 29 3340 558 31 3341 281 931 3342 280 932 3343 568 34 3344 568 34 3345 559 33 3346 281 931 3347 282 933 3348 281 931 3349 559 33 3350 559 33 3351 560 37 3352 282 933 3353 283 934 3354 282 933 3355 560 37 3356 560 37 3357 561 39 3358 283 934 3359 284 935 3360 283 934 3361 561 39 3362 561 39 3363 562 41 3364 284 935 3365 285 936 3366 284 935 3367 562 41 3368 562 41 3369 563 43 3370 285 936 3371 286 937 3372 285 936 3373 563 43 3374 563 43 3375 564 45 3376 286 937 3377 287 938 3378 286 937 3379 564 45 3380 564 45 3381 565 47 3382 287 938 3383 264 939 3384 287 938 3385 565 47 3386 565 47 3387 566 49 3388 264 939 3389 242 916 3390 264 939 3391 566 49 3392 566 49 3393 567 2 3394 242 916 3395 535 940 3396 516 941 3397 558 855 3398 558 855 3399 569 854 3400 535 940 3401 280 942 3402 535 940 3403 569 854 3404 569 854 3405 568 899 3406 280 942 3407 414 943 3408 413 944 3409 570 945 3410 570 945 3411 571 946 3412 414 943 3413 415 947 3414 414 943 3415 571 946 3416 571 946 3417 572 948 3418 415 947 3419 416 949 3420 415 947 3421 572 948 3422 572 948 3423 573 950 3424 416 949 3425 417 951 3426 416 949 3427 573 950 3428 573 950 3429 574 952 3430 417 951 3431 418 953 3432 417 951 3433 574 952 3434 574 952 3435 575 954 3436 418 953 3437 419 955 3438 418 953 3439 575 954 3440 575 954 3441 576 956 3442 419 955 3443 420 957 3444 419 955 3445 576 956 3446 576 956 3447 577 958 3448 420 957 3449 421 959 3450 420 957 3451 577 958 3452 577 958 3453 578 960 3454 421 959 3455 422 961 3456 421 959 3457 578 960 3458 578 960 3459 579 962 3460 422 961 3461 423 963 3462 422 961 3463 579 962 3464 579 962 3465 580 964 3466 423 963 3467 522 965 3468 423 963 3469 580 964 3470 580 964 3471 581 966 3472 522 965 3473 425 967 3474 424 968 3475 594 969 3476 594 969 3477 582 970 3478 425 967 3479 426 971 3480 425 967 3481 582 970 3482 582 970 3483 583 972 3484 426 971 3485 427 973 3486 426 971 3487 583 972 3488 583 972 3489 584 974 3490 427 973 3491 428 975 3492 427 973 3493 584 974 3494 584 974 3495 585 976 3496 428 975 3497 429 977 3498 428 975 3499 585 976 3500 585 976 3501 586 978 3502 429 977 3503 430 979 3504 429 977 3505 586 978 3506 586 978 3507 587 980 3508 430 979 3509 431 981 3510 430 979 3511 587 980 3512 587 980 3513 588 982 3514 431 981 3515 432 983 3516 431 981 3517 588 982 3518 588 982 3519 589 984 3520 432 983 3521 410 985 3522 432 983 3523 589 984 3524 589 984 3525 590 986 3526 410 985 3527 409 987 3528 410 985 3529 590 986 3530 590 986 3531 591 988 3532 409 987 3533 411 989 3534 409 987 3535 591 988 3536 591 988 3537 592 990 3538 411 989 3539 412 991 3540 411 989 3541 592 990 3542 592 990 3543 593 992 3544 412 991 3545 413 944 3546 412 991 3547 593 992 3548 593 992 3549 570 945 3550 413 944 3551 595 993 3552 541 994 3553 522 995 3554 522 995 3555 581 996 3556 595 993 3557 594 997 3558 424 998 3559 541 994 3560 541 994 3561 595 993 3562 594 997 3563 73 999 3564 597 1000 3565 596 1001 3566 596 1001 3567 72 1002 3568 73 999 3569 74 1003 3570 598 1004 3571 597 1000 3572 597 1000 3573 73 999 3574 74 1003 3575 75 1005 3576 599 1006 3577 598 1004 3578 598 1004 3579 74 1003 3580 75 1005 3581 76 1007 3582 600 1008 3583 599 1006 3584 599 1006 3585 75 1005 3586 76 1007 3587 77 1009 3588 601 1010 3589 600 1008 3590 600 1008 3591 76 1007 3592 77 1009 3593 78 1011 3594 602 1012 3595 601 1010 3596 601 1010 3597 77 1009 3598 78 1011 3599 79 1013 3600 603 1014 3601 602 1012 3602 602 1012 3603 78 1011 3604 79 1013 3605 80 1015 3606 604 1016 3607 603 1014 3608 603 1014 3609 79 1013 3610 80 1015 3611 81 1017 3612 605 1018 3613 604 1016 3614 604 1016 3615 80 1015 3616 81 1017 3617 82 1019 3618 606 1020 3619 605 1018 3620 605 1018 3621 81 1017 3622 82 1019 3623 83 1021 3624 607 1022 3625 606 1020 3626 606 1020 3627 82 1019 3628 83 1021 3629 84 1023 3630 608 1024 3631 607 1022 3632 607 1022 3633 83 1021 3634 84 1023 3635 85 1025 3636 609 1026 3637 608 1024 3638 608 1024 3639 84 1023 3640 85 1025 3641 86 1027 3642 610 1028 3643 609 1026 3644 609 1026 3645 85 1025 3646 86 1027 3647 509 1029 3648 620 1030 3649 610 1028 3650 610 1028 3651 86 1027 3652 509 1029 3653 88 1031 3654 612 1032 3655 611 1033 3656 611 1033 3657 87 1034 3658 88 1031 3659 89 1035 3660 613 1036 3661 612 1032 3662 612 1032 3663 88 1031 3664 89 1035 3665 90 1037 3666 614 1038 3667 613 1036 3668 613 1036 3669 89 1035 3670 90 1037 3671 91 1039 3672 615 1040 3673 614 1038 3674 614 1038 3675 90 1037 3676 91 1039 3677 92 1041 3678 616 1042 3679 615 1040 3680 615 1040 3681 91 1039 3682 92 1041 3683 93 1043 3684 617 1044 3685 616 1042 3686 616 1042 3687 92 1041 3688 93 1043 3689 94 1045 3690 618 1046 3691 617 1044 3692 617 1044 3693 93 1043 3694 94 1045 3695 95 1047 3696 619 1048 3697 618 1046 3698 618 1046 3699 94 1045 3700 95 1047 3701 72 1002 3702 596 1001 3703 619 1048 3704 619 1048 3705 95 1047 3706 72 1002 3707 620 895 3708 509 863 3709 621 862 3710 621 862 3711 528 892 3712 620 895 3713 528 892 3714 621 862 3715 87 903 3716 87 903 3717 611 912 3718 528 892 3719 48 101 3720 71 100 3721 623 1049 3722 623 1049 3723 622 1050 3724 48 101 3725 49 104 3726 48 101 3727 622 1050 3728 622 1050 3729 624 1051 3730 49 104 3731 50 106 3732 49 104 3733 624 1051 3734 624 1051 3735 625 1052 3736 50 106 3737 51 108 3738 50 106 3739 625 1052 3740 625 1052 3741 626 1053 3742 51 108 3743 52 110 3744 51 108 3745 626 1053 3746 626 1053 3747 627 1054 3748 52 110 3749 53 112 3750 52 110 3751 627 1054 3752 627 1054 3753 628 1055 3754 53 112 3755 54 114 3756 53 112 3757 628 1055 3758 628 1055 3759 629 1056 3760 54 114 3761 55 116 3762 54 114 3763 629 1056 3764 629 1056 3765 630 1057 3766 55 116 3767 56 118 3768 55 116 3769 630 1057 3770 630 1057 3771 631 1058 3772 56 118 3773 57 120 3774 56 118 3775 631 1058 3776 631 1058 3777 632 1059 3778 57 120 3779 58 122 3780 57 120 3781 632 1059 3782 632 1059 3783 633 1060 3784 58 122 3785 59 124 3786 58 122 3787 633 1060 3788 633 1060 3789 634 1061 3790 59 124 3791 60 126 3792 59 124 3793 634 1061 3794 634 1061 3795 635 1062 3796 60 126 3797 61 128 3798 60 126 3799 635 1062 3800 635 1062 3801 636 1063 3802 61 128 3803 508 130 3804 61 128 3805 636 1063 3806 636 1063 3807 637 1064 3808 508 130 3809 63 133 3810 62 132 3811 646 1065 3812 646 1065 3813 638 1066 3814 63 133 3815 64 136 3816 63 133 3817 638 1066 3818 638 1066 3819 639 1067 3820 64 136 3821 65 138 3822 64 136 3823 639 1067 3824 639 1067 3825 640 1068 3826 65 138 3827 66 140 3828 65 138 3829 640 1068 3830 640 1068 3831 641 1069 3832 66 140 3833 67 142 3834 66 140 3835 641 1069 3836 641 1069 3837 642 1070 3838 67 142 3839 68 144 3840 67 142 3841 642 1070 3842 642 1070 3843 643 1071 3844 68 144 3845 69 146 3846 68 144 3847 643 1071 3848 643 1071 3849 644 1072 3850 69 146 3851 70 148 3852 69 146 3853 644 1072 3854 644 1072 3855 645 1073 3856 70 148 3857 71 100 3858 70 148 3859 645 1073 3860 645 1073 3861 623 1049 3862 71 100 3863 527 861 3864 508 860 3865 637 1074 3866 637 1074 3867 647 1075 3868 527 861 3869 62 902 3870 527 861 3871 647 1075 3872 647 1075 3873 646 1076 3874 62 902 3875 701 1077 3876 700 1078 3877 673 1079 3878 673 1079 3879 648 1080 3880 701 1077 3881 702 1081 3882 701 1077 3883 648 1080 3884 648 1080 3885 649 1082 3886 702 1081 3887 703 1083 3888 702 1081 3889 649 1082 3890 649 1082 3891 650 1084 3892 703 1083 3893 704 1085 3894 703 1083 3895 650 1084 3896 650 1084 3897 651 1086 3898 704 1085 3899 705 1087 3900 704 1085 3901 651 1086 3902 651 1086 3903 652 1088 3904 705 1087 3905 706 1089 3906 705 1087 3907 652 1088 3908 652 1088 3909 653 1090 3910 706 1089 3911 707 1091 3912 706 1089 3913 653 1090 3914 653 1090 3915 654 1092 3916 707 1091 3917 708 1093 3918 707 1091 3919 654 1092 3920 654 1092 3921 655 1094 3922 708 1093 3923 709 1095 3924 708 1093 3925 655 1094 3926 655 1094 3927 656 1096 3928 709 1095 3929 710 1097 3930 709 1095 3931 656 1096 3932 656 1096 3933 657 1098 3934 710 1097 3935 711 1099 3936 710 1097 3937 657 1098 3938 657 1098 3939 658 1100 3940 711 1099 3941 712 1101 3942 711 1099 3943 658 1100 3944 658 1100 3945 659 1102 3946 712 1101 3947 713 1103 3948 712 1101 3949 659 1102 3950 659 1102 3951 660 1104 3952 713 1103 3953 714 1105 3954 713 1103 3955 660 1104 3956 660 1104 3957 661 1106 3958 714 1105 3959 715 1107 3960 714 1105 3961 661 1106 3962 661 1106 3963 662 1108 3964 715 1107 3965 716 1109 3966 724 1110 3967 671 1111 3968 671 1111 3969 663 1112 3970 716 1109 3971 717 1113 3972 716 1109 3973 663 1112 3974 663 1112 3975 664 1114 3976 717 1113 3977 718 1115 3978 717 1113 3979 664 1114 3980 664 1114 3981 665 1116 3982 718 1115 3983 719 1117 3984 718 1115 3985 665 1116 3986 665 1116 3987 666 1118 3988 719 1117 3989 720 1119 3990 719 1117 3991 666 1118 3992 666 1118 3993 667 1120 3994 720 1119 3995 721 1121 3996 720 1119 3997 667 1120 3998 667 1120 3999 668 1122 4000 721 1121 4001 722 1123 4002 721 1121 4003 668 1122 4004 668 1122 4005 669 1124 4006 722 1123 4007 723 1125 4008 722 1123 4009 669 1124 4010 669 1124 4011 670 1126 4012 723 1125 4013 700 1078 4014 723 1125 4015 670 1126 4016 670 1126 4017 673 1079 4018 700 1078 4019 725 1127 4020 715 1128 4021 662 1129 4022 662 1129 4023 672 1130 4024 725 1127 4025 724 1131 4026 725 1127 4027 672 1130 4028 672 1130 4029 671 1132 4030 724 1131 4031 648 1080 4032 673 1079 4033 699 52 4034 699 52 4035 674 51 4036 648 1080 4037 649 1082 4038 648 1080 4039 674 51 4040 674 51 4041 675 55 4042 649 1082 4043 650 1084 4044 649 1082 4045 675 55 4046 675 55 4047 676 57 4048 650 1084 4049 651 1086 4050 650 1084 4051 676 57 4052 676 57 4053 677 59 4054 651 1086 4055 652 1088 4056 651 1086 4057 677 59 4058 677 59 4059 678 61 4060 652 1088 4061 653 1090 4062 652 1088 4063 678 61 4064 678 61 4065 679 63 4066 653 1090 4067 654 1092 4068 653 1090 4069 679 63 4070 679 63 4071 680 65 4072 654 1092 4073 655 1094 4074 654 1092 4075 680 65 4076 680 65 4077 681 67 4078 655 1094 4079 656 1096 4080 655 1094 4081 681 67 4082 681 67 4083 682 69 4084 656 1096 4085 657 1098 4086 656 1096 4087 682 69 4088 682 69 4089 683 71 4090 657 1098 4091 658 1100 4092 657 1098 4093 683 71 4094 683 71 4095 684 73 4096 658 1100 4097 659 1102 4098 658 1100 4099 684 73 4100 684 73 4101 685 75 4102 659 1102 4103 660 1104 4104 659 1102 4105 685 75 4106 685 75 4107 686 77 4108 660 1104 4109 661 1106 4110 660 1104 4111 686 77 4112 686 77 4113 687 79 4114 661 1106 4115 662 1108 4116 661 1106 4117 687 79 4118 687 79 4119 688 81 4120 662 1108 4121 663 1112 4122 671 1111 4123 697 84 4124 697 84 4125 689 83 4126 663 1112 4127 664 1114 4128 663 1112 4129 689 83 4130 689 83 4131 690 87 4132 664 1114 4133 665 1116 4134 664 1114 4135 690 87 4136 690 87 4137 691 89 4138 665 1116 4139 666 1118 4140 665 1116 4141 691 89 4142 691 89 4143 692 91 4144 666 1118 4145 667 1120 4146 666 1118 4147 692 91 4148 692 91 4149 693 93 4150 667 1120 4151 668 1122 4152 667 1120 4153 693 93 4154 693 93 4155 694 95 4156 668 1122 4157 669 1124 4158 668 1122 4159 694 95 4160 694 95 4161 695 97 4162 669 1124 4163 670 1126 4164 669 1124 4165 695 97 4166 695 97 4167 696 99 4168 670 1126 4169 673 1079 4170 670 1126 4171 696 99 4172 696 99 4173 699 52 4174 673 1079 4175 672 1130 4176 662 1129 4177 688 859 4178 688 859 4179 698 858 4180 672 1130 4181 671 1132 4182 672 1130 4183 698 858 4184 698 858 4185 697 901 4186 671 1132 4187 622 1050 4188 623 1049 4189 700 1078 4190 700 1078 4191 701 1077 4192 622 1050 4193 624 1051 4194 622 1050 4195 701 1077 4196 701 1077 4197 702 1081 4198 624 1051 4199 625 1052 4200 624 1051 4201 702 1081 4202 702 1081 4203 703 1083 4204 625 1052 4205 626 1053 4206 625 1052 4207 703 1083 4208 703 1083 4209 704 1085 4210 626 1053 4211 627 1054 4212 626 1053 4213 704 1085 4214 704 1085 4215 705 1087 4216 627 1054 4217 628 1055 4218 627 1054 4219 705 1087 4220 705 1087 4221 706 1089 4222 628 1055 4223 629 1056 4224 628 1055 4225 706 1089 4226 706 1089 4227 707 1091 4228 629 1056 4229 630 1057 4230 629 1056 4231 707 1091 4232 707 1091 4233 708 1093 4234 630 1057 4235 631 1058 4236 630 1057 4237 708 1093 4238 708 1093 4239 709 1095 4240 631 1058 4241 632 1059 4242 631 1058 4243 709 1095 4244 709 1095 4245 710 1097 4246 632 1059 4247 633 1060 4248 632 1059 4249 710 1097 4250 710 1097 4251 711 1099 4252 633 1060 4253 634 1061 4254 633 1060 4255 711 1099 4256 711 1099 4257 712 1101 4258 634 1061 4259 635 1062 4260 634 1061 4261 712 1101 4262 712 1101 4263 713 1103 4264 635 1062 4265 636 1063 4266 635 1062 4267 713 1103 4268 713 1103 4269 714 1105 4270 636 1063 4271 637 1064 4272 636 1063 4273 714 1105 4274 714 1105 4275 715 1107 4276 637 1064 4277 638 1066 4278 646 1065 4279 724 1110 4280 724 1110 4281 716 1109 4282 638 1066 4283 639 1067 4284 638 1066 4285 716 1109 4286 716 1109 4287 717 1113 4288 639 1067 4289 640 1068 4290 639 1067 4291 717 1113 4292 717 1113 4293 718 1115 4294 640 1068 4295 641 1069 4296 640 1068 4297 718 1115 4298 718 1115 4299 719 1117 4300 641 1069 4301 642 1070 4302 641 1069 4303 719 1117 4304 719 1117 4305 720 1119 4306 642 1070 4307 643 1071 4308 642 1070 4309 720 1119 4310 720 1119 4311 721 1121 4312 643 1071 4313 644 1072 4314 643 1071 4315 721 1121 4316 721 1121 4317 722 1123 4318 644 1072 4319 645 1073 4320 644 1072 4321 722 1123 4322 722 1123 4323 723 1125 4324 645 1073 4325 623 1049 4326 645 1073 4327 723 1125 4328 723 1125 4329 700 1078 4330 623 1049 4331 647 1075 4332 637 1074 4333 715 1128 4334 715 1128 4335 725 1127 4336 647 1075 4337 646 1076 4338 647 1075 4339 725 1127 4340 725 1127 4341 724 1131 4342 646 1076 4343 726 1133 4344 727 1134 4345 1207 1135 4346 1207 1135 4347 1206 1136 4348 726 1133 4349 727 1134 4350 728 1137 4351 1208 1138 4352 1208 1138 4353 1207 1135 4354 727 1134 4355 728 1137 4356 729 1139 4357 1209 1140 4358 1209 1140 4359 1208 1138 4360 728 1137 4361 729 1139 4362 730 1141 4363 1210 1142 4364 1210 1142 4365 1209 1140 4366 729 1139 4367 730 1141 4368 731 1143 4369 1211 1144 4370 1211 1144 4371 1210 1142 4372 730 1141 4373 731 1143 4374 732 1145 4375 1212 1146 4376 1212 1146 4377 1211 1144 4378 731 1143 4379 732 1145 4380 733 1147 4381 1213 1148 4382 1213 1148 4383 1212 1146 4384 732 1145 4385 733 1147 4386 734 1149 4387 1214 1150 4388 1214 1150 4389 1213 1148 4390 733 1147 4391 734 1149 4392 735 1151 4393 1215 1152 4394 1215 1152 4395 1214 1150 4396 734 1149 4397 735 1151 4398 736 1153 4399 1216 1154 4400 1216 1154 4401 1215 1152 4402 735 1151 4403 736 1153 4404 737 1155 4405 1217 1156 4406 1217 1156 4407 1216 1154 4408 736 1153 4409 737 1155 4410 738 1157 4411 1218 1158 4412 1218 1158 4413 1217 1156 4414 737 1155 4415 738 1157 4416 739 1159 4417 1219 1160 4418 1219 1160 4419 1218 1158 4420 738 1157 4421 739 1159 4422 740 1161 4423 1220 1162 4424 1220 1162 4425 1219 1160 4426 739 1159 4427 740 1161 4428 741 1163 4429 1221 1164 4430 1221 1164 4431 1220 1162 4432 740 1161 4433 741 1163 4434 742 1165 4435 1222 1166 4436 1222 1166 4437 1221 1164 4438 741 1163 4439 742 1165 4440 743 1167 4441 1223 1168 4442 1223 1168 4443 1222 1166 4444 742 1165 4445 743 1167 4446 744 1169 4447 1224 1170 4448 1224 1170 4449 1223 1168 4450 743 1167 4451 744 1169 4452 745 1171 4453 1225 1172 4454 1225 1172 4455 1224 1170 4456 744 1169 4457 745 1171 4458 746 1173 4459 1226 1174 4460 1226 1174 4461 1225 1172 4462 745 1171 4463 746 1173 4464 747 1175 4465 1227 1176 4466 1227 1176 4467 1226 1174 4468 746 1173 4469 747 1175 4470 748 1177 4471 1228 1178 4472 1228 1178 4473 1227 1176 4474 747 1175 4475 748 1177 4476 749 1179 4477 1229 1180 4478 1229 1180 4479 1228 1178 4480 748 1177 4481 749 1179 4482 726 1133 4483 1206 1136 4484 1206 1136 4485 1229 1180 4486 749 1179 4487 751 1181 4488 750 1182 4489 1206 1136 4490 1206 1136 4491 1207 1135 4492 751 1181 4493 752 1183 4494 751 1181 4495 1207 1135 4496 1207 1135 4497 1208 1138 4498 752 1183 4499 753 1184 4500 752 1183 4501 1208 1138 4502 1208 1138 4503 1209 1140 4504 753 1184 4505 754 1185 4506 753 1184 4507 1209 1140 4508 1209 1140 4509 1210 1142 4510 754 1185 4511 755 1186 4512 754 1185 4513 1210 1142 4514 1210 1142 4515 1211 1144 4516 755 1186 4517 756 1187 4518 755 1186 4519 1211 1144 4520 1211 1144 4521 1212 1146 4522 756 1187 4523 757 1188 4524 756 1187 4525 1212 1146 4526 1212 1146 4527 1213 1148 4528 757 1188 4529 758 1189 4530 757 1188 4531 1213 1148 4532 1213 1148 4533 1214 1150 4534 758 1189 4535 759 1190 4536 758 1189 4537 1214 1150 4538 1214 1150 4539 1215 1152 4540 759 1190 4541 760 1191 4542 759 1190 4543 1215 1152 4544 1215 1152 4545 1216 1154 4546 760 1191 4547 761 1192 4548 760 1191 4549 1216 1154 4550 1216 1154 4551 1217 1156 4552 761 1192 4553 762 1193 4554 761 1192 4555 1217 1156 4556 1217 1156 4557 1218 1158 4558 762 1193 4559 763 1194 4560 762 1193 4561 1218 1158 4562 1218 1158 4563 1219 1160 4564 763 1194 4565 764 1195 4566 763 1194 4567 1219 1160 4568 1219 1160 4569 1220 1162 4570 764 1195 4571 765 1196 4572 764 1195 4573 1220 1162 4574 1220 1162 4575 1221 1164 4576 765 1196 4577 766 1197 4578 765 1196 4579 1221 1164 4580 1221 1164 4581 1222 1166 4582 766 1197 4583 767 1198 4584 766 1197 4585 1222 1166 4586 1222 1166 4587 1223 1168 4588 767 1198 4589 768 1199 4590 767 1198 4591 1223 1168 4592 1223 1168 4593 1224 1170 4594 768 1199 4595 769 1200 4596 768 1199 4597 1224 1170 4598 1224 1170 4599 1225 1172 4600 769 1200 4601 770 1201 4602 769 1200 4603 1225 1172 4604 1225 1172 4605 1226 1174 4606 770 1201 4607 771 1202 4608 770 1201 4609 1226 1174 4610 1226 1174 4611 1227 1176 4612 771 1202 4613 772 1203 4614 771 1202 4615 1227 1176 4616 1227 1176 4617 1228 1178 4618 772 1203 4619 773 1204 4620 772 1203 4621 1228 1178 4622 1228 1178 4623 1229 1180 4624 773 1204 4625 750 1182 4626 773 1204 4627 1229 1180 4628 1229 1180 4629 1206 1136 4630 750 1182 4631 775 1205 4632 774 1206 4633 750 1207 4634 750 1207 4635 751 1208 4636 775 1205 4637 776 1209 4638 775 1205 4639 751 1208 4640 751 1208 4641 752 1210 4642 776 1209 4643 777 1211 4644 776 1209 4645 752 1210 4646 752 1210 4647 753 1212 4648 777 1211 4649 778 1213 4650 777 1211 4651 753 1212 4652 753 1212 4653 754 1214 4654 778 1213 4655 779 1215 4656 778 1213 4657 754 1214 4658 754 1214 4659 755 1216 4660 779 1215 4661 780 1217 4662 779 1215 4663 755 1216 4664 755 1216 4665 756 1218 4666 780 1217 4667 781 1219 4668 780 1217 4669 756 1218 4670 756 1218 4671 757 1220 4672 781 1219 4673 782 1221 4674 781 1219 4675 757 1220 4676 757 1220 4677 758 1222 4678 782 1221 4679 783 1223 4680 782 1221 4681 758 1222 4682 758 1222 4683 759 1224 4684 783 1223 4685 784 1225 4686 783 1223 4687 759 1224 4688 759 1224 4689 760 1226 4690 784 1225 4691 785 1227 4692 784 1225 4693 760 1226 4694 760 1226 4695 761 1228 4696 785 1227 4697 786 1229 4698 785 1227 4699 761 1228 4700 761 1228 4701 762 1230 4702 786 1229 4703 787 1231 4704 786 1229 4705 762 1230 4706 762 1230 4707 763 1232 4708 787 1231 4709 788 1233 4710 787 1231 4711 763 1232 4712 763 1232 4713 764 1234 4714 788 1233 4715 789 1235 4716 788 1233 4717 764 1234 4718 764 1234 4719 765 1236 4720 789 1235 4721 790 1237 4722 789 1235 4723 765 1236 4724 765 1236 4725 766 1238 4726 790 1237 4727 791 1239 4728 790 1237 4729 766 1238 4730 766 1238 4731 767 1240 4732 791 1239 4733 792 1241 4734 791 1239 4735 767 1240 4736 767 1240 4737 768 1242 4738 792 1241 4739 793 1243 4740 792 1241 4741 768 1242 4742 768 1242 4743 769 1244 4744 793 1243 4745 794 1245 4746 793 1243 4747 769 1244 4748 769 1244 4749 770 1246 4750 794 1245 4751 795 1247 4752 794 1245 4753 770 1246 4754 770 1246 4755 771 1248 4756 795 1247 4757 796 1249 4758 795 1247 4759 771 1248 4760 771 1248 4761 772 1250 4762 796 1249 4763 797 1251 4764 796 1249 4765 772 1250 4766 772 1250 4767 773 1252 4768 797 1251 4769 774 1206 4770 797 1251 4771 773 1252 4772 773 1252 4773 750 1207 4774 774 1206 4775 799 1253 4776 798 1254 4777 1254 1255 4778 1254 1255 4779 1255 1256 4780 799 1253 4781 800 1257 4782 799 1253 4783 1255 1256 4784 1255 1256 4785 1256 1258 4786 800 1257 4787 801 1259 4788 800 1257 4789 1256 1258 4790 1256 1258 4791 1257 1260 4792 801 1259 4793 802 1261 4794 801 1259 4795 1257 1260 4796 1257 1260 4797 1258 1262 4798 802 1261 4799 803 1263 4800 802 1261 4801 1258 1262 4802 1258 1262 4803 1259 1264 4804 803 1263 4805 804 1265 4806 803 1263 4807 1259 1264 4808 1259 1264 4809 1260 1266 4810 804 1265 4811 805 1267 4812 804 1265 4813 1260 1266 4814 1260 1266 4815 1261 1268 4816 805 1267 4817 806 1269 4818 805 1267 4819 1261 1268 4820 1261 1268 4821 1262 1270 4822 806 1269 4823 807 1271 4824 806 1269 4825 1262 1270 4826 1262 1270 4827 1263 1272 4828 807 1271 4829 808 1273 4830 807 1271 4831 1263 1272 4832 1263 1272 4833 1264 1274 4834 808 1273 4835 809 1275 4836 808 1273 4837 1264 1274 4838 1264 1274 4839 1265 1276 4840 809 1275 4841 810 1277 4842 809 1275 4843 1265 1276 4844 1265 1276 4845 1266 1278 4846 810 1277 4847 811 1279 4848 810 1277 4849 1266 1278 4850 1266 1278 4851 1267 1280 4852 811 1279 4853 812 1281 4854 811 1279 4855 1267 1280 4856 1267 1280 4857 1268 1282 4858 812 1281 4859 813 1283 4860 812 1281 4861 1268 1282 4862 1268 1282 4863 1269 1284 4864 813 1283 4865 814 1285 4866 813 1283 4867 1269 1284 4868 1269 1284 4869 1270 1286 4870 814 1285 4871 815 1287 4872 814 1285 4873 1270 1286 4874 1270 1286 4875 1271 1288 4876 815 1287 4877 816 1289 4878 815 1287 4879 1271 1288 4880 1271 1288 4881 1272 1290 4882 816 1289 4883 817 1291 4884 816 1289 4885 1272 1290 4886 1272 1290 4887 1273 1292 4888 817 1291 4889 818 1293 4890 817 1291 4891 1273 1292 4892 1273 1292 4893 1274 1294 4894 818 1293 4895 819 1295 4896 818 1293 4897 1274 1294 4898 1274 1294 4899 1275 1296 4900 819 1295 4901 820 1297 4902 819 1295 4903 1275 1296 4904 1275 1296 4905 1276 1298 4906 820 1297 4907 821 1299 4908 820 1297 4909 1276 1298 4910 1276 1298 4911 1277 1300 4912 821 1299 4913 798 1254 4914 821 1299 4915 1277 1300 4916 1277 1300 4917 1254 1255 4918 798 1254 4919 823 1301 4920 822 1302 4921 798 1303 4922 798 1303 4923 799 1304 4924 823 1301 4925 824 1305 4926 823 1301 4927 799 1304 4928 799 1304 4929 800 1306 4930 824 1305 4931 825 1307 4932 824 1305 4933 800 1306 4934 800 1306 4935 801 1308 4936 825 1307 4937 826 1309 4938 825 1307 4939 801 1308 4940 801 1308 4941 802 1310 4942 826 1309 4943 827 1311 4944 826 1309 4945 802 1310 4946 802 1310 4947 803 1312 4948 827 1311 4949 828 1313 4950 827 1311 4951 803 1312 4952 803 1312 4953 804 1314 4954 828 1313 4955 829 1315 4956 828 1313 4957 804 1314 4958 804 1314 4959 805 1316 4960 829 1315 4961 830 1317 4962 829 1315 4963 805 1316 4964 805 1316 4965 806 1318 4966 830 1317 4967 831 1319 4968 830 1317 4969 806 1318 4970 806 1318 4971 807 1320 4972 831 1319 4973 832 1321 4974 831 1319 4975 807 1320 4976 807 1320 4977 808 1322 4978 832 1321 4979 833 1323 4980 832 1321 4981 808 1322 4982 808 1322 4983 809 1324 4984 833 1323 4985 834 1325 4986 833 1323 4987 809 1324 4988 809 1324 4989 810 1326 4990 834 1325 4991 835 1327 4992 834 1325 4993 810 1326 4994 810 1326 4995 811 1328 4996 835 1327 4997 836 1329 4998 835 1327 4999 811 1328 5000 811 1328 5001 812 1330 5002 836 1329 5003 837 1331 5004 836 1329 5005 812 1330 5006 812 1330 5007 813 1332 5008 837 1331 5009 838 1333 5010 837 1331 5011 813 1332 5012 813 1332 5013 814 1334 5014 838 1333 5015 839 1335 5016 838 1333 5017 814 1334 5018 814 1334 5019 815 1336 5020 839 1335 5021 840 1337 5022 839 1335 5023 815 1336 5024 815 1336 5025 816 1338 5026 840 1337 5027 841 1339 5028 840 1337 5029 816 1338 5030 816 1338 5031 817 1340 5032 841 1339 5033 842 1341 5034 841 1339 5035 817 1340 5036 817 1340 5037 818 1342 5038 842 1341 5039 843 1343 5040 842 1341 5041 818 1342 5042 818 1342 5043 819 1344 5044 843 1343 5045 844 1345 5046 843 1343 5047 819 1344 5048 819 1344 5049 820 1346 5050 844 1345 5051 845 1347 5052 844 1345 5053 820 1346 5054 820 1346 5055 821 1348 5056 845 1347 5057 822 1302 5058 845 1347 5059 821 1348 5060 821 1348 5061 798 1303 5062 822 1302 5063 847 1349 5064 846 1350 5065 822 1351 5066 822 1351 5067 823 1352 5068 847 1349 5069 848 1353 5070 847 1349 5071 823 1352 5072 823 1352 5073 824 1354 5074 848 1353 5075 849 1355 5076 848 1353 5077 824 1354 5078 824 1354 5079 825 1356 5080 849 1355 5081 850 1357 5082 849 1355 5083 825 1356 5084 825 1356 5085 826 1358 5086 850 1357 5087 851 1359 5088 850 1357 5089 826 1358 5090 826 1358 5091 827 1360 5092 851 1359 5093 852 1361 5094 851 1359 5095 827 1360 5096 827 1360 5097 828 1362 5098 852 1361 5099 853 1363 5100 852 1361 5101 828 1362 5102 828 1362 5103 829 1364 5104 853 1363 5105 854 1365 5106 853 1363 5107 829 1364 5108 829 1364 5109 830 1366 5110 854 1365 5111 855 1367 5112 854 1365 5113 830 1366 5114 830 1366 5115 831 1368 5116 855 1367 5117 856 1369 5118 855 1367 5119 831 1368 5120 831 1368 5121 832 1370 5122 856 1369 5123 857 1371 5124 856 1369 5125 832 1370 5126 832 1370 5127 833 1372 5128 857 1371 5129 858 1373 5130 857 1371 5131 833 1372 5132 833 1372 5133 834 1374 5134 858 1373 5135 859 1375 5136 858 1373 5137 834 1374 5138 834 1374 5139 835 1376 5140 859 1375 5141 860 1377 5142 859 1375 5143 835 1376 5144 835 1376 5145 836 1378 5146 860 1377 5147 861 1379 5148 860 1377 5149 836 1378 5150 836 1378 5151 837 1380 5152 861 1379 5153 862 1381 5154 861 1379 5155 837 1380 5156 837 1380 5157 838 1382 5158 862 1381 5159 863 1383 5160 862 1381 5161 838 1382 5162 838 1382 5163 839 1384 5164 863 1383 5165 864 1385 5166 863 1383 5167 839 1384 5168 839 1384 5169 840 1386 5170 864 1385 5171 865 1387 5172 864 1385 5173 840 1386 5174 840 1386 5175 841 1388 5176 865 1387 5177 866 1389 5178 865 1387 5179 841 1388 5180 841 1388 5181 842 1390 5182 866 1389 5183 867 1391 5184 866 1389 5185 842 1390 5186 842 1390 5187 843 1392 5188 867 1391 5189 868 1393 5190 867 1391 5191 843 1392 5192 843 1392 5193 844 1394 5194 868 1393 5195 869 1395 5196 868 1393 5197 844 1394 5198 844 1394 5199 845 1396 5200 869 1395 5201 846 1350 5202 869 1395 5203 845 1396 5204 845 1396 5205 822 1351 5206 846 1350 5207 871 1397 5208 870 1398 5209 846 1350 5210 846 1350 5211 847 1349 5212 871 1397 5213 872 1399 5214 871 1397 5215 847 1349 5216 847 1349 5217 848 1353 5218 872 1399 5219 873 1400 5220 872 1399 5221 848 1353 5222 848 1353 5223 849 1355 5224 873 1400 5225 874 1401 5226 873 1400 5227 849 1355 5228 849 1355 5229 850 1357 5230 874 1401 5231 875 1402 5232 874 1401 5233 850 1357 5234 850 1357 5235 851 1359 5236 875 1402 5237 876 1403 5238 875 1402 5239 851 1359 5240 851 1359 5241 852 1361 5242 876 1403 5243 877 1404 5244 876 1403 5245 852 1361 5246 852 1361 5247 853 1363 5248 877 1404 5249 878 1405 5250 877 1404 5251 853 1363 5252 853 1363 5253 854 1365 5254 878 1405 5255 879 1406 5256 878 1405 5257 854 1365 5258 854 1365 5259 855 1367 5260 879 1406 5261 880 1407 5262 879 1406 5263 855 1367 5264 855 1367 5265 856 1369 5266 880 1407 5267 881 1408 5268 880 1407 5269 856 1369 5270 856 1369 5271 857 1371 5272 881 1408 5273 882 1409 5274 881 1408 5275 857 1371 5276 857 1371 5277 858 1373 5278 882 1409 5279 883 1410 5280 882 1409 5281 858 1373 5282 858 1373 5283 859 1375 5284 883 1410 5285 884 1411 5286 883 1410 5287 859 1375 5288 859 1375 5289 860 1377 5290 884 1411 5291 885 1412 5292 884 1411 5293 860 1377 5294 860 1377 5295 861 1379 5296 885 1412 5297 886 1413 5298 885 1412 5299 861 1379 5300 861 1379 5301 862 1381 5302 886 1413 5303 887 1414 5304 886 1413 5305 862 1381 5306 862 1381 5307 863 1383 5308 887 1414 5309 888 1415 5310 887 1414 5311 863 1383 5312 863 1383 5313 864 1385 5314 888 1415 5315 889 1416 5316 888 1415 5317 864 1385 5318 864 1385 5319 865 1387 5320 889 1416 5321 890 1417 5322 889 1416 5323 865 1387 5324 865 1387 5325 866 1389 5326 890 1417 5327 891 1418 5328 890 1417 5329 866 1389 5330 866 1389 5331 867 1391 5332 891 1418 5333 892 1419 5334 891 1418 5335 867 1391 5336 867 1391 5337 868 1393 5338 892 1419 5339 893 1420 5340 892 1419 5341 868 1393 5342 868 1393 5343 869 1395 5344 893 1420 5345 870 1398 5346 893 1420 5347 869 1395 5348 869 1395 5349 846 1350 5350 870 1398 5351 895 1421 5352 894 1422 5353 870 1398 5354 870 1398 5355 871 1397 5356 895 1421 5357 896 1423 5358 895 1421 5359 871 1397 5360 871 1397 5361 872 1399 5362 896 1423 5363 897 1424 5364 896 1423 5365 872 1399 5366 872 1399 5367 873 1400 5368 897 1424 5369 898 1425 5370 897 1424 5371 873 1400 5372 873 1400 5373 874 1401 5374 898 1425 5375 899 1426 5376 898 1425 5377 874 1401 5378 874 1401 5379 875 1402 5380 899 1426 5381 900 1427 5382 899 1426 5383 875 1402 5384 875 1402 5385 876 1403 5386 900 1427 5387 901 1428 5388 900 1427 5389 876 1403 5390 876 1403 5391 877 1404 5392 901 1428 5393 902 1429 5394 901 1428 5395 877 1404 5396 877 1404 5397 878 1405 5398 902 1429 5399 903 1430 5400 902 1429 5401 878 1405 5402 878 1405 5403 879 1406 5404 903 1430 5405 904 1431 5406 903 1430 5407 879 1406 5408 879 1406 5409 880 1407 5410 904 1431 5411 905 1432 5412 904 1431 5413 880 1407 5414 880 1407 5415 881 1408 5416 905 1432 5417 906 1433 5418 905 1432 5419 881 1408 5420 881 1408 5421 882 1409 5422 906 1433 5423 907 1434 5424 906 1433 5425 882 1409 5426 882 1409 5427 883 1410 5428 907 1434 5429 908 1435 5430 907 1434 5431 883 1410 5432 883 1410 5433 884 1411 5434 908 1435 5435 909 1436 5436 908 1435 5437 884 1411 5438 884 1411 5439 885 1412 5440 909 1436 5441 910 1437 5442 909 1436 5443 885 1412 5444 885 1412 5445 886 1413 5446 910 1437 5447 911 1438 5448 910 1437 5449 886 1413 5450 886 1413 5451 887 1414 5452 911 1438 5453 912 1439 5454 911 1438 5455 887 1414 5456 887 1414 5457 888 1415 5458 912 1439 5459 913 1440 5460 912 1439 5461 888 1415 5462 888 1415 5463 889 1416 5464 913 1440 5465 914 1441 5466 913 1440 5467 889 1416 5468 889 1416 5469 890 1417 5470 914 1441 5471 915 1442 5472 914 1441 5473 890 1417 5474 890 1417 5475 891 1418 5476 915 1442 5477 916 1443 5478 915 1442 5479 891 1418 5480 891 1418 5481 892 1419 5482 916 1443 5483 917 1444 5484 916 1443 5485 892 1419 5486 892 1419 5487 893 1420 5488 917 1444 5489 894 1422 5490 917 1444 5491 893 1420 5492 893 1420 5493 870 1398 5494 894 1422 5495 1311 1445 5496 1303 1446 5497 1304 1447 5498 1304 1447 5499 1313 1448 5500 1311 1445 5501 919 1449 5502 918 1450 5503 895 1451 5504 895 1451 5505 896 1452 5506 919 1449 5507 920 1453 5508 919 1449 5509 896 1452 5510 896 1452 5511 897 1454 5512 920 1453 5513 921 1455 5514 920 1453 5515 897 1454 5516 897 1454 5517 898 1456 5518 921 1455 5519 922 1457 5520 921 1455 5521 898 1456 5522 898 1456 5523 899 1458 5524 922 1457 5525 923 1459 5526 922 1457 5527 899 1458 5528 899 1458 5529 900 1460 5530 923 1459 5531 924 1461 5532 923 1459 5533 900 1460 5534 900 1460 5535 901 1462 5536 924 1461 5537 925 1463 5538 924 1461 5539 901 1462 5540 901 1462 5541 902 1464 5542 925 1463 5543 926 1465 5544 925 1463 5545 902 1464 5546 902 1464 5547 903 1466 5548 926 1465 5549 927 1467 5550 926 1465 5551 903 1466 5552 903 1466 5553 904 1468 5554 927 1467 5555 928 1469 5556 927 1467 5557 904 1468 5558 904 1468 5559 905 1470 5560 928 1469 5561 929 1471 5562 928 1469 5563 905 1470 5564 905 1470 5565 906 1472 5566 929 1471 5567 930 1473 5568 929 1471 5569 906 1472 5570 906 1472 5571 907 1474 5572 930 1473 5573 931 1475 5574 930 1473 5575 907 1474 5576 907 1474 5577 908 1476 5578 931 1475 5579 932 1477 5580 931 1475 5581 908 1476 5582 908 1476 5583 909 1478 5584 932 1477 5585 933 1479 5586 932 1477 5587 909 1478 5588 909 1478 5589 910 1480 5590 933 1479 5591 934 1481 5592 933 1479 5593 910 1480 5594 910 1480 5595 911 1482 5596 934 1481 5597 935 1483 5598 934 1481 5599 911 1482 5600 911 1482 5601 912 1484 5602 935 1483 5603 936 1485 5604 935 1483 5605 912 1484 5606 912 1484 5607 913 1486 5608 936 1485 5609 937 1487 5610 936 1485 5611 913 1486 5612 913 1486 5613 914 1488 5614 937 1487 5615 938 1489 5616 937 1487 5617 914 1488 5618 914 1488 5619 915 1490 5620 938 1489 5621 939 1491 5622 938 1489 5623 915 1490 5624 915 1490 5625 916 1492 5626 939 1491 5627 940 1493 5628 939 1491 5629 916 1492 5630 916 1492 5631 917 1494 5632 940 1493 5633 1314 1495 5634 917 1494 5635 894 1496 5636 894 1496 5637 1310 1497 5638 1314 1495 5639 1311 1445 5640 1312 1498 5641 1302 1499 5642 1302 1499 5643 1303 1446 5644 1311 1445 5645 943 1500 5646 942 1501 5647 918 1450 5648 918 1450 5649 919 1449 5650 943 1500 5651 944 1502 5652 943 1500 5653 919 1449 5654 919 1449 5655 920 1453 5656 944 1502 5657 945 1503 5658 944 1502 5659 920 1453 5660 920 1453 5661 921 1455 5662 945 1503 5663 946 1504 5664 945 1503 5665 921 1455 5666 921 1455 5667 922 1457 5668 946 1504 5669 947 1505 5670 946 1504 5671 922 1457 5672 922 1457 5673 923 1459 5674 947 1505 5675 948 1506 5676 947 1505 5677 923 1459 5678 923 1459 5679 924 1461 5680 948 1506 5681 949 1507 5682 948 1506 5683 924 1461 5684 924 1461 5685 925 1463 5686 949 1507 5687 950 1508 5688 949 1507 5689 925 1463 5690 925 1463 5691 926 1465 5692 950 1508 5693 951 1509 5694 950 1508 5695 926 1465 5696 926 1465 5697 927 1467 5698 951 1509 5699 952 1510 5700 951 1509 5701 927 1467 5702 927 1467 5703 928 1469 5704 952 1510 5705 953 1511 5706 952 1510 5707 928 1469 5708 928 1469 5709 929 1471 5710 953 1511 5711 954 1512 5712 953 1511 5713 929 1471 5714 929 1471 5715 930 1473 5716 954 1512 5717 955 1513 5718 954 1512 5719 930 1473 5720 930 1473 5721 931 1475 5722 955 1513 5723 956 1514 5724 955 1513 5725 931 1475 5726 931 1475 5727 932 1477 5728 956 1514 5729 957 1515 5730 956 1514 5731 932 1477 5732 932 1477 5733 933 1479 5734 957 1515 5735 958 1516 5736 957 1515 5737 933 1479 5738 933 1479 5739 934 1481 5740 958 1516 5741 959 1517 5742 958 1516 5743 934 1481 5744 934 1481 5745 935 1483 5746 959 1517 5747 960 1518 5748 959 1517 5749 935 1483 5750 935 1483 5751 936 1485 5752 960 1518 5753 961 1519 5754 960 1518 5755 936 1485 5756 936 1485 5757 937 1487 5758 961 1519 5759 962 1520 5760 961 1519 5761 937 1487 5762 937 1487 5763 938 1489 5764 962 1520 5765 963 1521 5766 962 1520 5767 938 1489 5768 938 1489 5769 939 1491 5770 963 1521 5771 964 1522 5772 963 1521 5773 939 1491 5774 939 1491 5775 940 1493 5776 964 1522 5777 1316 1523 5778 964 1522 5779 940 1493 5780 940 1493 5781 1315 1524 5782 1316 1523 5783 966 1525 5784 965 1526 5785 941 1527 5786 941 1527 5787 942 1528 5788 966 1525 5789 967 1529 5790 966 1525 5791 942 1528 5792 942 1528 5793 943 1530 5794 967 1529 5795 968 1531 5796 967 1529 5797 943 1530 5798 943 1530 5799 944 1532 5800 968 1531 5801 969 1533 5802 968 1531 5803 944 1532 5804 944 1532 5805 945 1534 5806 969 1533 5807 970 1535 5808 969 1533 5809 945 1534 5810 945 1534 5811 946 1536 5812 970 1535 5813 971 1537 5814 970 1535 5815 946 1536 5816 946 1536 5817 947 1538 5818 971 1537 5819 972 1539 5820 971 1537 5821 947 1538 5822 947 1538 5823 948 1540 5824 972 1539 5825 973 1541 5826 972 1539 5827 948 1540 5828 948 1540 5829 949 1542 5830 973 1541 5831 974 1543 5832 973 1541 5833 949 1542 5834 949 1542 5835 950 1544 5836 974 1543 5837 975 1545 5838 974 1543 5839 950 1544 5840 950 1544 5841 951 1546 5842 975 1545 5843 976 1547 5844 975 1545 5845 951 1546 5846 951 1546 5847 952 1548 5848 976 1547 5849 977 1549 5850 976 1547 5851 952 1548 5852 952 1548 5853 953 1550 5854 977 1549 5855 978 1551 5856 977 1549 5857 953 1550 5858 953 1550 5859 954 1552 5860 978 1551 5861 979 1553 5862 978 1551 5863 954 1552 5864 954 1552 5865 955 1554 5866 979 1553 5867 980 1555 5868 979 1553 5869 955 1554 5870 955 1554 5871 956 1556 5872 980 1555 5873 981 1557 5874 980 1555 5875 956 1556 5876 956 1556 5877 957 1558 5878 981 1557 5879 982 1559 5880 981 1557 5881 957 1558 5882 957 1558 5883 958 1560 5884 982 1559 5885 983 1561 5886 982 1559 5887 958 1560 5888 958 1560 5889 959 1562 5890 983 1561 5891 984 1563 5892 983 1561 5893 959 1562 5894 959 1562 5895 960 1564 5896 984 1563 5897 985 1565 5898 984 1563 5899 960 1564 5900 960 1564 5901 961 1566 5902 985 1565 5903 986 1567 5904 985 1565 5905 961 1566 5906 961 1566 5907 962 1568 5908 986 1567 5909 987 1569 5910 986 1567 5911 962 1568 5912 962 1568 5913 963 1570 5914 987 1569 5915 988 1571 5916 987 1569 5917 963 1570 5918 963 1570 5919 964 1572 5920 988 1571 5921 965 1526 5922 988 1571 5923 964 1572 5924 964 1572 5925 941 1527 5926 965 1526 5927 1183 1573 5928 1182 1574 5929 965 1526 5930 965 1526 5931 966 1525 5932 1183 1573 5933 1184 1575 5934 1183 1573 5935 966 1525 5936 966 1525 5937 967 1529 5938 1184 1575 5939 1185 1576 5940 1184 1575 5941 967 1529 5942 967 1529 5943 968 1531 5944 1185 1576 5945 1186 1577 5946 1185 1576 5947 968 1531 5948 968 1531 5949 969 1533 5950 1186 1577 5951 1187 1578 5952 1186 1577 5953 969 1533 5954 969 1533 5955 970 1535 5956 1187 1578 5957 1188 1579 5958 1187 1578 5959 970 1535 5960 970 1535 5961 971 1537 5962 1188 1579 5963 1189 1580 5964 1188 1579 5965 971 1537 5966 971 1537 5967 972 1539 5968 1189 1580 5969 1190 1581 5970 1189 1580 5971 972 1539 5972 972 1539 5973 973 1541 5974 1190 1581 5975 1190 1581 5976 973 1541 5977 974 1543 5978 974 1543 5979 1191 1582 5980 1190 1581 5981 1191 1582 5982 974 1543 5983 975 1545 5984 975 1545 5985 1192 1583 5986 1191 1582 5987 1192 1583 5988 975 1545 5989 976 1547 5990 976 1547 5991 1193 1584 5992 1192 1583 5993 1193 1584 5994 976 1547 5995 977 1549 5996 977 1549 5997 1194 1585 5998 1193 1584 5999 1195 1586 6000 1194 1585 6001 977 1549 6002 977 1549 6003 978 1551 6004 1195 1586 6005 1196 1587 6006 1195 1586 6007 978 1551 6008 978 1551 6009 979 1553 6010 1196 1587 6011 1197 1588 6012 1196 1587 6013 979 1553 6014 979 1553 6015 980 1555 6016 1197 1588 6017 1197 1588 6018 980 1555 6019 981 1557 6020 981 1557 6021 1198 1589 6022 1197 1588 6023 1198 1589 6024 981 1557 6025 982 1559 6026 982 1559 6027 1199 1590 6028 1198 1589 6029 1199 1590 6030 982 1559 6031 983 1561 6032 983 1561 6033 1200 1591 6034 1199 1590 6035 1200 1591 6036 983 1561 6037 984 1563 6038 984 1563 6039 1201 1592 6040 1200 1591 6041 1201 1592 6042 984 1563 6043 985 1565 6044 985 1565 6045 1202 1593 6046 1201 1592 6047 1202 1593 6048 985 1565 6049 986 1567 6050 986 1567 6051 1203 1594 6052 1202 1593 6053 1203 1594 6054 986 1567 6055 987 1569 6056 987 1569 6057 1204 1595 6058 1203 1594 6059 1204 1595 6060 987 1569 6061 988 1571 6062 988 1571 6063 1205 1596 6064 1204 1595 6065 1205 1596 6066 988 1571 6067 965 1526 6068 965 1526 6069 1182 1574 6070 1205 1596 6071 1013 1597 6072 1014 1598 6073 1231 1599 6074 1231 1599 6075 1230 1600 6076 1013 1597 6077 1014 1598 6078 1015 1601 6079 1232 1602 6080 1232 1602 6081 1231 1599 6082 1014 1598 6083 1015 1601 6084 1016 1603 6085 1233 1604 6086 1233 1604 6087 1232 1602 6088 1015 1601 6089 1016 1603 6090 1017 1605 6091 1234 1606 6092 1234 1606 6093 1233 1604 6094 1016 1603 6095 1017 1605 6096 1018 1607 6097 1235 1608 6098 1235 1608 6099 1234 1606 6100 1017 1605 6101 1018 1607 6102 1019 1609 6103 1236 1610 6104 1236 1610 6105 1235 1608 6106 1018 1607 6107 1019 1609 6108 1020 1611 6109 1237 1612 6110 1237 1612 6111 1236 1610 6112 1019 1609 6113 1020 1611 6114 1021 1613 6115 1238 1614 6116 1238 1614 6117 1237 1612 6118 1020 1611 6119 1021 1613 6120 1022 1615 6121 1239 1616 6122 1239 1616 6123 1238 1614 6124 1021 1613 6125 1022 1615 6126 1023 1617 6127 1240 1618 6128 1240 1618 6129 1239 1616 6130 1022 1615 6131 1023 1617 6132 1024 1619 6133 1241 1620 6134 1241 1620 6135 1240 1618 6136 1023 1617 6137 1024 1619 6138 1025 1621 6139 1242 1622 6140 1242 1622 6141 1241 1620 6142 1024 1619 6143 1025 1621 6144 1026 1623 6145 1243 1624 6146 1243 1624 6147 1242 1622 6148 1025 1621 6149 1026 1623 6150 1027 1625 6151 1244 1626 6152 1244 1626 6153 1243 1624 6154 1026 1623 6155 1027 1625 6156 1028 1627 6157 1245 1628 6158 1245 1628 6159 1244 1626 6160 1027 1625 6161 1028 1627 6162 1029 1629 6163 1246 1630 6164 1246 1630 6165 1245 1628 6166 1028 1627 6167 1029 1629 6168 1030 1631 6169 1247 1632 6170 1247 1632 6171 1246 1630 6172 1029 1629 6173 1030 1631 6174 1031 1633 6175 1248 1634 6176 1248 1634 6177 1247 1632 6178 1030 1631 6179 1031 1633 6180 1032 1635 6181 1249 1636 6182 1249 1636 6183 1248 1634 6184 1031 1633 6185 1032 1635 6186 1033 1637 6187 1250 1638 6188 1250 1638 6189 1249 1636 6190 1032 1635 6191 1033 1637 6192 1034 1639 6193 1251 1640 6194 1251 1640 6195 1250 1638 6196 1033 1637 6197 1034 1639 6198 1035 1641 6199 1252 1642 6200 1252 1642 6201 1251 1640 6202 1034 1639 6203 1035 1641 6204 1036 1643 6205 1253 1644 6206 1253 1644 6207 1252 1642 6208 1035 1641 6209 1036 1643 6210 1013 1597 6211 1230 1600 6212 1230 1600 6213 1253 1644 6214 1036 1643 6215 1061 1645 6216 1062 1646 6217 1038 1647 6218 1038 1647 6219 1037 1648 6220 1061 1645 6221 1062 1646 6222 1063 1649 6223 1039 1650 6224 1039 1650 6225 1038 1647 6226 1062 1646 6227 1063 1649 6228 1064 1651 6229 1040 1652 6230 1040 1652 6231 1039 1650 6232 1063 1649 6233 1064 1651 6234 1065 1653 6235 1041 1654 6236 1041 1654 6237 1040 1652 6238 1064 1651 6239 1065 1653 6240 1066 1655 6241 1042 1656 6242 1042 1656 6243 1041 1654 6244 1065 1653 6245 1066 1655 6246 1067 1657 6247 1043 1658 6248 1043 1658 6249 1042 1656 6250 1066 1655 6251 1067 1657 6252 1068 1659 6253 1044 1660 6254 1044 1660 6255 1043 1658 6256 1067 1657 6257 1068 1659 6258 1069 1661 6259 1045 1662 6260 1045 1662 6261 1044 1660 6262 1068 1659 6263 1069 1661 6264 1070 1663 6265 1046 1664 6266 1046 1664 6267 1045 1662 6268 1069 1661 6269 1070 1663 6270 1071 1665 6271 1047 1666 6272 1047 1666 6273 1046 1664 6274 1070 1663 6275 1071 1665 6276 1072 1667 6277 1048 1668 6278 1048 1668 6279 1047 1666 6280 1071 1665 6281 1072 1667 6282 1073 1669 6283 1049 1670 6284 1049 1670 6285 1048 1668 6286 1072 1667 6287 1073 1669 6288 1074 1671 6289 1050 1672 6290 1050 1672 6291 1049 1670 6292 1073 1669 6293 1074 1671 6294 1075 1673 6295 1051 1674 6296 1051 1674 6297 1050 1672 6298 1074 1671 6299 1075 1673 6300 1076 1675 6301 1052 1676 6302 1052 1676 6303 1051 1674 6304 1075 1673 6305 1076 1675 6306 1077 1677 6307 1053 1678 6308 1053 1678 6309 1052 1676 6310 1076 1675 6311 1077 1677 6312 1078 1679 6313 1054 1680 6314 1054 1680 6315 1053 1678 6316 1077 1677 6317 1078 1679 6318 1079 1681 6319 1055 1682 6320 1055 1682 6321 1054 1680 6322 1078 1679 6323 1079 1681 6324 1080 1683 6325 1056 1684 6326 1056 1684 6327 1055 1682 6328 1079 1681 6329 1080 1683 6330 1081 1685 6331 1057 1686 6332 1057 1686 6333 1056 1684 6334 1080 1683 6335 1081 1685 6336 1082 1687 6337 1058 1688 6338 1058 1688 6339 1057 1686 6340 1081 1685 6341 1082 1687 6342 1083 1689 6343 1059 1690 6344 1059 1690 6345 1058 1688 6346 1082 1687 6347 1083 1689 6348 1084 1691 6349 1060 1692 6350 1060 1692 6351 1059 1690 6352 1083 1689 6353 1084 1691 6354 1061 1645 6355 1037 1648 6356 1037 1648 6357 1060 1692 6358 1084 1691 6359 1110 1693 6360 1062 1646 6361 1061 1645 6362 1061 1645 6363 1109 1694 6364 1110 1693 6365 1111 1695 6366 1063 1649 6367 1062 1646 6368 1062 1646 6369 1110 1693 6370 1111 1695 6371 1112 1696 6372 1064 1651 6373 1063 1649 6374 1063 1649 6375 1111 1695 6376 1112 1696 6377 1113 1697 6378 1065 1653 6379 1064 1651 6380 1064 1651 6381 1112 1696 6382 1113 1697 6383 1114 1698 6384 1066 1655 6385 1065 1653 6386 1065 1653 6387 1113 1697 6388 1114 1698 6389 1115 1699 6390 1067 1657 6391 1066 1655 6392 1066 1655 6393 1114 1698 6394 1115 1699 6395 1116 1700 6396 1068 1659 6397 1067 1657 6398 1067 1657 6399 1115 1699 6400 1116 1700 6401 1117 1701 6402 1069 1661 6403 1068 1659 6404 1068 1659 6405 1116 1700 6406 1117 1701 6407 1118 1702 6408 1070 1663 6409 1069 1661 6410 1069 1661 6411 1117 1701 6412 1118 1702 6413 1119 1703 6414 1071 1665 6415 1070 1663 6416 1070 1663 6417 1118 1702 6418 1119 1703 6419 1120 1704 6420 1072 1667 6421 1071 1665 6422 1071 1665 6423 1119 1703 6424 1120 1704 6425 1121 1705 6426 1073 1669 6427 1072 1667 6428 1072 1667 6429 1120 1704 6430 1121 1705 6431 1122 1706 6432 1074 1671 6433 1073 1669 6434 1073 1669 6435 1121 1705 6436 1122 1706 6437 1123 1707 6438 1075 1673 6439 1074 1671 6440 1074 1671 6441 1122 1706 6442 1123 1707 6443 1124 1708 6444 1076 1675 6445 1075 1673 6446 1075 1673 6447 1123 1707 6448 1124 1708 6449 1125 1709 6450 1077 1677 6451 1076 1675 6452 1076 1675 6453 1124 1708 6454 1125 1709 6455 1126 1710 6456 1078 1679 6457 1077 1677 6458 1077 1677 6459 1125 1709 6460 1126 1710 6461 1127 1711 6462 1079 1681 6463 1078 1679 6464 1078 1679 6465 1126 1710 6466 1127 1711 6467 1128 1712 6468 1080 1683 6469 1079 1681 6470 1079 1681 6471 1127 1711 6472 1128 1712 6473 1129 1713 6474 1081 1685 6475 1080 1683 6476 1080 1683 6477 1128 1712 6478 1129 1713 6479 1130 1714 6480 1082 1687 6481 1081 1685 6482 1081 1685 6483 1129 1713 6484 1130 1714 6485 1131 1715 6486 1083 1689 6487 1082 1687 6488 1082 1687 6489 1130 1714 6490 1131 1715 6491 1132 1716 6492 1084 1691 6493 1083 1689 6494 1083 1689 6495 1131 1715 6496 1132 1716 6497 1109 1694 6498 1061 1645 6499 1084 1691 6500 1084 1691 6501 1132 1716 6502 1109 1694 6503 1110 1693 6504 1109 1694 6505 1085 1717 6506 1085 1717 6507 1086 1718 6508 1110 1693 6509 1111 1695 6510 1110 1693 6511 1086 1718 6512 1086 1718 6513 1087 1719 6514 1111 1695 6515 1112 1696 6516 1111 1695 6517 1087 1719 6518 1087 1719 6519 1088 1720 6520 1112 1696 6521 1113 1697 6522 1112 1696 6523 1088 1720 6524 1088 1720 6525 1089 1721 6526 1113 1697 6527 1114 1698 6528 1113 1697 6529 1089 1721 6530 1089 1721 6531 1090 1722 6532 1114 1698 6533 1115 1699 6534 1114 1698 6535 1090 1722 6536 1090 1722 6537 1091 1723 6538 1115 1699 6539 1116 1700 6540 1115 1699 6541 1091 1723 6542 1091 1723 6543 1092 1724 6544 1116 1700 6545 1117 1701 6546 1116 1700 6547 1092 1724 6548 1092 1724 6549 1093 1725 6550 1117 1701 6551 1118 1702 6552 1117 1701 6553 1093 1725 6554 1093 1725 6555 1094 1726 6556 1118 1702 6557 1119 1703 6558 1118 1702 6559 1094 1726 6560 1094 1726 6561 1095 1727 6562 1119 1703 6563 1120 1704 6564 1119 1703 6565 1095 1727 6566 1095 1727 6567 1096 1728 6568 1120 1704 6569 1121 1705 6570 1120 1704 6571 1096 1728 6572 1096 1728 6573 1097 1729 6574 1121 1705 6575 1122 1706 6576 1121 1705 6577 1097 1729 6578 1097 1729 6579 1098 1730 6580 1122 1706 6581 1123 1707 6582 1122 1706 6583 1098 1730 6584 1098 1730 6585 1099 1731 6586 1123 1707 6587 1124 1708 6588 1123 1707 6589 1099 1731 6590 1099 1731 6591 1100 1732 6592 1124 1708 6593 1125 1709 6594 1124 1708 6595 1100 1732 6596 1100 1732 6597 1101 1733 6598 1125 1709 6599 1126 1710 6600 1125 1709 6601 1101 1733 6602 1101 1733 6603 1102 1734 6604 1126 1710 6605 1127 1711 6606 1126 1710 6607 1102 1734 6608 1102 1734 6609 1103 1735 6610 1127 1711 6611 1128 1712 6612 1127 1711 6613 1103 1735 6614 1103 1735 6615 1104 1736 6616 1128 1712 6617 1129 1713 6618 1128 1712 6619 1104 1736 6620 1104 1736 6621 1105 1737 6622 1129 1713 6623 1130 1714 6624 1129 1713 6625 1105 1737 6626 1105 1737 6627 1106 1738 6628 1130 1714 6629 1131 1715 6630 1130 1714 6631 1106 1738 6632 1106 1738 6633 1107 1739 6634 1131 1715 6635 1132 1716 6636 1131 1715 6637 1107 1739 6638 1107 1739 6639 1108 1740 6640 1132 1716 6641 1109 1694 6642 1132 1716 6643 1108 1740 6644 1108 1740 6645 1085 1717 6646 1109 1694 6647 1133 1741 6648 989 1742 6649 990 1743 6650 990 1743 6651 1134 1744 6652 1133 1741 6653 1134 1744 6654 990 1743 6655 991 1745 6656 991 1745 6657 1135 1746 6658 1134 1744 6659 1135 1746 6660 991 1745 6661 992 1747 6662 992 1747 6663 1136 1748 6664 1135 1746 6665 1136 1748 6666 992 1747 6667 993 1749 6668 993 1749 6669 1137 1750 6670 1136 1748 6671 1137 1750 6672 993 1749 6673 994 1751 6674 994 1751 6675 1138 1752 6676 1137 1750 6677 1138 1752 6678 994 1751 6679 995 1753 6680 995 1753 6681 1139 1754 6682 1138 1752 6683 1139 1754 6684 995 1753 6685 996 1755 6686 996 1755 6687 1140 1756 6688 1139 1754 6689 1140 1756 6690 996 1755 6691 997 1757 6692 997 1757 6693 1141 1758 6694 1140 1756 6695 1141 1758 6696 997 1757 6697 998 1759 6698 998 1759 6699 1142 1760 6700 1141 1758 6701 1142 1760 6702 998 1759 6703 999 1761 6704 999 1761 6705 1143 1762 6706 1142 1760 6707 1143 1762 6708 999 1761 6709 1000 1763 6710 1000 1763 6711 1144 1764 6712 1143 1762 6713 1144 1764 6714 1000 1763 6715 1001 1765 6716 1001 1765 6717 1145 1766 6718 1144 1764 6719 1145 1766 6720 1001 1765 6721 1002 1767 6722 1002 1767 6723 1146 1768 6724 1145 1766 6725 1146 1768 6726 1002 1767 6727 1003 1769 6728 1003 1769 6729 1147 1770 6730 1146 1768 6731 1147 1770 6732 1003 1769 6733 1004 1771 6734 1004 1771 6735 1148 1772 6736 1147 1770 6737 1148 1772 6738 1004 1771 6739 1005 1773 6740 1005 1773 6741 1149 1774 6742 1148 1772 6743 1149 1774 6744 1005 1773 6745 1006 1775 6746 1006 1775 6747 1150 1776 6748 1149 1774 6749 1150 1776 6750 1006 1775 6751 1007 1777 6752 1007 1777 6753 1151 1778 6754 1150 1776 6755 1151 1778 6756 1007 1777 6757 1008 1779 6758 1008 1779 6759 1152 1780 6760 1151 1778 6761 1152 1780 6762 1008 1779 6763 1009 1781 6764 1009 1781 6765 1153 1782 6766 1152 1780 6767 1153 1782 6768 1009 1781 6769 1010 1783 6770 1010 1783 6771 1154 1784 6772 1153 1782 6773 1154 1784 6774 1010 1783 6775 1011 1785 6776 1011 1785 6777 1155 1786 6778 1154 1784 6779 1155 1786 6780 1011 1785 6781 1012 1787 6782 1012 1787 6783 1156 1788 6784 1155 1786 6785 1156 1788 6786 1012 1787 6787 989 1742 6788 989 1742 6789 1133 1741 6790 1156 1788 6791 1157 1789 6792 1141 1758 6793 1142 1760 6794 1142 1760 6795 1143 1762 6796 1157 1789 6797 1158 1790 6798 1140 1756 6799 1141 1758 6800 1141 1758 6801 1157 1789 6802 1158 1790 6803 1160 1791 6804 1138 1752 6805 1139 1754 6806 1139 1754 6807 1159 1792 6808 1160 1791 6809 1135 1746 6810 1136 1748 6811 1137 1750 6812 1137 1750 6813 1161 1793 6814 1135 1746 6815 1162 1794 6816 1157 1789 6817 1143 1762 6818 1143 1762 6819 1144 1764 6820 1162 1794 6821 1163 1795 6822 1158 1790 6823 1157 1789 6824 1157 1789 6825 1162 1794 6826 1163 1795 6827 1165 1796 6828 1160 1791 6829 1159 1792 6830 1159 1792 6831 1164 1797 6832 1165 1796 6833 1134 1744 6834 1135 1746 6835 1161 1793 6836 1161 1793 6837 1166 1798 6838 1134 1744 6839 1167 1799 6840 1162 1794 6841 1144 1764 6842 1144 1764 6843 1145 1766 6844 1167 1799 6845 1168 1800 6846 1163 1795 6847 1162 1794 6848 1162 1794 6849 1167 1799 6850 1168 1800 6851 1170 1801 6852 1165 1796 6853 1164 1797 6854 1164 1797 6855 1169 1802 6856 1170 1801 6857 1133 1741 6858 1134 1744 6859 1166 1798 6860 1166 1798 6861 1171 1803 6862 1133 1741 6863 1172 1804 6864 1167 1799 6865 1145 1766 6866 1145 1766 6867 1146 1768 6868 1172 1804 6869 1173 1805 6870 1168 1800 6871 1167 1799 6872 1167 1799 6873 1172 1804 6874 1173 1805 6875 1175 1806 6876 1170 1801 6877 1169 1802 6878 1169 1802 6879 1174 1807 6880 1175 1806 6881 1156 1788 6882 1133 1741 6883 1171 1803 6884 1171 1803 6885 1176 1808 6886 1156 1788 6887 1177 1809 6888 1172 1804 6889 1146 1768 6890 1146 1768 6891 1147 1770 6892 1177 1809 6893 1178 1810 6894 1173 1805 6895 1172 1804 6896 1172 1804 6897 1177 1809 6898 1178 1810 6899 1180 1811 6900 1175 1806 6901 1174 1807 6902 1174 1807 6903 1179 1812 6904 1180 1811 6905 1155 1786 6906 1156 1788 6907 1176 1808 6908 1176 1808 6909 1181 1813 6910 1155 1786 6911 1177 1809 6912 1147 1770 6913 1148 1772 6914 1148 1772 6915 1149 1774 6916 1177 1809 6917 1150 1776 6918 1178 1810 6919 1177 1809 6920 1177 1809 6921 1149 1774 6922 1150 1776 6923 1152 1780 6924 1180 1811 6925 1179 1812 6926 1179 1812 6927 1151 1778 6928 1152 1780 6929 1154 1784 6930 1155 1786 6931 1181 1813 6932 1181 1813 6933 1153 1782 6934 1154 1784 6935 1158 1790 6936 1159 1792 6937 1139 1754 6938 1139 1754 6939 1140 1756 6940 1158 1790 6941 1160 1791 6942 1161 1793 6943 1137 1750 6944 1137 1750 6945 1138 1752 6946 1160 1791 6947 1163 1795 6948 1164 1797 6949 1159 1792 6950 1159 1792 6951 1158 1790 6952 1163 1795 6953 1165 1796 6954 1166 1798 6955 1161 1793 6956 1161 1793 6957 1160 1791 6958 1165 1796 6959 1168 1800 6960 1169 1802 6961 1164 1797 6962 1164 1797 6963 1163 1795 6964 1168 1800 6965 1170 1801 6966 1171 1803 6967 1166 1798 6968 1166 1798 6969 1165 1796 6970 1170 1801 6971 1173 1805 6972 1174 1807 6973 1169 1802 6974 1169 1802 6975 1168 1800 6976 1173 1805 6977 1175 1806 6978 1176 1808 6979 1171 1803 6980 1171 1803 6981 1170 1801 6982 1175 1806 6983 1178 1810 6984 1179 1812 6985 1174 1807 6986 1174 1807 6987 1173 1805 6988 1178 1810 6989 1180 1811 6990 1181 1813 6991 1176 1808 6992 1176 1808 6993 1175 1806 6994 1180 1811 6995 1150 1776 6996 1151 1778 6997 1179 1812 6998 1179 1812 6999 1178 1810 7000 1150 1776 7001 1152 1780 7002 1153 1782 7003 1181 1813 7004 1181 1813 7005 1180 1811 7006 1152 1780 7007 1182 1574 7008 1183 1573 7009 990 1814 7010 990 1814 7011 989 1815 7012 1182 1574 7013 1183 1573 7014 1184 1575 7015 991 1816 7016 991 1816 7017 990 1814 7018 1183 1573 7019 1184 1575 7020 1185 1576 7021 992 1817 7022 992 1817 7023 991 1816 7024 1184 1575 7025 1185 1576 7026 1186 1577 7027 993 1818 7028 993 1818 7029 992 1817 7030 1185 1576 7031 1186 1577 7032 1187 1578 7033 994 1819 7034 994 1819 7035 993 1818 7036 1186 1577 7037 1187 1578 7038 1188 1579 7039 995 1820 7040 995 1820 7041 994 1819 7042 1187 1578 7043 1188 1579 7044 1189 1580 7045 996 1821 7046 996 1821 7047 995 1820 7048 1188 1579 7049 1189 1580 7050 1190 1581 7051 997 1822 7052 997 1822 7053 996 1821 7054 1189 1580 7055 1190 1581 7056 1191 1582 7057 998 1823 7058 998 1823 7059 997 1822 7060 1190 1581 7061 1191 1582 7062 1192 1583 7063 999 1824 7064 999 1824 7065 998 1823 7066 1191 1582 7067 1192 1583 7068 1193 1584 7069 1000 1825 7070 1000 1825 7071 999 1824 7072 1192 1583 7073 1193 1584 7074 1194 1585 7075 1001 1826 7076 1001 1826 7077 1000 1825 7078 1193 1584 7079 1194 1585 7080 1195 1586 7081 1002 1827 7082 1002 1827 7083 1001 1826 7084 1194 1585 7085 1195 1586 7086 1196 1587 7087 1003 1828 7088 1003 1828 7089 1002 1827 7090 1195 1586 7091 1196 1587 7092 1197 1588 7093 1004 1829 7094 1004 1829 7095 1003 1828 7096 1196 1587 7097 1004 1829 7098 1197 1588 7099 1198 1589 7100 1198 1589 7101 1005 1830 7102 1004 1829 7103 1005 1830 7104 1198 1589 7105 1199 1590 7106 1199 1590 7107 1006 1831 7108 1005 1830 7109 1006 1831 7110 1199 1590 7111 1200 1591 7112 1200 1591 7113 1007 1832 7114 1006 1831 7115 1007 1832 7116 1200 1591 7117 1201 1592 7118 1201 1592 7119 1008 1833 7120 1007 1832 7121 1008 1833 7122 1201 1592 7123 1202 1593 7124 1202 1593 7125 1009 1834 7126 1008 1833 7127 1009 1834 7128 1202 1593 7129 1203 1594 7130 1203 1594 7131 1010 1835 7132 1009 1834 7133 1010 1835 7134 1203 1594 7135 1204 1595 7136 1204 1595 7137 1011 1836 7138 1010 1835 7139 1011 1836 7140 1204 1595 7141 1205 1596 7142 1205 1596 7143 1012 1837 7144 1011 1836 7145 1012 1837 7146 1205 1596 7147 1182 1574 7148 1182 1574 7149 989 1815 7150 1012 1837 7151 1231 1838 7152 727 1839 7153 726 1840 7154 726 1840 7155 1230 1841 7156 1231 1838 7157 1232 1842 7158 728 1843 7159 727 1839 7160 727 1839 7161 1231 1838 7162 1232 1842 7163 1233 1844 7164 729 1845 7165 728 1843 7166 728 1843 7167 1232 1842 7168 1233 1844 7169 1234 1846 7170 730 1847 7171 729 1845 7172 729 1845 7173 1233 1844 7174 1234 1846 7175 1235 1848 7176 731 1849 7177 730 1847 7178 730 1847 7179 1234 1846 7180 1235 1848 7181 1236 1850 7182 732 1851 7183 731 1849 7184 731 1849 7185 1235 1848 7186 1236 1850 7187 1237 1852 7188 733 1853 7189 732 1851 7190 732 1851 7191 1236 1850 7192 1237 1852 7193 1238 1854 7194 734 1855 7195 733 1853 7196 733 1853 7197 1237 1852 7198 1238 1854 7199 1239 1856 7200 735 1857 7201 734 1855 7202 734 1855 7203 1238 1854 7204 1239 1856 7205 1240 1858 7206 736 1859 7207 735 1857 7208 735 1857 7209 1239 1856 7210 1240 1858 7211 1241 1860 7212 737 1861 7213 736 1859 7214 736 1859 7215 1240 1858 7216 1241 1860 7217 1242 1862 7218 738 1863 7219 737 1861 7220 737 1861 7221 1241 1860 7222 1242 1862 7223 1243 1864 7224 739 1865 7225 738 1863 7226 738 1863 7227 1242 1862 7228 1243 1864 7229 1244 1866 7230 740 1867 7231 739 1865 7232 739 1865 7233 1243 1864 7234 1244 1866 7235 1245 1868 7236 741 1869 7237 740 1867 7238 740 1867 7239 1244 1866 7240 1245 1868 7241 1246 1870 7242 742 1871 7243 741 1869 7244 741 1869 7245 1245 1868 7246 1246 1870 7247 1247 1872 7248 743 1873 7249 742 1871 7250 742 1871 7251 1246 1870 7252 1247 1872 7253 1248 1874 7254 744 1875 7255 743 1873 7256 743 1873 7257 1247 1872 7258 1248 1874 7259 1249 1876 7260 745 1877 7261 744 1875 7262 744 1875 7263 1248 1874 7264 1249 1876 7265 1250 1878 7266 746 1879 7267 745 1877 7268 745 1877 7269 1249 1876 7270 1250 1878 7271 1251 1880 7272 747 1881 7273 746 1879 7274 746 1879 7275 1250 1878 7276 1251 1880 7277 1252 1882 7278 748 1883 7279 747 1881 7280 747 1881 7281 1251 1880 7282 1252 1882 7283 1253 1884 7284 749 1885 7285 748 1883 7286 748 1883 7287 1252 1882 7288 1253 1884 7289 1230 1841 7290 726 1840 7291 749 1885 7292 749 1885 7293 1253 1884 7294 1230 1841 7295 1254 1886 7296 774 1887 7297 775 1888 7298 775 1888 7299 1255 1889 7300 1254 1886 7301 1255 1889 7302 775 1888 7303 776 1890 7304 776 1890 7305 1256 1891 7306 1255 1889 7307 1256 1891 7308 776 1890 7309 777 1892 7310 777 1892 7311 1257 1893 7312 1256 1891 7313 1257 1893 7314 777 1892 7315 778 1894 7316 778 1894 7317 1258 1895 7318 1257 1893 7319 1258 1895 7320 778 1894 7321 779 1896 7322 779 1896 7323 1259 1897 7324 1258 1895 7325 1259 1897 7326 779 1896 7327 780 1898 7328 780 1898 7329 1260 1899 7330 1259 1897 7331 1260 1899 7332 780 1898 7333 781 1900 7334 781 1900 7335 1261 1901 7336 1260 1899 7337 1261 1901 7338 781 1900 7339 782 1902 7340 782 1902 7341 1262 1903 7342 1261 1901 7343 1262 1903 7344 782 1902 7345 783 1904 7346 783 1904 7347 1263 1905 7348 1262 1903 7349 1263 1905 7350 783 1904 7351 784 1906 7352 784 1906 7353 1264 1907 7354 1263 1905 7355 1264 1907 7356 784 1906 7357 785 1908 7358 785 1908 7359 1265 1909 7360 1264 1907 7361 1265 1909 7362 785 1908 7363 786 1910 7364 786 1910 7365 1266 1911 7366 1265 1909 7367 1266 1911 7368 786 1910 7369 787 1912 7370 787 1912 7371 1267 1913 7372 1266 1911 7373 1267 1913 7374 787 1912 7375 788 1914 7376 788 1914 7377 1268 1915 7378 1267 1913 7379 1268 1915 7380 788 1914 7381 789 1916 7382 789 1916 7383 1269 1917 7384 1268 1915 7385 1269 1917 7386 789 1916 7387 790 1918 7388 790 1918 7389 1270 1919 7390 1269 1917 7391 1270 1919 7392 790 1918 7393 791 1920 7394 791 1920 7395 1271 1921 7396 1270 1919 7397 1271 1921 7398 791 1920 7399 792 1922 7400 792 1922 7401 1272 1923 7402 1271 1921 7403 1272 1923 7404 792 1922 7405 793 1924 7406 793 1924 7407 1273 1925 7408 1272 1923 7409 1273 1925 7410 793 1924 7411 794 1926 7412 794 1926 7413 1274 1927 7414 1273 1925 7415 1274 1927 7416 794 1926 7417 795 1928 7418 795 1928 7419 1275 1929 7420 1274 1927 7421 1275 1929 7422 795 1928 7423 796 1930 7424 796 1930 7425 1276 1931 7426 1275 1929 7427 1276 1931 7428 796 1930 7429 797 1932 7430 797 1932 7431 1277 1933 7432 1276 1931 7433 1277 1933 7434 797 1932 7435 774 1887 7436 774 1887 7437 1254 1886 7438 1277 1933 7439 1279 1934 7440 1278 1935 7441 1037 1648 7442 1037 1648 7443 1038 1647 7444 1279 1934 7445 1278 1935 7446 1279 1934 7447 1014 1936 7448 1014 1936 7449 1013 1937 7450 1278 1935 7451 1280 1938 7452 1279 1934 7453 1038 1647 7454 1038 1647 7455 1039 1650 7456 1280 1938 7457 1279 1934 7458 1280 1938 7459 1015 1939 7460 1015 1939 7461 1014 1936 7462 1279 1934 7463 1281 1940 7464 1280 1938 7465 1039 1650 7466 1039 1650 7467 1040 1652 7468 1281 1940 7469 1280 1938 7470 1281 1940 7471 1016 1941 7472 1016 1941 7473 1015 1939 7474 1280 1938 7475 1282 1942 7476 1281 1940 7477 1040 1652 7478 1040 1652 7479 1041 1654 7480 1282 1942 7481 1281 1940 7482 1282 1942 7483 1017 1943 7484 1017 1943 7485 1016 1941 7486 1281 1940 7487 1283 1944 7488 1282 1942 7489 1041 1654 7490 1041 1654 7491 1042 1656 7492 1283 1944 7493 1282 1942 7494 1283 1944 7495 1018 1945 7496 1018 1945 7497 1017 1943 7498 1282 1942 7499 1284 1946 7500 1283 1944 7501 1042 1656 7502 1042 1656 7503 1043 1658 7504 1284 1946 7505 1283 1944 7506 1284 1946 7507 1019 1947 7508 1019 1947 7509 1018 1945 7510 1283 1944 7511 1285 1948 7512 1284 1946 7513 1043 1658 7514 1043 1658 7515 1044 1660 7516 1285 1948 7517 1284 1946 7518 1285 1948 7519 1020 1949 7520 1020 1949 7521 1019 1947 7522 1284 1946 7523 1286 1950 7524 1285 1948 7525 1044 1660 7526 1044 1660 7527 1045 1662 7528 1286 1950 7529 1285 1948 7530 1286 1950 7531 1021 1951 7532 1021 1951 7533 1020 1949 7534 1285 1948 7535 1287 1952 7536 1286 1950 7537 1045 1662 7538 1045 1662 7539 1046 1664 7540 1287 1952 7541 1286 1950 7542 1287 1952 7543 1022 1953 7544 1022 1953 7545 1021 1951 7546 1286 1950 7547 1288 1954 7548 1287 1952 7549 1046 1664 7550 1046 1664 7551 1047 1666 7552 1288 1954 7553 1287 1952 7554 1288 1954 7555 1023 1955 7556 1023 1955 7557 1022 1953 7558 1287 1952 7559 1289 1956 7560 1288 1954 7561 1047 1666 7562 1047 1666 7563 1048 1668 7564 1289 1956 7565 1288 1954 7566 1289 1956 7567 1024 1957 7568 1024 1957 7569 1023 1955 7570 1288 1954 7571 1290 1958 7572 1289 1956 7573 1048 1668 7574 1048 1668 7575 1049 1670 7576 1290 1958 7577 1289 1956 7578 1290 1958 7579 1025 1959 7580 1025 1959 7581 1024 1957 7582 1289 1956 7583 1291 1960 7584 1290 1958 7585 1049 1670 7586 1049 1670 7587 1050 1672 7588 1291 1960 7589 1290 1958 7590 1291 1960 7591 1026 1961 7592 1026 1961 7593 1025 1959 7594 1290 1958 7595 1292 1962 7596 1291 1960 7597 1050 1672 7598 1050 1672 7599 1051 1674 7600 1292 1962 7601 1291 1960 7602 1292 1962 7603 1027 1963 7604 1027 1963 7605 1026 1961 7606 1291 1960 7607 1293 1964 7608 1292 1962 7609 1051 1674 7610 1051 1674 7611 1052 1676 7612 1293 1964 7613 1292 1962 7614 1293 1964 7615 1028 1965 7616 1028 1965 7617 1027 1963 7618 1292 1962 7619 1294 1966 7620 1293 1964 7621 1052 1676 7622 1052 1676 7623 1053 1678 7624 1294 1966 7625 1293 1964 7626 1294 1966 7627 1029 1967 7628 1029 1967 7629 1028 1965 7630 1293 1964 7631 1295 1968 7632 1294 1966 7633 1053 1678 7634 1053 1678 7635 1054 1680 7636 1295 1968 7637 1294 1966 7638 1295 1968 7639 1030 1969 7640 1030 1969 7641 1029 1967 7642 1294 1966 7643 1296 1970 7644 1295 1968 7645 1054 1680 7646 1054 1680 7647 1055 1682 7648 1296 1970 7649 1295 1968 7650 1296 1970 7651 1031 1971 7652 1031 1971 7653 1030 1969 7654 1295 1968 7655 1297 1972 7656 1296 1970 7657 1055 1682 7658 1055 1682 7659 1056 1684 7660 1297 1972 7661 1296 1970 7662 1297 1972 7663 1032 1973 7664 1032 1973 7665 1031 1971 7666 1296 1970 7667 1298 1974 7668 1297 1972 7669 1056 1684 7670 1056 1684 7671 1057 1686 7672 1298 1974 7673 1297 1972 7674 1298 1974 7675 1033 1975 7676 1033 1975 7677 1032 1973 7678 1297 1972 7679 1299 1976 7680 1298 1974 7681 1057 1686 7682 1057 1686 7683 1058 1688 7684 1299 1976 7685 1298 1974 7686 1299 1976 7687 1034 1977 7688 1034 1977 7689 1033 1975 7690 1298 1974 7691 1300 1978 7692 1299 1976 7693 1058 1688 7694 1058 1688 7695 1059 1690 7696 1300 1978 7697 1299 1976 7698 1300 1978 7699 1035 1979 7700 1035 1979 7701 1034 1977 7702 1299 1976 7703 1301 1980 7704 1300 1978 7705 1059 1690 7706 1059 1690 7707 1060 1692 7708 1301 1980 7709 1300 1978 7710 1301 1980 7711 1036 1981 7712 1036 1981 7713 1035 1979 7714 1300 1978 7715 1278 1935 7716 1301 1980 7717 1060 1692 7718 1060 1692 7719 1037 1648 7720 1278 1935 7721 1301 1980 7722 1278 1935 7723 1013 1937 7724 1013 1937 7725 1036 1981 7726 1301 1980 7727 1312 1498 7728 942 1501 7729 941 1982 7730 941 1982 7731 1317 1983 7732 1312 1498 7733 1304 1447 7734 1305 1984 7735 1310 1497 7736 1310 1497 7737 1313 1448 7738 1304 1447 7739 1306 1985 7740 1307 1986 7741 1315 1524 7742 1315 1524 7743 1314 1495 7744 1306 1985 7745 1308 1987 7746 1309 1988 7747 1317 1983 7748 1317 1983 7749 1316 1523 7750 1308 1987 7751 918 1450 7752 1311 1445 7753 1313 1448 7754 1313 1448 7755 895 1451 7756 918 1450 7757 1306 1985 7758 1314 1495 7759 1310 1497 7760 1310 1497 7761 1305 1984 7762 1306 1985 7763 1312 1498 7764 1311 1445 7765 918 1450 7766 918 1450 7767 942 1501 7768 1312 1498 7769 1308 1987 7770 1316 1523 7771 1315 1524 7772 1315 1524 7773 1307 1986 7774 1308 1987 7775 1302 1499 7776 1312 1498 7777 1317 1983 7778 1317 1983 7779 1309 1988 7780 1302 1499 7781 1313 1448 7782 1310 1497 7783 894 1496 7784 894 1496 7785 895 1451 7786 1313 1448 7787 1314 1495 7788 1315 1524 7789 940 1493 7790 940 1493 7791 917 1494 7792 1314 1495 7793 1316 1523 7794 1317 1983 7795 941 1982 7796 941 1982 7797 964 1522 7798 1316 1523 7799 1799 1989 7800 1319 1990 7801 1318 1991 7802 1318 1991 7803 1798 1992 7804 1799 1989 7805 1800 1993 7806 1320 1994 7807 1319 1990 7808 1319 1990 7809 1799 1989 7810 1800 1993 7811 1801 1995 7812 1321 1996 7813 1320 1994 7814 1320 1994 7815 1800 1993 7816 1801 1995 7817 1802 1997 7818 1322 1998 7819 1321 1996 7820 1321 1996 7821 1801 1995 7822 1802 1997 7823 1803 1999 7824 1323 2000 7825 1322 1998 7826 1322 1998 7827 1802 1997 7828 1803 1999 7829 1804 2001 7830 1324 2002 7831 1323 2000 7832 1323 2000 7833 1803 1999 7834 1804 2001 7835 1805 2003 7836 1325 2004 7837 1324 2002 7838 1324 2002 7839 1804 2001 7840 1805 2003 7841 1806 2005 7842 1326 2006 7843 1325 2004 7844 1325 2004 7845 1805 2003 7846 1806 2005 7847 1807 2007 7848 1327 2008 7849 1326 2006 7850 1326 2006 7851 1806 2005 7852 1807 2007 7853 1808 2009 7854 1328 2010 7855 1327 2008 7856 1327 2008 7857 1807 2007 7858 1808 2009 7859 1809 2011 7860 1329 2012 7861 1328 2010 7862 1328 2010 7863 1808 2009 7864 1809 2011 7865 1810 2013 7866 1330 2014 7867 1329 2012 7868 1329 2012 7869 1809 2011 7870 1810 2013 7871 1811 2015 7872 1331 2016 7873 1330 2014 7874 1330 2014 7875 1810 2013 7876 1811 2015 7877 1812 2017 7878 1332 2018 7879 1331 2016 7880 1331 2016 7881 1811 2015 7882 1812 2017 7883 1813 2019 7884 1333 2020 7885 1332 2018 7886 1332 2018 7887 1812 2017 7888 1813 2019 7889 1814 2021 7890 1334 2022 7891 1333 2020 7892 1333 2020 7893 1813 2019 7894 1814 2021 7895 1815 2023 7896 1335 2024 7897 1334 2022 7898 1334 2022 7899 1814 2021 7900 1815 2023 7901 1816 2025 7902 1336 2026 7903 1335 2024 7904 1335 2024 7905 1815 2023 7906 1816 2025 7907 1817 2027 7908 1337 2028 7909 1336 2026 7910 1336 2026 7911 1816 2025 7912 1817 2027 7913 1818 2029 7914 1338 2030 7915 1337 2028 7916 1337 2028 7917 1817 2027 7918 1818 2029 7919 1819 2031 7920 1339 2032 7921 1338 2030 7922 1338 2030 7923 1818 2029 7924 1819 2031 7925 1820 2033 7926 1340 2034 7927 1339 2032 7928 1339 2032 7929 1819 2031 7930 1820 2033 7931 1821 2035 7932 1341 2036 7933 1340 2034 7934 1340 2034 7935 1820 2033 7936 1821 2035 7937 1798 1992 7938 1318 1991 7939 1341 2036 7940 1341 2036 7941 1821 2035 7942 1798 1992 7943 1798 1992 7944 1342 2037 7945 1343 2038 7946 1343 2038 7947 1799 1989 7948 1798 1992 7949 1799 1989 7950 1343 2038 7951 1344 2039 7952 1344 2039 7953 1800 1993 7954 1799 1989 7955 1800 1993 7956 1344 2039 7957 1345 2040 7958 1345 2040 7959 1801 1995 7960 1800 1993 7961 1801 1995 7962 1345 2040 7963 1346 2041 7964 1346 2041 7965 1802 1997 7966 1801 1995 7967 1802 1997 7968 1346 2041 7969 1347 2042 7970 1347 2042 7971 1803 1999 7972 1802 1997 7973 1803 1999 7974 1347 2042 7975 1348 2043 7976 1348 2043 7977 1804 2001 7978 1803 1999 7979 1804 2001 7980 1348 2043 7981 1349 2044 7982 1349 2044 7983 1805 2003 7984 1804 2001 7985 1805 2003 7986 1349 2044 7987 1350 2045 7988 1350 2045 7989 1806 2005 7990 1805 2003 7991 1806 2005 7992 1350 2045 7993 1351 2046 7994 1351 2046 7995 1807 2007 7996 1806 2005 7997 1807 2007 7998 1351 2046 7999 1352 2047 8000 1352 2047 8001 1808 2009 8002 1807 2007 8003 1808 2009 8004 1352 2047 8005 1353 2048 8006 1353 2048 8007 1809 2011 8008 1808 2009 8009 1809 2011 8010 1353 2048 8011 1354 2049 8012 1354 2049 8013 1810 2013 8014 1809 2011 8015 1810 2013 8016 1354 2049 8017 1355 2050 8018 1355 2050 8019 1811 2015 8020 1810 2013 8021 1811 2015 8022 1355 2050 8023 1356 2051 8024 1356 2051 8025 1812 2017 8026 1811 2015 8027 1812 2017 8028 1356 2051 8029 1357 2052 8030 1357 2052 8031 1813 2019 8032 1812 2017 8033 1813 2019 8034 1357 2052 8035 1358 2053 8036 1358 2053 8037 1814 2021 8038 1813 2019 8039 1814 2021 8040 1358 2053 8041 1359 2054 8042 1359 2054 8043 1815 2023 8044 1814 2021 8045 1815 2023 8046 1359 2054 8047 1360 2055 8048 1360 2055 8049 1816 2025 8050 1815 2023 8051 1816 2025 8052 1360 2055 8053 1361 2056 8054 1361 2056 8055 1817 2027 8056 1816 2025 8057 1817 2027 8058 1361 2056 8059 1362 2057 8060 1362 2057 8061 1818 2029 8062 1817 2027 8063 1818 2029 8064 1362 2057 8065 1363 2058 8066 1363 2058 8067 1819 2031 8068 1818 2029 8069 1819 2031 8070 1363 2058 8071 1364 2059 8072 1364 2059 8073 1820 2033 8074 1819 2031 8075 1820 2033 8076 1364 2059 8077 1365 2060 8078 1365 2060 8079 1821 2035 8080 1820 2033 8081 1821 2035 8082 1365 2060 8083 1342 2037 8084 1342 2037 8085 1798 1992 8086 1821 2035 8087 1342 2061 8088 1366 2062 8089 1367 2063 8090 1367 2063 8091 1343 2064 8092 1342 2061 8093 1343 2064 8094 1367 2063 8095 1368 2065 8096 1368 2065 8097 1344 2066 8098 1343 2064 8099 1344 2066 8100 1368 2065 8101 1369 2067 8102 1369 2067 8103 1345 2068 8104 1344 2066 8105 1345 2068 8106 1369 2067 8107 1370 2069 8108 1370 2069 8109 1346 2070 8110 1345 2068 8111 1346 2070 8112 1370 2069 8113 1371 2071 8114 1371 2071 8115 1347 2072 8116 1346 2070 8117 1347 2072 8118 1371 2071 8119 1372 2073 8120 1372 2073 8121 1348 2074 8122 1347 2072 8123 1348 2074 8124 1372 2073 8125 1373 2075 8126 1373 2075 8127 1349 2076 8128 1348 2074 8129 1349 2076 8130 1373 2075 8131 1374 2077 8132 1374 2077 8133 1350 2078 8134 1349 2076 8135 1350 2078 8136 1374 2077 8137 1375 2079 8138 1375 2079 8139 1351 2080 8140 1350 2078 8141 1351 2080 8142 1375 2079 8143 1376 2081 8144 1376 2081 8145 1352 2082 8146 1351 2080 8147 1352 2082 8148 1376 2081 8149 1377 2083 8150 1377 2083 8151 1353 2084 8152 1352 2082 8153 1353 2084 8154 1377 2083 8155 1378 2085 8156 1378 2085 8157 1354 2086 8158 1353 2084 8159 1354 2086 8160 1378 2085 8161 1379 2087 8162 1379 2087 8163 1355 2088 8164 1354 2086 8165 1355 2088 8166 1379 2087 8167 1380 2089 8168 1380 2089 8169 1356 2090 8170 1355 2088 8171 1356 2090 8172 1380 2089 8173 1381 2091 8174 1381 2091 8175 1357 2092 8176 1356 2090 8177 1357 2092 8178 1381 2091 8179 1382 2093 8180 1382 2093 8181 1358 2094 8182 1357 2092 8183 1358 2094 8184 1382 2093 8185 1383 2095 8186 1383 2095 8187 1359 2096 8188 1358 2094 8189 1359 2096 8190 1383 2095 8191 1384 2097 8192 1384 2097 8193 1360 2098 8194 1359 2096 8195 1360 2098 8196 1384 2097 8197 1385 2099 8198 1385 2099 8199 1361 2100 8200 1360 2098 8201 1361 2100 8202 1385 2099 8203 1386 2101 8204 1386 2101 8205 1362 2102 8206 1361 2100 8207 1362 2102 8208 1386 2101 8209 1387 2103 8210 1387 2103 8211 1363 2104 8212 1362 2102 8213 1363 2104 8214 1387 2103 8215 1388 2105 8216 1388 2105 8217 1364 2106 8218 1363 2104 8219 1364 2106 8220 1388 2105 8221 1389 2107 8222 1389 2107 8223 1365 2108 8224 1364 2106 8225 1365 2108 8226 1389 2107 8227 1366 2062 8228 1366 2062 8229 1342 2061 8230 1365 2108 8231 1846 2109 8232 1390 2110 8233 1391 2111 8234 1391 2111 8235 1847 2112 8236 1846 2109 8237 1847 2112 8238 1391 2111 8239 1392 2113 8240 1392 2113 8241 1848 2114 8242 1847 2112 8243 1848 2114 8244 1392 2113 8245 1393 2115 8246 1393 2115 8247 1849 2116 8248 1848 2114 8249 1849 2116 8250 1393 2115 8251 1394 2117 8252 1394 2117 8253 1850 2118 8254 1849 2116 8255 1850 2118 8256 1394 2117 8257 1395 2119 8258 1395 2119 8259 1851 2120 8260 1850 2118 8261 1851 2120 8262 1395 2119 8263 1396 2121 8264 1396 2121 8265 1852 2122 8266 1851 2120 8267 1852 2122 8268 1396 2121 8269 1397 2123 8270 1397 2123 8271 1853 2124 8272 1852 2122 8273 1853 2124 8274 1397 2123 8275 1398 2125 8276 1398 2125 8277 1854 2126 8278 1853 2124 8279 1854 2126 8280 1398 2125 8281 1399 2127 8282 1399 2127 8283 1855 2128 8284 1854 2126 8285 1855 2128 8286 1399 2127 8287 1400 2129 8288 1400 2129 8289 1856 2130 8290 1855 2128 8291 1856 2130 8292 1400 2129 8293 1401 2131 8294 1401 2131 8295 1857 2132 8296 1856 2130 8297 1857 2132 8298 1401 2131 8299 1402 2133 8300 1402 2133 8301 1858 2134 8302 1857 2132 8303 1858 2134 8304 1402 2133 8305 1403 2135 8306 1403 2135 8307 1859 2136 8308 1858 2134 8309 1859 2136 8310 1403 2135 8311 1404 2137 8312 1404 2137 8313 1860 2138 8314 1859 2136 8315 1860 2138 8316 1404 2137 8317 1405 2139 8318 1405 2139 8319 1861 2140 8320 1860 2138 8321 1861 2140 8322 1405 2139 8323 1406 2141 8324 1406 2141 8325 1862 2142 8326 1861 2140 8327 1862 2142 8328 1406 2141 8329 1407 2143 8330 1407 2143 8331 1863 2144 8332 1862 2142 8333 1863 2144 8334 1407 2143 8335 1408 2145 8336 1408 2145 8337 1864 2146 8338 1863 2144 8339 1864 2146 8340 1408 2145 8341 1409 2147 8342 1409 2147 8343 1865 2148 8344 1864 2146 8345 1865 2148 8346 1409 2147 8347 1410 2149 8348 1410 2149 8349 1866 2150 8350 1865 2148 8351 1866 2150 8352 1410 2149 8353 1411 2151 8354 1411 2151 8355 1867 2152 8356 1866 2150 8357 1867 2152 8358 1411 2151 8359 1412 2153 8360 1412 2153 8361 1868 2154 8362 1867 2152 8363 1868 2154 8364 1412 2153 8365 1413 2155 8366 1413 2155 8367 1869 2156 8368 1868 2154 8369 1869 2156 8370 1413 2155 8371 1390 2110 8372 1390 2110 8373 1846 2109 8374 1869 2156 8375 1390 2157 8376 1414 2158 8377 1415 2159 8378 1415 2159 8379 1391 2160 8380 1390 2157 8381 1391 2160 8382 1415 2159 8383 1416 2161 8384 1416 2161 8385 1392 2162 8386 1391 2160 8387 1392 2162 8388 1416 2161 8389 1417 2163 8390 1417 2163 8391 1393 2164 8392 1392 2162 8393 1393 2164 8394 1417 2163 8395 1418 2165 8396 1418 2165 8397 1394 2166 8398 1393 2164 8399 1394 2166 8400 1418 2165 8401 1419 2167 8402 1419 2167 8403 1395 2168 8404 1394 2166 8405 1395 2168 8406 1419 2167 8407 1420 2169 8408 1420 2169 8409 1396 2170 8410 1395 2168 8411 1396 2170 8412 1420 2169 8413 1421 2171 8414 1421 2171 8415 1397 2172 8416 1396 2170 8417 1397 2172 8418 1421 2171 8419 1422 2173 8420 1422 2173 8421 1398 2174 8422 1397 2172 8423 1398 2174 8424 1422 2173 8425 1423 2175 8426 1423 2175 8427 1399 2176 8428 1398 2174 8429 1399 2176 8430 1423 2175 8431 1424 2177 8432 1424 2177 8433 1400 2178 8434 1399 2176 8435 1400 2178 8436 1424 2177 8437 1425 2179 8438 1425 2179 8439 1401 2180 8440 1400 2178 8441 1401 2180 8442 1425 2179 8443 1426 2181 8444 1426 2181 8445 1402 2182 8446 1401 2180 8447 1402 2182 8448 1426 2181 8449 1427 2183 8450 1427 2183 8451 1403 2184 8452 1402 2182 8453 1403 2184 8454 1427 2183 8455 1428 2185 8456 1428 2185 8457 1404 2186 8458 1403 2184 8459 1404 2186 8460 1428 2185 8461 1429 2187 8462 1429 2187 8463 1405 2188 8464 1404 2186 8465 1405 2188 8466 1429 2187 8467 1430 2189 8468 1430 2189 8469 1406 2190 8470 1405 2188 8471 1406 2190 8472 1430 2189 8473 1431 2191 8474 1431 2191 8475 1407 2192 8476 1406 2190 8477 1407 2192 8478 1431 2191 8479 1432 2193 8480 1432 2193 8481 1408 2194 8482 1407 2192 8483 1408 2194 8484 1432 2193 8485 1433 2195 8486 1433 2195 8487 1409 2196 8488 1408 2194 8489 1409 2196 8490 1433 2195 8491 1434 2197 8492 1434 2197 8493 1410 2198 8494 1409 2196 8495 1410 2198 8496 1434 2197 8497 1435 2199 8498 1435 2199 8499 1411 2200 8500 1410 2198 8501 1411 2200 8502 1435 2199 8503 1436 2201 8504 1436 2201 8505 1412 2202 8506 1411 2200 8507 1412 2202 8508 1436 2201 8509 1437 2203 8510 1437 2203 8511 1413 2204 8512 1412 2202 8513 1413 2204 8514 1437 2203 8515 1414 2158 8516 1414 2158 8517 1390 2157 8518 1413 2204 8519 1414 2205 8520 1438 2206 8521 1439 2207 8522 1439 2207 8523 1415 2208 8524 1414 2205 8525 1415 2208 8526 1439 2207 8527 1440 2209 8528 1440 2209 8529 1416 2210 8530 1415 2208 8531 1416 2210 8532 1440 2209 8533 1441 2211 8534 1441 2211 8535 1417 2212 8536 1416 2210 8537 1417 2212 8538 1441 2211 8539 1442 2213 8540 1442 2213 8541 1418 2214 8542 1417 2212 8543 1418 2214 8544 1442 2213 8545 1443 2215 8546 1443 2215 8547 1419 2216 8548 1418 2214 8549 1419 2216 8550 1443 2215 8551 1444 2217 8552 1444 2217 8553 1420 2218 8554 1419 2216 8555 1420 2218 8556 1444 2217 8557 1445 2219 8558 1445 2219 8559 1421 2220 8560 1420 2218 8561 1421 2220 8562 1445 2219 8563 1446 2221 8564 1446 2221 8565 1422 2222 8566 1421 2220 8567 1422 2222 8568 1446 2221 8569 1447 2223 8570 1447 2223 8571 1423 2224 8572 1422 2222 8573 1423 2224 8574 1447 2223 8575 1448 2225 8576 1448 2225 8577 1424 2226 8578 1423 2224 8579 1424 2226 8580 1448 2225 8581 1449 2227 8582 1449 2227 8583 1425 2228 8584 1424 2226 8585 1425 2228 8586 1449 2227 8587 1450 2229 8588 1450 2229 8589 1426 2230 8590 1425 2228 8591 1426 2230 8592 1450 2229 8593 1451 2231 8594 1451 2231 8595 1427 2232 8596 1426 2230 8597 1427 2232 8598 1451 2231 8599 1452 2233 8600 1452 2233 8601 1428 2234 8602 1427 2232 8603 1428 2234 8604 1452 2233 8605 1453 2235 8606 1453 2235 8607 1429 2236 8608 1428 2234 8609 1429 2236 8610 1453 2235 8611 1454 2237 8612 1454 2237 8613 1430 2238 8614 1429 2236 8615 1430 2238 8616 1454 2237 8617 1455 2239 8618 1455 2239 8619 1431 2240 8620 1430 2238 8621 1431 2240 8622 1455 2239 8623 1456 2241 8624 1456 2241 8625 1432 2242 8626 1431 2240 8627 1432 2242 8628 1456 2241 8629 1457 2243 8630 1457 2243 8631 1433 2244 8632 1432 2242 8633 1433 2244 8634 1457 2243 8635 1458 2245 8636 1458 2245 8637 1434 2246 8638 1433 2244 8639 1434 2246 8640 1458 2245 8641 1459 2247 8642 1459 2247 8643 1435 2248 8644 1434 2246 8645 1435 2248 8646 1459 2247 8647 1460 2249 8648 1460 2249 8649 1436 2250 8650 1435 2248 8651 1436 2250 8652 1460 2249 8653 1461 2251 8654 1461 2251 8655 1437 2252 8656 1436 2250 8657 1437 2252 8658 1461 2251 8659 1438 2206 8660 1438 2206 8661 1414 2205 8662 1437 2252 8663 1438 2206 8664 1462 2253 8665 1463 2254 8666 1463 2254 8667 1439 2207 8668 1438 2206 8669 1439 2207 8670 1463 2254 8671 1464 2255 8672 1464 2255 8673 1440 2209 8674 1439 2207 8675 1440 2209 8676 1464 2255 8677 1465 2256 8678 1465 2256 8679 1441 2211 8680 1440 2209 8681 1441 2211 8682 1465 2256 8683 1466 2257 8684 1466 2257 8685 1442 2213 8686 1441 2211 8687 1442 2213 8688 1466 2257 8689 1467 2258 8690 1467 2258 8691 1443 2215 8692 1442 2213 8693 1443 2215 8694 1467 2258 8695 1468 2259 8696 1468 2259 8697 1444 2217 8698 1443 2215 8699 1444 2217 8700 1468 2259 8701 1469 2260 8702 1469 2260 8703 1445 2219 8704 1444 2217 8705 1445 2219 8706 1469 2260 8707 1470 2261 8708 1470 2261 8709 1446 2221 8710 1445 2219 8711 1446 2221 8712 1470 2261 8713 1471 2262 8714 1471 2262 8715 1447 2223 8716 1446 2221 8717 1447 2223 8718 1471 2262 8719 1472 2263 8720 1472 2263 8721 1448 2225 8722 1447 2223 8723 1448 2225 8724 1472 2263 8725 1473 2264 8726 1473 2264 8727 1449 2227 8728 1448 2225 8729 1449 2227 8730 1473 2264 8731 1474 2265 8732 1474 2265 8733 1450 2229 8734 1449 2227 8735 1450 2229 8736 1474 2265 8737 1475 2266 8738 1475 2266 8739 1451 2231 8740 1450 2229 8741 1451 2231 8742 1475 2266 8743 1476 2267 8744 1476 2267 8745 1452 2233 8746 1451 2231 8747 1452 2233 8748 1476 2267 8749 1477 2268 8750 1477 2268 8751 1453 2235 8752 1452 2233 8753 1453 2235 8754 1477 2268 8755 1478 2269 8756 1478 2269 8757 1454 2237 8758 1453 2235 8759 1454 2237 8760 1478 2269 8761 1479 2270 8762 1479 2270 8763 1455 2239 8764 1454 2237 8765 1455 2239 8766 1479 2270 8767 1480 2271 8768 1480 2271 8769 1456 2241 8770 1455 2239 8771 1456 2241 8772 1480 2271 8773 1481 2272 8774 1481 2272 8775 1457 2243 8776 1456 2241 8777 1457 2243 8778 1481 2272 8779 1482 2273 8780 1482 2273 8781 1458 2245 8782 1457 2243 8783 1458 2245 8784 1482 2273 8785 1483 2274 8786 1483 2274 8787 1459 2247 8788 1458 2245 8789 1459 2247 8790 1483 2274 8791 1484 2275 8792 1484 2275 8793 1460 2249 8794 1459 2247 8795 1460 2249 8796 1484 2275 8797 1485 2276 8798 1485 2276 8799 1461 2251 8800 1460 2249 8801 1461 2251 8802 1485 2276 8803 1462 2253 8804 1462 2253 8805 1438 2206 8806 1461 2251 8807 1462 2253 8808 1486 2277 8809 1487 2278 8810 1487 2278 8811 1463 2254 8812 1462 2253 8813 1463 2254 8814 1487 2278 8815 1488 2279 8816 1488 2279 8817 1464 2255 8818 1463 2254 8819 1464 2255 8820 1488 2279 8821 1489 2280 8822 1489 2280 8823 1465 2256 8824 1464 2255 8825 1465 2256 8826 1489 2280 8827 1490 2281 8828 1490 2281 8829 1466 2257 8830 1465 2256 8831 1466 2257 8832 1490 2281 8833 1491 2282 8834 1491 2282 8835 1467 2258 8836 1466 2257 8837 1467 2258 8838 1491 2282 8839 1492 2283 8840 1492 2283 8841 1468 2259 8842 1467 2258 8843 1468 2259 8844 1492 2283 8845 1493 2284 8846 1493 2284 8847 1469 2260 8848 1468 2259 8849 1469 2260 8850 1493 2284 8851 1494 2285 8852 1494 2285 8853 1470 2261 8854 1469 2260 8855 1470 2261 8856 1494 2285 8857 1495 2286 8858 1495 2286 8859 1471 2262 8860 1470 2261 8861 1471 2262 8862 1495 2286 8863 1496 2287 8864 1496 2287 8865 1472 2263 8866 1471 2262 8867 1472 2263 8868 1496 2287 8869 1497 2288 8870 1497 2288 8871 1473 2264 8872 1472 2263 8873 1473 2264 8874 1497 2288 8875 1498 2289 8876 1498 2289 8877 1474 2265 8878 1473 2264 8879 1474 2265 8880 1498 2289 8881 1499 2290 8882 1499 2290 8883 1475 2266 8884 1474 2265 8885 1475 2266 8886 1499 2290 8887 1500 2291 8888 1500 2291 8889 1476 2267 8890 1475 2266 8891 1476 2267 8892 1500 2291 8893 1501 2292 8894 1501 2292 8895 1477 2268 8896 1476 2267 8897 1477 2268 8898 1501 2292 8899 1502 2293 8900 1502 2293 8901 1478 2269 8902 1477 2268 8903 1478 2269 8904 1502 2293 8905 1503 2294 8906 1503 2294 8907 1479 2270 8908 1478 2269 8909 1479 2270 8910 1503 2294 8911 1504 2295 8912 1504 2295 8913 1480 2271 8914 1479 2270 8915 1480 2271 8916 1504 2295 8917 1505 2296 8918 1505 2296 8919 1481 2272 8920 1480 2271 8921 1481 2272 8922 1505 2296 8923 1506 2297 8924 1506 2297 8925 1482 2273 8926 1481 2272 8927 1482 2273 8928 1506 2297 8929 1507 2298 8930 1507 2298 8931 1483 2274 8932 1482 2273 8933 1483 2274 8934 1507 2298 8935 1508 2299 8936 1508 2299 8937 1484 2275 8938 1483 2274 8939 1484 2275 8940 1508 2299 8941 1509 2300 8942 1509 2300 8943 1485 2276 8944 1484 2275 8945 1485 2276 8946 1509 2300 8947 1486 2277 8948 1486 2277 8949 1462 2253 8950 1485 2276 8951 1896 2301 8952 1895 2302 8953 1903 2303 8954 1903 2303 8955 1905 2304 8956 1896 2301 8957 1487 2305 8958 1510 2306 8959 1511 2307 8960 1511 2307 8961 1488 2308 8962 1487 2305 8963 1488 2308 8964 1511 2307 8965 1512 2309 8966 1512 2309 8967 1489 2310 8968 1488 2308 8969 1489 2310 8970 1512 2309 8971 1513 2311 8972 1513 2311 8973 1490 2312 8974 1489 2310 8975 1490 2312 8976 1513 2311 8977 1514 2313 8978 1514 2313 8979 1491 2314 8980 1490 2312 8981 1491 2314 8982 1514 2313 8983 1515 2315 8984 1515 2315 8985 1492 2316 8986 1491 2314 8987 1492 2316 8988 1515 2315 8989 1516 2317 8990 1516 2317 8991 1493 2318 8992 1492 2316 8993 1493 2318 8994 1516 2317 8995 1517 2319 8996 1517 2319 8997 1494 2320 8998 1493 2318 8999 1494 2320 9000 1517 2319 9001 1518 2321 9002 1518 2321 9003 1495 2322 9004 1494 2320 9005 1495 2322 9006 1518 2321 9007 1519 2323 9008 1519 2323 9009 1496 2324 9010 1495 2322 9011 1496 2324 9012 1519 2323 9013 1520 2325 9014 1520 2325 9015 1497 2326 9016 1496 2324 9017 1497 2326 9018 1520 2325 9019 1521 2327 9020 1521 2327 9021 1498 2328 9022 1497 2326 9023 1498 2328 9024 1521 2327 9025 1522 2329 9026 1522 2329 9027 1499 2330 9028 1498 2328 9029 1499 2330 9030 1522 2329 9031 1523 2331 9032 1523 2331 9033 1500 2332 9034 1499 2330 9035 1500 2332 9036 1523 2331 9037 1524 2333 9038 1524 2333 9039 1501 2334 9040 1500 2332 9041 1501 2334 9042 1524 2333 9043 1525 2335 9044 1525 2335 9045 1502 2336 9046 1501 2334 9047 1502 2336 9048 1525 2335 9049 1526 2337 9050 1526 2337 9051 1503 2338 9052 1502 2336 9053 1503 2338 9054 1526 2337 9055 1527 2339 9056 1527 2339 9057 1504 2340 9058 1503 2338 9059 1504 2340 9060 1527 2339 9061 1528 2341 9062 1528 2341 9063 1505 2342 9064 1504 2340 9065 1505 2342 9066 1528 2341 9067 1529 2343 9068 1529 2343 9069 1506 2344 9070 1505 2342 9071 1506 2344 9072 1529 2343 9073 1530 2345 9074 1530 2345 9075 1507 2346 9076 1506 2344 9077 1507 2346 9078 1530 2345 9079 1531 2347 9080 1531 2347 9081 1508 2348 9082 1507 2346 9083 1508 2348 9084 1531 2347 9085 1532 2349 9086 1532 2349 9087 1509 2350 9088 1508 2348 9089 1486 2351 9090 1509 2350 9091 1906 2352 9092 1906 2352 9093 1902 2353 9094 1486 2351 9095 1894 2354 9096 1904 2355 9097 1903 2303 9098 1903 2303 9099 1895 2302 9100 1894 2354 9101 1510 2306 9102 1534 2356 9103 1535 2357 9104 1535 2357 9105 1511 2307 9106 1510 2306 9107 1511 2307 9108 1535 2357 9109 1536 2358 9110 1536 2358 9111 1512 2309 9112 1511 2307 9113 1512 2309 9114 1536 2358 9115 1537 2359 9116 1537 2359 9117 1513 2311 9118 1512 2309 9119 1513 2311 9120 1537 2359 9121 1538 2360 9122 1538 2360 9123 1514 2313 9124 1513 2311 9125 1514 2313 9126 1538 2360 9127 1539 2361 9128 1539 2361 9129 1515 2315 9130 1514 2313 9131 1515 2315 9132 1539 2361 9133 1540 2362 9134 1540 2362 9135 1516 2317 9136 1515 2315 9137 1516 2317 9138 1540 2362 9139 1541 2363 9140 1541 2363 9141 1517 2319 9142 1516 2317 9143 1517 2319 9144 1541 2363 9145 1542 2364 9146 1542 2364 9147 1518 2321 9148 1517 2319 9149 1518 2321 9150 1542 2364 9151 1543 2365 9152 1543 2365 9153 1519 2323 9154 1518 2321 9155 1519 2323 9156 1543 2365 9157 1544 2366 9158 1544 2366 9159 1520 2325 9160 1519 2323 9161 1520 2325 9162 1544 2366 9163 1545 2367 9164 1545 2367 9165 1521 2327 9166 1520 2325 9167 1521 2327 9168 1545 2367 9169 1546 2368 9170 1546 2368 9171 1522 2329 9172 1521 2327 9173 1522 2329 9174 1546 2368 9175 1547 2369 9176 1547 2369 9177 1523 2331 9178 1522 2329 9179 1523 2331 9180 1547 2369 9181 1548 2370 9182 1548 2370 9183 1524 2333 9184 1523 2331 9185 1524 2333 9186 1548 2370 9187 1549 2371 9188 1549 2371 9189 1525 2335 9190 1524 2333 9191 1525 2335 9192 1549 2371 9193 1550 2372 9194 1550 2372 9195 1526 2337 9196 1525 2335 9197 1526 2337 9198 1550 2372 9199 1551 2373 9200 1551 2373 9201 1527 2339 9202 1526 2337 9203 1527 2339 9204 1551 2373 9205 1552 2374 9206 1552 2374 9207 1528 2341 9208 1527 2339 9209 1528 2341 9210 1552 2374 9211 1553 2375 9212 1553 2375 9213 1529 2343 9214 1528 2341 9215 1529 2343 9216 1553 2375 9217 1554 2376 9218 1554 2376 9219 1530 2345 9220 1529 2343 9221 1530 2345 9222 1554 2376 9223 1555 2377 9224 1555 2377 9225 1531 2347 9226 1530 2345 9227 1531 2347 9228 1555 2377 9229 1556 2378 9230 1556 2378 9231 1532 2349 9232 1531 2347 9233 1532 2349 9234 1556 2378 9235 1908 2379 9236 1908 2379 9237 1907 2380 9238 1532 2349 9239 1533 2381 9240 1557 2382 9241 1558 2383 9242 1558 2383 9243 1534 2384 9244 1533 2381 9245 1534 2384 9246 1558 2383 9247 1559 2385 9248 1559 2385 9249 1535 2386 9250 1534 2384 9251 1535 2386 9252 1559 2385 9253 1560 2387 9254 1560 2387 9255 1536 2388 9256 1535 2386 9257 1536 2388 9258 1560 2387 9259 1561 2389 9260 1561 2389 9261 1537 2390 9262 1536 2388 9263 1537 2390 9264 1561 2389 9265 1562 2391 9266 1562 2391 9267 1538 2392 9268 1537 2390 9269 1538 2392 9270 1562 2391 9271 1563 2393 9272 1563 2393 9273 1539 2394 9274 1538 2392 9275 1539 2394 9276 1563 2393 9277 1564 2395 9278 1564 2395 9279 1540 2396 9280 1539 2394 9281 1540 2396 9282 1564 2395 9283 1565 2397 9284 1565 2397 9285 1541 2398 9286 1540 2396 9287 1541 2398 9288 1565 2397 9289 1566 2399 9290 1566 2399 9291 1542 2400 9292 1541 2398 9293 1542 2400 9294 1566 2399 9295 1567 2401 9296 1567 2401 9297 1543 2402 9298 1542 2400 9299 1543 2402 9300 1567 2401 9301 1568 2403 9302 1568 2403 9303 1544 2404 9304 1543 2402 9305 1544 2404 9306 1568 2403 9307 1569 2405 9308 1569 2405 9309 1545 2406 9310 1544 2404 9311 1545 2406 9312 1569 2405 9313 1570 2407 9314 1570 2407 9315 1546 2408 9316 1545 2406 9317 1546 2408 9318 1570 2407 9319 1571 2409 9320 1571 2409 9321 1547 2410 9322 1546 2408 9323 1547 2410 9324 1571 2409 9325 1572 2411 9326 1572 2411 9327 1548 2412 9328 1547 2410 9329 1548 2412 9330 1572 2411 9331 1573 2413 9332 1573 2413 9333 1549 2414 9334 1548 2412 9335 1549 2414 9336 1573 2413 9337 1574 2415 9338 1574 2415 9339 1550 2416 9340 1549 2414 9341 1550 2416 9342 1574 2415 9343 1575 2417 9344 1575 2417 9345 1551 2418 9346 1550 2416 9347 1551 2418 9348 1575 2417 9349 1576 2419 9350 1576 2419 9351 1552 2420 9352 1551 2418 9353 1552 2420 9354 1576 2419 9355 1577 2421 9356 1577 2421 9357 1553 2422 9358 1552 2420 9359 1553 2422 9360 1577 2421 9361 1578 2423 9362 1578 2423 9363 1554 2424 9364 1553 2422 9365 1554 2424 9366 1578 2423 9367 1579 2425 9368 1579 2425 9369 1555 2426 9370 1554 2424 9371 1555 2426 9372 1579 2425 9373 1580 2427 9374 1580 2427 9375 1556 2428 9376 1555 2426 9377 1556 2428 9378 1580 2427 9379 1557 2382 9380 1557 2382 9381 1533 2381 9382 1556 2428 9383 1557 2382 9384 1774 2429 9385 1775 2430 9386 1775 2430 9387 1558 2383 9388 1557 2382 9389 1558 2383 9390 1775 2430 9391 1776 2431 9392 1776 2431 9393 1559 2385 9394 1558 2383 9395 1559 2385 9396 1776 2431 9397 1777 2432 9398 1777 2432 9399 1560 2387 9400 1559 2385 9401 1560 2387 9402 1777 2432 9403 1778 2433 9404 1778 2433 9405 1561 2389 9406 1560 2387 9407 1561 2389 9408 1778 2433 9409 1779 2434 9410 1779 2434 9411 1562 2391 9412 1561 2389 9413 1562 2391 9414 1779 2434 9415 1780 2435 9416 1780 2435 9417 1563 2393 9418 1562 2391 9419 1563 2393 9420 1780 2435 9421 1781 2436 9422 1781 2436 9423 1564 2395 9424 1563 2393 9425 1564 2395 9426 1781 2436 9427 1782 2437 9428 1782 2437 9429 1565 2397 9430 1564 2395 9431 1566 2399 9432 1565 2397 9433 1782 2437 9434 1782 2437 9435 1783 2438 9436 1566 2399 9437 1567 2401 9438 1566 2399 9439 1783 2438 9440 1783 2438 9441 1784 2439 9442 1567 2401 9443 1568 2403 9444 1567 2401 9445 1784 2439 9446 1784 2439 9447 1785 2440 9448 1568 2403 9449 1569 2405 9450 1568 2403 9451 1785 2440 9452 1785 2440 9453 1786 2441 9454 1569 2405 9455 1569 2405 9456 1786 2441 9457 1787 2442 9458 1787 2442 9459 1570 2407 9460 1569 2405 9461 1570 2407 9462 1787 2442 9463 1788 2443 9464 1788 2443 9465 1571 2409 9466 1570 2407 9467 1571 2409 9468 1788 2443 9469 1789 2444 9470 1789 2444 9471 1572 2411 9472 1571 2409 9473 1573 2413 9474 1572 2411 9475 1789 2444 9476 1789 2444 9477 1790 2445 9478 1573 2413 9479 1574 2415 9480 1573 2413 9481 1790 2445 9482 1790 2445 9483 1791 2446 9484 1574 2415 9485 1575 2417 9486 1574 2415 9487 1791 2446 9488 1791 2446 9489 1792 2447 9490 1575 2417 9491 1576 2419 9492 1575 2417 9493 1792 2447 9494 1792 2447 9495 1793 2448 9496 1576 2419 9497 1577 2421 9498 1576 2419 9499 1793 2448 9500 1793 2448 9501 1794 2449 9502 1577 2421 9503 1578 2423 9504 1577 2421 9505 1794 2449 9506 1794 2449 9507 1795 2450 9508 1578 2423 9509 1579 2425 9510 1578 2423 9511 1795 2450 9512 1795 2450 9513 1796 2451 9514 1579 2425 9515 1580 2427 9516 1579 2425 9517 1796 2451 9518 1796 2451 9519 1797 2452 9520 1580 2427 9521 1557 2382 9522 1580 2427 9523 1797 2452 9524 1797 2452 9525 1774 2429 9526 1557 2382 9527 1823 2453 9528 1606 2454 9529 1605 2455 9530 1605 2455 9531 1822 2456 9532 1823 2453 9533 1824 2457 9534 1607 2458 9535 1606 2454 9536 1606 2454 9537 1823 2453 9538 1824 2457 9539 1825 2459 9540 1608 2460 9541 1607 2458 9542 1607 2458 9543 1824 2457 9544 1825 2459 9545 1826 2461 9546 1609 2462 9547 1608 2460 9548 1608 2460 9549 1825 2459 9550 1826 2461 9551 1827 2463 9552 1610 2464 9553 1609 2462 9554 1609 2462 9555 1826 2461 9556 1827 2463 9557 1828 2465 9558 1611 2466 9559 1610 2464 9560 1610 2464 9561 1827 2463 9562 1828 2465 9563 1829 2467 9564 1612 2468 9565 1611 2466 9566 1611 2466 9567 1828 2465 9568 1829 2467 9569 1830 2469 9570 1613 2470 9571 1612 2468 9572 1612 2468 9573 1829 2467 9574 1830 2469 9575 1831 2471 9576 1614 2472 9577 1613 2470 9578 1613 2470 9579 1830 2469 9580 1831 2471 9581 1832 2473 9582 1615 2474 9583 1614 2472 9584 1614 2472 9585 1831 2471 9586 1832 2473 9587 1833 2475 9588 1616 2476 9589 1615 2474 9590 1615 2474 9591 1832 2473 9592 1833 2475 9593 1834 2477 9594 1617 2478 9595 1616 2476 9596 1616 2476 9597 1833 2475 9598 1834 2477 9599 1835 2479 9600 1618 2480 9601 1617 2478 9602 1617 2478 9603 1834 2477 9604 1835 2479 9605 1836 2481 9606 1619 2482 9607 1618 2480 9608 1618 2480 9609 1835 2479 9610 1836 2481 9611 1837 2483 9612 1620 2484 9613 1619 2482 9614 1619 2482 9615 1836 2481 9616 1837 2483 9617 1838 2485 9618 1621 2486 9619 1620 2484 9620 1620 2484 9621 1837 2483 9622 1838 2485 9623 1839 2487 9624 1622 2488 9625 1621 2486 9626 1621 2486 9627 1838 2485 9628 1839 2487 9629 1840 2489 9630 1623 2490 9631 1622 2488 9632 1622 2488 9633 1839 2487 9634 1840 2489 9635 1841 2491 9636 1624 2492 9637 1623 2490 9638 1623 2490 9639 1840 2489 9640 1841 2491 9641 1842 2493 9642 1625 2494 9643 1624 2492 9644 1624 2492 9645 1841 2491 9646 1842 2493 9647 1843 2495 9648 1626 2496 9649 1625 2494 9650 1625 2494 9651 1842 2493 9652 1843 2495 9653 1844 2497 9654 1627 2498 9655 1626 2496 9656 1626 2496 9657 1843 2495 9658 1844 2497 9659 1845 2499 9660 1628 2500 9661 1627 2498 9662 1627 2498 9663 1844 2497 9664 1845 2499 9665 1822 2456 9666 1605 2455 9667 1628 2500 9668 1628 2500 9669 1845 2499 9670 1822 2456 9671 1630 2501 9672 1654 2502 9673 1653 2503 9674 1653 2503 9675 1629 2504 9676 1630 2501 9677 1631 2505 9678 1655 2506 9679 1654 2502 9680 1654 2502 9681 1630 2501 9682 1631 2505 9683 1632 2507 9684 1656 2508 9685 1655 2506 9686 1655 2506 9687 1631 2505 9688 1632 2507 9689 1633 2509 9690 1657 2510 9691 1656 2508 9692 1656 2508 9693 1632 2507 9694 1633 2509 9695 1634 2511 9696 1658 2512 9697 1657 2510 9698 1657 2510 9699 1633 2509 9700 1634 2511 9701 1635 2513 9702 1659 2514 9703 1658 2512 9704 1658 2512 9705 1634 2511 9706 1635 2513 9707 1636 2515 9708 1660 2516 9709 1659 2514 9710 1659 2514 9711 1635 2513 9712 1636 2515 9713 1637 2517 9714 1661 2518 9715 1660 2516 9716 1660 2516 9717 1636 2515 9718 1637 2517 9719 1638 2519 9720 1662 2520 9721 1661 2518 9722 1661 2518 9723 1637 2517 9724 1638 2519 9725 1639 2521 9726 1663 2522 9727 1662 2520 9728 1662 2520 9729 1638 2519 9730 1639 2521 9731 1640 2523 9732 1664 2524 9733 1663 2522 9734 1663 2522 9735 1639 2521 9736 1640 2523 9737 1641 2525 9738 1665 2526 9739 1664 2524 9740 1664 2524 9741 1640 2523 9742 1641 2525 9743 1642 2527 9744 1666 2528 9745 1665 2526 9746 1665 2526 9747 1641 2525 9748 1642 2527 9749 1643 2529 9750 1667 2530 9751 1666 2528 9752 1666 2528 9753 1642 2527 9754 1643 2529 9755 1644 2531 9756 1668 2532 9757 1667 2530 9758 1667 2530 9759 1643 2529 9760 1644 2531 9761 1645 2533 9762 1669 2534 9763 1668 2532 9764 1668 2532 9765 1644 2531 9766 1645 2533 9767 1646 2535 9768 1670 2536 9769 1669 2534 9770 1669 2534 9771 1645 2533 9772 1646 2535 9773 1647 2537 9774 1671 2538 9775 1670 2536 9776 1670 2536 9777 1646 2535 9778 1647 2537 9779 1648 2539 9780 1672 2540 9781 1671 2538 9782 1671 2538 9783 1647 2537 9784 1648 2539 9785 1649 2541 9786 1673 2542 9787 1672 2540 9788 1672 2540 9789 1648 2539 9790 1649 2541 9791 1650 2543 9792 1674 2544 9793 1673 2542 9794 1673 2542 9795 1649 2541 9796 1650 2543 9797 1651 2545 9798 1675 2546 9799 1674 2544 9800 1674 2544 9801 1650 2543 9802 1651 2545 9803 1652 2547 9804 1676 2548 9805 1675 2546 9806 1675 2546 9807 1651 2545 9808 1652 2547 9809 1629 2504 9810 1653 2503 9811 1676 2548 9812 1676 2548 9813 1652 2547 9814 1629 2504 9815 1653 2503 9816 1654 2502 9817 1702 2549 9818 1702 2549 9819 1701 2550 9820 1653 2503 9821 1654 2502 9822 1655 2506 9823 1703 2551 9824 1703 2551 9825 1702 2549 9826 1654 2502 9827 1655 2506 9828 1656 2508 9829 1704 2552 9830 1704 2552 9831 1703 2551 9832 1655 2506 9833 1656 2508 9834 1657 2510 9835 1705 2553 9836 1705 2553 9837 1704 2552 9838 1656 2508 9839 1657 2510 9840 1658 2512 9841 1706 2554 9842 1706 2554 9843 1705 2553 9844 1657 2510 9845 1658 2512 9846 1659 2514 9847 1707 2555 9848 1707 2555 9849 1706 2554 9850 1658 2512 9851 1659 2514 9852 1660 2516 9853 1708 2556 9854 1708 2556 9855 1707 2555 9856 1659 2514 9857 1660 2516 9858 1661 2518 9859 1709 2557 9860 1709 2557 9861 1708 2556 9862 1660 2516 9863 1661 2518 9864 1662 2520 9865 1710 2558 9866 1710 2558 9867 1709 2557 9868 1661 2518 9869 1662 2520 9870 1663 2522 9871 1711 2559 9872 1711 2559 9873 1710 2558 9874 1662 2520 9875 1663 2522 9876 1664 2524 9877 1712 2560 9878 1712 2560 9879 1711 2559 9880 1663 2522 9881 1664 2524 9882 1665 2526 9883 1713 2561 9884 1713 2561 9885 1712 2560 9886 1664 2524 9887 1665 2526 9888 1666 2528 9889 1714 2562 9890 1714 2562 9891 1713 2561 9892 1665 2526 9893 1666 2528 9894 1667 2530 9895 1715 2563 9896 1715 2563 9897 1714 2562 9898 1666 2528 9899 1667 2530 9900 1668 2532 9901 1716 2564 9902 1716 2564 9903 1715 2563 9904 1667 2530 9905 1668 2532 9906 1669 2534 9907 1717 2565 9908 1717 2565 9909 1716 2564 9910 1668 2532 9911 1669 2534 9912 1670 2536 9913 1718 2566 9914 1718 2566 9915 1717 2565 9916 1669 2534 9917 1670 2536 9918 1671 2538 9919 1719 2567 9920 1719 2567 9921 1718 2566 9922 1670 2536 9923 1671 2538 9924 1672 2540 9925 1720 2568 9926 1720 2568 9927 1719 2567 9928 1671 2538 9929 1672 2540 9930 1673 2542 9931 1721 2569 9932 1721 2569 9933 1720 2568 9934 1672 2540 9935 1673 2542 9936 1674 2544 9937 1722 2570 9938 1722 2570 9939 1721 2569 9940 1673 2542 9941 1674 2544 9942 1675 2546 9943 1723 2571 9944 1723 2571 9945 1722 2570 9946 1674 2544 9947 1675 2546 9948 1676 2548 9949 1724 2572 9950 1724 2572 9951 1723 2571 9952 1675 2546 9953 1676 2548 9954 1653 2503 9955 1701 2550 9956 1701 2550 9957 1724 2572 9958 1676 2548 9959 1677 2573 9960 1701 2550 9961 1702 2549 9962 1702 2549 9963 1678 2574 9964 1677 2573 9965 1678 2574 9966 1702 2549 9967 1703 2551 9968 1703 2551 9969 1679 2575 9970 1678 2574 9971 1679 2575 9972 1703 2551 9973 1704 2552 9974 1704 2552 9975 1680 2576 9976 1679 2575 9977 1680 2576 9978 1704 2552 9979 1705 2553 9980 1705 2553 9981 1681 2577 9982 1680 2576 9983 1681 2577 9984 1705 2553 9985 1706 2554 9986 1706 2554 9987 1682 2578 9988 1681 2577 9989 1682 2578 9990 1706 2554 9991 1707 2555 9992 1707 2555 9993 1683 2579 9994 1682 2578 9995 1683 2579 9996 1707 2555 9997 1708 2556 9998 1708 2556 9999 1684 2580 10000 1683 2579 10001 1684 2580 10002 1708 2556 10003 1709 2557 10004 1709 2557 10005 1685 2581 10006 1684 2580 10007 1685 2581 10008 1709 2557 10009 1710 2558 10010 1710 2558 10011 1686 2582 10012 1685 2581 10013 1686 2582 10014 1710 2558 10015 1711 2559 10016 1711 2559 10017 1687 2583 10018 1686 2582 10019 1687 2583 10020 1711 2559 10021 1712 2560 10022 1712 2560 10023 1688 2584 10024 1687 2583 10025 1688 2584 10026 1712 2560 10027 1713 2561 10028 1713 2561 10029 1689 2585 10030 1688 2584 10031 1689 2585 10032 1713 2561 10033 1714 2562 10034 1714 2562 10035 1690 2586 10036 1689 2585 10037 1690 2586 10038 1714 2562 10039 1715 2563 10040 1715 2563 10041 1691 2587 10042 1690 2586 10043 1691 2587 10044 1715 2563 10045 1716 2564 10046 1716 2564 10047 1692 2588 10048 1691 2587 10049 1692 2588 10050 1716 2564 10051 1717 2565 10052 1717 2565 10053 1693 2589 10054 1692 2588 10055 1693 2589 10056 1717 2565 10057 1718 2566 10058 1718 2566 10059 1694 2590 10060 1693 2589 10061 1694 2590 10062 1718 2566 10063 1719 2567 10064 1719 2567 10065 1695 2591 10066 1694 2590 10067 1695 2591 10068 1719 2567 10069 1720 2568 10070 1720 2568 10071 1696 2592 10072 1695 2591 10073 1696 2592 10074 1720 2568 10075 1721 2569 10076 1721 2569 10077 1697 2593 10078 1696 2592 10079 1697 2593 10080 1721 2569 10081 1722 2570 10082 1722 2570 10083 1698 2594 10084 1697 2593 10085 1698 2594 10086 1722 2570 10087 1723 2571 10088 1723 2571 10089 1699 2595 10090 1698 2594 10091 1699 2595 10092 1723 2571 10093 1724 2572 10094 1724 2572 10095 1700 2596 10096 1699 2595 10097 1700 2596 10098 1724 2572 10099 1701 2550 10100 1701 2550 10101 1677 2573 10102 1700 2596 10103 1582 2597 10104 1581 2598 10105 1725 2599 10106 1725 2599 10107 1726 2600 10108 1582 2597 10109 1583 2601 10110 1582 2597 10111 1726 2600 10112 1726 2600 10113 1727 2602 10114 1583 2601 10115 1584 2603 10116 1583 2601 10117 1727 2602 10118 1727 2602 10119 1728 2604 10120 1584 2603 10121 1585 2605 10122 1584 2603 10123 1728 2604 10124 1728 2604 10125 1729 2606 10126 1585 2605 10127 1586 2607 10128 1585 2605 10129 1729 2606 10130 1729 2606 10131 1730 2608 10132 1586 2607 10133 1587 2609 10134 1586 2607 10135 1730 2608 10136 1730 2608 10137 1731 2610 10138 1587 2609 10139 1588 2611 10140 1587 2609 10141 1731 2610 10142 1731 2610 10143 1732 2612 10144 1588 2611 10145 1589 2613 10146 1588 2611 10147 1732 2612 10148 1732 2612 10149 1733 2614 10150 1589 2613 10151 1590 2615 10152 1589 2613 10153 1733 2614 10154 1733 2614 10155 1734 2616 10156 1590 2615 10157 1591 2617 10158 1590 2615 10159 1734 2616 10160 1734 2616 10161 1735 2618 10162 1591 2617 10163 1592 2619 10164 1591 2617 10165 1735 2618 10166 1735 2618 10167 1736 2620 10168 1592 2619 10169 1593 2621 10170 1592 2619 10171 1736 2620 10172 1736 2620 10173 1737 2622 10174 1593 2621 10175 1594 2623 10176 1593 2621 10177 1737 2622 10178 1737 2622 10179 1738 2624 10180 1594 2623 10181 1595 2625 10182 1594 2623 10183 1738 2624 10184 1738 2624 10185 1739 2626 10186 1595 2625 10187 1596 2627 10188 1595 2625 10189 1739 2626 10190 1739 2626 10191 1740 2628 10192 1596 2627 10193 1597 2629 10194 1596 2627 10195 1740 2628 10196 1740 2628 10197 1741 2630 10198 1597 2629 10199 1598 2631 10200 1597 2629 10201 1741 2630 10202 1741 2630 10203 1742 2632 10204 1598 2631 10205 1599 2633 10206 1598 2631 10207 1742 2632 10208 1742 2632 10209 1743 2634 10210 1599 2633 10211 1600 2635 10212 1599 2633 10213 1743 2634 10214 1743 2634 10215 1744 2636 10216 1600 2635 10217 1601 2637 10218 1600 2635 10219 1744 2636 10220 1744 2636 10221 1745 2638 10222 1601 2637 10223 1602 2639 10224 1601 2637 10225 1745 2638 10226 1745 2638 10227 1746 2640 10228 1602 2639 10229 1603 2641 10230 1602 2639 10231 1746 2640 10232 1746 2640 10233 1747 2642 10234 1603 2641 10235 1604 2643 10236 1603 2641 10237 1747 2642 10238 1747 2642 10239 1748 2644 10240 1604 2643 10241 1581 2598 10242 1604 2643 10243 1748 2644 10244 1748 2644 10245 1725 2599 10246 1581 2598 10247 1734 2616 10248 1733 2614 10249 1749 2645 10250 1749 2645 10251 1735 2618 10252 1734 2616 10253 1733 2614 10254 1732 2612 10255 1750 2646 10256 1750 2646 10257 1749 2645 10258 1733 2614 10259 1731 2610 10260 1730 2608 10261 1752 2647 10262 1752 2647 10263 1751 2648 10264 1731 2610 10265 1729 2606 10266 1728 2604 10267 1727 2602 10268 1727 2602 10269 1753 2649 10270 1729 2606 10271 1735 2618 10272 1749 2645 10273 1754 2650 10274 1754 2650 10275 1736 2620 10276 1735 2618 10277 1749 2645 10278 1750 2646 10279 1755 2651 10280 1755 2651 10281 1754 2650 10282 1749 2645 10283 1751 2648 10284 1752 2647 10285 1757 2652 10286 1757 2652 10287 1756 2653 10288 1751 2648 10289 1753 2649 10290 1727 2602 10291 1726 2600 10292 1726 2600 10293 1758 2654 10294 1753 2649 10295 1736 2620 10296 1754 2650 10297 1759 2655 10298 1759 2655 10299 1737 2622 10300 1736 2620 10301 1754 2650 10302 1755 2651 10303 1760 2656 10304 1760 2656 10305 1759 2655 10306 1754 2650 10307 1756 2653 10308 1757 2652 10309 1762 2657 10310 1762 2657 10311 1761 2658 10312 1756 2653 10313 1758 2654 10314 1726 2600 10315 1725 2599 10316 1725 2599 10317 1763 2659 10318 1758 2654 10319 1737 2622 10320 1759 2655 10321 1764 2660 10322 1764 2660 10323 1738 2624 10324 1737 2622 10325 1759 2655 10326 1760 2656 10327 1765 2661 10328 1765 2661 10329 1764 2660 10330 1759 2655 10331 1761 2658 10332 1762 2657 10333 1767 2662 10334 1767 2662 10335 1766 2663 10336 1761 2658 10337 1763 2659 10338 1725 2599 10339 1748 2644 10340 1748 2644 10341 1768 2664 10342 1763 2659 10343 1738 2624 10344 1764 2660 10345 1769 2665 10346 1769 2665 10347 1739 2626 10348 1738 2624 10349 1764 2660 10350 1765 2661 10351 1770 2666 10352 1770 2666 10353 1769 2665 10354 1764 2660 10355 1766 2663 10356 1767 2662 10357 1772 2667 10358 1772 2667 10359 1771 2668 10360 1766 2663 10361 1768 2664 10362 1748 2644 10363 1747 2642 10364 1747 2642 10365 1773 2669 10366 1768 2664 10367 1740 2628 10368 1739 2626 10369 1769 2665 10370 1769 2665 10371 1741 2630 10372 1740 2628 10373 1769 2665 10374 1770 2666 10375 1742 2632 10376 1742 2632 10377 1741 2630 10378 1769 2665 10379 1771 2668 10380 1772 2667 10381 1744 2636 10382 1744 2636 10383 1743 2634 10384 1771 2668 10385 1773 2669 10386 1747 2642 10387 1746 2640 10388 1746 2640 10389 1745 2638 10390 1773 2669 10391 1731 2610 10392 1751 2648 10393 1750 2646 10394 1750 2646 10395 1732 2612 10396 1731 2610 10397 1729 2606 10398 1753 2649 10399 1752 2647 10400 1752 2647 10401 1730 2608 10402 1729 2606 10403 1751 2648 10404 1756 2653 10405 1755 2651 10406 1755 2651 10407 1750 2646 10408 1751 2648 10409 1753 2649 10410 1758 2654 10411 1757 2652 10412 1757 2652 10413 1752 2647 10414 1753 2649 10415 1756 2653 10416 1761 2658 10417 1760 2656 10418 1760 2656 10419 1755 2651 10420 1756 2653 10421 1758 2654 10422 1763 2659 10423 1762 2657 10424 1762 2657 10425 1757 2652 10426 1758 2654 10427 1761 2658 10428 1766 2663 10429 1765 2661 10430 1765 2661 10431 1760 2656 10432 1761 2658 10433 1763 2659 10434 1768 2664 10435 1767 2662 10436 1767 2662 10437 1762 2657 10438 1763 2659 10439 1766 2663 10440 1771 2668 10441 1770 2666 10442 1770 2666 10443 1765 2661 10444 1766 2663 10445 1768 2664 10446 1773 2669 10447 1772 2667 10448 1772 2667 10449 1767 2662 10450 1768 2664 10451 1771 2668 10452 1743 2634 10453 1742 2632 10454 1742 2632 10455 1770 2666 10456 1771 2668 10457 1773 2669 10458 1745 2638 10459 1744 2636 10460 1744 2636 10461 1772 2667 10462 1773 2669 10463 1582 2670 10464 1775 2430 10465 1774 2429 10466 1774 2429 10467 1581 2671 10468 1582 2670 10469 1583 2672 10470 1776 2431 10471 1775 2430 10472 1775 2430 10473 1582 2670 10474 1583 2672 10475 1584 2673 10476 1777 2432 10477 1776 2431 10478 1776 2431 10479 1583 2672 10480 1584 2673 10481 1585 2674 10482 1778 2433 10483 1777 2432 10484 1777 2432 10485 1584 2673 10486 1585 2674 10487 1586 2675 10488 1779 2434 10489 1778 2433 10490 1778 2433 10491 1585 2674 10492 1586 2675 10493 1587 2676 10494 1780 2435 10495 1779 2434 10496 1779 2434 10497 1586 2675 10498 1587 2676 10499 1588 2677 10500 1781 2436 10501 1780 2435 10502 1780 2435 10503 1587 2676 10504 1588 2677 10505 1589 2678 10506 1782 2437 10507 1781 2436 10508 1781 2436 10509 1588 2677 10510 1589 2678 10511 1590 2679 10512 1783 2438 10513 1782 2437 10514 1782 2437 10515 1589 2678 10516 1590 2679 10517 1591 2680 10518 1784 2439 10519 1783 2438 10520 1783 2438 10521 1590 2679 10522 1591 2680 10523 1592 2681 10524 1785 2440 10525 1784 2439 10526 1784 2439 10527 1591 2680 10528 1592 2681 10529 1593 2682 10530 1786 2441 10531 1785 2440 10532 1785 2440 10533 1592 2681 10534 1593 2682 10535 1594 2683 10536 1787 2442 10537 1786 2441 10538 1786 2441 10539 1593 2682 10540 1594 2683 10541 1595 2684 10542 1788 2443 10543 1787 2442 10544 1787 2442 10545 1594 2683 10546 1595 2684 10547 1596 2685 10548 1789 2444 10549 1788 2443 10550 1788 2443 10551 1595 2684 10552 1596 2685 10553 1790 2445 10554 1789 2444 10555 1596 2685 10556 1596 2685 10557 1597 2686 10558 1790 2445 10559 1791 2446 10560 1790 2445 10561 1597 2686 10562 1597 2686 10563 1598 2687 10564 1791 2446 10565 1792 2447 10566 1791 2446 10567 1598 2687 10568 1598 2687 10569 1599 2688 10570 1792 2447 10571 1793 2448 10572 1792 2447 10573 1599 2688 10574 1599 2688 10575 1600 2689 10576 1793 2448 10577 1794 2449 10578 1793 2448 10579 1600 2689 10580 1600 2689 10581 1601 2690 10582 1794 2449 10583 1795 2450 10584 1794 2449 10585 1601 2690 10586 1601 2690 10587 1602 2691 10588 1795 2450 10589 1796 2451 10590 1795 2450 10591 1602 2691 10592 1602 2691 10593 1603 2692 10594 1796 2451 10595 1797 2452 10596 1796 2451 10597 1603 2692 10598 1603 2692 10599 1604 2693 10600 1797 2452 10601 1774 2429 10602 1797 2452 10603 1604 2693 10604 1604 2693 10605 1581 2671 10606 1774 2429 10607 1318 2694 10608 1319 2695 10609 1823 2696 10610 1823 2696 10611 1822 2697 10612 1318 2694 10613 1319 2695 10614 1320 2698 10615 1824 2699 10616 1824 2699 10617 1823 2696 10618 1319 2695 10619 1320 2698 10620 1321 2700 10621 1825 2701 10622 1825 2701 10623 1824 2699 10624 1320 2698 10625 1321 2700 10626 1322 2702 10627 1826 2703 10628 1826 2703 10629 1825 2701 10630 1321 2700 10631 1322 2702 10632 1323 2704 10633 1827 2705 10634 1827 2705 10635 1826 2703 10636 1322 2702 10637 1323 2704 10638 1324 2706 10639 1828 2707 10640 1828 2707 10641 1827 2705 10642 1323 2704 10643 1324 2706 10644 1325 2708 10645 1829 2709 10646 1829 2709 10647 1828 2707 10648 1324 2706 10649 1325 2708 10650 1326 2710 10651 1830 2711 10652 1830 2711 10653 1829 2709 10654 1325 2708 10655 1326 2710 10656 1327 2712 10657 1831 2713 10658 1831 2713 10659 1830 2711 10660 1326 2710 10661 1327 2712 10662 1328 2714 10663 1832 2715 10664 1832 2715 10665 1831 2713 10666 1327 2712 10667 1328 2714 10668 1329 2716 10669 1833 2717 10670 1833 2717 10671 1832 2715 10672 1328 2714 10673 1329 2716 10674 1330 2718 10675 1834 2719 10676 1834 2719 10677 1833 2717 10678 1329 2716 10679 1330 2718 10680 1331 2720 10681 1835 2721 10682 1835 2721 10683 1834 2719 10684 1330 2718 10685 1331 2720 10686 1332 2722 10687 1836 2723 10688 1836 2723 10689 1835 2721 10690 1331 2720 10691 1332 2722 10692 1333 2724 10693 1837 2725 10694 1837 2725 10695 1836 2723 10696 1332 2722 10697 1333 2724 10698 1334 2726 10699 1838 2727 10700 1838 2727 10701 1837 2725 10702 1333 2724 10703 1334 2726 10704 1335 2728 10705 1839 2729 10706 1839 2729 10707 1838 2727 10708 1334 2726 10709 1335 2728 10710 1336 2730 10711 1840 2731 10712 1840 2731 10713 1839 2729 10714 1335 2728 10715 1336 2730 10716 1337 2732 10717 1841 2733 10718 1841 2733 10719 1840 2731 10720 1336 2730 10721 1337 2732 10722 1338 2734 10723 1842 2735 10724 1842 2735 10725 1841 2733 10726 1337 2732 10727 1338 2734 10728 1339 2736 10729 1843 2737 10730 1843 2737 10731 1842 2735 10732 1338 2734 10733 1339 2736 10734 1340 2738 10735 1844 2739 10736 1844 2739 10737 1843 2737 10738 1339 2736 10739 1340 2738 10740 1341 2740 10741 1845 2741 10742 1845 2741 10743 1844 2739 10744 1340 2738 10745 1341 2740 10746 1318 2694 10747 1822 2697 10748 1822 2697 10749 1845 2741 10750 1341 2740 10751 1367 2742 10752 1366 2743 10753 1846 2744 10754 1846 2744 10755 1847 2745 10756 1367 2742 10757 1368 2746 10758 1367 2742 10759 1847 2745 10760 1847 2745 10761 1848 2747 10762 1368 2746 10763 1369 2748 10764 1368 2746 10765 1848 2747 10766 1848 2747 10767 1849 2749 10768 1369 2748 10769 1370 2750 10770 1369 2748 10771 1849 2749 10772 1849 2749 10773 1850 2751 10774 1370 2750 10775 1371 2752 10776 1370 2750 10777 1850 2751 10778 1850 2751 10779 1851 2753 10780 1371 2752 10781 1372 2754 10782 1371 2752 10783 1851 2753 10784 1851 2753 10785 1852 2755 10786 1372 2754 10787 1373 2756 10788 1372 2754 10789 1852 2755 10790 1852 2755 10791 1853 2757 10792 1373 2756 10793 1374 2758 10794 1373 2756 10795 1853 2757 10796 1853 2757 10797 1854 2759 10798 1374 2758 10799 1375 2760 10800 1374 2758 10801 1854 2759 10802 1854 2759 10803 1855 2761 10804 1375 2760 10805 1376 2762 10806 1375 2760 10807 1855 2761 10808 1855 2761 10809 1856 2763 10810 1376 2762 10811 1377 2764 10812 1376 2762 10813 1856 2763 10814 1856 2763 10815 1857 2765 10816 1377 2764 10817 1378 2766 10818 1377 2764 10819 1857 2765 10820 1857 2765 10821 1858 2767 10822 1378 2766 10823 1379 2768 10824 1378 2766 10825 1858 2767 10826 1858 2767 10827 1859 2769 10828 1379 2768 10829 1380 2770 10830 1379 2768 10831 1859 2769 10832 1859 2769 10833 1860 2771 10834 1380 2770 10835 1381 2772 10836 1380 2770 10837 1860 2771 10838 1860 2771 10839 1861 2773 10840 1381 2772 10841 1382 2774 10842 1381 2772 10843 1861 2773 10844 1861 2773 10845 1862 2775 10846 1382 2774 10847 1383 2776 10848 1382 2774 10849 1862 2775 10850 1862 2775 10851 1863 2777 10852 1383 2776 10853 1384 2778 10854 1383 2776 10855 1863 2777 10856 1863 2777 10857 1864 2779 10858 1384 2778 10859 1385 2780 10860 1384 2778 10861 1864 2779 10862 1864 2779 10863 1865 2781 10864 1385 2780 10865 1386 2782 10866 1385 2780 10867 1865 2781 10868 1865 2781 10869 1866 2783 10870 1386 2782 10871 1387 2784 10872 1386 2782 10873 1866 2783 10874 1866 2783 10875 1867 2785 10876 1387 2784 10877 1388 2786 10878 1387 2784 10879 1867 2785 10880 1867 2785 10881 1868 2787 10882 1388 2786 10883 1389 2788 10884 1388 2786 10885 1868 2787 10886 1868 2787 10887 1869 2789 10888 1389 2788 10889 1366 2743 10890 1389 2788 10891 1869 2789 10892 1869 2789 10893 1846 2744 10894 1366 2743 10895 1629 2504 10896 1870 2790 10897 1871 2791 10898 1871 2791 10899 1630 2501 10900 1629 2504 10901 1606 2792 10902 1871 2791 10903 1870 2790 10904 1870 2790 10905 1605 2793 10906 1606 2792 10907 1630 2501 10908 1871 2791 10909 1872 2794 10910 1872 2794 10911 1631 2505 10912 1630 2501 10913 1607 2795 10914 1872 2794 10915 1871 2791 10916 1871 2791 10917 1606 2792 10918 1607 2795 10919 1631 2505 10920 1872 2794 10921 1873 2796 10922 1873 2796 10923 1632 2507 10924 1631 2505 10925 1608 2797 10926 1873 2796 10927 1872 2794 10928 1872 2794 10929 1607 2795 10930 1608 2797 10931 1632 2507 10932 1873 2796 10933 1874 2798 10934 1874 2798 10935 1633 2509 10936 1632 2507 10937 1609 2799 10938 1874 2798 10939 1873 2796 10940 1873 2796 10941 1608 2797 10942 1609 2799 10943 1633 2509 10944 1874 2798 10945 1875 2800 10946 1875 2800 10947 1634 2511 10948 1633 2509 10949 1610 2801 10950 1875 2800 10951 1874 2798 10952 1874 2798 10953 1609 2799 10954 1610 2801 10955 1634 2511 10956 1875 2800 10957 1876 2802 10958 1876 2802 10959 1635 2513 10960 1634 2511 10961 1611 2803 10962 1876 2802 10963 1875 2800 10964 1875 2800 10965 1610 2801 10966 1611 2803 10967 1635 2513 10968 1876 2802 10969 1877 2804 10970 1877 2804 10971 1636 2515 10972 1635 2513 10973 1612 2805 10974 1877 2804 10975 1876 2802 10976 1876 2802 10977 1611 2803 10978 1612 2805 10979 1636 2515 10980 1877 2804 10981 1878 2806 10982 1878 2806 10983 1637 2517 10984 1636 2515 10985 1613 2807 10986 1878 2806 10987 1877 2804 10988 1877 2804 10989 1612 2805 10990 1613 2807 10991 1637 2517 10992 1878 2806 10993 1879 2808 10994 1879 2808 10995 1638 2519 10996 1637 2517 10997 1614 2809 10998 1879 2808 10999 1878 2806 11000 1878 2806 11001 1613 2807 11002 1614 2809 11003 1638 2519 11004 1879 2808 11005 1880 2810 11006 1880 2810 11007 1639 2521 11008 1638 2519 11009 1615 2811 11010 1880 2810 11011 1879 2808 11012 1879 2808 11013 1614 2809 11014 1615 2811 11015 1639 2521 11016 1880 2810 11017 1881 2812 11018 1881 2812 11019 1640 2523 11020 1639 2521 11021 1616 2813 11022 1881 2812 11023 1880 2810 11024 1880 2810 11025 1615 2811 11026 1616 2813 11027 1640 2523 11028 1881 2812 11029 1882 2814 11030 1882 2814 11031 1641 2525 11032 1640 2523 11033 1617 2815 11034 1882 2814 11035 1881 2812 11036 1881 2812 11037 1616 2813 11038 1617 2815 11039 1641 2525 11040 1882 2814 11041 1883 2816 11042 1883 2816 11043 1642 2527 11044 1641 2525 11045 1618 2817 11046 1883 2816 11047 1882 2814 11048 1882 2814 11049 1617 2815 11050 1618 2817 11051 1642 2527 11052 1883 2816 11053 1884 2818 11054 1884 2818 11055 1643 2529 11056 1642 2527 11057 1619 2819 11058 1884 2818 11059 1883 2816 11060 1883 2816 11061 1618 2817 11062 1619 2819 11063 1643 2529 11064 1884 2818 11065 1885 2820 11066 1885 2820 11067 1644 2531 11068 1643 2529 11069 1620 2821 11070 1885 2820 11071 1884 2818 11072 1884 2818 11073 1619 2819 11074 1620 2821 11075 1644 2531 11076 1885 2820 11077 1886 2822 11078 1886 2822 11079 1645 2533 11080 1644 2531 11081 1621 2823 11082 1886 2822 11083 1885 2820 11084 1885 2820 11085 1620 2821 11086 1621 2823 11087 1645 2533 11088 1886 2822 11089 1887 2824 11090 1887 2824 11091 1646 2535 11092 1645 2533 11093 1622 2825 11094 1887 2824 11095 1886 2822 11096 1886 2822 11097 1621 2823 11098 1622 2825 11099 1646 2535 11100 1887 2824 11101 1888 2826 11102 1888 2826 11103 1647 2537 11104 1646 2535 11105 1623 2827 11106 1888 2826 11107 1887 2824 11108 1887 2824 11109 1622 2825 11110 1623 2827 11111 1647 2537 11112 1888 2826 11113 1889 2828 11114 1889 2828 11115 1648 2539 11116 1647 2537 11117 1624 2829 11118 1889 2828 11119 1888 2826 11120 1888 2826 11121 1623 2827 11122 1624 2829 11123 1648 2539 11124 1889 2828 11125 1890 2830 11126 1890 2830 11127 1649 2541 11128 1648 2539 11129 1625 2831 11130 1890 2830 11131 1889 2828 11132 1889 2828 11133 1624 2829 11134 1625 2831 11135 1649 2541 11136 1890 2830 11137 1891 2832 11138 1891 2832 11139 1650 2543 11140 1649 2541 11141 1626 2833 11142 1891 2832 11143 1890 2830 11144 1890 2830 11145 1625 2831 11146 1626 2833 11147 1650 2543 11148 1891 2832 11149 1892 2834 11150 1892 2834 11151 1651 2545 11152 1650 2543 11153 1627 2835 11154 1892 2834 11155 1891 2832 11156 1891 2832 11157 1626 2833 11158 1627 2835 11159 1651 2545 11160 1892 2834 11161 1893 2836 11162 1893 2836 11163 1652 2547 11164 1651 2545 11165 1628 2837 11166 1893 2836 11167 1892 2834 11168 1892 2834 11169 1627 2835 11170 1628 2837 11171 1652 2547 11172 1893 2836 11173 1870 2790 11174 1870 2790 11175 1629 2504 11176 1652 2547 11177 1605 2793 11178 1870 2790 11179 1893 2836 11180 1893 2836 11181 1628 2837 11182 1605 2793 11183 1533 2838 11184 1534 2356 11185 1904 2355 11186 1904 2355 11187 1909 2839 11188 1533 2838 11189 1902 2353 11190 1897 2840 11191 1896 2301 11192 1896 2301 11193 1905 2304 11194 1902 2353 11195 1907 2380 11196 1899 2841 11197 1898 2842 11198 1898 2842 11199 1906 2352 11200 1907 2380 11201 1909 2839 11202 1901 2843 11203 1900 2844 11204 1900 2844 11205 1908 2379 11206 1909 2839 11207 1905 2304 11208 1903 2303 11209 1510 2306 11210 1510 2306 11211 1487 2305 11212 1905 2304 11213 1902 2353 11214 1906 2352 11215 1898 2842 11216 1898 2842 11217 1897 2840 11218 1902 2353 11219 1510 2306 11220 1903 2303 11221 1904 2355 11222 1904 2355 11223 1534 2356 11224 1510 2306 11225 1907 2380 11226 1908 2379 11227 1900 2844 11228 1900 2844 11229 1899 2841 11230 1907 2380 11231 1909 2839 11232 1904 2355 11233 1894 2354 11234 1894 2354 11235 1901 2843 11236 1909 2839 11237 1486 2351 11238 1902 2353 11239 1905 2304 11240 1905 2304 11241 1487 2305 11242 1486 2351 11243 1532 2349 11244 1907 2380 11245 1906 2352 11246 1906 2352 11247 1509 2350 11248 1532 2349 11249 1533 2838 11250 1909 2839 11251 1908 2379 11252 1908 2379 11253 1556 2378 11254 1533 2838 11255 1911 2845 11256 1910 2846 11257 1304 2847 11258 1304 2847 11259 1303 2848 11260 1911 2845 11261 1895 2849 11262 1896 2850 11263 1910 2846 11264 1910 2846 11265 1911 2845 11266 1895 2849 11267 1941 2851 11268 1911 2845 11269 1303 2848 11270 1303 2848 11271 1302 2852 11272 1941 2851 11273 1894 2853 11274 1895 2849 11275 1911 2845 11276 1911 2845 11277 1941 2851 11278 1894 2853 11279 1935 2854 11280 1912 2855 11281 1086 2856 11282 1086 2856 11283 1085 2857 11284 1935 2854 11285 1677 2858 11286 1678 2859 11287 1912 2855 11288 1912 2855 11289 1935 2854 11290 1677 2858 11291 1912 2855 11292 1913 2860 11293 1087 2861 11294 1087 2861 11295 1086 2856 11296 1912 2855 11297 1678 2859 11298 1679 2862 11299 1913 2860 11300 1913 2860 11301 1912 2855 11302 1678 2859 11303 1913 2860 11304 1914 2863 11305 1088 2864 11306 1088 2864 11307 1087 2861 11308 1913 2860 11309 1679 2862 11310 1680 2865 11311 1914 2863 11312 1914 2863 11313 1913 2860 11314 1679 2862 11315 1914 2863 11316 1915 2866 11317 1089 2867 11318 1089 2867 11319 1088 2864 11320 1914 2863 11321 1680 2865 11322 1681 2868 11323 1915 2866 11324 1915 2866 11325 1914 2863 11326 1680 2865 11327 1915 2866 11328 1916 2869 11329 1090 2870 11330 1090 2870 11331 1089 2867 11332 1915 2866 11333 1681 2868 11334 1682 2871 11335 1916 2869 11336 1916 2869 11337 1915 2866 11338 1681 2868 11339 1916 2869 11340 1917 2872 11341 1091 2873 11342 1091 2873 11343 1090 2870 11344 1916 2869 11345 1682 2871 11346 1683 2874 11347 1917 2872 11348 1917 2872 11349 1916 2869 11350 1682 2871 11351 1917 2872 11352 1918 2875 11353 1092 2876 11354 1092 2876 11355 1091 2873 11356 1917 2872 11357 1683 2874 11358 1684 2877 11359 1918 2875 11360 1918 2875 11361 1917 2872 11362 1683 2874 11363 1918 2875 11364 1919 2878 11365 1093 2879 11366 1093 2879 11367 1092 2876 11368 1918 2875 11369 1684 2877 11370 1685 2880 11371 1919 2878 11372 1919 2878 11373 1918 2875 11374 1684 2877 11375 1919 2878 11376 1920 2881 11377 1094 2882 11378 1094 2882 11379 1093 2879 11380 1919 2878 11381 1685 2880 11382 1686 2883 11383 1920 2881 11384 1920 2881 11385 1919 2878 11386 1685 2880 11387 1920 2881 11388 1921 2884 11389 1095 2885 11390 1095 2885 11391 1094 2882 11392 1920 2881 11393 1686 2883 11394 1687 2886 11395 1921 2884 11396 1921 2884 11397 1920 2881 11398 1686 2883 11399 1921 2884 11400 1922 2887 11401 1096 2888 11402 1096 2888 11403 1095 2885 11404 1921 2884 11405 1687 2886 11406 1688 2889 11407 1922 2887 11408 1922 2887 11409 1921 2884 11410 1687 2886 11411 1922 2887 11412 1923 2890 11413 1097 2891 11414 1097 2891 11415 1096 2888 11416 1922 2887 11417 1688 2889 11418 1689 2892 11419 1923 2890 11420 1923 2890 11421 1922 2887 11422 1688 2889 11423 1923 2890 11424 1924 2893 11425 1098 2894 11426 1098 2894 11427 1097 2891 11428 1923 2890 11429 1689 2892 11430 1690 2895 11431 1924 2893 11432 1924 2893 11433 1923 2890 11434 1689 2892 11435 1924 2893 11436 1925 2896 11437 1099 2897 11438 1099 2897 11439 1098 2894 11440 1924 2893 11441 1690 2895 11442 1691 2898 11443 1925 2896 11444 1925 2896 11445 1924 2893 11446 1690 2895 11447 1925 2896 11448 1926 2899 11449 1100 2900 11450 1100 2900 11451 1099 2897 11452 1925 2896 11453 1691 2898 11454 1692 2901 11455 1926 2899 11456 1926 2899 11457 1925 2896 11458 1691 2898 11459 1926 2899 11460 1927 2902 11461 1101 2903 11462 1101 2903 11463 1100 2900 11464 1926 2899 11465 1692 2901 11466 1693 2904 11467 1927 2902 11468 1927 2902 11469 1926 2899 11470 1692 2901 11471 1927 2902 11472 1928 2905 11473 1102 2906 11474 1102 2906 11475 1101 2903 11476 1927 2902 11477 1693 2904 11478 1694 2907 11479 1928 2905 11480 1928 2905 11481 1927 2902 11482 1693 2904 11483 1928 2905 11484 1929 2908 11485 1103 2909 11486 1103 2909 11487 1102 2906 11488 1928 2905 11489 1694 2907 11490 1695 2910 11491 1929 2908 11492 1929 2908 11493 1928 2905 11494 1694 2907 11495 1929 2908 11496 1930 2911 11497 1104 2912 11498 1104 2912 11499 1103 2909 11500 1929 2908 11501 1695 2910 11502 1696 2913 11503 1930 2911 11504 1930 2911 11505 1929 2908 11506 1695 2910 11507 1930 2911 11508 1931 2914 11509 1105 2915 11510 1105 2915 11511 1104 2912 11512 1930 2911 11513 1696 2913 11514 1697 2916 11515 1931 2914 11516 1931 2914 11517 1930 2911 11518 1696 2913 11519 1931 2914 11520 1932 2917 11521 1106 2918 11522 1106 2918 11523 1105 2915 11524 1931 2914 11525 1697 2916 11526 1698 2919 11527 1932 2917 11528 1932 2917 11529 1931 2914 11530 1697 2916 11531 1932 2917 11532 1933 2920 11533 1107 2921 11534 1107 2921 11535 1106 2918 11536 1932 2917 11537 1698 2919 11538 1699 2922 11539 1933 2920 11540 1933 2920 11541 1932 2917 11542 1698 2919 11543 1933 2920 11544 1934 2923 11545 1108 2924 11546 1108 2924 11547 1107 2921 11548 1933 2920 11549 1699 2922 11550 1700 2925 11551 1934 2923 11552 1934 2923 11553 1933 2920 11554 1699 2922 11555 1934 2923 11556 1935 2854 11557 1085 2857 11558 1085 2857 11559 1108 2924 11560 1934 2923 11561 1700 2925 11562 1677 2858 11563 1935 2854 11564 1935 2854 11565 1934 2923 11566 1700 2925 11567 1910 2926 11568 1936 2927 11569 1305 2928 11570 1305 2928 11571 1304 2929 11572 1910 2926 11573 1896 2930 11574 1897 2931 11575 1936 2927 11576 1936 2927 11577 1910 2926 11578 1896 2930 11579 1939 2932 11580 1937 2933 11581 1307 2934 11582 1307 2934 11583 1306 2935 11584 1939 2932 11585 1898 2936 11586 1899 2937 11587 1937 2933 11588 1937 2933 11589 1939 2932 11590 1898 2936 11591 1940 2938 11592 1938 2939 11593 1309 2940 11594 1309 2940 11595 1308 2941 11596 1940 2938 11597 1900 2942 11598 1901 2943 11599 1938 2939 11600 1938 2939 11601 1940 2938 11602 1900 2942 11603 1936 2927 11604 1939 2944 11605 1306 2945 11606 1306 2945 11607 1305 2928 11608 1936 2927 11609 1897 2931 11610 1898 2946 11611 1939 2944 11612 1939 2944 11613 1936 2927 11614 1897 2931 11615 1937 2933 11616 1940 2947 11617 1308 2948 11618 1308 2948 11619 1307 2934 11620 1937 2933 11621 1899 2937 11622 1900 2949 11623 1940 2947 11624 1940 2947 11625 1937 2933 11626 1899 2937 11627 1938 2939 11628 1941 2950 11629 1302 2951 11630 1302 2951 11631 1309 2940 11632 1938 2939 11633 1901 2943 11634 1894 2952 11635 1941 2950 11636 1941 2950 11637 1938 2939 11638 1901 2943 11639</p>
        </triangles>
      </mesh>
    </geometry>
  </library_geometries>
  <library_visual_scenes>
    <visual_scene id="Scene" name="Scene">
      <node id="TrashGeneric_B_coffee_cup_top_16oz_001" name="TrashGeneric_B_coffee_cup_top_16oz.001" type="NODE">
        <matrix sid="transform">1 0 0 4.505017 0 1 0 -2.924153 0 0 1 0 0 0 0 1</matrix>
        <instance_geometry url="#TrashGeneric_B_coffee_cup_top_16oz_001-mesh" name="TrashGeneric_B_coffee_cup_top_16oz.001">
          <bind_material>
            <technique_common>
              <instance_material symbol="AK_Trash_Generic_B_A-material" target="#AK_Trash_Generic_B_A-material">
                <bind_vertex_input semantic="UVMap" input_semantic="TEXCOORD" input_set="0"/>
              </instance_material>
            </technique_common>
          </bind_material>
        </instance_geometry>
      </node>
    </visual_scene>
  </library_visual_scenes>
  <scene>
    <instance_visual_scene url="#Scene"/>
  </scene>
</COLLADA>