<?xml version="1.0" encoding="utf-8"?>
<COLLADA xmlns="http://www.collada.org/2005/11/COLLADASchema" version="1.4.1" xmlns:xsi="http://www.w3.org/2001/XMLSchema-instance">
  <asset>
    <contributor>
      <author>Blender User</author>
      <authoring_tool>Blender 3.0.1</authoring_tool>
    </contributor>
    <created>2026-07-31T12:34:46</created>
    <modified>2026-07-31T12:34:46</modified>
    <unit name="meter" meter="1"/>
    <up_axis>Z_UP</up_axis>
  </asset>
  <library_effects>
    <effect id="AK_Bottles_Plastic-effect">
      <profile_COMMON>
        <newparam sid="Bottles_Plastic_BaseColor_jpg-surface">
          <surface type="2D">
            <init_from>Bottles_Plastic_BaseColor_jpg</init_from>
          </surface>
        </newparam>
        <newparam sid="Bottles_Plastic_BaseColor_jpg-sampler">
          <sampler2D>
            <source>Bottles_Plastic_BaseColor_jpg-surface</source>
          </sampler2D>
        </newparam>
        <technique sid="common">
          <lambert>
            <emission>
              <color sid="emission">0 0 0 1</color>
            </emission>
            <diffuse>
              <texture texture="Bottles_Plastic_BaseColor_jpg-sampler" texcoord="UVMap"/>
            </diffuse>
            <index_of_refraction>
              <float sid="ior">1.46</float>
            </index_of_refraction>
          </lambert>
        </technique>
      </profile_COMMON>
    </effect>
  </library_effects>
  <library_images>
    <image id="Bottles_Plastic_BaseColor_jpg" name="Bottles_Plastic_BaseColor.jpg">
      <init_from>../materials/textures/Bottles_Plastic_BaseColor.jpg</init_from>
    </image>
  </library_images>
  <library_materials>
    <material id="AK_Bottles_Plastic-material" name="AK_Bottles_Plastic">
      <instance_effect url="#AK_Bottles_Plastic-effect"/>
    </material>
  </library_materials>
  <library_geometries>
    <geometry id="Bottle_E_A_Lying-mesh" name="Bottle_E_A_Lying">
      <mesh>
        <source id="Bottle_E_A_Lying-mesh-positions">
          <float_array id="Bottle_E_A_Lying-mesh-positions-array" count="5097">-0.05184108 -0.01385915 0.07648587 -0.0559439 -0.01350736 0.07543867 -0.05184108 -0.006472647 0.07818382 -0.05184108 -0.02077245 0.07337951 -0.04910421 -0.01385915 0.07648587 0.02310746 -0.01385915 0.07648587 -0.04910421 -0.006472647 0.07818382 -0.04910421 -0.02077245 0.07337951 -0.04910421 -0.0269469 0.06898409 0.02310746 -0.02077245 0.07337951 0.02310746 -0.0269469 0.06898409 0.02915912 -0.02012771 0.07225465 0.02915912 -0.01344627 0.07525682 0.02915912 -0.02609509 0.06800663 0.03502058 -0.01859849 0.06958681 0.03502058 -0.02407485 0.06568837 0.03502058 -0.0124669 0.07234197 0.0407536 -0.0160802 0.06519335 0.0407536 -0.01085412 0.06754159 0.0407536 -0.02074778 0.06187063 0.04504364 -0.01319134 0.06015342 0.04504364 -0.01693123 0.05749112 0.04733425 -0.01285523 0.05956697 0.04504364 -0.009004056 0.0620349 0.04504364 -0.004530072 0.06306338 0.04733425 -0.008788764 0.06139421 0.04733425 -0.004443943 0.062393 0.05387866 -0.008788764 0.06139421 0.05387866 -0.004443943 0.062393 0.05418813 -0.008819103 0.06148451 0.05387866 -0.01285523 0.05956697 0.05387866 -0.01648718 0.05698156 0.05418813 -0.01290261 0.05964964 0.05418813 -0.01654976 0.05705338 0.05441707 -0.01301699 0.05984914 0.05441707 -0.0167008 0.05722671 0.05441701 -0.008892357 0.06170248 0.05520147 -0.0137549 0.06113654 0.05520147 -0.009364962 0.06310909 0.05520147 -0.01767575 0.05834543 0.05717188 -0.01413083 0.06179243 0.05717188 -0.009605705 0.06382572 0.05717188 -0.01817244 0.05891537 0.05994141 -0.01413083 0.06179243 0.05994141 -0.009605705 0.06382572 0.05994141 -0.01817244 0.05891537 0.05994141 -0.02157503 0.05530512 0.05994141 -0.02420794 0.05110043 0.05717188 -0.02157503 0.05530512 0.05717188 -0.02420794 0.05110043 0.05520147 -0.02097672 0.054843 0.05520147 -0.02353096 0.05076396 0.05441707 -0.01980227 0.053936 0.05441707 -0.02220213 0.05010348 0.05418813 -0.01962029 0.05379545 0.05387866 -0.01954489 0.05373722 0.05418813 -0.0219962 0.05000114 0.05418813 -0.02358627 0.04581618 0.05387866 -0.0219109 0.0499587 0.05387866 -0.02349436 0.0457912 0.04733425 -0.0219109 0.0499587 0.04733425 -0.02349436 0.0457912 0.04504364 -0.02251619 0.05025953 0.04733425 -0.01954489 0.05373722 0.04504364 -0.02007985 0.05415034 0.04733425 -0.01648718 0.05698156 0.0407536 -0.02467745 0.05770117 0.0407536 -0.02771818 0.05284512 0.03502058 -0.02868539 0.06079649 0.03502058 -0.03225296 0.05509912 0.02915912 -0.03111904 0.06267601 0.02915912 -0.03500658 0.05646777 0.02310746 -0.0321452 0.06346851 -0.04910421 -0.0321452 0.06346851 0.02310746 -0.03616762 0.0570448 0.02310746 -0.03885954 0.04995983 -0.04910421 -0.03616762 0.0570448 -0.05184108 -0.03616762 0.0570448 -0.04910421 -0.03885954 0.04995977 -0.05184108 -0.03885954 0.04995977 -0.04910421 -0.0401175 0.04248577 -0.04910421 -0.0398932 0.0349099 -0.05184108 -0.0401175 0.04248577 0.02310746 -0.0401175 0.04248577 0.02310746 -0.0398932 0.03490996 0.02915918 -0.03882402 0.04239696 0.02915918 -0.03860723 0.03507512 0.02915918 -0.03760826 0.04962033 0.03502058 -0.03575628 0.04218626 0.03502058 -0.03464055 0.04881519 0.03502058 -0.03555732 0.03546696 0.0407536 -0.03070414 0.04183924 0.0407536 -0.03053456 0.0361123 0.0407536 -0.02975314 0.04748922 0.04504364 -0.0249086 0.0414412 0.04504364 -0.02414667 0.04596817 0.04504364 -0.02477276 0.03685253 0.04733425 -0.02423429 0.04139488 0.04733425 -0.02410233 0.03693866 0.05387866 -0.02423429 0.04139488 0.05387866 -0.02410238 0.03693866 0.05418813 -0.0243293 0.04140144 0.05418813 -0.02419686 0.0369265 0.05441707 -0.02455872 0.04141718 0.05520147 -0.02603918 0.04151886 0.05441707 -0.02442491 0.03689724 0.05441707 -0.02380818 0.04587638 0.05520147 -0.02524036 0.04626488 0.05717188 -0.02596992 0.04646283 0.05717188 -0.02679336 0.04157066 0.05994141 -0.02596992 0.04646283 0.05994141 -0.02679336 0.04157066 0.05994141 -0.02664655 0.03661179 0.05994141 -0.0255351 0.0317769 0.05717188 -0.02664655 0.03661179 0.05717188 -0.0255351 0.0317769 0.05520147 -0.02589672 0.03670811 0.05520147 -0.02481848 0.03201764 0.05441707 -0.02341187 0.03249025 0.05520147 -0.02284592 0.02762764 0.05520147 -0.02005481 0.02370685 0.05441707 -0.02155852 0.02836561 0.05717188 -0.02350181 0.02725172 0.05717188 -0.02062475 0.02321016 0.05994141 -0.02350181 0.02725172 0.05994141 -0.02062475 0.02321016 0.05994141 -0.0170145 0.01980751 0.05994141 -0.01280975 0.01717466 0.05717188 -0.0170145 0.01980751 0.05717188 -0.01280975 0.01717466 0.05520147 -0.01655238 0.02040588 0.05520147 -0.01247328 0.01785159 0.05441707 -0.01564538 0.02158027 0.05441707 -0.0118128 0.01918041 0.05418813 -0.01550483 0.02176231 0.05441707 -0.01893609 0.02468174 0.05418813 -0.0187627 0.02483284 0.05387866 -0.01869094 0.02489542 0.05418813 -0.02135902 0.02847993 0.05387866 -0.02127635 0.02852731 0.05418813 -0.02319389 0.0325635 0.05387866 -0.02310359 0.03259384 0.04733425 -0.02310359 0.03259384 0.04504364 -0.02374428 0.03237855 0.04733425 -0.02127635 0.02852731 0.04733425 -0.01869094 0.02489542 0.04504364 -0.02186274 0.0281912 0.04504364 -0.01920044 0.02445131 0.0407536 -0.02690267 0.02530235 0.0407536 -0.02357995 0.02063477 0.03502058 -0.03129619 0.02278399 0.0407536 -0.02925097 0.03052848 0.03502058 -0.03405135 0.02891564 0.02915918 -0.0369662 0.02793633 0.02310746 -0.03819525 0.02752339 0.02915918 -0.03396397 0.02125483 0.02915918 -0.02971595 0.01528745 0.02310746 -0.03508883 0.02061009 0.02310746 -0.03069341 0.01443564 -0.04910421 -0.03508883 0.02061009 -0.04910421 -0.03069341 0.01443564 -0.04910421 -0.03819519 0.02752339 -0.05184108 -0.03508883 0.02061009 -0.05184108 -0.03069341 0.01443564 -0.0559439 -0.03413045 0.02115941 -0.05184108 -0.03819519 0.02752339 -0.0559439 -0.03714805 0.02787524 -0.05184108 -0.0398932 0.0349099 -0.0559439 -0.03879749 0.03505069 -0.05894744 -0.03580409 0.03543525 -0.0559439 -0.03901541 0.04241007 -0.0559439 -0.03779339 0.04967057 -0.05894744 -0.03600448 0.0422033 -0.06005448 -0.03203994 0.04193097 -0.05894744 -0.03488063 0.04888033 -0.05894744 -0.03247576 0.05520987 -0.06005448 -0.03104543 0.04783982 -0.06005448 -0.02891725 0.0534411 -0.05985385 -0.02729046 0.04682111 -0.05987167 -0.02671521 0.04666507 -0.05985385 -0.02543318 0.05170941 -0.05985385 -0.02815836 0.04166442 -0.05985385 -0.02800363 0.03643745 -0.05987167 -0.02756381 0.04162353 -0.05987167 -0.02741247 0.03651338 -0.05964165 -0.02700275 0.04158502 -0.05964165 -0.02685469 0.03658503 -0.05786168 -0.023584 0.04135024 -0.05964165 -0.02617245 0.04651778 -0.05964165 -0.02439582 0.05119383 -0.05786168 -0.02286529 0.04562056 -0.05786168 -0.02132725 0.04966861 -0.05786162 -0.001545965 0.03983658 -0.05786168 -3.23813e-5 0.06187468 -0.05786168 0.02049207 0.03832298 -0.05786168 -0.003059566 0.01779854 -0.05786168 0.01195621 0.05731964 -0.05786168 0.01593703 0.02633434 -0.05786168 -0.0150482 0.02235352 -0.05786168 -0.01902902 0.05333882 -0.05786168 -0.004360854 0.06174647 -0.05786168 0.01939374 0.04687178 -0.05786168 0.00548917 0.01889681 -0.05786168 -0.02248573 0.03280138 -0.05786168 0.00423789 0.06115591 -0.05786168 0.0197733 0.03405267 -0.05786168 -0.007329881 0.01851725 -0.05786168 -0.01605892 0.05649018 -0.05786168 0.01296699 0.02318304 -0.05786168 -0.008581161 0.06077635 -0.05786174 -0.0181995 0.02532362 -0.05786168 0.01510751 0.0543496 -0.05786168 -0.02345585 0.03702169 -0.05786168 0.001268863 0.01792669 -0.05786168 0.02036386 0.04265147 -0.05786168 0.01823526 0.03000462 -0.05786168 -0.01137793 0.02005529 -0.05786168 0.008285999 0.05961787 -0.05786168 0.01761889 0.05082178 -0.05786168 0.00943917 0.02067172 -0.05786168 -0.02071088 0.02885144 -0.05786168 -0.0125311 0.0590015 -0.05964165 -0.01423519 0.06197452 -0.05964165 -0.009672522 0.06402468 -0.05964165 -0.01831024 0.05907356 -0.05987167 -0.01451486 0.06246244 -0.05987167 -0.009851634 0.06455779 -0.05987167 -0.01867973 0.05949759 -0.05985385 -0.01481127 0.06297951 -0.05985385 -0.01004147 0.06512272 -0.05985385 -0.01907134 0.05994689 -0.06005448 -0.01674604 0.06635504 -0.06005448 -0.01128053 0.06881088 -0.06005448 -0.02162748 0.06288009 -0.05894744 -0.01872223 0.0698027 -0.05894744 -0.01254618 0.07257783 -0.05894744 -0.02423828 0.06587594 -0.0559439 -0.02022308 0.07242107 -0.0559439 -0.02622115 0.06815123 -0.0559439 -0.03127092 0.06279331 -0.05184108 -0.0269469 0.06898409 -0.05184108 -0.0321452 0.06346851 -0.05894744 -0.02888232 0.06094855 -0.0559439 -0.03517842 0.05655312 -0.06005448 -0.02573722 0.0585196 -0.05985385 -0.02265793 0.05614143 -0.05987167 -0.02218621 0.05577713 -0.05964165 -0.02174109 0.05543339 -0.05987167 -0.02489948 0.05144411 -0.05894744 -0.005947291 0.07409471 -0.06005448 -0.00544095 0.07015329 -0.0559439 -0.006331861 0.07708817 -0.05894744 8.2067e-4 0.07429516 -0.06005448 5.48381e-4 0.07033061 -0.0559439 0.001027405 0.07730609 -0.05894744 0.007497668 0.07317131 -0.0559439 0.008287906 0.07608407 -0.05894744 0.0138272 0.07076644 -0.06005448 0.006457209 0.06933605 -0.06005448 0.01205849 0.06720793 -0.05985385 0.005438446 0.06558108 -0.05987167 0.005282402 0.06500589 -0.05985385 0.0103268 0.06372386 -0.05985385 2.81794e-4 0.06644904 -0.05985385 -0.004945158 0.06629425 -0.05987167 2.40955e-4 0.06585443 -0.05987167 -0.004869163 0.06570309 -0.05964165 2.02421e-4 0.06529337 -0.05964165 -0.004797518 0.06514531 -0.05964165 0.005135178 0.06446313 -0.05964165 0.009811162 0.0626865 -0.05987167 0.0100615 0.0631901 -0.05964165 0.01405078 0.06003177 -0.05987167 0.01439452 0.06047683 -0.05964165 0.01769095 0.05660092 -0.05987167 0.01811492 0.05697041 -0.05964165 0.02059185 0.05252587 -0.05987167 0.02107977 0.05280554 -0.05964165 0.02264207 0.04796314 -0.05987167 0.02317517 0.04814225 -0.05964165 0.0237627 0.04308813 -0.05987167 0.02432054 0.04315984 -0.05964165 0.02391076 0.0380882 -0.05987167 0.02447181 0.03804963 -0.05964165 0.02308052 0.03315544 -0.05987167 0.02362328 0.03300815 -0.05964165 0.02130389 0.02847939 -0.05987167 0.02180749 0.02822905 -0.05964165 0.01864916 0.02423983 -0.05987167 0.01909422 0.02389603 -0.05964165 0.01521831 0.0205996 -0.05987167 0.0155878 0.02017563 -0.05964165 0.01114326 0.0176987 -0.05987167 0.01142293 0.01721078 -0.05964165 0.006580531 0.01564848 -0.05987167 0.006759643 0.01511538 -0.05964165 0.001705527 0.01452785 -0.05987167 0.001777172 0.01397007 -0.05964165 -0.003294348 0.01437979 -0.05987167 -0.003332912 0.01381874 -0.05964165 -0.008227169 0.01521003 -0.05987167 -0.008374392 0.01466727 -0.05964165 -0.01290315 0.01698666 -0.05964165 -0.01714277 0.01964145 -0.05987167 -0.01315349 0.01648306 -0.05985385 -0.01341873 0.01594936 -0.05987167 -0.01748651 0.01919633 -0.05987167 -0.02120691 0.02270275 -0.05985385 -0.01785081 0.01872462 -0.06005448 -0.02022892 0.01564532 -0.05985385 -0.02165621 0.02231121 -0.05985385 -0.02468883 0.02657127 -0.06005448 -0.02458941 0.019755 -0.06005448 -0.02806437 0.02463644 -0.05894744 -0.02758532 0.0171442 -0.05894744 -0.02265793 0.01250022 -0.0559439 -0.02986061 0.01516139 -0.05894744 -0.03151202 0.02266025 -0.05894744 -0.03428715 0.02883642 -0.06005448 -0.03052026 0.03010201 -0.05985385 -0.0268321 0.03134113 -0.06005448 -0.03186261 0.03594166 -0.05987167 -0.02626717 0.03153091 -0.05964165 -0.02573406 0.03171002 -0.05987167 -0.02417176 0.02686768 -0.05964165 -0.02368384 0.02714735 -0.05964165 -0.02078294 0.02307224 -0.0559439 -0.02450263 0.01011162 -0.0559439 -0.0182625 0.006204128 -0.05184108 -0.02517789 0.009237289 -0.05184108 -0.01875418 0.005214929 -0.04910421 -0.02517789 0.009237289 0.02310746 -0.02517789 0.009237289 -0.04910421 -0.01875418 0.005214929 0.02310746 -0.01875418 0.005214929 -0.04910421 -0.01166915 0.002523005 -0.05184108 -0.01166915 0.002523005 0.02310746 -0.01166915 0.002523005 -0.04910421 -0.004195094 0.001265048 -0.04910421 0.003380656 0.001489341 -0.05184108 -0.004195094 0.001265048 0.02310746 -0.004195153 0.001265048 0.02310746 0.003380656 0.001489341 0.02915918 -0.004106283 0.002558529 0.02915918 0.003215432 0.002775311 0.02915918 -0.01132971 0.003774285 0.03502058 -0.00389558 0.005626261 0.03502058 -0.01052457 0.006742 0.03502058 0.002823591 0.005825221 0.0407536 -0.003548622 0.01067847 0.0407536 0.002178311 0.01084804 0.0407536 -0.009198606 0.0116294 0.04504364 -0.003150582 0.01647394 0.04504364 -0.007677555 0.01723593 0.04504364 0.001438021 0.01660984 0.04733425 -0.003104269 0.01714825 0.04733425 0.001351892 0.01728022 0.05387866 -0.003104269 0.01714825 0.04733425 -0.007500588 0.01788824 0.04733425 -0.01166808 0.01947164 0.05387866 -0.007500588 0.01788824 0.05418813 -0.007525503 0.01779627 0.05387866 -0.01166808 0.01947164 0.05418813 -0.01171046 0.01938635 0.05387866 -0.0154466 0.02183765 0.04733425 -0.0154466 0.02183765 0.04504364 -0.01585972 0.02130275 0.0407536 -0.01941049 0.01670509 0.04504364 -0.01196891 0.01886641 0.0407536 -0.0145545 0.01366436 0.03502058 -0.01680845 0.009129583 0.02915918 -0.01817709 0.006375968 0.03502058 -0.02250581 0.01269716 0.03502058 -0.02739775 0.01730769 0.02915918 -0.02438539 0.01026344 0.05418813 -0.003110766 0.01705324 0.05441707 -0.007585704 0.01757436 0.05520147 -0.007974267 0.01614224 0.05441707 -0.003126502 0.01682382 0.05520147 -0.003228187 0.01534342 0.05441707 0.001393377 0.01695764 0.05441707 0.005800366 0.01797074 0.05520147 0.001582443 0.01548588 0.05418813 0.001364052 0.01718574 0.05418813 0.005727112 0.01818871 0.05387866 0.001351892 0.01728022 0.05387866 0.005696773 0.01827901 0.04733425 0.005696773 0.01827901 0.05387866 0.0097633 0.02010619 0.05387866 0.01339519 0.02269166 0.04733425 0.0097633 0.02010619 0.05418813 0.009810626 0.02002358 0.05418813 0.01345777 0.02261984 0.05441707 0.009925007 0.01982408 0.05441707 0.01360887 0.02244651 0.05520147 0.01066291 0.01853668 0.05520147 0.01458376 0.02132779 0.05520147 0.006272912 0.01656407 0.05717188 0.01103889 0.01788079 0.05717188 0.01508045 0.02075785 0.05717188 0.006513714 0.01584744 0.05994141 0.01103889 0.01788079 0.05994141 0.01508045 0.02075785 0.05994141 0.006513714 0.01584744 0.05994141 0.001678764 0.01473605 0.05994141 -0.003279983 0.01458919 0.05717188 0.001678764 0.01473605 0.05717188 -0.003279983 0.01458919 0.05717188 -0.008172214 0.01541262 0.05994141 -0.008172214 0.01541262 0.05994141 0.01848304 0.0243681 0.05994141 0.02111595 0.02857279 0.05717188 0.01848304 0.0243681 0.05717188 0.02111595 0.02857279 0.05520147 0.01788473 0.02483022 0.05520147 0.02043896 0.02890926 0.05441707 0.01671028 0.02573722 0.05441707 0.01911014 0.02956974 0.05418813 0.0165283 0.02587777 0.05387866 0.0164529 0.025936 0.05418813 0.0189042 0.02967208 0.05418813 0.02049428 0.03385704 0.05387866 0.01881891 0.02971452 0.05387866 0.02040237 0.03388202 0.04733425 0.01881891 0.02971452 0.04733425 0.02040237 0.03388202 0.04504364 0.0194242 0.0294137 0.04733425 0.0164529 0.025936 0.04504364 0.01698786 0.02552288 0.04733425 0.01339519 0.02269166 0.04504364 0.01383924 0.0221821 0.04504364 0.01009941 0.0195198 0.0407536 0.01765584 0.01780259 0.0407536 0.02158546 0.02197206 0.03502058 0.02098286 0.01398485 0.0407536 0.01298826 0.01447987 0.03502058 0.01550656 0.01008641 0.0407536 0.007762134 0.01213163 0.03502058 0.009374916 0.007331252 0.04504364 0.005912005 0.01763832 0.02915918 0.01035428 0.004416346 0.02310746 0.01076716 0.003187358 0.02915918 0.01703572 0.007418572 0.02915918 0.02300316 0.01166659 0.02310746 0.01768046 0.006293714 0.02310746 0.02385497 0.01068913 -0.04910421 0.01768052 0.006293714 -0.04910421 0.02385497 0.01068913 -0.04910421 0.01076716 0.003187358 -0.05184108 0.01768052 0.006293714 -0.05184108 0.02385497 0.01068913 -0.0559439 0.01713114 0.007252097 -0.05184108 0.01076716 0.003187298 -0.0559439 0.01041537 0.004234492 -0.05184108 0.003380656 0.001489341 -0.0559439 0.00323987 0.002584993 -0.05894738 0.0028553 0.005578458 -0.0559439 -0.004119396 0.002367138 -0.0559439 -0.01137989 0.003589153 -0.05894738 -0.003912627 0.005378067 -0.06005448 -0.003640353 0.009342551 -0.05894738 -0.01058965 0.006501853 -0.05894744 -0.01691919 0.008906722 -0.06005448 -0.0095492 0.01033711 -0.06005448 -0.01515048 0.01246529 -0.05985385 -0.008530437 0.01409208 -0.05985385 -0.003373742 0.01322412 -0.05985385 0.001853168 0.01337891 -0.05985385 0.006949484 0.01455044 -0.06005448 0.002348959 0.009519934 -0.06005448 0.008188605 0.01086229 -0.06005448 0.01365411 0.01331818 -0.05894738 0.00945419 0.007095336 -0.05894738 0.0156303 0.009870529 -0.05894738 0.02114635 0.01379722 -0.05894738 0.02579039 0.01872462 -0.0559439 0.02312922 0.01152193 -0.06005448 0.01853555 0.01679313 -0.05985385 0.0159794 0.01972633 -0.06005448 0.02264523 0.02115362 -0.06005448 0.02582532 0.02623212 -0.05985385 0.01956593 0.02353173 -0.05985385 0.02234119 0.02796381 -0.05985385 0.02419847 0.03285211 -0.06005448 0.02795344 0.03183341 -0.05985385 0.02506643 0.0380088 -0.05985385 0.02491164 0.04323577 -0.06005448 0.028948 0.03774219 -0.06005448 0.02877062 0.04373157 -0.05894744 0.03291249 0.03746992 -0.05894744 0.0327121 0.04423791 -0.0559439 0.03592348 0.03726315 -0.05894744 0.0317887 0.03079289 -0.0559439 0.03470146 0.03000265 -0.05894744 0.02938383 0.02446335 -0.0559439 0.03208643 0.0231201 -0.05184108 0.03307569 0.02262842 -0.0559439 0.02817898 0.01687991 -0.05184108 0.02905327 0.01620471 -0.04910421 0.02905327 0.01620471 0.02310746 0.02905327 0.01620471 -0.04910421 0.03307569 0.02262842 0.02310746 0.03307569 0.02262842 -0.04910421 0.03576755 0.02971339 -0.05184108 0.03576755 0.02971339 0.02310746 0.03576755 0.02971345 -0.04910421 0.03702551 0.03718745 -0.04910421 0.03680121 0.04476326 -0.05184108 0.03702551 0.03718745 0.02310746 0.03702551 0.03718745 0.02310746 0.03680121 0.04476326 0.02915918 0.03573203 0.03727632 0.02915918 0.03551524 0.0445981 0.02915918 0.03451627 0.0300529 0.03502058 0.03266429 0.03748697 0.03502053 0.03154855 0.03085803 0.03502053 0.03246533 0.04420626 0.0407536 0.02761214 0.03783398 0.0407536 0.02744257 0.04356092 0.0407536 0.02666115 0.032184 0.04504364 0.02181661 0.03823202 0.04504364 0.02105468 0.03370505 0.04504364 0.02168077 0.04282069 0.04733425 0.0211423 0.03827834 0.04733425 0.02101033 0.04273456 0.05387866 0.0211423 0.03827834 0.05387866 0.02101033 0.04273456 0.05418813 0.02123731 0.03827178 0.05418813 0.02110481 0.04274672 0.05441707 0.02146673 0.03825604 0.05520147 0.02294713 0.03815436 0.05441707 0.02133291 0.04277598 0.05441707 0.02071619 0.03379684 0.05520147 0.02214837 0.03340834 0.05717188 0.02287793 0.03321039 0.05717188 0.02370136 0.03810256 0.05994141 0.02287793 0.03321039 0.05994141 0.02370136 0.03810256 0.05994141 0.02355456 0.04306143 0.05994141 0.02244311 0.04789632 0.05717188 0.02355456 0.04306143 0.05717188 0.02244311 0.04789632 0.05520147 0.02280473 0.04296511 0.05520147 0.02172648 0.04765558 0.05441707 0.02031987 0.04718297 0.05520147 0.01975387 0.05204558 0.05520147 0.01696276 0.05596637 0.05441707 0.01846647 0.05130761 0.05717188 0.02040976 0.05242151 0.05717188 0.0175327 0.05646306 0.05994141 0.02040976 0.05242151 0.05994141 0.0175327 0.05646306 0.05994141 0.01392245 0.05986565 0.05994141 0.009717762 0.06249856 0.05717188 0.01392245 0.05986565 0.05717188 0.009717762 0.06249856 0.05520147 0.01346039 0.05926734 0.05520147 0.009381294 0.06182157 0.05441707 0.01255339 0.05809295 0.05441707 0.008720815 0.06049281 0.05418813 0.01241278 0.05791091 0.05441707 0.01584404 0.05499148 0.05418813 0.01567071 0.05484038 0.05387866 0.01559889 0.0547778 0.05418813 0.01826697 0.05119329 0.05387866 0.01818436 0.05114591 0.05418813 0.02010184 0.04710972 0.05387866 0.0200116 0.04707938 0.04733425 0.0200116 0.04707938 0.04504364 0.02065229 0.04729467 0.04733425 0.01818436 0.05114591 0.04733425 0.01559889 0.0547778 0.04504364 0.01877075 0.05148202 0.04504364 0.01610845 0.05522185 0.0407536 0.02381068 0.05437088 0.0407536 0.02048796 0.05903846 0.03502058 0.02820414 0.05688917 0.0407536 0.02615892 0.04914474 0.03502053 0.0309593 0.05075758 0.02915918 0.03387421 0.05173689 0.02310746 0.0351032 0.05214983 0.02915918 0.03087198 0.05841839 0.02915918 0.02662396 0.06438577 0.02310746 0.03199684 0.05906313 0.02310746 0.02760142 0.06523758 -0.04910421 0.03199684 0.05906313 -0.04910421 0.02760142 0.06523758 -0.04910421 0.0351032 0.05214983 -0.05184108 0.03199684 0.05906313 -0.05184108 0.02760142 0.06523758 -0.0559439 0.03103846 0.05851376 -0.05184108 0.0351032 0.05214983 -0.0559439 0.03405606 0.05179798 -0.05184108 0.03680121 0.04476326 -0.0559439 0.03570556 0.04462254 -0.05894744 0.03119522 0.0508368 -0.06005448 0.02742826 0.04957121 -0.05894744 0.02842003 0.05701291 -0.05894744 0.02449333 0.06252896 -0.06005448 0.02497237 0.05503678 -0.06005448 0.02149742 0.05991816 -0.05985385 0.02159684 0.05310195 -0.05985385 0.01856428 0.05736202 -0.05985385 0.02374011 0.04833209 -0.05985385 0.01475882 0.06094855 -0.06005448 0.01713699 0.06402784 -0.05894744 0.01956593 0.06717294 -0.0559439 0.02141064 0.0695616 -0.0559439 0.02676862 0.06451183 -0.0559439 0.01517051 0.07346904 -0.05184108 0.02208584 0.07043588 -0.05184108 0.01566219 0.0744583 -0.04910421 0.02208584 0.07043588 0.02310746 0.02208584 0.07043588 -0.04910421 0.01566213 0.0744583 0.02310746 0.01566213 0.0744583 -0.04910421 0.008577167 0.07715022 -0.05184108 0.008577167 0.07715022 0.02310746 0.008577167 0.07715022 -0.04910421 0.001103103 0.07840818 -0.05184108 0.001103103 0.07840818 0.02310746 0.001103103 0.07840818 0.02310746 -0.006472647 0.07818382 0.02915912 0.001014292 0.0771147 0.02915912 -0.006307423 0.07689785 0.02915912 0.008237659 0.07589888 0.03502058 8.0361e-4 0.0740469 0.03502058 0.00743252 0.07293117 0.03502058 -0.005915582 0.07384794 0.0407536 4.56617e-4 0.06899476 0.0407536 -0.005270302 0.06882518 0.0407536 0.006106555 0.06804376 0.04504364 5.85761e-5 0.06319922 0.04504364 0.004585564 0.06243729 0.04733425 1.22623e-5 0.06252491 0.05387866 1.22609e-5 0.06252491 0.04733425 0.004408538 0.06178498 0.04733425 0.008576035 0.06020158 0.05387866 0.004408538 0.06178498 0.05418813 0.004433512 0.06187689 0.05387866 0.008576035 0.06020158 0.05418813 0.008618474 0.06028687 0.05387866 0.01235461 0.05783551 0.04733425 0.01235461 0.05783551 0.04504364 0.01276773 0.05837047 0.0407536 0.0163185 0.06296813 0.04504364 0.008876919 0.06080681 0.0407536 0.0114625 0.06600886 0.03502053 0.01371645 0.07054364 0.02915912 0.0150851 0.07329726 0.03502053 0.01941382 0.06697607 0.03502058 0.02430576 0.06236553 0.02915918 0.02129334 0.06940972 0.05418813 1.87876e-5 0.06261998 0.05441707 0.004493713 0.06209886 0.05520147 0.004882276 0.06353098 0.05441707 3.45432e-5 0.0628494 0.05441707 -0.004485368 0.06271553 0.05520147 1.36219e-4 0.0643298 0.05520147 -0.004674434 0.06418734 0.05717188 1.8802e-4 0.06508398 0.05717188 -0.004770815 0.06493717 0.05717188 0.005080223 0.0642606 0.05994141 1.88019e-4 0.06508398 0.05994141 -0.004770815 0.06493717 0.05994141 0.005080223 0.0642606 0.05418813 -0.004456043 0.06248748 0.0407536 0.02462619 0.02682811 0.03502058 0.02916103 0.0245741 0.02915918 0.03191465 0.02320551 0.03502058 0.02559345 0.01887673 0.02915918 0.02802711 0.01699721 -0.05985385 0.01171934 0.01669371 -0.0515809 -0.01322764 0.07460606 -0.05495458 -0.01295375 0.07379102 -0.0515809 -0.006219983 0.07621699 -0.0515809 -0.01978629 0.07165908 -0.04910421 -0.01322221 0.07458996 0.02289819 -0.01322573 0.07460039 -0.04910421 -0.006217777 0.07620012 -0.04910421 -0.01977783 0.0716443 -0.04910421 -0.02563291 0.06747627 0.02289819 -0.01978331 0.07165384 0.02289819 -0.02564013 0.06748455 0.0284841 -0.01919144 0.07062125 0.0284841 -0.01284664 0.0734722 0.0284841 -0.02485817 0.06658726 0.03389281 -0.01777714 0.06815385 0.03389281 -0.02298969 0.06444323 0.03389281 -0.01194089 0.07077628 0.03928542 -0.01540482 0.06401503 0.03928542 -0.01042157 0.06625413 0.03928542 -0.01985549 0.06084668 0.04387748 -0.01238334 0.05874371 0.04387748 -0.01586371 0.05626612 0.04704576 -0.01187109 0.05785 0.04387748 -0.008486568 0.06049466 0.04387748 -0.004323005 0.06145173 0.04704576 -0.008158445 0.05951815 0.04704576 -0.004191756 0.06043004 0.05417889 -0.008159041 0.05951982 0.05417877 -0.004191935 0.06043177 0.05523538 -0.008276462 0.05986934 0.05417877 -0.01187193 0.05785149 0.05417877 -0.01518803 0.05549085 0.05523538 -0.01205527 0.05817139 0.05523538 -0.01543027 0.05576878 0.05603635 -0.01243329 0.05883079 0.05603635 -0.01592969 0.05634182 0.05603635 -0.008518517 0.06058984 0.05650699 -0.01300144 0.05982202 0.05650699 -0.008882403 0.06167286 0.05650699 -0.0166803 0.05720317 0.05753219 -0.01315253 0.06008565 0.05753219 -0.008979141 0.06196087 0.05753219 -0.01687991 0.05743223 0.05994141 -0.01313626 0.06005728 0.05994141 -0.00896877 0.06192988 0.05994141 -0.01685845 0.05740755 0.05994141 -0.01999211 0.05408263 0.05994141 -0.02241694 0.05021023 0.05753219 -0.02001804 0.05410265 0.05753219 -0.02244627 0.05022478 0.05650699 -0.01977753 0.05391693 0.05650699 -0.02217411 0.05008953 0.05603635 -0.01887327 0.05321854 0.05603635 -0.021151 0.04958105 0.05523538 -0.01827174 0.05275398 0.05417877 -0.01797991 0.05252861 0.05523538 -0.02047038 0.04924273 0.05523538 -0.02194184 0.04537004 0.05417877 -0.02014023 0.04907864 0.05417877 -0.021586 0.04527348 0.04704576 -0.02013868 0.04907786 0.04704576 -0.02158433 0.045273 0.04387748 -0.02106112 0.04953634 0.04704576 -0.01797854 0.05252754 0.04387748 -0.01879382 0.05315721 0.04704576 -0.0151869 0.05548954 0.03928542 -0.02360254 0.05687099 0.03928542 -0.02650201 0.05224066 0.03389281 -0.0273782 0.05978691 0.03389281 -0.03077393 0.05436396 0.0284841 -0.02962905 0.06152528 0.0284841 -0.03332072 0.05562978 0.02289819 -0.03057104 0.06225275 -0.04910421 -0.03056234 0.06224608 0.02289819 -0.03438651 0.05615955 0.02289819 -0.03693991 0.04943901 -0.04910421 -0.03437662 0.05615466 -0.0515809 -0.03439188 0.05616217 -0.04910421 -0.0369293 0.04943615 -0.0515809 -0.0369457 0.04944056 -0.04910421 -0.03812217 0.04234874 -0.04910421 -0.0379095 0.03516477 -0.0515809 -0.03813916 0.04234987 0.02289819 -0.03813314 0.04234951 0.02289819 -0.03792041 0.0351634 0.0284841 -0.03694581 0.04226791 0.0284841 -0.03673994 0.03531503 0.0284841 -0.03579127 0.04912739 0.03389281 -0.03410845 0.04207307 0.03389281 -0.03304648 0.04838275 0.03389281 -0.03391909 0.03567743 0.03928542 -0.02934914 0.04174619 0.03928542 -0.02918744 0.03628534 0.03928542 -0.02844238 0.04713362 0.04387748 -0.02328759 0.04132986 0.04387748 -0.02257847 0.04554271 0.04387748 -0.02316111 0.0370596 0.04704576 -0.02225989 0.04125928 0.04704576 -0.02213943 0.03719085 0.05417877 -0.02226161 0.0412594 0.05417877 -0.02214115 0.03719061 0.05523538 -0.02262943 0.04128468 0.05523538 -0.02250683 0.03714364 0.05603635 -0.02338773 0.04133671 0.05650699 -0.02452754 0.04141503 0.05603635 -0.02326071 0.03704679 0.05603635 -0.02267539 0.04556906 0.05650699 -0.02377802 0.04586815 0.05753219 -0.02407127 0.04594773 0.05753219 -0.02483069 0.04143583 0.05994141 -0.02403974 0.0459392 0.05994141 -0.02479809 0.04143363 0.05994141 -0.02466285 0.03686666 0.05994141 -0.02363926 0.03241384 0.05753219 -0.02469527 0.03686249 0.05753219 -0.02367025 0.0324034 0.05650699 -0.02439391 0.03690123 0.05650699 -0.02338224 0.0325002 0.05603635 -0.02229923 0.03286409 0.05650699 -0.0215314 0.0283811 0.05650699 -0.01891249 0.02470231 0.05603635 -0.02054011 0.02894932 0.05753219 -0.02179503 0.02823001 0.05753219 -0.01914161 0.02450263 0.05994141 -0.0217666 0.02824628 0.05994141 -0.01911693 0.02452415 0.05994141 -0.01579201 0.02139043 0.05994141 -0.01191961 0.0189656 0.05753219 -0.01581197 0.02136456 0.05753219 -0.01193416 0.01893633 0.05650699 -0.01562625 0.02160501 0.05650699 -0.01179891 0.01920843 0.05603635 -0.01492792 0.02250927 0.05603635 -0.01129037 0.02023154 0.05523538 -0.0144633 0.0231108 0.05603635 -0.0180512 0.02545291 0.05523538 -0.01747816 0.02595227 0.05417877 -0.01720023 0.02619451 0.05523538 -0.01988071 0.02932727 0.05417877 -0.01956087 0.02951061 0.05523538 -0.02157872 0.03310614 0.05417877 -0.0212292 0.03322356 0.04704576 -0.02122753 0.0332241 0.04387748 -0.02220404 0.03289604 0.04704576 -0.01955932 0.02951151 0.04704576 -0.01719892 0.02619564 0.04387748 -0.02045303 0.0289992 0.04387748 -0.0179755 0.02551889 0.03928542 -0.02572435 0.02597773 0.03928542 -0.02255606 0.02152705 0.03389281 -0.02986323 0.0236054 0.03928542 -0.02796351 0.03096103 0.03389281 -0.03248566 0.02944165 0.0284841 -0.03518158 0.0285359 0.02289819 -0.03630977 0.02815687 0.0284841 -0.03233063 0.0221911 0.0284841 -0.02829664 0.01652437 0.02289819 -0.03336322 0.02159923 0.02289819 -0.02919387 0.01574242 -0.04910421 -0.03335368 0.02160465 -0.04910421 -0.02918559 0.01574963 -0.04910421 -0.03629934 0.02816039 -0.0515809 -0.0333684 0.02159619 -0.0515809 -0.0291984 0.01573842 -0.05495458 -0.03262239 0.02202379 -0.0515809 -0.03631544 0.02815496 -0.05495458 -0.0355004 0.02842879 -0.0515809 -0.03792637 0.03516262 -0.05495458 -0.03707355 0.03527218 -0.05723285 -0.03478276 0.0355665 -0.05495458 -0.03728133 0.04229098 -0.05495458 -0.03611588 0.04921543 -0.05723285 -0.03497719 0.04213273 -0.05806887 -0.03180098 0.04191458 -0.05723285 -0.0338869 0.04861074 -0.05723285 -0.03155368 0.05475157 -0.05806887 -0.03081423 0.04777711 -0.05806887 -0.02870273 0.05333447 -0.05785405 -0.02731633 0.04682815 -0.05789923 -0.02703487 0.04675179 -0.05785405 -0.02545714 0.05172133 -0.05785405 -0.02818512 0.0416662 -0.05785405 -0.02803021 0.03643405 -0.05789923 -0.02789419 0.04164624 -0.05789923 -0.02774095 0.03647118 -0.05782461 -0.02783638 0.04164224 -0.05782461 -0.02768349 0.03647857 -0.05592578 -0.0240851 0.04138463 -0.05782461 -0.0269789 0.04673659 -0.05782461 -0.0251441 0.05156576 -0.05592578 -0.02335005 0.04575204 -0.05592578 -0.02177703 0.04989218 -0.05586165 -0.001545965 0.03983658 -0.05592578 2.0361e-6 0.06237578 -0.05592578 0.02099317 0.03828859 -0.05592578 -0.003093957 0.01729738 -0.05592578 0.01226323 0.0577172 -0.05592578 0.01633459 0.02602732 -0.05592578 -0.01535522 0.02195596 -0.05592578 -0.01942658 0.05364584 -0.05592578 -0.00442487 0.06224471 -0.05592578 0.01986986 0.04703176 -0.05592578 0.005649149 0.01842069 -0.05592578 -0.02296185 0.03264141 -0.05592578 0.004369437 0.06164067 -0.05592578 0.02025806 0.03392112 -0.05592578 -0.007461428 0.01803249 -0.05592578 -0.01638895 0.05686885 -0.05592578 0.01329696 0.02280437 -0.05592578 -0.00874114 0.06125247 -0.05592578 -0.01857817 0.02499359 -0.05592578 0.01548624 0.05467957 -0.05592578 -0.02395409 0.03695774 -0.05592578 0.001332879 0.01742845 -0.05592578 0.0208621 0.04271548 -0.05592578 0.01868504 0.02978104 -0.05592578 -0.0116015 0.01960551 -0.05592578 0.008509516 0.06006765 -0.05592578 0.01805466 0.05107158 -0.05592578 0.009688973 0.02023589 -0.05592578 -0.02114665 0.02860164 -0.05592578 -0.0127809 0.05943727 -0.05782461 -0.0146507 0.06269943 -0.05782461 -0.009938657 0.06481677 -0.05782461 -0.01885926 0.05970352 -0.05789923 -0.01467955 0.06274974 -0.05789923 -0.009957134 0.06487172 -0.05789923 -0.01889735 0.05974727 -0.05785405 -0.01482456 0.06300276 -0.05785405 -0.01004999 0.06514811 -0.05785405 -0.01908892 0.0599671 -0.05806887 -0.01662695 0.0661472 -0.05806887 -0.0112043 0.06858378 -0.05806887 -0.02147012 0.06269949 -0.05723285 -0.01821017 0.06890934 -0.05723285 -0.01221823 0.07160174 -0.05723285 -0.02356177 0.06509965 -0.05495458 -0.01935869 0.07091307 -0.05495458 -0.02507919 0.06684082 -0.05495458 -0.02989524 0.06173086 -0.0515809 -0.02564406 0.06748908 -0.0515809 -0.03057575 0.06225645 -0.05723285 -0.02806735 0.06031918 -0.05495458 -0.0336219 0.05577951 -0.05806887 -0.02554762 0.05837315 -0.05785405 -0.02267909 0.05615782 -0.05789923 -0.02244836 0.05597954 -0.05782461 -0.02240246 0.05594414 -0.05789923 -0.02519601 0.05159157 -0.05723285 -0.005816102 0.07307344 -0.05806887 -0.005410373 0.06991565 -0.05495458 -0.00611037 0.07536417 -0.05723285 7.50116e-4 0.07326787 -0.05806887 5.31966e-4 0.0700916 -0.05495458 9.08365e-4 0.07557201 -0.05723285 0.007228076 0.07217752 -0.05495458 0.007832825 0.0744065 -0.05723285 0.0133689 0.06984436 -0.05806887 0.006394445 0.0691049 -0.05806887 0.01195186 0.06699341 -0.05785405 0.00544548 0.06560695 -0.05789923 0.005369126 0.06532555 -0.05785405 0.01033872 0.06374782 -0.05785405 2.83629e-4 0.06647574 -0.05785405 -0.004948556 0.06632083 -0.05789923 2.63648e-4 0.06618481 -0.05789923 -0.004911363 0.06603163 -0.05782461 2.59675e-4 0.066127 -0.05782461 -0.004904031 0.06597411 -0.05782461 0.005353927 0.06526958 -0.05782461 0.01018309 0.06343477 -0.05789923 0.0102089 0.06348669 -0.05782461 0.01456153 0.06069308 -0.05789923 0.01459693 0.06073898 -0.05782461 0.01832091 0.05714994 -0.05789923 0.0183646 0.05718803 -0.05782461 0.02131682 0.05294144 -0.05789923 0.02136713 0.05297023 -0.05782461 0.02343416 0.04822927 -0.05789917 0.02348911 0.04824775 -0.05782461 0.0245915 0.04319465 -0.05789923 0.02464902 0.04320204 -0.05782461 0.02474439 0.03803092 -0.05789923 0.0248022 0.03802692 -0.05782461 0.02388697 0.03293663 -0.05789923 0.02394294 0.03292143 -0.05782461 0.02205216 0.02810746 -0.05789923 0.02210408 0.02808165 -0.05782461 0.01931047 0.02372908 -0.05789923 0.01935636 0.02369362 -0.05782461 0.01576733 0.01996964 -0.05789923 0.01580542 0.01992595 -0.05782461 0.01155883 0.01697373 -0.05789923 0.01158761 0.01692342 -0.05782461 0.006846666 0.01485639 -0.05789923 0.006865143 0.01480144 -0.05782461 0.00181204 0.01369905 -0.05789923 0.001819431 0.01364153 -0.05782461 -0.003351628 0.01354616 -0.05789923 -0.003355562 0.01348835 -0.05782461 -0.008445918 0.01440364 -0.05789917 -0.008461117 0.01434767 -0.05782461 -0.01327508 0.01623839 -0.05782461 -0.01765352 0.01898008 -0.05789923 -0.01330089 0.01618647 -0.05785405 -0.01343065 0.01592534 -0.05789923 -0.01768893 0.01893419 -0.05789923 -0.02145659 0.02248519 -0.05785405 -0.01786714 0.0187034 -0.05806887 -0.02008253 0.01583492 -0.05785405 -0.02167642 0.02229356 -0.05785405 -0.02471208 0.02655792 -0.05806887 -0.02440881 0.01991242 -0.05806887 -0.02785652 0.02475559 -0.05723285 -0.02680903 0.01782071 -0.05723285 -0.0220285 0.0133152 -0.05495458 -0.0285502 0.01630336 -0.05723285 -0.03061866 0.02317231 -0.05723285 -0.03331106 0.02916437 -0.05806887 -0.03029316 0.0301783 -0.05785405 -0.02685749 0.03133261 -0.05806887 -0.03162503 0.03597217 -0.05789923 -0.0265811 0.03142547 -0.05782461 -0.02652615 0.03144389 -0.05789923 -0.02445912 0.02670294 -0.05782461 -0.02440881 0.02673178 -0.05782461 -0.0214129 0.02252328 -0.05495458 -0.02344024 0.01148724 -0.05495458 -0.01748883 0.007760643 -0.0515809 -0.02396577 0.01080673 -0.0515809 -0.01787155 0.006990671 -0.04910421 -0.0239554 0.0108202 0.02289819 -0.02396214 0.0108115 -0.04910421 -0.01786398 0.00700587 0.02289819 -0.01786887 0.006996035 -0.04910421 -0.01114547 0.004453241 -0.0515809 -0.01114994 0.00443685 0.02289819 -0.01114839 0.004442632 -0.04910421 -0.004058063 0.003260314 -0.04910421 0.003125786 0.003473043 -0.0515809 -0.004059255 0.003243386 0.02289819 -0.004058837 0.003249406 0.02289819 0.003127217 0.003462135 0.02848416 -0.003977298 0.00443679 0.02848416 0.002975523 0.004642605 0.02848416 -0.01083672 0.005591273 0.03389281 -0.003782391 0.007274091 0.03389281 -0.01009207 0.008336067 0.03389281 0.002613127 0.007463455 0.03928542 -0.003455519 0.0120334 0.03928542 0.002005219 0.01219511 0.03928542 -0.008843004 0.01294016 0.04387748 -0.00303924 0.01809501 0.04387748 -0.007252097 0.01880407 0.04387748 0.001231014 0.01822143 0.04704576 -0.002968609 0.01912271 0.04704576 0.001099705 0.01924318 0.05417877 -0.002968728 0.01912099 0.04704576 -0.006982386 0.01979827 0.04704576 -0.01078718 0.02124387 0.05417877 -0.006982862 0.01979655 0.05523538 -0.007079362 0.01944077 0.05417889 -0.01078802 0.02124232 0.05523538 -0.01095211 0.02091217 0.05417877 -0.01423794 0.02340263 0.04704576 -0.01423692 0.023404 0.04387748 -0.01486653 0.02258872 0.03928542 -0.01858031 0.01778 0.04387748 -0.01124572 0.02032142 0.03928542 -0.01394999 0.01488053 0.03389281 -0.01607334 0.01060861 0.02848416 -0.01733916 0.008061826 0.03389281 -0.02149629 0.01400434 0.03389281 -0.02615255 0.01839286 0.0284841 -0.0232346 0.01175349 0.05523538 -0.002994 0.01875311 0.05603635 -0.007278382 0.01870721 0.05650699 -0.007577538 0.01760452 0.05603635 -0.003046095 0.01799482 0.05650699 -0.003124415 0.016855 0.05603635 0.00124377 0.01812189 0.05603635 0.005426526 0.01908338 0.05650699 0.001389384 0.01698869 0.05523538 0.001146912 0.01887577 0.05523538 0.005184412 0.01980388 0.05417877 0.001099944 0.01924145 0.05417889 0.00506705 0.02015334 0.04704576 0.005066454 0.02015501 0.05417877 0.008779942 0.02182173 0.05417877 0.0120961 0.02418237 0.04704576 0.008779108 0.02182322 0.05523538 0.008963346 0.02150183 0.05523538 0.01233834 0.02390444 0.05603635 0.009341299 0.02084243 0.05603635 0.0128377 0.0233314 0.05650699 0.009909451 0.0198512 0.05650699 0.0135883 0.02247005 0.05650699 0.005790352 0.01800036 0.05753219 0.01006054 0.01958757 0.05753219 0.01378792 0.02224099 0.05753219 0.00588715 0.01771229 0.05994141 0.01004427 0.01961594 0.05994141 0.01376646 0.02226567 0.05994141 0.005876719 0.01774334 0.05994141 0.001423895 0.01671975 0.05994141 -0.003142952 0.01658451 0.05753219 0.001428067 0.01668727 0.05753219 -0.003145217 0.01655185 0.05753219 -0.00765711 0.01731127 0.05994141 -0.007648527 0.01734286 0.05994141 0.01690012 0.02559059 0.05994141 0.01932495 0.02946299 0.05753219 0.01692605 0.02557057 0.05753219 0.01935428 0.02944844 0.05650699 0.01668554 0.02575629 0.05650699 0.01908212 0.02958369 0.05603635 0.01578128 0.02645468 0.05603635 0.01805901 0.03009217 0.05523538 0.01517975 0.02691924 0.05417877 0.01488792 0.02714461 0.05523538 0.01737838 0.03043049 0.05523538 0.01884984 0.03430318 0.05417877 0.01704823 0.03059458 0.05417877 0.018494 0.03439974 0.04704576 0.01704668 0.03059536 0.04704576 0.01849234 0.03440022 0.04387748 0.01796913 0.03013688 0.04704576 0.01488655 0.02714568 0.04387748 0.01570183 0.02651602 0.04704576 0.01209491 0.02418369 0.04387748 0.01277172 0.0234071 0.04387748 0.00929135 0.02092951 0.03928542 0.0167635 0.01882654 0.03928542 0.02051055 0.02280223 0.03389281 0.01989775 0.01523 0.03928542 0.01231282 0.01565819 0.03389281 0.01468521 0.01151937 0.03928542 0.007329583 0.01341903 0.03389281 0.008848905 0.008896887 0.04387748 0.005394518 0.01917856 0.02848416 0.009754657 0.006200969 0.02289819 0.01013368 0.005072772 0.02848416 0.01609951 0.009051918 0.02848416 0.02176624 0.01308596 0.02289819 0.01669138 0.008019387 0.02289819 0.02254819 0.01218867 -0.04910421 0.0166859 0.008028864 -0.04910421 0.02254098 0.01219695 -0.04910421 0.01013022 0.005083203 -0.0515809 0.01669436 0.008014142 -0.0515809 0.02255213 0.01218414 -0.05495458 0.01626676 0.008760094 -0.0515809 0.01013565 0.00506711 -0.05495458 0.009861767 0.005882143 -0.0515809 0.003127992 0.003456175 -0.05495458 0.003018379 0.004308998 -0.05723285 0.002724111 0.006599724 -0.05495458 -0.004000306 0.004101157 -0.05495458 -0.01092481 0.005266666 -0.05723285 -0.003842055 0.006405293 -0.05806887 -0.003623902 0.009581565 -0.05723285 -0.01032006 0.007495641 -0.05723285 -0.01646089 0.009828805 -0.05806887 -0.009486436 0.01056832 -0.05806887 -0.01504385 0.01267981 -0.05785405 -0.008537471 0.01406621 -0.05785405 -0.003375589 0.01319742 -0.05785405 0.001856565 0.01335233 -0.05785405 0.006958007 0.01452505 -0.05806887 0.002318382 0.009757518 -0.05806887 0.008112311 0.01108938 -0.05806887 0.01353502 0.01352602 -0.05723285 0.009126245 0.008071422 -0.05723285 0.01511824 0.01076388 -0.05723285 0.02046984 0.01457351 -0.05723285 0.02497541 0.01935404 -0.05495458 0.02198725 0.01283234 -0.05806887 0.01837819 0.01697373 -0.05785405 0.01599699 0.01970613 -0.05806887 0.02245563 0.02130001 -0.05806887 0.0256108 0.02633869 -0.05785405 0.01958715 0.0235154 -0.05785405 0.02236521 0.02795189 -0.05785405 0.02422434 0.03284507 -0.05806887 0.02772229 0.03189611 -0.05785405 0.02509313 0.03800696 -0.05785405 0.02493822 0.04323917 -0.05806887 0.02870899 0.03775864 -0.05806887 0.02853304 0.04370105 -0.05723285 0.03188526 0.03754049 -0.05723285 0.03169083 0.04410672 -0.05495458 0.0341894 0.03738224 -0.05723285 0.03079491 0.03106248 -0.05495458 0.03302389 0.03045779 -0.05723285 0.02846175 0.02492165 -0.05495458 0.03052997 0.02389371 -0.0515809 0.03129988 0.02351105 -0.05495458 0.02680331 0.01794236 -0.0515809 0.02748382 0.01741677 -0.04910421 0.0274704 0.01742714 0.02289819 0.02747905 0.01742047 -0.04910421 0.03128468 0.02351856 0.02289819 0.03129452 0.02351367 -0.04910421 0.03383737 0.03023707 -0.05158084 0.03385376 0.0302326 0.02289819 0.03384792 0.03023421 -0.04910421 0.03503024 0.03732448 -0.04910421 0.03481751 0.04450839 -0.05158084 0.03504717 0.03732329 0.02289819 0.03504115 0.03732377 0.02289819 0.03482842 0.04450982 0.0284841 0.03385382 0.03740531 0.0284841 0.03364795 0.04435819 0.0284841 0.03269928 0.03054583 0.03389281 0.03101646 0.03760015 0.03389281 0.02995449 0.03129053 0.03389281 0.0308271 0.04399573 0.03928542 0.02625715 0.03792703 0.03928542 0.02609544 0.04338788 0.03928542 0.02535039 0.0325396 0.04387748 0.02019554 0.03834336 0.04387748 0.01948648 0.03413045 0.04387748 0.02006912 0.04261362 0.04704576 0.0191679 0.03841394 0.04704576 0.01904737 0.04248237 0.05417877 0.01916962 0.03841382 0.05417877 0.0190491 0.04248261 0.05523538 0.01953744 0.03838855 0.05523538 0.01941478 0.04252958 0.05603635 0.02029573 0.03833651 0.05650699 0.02143555 0.03825819 0.05603635 0.02016866 0.04262644 0.05603635 0.0195834 0.03410416 0.05650699 0.02068603 0.03380507 0.05753219 0.02097928 0.0337255 0.05753219 0.0217387 0.03823739 0.05994141 0.02094775 0.03373402 0.05994141 0.02170604 0.03823959 0.05994141 0.02157086 0.04280656 0.05994141 0.02054727 0.04725939 0.05753219 0.02160328 0.04281073 0.05753219 0.02057826 0.04726982 0.05650699 0.02130192 0.04277199 0.05650699 0.02029019 0.04717302 0.05603635 0.01920717 0.04680913 0.05650699 0.01843935 0.05129212 0.05650699 0.0158205 0.05497092 0.05603635 0.01744812 0.05072391 0.05753219 0.01870298 0.05144321 0.05753219 0.01604956 0.05517059 0.05994141 0.01867461 0.05142694 0.05994141 0.01602494 0.05514907 0.05994141 0.01270002 0.05828279 0.05994141 0.008827567 0.06070756 0.05753219 0.01271998 0.05830866 0.05753219 0.00884217 0.06073689 0.05650699 0.01253426 0.05806815 0.05650699 0.008706867 0.06046479 0.05603635 0.01183593 0.05716395 0.05603635 0.00819838 0.05944168 0.05523538 0.01137131 0.05656236 0.05603635 0.01495915 0.05422031 0.05523538 0.01438611 0.05372095 0.05417877 0.01410818 0.05347871 0.05523538 0.01678872 0.05034595 0.05417889 0.01646882 0.05016261 0.05523538 0.01848667 0.04656708 0.05417889 0.01813721 0.04644966 0.04704576 0.01813554 0.04644912 0.04387748 0.01911205 0.04677718 0.04704576 0.01646733 0.05016171 0.04704576 0.01410686 0.05347758 0.04387748 0.01736104 0.05067402 0.04387748 0.01488345 0.05415433 0.03928542 0.02263236 0.05369549 0.03928542 0.01946407 0.05814617 0.03389281 0.02677118 0.05606782 0.03928542 0.02487152 0.04871225 0.03389269 0.02939367 0.05023157 0.0284841 0.03208959 0.05113732 0.02289819 0.03321778 0.05151635 0.0284841 0.02923864 0.05748212 0.0284841 0.02520465 0.06314885 0.02289819 0.03027117 0.05807399 0.02289819 0.02610188 0.0639308 -0.04910421 0.03026169 0.05806851 -0.04910421 0.0260936 0.06392359 -0.04910421 0.03320735 0.05151283 -0.05158084 0.03027641 0.05807697 -0.05158084 0.02610641 0.06393474 -0.05495458 0.02953046 0.05764937 -0.05158084 0.03322345 0.05151826 -0.05495458 0.03240841 0.05124443 -0.05158084 0.03483438 0.0445106 -0.05495458 0.03398156 0.04440104 -0.05723285 0.03021913 0.05050885 -0.05806887 0.02720117 0.04949492 -0.05723285 0.02752667 0.05650085 -0.05723285 0.02371704 0.06185245 -0.05806887 0.02476453 0.05491763 -0.05806887 0.02131682 0.0597608 -0.05785405 0.02162009 0.05311524 -0.05785405 0.01858448 0.0573796 -0.05785405 0.02376556 0.04834061 -0.05785405 0.01477515 0.06096976 -0.05806887 0.01699054 0.0638383 -0.05723285 0.01893651 0.06635802 -0.05495458 0.02034825 0.06818592 -0.05495458 0.02545821 0.06336987 -0.05495458 0.01439684 0.07191258 -0.05158084 0.02087378 0.06886643 -0.05158084 0.01477956 0.07268249 -0.04910421 0.02086341 0.06885302 0.02289819 0.02087008 0.06886166 -0.04910421 0.01477199 0.0726673 0.02289819 0.01477688 0.07267713 -0.04910421 0.008053481 0.07521998 -0.05158084 0.008057951 0.07523638 0.02289819 0.008056342 0.07523053 -0.04910421 9.66114e-4 0.07641285 -0.05158084 9.6728e-4 0.07642978 0.02289819 9.66859e-4 0.07642382 0.02289819 -0.006219208 0.07621103 0.0284841 8.85307e-4 0.07523643 0.0284841 -0.006067514 0.07503056 0.0284841 0.007744729 0.07408189 0.03389281 6.90438e-4 0.07239913 0.03389281 0.007000088 0.07133716 0.03389281 -0.005705118 0.07220977 0.03928542 3.63556e-4 0.06763976 0.03928542 -0.00509721 0.06747812 0.03928542 0.005750954 0.066733 0.04387748 -5.27601e-5 0.06157821 0.04387748 0.004160106 0.06086909 0.04704576 -1.23345e-4 0.06055051 0.05417877 -1.23223e-4 0.06055223 0.04704576 0.003890395 0.05987495 0.04704576 0.007695198 0.05842936 0.05417877 0.003890812 0.05987662 0.05523538 0.003987312 0.06023246 0.05417877 0.007695972 0.05843091 0.05523538 0.007860064 0.05876106 0.05417889 0.01114594 0.05627059 0.04704576 0.01114487 0.05626916 0.04387748 0.01177453 0.0570845 0.03928542 0.01548832 0.06189322 0.04387748 0.008153676 0.0593518 0.03928542 0.01085799 0.06479263 0.03389269 0.01298129 0.06906461 0.0284841 0.01424711 0.0716114 0.03389281 0.01840424 0.06566882 0.03389281 0.02306056 0.06128036 0.0284841 0.02014261 0.06791973 0.05523538 -9.79598e-5 0.06092005 0.05603635 0.004186391 0.06096601 0.05650699 0.004485547 0.0620687 0.05603635 -4.58785e-5 0.06167834 0.05603635 -0.00433582 0.06155133 0.05650699 3.24048e-5 0.06281822 0.05650699 -0.004481375 0.06268453 0.05753219 5.32221e-5 0.06312137 0.05753219 -0.004520118 0.06298595 0.05753219 0.00456506 0.06236195 0.05994141 5.09788e-5 0.06308871 0.05994141 -0.004515945 0.06295347 0.05994141 0.004556536 0.06233036 0.05523538 -0.004238963 0.06079745 0.03928542 0.02341002 0.02743256 0.03389281 0.02768194 0.02530926 0.02848416 0.03022873 0.02404344 0.03389281 0.02428621 0.01988631 0.02848416 0.02653712 0.01814794 -0.05785405 0.01173263 0.01667046 0.05895262 -0.004770815 0.06493717 0.05895262 -0.009605705 0.06382572 0.05895262 1.88015e-4 0.06508398 0.05895262 0.005080163 0.0642606 0.05895262 0.009717762 0.06249856 0.05895262 0.01392245 0.05986565 0.05895262 0.0175327 0.05646306 0.05895262 0.02040976 0.05242151 0.05895262 0.02244311 0.04789632 0.05895262 0.0235545 0.04306143 0.05895262 0.02370136 0.03810256 0.05895262 0.02287793 0.03321039 0.05895262 0.02111595 0.02857279 0.05895262 0.01848304 0.0243681 0.05895262 0.01508045 0.02075785 0.05895262 0.01103889 0.01788079 0.05895262 0.006513714 0.01584744 0.05895262 0.001678764 0.01473605 0.05895262 -0.003279983 0.01458919 0.05895262 -0.008172214 0.01541262 0.05895262 -0.01280975 0.01717466 0.05895262 -0.0170145 0.01980751 0.05895262 -0.02062469 0.02321016 0.05895262 -0.02350181 0.02725172 0.05895262 -0.0255351 0.0317769 0.05895262 -0.02664655 0.03661179 0.05895262 -0.02679336 0.04157066 0.05895262 -0.02596992 0.04646283 0.05895262 -0.02420794 0.05110043 0.05895262 -0.02157503 0.05530512 0.05895262 -0.01817244 0.05891537 0.05895262 -0.01413083 0.06179243 0.07737797 -0.004645824 0.06396466 0.07604753 -0.004967331 0.0664671 0.07698833 -0.004825294 0.06536138 0.07604753 -0.01009696 0.06528794 0.07737797 -0.009293437 0.06289625 0.07698833 -0.009741902 0.06423115 0.07737797 1.20829e-4 0.0641058 0.07604753 2.93711e-4 0.06662291 0.07698833 2.17321e-4 0.06551069 0.07737797 0.004823446 0.06331425 0.07604753 0.005484104 0.06574928 0.07698833 0.00519216 0.06467336 0.07737797 0.009281337 0.06162053 0.07604753 0.01040428 0.0638799 0.07698833 0.009908139 0.06288158 0.07737797 0.01332312 0.05908966 0.07604753 0.01486527 0.06108653 0.07698833 0.01418387 0.06020414 0.07737797 0.01679348 0.05581885 0.07604753 0.01869559 0.05747652 0.07698833 0.01785516 0.05674409 0.07737797 0.01955908 0.05193394 0.07604753 0.02174806 0.05318862 0.07698833 0.02078086 0.05263423 0.07737797 0.02151364 0.04758405 0.07604753 0.02390533 0.04838758 0.07698833 0.02284854 0.04803258 0.07737797 0.02258199 0.0429365 0.07604753 0.02508449 0.04325801 0.07698833 0.02397876 0.04311591 0.07737797 0.02272313 0.0381698 0.07604753 0.02524024 0.03799688 0.07698833 0.02412807 0.0380733 0.07737797 0.02193164 0.03346711 0.07604753 0.02436667 0.03280651 0.07698833 0.02329075 0.03309839 0.07737797 0.02023786 0.02900922 0.07604753 0.02249723 0.02788627 0.07698833 0.02149891 0.02838248 0.07737797 0.01770699 0.02496743 0.07604753 0.01970386 0.02342528 0.07698833 0.01882153 0.02410668 0.07737797 0.01443624 0.02149707 0.07604753 0.01609385 0.01959496 0.07698833 0.01536142 0.02043545 0.07737797 0.01055127 0.01873147 0.07604753 0.01180595 0.01654249 0.07698833 0.01125156 0.01750969 0.07737797 0.006201446 0.01677691 0.07604753 0.007004976 0.01438528 0.07698833 0.006649911 0.01544201 0.07737797 0.001553833 0.01570856 0.07604753 0.00187534 0.01320606 0.07698833 0.001733303 0.01431185 0.07737797 -0.003212809 0.01556742 0.07604753 -0.003385722 0.01305031 0.07698833 -0.003309309 0.01416254 0.07737797 -0.007915496 0.01635897 0.07604753 -0.008576095 0.01392388 0.07698833 -0.008284211 0.01499986 0.07737797 -0.01237332 0.01805269 0.07604753 -0.01349633 0.01579332 0.07698833 -0.01300013 0.01679164 0.07737797 -0.01641511 0.02058357 0.07604753 -0.01795732 0.01858669 0.07698833 -0.01727586 0.01946902 0.07737797 -0.01988548 0.02385437 0.07604753 -0.02178764 0.02219671 0.07698833 -0.02094715 0.02292913 0.07737797 -0.02265107 0.02773928 0.07604753 -0.02484005 0.0264846 0.07698833 -0.02387285 0.02703899 0.07737797 -0.02460563 0.03208917 0.07604753 -0.02699732 0.03128564 0.07698833 -0.02594053 0.03164064 0.07737797 -0.02567398 0.03673678 0.07604753 -0.02817648 0.03641527 0.07698833 -0.02707076 0.03655731 0.07737797 -0.02581512 0.04150342 0.07604753 -0.02833229 0.04167634 0.07698833 -0.02722007 0.04159992 0.07737797 -0.02502363 0.04620611 0.07604753 -0.02745866 0.04686677 0.07698833 -0.02638274 0.04657483 0.07737797 -0.02332985 0.050664 0.07604753 -0.02558922 0.05178701 0.07698833 -0.0245909 0.05129081 0.07737797 -0.02079898 0.05470579 0.07604753 -0.02279585 0.05624794 0.07698833 -0.02191352 0.05556654 0.07737797 -0.01752823 0.05817615 0.07604753 -0.01918584 0.06007826 0.07698833 -0.01845341 0.05923783 0.07737797 -0.01364326 0.06094175 0.07604753 -0.01489794 0.06313067 0.07698833 -0.01434355 0.06216353 0.07504129 -0.005054831 0.06714785 0.07407873 -0.00509268 0.06744265 0.07407873 -0.01041018 0.06622028 0.07504129 -0.01031553 0.06593853 0.07504129 3.40731e-4 0.06730759 0.07407873 3.611e-4 0.06760412 0.07504129 0.005663752 0.06641167 0.07407873 0.005741596 0.06669855 0.07504129 0.01070976 0.06449443 0.07407873 0.01084208 0.06476062 0.07504129 0.01528477 0.06162965 0.07407873 0.01546645 0.06186491 0.07504129 0.01921302 0.05792737 0.07407873 0.01943707 0.05812269 0.07504129 0.02234345 0.05352991 0.07407873 0.02260136 0.05367773 0.07504129 0.02455586 0.04860615 0.07407873 0.02483761 0.04870086 0.07504129 0.02576518 0.04334545 0.07407873 0.02605998 0.0433833 0.07504129 0.02592492 0.03794986 0.07407873 0.02622151 0.03792953 0.07504129 0.025029 0.0326268 0.07407873 0.02531588 0.03254896 0.07504129 0.02311182 0.02758079 0.07407873 0.02337801 0.02744847 0.07504129 0.02024704 0.02300578 0.07407873 0.0204823 0.0228241 0.07504129 0.01654475 0.01907753 0.07407873 0.01674002 0.01885348 0.07504129 0.01214724 0.0159471 0.07407873 0.01229506 0.01568919 0.07504129 0.007223546 0.01373469 0.07407873 0.007318198 0.01345294 0.07504129 0.00196278 0.01252537 0.07407873 0.002000689 0.01223057 0.07504129 -0.003432691 0.01236563 0.07407873 -0.003453075 0.01206904 0.07504129 -0.008755803 0.01326155 0.07407873 -0.008833646 0.01297467 0.07504129 -0.01380181 0.01517874 0.07407873 -0.01393407 0.0149126 0.07504129 -0.01837682 0.01804351 0.07407873 -0.0185585 0.01780831 0.07504129 -0.02230501 0.0217458 0.07407873 -0.02252912 0.02155053 0.07504129 -0.0254355 0.02614331 0.07407873 -0.02569335 0.02599549 0.07504129 -0.02764791 0.03106707 0.07407873 -0.02792966 0.03097236 0.07504129 -0.02885717 0.03632777 0.07407873 -0.02915203 0.03628993 0.07504129 -0.02901697 0.04172337 0.07407873 -0.0293135 0.04174375 0.07504129 -0.02812099 0.04704642 0.07407873 -0.02840787 0.04712426 0.07504129 -0.02620381 0.05209243 0.07407873 -0.02647 0.05222475 0.07504129 -0.02333903 0.05666744 0.07407873 -0.02357429 0.05684918 0.07504129 -0.01963675 0.06059569 0.07407873 -0.01983201 0.06081974 0.07504129 -0.01523923 0.06372612 0.07407873 -0.01538705 0.06398403 0.05994904 -0.00509268 0.06744265 0.05916446 -0.005024313 0.06691026 0.0594815 -0.005072653 0.06728672 0.05916446 -0.01023924 0.06571143 0.05994904 -0.01041018 0.06622028 0.0594815 -0.01036012 0.06607121 0.05994904 3.61099e-4 0.06760412 0.05916446 3.24318e-4 0.06706857 0.0594815 3.50326e-4 0.0674473 0.05994904 0.005741596 0.06669855 0.05916446 0.005601048 0.06618046 0.0594815 0.005700409 0.06654679 0.05994904 0.01084208 0.06476062 0.05916446 0.01060312 0.06427997 0.0594815 0.0107721 0.06461983 0.05994904 0.01546651 0.06186491 0.05916446 0.01513838 0.06144011 0.0594815 0.01537036 0.06174051 0.05994904 0.01943707 0.05812269 0.05916446 0.01903241 0.05777001 0.0594815 0.01931858 0.05801939 0.05994904 0.02260136 0.05367773 0.05916446 0.02213561 0.05341076 0.0594815 0.02246493 0.05359953 0.05994904 0.02483761 0.04870086 0.05916446 0.02432876 0.04852992 0.0594815 0.0246886 0.0486508 0.05994904 0.02605998 0.0433833 0.05916446 0.02552759 0.04331493 0.0594815 0.02590405 0.04336327 0.05994904 0.02622151 0.03792953 0.05916446 0.02568596 0.03796631 0.0594815 0.02606463 0.03794026 0.05994904 0.02531588 0.03254896 0.05916446 0.02479785 0.03268951 0.0594815 0.02516418 0.03259015 0.05994904 0.02337801 0.02744847 0.05916446 0.0228973 0.02768743 0.0594815 0.02323722 0.02751845 0.0599491 0.0204823 0.0228241 0.05916446 0.02005743 0.02315217 0.0594815 0.02035784 0.02292019 0.0599491 0.01674002 0.01885348 0.05916452 0.0163874 0.01925814 0.0594815 0.01663672 0.01897197 0.0599491 0.01229506 0.01568919 0.05916452 0.01202815 0.01615494 0.0594815 0.01221686 0.01582562 0.0599491 0.007318198 0.01345294 0.05916452 0.007147252 0.01396179 0.0594815 0.00726813 0.01360195 0.0599491 0.002000689 0.01223057 0.05916452 0.001932263 0.01276296 0.0594815 0.001980662 0.0123865 0.0599491 -0.003453075 0.01206904 0.05916452 -0.003416299 0.01260459 0.0594815 -0.003442287 0.01222592 0.0599491 -0.008833646 0.01297467 0.05916446 -0.008693039 0.01349276 0.0594815 -0.008792459 0.01312643 0.05994904 -0.01393407 0.0149126 0.05916446 -0.01369518 0.01539325 0.0594815 -0.01386409 0.01505339 0.05994904 -0.0185585 0.01780831 0.05916446 -0.01823037 0.01823312 0.0594815 -0.01846241 0.01793271 0.05994904 -0.02252912 0.02155053 0.05916446 -0.0221244 0.02190321 0.0594815 -0.02241057 0.02165383 0.05994904 -0.02569335 0.02599549 0.05916446 -0.02522766 0.02626246 0.0594815 -0.02555698 0.02607369 0.05994904 -0.02792966 0.03097236 0.05916446 -0.02742081 0.03114336 0.0594815 -0.02778059 0.03102242 0.05994904 -0.02915203 0.03628993 0.05916446 -0.02861958 0.03635829 0.0594815 -0.02899605 0.03630995 0.05994904 -0.0293135 0.04174375 0.05916446 -0.02877795 0.04170697 0.0594815 -0.02915662 0.04173296 0.05994904 -0.02840787 0.04712426 0.05916446 -0.02788984 0.04698371 0.0594815 -0.02825611 0.04708307 0.05994904 -0.02647 0.05222475 0.05916446 -0.02598929 0.0519858 0.0594815 -0.02632921 0.05215477 0.05994904 -0.02357429 0.05684912 0.05916446 -0.02314943 0.05652105 0.0594815 -0.02344983 0.05675303 0.05994904 -0.01983201 0.06081974 0.05916446 -0.01947933 0.06041508 0.0594815 -0.01972872 0.06070125 0.05994904 -0.01538705 0.06398403 0.05916446 -0.01512008 0.06351828 0.0594815 -0.01530885 0.0638476 0.07737797 -0.001545965 0.03983664 0.02310746 -0.01365661 0.07707828 0.02310746 -0.0061751 0.07879811 0.02310746 -0.02065873 0.07393199 -0.04910421 -0.01365655 0.07707828 -0.04910421 -0.0061751 0.07879811 -0.04910421 -0.02065873 0.07393199 -0.04910421 -0.02691256 0.06948006 -0.04910421 -0.03217774 0.06389361 0.02310746 -0.02691256 0.06948006 0.02310746 -0.03217774 0.06389361 0.02310746 -0.03625184 0.05738735 0.02310746 -0.03897839 0.05021125 -0.04910421 -0.03625184 0.05738735 -0.04910421 -0.03897839 0.05021125 -0.04910421 -0.0402525 0.0426411 -0.04910421 -0.04002535 0.03496783 0.02310746 -0.0402525 0.0426411 0.02310746 -0.04002535 0.03496783 0.02310746 -0.03830552 0.02748638 -0.04910421 -0.03830552 0.02748638 0.02310746 -0.03515917 0.02048414 0.02310746 -0.03070729 0.01423031 -0.04910421 -0.03515917 0.02048414 -0.04910421 -0.03070724 0.01423031 -0.04910421 -0.02512079 0.008965134 0.02310746 -0.02512079 0.008965134 -0.04910421 -0.01861453 0.004891037 0.02310746 -0.01861453 0.004891037 -0.04910421 -0.01143842 0.002164542 0.02310746 -0.01143842 0.002164542 -0.04910421 -0.003868281 8.90408e-4 -0.04910421 0.003804922 0.001117587 0.02310746 -0.003868281 8.90412e-4 0.02310746 0.003804922 0.001117587 0.02310746 0.01128637 0.002837419 -0.04910421 0.01128637 0.002837359 0.02310746 0.01828861 0.00598371 0.02310746 0.02454245 0.01043564 -0.04910421 0.01828861 0.00598371 -0.04910421 0.02454245 0.01043564 -0.04910421 0.02980756 0.01602214 0.02310746 0.02980756 0.01602214 -0.04910421 0.03388172 0.0225284 0.02310746 0.03388166 0.0225284 -0.04910421 0.03660821 0.02970451 0.02310746 0.03660821 0.02970451 -0.04910421 0.03788232 0.03727465 -0.04910421 0.03765511 0.04494792 0.02310746 0.03788232 0.03727465 0.02310746 0.03765511 0.04494792 0.02310746 0.03593534 0.05242937 -0.04910421 0.03593534 0.05242937 0.02310746 0.03278899 0.05943161 0.02310746 0.02833706 0.06568545 -0.04910421 0.03278899 0.05943155 -0.04910421 0.02833706 0.06568539 -0.04910421 0.02275061 0.07095056 0.02310746 0.02275061 0.07095056 -0.04910421 0.01624429 0.07502466 0.02310746 0.01624429 0.07502472 -0.04910421 0.009068191 0.07775121 0.02310746 0.009068191 0.07775121 -0.04910421 0.001498103 0.07902532 0.02310746 0.001498043 0.07902532</float_array>
          <technique_common>
            <accessor source="#Bottle_E_A_Lying-mesh-positions-array" count="1699" stride="3">
              <param name="X" type="float"/>
              <param name="Y" type="float"/>
              <param name="Z" type="float"/>
            </accessor>
          </technique_common>
        </source>
        <source id="Bottle_E_A_Lying-mesh-normals">
          <float_array id="Bottle_E_A_Lying-mesh-normals-array" count="5097">-0.1404241 -0.3311848 0.9330583 -0.4975128 -0.4262549 0.755505 -0.1587513 -0.5184975 0.8402132 -0.1757802 -0.1146479 0.9777307 -0.4975131 -0.2706731 0.8241461 1.07493e-6 -0.1598793 0.9871366 -2.09268e-6 -0.5234465 0.8520586 0.01638013 -0.4685462 0.8832872 -7.92616e-7 -0.3486717 0.937245 0.01134884 -0.2888536 0.957306 -1.93343e-6 -0.6796168 0.7335674 -0.1587545 -0.6724497 0.7229167 0.02119684 -0.6342742 0.7728176 0.3230991 -0.312767 0.8931875 0.3418017 -0.4934178 0.7998191 0.344455 -0.6167871 0.7077602 0.5833196 -0.3925949 0.7110609 0.5384334 -0.5536282 0.6352837 0.7084838 -0.4636567 0.5320463 0.7556166 -0.3257464 0.5682719 0.7084852 -0.2247596 0.6689783 0.5528842 -0.2485215 0.795334 0.7330947 -0.2111884 0.6465073 0.7128371 -0.460766 0.5287325 0.07681882 -0.4823401 0.8726093 0.6629614 -0.3630098 0.6547566 0.07681822 -0.3028358 0.9499419 0.7471454 -0.09418767 0.6579533 0.7373887 -0.06697958 0.6721397 0.09438586 -0.1048366 0.9900003 -0.009411215 -0.1589177 0.987247 -0.01394462 -0.3466016 0.9379088 -0.5177729 -0.1090144 0.8485441 -0.0139234 -0.5228974 0.852282 -0.4738005 -0.2986952 0.8284289 -0.0182631 -0.6798296 0.7331427 -0.5175096 -0.4289961 0.740369 0.05570673 -0.6357053 0.7699193 -0.5866208 -0.5320758 0.6105502 -0.8512236 -0.265475 0.4527046 -0.8548285 -0.1774027 0.4876438 -0.8680962 -0.3152417 0.3834472 -0.7210938 -0.344543 0.601094 -0.584814 -0.2529115 0.7707324 -0.1822049 -0.5033643 0.8446453 -0.1001585 -0.3168566 0.9431703 -0.6264517 -0.5029979 0.5954424 0.6788409 -0.3442536 0.6485866 0.8112136 -0.1862136 0.5543076 0.5705299 -0.5395652 0.6191649 -0.1314805 -0.7912645 0.5971713 -0.1933668 -0.6567322 0.7289116 0.6788111 -0.6465476 0.3481261 0.8103643 -0.4637187 0.3581547 -0.5848255 -0.7289056 0.3559154 -0.6264514 -0.609501 0.4858676 -0.8611457 -0.4473093 0.2415419 -0.8611491 -0.3915913 0.3241584 -0.5175206 -0.6747592 0.5261867 -0.01393103 -0.8110014 0.5848784 -0.4867175 -0.7868104 0.3795202 -0.8611453 -0.4858365 0.1496392 -0.01828646 -0.9725692 0.231894 -0.009400308 -0.9091493 0.4163642 0.07677853 -0.9531272 0.2926665 0.07677644 -0.8777193 0.4729846 0.07677787 -0.7685794 0.6351308 0.7330936 -0.6115723 0.2975789 0.6629621 -0.5989723 0.4491254 0.7556156 -0.5184101 0.4003701 0.7084843 -0.6319702 0.3141077 0.6029352 -0.6314111 0.4876365 0.5384332 -0.7545884 0.3750817 0.3593231 -0.7298889 0.581506 0.2998874 -0.8542722 0.4246017 0.01639097 -0.77401 0.6329614 0.008642494 -0.8954573 0.4450637 -1.92149e-6 -0.80967 0.5868855 -1.20597e-7 -0.8954868 0.4450882 0.03028702 -0.9646715 0.2617089 0.3840912 -0.891082 0.2417578 -1.42805e-7 -0.9653316 0.2610267 -0.1588494 -0.9543991 0.2527635 -0.1826527 -0.8899257 0.4179359 -0.158752 -0.8005647 0.5778356 -0.1588494 -0.9853723 0.06171309 0.01638865 -0.9952206 0.09626805 -1.62662e-6 -0.9993617 0.03572607 -0.1404243 -0.979741 -0.1427893 0.01638835 -0.9948787 -0.0997399 -1.45488e-6 -0.9872587 -0.159124 0.3419281 -0.9323537 -0.1174805 0.3419284 -0.937358 0.06667041 0.5528868 -0.8285344 -0.08858257 0.5705994 -0.8190495 0.05978494 0.7307673 -0.6804814 0.05407893 0.6029377 -0.7699564 0.2088863 0.7084843 -0.6999735 -0.0899291 0.7330949 -0.6738287 -0.0923407 0.7093843 -0.7023692 0.05875015 0.7556166 -0.6321628 0.1715041 0.6629615 -0.7252512 0.1857225 0.07677525 -0.9919107 0.1010884 0.06171083 -0.9908263 -0.1202294 -0.01392936 -0.9992642 0.03573697 -0.5173174 -0.8519396 -0.08112818 -0.4737274 -0.8770676 0.07959163 -0.5593205 -0.8036903 0.2030825 -0.8548024 -0.5166924 0.04839438 -0.6262831 -0.7587075 0.1792551 -0.8666043 -0.4945583 -0.06640124 -0.6262827 -0.7791005 0.02779495 -0.1565245 -0.9826288 0.09970384 -0.1933687 -0.9425213 0.2725111 -0.1224718 -0.8983574 0.4218469 0.5705316 -0.7926234 0.2150397 -0.1565212 -0.9831994 -0.09391593 0.6787704 -0.7338819 0.02623081 -0.1565215 -0.945985 -0.283925 0.6788133 -0.7248819 -0.1172984 -0.5719202 -0.8105635 -0.1260727 -0.6264526 -0.7349669 -0.2595782 -0.182205 -0.8612307 -0.4744291 -0.8680939 -0.465815 -0.1715506 -0.721094 -0.6010938 -0.3445429 -0.5848267 -0.6077615 -0.5372186 -0.8612298 -0.3895451 -0.3264015 -0.842759 -0.4670153 -0.267683 -0.122474 -0.7625508 -0.6352296 0.678844 -0.624845 -0.3856678 0.6788131 -0.6880697 -0.2564626 -0.1314803 -0.6146119 -0.777795 0.6787707 -0.5374804 -0.5003851 0.6788284 -0.3480689 -0.6465601 0.809796 -0.3586341 -0.4643404 -0.626285 -0.4559516 -0.632357 -0.1565892 -0.4343097 -0.8870484 -0.8612296 -0.2349848 -0.4506282 -0.8612293 -0.3183822 -0.3961276 -0.5173044 -0.4058967 -0.7534217 -0.5593189 -0.5180367 -0.6471479 -0.5175107 -0.6424481 -0.5651931 -0.4737219 -0.7542765 -0.4545928 -0.01829493 -0.635272 -0.7720717 -0.01392835 -0.7749725 -0.6318415 -0.01392811 -0.8833473 -0.4685123 -0.5177726 -0.8109717 -0.272464 -0.009413778 -0.9575389 -0.2881506 -0.02043932 -0.9913611 -0.1295587 0.09438675 -0.9364005 -0.3380017 0.7128356 -0.6084626 -0.3487673 0.7019058 -0.6751855 -0.2268322 0.05570429 -0.8527143 -0.5193992 0.0768181 -0.7414131 -0.6666377 0.7556164 -0.4938131 -0.4303401 0.6629614 -0.5573446 -0.4998491 0.7556165 -0.620907 -0.2086108 0.7084844 -0.6122747 -0.3509551 0.5832862 -0.6208075 -0.5238086 0.5528869 -0.7315668 -0.3989062 0.5833231 -0.7739861 -0.2463327 0.3419725 -0.8915113 -0.2970904 0.3419286 -0.8164243 -0.4653345 0.01252245 -0.9472541 -0.3202387 0.02368056 -0.8655748 -0.5002194 0.3419727 -0.7099574 -0.6156421 0.01639008 -0.7718011 -0.6356528 0 -0.8675836 -0.4972914 -1.87992e-6 -0.7319518 -0.6813566 -1.72041e-7 -0.9484825 -0.3168298 -0.1758302 -0.7492579 -0.6385111 -0.1594357 -0.8564859 -0.4909301 -0.1587501 -0.9252226 -0.3446179 -0.4633957 -0.7640476 -0.4488828 -0.5018225 -0.6520981 -0.5682802 -0.4975116 -0.8241474 -0.2706723 -0.4975128 -0.8611163 -0.104689 -0.8575029 -0.4905692 -0.1550181 -0.5288664 -0.8455742 0.07283341 -0.8575034 -0.5113849 -0.05633455 -0.8369872 -0.5289999 0.1400412 -0.8851263 -0.4645665 0.02701073 -0.9925836 -0.1211836 -0.009611666 -0.9925836 -0.1207306 0.01421475 -0.9925836 -0.1156371 0.03749495 -0.5288667 -0.7533363 0.3908763 -0.4534651 -0.8546949 0.2527174 -0.8999685 -0.3903918 0.1940387 -0.9978974 -0.05804157 0.02884382 -0.9992628 0.03661674 -0.01154011 -0.9993374 0.03267079 -0.01604115 -0.9991493 0.04098933 -0.004553556 -0.9838963 0.162544 -0.07434767 -0.9905 0.1372303 -0.008817076 -0.9752693 0.2151605 -0.05055725 -0.9991492 0.04109215 0.0035308 -0.9838947 0.1779356 0.01704108 -0.8934229 0.448161 -0.03077983 -0.8931984 0.4302243 -0.1307812 -0.9948183 0.101242 0.0093171 -0.8932167 0.4440313 0.07071262 -0.9948185 0.09901803 -0.0230596 -0.8932214 0.3964095 -0.2121677 -0.9948185 0.09261691 -0.04193383 -0.9975773 0.0694049 -0.004755437 -1 4.44249e-7 -5.84228e-7 -0.9948185 0.009298563 -0.1012419 -0.9975771 -0.004749 -0.06940817 -0.9916366 -0.03378075 -0.1245623 -0.9948186 -0.1012378 -0.009326934 -0.997577 -0.06940478 0.004815876 -0.9916362 -0.1245526 0.03382802 -0.9948181 -0.009297311 0.1012448 -0.9948183 0.01062917 0.1011115 -0.9975771 0.0181989 0.06714844 -0.9975773 -0.04251074 -0.0550692 -0.9916368 -0.09729081 -0.08480131 -0.9948188 -0.04848819 -0.08935731 -0.9916363 -0.1021539 0.07888096 -0.9975771 -0.04572087 0.05243825 -0.997577 -0.06230735 0.03095209 -0.9916364 0.05743575 0.1155791 -0.9975769 0.04251259 0.05507248 -0.9916365 0.09729254 0.08480244 -0.9948184 0.08265912 -0.05919408 -0.9916367 0.08483719 -0.09725987 -0.9948187 0.02889895 -0.09747165 -0.9916365 -0.1223396 -0.04111325 -0.9975773 -0.0603463 -0.03461146 -0.9916362 -0.04111379 0.1223409 -0.9948182 -0.05371427 0.08632373 -0.9916365 0.1223397 0.04111343 -0.997577 0.06035155 0.03461039 -0.9948184 0.04733759 -0.08997559 -0.8914359 0.235989 -0.3868481 -0.8973111 0.2899967 -0.3327684 -0.894846 0.1527578 -0.4194234 -0.9781361 0.1037977 -0.1802112 -0.9904998 0.04437452 -0.1301579 -0.9993374 0.01159501 -0.03450292 -0.9904996 0.09080207 -0.1032739 -0.9991492 0.01898342 -0.036614 -0.994983 -0.02752155 0.09618532 -0.9925856 -0.05529105 0.1082444 -0.9991493 0.02576392 -0.03220522 -0.9925857 -0.07534486 0.09537786 -0.857505 -0.1550174 0.4905658 -0.8575038 -0.2477443 0.450899 -0.8575041 -0.3309493 0.3939028 -0.497513 -0.5654556 0.6578304 -0.8123117 -0.4615904 0.3564885 -0.4534645 -0.6929246 0.5605583 -0.985092 -0.1361511 0.1051512 -0.9989379 0.03646892 -0.02816218 -0.9840554 0.1407704 -0.1087145 -0.8914352 0.3509484 -0.2866682 -0.5445017 -0.1202058 0.8301015 -0.8575032 -0.05633449 0.5113851 -0.9886928 -0.0131157 0.1493809 -0.8851268 0.02701586 0.4645652 -0.994983 0.01138085 0.09939557 -0.4954155 0.05951988 0.8666148 -0.8369873 0.1400374 0.5290009 -0.9925929 0.03605586 0.1160148 -0.4975129 0.3913645 0.7741541 -0.4534651 0.2527172 0.854695 -0.8575037 0.2372693 0.4564983 -0.9886929 0.07208603 0.1314908 -0.9989381 -0.02050495 -0.04125875 -0.9991492 -0.009115636 -0.04022336 -0.999469 -0.002234935 -0.03250944 -0.9940302 -0.04856157 -0.09770148 -0.9838946 -0.05330419 -0.1706172 -0.9838942 0.02947831 -0.1763046 -0.968792 -0.01698118 -0.247293 -0.9990442 0.00548011 -0.04336506 -0.8953014 -0.1142966 -0.4305483 -0.8932392 0.06717199 -0.4445354 -0.8906378 -0.03115957 -0.4536447 -0.8948439 -0.188565 -0.4045955 -0.9781345 -0.1271234 -0.1645987 -0.8906356 -0.2779433 -0.3598829 -0.8953004 -0.3342362 -0.2944883 -0.9838957 -0.1384752 -0.1130219 -0.8934209 -0.3897371 -0.2233927 -0.9904996 -0.1190031 -0.06891208 -0.9687922 -0.2349678 -0.07894366 -0.8930191 -0.4265871 -0.1433187 -0.8948442 -0.4411699 -0.0679928 -0.9940305 -0.1082117 -0.01390779 -0.9781349 -0.2074827 0.01425004 -0.8906359 -0.4536483 0.03115946 -0.8953198 -0.4305121 0.1142897 -0.9838947 -0.1709117 0.0523492 -0.8920993 -0.4052487 0.1998308 -0.9752704 -0.194446 0.1050639 -0.8953197 -0.3540043 0.27034 -0.9838945 -0.1372308 0.1145399 -0.8934217 -0.2951329 0.3386657 -0.9940302 -0.07168477 0.08225148 -0.9781348 -0.1034237 0.1804322 -0.8914548 -0.2145231 0.3991093 -0.8953207 -0.1441484 0.4214525 -0.9838949 -0.05142486 0.1711907 -0.893198 -0.07073682 0.444065 -0.9839037 -0.01705425 0.1778844 -0.8931985 0.017255 0.4493315 -0.9752706 0.02265691 0.2198499 -0.8920775 0.1169448 0.4364879 -0.9889149 0.04402178 0.1418074 -0.8953211 0.1960765 0.3999428 -0.97527 0.1050646 0.1944478 -0.8920766 0.2750805 0.3585111 -0.9838939 0.1145407 0.1372346 -0.9992631 0.01568341 0.03503608 -0.9990465 0.02668744 0.03455668 -0.8973103 0.3327714 0.2899956 -0.9940295 0.08225709 0.07168805 -0.9990174 0.03449761 0.02782583 -0.9925929 -0.05799633 -0.1067512 -0.9925929 -0.08862423 -0.08309745 -0.9934229 -0.06998872 -0.09062284 -0.999149 0.03661686 0.01898461 -0.9781351 0.1802162 0.1037973 -0.989327 -0.1267184 -0.07193553 -0.8369874 -0.4147457 -0.3569848 -0.8324727 -0.4882217 -0.2619712 -0.8749019 -0.2867732 -0.3902664 -0.4973225 -0.5522805 -0.6690714 -0.9925855 -0.1169524 -0.03311109 -0.9991492 0.03961318 0.01147967 -0.9838954 0.1711875 0.05142736 -0.8953231 0.4214474 0.1441481 -0.8906377 0.3945021 0.2261252 -0.1588479 -0.5987544 -0.7850227 -0.4973223 -0.4111396 -0.76396 -0.8574127 -0.2135035 -0.4682517 -0.1404227 -0.425589 -0.893955 -2.11264e-7 -0.60986 -0.7925092 0.008642375 -0.6112191 -0.7914142 0 -0.4450882 -0.8954868 -1.2666e-7 -0.2323628 -0.9726293 -0.1587502 -0.2274892 -0.9607535 0.01638877 -0.2885749 -0.9573171 1.45286e-7 -0.03814774 -0.9992721 -0.1333593 -0.05167281 -0.9897198 0.01134675 -0.09947955 -0.994975 -1.35135e-6 0.1575334 -0.9875137 -0.1588469 0.1199011 -0.9799956 0.01637995 0.09486168 -0.9953557 0.3406805 -0.06442081 -0.9379695 0.3177502 0.1400589 -0.9377731 0.5384351 0.1073809 -0.8357973 0.5555686 -0.2271356 -0.7998456 0.3177503 -0.2669546 -0.9098187 0.7307677 -0.1716567 -0.660691 0.6029376 -0.05466449 -0.7959133 0.7556169 -0.04488408 -0.6534743 0.7196538 0.09478121 -0.6878336 0.6839028 0.07633948 -0.7255683 0.7091981 -0.1600021 -0.686613 0.09438514 -0.0460757 -0.9944689 0.07681739 -0.2461003 -0.9661955 0.7019066 -0.04881691 -0.7105942 -0.009402394 0.09581643 -0.9953547 -0.01393508 -0.09826058 -0.9950632 -0.01393967 -0.2904995 -0.9567737 0.7330942 -0.2975791 -0.6115713 0.07681816 -0.4298672 -0.8996184 -0.01393985 -0.471575 -0.8817158 -0.5173215 -0.2510672 -0.8181343 -0.517308 -0.0866782 -0.8513985 0.07681727 -0.5971189 -0.7984662 0.7093843 -0.4390622 -0.5513603 0.7196539 -0.4193506 -0.5533927 0.7187848 -0.2939444 -0.6300358 0.5704026 -0.3890795 -0.7233659 0.3681177 -0.3986706 -0.8399709 0.3231009 -0.5688949 -0.7562833 0.5528868 -0.5232252 -0.6484996 0.03028774 -0.4448654 -0.8950852 -0.8666064 -0.1279221 -0.4823165 -0.626283 -0.3238282 -0.7091579 -0.665848 -0.06760889 -0.743018 -0.6308794 -0.2031559 -0.7488116 -0.8612082 0.05498182 -0.5052698 -0.8512236 -0.0307644 -0.5239008 -0.4867202 0.1010535 -0.8676934 -0.5593251 0.2502838 -0.7902616 -0.8666056 0.1616101 -0.4720985 -0.5848256 0.1090336 -0.8037977 -0.01829481 0.2890149 -0.9571499 0.05570513 0.1535433 -0.9865705 0.07681685 0.33216 -0.9400899 -0.009405732 0.4694262 -0.8829217 -0.4867278 0.4254059 -0.7629717 -0.01828193 0.6333029 -0.7736882 0.07681739 0.5091791 -0.8572256 -0.5866349 0.5320628 -0.6105479 -0.8611495 0.2675726 -0.4322345 -0.626452 0.5210793 -0.5796847 -0.584825 0.3984131 -0.706574 -0.6308795 0.2471003 -0.7354812 -0.1314812 0.642941 -0.7545459 -0.122471 0.4742602 -0.8718246 -0.2185174 0.3107835 -0.925021 0.6788411 0.3856679 -0.624848 0.5705313 0.2615598 -0.7785117 -0.1224727 0.1483513 -0.9813218 0.6788136 0.069745 -0.730991 -0.1314797 -0.0569306 -0.9896828 0.8103636 -0.04016602 -0.5845491 -0.2185173 -0.2555079 -0.9417887 0.5699232 -0.2151497 -0.7930311 0.5705313 0.6499906 -0.5020025 0.8103634 0.3849371 -0.4417403 -0.1565212 0.8696778 -0.4681472 -0.1933696 0.7664915 -0.6124532 -0.6264526 0.6241591 -0.4668862 -0.8612312 0.4081757 -0.3027763 -0.6264521 0.7032498 -0.3361512 -0.8680965 0.3367475 -0.364705 -0.5175166 0.6747624 -0.5261867 -0.8547992 0.4703052 -0.2193888 -0.01393622 0.7727879 -0.6345115 -0.4737205 0.7798515 -0.4091706 -0.5173062 0.8181298 -0.2511137 -0.01055777 0.8959408 -0.4440481 0.07681524 0.9580965 -0.275954 0.1016859 0.8959234 -0.4324134 0.07678031 0.8087885 -0.5830661 0.709383 0.6829035 -0.1744093 0.7330951 0.6064837 -0.3078136 0.6629617 0.5859432 -0.4659963 0.09438705 0.6706187 -0.7357729 0.7548462 0.4309103 -0.4944933 0.6629627 0.3815044 -0.6441544 0.7556165 0.5184094 -0.4003691 0.7556169 0.3257355 -0.5682778 0.7084845 0.4636605 -0.5320419 0.6029378 0.6314078 -0.4876376 0.5832867 0.3926323 -0.7110672 0.7187839 0.2376517 -0.6533539 0.5914 0.2436866 -0.7686762 0.7330943 0.2220312 -0.6428645 0.3593226 0.3105389 -0.88003 0.3418059 0.4934176 -0.7998175 0.01638108 0.2872201 -0.9577246 0.01252287 0.4956185 -0.8684501 0.5384355 0.5536279 -0.6352822 0.3445048 0.6167761 -0.7077456 0.02119755 0.6788458 -0.7339749 6.22589e-7 0.6337625 -0.7735277 4.93976e-7 0.4988005 -0.8667169 6.43735e-7 0.3479191 -0.9375246 -0.1757805 0.6385268 -0.7492561 -0.1333588 0.4786731 -0.8678062 -0.1972365 0.312222 -0.9293091 -0.4211019 0.4510456 -0.7869123 -0.5729371 0.5384789 -0.6178866 -0.4975125 0.1163827 -0.8596141 -0.5729364 0.2610341 -0.7769203 -0.4633964 -0.07018053 -0.8833678 -0.8324735 0.0859605 -0.547356 -0.8851262 0.1435661 -0.4426518 -0.8574123 -0.01805967 -0.5143131 -0.8574126 -0.1180487 -0.5009073 -0.9850916 0.02192121 -0.1706289 -0.9949827 -0.01138126 -0.09939837 -0.9925903 -0.0361061 -0.1160212 -0.4973235 -0.2541974 -0.8294896 -0.9990174 0.009972572 0.04318356 -0.999469 0.002235352 0.03251004 -0.9990463 -0.005468964 0.04331898 -0.9925832 0.044272 -0.1132192 -0.999149 -0.01454335 0.03859841 -0.9949827 0.05364441 -0.08445101 -0.9993374 -0.01794588 0.03166669 -0.8369872 0.2692131 -0.4764208 -0.8999683 0.2864139 -0.3286705 -0.9886925 0.1149032 -0.09635597 -0.9963512 0.05539143 -0.06493192 -0.857504 0.4014369 -0.321769 -0.4975135 0.6829271 -0.5348746 -0.9990175 -0.02782666 0.0344938 -0.9990466 -0.03461068 0.02661228 -0.9893268 0.1307537 -0.06431204 -0.9992629 -0.03503632 0.01568597 -0.9949828 0.09764569 -0.02178269 -0.9993374 -0.03508031 0.009702742 -0.9991493 -0.04098904 0.004554033 -0.9963513 0.08508032 -0.006744384 -0.9989382 -0.04569691 -0.0058676 -0.9850919 0.1706265 0.02192056 -0.8749021 0.4822306 -0.04472309 -0.8574138 0.4918704 -0.1513453 -0.4633956 0.8846684 -0.05124902 -0.8123117 0.578469 0.07431942 -0.4534618 0.8812224 0.1334899 -0.4975106 0.835632 -0.2328141 -0.4975112 0.7741551 -0.391365 -0.8324734 0.4890616 -0.2603974 -0.1404215 0.8939557 -0.4255881 -0.1587478 0.9607546 -0.2274856 -0.158847 0.7850242 -0.5987528 2.33878e-6 0.7724931 -0.6350231 0 0.8954873 -0.4450871 0.01134598 0.8100028 -0.5863163 0 0.9646689 -0.2634653 0.008642077 0.9650751 -0.2618309 -1.38208e-6 0.994867 -0.1011913 -0.1333614 0.9897195 -0.05167275 0 0.9919729 0.1264508 -0.1588469 0.9799956 0.1199012 0.01638752 0.9990367 -0.04070585 0.3593235 0.9318795 -0.04987186 0.02368175 0.9920163 0.1238669 0.3177511 0.9377728 0.1400586 0.2998904 0.9206923 -0.2497829 0.5384344 0.8357974 0.1073825 0.5384338 0.8132694 -0.2206398 0.7196531 0.6684174 -0.1879299 0.6029374 0.7959136 -0.05466407 0.7556167 0.6534746 -0.04488366 0.7084832 0.6999743 0.08993083 0.7548475 0.6505539 0.08357673 0.6299129 0.7748405 -0.05321645 0.09438449 0.9900003 0.1048381 0.05570101 0.9939282 -0.09489065 -0.01393103 0.9992642 -0.03573524 -0.01392805 0.9730917 -0.2299969 -0.5173194 0.851938 0.08113127 -0.5173123 0.8513958 -0.08667933 -0.8611459 0.4948486 -0.1164168 -0.8611481 0.5080476 -0.01765787 -0.6849942 0.7262077 -0.05835539 -0.6264519 0.7553173 -0.1924942 -0.6658505 0.7419283 0.07864892 -0.1561326 0.9854147 -0.06768018 -0.1565256 0.9442966 -0.2894886 0.6788136 0.7145915 -0.1690298 0.6788141 0.6678841 -0.3051924 0.6788123 0.730992 0.06974655 0.8103642 0.5845459 -0.0402013 -0.1565218 0.9750092 0.157665 0.6788108 0.7033405 0.2110167 -0.5719212 0.7842505 0.2405357 -0.8720288 0.4639646 0.1558929 -0.8512226 0.5198377 0.07203418 -0.6262839 0.6887568 0.3652158 -0.1565269 0.9255136 0.3448534 -0.6262851 0.6042709 0.4925685 -0.1565252 0.8404526 0.5187866 -0.8547995 0.4437002 0.2691619 0.5705313 0.6191648 0.5395637 0.6787667 0.6487619 0.3440697 -0.1224749 0.6239705 0.7717906 -0.1933676 0.7289111 0.6567327 -0.1565234 0.4681459 0.8696781 0.6788435 0.4296929 0.595429 -0.5848258 0.5003172 0.6384838 -0.8680976 0.2919996 0.4014263 -0.6264523 0.3361508 0.7032498 -0.8611437 0.3717283 0.3467704 -0.5477855 0.5004296 0.6704486 -0.8612298 0.2173349 0.4594007 -0.517503 0.6424523 0.5651952 -0.473718 0.7542767 0.4545965 -0.01394826 0.5873014 0.8092482 -0.01392447 0.7338896 0.6791261 -0.01392889 0.8522778 0.522904 -0.5177754 0.81097 0.2724639 -0.009410262 0.9372805 0.3484491 -0.01393079 0.9870362 0.1598921 0.07681602 0.9499401 0.3028419 0.07681679 0.8726057 0.4823471 0.7093831 0.6647102 0.2343844 0.7093833 0.606212 0.3595585 0.07681667 0.7617381 0.6433151 0.6629621 0.5713493 0.4837782 0.7556165 0.4938127 0.4303403 0.7307679 0.5885582 0.3457999 0.6029375 0.6014494 0.5241423 0.5705995 0.7107269 0.4114409 0.7307664 0.6447132 0.2243336 0.5705988 0.7773387 0.2648804 0.3419733 0.8141268 0.4693101 0.3419303 0.8900631 0.3014491 0.01252287 0.9484534 0.3166692 0.0163902 0.8532797 0.5211959 0.3840917 0.6960666 0.6066011 0.02119725 0.7339746 0.6788461 -1.73226e-7 0.775062 0.6318852 -9.25172e-6 0.883063 0.4692546 0 0.9479297 0.3184799 -0.1404228 0.867208 0.4777361 -0.1757816 0.7349671 0.654923 -0.1826497 0.9387095 0.2923418 -0.5288633 0.7288883 0.4347705 -0.5445051 0.623423 0.5611221 -0.4975114 0.820392 0.2818498 -0.8575039 0.4846504 0.1726299 -0.8851259 0.4061382 0.227165 -0.9925836 0.1132162 0.04427099 -0.9925836 0.1024037 0.06550765 -0.874902 0.3726147 0.3093622 -0.9978974 0.04886549 0.04258024 -0.9991491 -0.0350179 -0.02179247 -0.9993376 -0.02755337 -0.02377647 -0.9992632 -0.03585964 -0.01368415 -0.9991493 -0.02656024 -0.03155076 -0.9925855 0.07884687 0.09250539 -0.8575031 0.3217697 0.4014383 -0.4975134 0.5348749 0.682927 -0.1587502 0.5778342 0.800566 -0.1826516 0.4179347 0.8899265 -1.87941e-6 0.4169134 0.9089463 7.84959e-7 0.6119775 0.7908751 0.01638954 0.4697937 0.8826242 -0.1588506 0.2527633 0.9543989 0.01638972 0.2885757 0.9573169 -1.51592e-6 0.2300052 0.9731894 -0.1333653 0.08412319 0.9874902 0.011348 0.09947919 0.994975 -3.07637e-6 0.03572404 0.9993618 0.02119678 -0.09802693 0.994958 0.3407285 0.0644204 0.9379521 0.3681145 -0.1351824 0.9199008 0.5833193 -0.09059953 0.8071743 0.5705974 0.2116272 0.793494 0.3418024 0.2752176 0.8985692 0.7306004 0.1568486 0.6645462 0.5913967 0.06902581 0.8034211 0.7305996 0.02418941 0.6823776 0.6839016 0.0666781 0.726521 0.07681798 0.2759594 0.9580947 0.7091981 0.2089483 0.673334 0.05569958 0.09489065 0.9939282 -0.01392561 0.03573673 0.9992643 -0.01829695 0.2318723 0.9725742 0.07681715 0.4575728 0.8858478 0.6629611 0.3427307 0.6655963 -0.01394182 0.4181187 0.9082854 -0.5173084 0.3555011 0.7784671 -0.5173054 0.08663314 0.8514047 -0.517046 0.2241191 0.8260957 0.07681977 0.6216022 0.7795573 0.7330961 0.4202171 0.5347781 0.7397359 0.2875838 0.6083472 0.7084833 0.4313664 0.5585469 0.5555669 0.3788157 0.740165 0.3177501 0.4393205 0.8402574 0.3419747 0.576208 0.7423192 0.5528855 0.5232232 0.6485024 0.02368247 0.6082482 0.7933936 -0.8427624 0.140938 0.5195074 -0.6658471 0.1793458 0.7242118 -0.866601 0.03135675 0.4980155 -0.6850369 -0.0844264 0.7235997 -0.571918 0.03449046 0.8195855 -0.1822057 -0.1087372 0.9772294 -0.1933666 0.08339905 0.9775756 -0.1314796 0.2701847 0.953789 0.5699214 0.05630379 0.819768 0.8103639 0.1533638 0.5654997 0.6788123 0.3051922 0.6678858 0.678844 -0.1171935 0.72487 -0.8680945 -0.07737559 0.4903317 0.5705996 0.7338258 -0.3686677 0.7187839 0.614728 -0.3247449 0.3681179 0.8399716 -0.3986693 0.3406811 0.744103 -0.5746713 0.03028762 0.8950792 -0.4448774 0.1239273 0.3312951 -0.9353532 0.1420409 0.5199095 -0.8423293 0.4854977 0.4288845 -0.7618073 0.1591691 0.1142965 -0.9806129 0.4854972 0.2720237 -0.8308404 -8.13217e-5 0.1599231 -0.9871296 -8.36905e-5 0.5236372 -0.8519414 -0.015055 0.4685673 -0.8832995 -4.37628e-6 0.3487189 -0.9372274 -0.01034265 0.2887337 -0.9573536 -7.71974e-5 0.6797802 -0.733416 0.1420409 0.6742495 -0.7247151 -0.01954239 0.6341282 -0.7729811 -0.3230128 0.3127853 -0.8932123 -0.341831 0.4934237 -0.799803 -0.3444885 0.6167795 -0.7077505 -0.5849891 0.3921608 -0.709928 -0.5401555 0.5528917 -0.6344627 -0.7543156 0.3264755 -0.5695804 -0.7099727 0.4626721 -0.5309175 -0.5545943 0.248334 -0.7942012 -0.7099732 0.2242848 -0.6675587 -0.7122587 0.2169989 -0.6675322 -0.6896268 0.4757711 -0.5459458 -0.6338111 0.3738394 -0.6771467 -0.1004354 0.4843155 -0.8691095 -0.100436 0.3054562 -0.9468945 -0.7465995 0.09466439 -0.6585043 -0.7165004 0.07014757 -0.6940509 -0.1217042 0.1063417 -0.9868534 0.03154855 0.1569242 -0.9871067 0.045412 0.3410283 -0.9389556 0.5217283 0.1087111 -0.846157 0.04539328 0.5176671 -0.8543771 0.4826217 0.2967172 -0.824036 0.0580691 0.6762239 -0.7344041 0.5209541 0.4271865 -0.7389984 -0.07384163 0.6359427 -0.7681956 0.5805768 0.5349265 -0.6138276 0.807343 0.3051211 -0.5050727 0.8160861 0.1898808 -0.5458469 0.8548883 0.3345373 -0.3965488 0.7933331 0.3027377 -0.5281787 0.6399459 0.2388944 -0.7303415 0.04081618 0.3182127 -0.9471403 0.09769129 0.512917 -0.8528614 0.6914757 0.4674887 -0.550741 0.8610242 0.1619833 -0.4820777 0.7516621 0.3090073 -0.5826824 0.6491599 0.4997361 -0.5734592 0.06109493 0.7947332 -0.6038762 0.1062556 0.6627026 -0.7413063 0.8623178 0.4007743 -0.3094966 0.7513414 0.5811072 -0.3127309 0.6399762 0.6907944 -0.3365023 0.6914782 0.5659512 -0.4489512 0.8329682 0.4871475 -0.2623954 0.8329658 0.426599 -0.3523938 0.5209173 0.6736608 -0.5242389 0.04539078 0.8102749 -0.5842896 0.4947094 0.7829461 -0.377171 0.8329616 0.5290015 -0.1622726 0.05807179 0.9702726 -0.2349447 0.03154748 0.9079279 -0.4179377 -0.1004079 0.9510743 -0.2921916 -0.1004055 0.8757983 -0.4721188 -0.1004062 0.7668641 -0.633907 -0.7122591 0.6315898 -0.3062375 -0.6338121 0.6196761 -0.4629081 -0.7543153 0.5195962 -0.4012833 -0.7099735 0.6306273 -0.3134437 -0.5401552 0.7536103 -0.3745718 -0.6044032 0.6305314 -0.4869568 -0.3594958 0.7298523 -0.5814452 -0.2995193 0.8543729 -0.424659 -0.007790625 0.8954619 -0.44507 -0.01505559 0.7738229 -0.6332232 -8.09135e-5 0.8098013 -0.5867043 -2.69143e-4 0.8954868 -0.445088 -0.3844198 0.8909516 -0.241716 -0.02808237 0.9647313 -0.2617347 -4.84469e-5 0.965327 -0.2610442 0.1421312 0.9565018 -0.254761 0.1660482 0.8923456 -0.4196991 0.142041 0.8026791 -0.5792502 0.1421312 0.9878243 -0.06326198 -0.01505774 0.995209 -0.09660363 -7.63356e-5 0.9993615 -0.03573131 0.1239255 0.9820134 0.1424504 -0.01505762 0.9949328 0.09940874 -8.31462e-6 0.9872505 0.1591747 -0.3419701 0.9323339 0.1175159 -0.3419702 0.9373456 -0.06663131 -0.5545963 0.8273875 0.08861768 -0.5723243 0.8178735 -0.0593965 -0.7312659 0.680043 -0.05283874 -0.6044039 0.7688848 -0.2085955 -0.7099733 0.698488 0.08973532 -0.7122595 0.6952816 0.09627985 -0.685137 0.7260794 -0.05827558 -0.754316 0.6336068 -0.1719007 -0.6338116 0.7496533 -0.1905331 -0.1004055 0.9898042 -0.1010268 -0.08178246 0.9895779 0.1185216 0.04538315 0.9983324 -0.035676 0.4826161 0.8722811 -0.07878607 0.5207216 0.8498898 0.0808475 0.5565322 0.8056219 -0.2030896 0.8160871 0.576117 -0.04572999 0.6913388 0.7031327 -0.1662982 0.8497471 0.5216239 0.07641077 0.691334 0.7220703 -0.0259208 0.1062548 0.9562796 -0.2724691 0.07841855 0.9918107 -0.1008068 0.05487054 0.9051964 -0.4214367 0.6491577 0.7341185 -0.1991589 0.07841402 0.9924194 0.09463131 0.7511115 0.6597371 -0.02405339 0.07841533 0.954888 0.2864264 0.7513421 0.6514616 0.1052756 0.621782 0.774023 0.1194814 0.6914772 0.6817332 0.2389543 0.09769231 0.8736235 0.4766951 0.8548857 0.489086 0.1731048 0.7933375 0.5281648 0.3027501 0.6399459 0.5752541 0.5094626 0.8331037 0.4143624 0.3663907 0.7901847 0.5317113 0.3047807 0.05487215 0.7692704 0.6365627 0.7516635 0.5611248 0.3466137 0.7513417 0.6184059 0.2303475 0.06109184 0.6162748 0.7851581 0.7511121 0.4835124 0.4494957 0.8642484 0.3074784 0.3981605 0.751341 0.3127321 0.5811071 0.6913362 0.4227173 0.5859732 0.07845085 0.4317587 0.898571 0.8331022 0.2426106 0.4970723 0.8331034 0.3349239 0.4401873 0.5207363 0.4049421 0.7515688 0.5565323 0.5195724 0.6483182 0.5209529 0.6414612 0.563148 0.482603 0.7503238 0.4517839 0.05807369 0.6315882 0.773126 0.04538857 0.7742852 0.631207 0.04538512 0.8825491 0.468025 0.5217295 0.8086891 0.2716991 0.03155529 0.9565426 0.2898802 0.06382185 0.9890362 0.13317 -0.121703 0.9342291 0.335268 -0.6896269 0.6282728 0.3601222 -0.6753387 0.6991019 0.2348919 -0.07383954 0.8523767 0.5176888 -0.1004355 0.7421358 0.6626818 -0.6338115 0.5749037 0.5174638 -0.7543162 0.4949398 0.4313259 -0.7099734 0.610977 0.3502072 -0.7543161 0.6223276 0.2090828 -0.5849894 0.619778 0.5231279 -0.5545948 0.7304938 0.3985016 -0.5849894 0.7727925 0.2461284 -0.3419707 0.8163926 0.4653592 -0.3419702 0.891493 0.2971476 -0.01144242 0.9473101 0.3201135 -0.02185124 0.8657213 0.5000492 -0.341971 0.7099183 0.6156881 -0.01505422 0.7720192 0.635421 -7.58509e-5 0.7319209 0.6813896 -1.00976e-4 0.8675833 0.4972919 -1.82829e-4 0.9484432 0.3169471 0.1591673 0.7518516 0.639832 0.1425954 0.8587176 0.4922101 0.1420403 0.9275737 0.3455887 0.4890801 0.6575779 0.573055 0.4502709 0.7700356 0.4519973 0.485499 0.8308401 0.2720215 0.485498 0.8679449 0.1047066 0.8662524 0.476309 0.1507864 0.5186603 0.8517861 -0.07383704 0.8662519 0.4965748 0.05496633 0.8930947 0.4491153 -0.02603089 0.8459163 0.5155769 -0.1364042 0.9952878 0.09671127 0.00701636 0.9952877 0.09622246 -0.0119875 0.9952877 0.092036 -0.030528 0.518661 0.7586913 -0.3941805 0.4393041 0.8613459 -0.2551378 0.9990671 0.03867208 -0.01921898 0.9077265 0.3757164 -0.1867343 0.9992205 -0.03755152 0.01218181 0.9993419 -0.03248506 0.01614689 0.9990293 -0.04372704 0.00532943 0.996542 -0.07556354 0.03455847 0.9999013 -0.01358479 -0.003596842 0.9847839 -0.1699681 0.03621625 0.9990291 -0.04393339 -0.003304541 0.9965395 -0.08274269 -0.007928729 0.8880234 -0.4587163 0.03152507 0.8880449 -0.439955 0.1334767 0.8880417 -0.4540744 -0.07209903 0.9942557 -0.1065763 -0.009858191 0.9942559 -0.1042224 0.02435171 0.8880566 -0.4054384 0.2167376 0.9942559 -0.09746897 0.04421681 0.9972364 -0.07411962 0.005093395 1 -1.79326e-7 4.21818e-7 0.9942559 -0.00986123 0.106575 0.9972364 0.005074203 0.07412159 0.9908909 0.03525054 0.1299721 0.994256 0.1065738 0.009861111 0.9972364 0.07412171 -0.005072355 0.9908908 0.1299732 -0.03524899 0.9942557 0.009859144 -0.106576 0.9942558 -0.01110816 -0.1064519 0.9972362 -0.01943784 -0.07170927 0.9972363 0.04541224 0.05880093 0.9908909 0.1015188 0.08848327 0.994256 0.05100995 0.09409081 0.9908907 0.1065835 -0.08231449 0.9972362 0.04882431 -0.0560016 0.9972362 0.06653207 -0.03306835 0.9908908 -0.05993908 -0.1205938 0.9972363 -0.04540026 -0.05881136 0.9908908 -0.1015195 -0.08848398 0.9942559 -0.08696895 0.06238251 0.9908909 -0.08848321 0.1015182 0.9942559 -0.03046405 0.1026032 0.9908909 0.127655 0.04288893 0.9972364 0.06445688 0.03694593 0.9908907 0.04288935 -0.1276566 0.9942556 0.05648964 -0.09091061 0.9908909 -0.1276559 -0.04288887 0.9972364 -0.06445747 -0.03694665 0.9942557 -0.04990679 0.09468281 0.8895552 -0.2384823 0.389638 0.8841459 -0.3069458 0.3522364 0.8865742 -0.1595594 0.4341971 0.9999017 -0.008494079 0.01116818 0.9894806 -0.07541245 0.1234549 0.9993418 -0.01103979 0.03455561 0.9999011 -0.01215559 0.007079899 0.999029 -0.01985913 0.03932851 0.9971142 0.02049148 -0.07309919 0.9952879 0.04349052 -0.08666348 0.9952879 0.0595622 -0.076514 0.9990289 -0.02716058 0.03469473 0.8662517 0.1507874 -0.4763101 0.8662503 0.2408148 -0.4377427 0.8662503 0.3215863 -0.3823516 0.4854977 0.5692638 -0.6634989 0.4393038 0.6981421 -0.5653406 0.8203731 0.4525728 -0.3495226 0.9889883 0.1171283 -0.09046012 0.9986746 -0.04073321 0.03146076 0.9965762 -0.06548434 0.05047523 0.8895418 -0.3534003 0.2895233 0.534572 0.1207713 -0.8364492 0.9920893 0.01075917 -0.1250721 0.8662505 0.05496752 -0.496577 0.9971142 -0.009043991 -0.07537627 0.8930924 -0.02603167 -0.4491196 0.4836946 -0.05997186 -0.8731799 0.9952975 -0.02876996 -0.09249526 0.8459138 -0.1364045 -0.5155811 0.4854973 -0.3951431 -0.7798425 0.439305 -0.2551379 -0.8613455 0.9920891 -0.06054198 -0.109973 0.8662509 -0.230181 -0.4434256 0.9990288 0.009271979 0.0430786 0.9986744 0.02290791 0.04609632 0.9995574 0.00204277 0.02968227 0.9996826 -0.01117515 -0.02258592 0.9964777 0.03260523 0.07725965 0.9964805 -0.02168971 0.08097004 0.968977 0.01694542 0.2465695 0.9988557 -0.005823075 0.04747015 0.8862363 0.1204648 0.447296 0.8880622 -0.07090151 0.454223 0.8903014 0.03122711 0.4543 0.8865886 0.1942155 0.4198108 0.8903099 0.2783292 0.3603901 0.9894759 0.08522236 0.1169392 0.8862327 0.348668 0.3049955 0.9965407 0.06439357 0.05253738 0.8880047 0.3989499 0.2286631 0.9999015 0.00930041 0.01051467 0.8884228 0.4351254 0.146188 0.9689952 0.234212 0.07869702 0.8865731 0.4569849 0.07178372 0.9996829 -0.02497917 -0.003188431 0.8903231 0.4542584 -0.03121316 0.9894825 0.1445331 -0.005890667 0.8862298 0.4473053 -0.1204774 0.9965394 0.07947349 -0.02435749 0.8891598 0.4099971 -0.203217 0.9847872 0.1511186 -0.08577603 0.886231 0.3671558 -0.2824735 0.9964815 0.05889189 -0.05963456 0.8880138 0.30207 -0.3466773 0.9996824 -0.01654845 0.01900827 0.8895395 0.2157047 -0.4027294 0.9894806 0.07541757 -0.1234518 0.8862307 0.1483426 -0.4388503 0.9965398 0.02389985 -0.07960742 0.8880431 0.07207685 -0.4540756 0.9965396 0.007907807 -0.08274322 0.8880321 -0.01789766 -0.4594331 0.984784 -0.02139103 -0.1724618 0.8892101 -0.119353 -0.4416564 0.9995016 -0.01337248 -0.02859681 0.8862172 -0.2054373 -0.4152284 0.9847829 -0.08577555 -0.1511463 0.889168 -0.2793422 -0.3624199 0.9964798 -0.05965012 -0.0589056 0.9992204 -0.01583361 -0.03616738 0.9988557 -0.02901679 -0.0380209 0.8841429 -0.352251 -0.3069375 0.9996825 0.01901125 0.01654058 0.9988074 -0.03810113 -0.03052926 0.9952975 0.04626119 0.08510541 0.9952975 0.07064789 0.0662707 0.9958613 0.05555444 0.07193094 0.9894806 -0.1234701 -0.07538723 0.999029 -0.0393216 -0.01987135 0.9926808 0.1051591 0.05938369 0.8406929 0.4770787 0.2561862 0.8459165 0.4042592 0.3478505 0.8836789 0.2773062 0.3771116 0.4853152 0.556667 0.6742336 0.9952877 0.09348541 0.02574777 0.9990289 -0.04244905 -0.01180899 0.9965398 -0.07960593 -0.0239067 0.8862201 -0.4388752 -0.1483331 0.8903226 -0.3950456 -0.2264171 0.1421318 0.601406 0.7861995 0.4853156 0.414434 0.7698788 0.8661681 0.2073913 0.4546887 0.1239255 0.4271338 0.8956558 -1.82516e-4 0.6099582 0.7924336 -0.007791578 0.6112264 0.7914175 -2.34984e-5 0.4450884 0.8954867 -7.78489e-5 0.232146 0.9726811 0.1420398 0.2279841 0.9632487 -0.01505607 0.2889015 0.9572405 -7.76412e-5 0.03792399 0.9992806 0.1168831 0.05098986 0.991836 -0.01033949 0.0996077 0.9949731 -7.98291e-5 -0.157754 0.9874786 0.1421294 -0.1215966 0.982351 -0.01505148 -0.09487527 0.9953754 -0.3407242 0.06442022 0.9379537 -0.31752 -0.1400738 0.9378488 -0.5401588 -0.1072305 0.8347037 -0.3175215 0.2669815 0.9098907 -0.5573142 0.2269622 0.7986796 -0.7312667 0.1726844 0.6598706 -0.7543163 0.04498457 0.6549683 -0.604407 0.05459141 0.7948031 -0.7206203 -0.09506827 0.6867812 -0.6575529 -0.08022761 0.7491247 -0.6849498 0.1654465 0.7095571 -0.1004363 0.2488928 0.9633094 -0.1217037 0.04776585 0.9914165 -0.6753394 0.05052387 0.7357746 0.04539537 0.09261298 0.9946669 0.03154945 -0.09769475 0.9947162 0.04539209 0.2848866 0.9574859 -0.7122601 0.3062372 0.6315888 -0.1004369 0.432044 0.8962424 0.04541373 0.4662013 0.8835123 0.5207285 0.2505433 0.8161311 0.5207271 0.08650642 0.8493291 -0.1004358 0.5985936 0.7947317 -0.6851384 0.4518314 0.5713439 -0.7206198 0.4184063 0.5528502 -0.7200163 0.2940765 0.6285665 -0.572119 0.38849 0.7223264 -0.3683277 0.3986003 0.8399122 -0.3230133 0.5689052 0.756313 -0.5545962 0.5223891 0.6477135 -0.02808219 0.4449151 0.8951324 0.8497477 0.1290218 0.5111577 0.6913394 0.3002774 0.6571784 0.69512 0.1882291 0.6938142 0.7370727 0.060292 0.6731187 0.8331044 -0.07443588 0.5480843 0.8073437 0.02690058 0.589468 0.4947142 -0.1000936 0.8632724 0.5565434 -0.2503961 0.7921878 0.8497467 -0.1767071 0.4966943 0.6399747 -0.1039953 0.7613261 0.05808967 -0.2919358 0.9546722 -0.07384032 -0.1520914 0.9856044 -0.1004359 -0.3282356 0.9392413 0.03155267 -0.4709148 0.8816143 0.494715 -0.4228295 0.7592579 0.0580731 -0.6350545 0.7702814 -0.1004367 -0.5051649 0.8571587 0.580578 -0.5349274 0.6138256 0.832968 -0.2907575 0.4707701 0.6399747 -0.3767835 0.6696765 0.6914762 -0.481653 0.5383967 0.6951212 -0.2289569 0.6814582 0.05486565 -0.4742662 0.8786702 0.06109434 -0.6498339 0.7576169 0.127382 -0.3158858 0.9402074 0.7516628 -0.3466143 0.5611255 0.6491582 -0.2422601 0.7210434 0.05486762 -0.1524838 0.9867818 0.7513427 -0.0628224 0.6569153 0.06109315 0.06056857 0.9962927 0.862318 0.03467935 0.5051784 0.1273812 0.2597027 0.9572505 0.6497635 0.1990234 0.7336192 0.8623183 -0.3326927 0.3817365 0.6491584 -0.6020126 0.4649456 0.07841521 -0.8777408 0.4726757 0.1062529 -0.7792177 0.6176813 0.6914781 -0.5774319 0.434086 0.833104 -0.435315 0.3412311 0.6914792 -0.6510222 0.3130921 0.8548866 -0.3470936 0.3856099 0.5209169 -0.6736604 0.5242397 0.8160862 -0.520238 0.2517056 0.04539382 -0.7755888 0.6296043 0.4826104 -0.7757315 0.4066053 0.5207198 -0.816137 0.2505423 0.03528118 -0.8964055 0.4418286 -0.1004357 -0.9570159 0.2720906 -0.1300386 -0.8938351 0.4291258 -0.1004068 -0.8071674 0.5817212 -0.6851375 -0.705151 0.1826164 -0.7122603 -0.6254629 0.3185617 -0.6338129 -0.6045156 0.4825373 -0.121704 -0.6672617 0.7348129 -0.7372376 -0.4439018 0.5093447 -0.6338132 -0.3953579 0.6648105 -0.754316 -0.5195961 0.4012821 -0.7099732 -0.4626745 0.5309147 -0.7543165 -0.3264755 0.5695793 -0.6044068 -0.6305252 0.4869604 -0.5849927 -0.392163 0.7099238 -0.5929964 -0.2431889 0.7676031 -0.7200143 -0.2365186 0.6524096 -0.7122594 -0.2300725 0.663139 -0.3418316 -0.4934242 0.7998023 -0.3594965 -0.3104916 0.8799757 -0.01505601 -0.2872292 0.9577435 -0.01144045 -0.4957454 0.8683926 -0.5401589 -0.5529002 0.6344525 -0.3444496 -0.6167894 0.7077608 -0.01953661 -0.6790176 0.7338621 -8.26332e-5 -0.6335899 0.7736691 -1.83214e-4 -0.4986928 0.8667787 -1.55738e-4 -0.3480872 0.9374622 0.1591661 -0.6398329 0.7518512 0.1168801 -0.4789837 0.8700079 0.1809331 -0.3132233 0.9322845 0.5650035 -0.5420721 0.6220361 0.406334 -0.4543896 0.7927314 0.5650025 -0.2627661 0.7821294 0.485498 -0.118092 0.8662252 0.4502717 0.07037585 0.8901139 0.8930946 -0.1387108 0.4279502 0.8406931 -0.08383893 0.5349824 0.8661679 0.01760125 0.4994432 0.8661676 0.1147009 0.4864127 0.9889882 -0.01885718 0.1467884 0.997114 0.009043693 0.07537907 0.9952974 0.02877038 0.09249508 0.4853146 0.2562748 0.8359385 0.9988041 -0.01084899 -0.04767435 0.9995576 -0.002040147 -0.02967613 0.9988557 0.005822479 -0.04747062 0.9952877 -0.0359202 0.09006762 0.9990299 0.01553064 -0.04120844 0.997114 -0.04104954 0.06386369 0.999342 0.01757496 -0.03173047 0.8459164 -0.2623002 0.4643534 0.9077281 -0.2756425 0.3163085 0.9920893 -0.09604567 0.08083409 0.9980416 -0.04026114 0.04787564 0.4854987 -0.6877683 0.5396904 0.8662527 -0.3899976 0.3122631 0.9988079 0.03053152 -0.03808933 0.9988562 0.03800535 -0.02901685 0.9926809 -0.1084872 0.05305784 0.9992209 0.03615111 -0.01583606 0.9971141 -0.07418471 0.01613217 0.9993417 0.03486853 -0.01001405 0.9980416 -0.06232285 0.005389332 0.9990295 0.04372334 -0.005329608 0.9889883 -0.1467876 -0.01885879 0.9986747 0.05104869 0.006556272 0.8836785 -0.4661087 0.04306995 0.8661684 -0.4776869 0.1468595 0.4502711 -0.8913774 0.05198609 0.4393038 -0.8881399 -0.1349803 0.8203755 -0.5671637 -0.07286685 0.4854982 -0.8419463 0.2354107 0.4854983 -0.7798417 0.3951433 0.8406937 -0.4780611 0.2543458 0.123924 -0.8956563 0.427133 0.1420375 -0.9632491 0.2279838 0.1421305 -0.7862008 0.6014046 -8.19424e-5 -0.772351 0.6351961 -2.34933e-5 -0.895487 0.4450878 -0.01033818 -0.810086 0.58622 -2.24767e-4 -0.964694 0.2633733 -0.00779128 -0.965081 0.2618357 -8.01029e-5 -0.9948625 0.1012353 0.1168825 -0.991836 0.05098992 -4.91749e-5 -0.9919518 -0.1266158 0.1421309 -0.9823508 -0.1215971 -0.01505678 -0.9990713 0.04037255 -0.3594943 -0.9318125 0.04989331 -0.3175185 -0.9378492 -0.1400743 -0.02185124 -0.9920282 -0.1241071 -0.299519 -0.9208062 0.2498086 -0.5401559 -0.8347058 -0.1072285 -0.5401558 -0.8122049 0.2203522 -0.7206195 -0.6673361 0.1880693 -0.7543162 -0.6549685 0.04498398 -0.6044033 -0.7948059 0.05459141 -0.7099723 -0.6984888 -0.08973747 -0.7372382 -0.6701251 -0.08609497 -0.6001675 -0.7979945 0.0548073 -0.07383739 -0.9928773 0.09350347 -0.1217032 -0.9868533 -0.1063431 0.04538339 -0.9983325 0.03567266 0.04538708 -0.9721955 0.2297306 0.5207251 -0.8493304 0.08650493 0.520721 -0.8498902 -0.08084803 0.8329613 -0.5384802 0.1273362 0.8329665 -0.5529698 0.01978695 0.691479 -0.699595 0.1800658 0.7565229 -0.6518025 0.05316829 0.7370764 -0.6719433 -0.07218474 0.07841759 -0.9530893 0.2923551 0.07833808 -0.9945842 0.06830459 0.7513415 -0.6421598 0.152042 0.7513414 -0.6001592 0.2744001 0.8623177 -0.5051788 0.03467893 0.7513407 -0.6569179 -0.06281906 0.07841962 -0.9841092 -0.1593093 0.7513417 -0.6320388 -0.1897702 0.6217792 -0.7485016 -0.2305124 0.8691313 -0.4688305 -0.1575086 0.8073722 -0.5833535 -0.08859503 0.6913391 -0.6382626 -0.3386315 0.07842254 -0.9341189 -0.3482409 0.6913419 -0.5599347 -0.4566394 0.07841843 -0.8482318 -0.5237876 0.8160864 -0.498312 -0.2927257 0.7511135 -0.5830042 -0.3097332 0.6491573 -0.5734592 -0.4997395 0.05487376 -0.6302999 -0.7744101 0.1062577 -0.7413049 -0.6627039 0.07841378 -0.4726745 -0.8777416 0.7516636 -0.3857681 -0.5349624 0.6399773 -0.4745073 -0.6043773 0.8548833 -0.3104913 -0.4156559 0.6914733 -0.3130943 -0.6510275 0.8329675 -0.4050008 -0.3770139 0.5473525 -0.5009258 -0.6704317 0.8331021 -0.2497512 -0.4935234 0.5209142 -0.641463 -0.5631818 0.4826173 -0.7503172 -0.4517796 0.04541409 -0.5912463 -0.8052114 0.04538899 -0.7369767 -0.6743925 0.04540807 -0.8543847 -0.5176533 0.5217844 -0.8086578 -0.2716871 0.03157567 -0.9375256 -0.3464806 0.04538142 -0.9861069 -0.1597931 -0.1004363 -0.9468953 -0.3054538 -0.1004368 -0.8691095 -0.4843152 -0.6851372 -0.6877682 -0.2399205 -0.6851371 -0.6277469 -0.3694876 -0.1004376 -0.757925 -0.6445634 -0.6338115 -0.5912048 -0.4987584 -0.7543162 -0.4949395 -0.4313259 -0.7312666 -0.5887055 -0.3444925 -0.6044039 -0.6006091 -0.5234163 -0.5722899 -0.7098676 -0.4105757 -0.5722888 -0.7763266 -0.2642016 -0.7312645 -0.6446033 -0.2230224 -0.3420089 -0.8141365 -0.4692671 -0.3419731 -0.8900602 -0.3014088 -0.01144295 -0.9484215 -0.3168058 -0.01505482 -0.8531302 -0.5214808 -0.3844197 -0.6959652 -0.6065098 -0.01953816 -0.7338617 -0.6790179 -8.11617e-5 -0.7750583 -0.6318898 -8.22617e-6 -0.8830871 -0.4692093 -3.16866e-4 -0.9479297 -0.3184796 0.1591686 -0.7366163 -0.6573141 0.1239243 -0.8688143 -0.4793793 0.1660466 -0.941347 -0.2937593 0.5345723 -0.6283843 -0.5651246 0.5186598 -0.7340407 -0.4383793 0.4854977 -0.8265425 -0.2848147 0.8662521 -0.4707302 -0.1673933 0.8930945 -0.392666 -0.2195351 0.9952877 -0.09006744 -0.03592115 0.9952877 -0.08132892 -0.05280196 0.883678 -0.3600441 -0.2991346 0.9990673 -0.03255909 -0.02836316 0.9993417 0.02770251 0.0234282 0.99903 0.03737795 0.02328056 0.9992176 0.03683781 0.0143997 0.9952877 -0.06342595 -0.07334589 0.9990289 0.0287283 0.0334056 0.8662498 -0.3122659 -0.3900017 0.4854998 -0.5396903 -0.6877676 0.1420395 -0.5792499 -0.8026795 0.1660441 -0.4196953 -0.8923482 -1.54834e-4 -0.4167509 -0.9090207 -3.33741e-6 -0.6118946 -0.7909394 -0.0150572 -0.470099 -0.8824853 0.1421362 -0.2547603 -0.9565011 -0.01505696 -0.2889015 -0.9572405 -8.02525e-5 -0.2300088 -0.9731886 0.1168837 -0.0850901 -0.9894937 -0.01034212 -0.0996077 -0.9949731 -7.8995e-5 -0.03572964 -0.9993615 -0.01954293 0.09781336 -0.9950129 -0.3407223 -0.0644195 -0.9379545 -0.3683264 0.1352047 -0.9198126 -0.5849875 0.09063321 -0.8059623 -0.3418322 -0.2752256 -0.8985554 -0.5722894 -0.2116306 -0.7922737 -0.7311004 -0.1570525 -0.6639479 -0.7310987 -0.02450567 -0.6818316 -0.592993 -0.06907027 -0.8022397 -0.6575516 -0.06746155 -0.7503833 -0.6849477 -0.21586 -0.6958816 -0.1004347 -0.2720883 -0.9570167 -0.07383567 -0.09350502 -0.9928772 0.04537719 -0.03567391 -0.9983328 0.05807363 -0.2349264 -0.9702768 -0.6338123 -0.3553301 -0.687039 -0.1004358 -0.4535648 -0.8855459 0.04539436 -0.422797 -0.9050868 0.5207269 -0.3546046 -0.7765945 0.5192848 -0.223762 -0.8247871 0.5207281 -0.08650934 -0.8493283 -0.1004363 -0.6176106 -0.7800447 -0.7122602 -0.4344625 -0.5512964 -0.7395934 -0.2883204 -0.6081719 -0.7099723 -0.43045 -0.5573618 -0.5573091 -0.3784191 -0.7390572 -0.3175233 -0.4393622 -0.8403213 -0.3419715 -0.5761623 -0.742356 -0.5545965 -0.5223852 -0.6477163 -0.02185064 -0.6084631 -0.7932813 0.7901858 -0.1604686 -0.5914866 0.7370727 -0.1633646 -0.6557713 0.8497506 -0.02682095 -0.5265022 0.6217759 -0.03382253 -0.7824646 0.7565212 0.07501465 -0.6496526 0.1062489 -0.08067321 -0.9910616 0.09768658 0.1060895 -0.9895466 0.06109386 -0.2688999 -0.9612286 0.6497637 -0.05207729 -0.7583503 0.8623192 -0.1325684 -0.4887037 0.7513417 -0.2743984 -0.6001594 0.7516614 0.105497 -0.6510574 0.8548881 0.0743637 -0.5134555 -0.572293 -0.7329133 0.367857 -0.7200135 -0.6139485 0.3234933 -0.3683269 -0.8399147 0.3985959 -0.340766 -0.7440783 0.574653 -0.02808213 -0.8951325 0.4449147 -0.014135 0.4697333 -0.8826953 0.01340436 0.3480578 -0.9373772 -0.007224619 0.2878686 -0.9576427 0.4457029 -0.0613377 -0.8930771 0.6777424 -0.169265 -0.7155519 0.4723131 -0.2474507 -0.8459838 -0.9943788 -0.03372144 0.1003691 -0.9750462 -0.02829009 0.2201922 -0.9943787 -0.01349353 0.105019 -0.007246136 -0.6808415 0.732395 0.01017332 -0.7914108 0.6112 0.0195918 -0.6349997 0.772264 0.02557283 0.1571795 -0.987239 -0.01413279 0.09617638 -0.995264 -0.008164048 0.4457783 0.8951063 0.01960015 0.2893424 0.9570251 0.02853715 0.4422153 0.8964549 -0.01416438 -0.5242611 0.8514398 0.01958912 -0.4721377 0.8813073 0.01340621 -0.0371555 -0.9992197 -0.0107612 -0.1012107 -0.9948069 0.02556812 0.5869398 0.8092268 -0.01077169 0.6368394 0.7709213 0.02557259 -0.2325852 -0.9722398 -0.01075524 -0.2933458 -0.9559459 0.01340454 0.7328279 0.6802821 -0.007299125 0.7745751 0.6324399 -0.01078623 0.2320507 0.972644 0.01340413 0.09979617 0.9949177 0.01959168 -0.4191671 -0.9076977 -0.01079028 -0.4742041 -0.8803489 0.02557492 0.8519389 0.5230165 -0.01416838 0.8826977 0.4697276 0.0101701 -0.6112046 -0.7914073 -0.01078081 -0.6112056 -0.7913985 0.0195927 0.9382345 0.345445 -0.01079314 0.9578125 0.2871914 -0.01078563 -0.7318941 -0.6813331 0.01959395 -0.7722634 -0.6350004 0.01959288 0.9875997 0.1557657 -0.01078569 0.995437 0.09481078 -0.0141676 -0.8514392 -0.524262 0.0255739 -0.8818727 -0.4707936 0.01959288 0.9990118 -0.03989648 -0.007252573 0.9949092 -0.1005148 -0.007248997 -0.9371923 -0.3487377 0.01340556 -0.9573768 -0.2885309 0.01340371 0.9727713 -0.2313795 -0.0107755 0.9565572 -0.291346 -0.01079094 -0.9870762 -0.1598887 0.02557456 -0.9949092 -0.09747719 0.01496249 0.8953865 -0.4450386 -0.02084141 0.8952901 -0.4449957 -0.01078814 -0.9993025 0.03575187 0.01340466 -0.9949167 0.09980505 -0.005453944 0.791435 -0.6112291 0.02853178 0.7929565 -0.6086099 -0.0141716 -0.9727671 0.2313513 0.02557271 -0.9564792 0.2906779 0.02557146 0.6791714 -0.7335342 -0.01074671 0.633485 -0.7736805 -0.008151769 -0.8951057 0.4457796 0.02853065 -0.8937805 0.4475964 0.01959687 0.521848 -0.8528134 -0.0107904 0.03783965 0.9992256 0.0255717 -0.09748607 0.9949084 -0.01588112 -0.7903979 0.6123881 0.4459045 -0.6936285 -0.5657284 0.6915293 -0.6212011 -0.3686413 0.4723125 -0.7731752 -0.423227 0.4264951 0.6734746 0.6037665 0.6631592 0.44978 0.5982624 0.6915284 0.5516812 0.466301 0.4645524 0.2437586 0.8513359 0.6580576 0.06706517 0.749975 0.7096971 0.1844701 0.6799271 0.6915292 -0.3117042 -0.6516348 0.4461197 -0.3984534 -0.8013814 0.4887535 0.7568986 0.4338487 0.6976479 0.6280645 0.3447065 0.6580621 -0.4478582 -0.6052913 0.4264956 -0.5628613 -0.7080175 0.6580603 0.7086637 0.2544653 0.4461193 0.8484113 0.2849137 -0.9943721 -0.0676164 -0.08156192 -0.9753626 -0.1663132 -0.1449409 -0.9943722 -0.082228 -0.06680339 0.6773787 0.7296385 0.09373325 0.419167 0.8980802 0.1332334 0.6777412 -0.5382792 -0.5009216 0.4459029 0.8945036 -0.03215688 0.6580618 0.7499713 -0.06706494 0.643585 -0.7255216 -0.2437559 0.4000442 -0.8687742 -0.2918836 0.4457022 0.8639506 -0.2343904 0.6976494 0.6948007 -0.1747497 0.4723125 -0.8718707 -0.1294702 0.6915286 -0.7177689 -0.08121663 0.6777409 0.668782 -0.3056108 0.4459059 0.7881053 -0.4243326 0.4264965 -0.9031452 0.04929035 0.6580601 -0.7499727 0.06706601 0.6777388 0.5963127 -0.4302108 0.4459009 0.6901782 -0.5699356 0.4723117 -0.8550499 0.2140363 0.6779603 -0.7090263 0.1940405 0.6773804 0.4833048 -0.554592 0.44691 0.5877327 -0.6744195 0.4459017 -0.8141071 0.3720234 0.6779207 -0.6575824 0.3286474 0.46455 0.4510405 -0.7620733 0.6976475 0.3447068 -0.6280646 0.4264979 0.04929041 0.9031445 0.6915314 -0.08121943 0.7177659 0.4264986 -0.7235516 0.5427449 0.6915293 -0.5649678 0.4501097 0.6580618 0.2544651 -0.7086623 0.4264955 0.2759865 -0.8613554 -0.9943787 0.007255077 0.1056334 -0.9759656 0.01493257 0.2174124 0.4461172 -0.588085 0.6746373 0.6580598 -0.4828867 0.577735 0.6773795 0.09373933 -0.7296369 0.446911 0.1139935 -0.8872858 0.6580538 0.3211688 0.6810402 0.4458996 0.4243357 0.7881072 0.464549 -0.42963 0.7743464 0.7096989 -0.3503624 0.6112068 0.6790704 -0.05030107 -0.7323479 0.446905 0.5468004 0.708015 0.6435826 -0.2437577 0.725523 0.4191666 -0.2723107 0.8661098 -0.9943788 0.1050186 0.0134924 -0.9753581 0.2085827 0.07190167 -0.9655907 0.2571191 0.03904569 -0.985503 -0.1471937 -0.08436805 -0.9943788 -0.091861 -0.05265432 -0.9753432 0.2205491 -0.007990539 -0.994372 0.1053822 -0.01090741 -0.9943788 -0.1003686 -0.03372126 -0.9554803 -0.2796922 -0.09396606 -0.9753437 0.2147498 -0.05086511 -0.994372 0.1012302 -0.03125697 -0.9823238 -0.1856639 -0.02385324 -0.9943722 -0.1054841 -0.009860873 -0.9753431 0.2007031 -0.09178334 -0.9943718 0.09316551 -0.05044841 -0.9682819 -0.2494348 0.01457566 -0.9943721 -0.1053813 0.01090764 -0.975343 0.1789394 -0.1291779 -0.9943717 0.08156216 -0.06762194 -0.9823228 -0.1806645 0.04901385 -0.994372 -0.1012298 0.03125709 -0.9803615 0.1322124 -0.1463261 -0.9943756 0.06958335 -0.07984638 -0.9682807 -0.2248746 0.1089218 -0.994372 -0.09318703 0.05040526 -0.9943689 0.05584549 -0.09006619 -0.9753689 0.109695 -0.1913705 0.9998855 0.003964006 0.01460939 0.9995674 0.002015173 0.02934432 1 0 0 -0.9753603 -0.174607 0.134851 -0.9943722 -0.08155965 0.06761652 -0.9943756 0.03373092 -0.1003966 -0.9655976 0.08844965 -0.2445366 -0.9854955 -0.084369 0.1472432 -0.9655891 -0.08845901 0.2445665 -0.9753611 -0.1449443 0.1663194 -0.994372 -0.06680488 0.08222931 -0.9803618 0.02863818 -0.1951173 -0.9943755 0.01349645 -0.1050482 -0.9943721 0.03125655 0.1012287 -0.9753416 0.09178662 0.2007085 -0.9943721 0.05040454 0.09318619 -0.9943786 -0.05265384 0.09186226 -0.9943759 -0.007252335 -0.1056601 -0.9655984 -0.01185995 -0.2597675 -0.9753444 0.1291715 0.1789359 -0.994372 0.06761628 0.08156263 -0.9753438 -0.05086112 -0.2147502 -0.9943721 -0.03125679 -0.1012291 -0.9753435 0.1616002 0.1503012 -0.9943719 0.08223128 0.06680351 -0.9753391 0.05087071 0.2147694 -0.9753432 -0.09178537 -0.2007012 -0.9943721 -0.05040538 -0.09318608 -0.9803546 0.1693372 0.1011424 -0.9943786 0.09186273 0.0526545 -0.96828 -0.1507024 -0.1993057 -0.9943717 0.09920549 0.03719174 0.8674398 -0.1618781 0.470472 0.915062 -0.0513851 0.4000265 0.999747 -0.006438732 0.0215547 0.9998854 -0.001965343 0.01501131 0.8471525 0.0364077 0.5301012 0.9150603 0.1056102 0.3892444 0.8471534 0.2364973 0.4758152 0.9995674 0.01304322 0.02636337 0.8828569 0.2926236 0.3673352 0.999747 0.01435565 0.01732069 0.9150607 0.3040635 0.2649704 0.9998854 0.0113902 0.009973883 0.8828555 0.4038956 0.239655 0.9997469 0.01911997 0.01185292 0.8471536 0.5036807 0.1692235 0.9995674 0.02788579 0.009357452 0.9032595 0.424912 0.05976754 0.999747 0.02239632 0.002097547 0.8674414 0.4966046 -0.03048604 0.999747 0.02237612 -0.00231266 0.8828554 0.4513586 -0.1297752 0.9997469 0.02149635 -0.00663352 0.8828557 0.4173676 -0.2153373 0.999747 0.01978921 -0.01069957 0.8828559 0.367337 -0.2926245 0.999747 0.01731902 -0.01435512 0.9032591 0.2857637 -0.3200972 0.999747 0.01418852 -0.01745802 0.8966675 0.2285773 -0.3791304 0.9998854 0.007516503 -0.01314061 0.8471542 0.1692233 -0.5036798 0.9995674 0.009356975 -0.02788537 0.903259 0.05976718 -0.4249134 0.9997469 0.002096951 -0.02239781 0.8674414 -0.0304864 -0.4966047 0.9997469 -0.002312958 -0.02237653 0.8966678 -0.1253179 -0.4245967 0.9998854 -0.003998696 -0.01460158 0.9032585 -0.1955714 -0.3819373 0.999747 -0.009313344 -0.02047693 0.8471537 -0.3247798 -0.420534 0.9995674 -0.01798778 -0.02327263 0.8828558 -0.3586657 -0.3031906 0.999747 -0.0174579 -0.01418572 0.9150615 -0.3499203 -0.2005452 0.9998855 -0.01314115 -0.00751841 0.8471536 -0.5036809 -0.169223 0.9995673 -0.02788716 -0.009357154 0.9150605 -0.4000297 -0.05138629 0.9998854 -0.01501792 -0.001916706 0.8471539 -0.5300989 0.0364083 0.9995674 -0.02934259 0.002025783 0.8828562 -0.4513569 0.1297762 0.9997469 -0.02149623 0.006633102 0.8966679 -0.3919897 0.2057448 0.9998854 -0.01355057 0.006749689 0.9032589 -0.3364459 0.2663226 0.999747 -0.01826721 0.0131306 0.847154 -0.3490906 0.4005822 0.9995673 -0.01931685 0.02218252 0.9032582 -0.2178241 0.3696991 0.999747 -0.01050722 0.01989054 -0.007253766 -0.3487416 0.937191 0.01959043 -0.2911329 0.9564821 0.4723129 -0.1294687 0.8718706 -0.5300124 -0.2612837 0.8067328 -0.5646487 -0.1051714 0.8186031 -0.01417177 -0.1585389 0.9872511 -0.5964765 0.04106223 0.8015795 -0.5638585 0.2109925 0.7984647 -0.5639054 0.3626733 0.7419427 -0.5638913 0.5004571 0.6569395 -0.5300104 0.6453371 0.5501174 -0.6097738 0.6939797 0.3828422 -0.563903 0.781082 0.2681868 -0.5639003 0.8183971 0.1106476 -0.5300115 0.8453136 -0.06732636 -0.563699 0.7896445 -0.2422916 -0.6097766 0.7038681 -0.3643382 -0.5299883 0.6654555 -0.5256248 -0.5637059 0.5219513 -0.6401582 -0.6097859 0.3828405 -0.6939701 -0.5300201 0.2612836 -0.8067277 -0.6097824 0.08812433 -0.7876545 -0.5639125 -0.05113428 -0.8242501 -0.5638731 -0.2109662 -0.7984613 -0.5638996 -0.3626755 -0.741946 -0.4844211 -0.5347394 -0.69238 -0.5639007 -0.6261712 -0.5384475 -0.6388592 -0.6674532 -0.3825772 -0.4844163 -0.8292883 -0.2786067 -0.5964578 -0.7977595 -0.08841913 -0.5168569 -0.8525069 0.0780453 -0.6388617 -0.7424819 0.2014361 -0.5168511 -0.7750604 0.3635193 -0.5636892 -0.6699275 0.4831683 -0.5300038 -0.5640673 0.6331857 -0.6388625 -0.3825746 0.6674515 0 -0.2871944 0.9578723 0 -0.1274299 0.9918476 0 -0.3494216 0.9369657 0 -0.4685454 0.8834394 -2.04197e-7 -0.525499 0.8507942 -1.50934e-7 -0.6318944 0.7750546 -1.65066e-7 -0.681384 0.7319262 -2.12818e-7 -0.7709586 0.6368853 -1.72405e-7 -0.8110834 0.5849305 -1.25523e-7 -0.8954868 0.445088 -1.41974e-7 -0.8954865 0.4450886 0 -0.9651125 0.2618356 0 -0.994863 0.1012307 0 -0.9993612 0.03573846 0 -0.9918481 -0.1274265 0 -0.9918481 -0.1274269 0 -0.9479297 -0.3184797 0 -0.8834385 -0.4685472 0 -0.8507933 -0.5255005 0 -0.7750548 -0.6318942 0 -0.7319258 -0.6813844 0 -0.6112374 -0.7914473 0 -0.6112372 -0.7914475 0 -0.4450886 -0.8954865 0 -0.2933716 -0.9559986 0 -0.2300159 -0.9731869 0 -0.1012282 -0.9948632 0 -0.03573709 -0.9993612 0 0.09480422 -0.995496 1.59549e-7 0.1599143 -0.9871309 1.82129e-7 0.2871935 -0.9578726 1.77975e-7 0.3494211 -0.9369658 1.99065e-7 0.4685474 -0.8834384 1.48059e-7 0.525501 -0.8507931 1.65603e-7 0.631895 -0.775054 1.25912e-7 0.6813852 -0.731925 0 0.7914482 -0.6112363 1.39714e-7 0.7914483 -0.6112362 1.22855e-7 0.895487 -0.4450878 0 0.9559984 -0.2933719 0 0.9731867 -0.2300168 0 0.9976499 -0.06851983 0 0.9976498 -0.06851899 -1.24766e-5 0.9954959 0.09480494 0 0.9479296 0.3184801 1.14456e-5 0.9871309 0.1599144 0 0.8675827 0.497293 0 0.8675825 0.4972933 1.22456e-5 0.7750545 0.6318945 -3.2878e-7 0.6112366 0.791448 -1.25345e-5 0.7319248 0.6813855 -3.61326e-7 0.4742404 0.8803954 -3.43089e-7 0.4154557 0.9096135 -3.76251e-7 0.2933713 0.9559986 0 0.2300173 0.9731866 -1.32381e-7 0.06852018 0.9976497 -2.17728e-7 0.06851923 0.9976498 0 -0.1274308 0.9918475 0 -0.9651127 0.2618352 0 -0.9479299 -0.3184794 0 -0.4450886 -0.8954866 0 0.895487 -0.4450877 0 0.94793 0.318479 0 0.611238 0.7914469</float_array>
          <technique_common>
            <accessor source="#Bottle_E_A_Lying-mesh-normals-array" count="1699" stride="3">
              <param name="X" type="float"/>
              <param name="Y" type="float"/>
              <param name="Z" type="float"/>
            </accessor>
          </technique_common>
        </source>
        <source id="Bottle_E_A_Lying-mesh-map-0">
          <float_array id="Bottle_E_A_Lying-mesh-map-0-array" count="19776">0.578037 0.7081034 0.5856724 0.7011666 0.5868003 0.7064882 0.5698614 0.7095029 0.5770223 0.7033809 0.578037 0.7081034 0.578037 0.7081034 0.5702894 0.7124035 0.5698614 0.7095029 0.5873123 0.7098037 0.578037 0.7081034 0.5868003 0.7064882 0.5885629 0.7898643 0.5785542 0.7111632 0.5873123 0.7098037 0.5798316 0.7891429 0.5702894 0.7124035 0.5785542 0.7111632 0.3588875 0.7091496 0.3511882 0.7041956 0.3595378 0.7062684 0.3548104 0.7841629 0.3505247 0.7073743 0.3588875 0.7091496 0.5791303 0.7961754 0.5885629 0.7898643 0.5876827 0.7973302 0.3468889 0.7917628 0.3548104 0.7841629 0.3552719 0.7908997 0.5860652 0.8054693 0.5791303 0.7961754 0.5876827 0.7973302 0.3560795 0.7983281 0.3468889 0.7917628 0.3552719 0.7908997 0.348272 0.7996143 0.3574569 0.8073624 0.3505412 0.8086845 0.5860652 0.8054693 0.5761728 0.8131953 0.5779446 0.8038104 0.5833412 0.8148328 0.5743827 0.8230448 0.5761728 0.8131953 0.3588584 0.8167935 0.3505412 0.8086845 0.3574569 0.8073624 0.3588584 0.8167935 0.3531127 0.8205091 0.3527449 0.8174811 0.5807422 0.823934 0.5739912 0.8265141 0.5743827 0.8230448 0.5688261 0.8120528 0.5743827 0.8230448 0.5675739 0.8222535 0.5743827 0.8230448 0.5672255 0.8259351 0.5675739 0.8222535 0.5739912 0.8265141 0.5666393 0.836286 0.5672255 0.8259351 0.5803032 0.8271123 0.5735604 0.836373 0.5739912 0.8265141 0.5735604 0.836373 0.5666273 0.8367886 0.5666393 0.836286 0.5802373 0.8360847 0.5735672 0.8368641 0.5735604 0.836373 0.3591465 0.8292669 0.3530629 0.8292595 0.3531072 0.8288296 0.3590989 0.8200858 0.3531072 0.8288296 0.3531127 0.8205091 0.3591235 0.8297154 0.3530005 0.8296862 0.3530629 0.8292595 0.5802714 0.8365604 0.5735747 0.8373552 0.5735672 0.8368641 0.3590991 0.8301616 0.3526205 0.8318631 0.3530005 0.8296862 0.5735747 0.8373552 0.5806745 0.839514 0.5736231 0.8398693 0.5736231 0.8398693 0.5809279 0.842629 0.5737102 0.8429412 0.3589585 0.8324284 0.3522658 0.8346672 0.3526205 0.8318631 0.5737102 0.8429412 0.5810831 0.8466891 0.5738105 0.8469672 0.3522658 0.8346672 0.3585464 0.8388922 0.351957 0.8383662 0.3653066 0.8355666 0.3585464 0.8388922 0.358785 0.8352242 0.3653066 0.8355666 0.371805 0.8395564 0.3651422 0.8392645 0.3720142 0.8328976 0.3653066 0.8355666 0.3654068 0.8327125 0.3654068 0.8327125 0.358785 0.8352242 0.3589585 0.8324284 0.3720756 0.8304892 0.3654068 0.8327125 0.3654841 0.8303631 0.3654841 0.8303631 0.3589585 0.8324284 0.3590991 0.8301616 0.3654956 0.8299002 0.3720756 0.8304892 0.3654841 0.8303631 0.3591235 0.8297154 0.3654841 0.8303631 0.3590991 0.8301616 0.3591465 0.8292669 0.3654956 0.8299002 0.3591235 0.8297154 0.3655059 0.8294353 0.3720844 0.8300135 0.3654956 0.8299002 0.3720844 0.8300135 0.3788173 0.8306127 0.3720756 0.8304892 0.3788361 0.8296396 0.3720844 0.8300135 0.3720924 0.8295353 0.3789534 0.8194966 0.3720924 0.8295353 0.3721359 0.8196138 0.3721359 0.8196138 0.3655059 0.8294353 0.3654747 0.8197572 0.3720668 0.8160718 0.3789534 0.8194966 0.3721359 0.8196138 0.3653281 0.8162698 0.3721359 0.8196138 0.3654747 0.8197572 0.3654747 0.8197572 0.3591465 0.8292669 0.3590989 0.8200858 0.3588584 0.8167935 0.3654747 0.8197572 0.3590989 0.8200858 0.3588584 0.8167935 0.3645079 0.8065452 0.3653281 0.8162698 0.3720668 0.8160718 0.3645079 0.8065452 0.3715751 0.8060858 0.3715751 0.8060858 0.3636624 0.797566 0.3710843 0.7970731 0.3574569 0.8073624 0.3636624 0.797566 0.3645079 0.8065452 0.3560795 0.7983281 0.3631239 0.7903972 0.3636624 0.797566 0.3710843 0.7970731 0.3631239 0.7903972 0.3707941 0.7900498 0.3707941 0.7900498 0.3628464 0.7838783 0.3706042 0.7837262 0.3631239 0.7903972 0.3548104 0.7841629 0.3628464 0.7838783 0.3628464 0.7838783 0.3588875 0.7091496 0.3667197 0.7106686 0.3706042 0.7837262 0.3667197 0.7106686 0.3742353 0.7118674 0.3707941 0.7900498 0.378197 0.783654 0.3782926 0.7898757 0.3815553 0.7128007 0.3706042 0.7837262 0.3742353 0.7118674 0.3818668 0.710192 0.3742353 0.7118674 0.3746376 0.7092108 0.3742353 0.7118674 0.3672384 0.7079294 0.3746376 0.7092108 0.3890027 0.7109472 0.3815553 0.7128007 0.3818668 0.710192 0.3856769 0.7836513 0.3815553 0.7128007 0.3887603 0.7135294 0.3960935 0.7115327 0.3887603 0.7135294 0.3890027 0.7109472 0.3930808 0.7837077 0.3887603 0.7135294 0.3959032 0.7141013 0.3930564 0.7898161 0.3856769 0.7836513 0.3930808 0.7837077 0.3857037 0.7898001 0.378197 0.783654 0.3856769 0.7836513 0.3930223 0.7967113 0.3857037 0.7898001 0.3930564 0.7898161 0.3857404 0.7967022 0.3782926 0.7898757 0.3857037 0.7898001 0.3858237 0.8057475 0.3784429 0.7968659 0.3857404 0.7967022 0.3929933 0.8056592 0.3857404 0.7967022 0.3930223 0.7967113 0.3929677 0.8159841 0.3858237 0.8057475 0.3929933 0.8056592 0.3859501 0.8158748 0.378692 0.8058181 0.3858237 0.8057475 0.3789422 0.8158333 0.3858966 0.8195465 0.3789534 0.8194966 0.3859501 0.8158748 0.3929064 0.8196557 0.3858966 0.8195465 0.3929064 0.8196557 0.3856971 0.8297786 0.3858966 0.8195465 0.3858966 0.8195465 0.3788361 0.8296396 0.3789534 0.8194966 0.3856971 0.8297786 0.3926306 0.8304542 0.3856854 0.8302736 0.3788361 0.8296396 0.3856854 0.8302736 0.378827 0.8301275 0.378827 0.8301275 0.3856732 0.8307657 0.3788173 0.8306127 0.3926306 0.8304542 0.3856732 0.8307657 0.3856854 0.8302736 0.3856732 0.8307657 0.3787534 0.8330661 0.3788173 0.8306127 0.3926158 0.8309519 0.3855993 0.8332533 0.3856732 0.8307657 0.3788173 0.8306127 0.3720142 0.8328976 0.3720756 0.8304892 0.3787534 0.8330661 0.385517 0.8362519 0.378679 0.8360248 0.3720142 0.8328976 0.378679 0.8360248 0.3719384 0.8358081 0.385517 0.8362519 0.3785504 0.8398249 0.378679 0.8360248 0.3719384 0.8358081 0.3785504 0.8398249 0.371805 0.8395564 0.3924389 0.8364995 0.3853813 0.8401 0.385517 0.8362519 0.3994323 0.8367674 0.392293 0.8403906 0.3924389 0.8364995 0.3925313 0.8334672 0.3994323 0.8367674 0.3924389 0.8364995 0.3855993 0.8332533 0.3924389 0.8364995 0.385517 0.8362519 0.3926158 0.8309519 0.3995338 0.8337054 0.3925313 0.8334672 0.3995338 0.8337054 0.4064902 0.8370541 0.3994323 0.8367674 0.3996273 0.8311659 0.4065994 0.8339664 0.3995338 0.8337054 0.4137177 0.8342429 0.4064902 0.8370541 0.4065994 0.8339664 0.4138236 0.831665 0.4065994 0.8339664 0.4067006 0.8314066 0.4136044 0.8373534 0.4063271 0.8410185 0.4064902 0.8370541 0.4064902 0.8370541 0.399277 0.8406972 0.3994323 0.8367674 0.4207698 0.8376587 0.4134376 0.8413492 0.4136044 0.8373534 0.4207698 0.8376587 0.4278181 0.8420051 0.4206037 0.8416818 0.420884 0.8345293 0.4279783 0.8379598 0.4207698 0.8376587 0.4137177 0.8342429 0.4207698 0.8376587 0.4136044 0.8373534 0.4281965 0.8322106 0.420884 0.8345293 0.4209919 0.8319374 0.4209919 0.8319374 0.4137177 0.8342429 0.4138236 0.831665 0.4282163 0.8316959 0.4209919 0.8319374 0.4210117 0.8314249 0.4210117 0.8314249 0.4138236 0.831665 0.4138429 0.8311554 0.4138429 0.8311554 0.4067006 0.8314066 0.406719 0.8309003 0.4210312 0.8309097 0.4138429 0.8311554 0.4138619 0.8306429 0.4138619 0.8306429 0.406719 0.8309003 0.406737 0.8303913 0.3996438 0.8306635 0.4067006 0.8314066 0.3996273 0.8311659 0.406737 0.8303913 0.3996438 0.8306635 0.39966 0.8301584 0.3996438 0.8306635 0.3926158 0.8309519 0.3926306 0.8304542 0.3926448 0.8299537 0.3996438 0.8306635 0.3926306 0.8304542 0.3929064 0.8196557 0.39966 0.8301584 0.3926448 0.8299537 0.3999682 0.8197294 0.406737 0.8303913 0.39966 0.8301584 0.3929677 0.8159841 0.3999682 0.8197294 0.3929064 0.8196557 0.4071952 0.8162101 0.3999682 0.8197294 0.4000596 0.8159692 0.4070902 0.8199301 0.4138619 0.8306429 0.406737 0.8303913 0.4071952 0.8162101 0.414245 0.8200722 0.4070902 0.8199301 0.4071952 0.8162101 0.4145965 0.8059952 0.4143722 0.8162688 0.4071952 0.8162101 0.4001856 0.8057194 0.4073867 0.8058648 0.4147904 0.7970377 0.4073867 0.8058648 0.4075377 0.7968436 0.4002904 0.7967953 0.4073867 0.8058648 0.4001856 0.8057194 0.4002904 0.7967953 0.3929933 0.8056592 0.3930223 0.7967113 0.3929677 0.8159841 0.4001856 0.8057194 0.4000596 0.8159692 0.4075377 0.7968436 0.4003675 0.7898876 0.4076606 0.7899804 0.4002904 0.7967953 0.3930564 0.7898161 0.4003675 0.7898876 0.4003675 0.7898876 0.3930808 0.7837077 0.4004294 0.7838041 0.4076606 0.7899804 0.4004294 0.7838041 0.4077467 0.7839256 0.4147904 0.7970377 0.4076606 0.7899804 0.4149254 0.7900997 0.4149254 0.7900997 0.4077467 0.7839256 0.4150434 0.7840781 0.4150434 0.7840781 0.4101079 0.7149093 0.417208 0.7151994 0.4101079 0.7149093 0.4004294 0.7838041 0.4030121 0.7145508 0.4173054 0.7126303 0.4101079 0.7149093 0.4102277 0.7123452 0.4101079 0.7149093 0.4031621 0.7119873 0.4102277 0.7123452 0.4173054 0.7126303 0.4103869 0.7083176 0.4174277 0.7085895 0.4031621 0.7119873 0.4103869 0.7083176 0.4102277 0.7123452 0.3960935 0.7115327 0.4033728 0.7079678 0.4031621 0.7119873 0.4030121 0.7145508 0.3960935 0.7115327 0.4031621 0.7119873 0.3890027 0.7109472 0.3963713 0.7075155 0.3960935 0.7115327 0.3963713 0.7075155 0.4036082 0.7037386 0.4033728 0.7079678 0.3893678 0.7069198 0.39668 0.7033056 0.3963713 0.7075155 0.3893678 0.7069198 0.3828985 0.7019283 0.3897731 0.7027155 0.3818668 0.710192 0.3893678 0.7069198 0.3890027 0.7109472 0.3970285 0.6988548 0.3897731 0.7027155 0.390226 0.6982884 0.390226 0.6982884 0.3828985 0.7019283 0.3835152 0.6975238 0.3752845 0.7051016 0.3828985 0.7019283 0.3823527 0.7061376 0.3835152 0.6975238 0.3760188 0.7008723 0.3768432 0.6965047 0.3841139 0.6929835 0.3768432 0.6965047 0.377699 0.6919451 0.3835152 0.6975238 0.3906775 0.6936213 0.390226 0.6982884 0.3778339 0.6912193 0.3841139 0.6929835 0.377699 0.6919451 0.3907397 0.6928617 0.3841139 0.6929835 0.3842097 0.6922394 0.390226 0.6982884 0.3973625 0.6940665 0.3970285 0.6988548 0.397415 0.6932958 0.3906775 0.6936213 0.3907397 0.6928617 0.220909 0.9091063 0.2160408 0.9119253 0.2158371 0.9112864 0.220909 0.9091063 0.2259005 0.906493 0.2212331 0.9096945 0.220909 0.9091063 0.2227385 0.9027334 0.2254676 0.905979 0.2145587 0.9072614 0.220909 0.9091063 0.2158371 0.9112864 0.2158371 0.9112864 0.210524 0.9131078 0.2104474 0.9124426 0.2099692 0.9082515 0.2158371 0.9112864 0.2104474 0.9124426 0.2188705 0.9054003 0.2145587 0.9072614 0.2072401 0.8843411 0.2145587 0.9072614 0.2099692 0.9082515 0.2072401 0.8843411 0.1884497 0.8995158 0.185882 0.8955582 0.2072401 0.8843411 0.185882 0.8955582 0.1841104 0.89119 0.2072401 0.8843411 0.1919702 0.8656861 0.1958938 0.8630945 0.2072401 0.8843411 0.1958938 0.8630945 0.2002392 0.8612921 0.2072401 0.8843411 0.2257644 0.8689559 0.2283821 0.8728541 0.2072401 0.8843411 0.2283821 0.8728541 0.2302169 0.8771778 0.2072401 0.8843411 0.2227385 0.9027334 0.2188705 0.9054003 0.2072401 0.8843411 0.1832549 0.8818564 0.1841982 0.8772465 0.2072401 0.8843411 0.1832245 0.8865639 0.1832549 0.8818564 0.2072401 0.8843411 0.2095525 0.8603686 0.2141633 0.8612775 0.2072401 0.8843411 0.2048513 0.8603727 0.2095525 0.8603686 0.2072401 0.8843411 0.2311779 0.8817737 0.2312053 0.886469 0.2072401 0.8843411 0.2312053 0.886469 0.230347 0.8910862 0.2072401 0.8843411 0.2099692 0.9082515 0.2052741 0.9083398 0.2072401 0.8843411 0.2052741 0.9083398 0.2006409 0.9075303 0.2072401 0.8843411 0.1917365 0.9029132 0.1884497 0.8995158 0.2072401 0.8843411 0.188642 0.8690067 0.1919702 0.8656861 0.2072401 0.8843411 0.1860175 0.8729088 0.188642 0.8690067 0.2072401 0.8843411 0.2224242 0.8656563 0.2257644 0.8689559 0.2072401 0.8843411 0.2185085 0.8630633 0.2224242 0.8656563 0.2072401 0.8843411 0.2260303 0.8993821 0.2227385 0.9027334 0.2072401 0.8843411 0.228584 0.8954395 0.2260303 0.8993821 0.2072401 0.8843411 0.1841104 0.89119 0.1832245 0.8865639 0.2072401 0.8843411 0.2002392 0.8612921 0.2048513 0.8603727 0.2072401 0.8843411 0.2302169 0.8771778 0.2311779 0.8817737 0.2072401 0.8843411 0.2006409 0.9075303 0.1962188 0.9058529 0.2072401 0.8843411 0.2141633 0.8612775 0.2185085 0.8630633 0.2072401 0.8843411 0.1956329 0.9056286 0.1917365 0.9029132 0.2072401 0.8843411 0.230347 0.8910862 0.228584 0.8954395 0.2072401 0.8843411 0.1841982 0.8772465 0.1860175 0.8729088 0.2072401 0.8843411 0.194392 0.9096744 0.2006409 0.9075303 0.1995298 0.911598 0.1889795 0.9061319 0.1956329 0.9056286 0.1934908 0.9093227 0.1889795 0.9061319 0.1931545 0.9099037 0.1885426 0.9066418 0.1995298 0.911598 0.1941028 0.9102741 0.194392 0.9096744 0.5785343 0.6853806 0.5725054 0.6889391 0.5722324 0.6881909 0.3656342 0.6880528 0.359665 0.6859995 0.3600391 0.6853806 0.5741978 0.6936855 0.5789322 0.6860798 0.5814692 0.6907521 0.3572318 0.6900916 0.3653699 0.6887257 0.3636848 0.6930224 0.5814692 0.6907521 0.5757321 0.6985501 0.5741978 0.6936855 0.3548221 0.6944963 0.3636848 0.6930224 0.3620827 0.6974042 0.5770223 0.7033809 0.5838304 0.6958249 0.5856724 0.7011666 0.3527166 0.6992387 0.3620827 0.6974042 0.3606886 0.7018319 0.3511882 0.7041956 0.3606886 0.7018319 0.3595378 0.7062684 0.3606886 0.7018319 0.3690998 0.6994179 0.3681009 0.7037111 0.3595378 0.7062684 0.3681009 0.7037111 0.3672384 0.7079294 0.3667197 0.7106686 0.3595378 0.7062684 0.3672384 0.7079294 0.3672384 0.7079294 0.3752845 0.7051016 0.3746376 0.7092108 0.3752845 0.7051016 0.3690998 0.6994179 0.3760188 0.7008723 0.3746376 0.7092108 0.3823527 0.7061376 0.3818668 0.710192 0.3702322 0.6950501 0.3620827 0.6974042 0.3636848 0.6930224 0.3702322 0.6950501 0.3760188 0.7008723 0.3690998 0.6994179 0.3768432 0.6965047 0.3714231 0.6906208 0.377699 0.6919451 0.3636848 0.6930224 0.3714231 0.6906208 0.3702322 0.6950501 0.3716071 0.6899152 0.377699 0.6919451 0.3714231 0.6906208 0.3716071 0.6899152 0.3653699 0.6887257 0.3656342 0.6880528 0.1995298 0.911598 0.2048925 0.9132082 0.1993548 0.9122416 0.2104474 0.9124426 0.2048925 0.9132082 0.204944 0.9125419 0.2006409 0.9075303 0.204944 0.9125419 0.1995298 0.911598 0.2052741 0.9083398 0.2104474 0.9124426 0.204944 0.9125419 0.5690579 0.7050299 0.5757321 0.6985501 0.5770223 0.7033809 0.5741978 0.6936855 0.5681141 0.7004304 0.5670448 0.6957044 0.5670448 0.6957044 0.5607178 0.7017869 0.5599524 0.6971179 0.5614173 0.7062739 0.5681141 0.7004304 0.5690579 0.7050299 0.5599524 0.6971179 0.5534458 0.7027779 0.5529047 0.6981225 0.5614173 0.7062739 0.5534458 0.7027779 0.5607178 0.7017869 0.5466107 0.7079055 0.5534458 0.7027779 0.553961 0.7072068 0.5529047 0.6981225 0.5462324 0.7035145 0.5458492 0.6988849 0.5529047 0.6981225 0.5454158 0.6939411 0.5523187 0.6933256 0.5599524 0.6971179 0.5523187 0.6933256 0.5591224 0.6922919 0.5453504 0.6931477 0.5523187 0.6933256 0.5454158 0.6939411 0.5522257 0.6925393 0.5591224 0.6922919 0.5523187 0.6933256 0.5656647 0.6900932 0.5591224 0.6922919 0.5589826 0.6915168 0.5599524 0.6971179 0.5658557 0.6908584 0.5670448 0.6957044 0.1800381 0.892381 0.1815118 0.8978344 0.1793919 0.8925707 0.1851355 0.9021617 0.1815118 0.8978344 0.1821091 0.8975231 0.1821091 0.8975231 0.1884497 0.8995158 0.1851355 0.9021617 0.1841104 0.89119 0.1821091 0.8975231 0.1800381 0.892381 0.1790033 0.8869403 0.1793919 0.8925707 0.1783331 0.887001 0.1790033 0.8869403 0.1841104 0.89119 0.1800381 0.892381 0.1790033 0.8869403 0.1783749 0.8813358 0.1790438 0.8814064 0.1790438 0.8814064 0.1832245 0.8865639 0.1790033 0.8869403 0.1801568 0.8759887 0.1783749 0.8813358 0.1795146 0.8757898 0.1841982 0.8772465 0.1790438 0.8814064 0.1801568 0.8759887 0.1822985 0.8708923 0.1795146 0.8757898 0.1817075 0.8705729 0.1822985 0.8708923 0.1841982 0.8772465 0.1801568 0.8759887 0.1822985 0.8708923 0.1848685 0.8658832 0.185386 0.8663108 0.188642 0.8690067 0.1822985 0.8708923 0.185386 0.8663108 0.1893013 0.8624171 0.1848685 0.8658832 0.188876 0.8618972 0.1893013 0.8624171 0.188642 0.8690067 0.185386 0.8663108 0.1893013 0.8624171 0.193584 0.8587538 0.1939005 0.8593472 0.1939005 0.8593472 0.1919702 0.8656861 0.1893013 0.8624171 0.2002392 0.8612921 0.1939005 0.8593472 0.1990176 0.8572355 0.1990176 0.8572355 0.193584 0.8587538 0.1988229 0.8565915 0.2044437 0.8561599 0.1988229 0.8565915 0.204378 0.8554909 0.2044437 0.8561599 0.2002392 0.8612921 0.1990176 0.8572355 0.2099713 0.8561595 0.204378 0.8554909 0.2100368 0.8554909 0.2095525 0.8603686 0.2044437 0.8561599 0.2099713 0.8561595 0.2153906 0.8572321 0.2100368 0.8554909 0.2155845 0.8565893 0.2153906 0.8572321 0.2095525 0.8603686 0.2099713 0.8561595 0.2153906 0.8572321 0.2208104 0.8587424 0.2204957 0.8593349 0.2185085 0.8630633 0.2153906 0.8572321 0.2204957 0.8593349 0.2250928 0.8623858 0.2208104 0.8587424 0.2255161 0.8618658 0.2224242 0.8656563 0.2204957 0.8593349 0.2250928 0.8623858 0.2290086 0.8662674 0.2255161 0.8618658 0.2295247 0.8658391 0.2290086 0.8662674 0.2224242 0.8656563 0.2250928 0.8623858 0.2321062 0.8708358 0.2295247 0.8658391 0.232696 0.8705155 0.2321062 0.8708358 0.2257644 0.8689559 0.2290086 0.8662674 0.2342518 0.875925 0.2283821 0.8728541 0.2321062 0.8708358 0.2342518 0.875925 0.232696 0.8705155 0.2348926 0.8757257 0.2353678 0.8813269 0.2348926 0.8757257 0.2360348 0.8812554 0.2311779 0.8817737 0.2342518 0.875925 0.2353678 0.8813269 0.2354218 0.8868446 0.2311779 0.8817737 0.2353678 0.8813269 0.2354218 0.8868446 0.2360348 0.8812554 0.2360901 0.886904 0.4390435 0.6944953 0.431944 0.6950594 0.4319642 0.6942476 0.4248906 0.6941702 0.431944 0.6950594 0.4248796 0.6949786 0.2343955 0.8922685 0.2360901 0.886904 0.2350398 0.8924567 0.417889 0.6940838 0.4248796 0.6949786 0.417875 0.6948829 0.4318323 0.7000827 0.4248796 0.6949786 0.431944 0.6950594 0.4177231 0.6997616 0.4248796 0.6949786 0.424748 0.6999229 0.417889 0.6940838 0.4109567 0.6947442 0.4109774 0.6939556 0.4107646 0.6995512 0.417875 0.6948829 0.4177231 0.6997616 0.4107646 0.6995512 0.4175638 0.7043212 0.410563 0.7040724 0.4177231 0.6997616 0.4246109 0.704517 0.4175638 0.7043212 0.4245001 0.7088081 0.4175638 0.7043212 0.4246109 0.704517 0.4103869 0.7083176 0.4175638 0.7043212 0.4174277 0.7085895 0.4107646 0.6995512 0.4036082 0.7037386 0.403883 0.699238 0.4033728 0.7079678 0.410563 0.7040724 0.4103869 0.7083176 0.403883 0.699238 0.39668 0.7033056 0.3970285 0.6988548 0.403883 0.699238 0.4109567 0.6947442 0.4107646 0.6995512 0.4041236 0.6945312 0.3970285 0.6988548 0.3973625 0.6940665 0.4041628 0.6937506 0.3973625 0.6940665 0.397415 0.6932958 0.4109774 0.6939556 0.4041236 0.6945312 0.4041628 0.6937506 0.2254676 0.905979 0.2298482 0.9024404 0.2259005 0.906493 0.2293239 0.9020205 0.2329377 0.8977041 0.2298482 0.9024404 0.2343955 0.8922685 0.2329377 0.8977041 0.232342 0.8973943 0.232342 0.8973943 0.230347 0.8910862 0.2343955 0.8922685 0.2260303 0.8993821 0.232342 0.8973943 0.2293239 0.9020205 0.230347 0.8910862 0.2354218 0.8868446 0.2343955 0.8922685 0.2254676 0.905979 0.2260303 0.8993821 0.2293239 0.9020205 0.4173054 0.7126303 0.4245001 0.7088081 0.4244027 0.7128633 0.4316015 0.708995 0.4246109 0.704517 0.4316996 0.7046854 0.4244027 0.7128633 0.4316015 0.708995 0.4315201 0.713059 0.4315201 0.713059 0.4243215 0.7154387 0.4244027 0.7128633 0.4244027 0.7128633 0.417208 0.7151994 0.4173054 0.7126303 0.4223222 0.7842053 0.417208 0.7151994 0.4243215 0.7154387 0.4314514 0.7156392 0.4223222 0.7842053 0.4243215 0.7154387 0.4385918 0.7158033 0.4315201 0.713059 0.4386475 0.7132226 0.4368856 0.7845486 0.4314514 0.7156392 0.4385918 0.7158033 0.4457299 0.7159244 0.4386475 0.7132226 0.4457757 0.7133376 0.444168 0.7847169 0.4385918 0.7158033 0.4457299 0.7159244 0.452873 0.7160419 0.4457757 0.7133376 0.4529148 0.7134546 0.4514619 0.7848842 0.4457299 0.7159244 0.452873 0.7160419 0.444042 0.7907797 0.4514619 0.7848842 0.4513323 0.7909293 0.444042 0.7907797 0.4368856 0.7845486 0.444168 0.7847169 0.4511511 0.797849 0.444042 0.7907797 0.4513323 0.7909293 0.444042 0.7907797 0.4365933 0.7974948 0.4367642 0.7906064 0.4363362 0.8065202 0.4438684 0.7977101 0.4436063 0.8067111 0.45089 0.8069539 0.4438684 0.7977101 0.4511511 0.797849 0.4505406 0.8174871 0.4436063 0.8067111 0.45089 0.8069539 0.4436063 0.8067111 0.4359807 0.8169832 0.4363362 0.8065202 0.4359807 0.8169832 0.4431209 0.8209716 0.4358644 0.8207849 0.4505406 0.8174871 0.4431209 0.8209716 0.4432716 0.8171207 0.4431209 0.8209716 0.4500041 0.8319371 0.4427254 0.8316904 0.4358644 0.8207849 0.4427254 0.8316904 0.4354683 0.8314381 0.4287757 0.8168568 0.4358644 0.8207849 0.4286406 0.8206075 0.4286406 0.8206075 0.4354683 0.8314381 0.4282358 0.8311784 0.4282358 0.8311784 0.4354494 0.8319576 0.4282163 0.8316959 0.4354683 0.8314381 0.4427073 0.8322114 0.4354494 0.8319576 0.4214373 0.8203362 0.4282358 0.8311784 0.4210312 0.8309097 0.4210312 0.8309097 0.4282163 0.8316959 0.4210117 0.8314249 0.414245 0.8200722 0.4210312 0.8309097 0.4138619 0.8306429 0.4215956 0.8165605 0.4286406 0.8206075 0.4214373 0.8203362 0.4143722 0.8162688 0.4214373 0.8203362 0.414245 0.8200722 0.4215956 0.8165605 0.4145965 0.8059952 0.4218138 0.8062106 0.4287757 0.8168568 0.4218138 0.8062106 0.4290643 0.806317 0.4287757 0.8168568 0.4363362 0.8065202 0.4359807 0.8169832 0.4218138 0.8062106 0.4293136 0.7972946 0.4290643 0.806317 0.4365933 0.7974948 0.4290643 0.806317 0.4293136 0.7972946 0.4365933 0.7974948 0.4294818 0.7904363 0.4367642 0.7906064 0.4293136 0.7972946 0.4221929 0.7902893 0.4294818 0.7904363 0.4220459 0.7970907 0.4149254 0.7900997 0.4221929 0.7902893 0.4218138 0.8062106 0.4147904 0.7970377 0.4220459 0.7970907 0.4221929 0.7902893 0.429603 0.7843782 0.4294818 0.7904363 0.4221929 0.7902893 0.4150434 0.7840781 0.4223222 0.7842053 0.4367642 0.7906064 0.429603 0.7843782 0.4368856 0.7845486 0.4354494 0.8319576 0.4281965 0.8322106 0.4282163 0.8316959 0.4427073 0.8322114 0.4354301 0.8324744 0.4354494 0.8319576 0.4354301 0.8324744 0.4280897 0.8348145 0.4281965 0.8322106 0.4354301 0.8324744 0.4425892 0.8353533 0.4353266 0.8350893 0.4499685 0.8329786 0.4425892 0.8353533 0.4426888 0.8327299 0.4499865 0.8324593 0.4426888 0.8327299 0.4427073 0.8322114 0.4572769 0.8326935 0.4499685 0.8329786 0.4499865 0.8324593 0.4572598 0.8332138 0.4498725 0.835607 0.4499685 0.8329786 0.4572939 0.8321706 0.4499865 0.8324593 0.4500041 0.8319371 0.4427254 0.8316904 0.4499865 0.8324593 0.4427073 0.8322114 0.4503939 0.8212682 0.4572939 0.8321706 0.4500041 0.8319371 0.4576661 0.8214658 0.4645947 0.8323947 0.4572939 0.8321706 0.4572939 0.8321706 0.4645782 0.8329185 0.4572769 0.8326935 0.4719062 0.8326166 0.4645782 0.8329185 0.4645947 0.8323947 0.4649605 0.8216506 0.4719062 0.8326166 0.4645947 0.8323947 0.4718896 0.8331412 0.4645614 0.8334394 0.4645782 0.8329185 0.4645782 0.8329185 0.4572598 0.8332138 0.4572769 0.8326935 0.4645614 0.8334394 0.4717822 0.8363042 0.4644709 0.8360759 0.4572598 0.8332138 0.4644709 0.8360759 0.4571676 0.8358463 0.4644709 0.8360759 0.4716951 0.8394941 0.464384 0.8392584 0.4644709 0.8360759 0.4570785 0.8390258 0.4571676 0.8358463 0.4716951 0.8394941 0.4642642 0.8433457 0.464384 0.8392584 0.464384 0.8392584 0.456955 0.8431141 0.4570785 0.8390258 0.449778 0.8387822 0.456955 0.8431141 0.4496456 0.8428668 0.4424887 0.8385223 0.4496456 0.8428668 0.4423466 0.8425986 0.4498725 0.835607 0.4570785 0.8390258 0.449778 0.8387822 0.4498725 0.835607 0.4424887 0.8385223 0.4425892 0.8353533 0.4425892 0.8353533 0.4352202 0.838248 0.4353266 0.8350893 0.4424887 0.8385223 0.4350686 0.8423111 0.4352202 0.838248 0.4280897 0.8348145 0.4352202 0.838248 0.4279783 0.8379598 0.4279783 0.8379598 0.4350686 0.8423111 0.4278181 0.8420051 0.4716951 0.8394941 0.4788769 0.8438235 0.4715636 0.8435765 0.4863308 0.8399614 0.4788769 0.8438235 0.4790111 0.8397151 0.4790994 0.8365293 0.4863308 0.8399614 0.4790111 0.8397151 0.4717822 0.8363042 0.4790111 0.8397151 0.4716951 0.8394941 0.4791918 0.8338877 0.4864233 0.8367706 0.4790994 0.8365293 0.4718727 0.8336628 0.4790994 0.8365293 0.4717822 0.8363042 0.479209 0.8333654 0.486519 0.8341267 0.4791918 0.8338877 0.4718896 0.8331412 0.4791918 0.8338877 0.4718727 0.8336628 0.4719062 0.8326166 0.479209 0.8333654 0.4718896 0.8331412 0.4792259 0.8328404 0.4865371 0.8336042 0.479209 0.8333654 0.4938654 0.8338491 0.486519 0.8341267 0.4865371 0.8336042 0.4865549 0.8330787 0.4938654 0.8338491 0.4865371 0.8336042 0.4942927 0.8224956 0.4865549 0.8330787 0.4869521 0.8222999 0.4796093 0.8220155 0.4865549 0.8330787 0.4792259 0.8328404 0.4944462 0.8186079 0.4869521 0.8222999 0.4870951 0.8184798 0.4870951 0.8184798 0.4796093 0.8220155 0.4797581 0.8181303 0.4722768 0.8218308 0.4792259 0.8328404 0.4719062 0.8326166 0.4797581 0.8181303 0.4722768 0.8218308 0.4723951 0.8179863 0.4650797 0.8178194 0.4722768 0.8218308 0.4649605 0.8216506 0.4723951 0.8179863 0.4800938 0.8077282 0.4797581 0.8181303 0.4723951 0.8179863 0.4654892 0.8073293 0.472795 0.8075246 0.472795 0.8075246 0.4803763 0.7986091 0.4800938 0.8077282 0.465758 0.798238 0.472795 0.8075246 0.4654892 0.8073293 0.465758 0.798238 0.4581893 0.8071371 0.458457 0.7980194 0.4577888 0.817649 0.4654892 0.8073293 0.4650797 0.8178194 0.458457 0.7980194 0.45089 0.8069539 0.4511511 0.797849 0.4577888 0.817649 0.45089 0.8069539 0.4581893 0.8071371 0.4505406 0.8174871 0.4576661 0.8214658 0.4503939 0.8212682 0.4577888 0.817649 0.4649605 0.8216506 0.4576661 0.8214658 0.465758 0.798238 0.4586293 0.7911652 0.4659343 0.7913289 0.4586293 0.7911652 0.4511511 0.797849 0.4513323 0.7909293 0.4513323 0.7909293 0.4587656 0.7850805 0.4586293 0.7911652 0.4586293 0.7911652 0.4660632 0.7852598 0.4659343 0.7913289 0.4730613 0.7984538 0.4659343 0.7913289 0.4732298 0.7914887 0.4659343 0.7913289 0.4733703 0.785444 0.4732298 0.7914887 0.4743666 0.7162615 0.4660632 0.7852598 0.4671877 0.7162111 0.4660632 0.7852598 0.460025 0.7161379 0.4671877 0.7162111 0.4743829 0.7136597 0.4671877 0.7162111 0.4672124 0.7136157 0.4672124 0.7136157 0.460025 0.7161379 0.4600586 0.7135473 0.4743829 0.7136597 0.4672225 0.7095246 0.4743787 0.7095587 0.4600586 0.7135473 0.4672225 0.7095246 0.4672124 0.7136157 0.4600586 0.7135473 0.452955 0.7093768 0.4600844 0.7094633 0.460025 0.7161379 0.4529148 0.7134546 0.4600586 0.7135473 0.4529148 0.7134546 0.4458244 0.7092471 0.452955 0.7093768 0.4600844 0.7094633 0.4530141 0.7050682 0.4601279 0.7051383 0.452955 0.7093768 0.4458938 0.7049753 0.4530141 0.7050682 0.4458244 0.7092471 0.438793 0.704805 0.4458938 0.7049753 0.4386475 0.7132226 0.4458244 0.7092471 0.4457757 0.7133376 0.4531082 0.7004495 0.4458938 0.7049753 0.4459969 0.7003396 0.4459969 0.7003396 0.438793 0.704805 0.4389194 0.7001873 0.438708 0.7091637 0.4316996 0.7046854 0.438793 0.704805 0.4389194 0.7001873 0.4316996 0.7046854 0.4318323 0.7000827 0.4389194 0.7001873 0.431944 0.6950594 0.439024 0.6953087 0.4459969 0.7003396 0.439024 0.6953087 0.4460985 0.695375 0.4390435 0.6944953 0.4460985 0.695375 0.439024 0.6953087 0.4459969 0.7003396 0.4531841 0.6954151 0.4531082 0.7004495 0.4531991 0.6946019 0.4460985 0.695375 0.4461062 0.6945618 0.4602093 0.7004962 0.4531841 0.6954151 0.4602702 0.6956103 0.4602826 0.6947968 0.4531841 0.6954151 0.4531991 0.6946019 0.4531082 0.7004495 0.4601279 0.7051383 0.4530141 0.7050682 0.4672949 0.7005579 0.4602702 0.6956103 0.4673437 0.6956071 0.4602093 0.7004962 0.4672459 0.7051936 0.4601279 0.7051383 0.4600844 0.7094633 0.4672459 0.7051936 0.4672225 0.7095246 0.4672949 0.7005579 0.474386 0.7052155 0.4672459 0.7051936 0.4743787 0.7095587 0.4672459 0.7051936 0.474386 0.7052155 0.4815735 0.7005435 0.474386 0.7052155 0.4744167 0.700562 0.4743787 0.7095587 0.4815524 0.7052146 0.4815565 0.7095701 0.4672949 0.7005579 0.4744464 0.6955698 0.4744167 0.700562 0.4744167 0.700562 0.4815919 0.6955099 0.4815735 0.7005435 0.4887666 0.7005354 0.4815524 0.7052146 0.4815735 0.7005435 0.4887666 0.7005354 0.4815919 0.6955099 0.4887635 0.6954404 0.4815858 0.6946873 0.4887635 0.6954404 0.4815919 0.6955099 0.4744419 0.6947518 0.4815919 0.6955099 0.4744464 0.6955698 0.495932 0.694711 0.4887635 0.6954404 0.4887665 0.6946173 0.495943 0.7004742 0.4887635 0.6954404 0.4959314 0.6955333 0.5030621 0.6946035 0.4959314 0.6955333 0.495932 0.694711 0.495943 0.7004742 0.5030749 0.6954241 0.5030991 0.7004353 0.5030991 0.7004353 0.5102228 0.6952816 0.5102853 0.7003599 0.5102162 0.6944619 0.5030749 0.6954241 0.5030621 0.6946035 0.5102853 0.7003599 0.5031186 0.7051111 0.5030991 0.7004353 0.495943 0.7004742 0.5031186 0.7051111 0.4959319 0.7051643 0.5031648 0.7094801 0.5103206 0.7050257 0.5103859 0.7093933 0.4959563 0.7095341 0.5031186 0.7051111 0.5031648 0.7094801 0.4887546 0.7095645 0.4959319 0.7051643 0.4959563 0.7095341 0.4887666 0.7005354 0.4959319 0.7051643 0.488745 0.7052038 0.4815565 0.7095701 0.488745 0.7052038 0.4887546 0.7095645 0.4887799 0.7136827 0.4959563 0.7095341 0.4959964 0.7136591 0.4815725 0.7136815 0.4887546 0.7095645 0.4887799 0.7136827 0.4743829 0.7136597 0.4815565 0.7095701 0.4815725 0.7136815 0.4887799 0.7136827 0.4815638 0.7162895 0.4815725 0.7136815 0.4815725 0.7136815 0.4743666 0.7162615 0.4743829 0.7136597 0.4815638 0.7162895 0.4733703 0.785444 0.4743666 0.7162615 0.4887788 0.7162955 0.4806768 0.7855875 0.4815638 0.7162895 0.4960048 0.7162763 0.4887799 0.7136827 0.4959964 0.7136591 0.4953461 0.7859117 0.4887788 0.7162955 0.4960048 0.7162763 0.5032433 0.7162308 0.4959964 0.7136591 0.5032238 0.7136093 0.5032433 0.7162308 0.4953461 0.7859117 0.4960048 0.7162763 0.5104982 0.7161518 0.5032238 0.7136093 0.5104652 0.713526 0.5104982 0.7161518 0.5027231 0.7860903 0.5032433 0.7162308 0.5025871 0.7922518 0.5101234 0.7862509 0.5099933 0.79241 0.4952216 0.7920163 0.5027231 0.7860903 0.5025871 0.7922518 0.5097866 0.7993812 0.5025871 0.7922518 0.5099933 0.79241 0.5025871 0.7922518 0.4950361 0.7990038 0.4952216 0.7920163 0.4947637 0.808206 0.5023967 0.7992054 0.5021057 0.8083274 0.5094898 0.8086221 0.5023967 0.7992054 0.5097866 0.7993812 0.5091286 0.8192867 0.5021057 0.8083274 0.5094898 0.8086221 0.5021057 0.8083274 0.4944462 0.8186079 0.4947637 0.808206 0.5018197 0.818943 0.4942927 0.8224956 0.4944462 0.8186079 0.5018197 0.818943 0.5089758 0.8230994 0.5016405 0.8227945 0.5089758 0.8230994 0.5012147 0.8335784 0.5016405 0.8227945 0.5016405 0.8227945 0.4938836 0.8333235 0.4942927 0.8224956 0.5012147 0.8335784 0.5085258 0.8343644 0.5011959 0.8341038 0.4938836 0.8333235 0.5011959 0.8341038 0.4938654 0.8338491 0.5011959 0.8341038 0.493847 0.8343718 0.4938654 0.8338491 0.5085258 0.8343644 0.5011769 0.8346264 0.5011959 0.8341038 0.493847 0.8343718 0.5010765 0.83727 0.4937491 0.8370163 0.5011769 0.8346264 0.5084027 0.8375294 0.5010765 0.83727 0.486519 0.8341267 0.4937491 0.8370163 0.4864233 0.8367706 0.4937491 0.8370163 0.5009792 0.8404604 0.4936546 0.8402076 0.4864233 0.8367706 0.4936546 0.8402076 0.4863308 0.8399614 0.5009792 0.8404604 0.493526 0.8443067 0.4936546 0.8402076 0.4936546 0.8402076 0.4862049 0.8440622 0.4863308 0.8399614 0.5009792 0.8404604 0.5081669 0.8448138 0.5008473 0.8445583 0.5083021 0.8407183 0.5154787 0.8450746 0.5081669 0.8448138 0.5157251 0.8377946 0.5083021 0.8407183 0.5084027 0.8375294 0.5084027 0.8375294 0.5009792 0.8404604 0.5010765 0.83727 0.5158329 0.8351517 0.5084027 0.8375294 0.5085061 0.8348869 0.5230435 0.8380746 0.5156196 0.8409826 0.5157251 0.8377946 0.5158329 0.8351517 0.5230435 0.8380746 0.5157251 0.8377946 0.5303567 0.8383772 0.5229307 0.841261 0.5230435 0.8380746 0.5231576 0.8354322 0.5303567 0.8383772 0.5230435 0.8380746 0.5229307 0.841261 0.5300754 0.8456445 0.5227804 0.8453494 0.5156196 0.8409826 0.5227804 0.8453494 0.5154787 0.8450746 0.5375325 0.8418753 0.5300754 0.8456445 0.5302357 0.8415597 0.5448161 0.8421981 0.5373662 0.8459551 0.5375325 0.8418753 0.5376591 0.8386987 0.5448161 0.8421981 0.5375325 0.8418753 0.5376591 0.8386987 0.5302357 0.8415597 0.5303567 0.8383772 0.5377862 0.8360662 0.5449435 0.8390294 0.5376591 0.8386987 0.5304783 0.8357385 0.5376591 0.8386987 0.5303567 0.8383772 0.5378108 0.835546 0.5450726 0.8364056 0.5377862 0.8360662 0.5378108 0.835546 0.5304783 0.8357385 0.5305016 0.8352168 0.5305016 0.8352168 0.5231576 0.8354322 0.5231792 0.83491 0.5378351 0.8350227 0.5305016 0.8352168 0.5305247 0.8346923 0.5305247 0.8346923 0.5231792 0.83491 0.5232008 0.8343846 0.5158532 0.8346293 0.5231576 0.8354322 0.5158329 0.8351517 0.5232008 0.8343846 0.5158532 0.8346293 0.5158735 0.834104 0.5158532 0.8346293 0.5085061 0.8348869 0.5085258 0.8343644 0.5085452 0.8338391 0.5158532 0.8346293 0.5085258 0.8343644 0.5163185 0.8233054 0.5085452 0.8338391 0.5089758 0.8230994 0.5236847 0.823522 0.5158735 0.834104 0.5163185 0.8233054 0.5164535 0.8194475 0.5089758 0.8230994 0.5091286 0.8192867 0.5238612 0.8196126 0.5163185 0.8233054 0.5164535 0.8194475 0.5310546 0.8238724 0.5232008 0.8343846 0.5236847 0.823522 0.5312708 0.8200041 0.5236847 0.823522 0.5238612 0.8196126 0.5238612 0.8196126 0.5316601 0.809378 0.5312708 0.8200041 0.5164535 0.8194475 0.5242608 0.8091444 0.5238612 0.8196126 0.5320783 0.8001949 0.5242608 0.8091444 0.5246337 0.7998839 0.5246337 0.7998839 0.5168833 0.808868 0.5172047 0.7996606 0.5172047 0.7996606 0.5094898 0.8086221 0.5097866 0.7993812 0.5091286 0.8192867 0.5168833 0.808868 0.5164535 0.8194475 0.5248657 0.7928714 0.5172047 0.7996606 0.5174172 0.7925955 0.5174172 0.7925955 0.5097866 0.7993812 0.5099933 0.79241 0.5099933 0.79241 0.5175639 0.7864264 0.5174172 0.7925955 0.5174172 0.7925955 0.525036 0.7866418 0.5248657 0.7928714 0.5323433 0.7930945 0.5246337 0.7998839 0.5248657 0.7928714 0.5248657 0.7928714 0.5325378 0.7868574 0.5323433 0.7930945 0.532373 0.7155991 0.525036 0.7866418 0.5250571 0.7158502 0.5250571 0.7158502 0.5175639 0.7864264 0.5177676 0.7160283 0.532373 0.7155991 0.5249825 0.7132124 0.5322672 0.7129503 0.5249825 0.7132124 0.5177676 0.7160283 0.5177163 0.7133971 0.5322672 0.7129503 0.524835 0.7090708 0.5320659 0.7087975 0.5249825 0.7132124 0.5176071 0.709259 0.524835 0.7090708 0.5177163 0.7133971 0.5103859 0.7093933 0.5176071 0.709259 0.5177676 0.7160283 0.5104652 0.713526 0.5177163 0.7133971 0.5104652 0.713526 0.5031648 0.7094801 0.5103859 0.7093933 0.5176071 0.709259 0.5103206 0.7050257 0.5175104 0.7048871 0.524835 0.7090708 0.5175104 0.7048871 0.5246966 0.7047067 0.5102853 0.7003599 0.5175104 0.7048871 0.5103206 0.7050257 0.5174477 0.7002072 0.5246966 0.7047067 0.5175104 0.7048871 0.5245844 0.7000638 0.5318663 0.7044273 0.5246966 0.7047067 0.524835 0.7090708 0.5318663 0.7044273 0.5320659 0.7087975 0.5316887 0.6997734 0.5244434 0.6950529 0.5314888 0.694912 0.5245844 0.7000638 0.5173606 0.6952764 0.5244434 0.6950529 0.5314589 0.6941065 0.5244434 0.6950529 0.5244246 0.694243 0.5244246 0.694243 0.5173606 0.6952764 0.5173493 0.6944591 0.5102162 0.6944619 0.5173606 0.6952764 0.5102228 0.6952816 0.5174477 0.7002072 0.5102228 0.6952816 0.5173606 0.6952764 0.5384176 0.6937024 0.5314888 0.694912 0.5314589 0.6941065 0.5316887 0.6997734 0.5384714 0.6945013 0.5387617 0.6994095 0.5453504 0.6931477 0.5384714 0.6945013 0.5384176 0.6937024 0.5387617 0.6994095 0.5454158 0.6939411 0.5458492 0.6988849 0.5458492 0.6988849 0.5390368 0.7040452 0.5387617 0.6994095 0.5387617 0.6994095 0.5318663 0.7044273 0.5316887 0.6997734 0.5320659 0.7087975 0.5390368 0.7040452 0.539317 0.7084203 0.539317 0.7084203 0.5462324 0.7035145 0.5466107 0.7079055 0.5322672 0.7129503 0.539317 0.7084203 0.5395875 0.712591 0.5395875 0.712591 0.5466107 0.7079055 0.546967 0.7121065 0.547161 0.7148004 0.5395875 0.712591 0.546967 0.7121065 0.5397323 0.7152578 0.5322672 0.7129503 0.5395875 0.712591 0.5397323 0.7152578 0.5325378 0.7868574 0.532373 0.7155991 0.5477708 0.7872642 0.5397323 0.7152578 0.547161 0.7148004 0.5544327 0.7114596 0.547161 0.7148004 0.546967 0.7121065 0.555539 0.7876168 0.547161 0.7148004 0.5546899 0.7141956 0.5620369 0.7106087 0.5546899 0.7141956 0.5544327 0.7114596 0.5634273 0.788021 0.5546899 0.7141956 0.5623723 0.7134093 0.5698614 0.7095029 0.5623723 0.7134093 0.5620369 0.7106087 0.5715157 0.7885529 0.5623723 0.7134093 0.5702894 0.7124035 0.5629963 0.7945737 0.5715157 0.7885529 0.5709221 0.7952759 0.5629963 0.7945737 0.555539 0.7876168 0.5634273 0.788021 0.5700941 0.8027526 0.5629963 0.7945737 0.5709221 0.7952759 0.5629963 0.7945737 0.554722 0.8013165 0.555204 0.7940918 0.5539869 0.8106742 0.5623715 0.80195 0.5614395 0.8112323 0.5700941 0.8027526 0.5614395 0.8112323 0.5623715 0.80195 0.5675739 0.8222535 0.5614395 0.8112323 0.5688261 0.8120528 0.5604651 0.8217501 0.5539869 0.8106742 0.5614395 0.8112323 0.5604651 0.8217501 0.5529842 0.8250085 0.5532444 0.8211687 0.5604651 0.8217501 0.5672255 0.8259351 0.5601791 0.825482 0.5672255 0.8259351 0.5595595 0.8360306 0.5601791 0.825482 0.5601791 0.825482 0.5523715 0.8357095 0.5529842 0.8250085 0.5532444 0.8211687 0.5457111 0.8246604 0.5459331 0.8208565 0.5529842 0.8250085 0.5451229 0.8353663 0.5457111 0.8246604 0.5523715 0.8357095 0.5450977 0.8358874 0.5451229 0.8353663 0.5523715 0.8357095 0.5595387 0.8365424 0.5523476 0.8362272 0.5457111 0.8246604 0.5378351 0.8350227 0.538398 0.8242591 0.5451229 0.8353663 0.5378108 0.835546 0.5378351 0.8350227 0.538398 0.8242591 0.5305247 0.8346923 0.5310546 0.8238724 0.5459331 0.8208565 0.538398 0.8242591 0.5386295 0.8204133 0.5386295 0.8204133 0.5310546 0.8238724 0.5312708 0.8200041 0.5316601 0.809378 0.5386295 0.8204133 0.5312708 0.8200041 0.5386295 0.8204133 0.546548 0.8101553 0.5459331 0.8208565 0.546548 0.8101553 0.5532444 0.8211687 0.5459331 0.8208565 0.5390904 0.8098113 0.5471229 0.8008687 0.546548 0.8101553 0.554722 0.8013165 0.546548 0.8101553 0.5471229 0.8008687 0.555204 0.7940918 0.5471229 0.8008687 0.5475023 0.793642 0.5471229 0.8008687 0.539883 0.7933406 0.5475023 0.793642 0.5395689 0.8004568 0.5323433 0.7930945 0.539883 0.7933406 0.5390904 0.8098113 0.5320783 0.8001949 0.5395689 0.8004568 0.5475023 0.793642 0.5401101 0.7870391 0.5477708 0.7872642 0.539883 0.7933406 0.5325378 0.7868574 0.5401101 0.7870391 0.555204 0.7940918 0.5477708 0.7872642 0.555539 0.7876168 0.5450977 0.8358874 0.5523235 0.8367424 0.5450726 0.8364056 0.5595387 0.8365424 0.5523235 0.8367424 0.5523476 0.8362272 0.5450726 0.8364056 0.5522011 0.8393549 0.5449435 0.8390294 0.5595182 0.8370518 0.5522011 0.8393549 0.5523235 0.8367424 0.5666273 0.8367886 0.5595182 0.8370518 0.5595387 0.8365424 0.5595182 0.8370518 0.5665637 0.8398427 0.5594162 0.839639 0.5594162 0.839639 0.5665394 0.8429561 0.5593288 0.8427768 0.5522011 0.8393549 0.5593288 0.8427768 0.5520835 0.8425177 0.5665394 0.8429561 0.5592056 0.8468607 0.5593288 0.8427768 0.5520835 0.8425177 0.5592056 0.8468607 0.5519207 0.8465758 0.5520835 0.8425177 0.5446503 0.8462697 0.5448161 0.8421981 0.5737102 0.8429412 0.5665152 0.8470133 0.5665394 0.8429561 0.5449435 0.8390294 0.5520835 0.8425177 0.5448161 0.8421981 0.5736231 0.8398693 0.5665394 0.8429561 0.5665637 0.8398427 0.5666157 0.8372894 0.5736231 0.8398693 0.5665637 0.8398427 0.5666273 0.8367886 0.5735747 0.8373552 0.5666157 0.8372894 0.5595595 0.8360306 0.5666273 0.8367886 0.5595387 0.8365424 0.5700941 0.8027526 0.5761728 0.8131953 0.5688261 0.8120528 0.5709221 0.7952759 0.5779446 0.8038104 0.5700941 0.8027526 0.5791303 0.7961754 0.5715157 0.7885529 0.5798316 0.7891429 0.5698614 0.7095029 0.5614173 0.7062739 0.5690579 0.7050299 0.5544327 0.7114596 0.5614173 0.7062739 0.5620369 0.7106087 0.546967 0.7121065 0.553961 0.7072068 0.5544327 0.7114596 0.5175639 0.7864264 0.5104982 0.7161518 0.5177676 0.7160283 0.4870951 0.8184798 0.4947637 0.808206 0.4944462 0.8186079 0.4876991 0.7988379 0.4947637 0.808206 0.4874264 0.8078421 0.4870951 0.8184798 0.4800938 0.8077282 0.4874264 0.8078421 0.4874264 0.8078421 0.4803763 0.7986091 0.4876991 0.7988379 0.4950361 0.7990038 0.4878761 0.791871 0.4952216 0.7920163 0.4876991 0.7988379 0.4805434 0.7917187 0.4878761 0.791871 0.4730613 0.7984538 0.4805434 0.7917187 0.4803763 0.7986091 0.4805434 0.7917187 0.4879977 0.7857568 0.4878761 0.791871 0.4805434 0.7917187 0.4733703 0.785444 0.4806768 0.7855875 0.4952216 0.7920163 0.4879977 0.7857568 0.4953461 0.7859117 0.4959964 0.7136591 0.5031648 0.7094801 0.5032238 0.7136093 0.4744419 0.6947518 0.4673437 0.6956071 0.4673426 0.6947937 0.4673426 0.6947937 0.4602702 0.6956103 0.4602826 0.6947968 0.4318323 0.7000827 0.4246109 0.704517 0.424748 0.6999229 0.4315201 0.713059 0.438708 0.7091637 0.4386475 0.7132226 0.4587656 0.7850805 0.452873 0.7160419 0.460025 0.7161379 0.1889795 0.9061319 0.18461 0.9025809 0.1851355 0.9021617 0.1917365 0.9029132 0.1851355 0.9021617 0.1884497 0.8995158 0.5722324 0.6881909 0.5658557 0.6908584 0.5656647 0.6900932 0.5741978 0.6936855 0.5658557 0.6908584 0.5725054 0.6889391 0.4004294 0.7838041 0.3959032 0.7141013 0.4030121 0.7145508 0.3720668 0.8160718 0.378692 0.8058181 0.3789422 0.8158333 0.3784429 0.7968659 0.3715751 0.8060858 0.3710843 0.7970731 0.3782926 0.7898757 0.3710843 0.7970731 0.3707941 0.7900498 0.578037 0.7081034 0.5770223 0.7033809 0.5856724 0.7011666 0.5698614 0.7095029 0.5690579 0.7050299 0.5770223 0.7033809 0.578037 0.7081034 0.5785542 0.7111632 0.5702894 0.7124035 0.5873123 0.7098037 0.5785542 0.7111632 0.578037 0.7081034 0.5885629 0.7898643 0.5798316 0.7891429 0.5785542 0.7111632 0.5798316 0.7891429 0.5715157 0.7885529 0.5702894 0.7124035 0.3588875 0.7091496 0.3505247 0.7073743 0.3511882 0.7041956 0.3548104 0.7841629 0.3464363 0.7844551 0.3505247 0.7073743 0.5791303 0.7961754 0.5798316 0.7891429 0.5885629 0.7898643 0.3468889 0.7917628 0.3464363 0.7844551 0.3548104 0.7841629 0.5860652 0.8054693 0.5779446 0.8038104 0.5791303 0.7961754 0.3560795 0.7983281 0.348272 0.7996143 0.3468889 0.7917628 0.348272 0.7996143 0.3560795 0.7983281 0.3574569 0.8073624 0.5860652 0.8054693 0.5833412 0.8148328 0.5761728 0.8131953 0.5833412 0.8148328 0.5807422 0.823934 0.5743827 0.8230448 0.3588584 0.8167935 0.3527449 0.8174811 0.3505412 0.8086845 0.3588584 0.8167935 0.3590989 0.8200858 0.3531127 0.8205091 0.5807422 0.823934 0.5803032 0.8271123 0.5739912 0.8265141 0.5688261 0.8120528 0.5761728 0.8131953 0.5743827 0.8230448 0.5743827 0.8230448 0.5739912 0.8265141 0.5672255 0.8259351 0.5739912 0.8265141 0.5735604 0.836373 0.5666393 0.836286 0.5803032 0.8271123 0.5802373 0.8360847 0.5735604 0.836373 0.5735604 0.836373 0.5735672 0.8368641 0.5666273 0.8367886 0.5802373 0.8360847 0.5802714 0.8365604 0.5735672 0.8368641 0.3591465 0.8292669 0.3591235 0.8297154 0.3530629 0.8292595 0.3590989 0.8200858 0.3591465 0.8292669 0.3531072 0.8288296 0.3591235 0.8297154 0.3590991 0.8301616 0.3530005 0.8296862 0.5802714 0.8365604 0.5803257 0.8370385 0.5735747 0.8373552 0.3590991 0.8301616 0.3589585 0.8324284 0.3526205 0.8318631 0.5735747 0.8373552 0.5803257 0.8370385 0.5806745 0.839514 0.5736231 0.8398693 0.5806745 0.839514 0.5809279 0.842629 0.3589585 0.8324284 0.358785 0.8352242 0.3522658 0.8346672 0.5737102 0.8429412 0.5809279 0.842629 0.5810831 0.8466891 0.3522658 0.8346672 0.358785 0.8352242 0.3585464 0.8388922 0.3653066 0.8355666 0.3651422 0.8392645 0.3585464 0.8388922 0.3653066 0.8355666 0.3719384 0.8358081 0.371805 0.8395564 0.3720142 0.8328976 0.3719384 0.8358081 0.3653066 0.8355666 0.3654068 0.8327125 0.3653066 0.8355666 0.358785 0.8352242 0.3720756 0.8304892 0.3720142 0.8328976 0.3654068 0.8327125 0.3654841 0.8303631 0.3654068 0.8327125 0.3589585 0.8324284 0.3654956 0.8299002 0.3720844 0.8300135 0.3720756 0.8304892 0.3591235 0.8297154 0.3654956 0.8299002 0.3654841 0.8303631 0.3591465 0.8292669 0.3655059 0.8294353 0.3654956 0.8299002 0.3655059 0.8294353 0.3720924 0.8295353 0.3720844 0.8300135 0.3720844 0.8300135 0.378827 0.8301275 0.3788173 0.8306127 0.3788361 0.8296396 0.378827 0.8301275 0.3720844 0.8300135 0.3789534 0.8194966 0.3788361 0.8296396 0.3720924 0.8295353 0.3721359 0.8196138 0.3720924 0.8295353 0.3655059 0.8294353 0.3720668 0.8160718 0.3789422 0.8158333 0.3789534 0.8194966 0.3653281 0.8162698 0.3720668 0.8160718 0.3721359 0.8196138 0.3654747 0.8197572 0.3655059 0.8294353 0.3591465 0.8292669 0.3588584 0.8167935 0.3653281 0.8162698 0.3654747 0.8197572 0.3588584 0.8167935 0.3574569 0.8073624 0.3645079 0.8065452 0.3720668 0.8160718 0.3653281 0.8162698 0.3645079 0.8065452 0.3715751 0.8060858 0.3645079 0.8065452 0.3636624 0.797566 0.3574569 0.8073624 0.3560795 0.7983281 0.3636624 0.797566 0.3560795 0.7983281 0.3552719 0.7908997 0.3631239 0.7903972 0.3710843 0.7970731 0.3636624 0.797566 0.3631239 0.7903972 0.3707941 0.7900498 0.3631239 0.7903972 0.3628464 0.7838783 0.3631239 0.7903972 0.3552719 0.7908997 0.3548104 0.7841629 0.3628464 0.7838783 0.3548104 0.7841629 0.3588875 0.7091496 0.3706042 0.7837262 0.3628464 0.7838783 0.3667197 0.7106686 0.3707941 0.7900498 0.3706042 0.7837262 0.378197 0.783654 0.3815553 0.7128007 0.378197 0.783654 0.3706042 0.7837262 0.3818668 0.710192 0.3815553 0.7128007 0.3742353 0.7118674 0.3742353 0.7118674 0.3667197 0.7106686 0.3672384 0.7079294 0.3890027 0.7109472 0.3887603 0.7135294 0.3815553 0.7128007 0.3856769 0.7836513 0.378197 0.783654 0.3815553 0.7128007 0.3960935 0.7115327 0.3959032 0.7141013 0.3887603 0.7135294 0.3930808 0.7837077 0.3856769 0.7836513 0.3887603 0.7135294 0.3930564 0.7898161 0.3857037 0.7898001 0.3856769 0.7836513 0.3857037 0.7898001 0.3782926 0.7898757 0.378197 0.783654 0.3930223 0.7967113 0.3857404 0.7967022 0.3857037 0.7898001 0.3857404 0.7967022 0.3784429 0.7968659 0.3782926 0.7898757 0.3858237 0.8057475 0.378692 0.8058181 0.3784429 0.7968659 0.3929933 0.8056592 0.3858237 0.8057475 0.3857404 0.7967022 0.3929677 0.8159841 0.3859501 0.8158748 0.3858237 0.8057475 0.3859501 0.8158748 0.3789422 0.8158333 0.378692 0.8058181 0.3789422 0.8158333 0.3859501 0.8158748 0.3858966 0.8195465 0.3859501 0.8158748 0.3929677 0.8159841 0.3929064 0.8196557 0.3929064 0.8196557 0.3926448 0.8299537 0.3856971 0.8297786 0.3858966 0.8195465 0.3856971 0.8297786 0.3788361 0.8296396 0.3856971 0.8297786 0.3926448 0.8299537 0.3926306 0.8304542 0.3788361 0.8296396 0.3856971 0.8297786 0.3856854 0.8302736 0.378827 0.8301275 0.3856854 0.8302736 0.3856732 0.8307657 0.3926306 0.8304542 0.3926158 0.8309519 0.3856732 0.8307657 0.3856732 0.8307657 0.3855993 0.8332533 0.3787534 0.8330661 0.3926158 0.8309519 0.3925313 0.8334672 0.3855993 0.8332533 0.3788173 0.8306127 0.3787534 0.8330661 0.3720142 0.8328976 0.3787534 0.8330661 0.3855993 0.8332533 0.385517 0.8362519 0.3720142 0.8328976 0.3787534 0.8330661 0.378679 0.8360248 0.385517 0.8362519 0.3853813 0.8401 0.3785504 0.8398249 0.3719384 0.8358081 0.378679 0.8360248 0.3785504 0.8398249 0.3924389 0.8364995 0.392293 0.8403906 0.3853813 0.8401 0.3994323 0.8367674 0.399277 0.8406972 0.392293 0.8403906 0.3925313 0.8334672 0.3995338 0.8337054 0.3994323 0.8367674 0.3855993 0.8332533 0.3925313 0.8334672 0.3924389 0.8364995 0.3926158 0.8309519 0.3996273 0.8311659 0.3995338 0.8337054 0.3995338 0.8337054 0.4065994 0.8339664 0.4064902 0.8370541 0.3996273 0.8311659 0.4067006 0.8314066 0.4065994 0.8339664 0.4137177 0.8342429 0.4136044 0.8373534 0.4064902 0.8370541 0.4138236 0.831665 0.4137177 0.8342429 0.4065994 0.8339664 0.4136044 0.8373534 0.4134376 0.8413492 0.4063271 0.8410185 0.4064902 0.8370541 0.4063271 0.8410185 0.399277 0.8406972 0.4207698 0.8376587 0.4206037 0.8416818 0.4134376 0.8413492 0.4207698 0.8376587 0.4279783 0.8379598 0.4278181 0.8420051 0.420884 0.8345293 0.4280897 0.8348145 0.4279783 0.8379598 0.4137177 0.8342429 0.420884 0.8345293 0.4207698 0.8376587 0.4281965 0.8322106 0.4280897 0.8348145 0.420884 0.8345293 0.4209919 0.8319374 0.420884 0.8345293 0.4137177 0.8342429 0.4282163 0.8316959 0.4281965 0.8322106 0.4209919 0.8319374 0.4210117 0.8314249 0.4209919 0.8319374 0.4138236 0.831665 0.4138429 0.8311554 0.4138236 0.831665 0.4067006 0.8314066 0.4210312 0.8309097 0.4210117 0.8314249 0.4138429 0.8311554 0.4138619 0.8306429 0.4138429 0.8311554 0.406719 0.8309003 0.3996438 0.8306635 0.406719 0.8309003 0.4067006 0.8314066 0.406737 0.8303913 0.406719 0.8309003 0.3996438 0.8306635 0.3996438 0.8306635 0.3996273 0.8311659 0.3926158 0.8309519 0.3926448 0.8299537 0.39966 0.8301584 0.3996438 0.8306635 0.3929064 0.8196557 0.3999682 0.8197294 0.39966 0.8301584 0.3999682 0.8197294 0.4070902 0.8199301 0.406737 0.8303913 0.3929677 0.8159841 0.4000596 0.8159692 0.3999682 0.8197294 0.4071952 0.8162101 0.4070902 0.8199301 0.3999682 0.8197294 0.4070902 0.8199301 0.414245 0.8200722 0.4138619 0.8306429 0.4071952 0.8162101 0.4143722 0.8162688 0.414245 0.8200722 0.4071952 0.8162101 0.4073867 0.8058648 0.4145965 0.8059952 0.4071952 0.8162101 0.4000596 0.8159692 0.4001856 0.8057194 0.4147904 0.7970377 0.4145965 0.8059952 0.4073867 0.8058648 0.4002904 0.7967953 0.4075377 0.7968436 0.4073867 0.8058648 0.4002904 0.7967953 0.4001856 0.8057194 0.3929933 0.8056592 0.3929677 0.8159841 0.3929933 0.8056592 0.4001856 0.8057194 0.4075377 0.7968436 0.4002904 0.7967953 0.4003675 0.7898876 0.4002904 0.7967953 0.3930223 0.7967113 0.3930564 0.7898161 0.4003675 0.7898876 0.3930564 0.7898161 0.3930808 0.7837077 0.4076606 0.7899804 0.4003675 0.7898876 0.4004294 0.7838041 0.4147904 0.7970377 0.4075377 0.7968436 0.4076606 0.7899804 0.4149254 0.7900997 0.4076606 0.7899804 0.4077467 0.7839256 0.4150434 0.7840781 0.4077467 0.7839256 0.4101079 0.7149093 0.4101079 0.7149093 0.4077467 0.7839256 0.4004294 0.7838041 0.4173054 0.7126303 0.417208 0.7151994 0.4101079 0.7149093 0.4101079 0.7149093 0.4030121 0.7145508 0.4031621 0.7119873 0.4173054 0.7126303 0.4102277 0.7123452 0.4103869 0.7083176 0.4031621 0.7119873 0.4033728 0.7079678 0.4103869 0.7083176 0.3960935 0.7115327 0.3963713 0.7075155 0.4033728 0.7079678 0.4030121 0.7145508 0.3959032 0.7141013 0.3960935 0.7115327 0.3890027 0.7109472 0.3893678 0.7069198 0.3963713 0.7075155 0.3963713 0.7075155 0.39668 0.7033056 0.4036082 0.7037386 0.3893678 0.7069198 0.3897731 0.7027155 0.39668 0.7033056 0.3893678 0.7069198 0.3823527 0.7061376 0.3828985 0.7019283 0.3818668 0.710192 0.3823527 0.7061376 0.3893678 0.7069198 0.3970285 0.6988548 0.39668 0.7033056 0.3897731 0.7027155 0.390226 0.6982884 0.3897731 0.7027155 0.3828985 0.7019283 0.3752845 0.7051016 0.3760188 0.7008723 0.3828985 0.7019283 0.3835152 0.6975238 0.3828985 0.7019283 0.3760188 0.7008723 0.3841139 0.6929835 0.3835152 0.6975238 0.3768432 0.6965047 0.3835152 0.6975238 0.3841139 0.6929835 0.3906775 0.6936213 0.3778339 0.6912193 0.3842097 0.6922394 0.3841139 0.6929835 0.3907397 0.6928617 0.3906775 0.6936213 0.3841139 0.6929835 0.390226 0.6982884 0.3906775 0.6936213 0.3973625 0.6940665 0.397415 0.6932958 0.3973625 0.6940665 0.3906775 0.6936213 0.220909 0.9091063 0.2212331 0.9096945 0.2160408 0.9119253 0.220909 0.9091063 0.2254676 0.905979 0.2259005 0.906493 0.220909 0.9091063 0.2188705 0.9054003 0.2227385 0.9027334 0.2145587 0.9072614 0.2188705 0.9054003 0.220909 0.9091063 0.2158371 0.9112864 0.2160408 0.9119253 0.210524 0.9131078 0.2099692 0.9082515 0.2145587 0.9072614 0.2158371 0.9112864 0.194392 0.9096744 0.1962188 0.9058529 0.2006409 0.9075303 0.1889795 0.9061319 0.1917365 0.9029132 0.1956329 0.9056286 0.1889795 0.9061319 0.1934908 0.9093227 0.1931545 0.9099037 0.1995298 0.911598 0.1993548 0.9122416 0.1941028 0.9102741 0.5785343 0.6853806 0.5789322 0.6860798 0.5725054 0.6889391 0.3656342 0.6880528 0.3653699 0.6887257 0.359665 0.6859995 0.5741978 0.6936855 0.5725054 0.6889391 0.5789322 0.6860798 0.3572318 0.6900916 0.359665 0.6859995 0.3653699 0.6887257 0.5814692 0.6907521 0.5838304 0.6958249 0.5757321 0.6985501 0.3548221 0.6944963 0.3572318 0.6900916 0.3636848 0.6930224 0.5770223 0.7033809 0.5757321 0.6985501 0.5838304 0.6958249 0.3527166 0.6992387 0.3548221 0.6944963 0.3620827 0.6974042 0.3511882 0.7041956 0.3527166 0.6992387 0.3606886 0.7018319 0.3606886 0.7018319 0.3620827 0.6974042 0.3690998 0.6994179 0.3595378 0.7062684 0.3606886 0.7018319 0.3681009 0.7037111 0.3667197 0.7106686 0.3588875 0.7091496 0.3595378 0.7062684 0.3672384 0.7079294 0.3681009 0.7037111 0.3752845 0.7051016 0.3752845 0.7051016 0.3681009 0.7037111 0.3690998 0.6994179 0.3746376 0.7092108 0.3752845 0.7051016 0.3823527 0.7061376 0.3702322 0.6950501 0.3690998 0.6994179 0.3620827 0.6974042 0.3702322 0.6950501 0.3768432 0.6965047 0.3760188 0.7008723 0.3768432 0.6965047 0.3702322 0.6950501 0.3714231 0.6906208 0.3636848 0.6930224 0.3653699 0.6887257 0.3714231 0.6906208 0.3716071 0.6899152 0.3778339 0.6912193 0.377699 0.6919451 0.3716071 0.6899152 0.3714231 0.6906208 0.3653699 0.6887257 0.1995298 0.911598 0.204944 0.9125419 0.2048925 0.9132082 0.2104474 0.9124426 0.210524 0.9131078 0.2048925 0.9132082 0.2006409 0.9075303 0.2052741 0.9083398 0.204944 0.9125419 0.2052741 0.9083398 0.2099692 0.9082515 0.2104474 0.9124426 0.5690579 0.7050299 0.5681141 0.7004304 0.5757321 0.6985501 0.5741978 0.6936855 0.5757321 0.6985501 0.5681141 0.7004304 0.5670448 0.6957044 0.5681141 0.7004304 0.5607178 0.7017869 0.5614173 0.7062739 0.5607178 0.7017869 0.5681141 0.7004304 0.5599524 0.6971179 0.5607178 0.7017869 0.5534458 0.7027779 0.5614173 0.7062739 0.553961 0.7072068 0.5534458 0.7027779 0.5466107 0.7079055 0.5462324 0.7035145 0.5534458 0.7027779 0.5529047 0.6981225 0.5534458 0.7027779 0.5462324 0.7035145 0.5529047 0.6981225 0.5458492 0.6988849 0.5454158 0.6939411 0.5599524 0.6971179 0.5529047 0.6981225 0.5523187 0.6933256 0.5453504 0.6931477 0.5522257 0.6925393 0.5523187 0.6933256 0.5522257 0.6925393 0.5589826 0.6915168 0.5591224 0.6922919 0.5656647 0.6900932 0.5658557 0.6908584 0.5591224 0.6922919 0.5599524 0.6971179 0.5591224 0.6922919 0.5658557 0.6908584 0.1800381 0.892381 0.1821091 0.8975231 0.1815118 0.8978344 0.1851355 0.9021617 0.18461 0.9025809 0.1815118 0.8978344 0.1821091 0.8975231 0.185882 0.8955582 0.1884497 0.8995158 0.1841104 0.89119 0.185882 0.8955582 0.1821091 0.8975231 0.1790033 0.8869403 0.1800381 0.892381 0.1793919 0.8925707 0.1790033 0.8869403 0.1832245 0.8865639 0.1841104 0.89119 0.1790033 0.8869403 0.1783331 0.887001 0.1783749 0.8813358 0.1790438 0.8814064 0.1832549 0.8818564 0.1832245 0.8865639 0.1801568 0.8759887 0.1790438 0.8814064 0.1783749 0.8813358 0.1841982 0.8772465 0.1832549 0.8818564 0.1790438 0.8814064 0.1822985 0.8708923 0.1801568 0.8759887 0.1795146 0.8757898 0.1822985 0.8708923 0.1860175 0.8729088 0.1841982 0.8772465 0.1822985 0.8708923 0.1817075 0.8705729 0.1848685 0.8658832 0.188642 0.8690067 0.1860175 0.8729088 0.1822985 0.8708923 0.1893013 0.8624171 0.185386 0.8663108 0.1848685 0.8658832 0.1893013 0.8624171 0.1919702 0.8656861 0.188642 0.8690067 0.1893013 0.8624171 0.188876 0.8618972 0.193584 0.8587538 0.1939005 0.8593472 0.1958938 0.8630945 0.1919702 0.8656861 0.2002392 0.8612921 0.1958938 0.8630945 0.1939005 0.8593472 0.1990176 0.8572355 0.1939005 0.8593472 0.193584 0.8587538 0.2044437 0.8561599 0.1990176 0.8572355 0.1988229 0.8565915 0.2044437 0.8561599 0.2048513 0.8603727 0.2002392 0.8612921 0.2099713 0.8561595 0.2044437 0.8561599 0.204378 0.8554909 0.2095525 0.8603686 0.2048513 0.8603727 0.2044437 0.8561599 0.2153906 0.8572321 0.2099713 0.8561595 0.2100368 0.8554909 0.2153906 0.8572321 0.2141633 0.8612775 0.2095525 0.8603686 0.2153906 0.8572321 0.2155845 0.8565893 0.2208104 0.8587424 0.2185085 0.8630633 0.2141633 0.8612775 0.2153906 0.8572321 0.2250928 0.8623858 0.2204957 0.8593349 0.2208104 0.8587424 0.2224242 0.8656563 0.2185085 0.8630633 0.2204957 0.8593349 0.2290086 0.8662674 0.2250928 0.8623858 0.2255161 0.8618658 0.2290086 0.8662674 0.2257644 0.8689559 0.2224242 0.8656563 0.2321062 0.8708358 0.2290086 0.8662674 0.2295247 0.8658391 0.2321062 0.8708358 0.2283821 0.8728541 0.2257644 0.8689559 0.2342518 0.875925 0.2302169 0.8771778 0.2283821 0.8728541 0.2342518 0.875925 0.2321062 0.8708358 0.232696 0.8705155 0.2353678 0.8813269 0.2342518 0.875925 0.2348926 0.8757257 0.2311779 0.8817737 0.2302169 0.8771778 0.2342518 0.875925 0.2354218 0.8868446 0.2312053 0.886469 0.2311779 0.8817737 0.2354218 0.8868446 0.2353678 0.8813269 0.2360348 0.8812554 0.4390435 0.6944953 0.439024 0.6953087 0.431944 0.6950594 0.4248906 0.6941702 0.4319642 0.6942476 0.431944 0.6950594 0.2343955 0.8922685 0.2354218 0.8868446 0.2360901 0.886904 0.417889 0.6940838 0.4248906 0.6941702 0.4248796 0.6949786 0.4318323 0.7000827 0.424748 0.6999229 0.4248796 0.6949786 0.4177231 0.6997616 0.417875 0.6948829 0.4248796 0.6949786 0.417889 0.6940838 0.417875 0.6948829 0.4109567 0.6947442 0.4107646 0.6995512 0.4109567 0.6947442 0.417875 0.6948829 0.4107646 0.6995512 0.4177231 0.6997616 0.4175638 0.7043212 0.4177231 0.6997616 0.424748 0.6999229 0.4246109 0.704517 0.4245001 0.7088081 0.4174277 0.7085895 0.4175638 0.7043212 0.4103869 0.7083176 0.410563 0.7040724 0.4175638 0.7043212 0.4107646 0.6995512 0.410563 0.7040724 0.4036082 0.7037386 0.4033728 0.7079678 0.4036082 0.7037386 0.410563 0.7040724 0.403883 0.699238 0.4036082 0.7037386 0.39668 0.7033056 0.403883 0.699238 0.4041236 0.6945312 0.4109567 0.6947442 0.4041236 0.6945312 0.403883 0.699238 0.3970285 0.6988548 0.4041628 0.6937506 0.4041236 0.6945312 0.3973625 0.6940665 0.4109774 0.6939556 0.4109567 0.6947442 0.4041236 0.6945312 0.2254676 0.905979 0.2293239 0.9020205 0.2298482 0.9024404 0.2293239 0.9020205 0.232342 0.8973943 0.2329377 0.8977041 0.2343955 0.8922685 0.2350398 0.8924567 0.2329377 0.8977041 0.232342 0.8973943 0.228584 0.8954395 0.230347 0.8910862 0.2260303 0.8993821 0.228584 0.8954395 0.232342 0.8973943 0.230347 0.8910862 0.2312053 0.886469 0.2354218 0.8868446 0.2254676 0.905979 0.2227385 0.9027334 0.2260303 0.8993821 0.4173054 0.7126303 0.4174277 0.7085895 0.4245001 0.7088081 0.4316015 0.708995 0.4245001 0.7088081 0.4246109 0.704517 0.4244027 0.7128633 0.4245001 0.7088081 0.4316015 0.708995 0.4315201 0.713059 0.4314514 0.7156392 0.4243215 0.7154387 0.4244027 0.7128633 0.4243215 0.7154387 0.417208 0.7151994 0.4223222 0.7842053 0.4150434 0.7840781 0.417208 0.7151994 0.4314514 0.7156392 0.429603 0.7843782 0.4223222 0.7842053 0.4385918 0.7158033 0.4314514 0.7156392 0.4315201 0.713059 0.4368856 0.7845486 0.429603 0.7843782 0.4314514 0.7156392 0.4457299 0.7159244 0.4385918 0.7158033 0.4386475 0.7132226 0.444168 0.7847169 0.4368856 0.7845486 0.4385918 0.7158033 0.452873 0.7160419 0.4457299 0.7159244 0.4457757 0.7133376 0.4514619 0.7848842 0.444168 0.7847169 0.4457299 0.7159244 0.444042 0.7907797 0.444168 0.7847169 0.4514619 0.7848842 0.444042 0.7907797 0.4367642 0.7906064 0.4368856 0.7845486 0.4511511 0.797849 0.4438684 0.7977101 0.444042 0.7907797 0.444042 0.7907797 0.4438684 0.7977101 0.4365933 0.7974948 0.4363362 0.8065202 0.4365933 0.7974948 0.4438684 0.7977101 0.45089 0.8069539 0.4436063 0.8067111 0.4438684 0.7977101 0.4505406 0.8174871 0.4432716 0.8171207 0.4436063 0.8067111 0.4436063 0.8067111 0.4432716 0.8171207 0.4359807 0.8169832 0.4359807 0.8169832 0.4432716 0.8171207 0.4431209 0.8209716 0.4505406 0.8174871 0.4503939 0.8212682 0.4431209 0.8209716 0.4431209 0.8209716 0.4503939 0.8212682 0.4500041 0.8319371 0.4358644 0.8207849 0.4431209 0.8209716 0.4427254 0.8316904 0.4287757 0.8168568 0.4359807 0.8169832 0.4358644 0.8207849 0.4286406 0.8206075 0.4358644 0.8207849 0.4354683 0.8314381 0.4282358 0.8311784 0.4354683 0.8314381 0.4354494 0.8319576 0.4354683 0.8314381 0.4427254 0.8316904 0.4427073 0.8322114 0.4214373 0.8203362 0.4286406 0.8206075 0.4282358 0.8311784 0.4210312 0.8309097 0.4282358 0.8311784 0.4282163 0.8316959 0.414245 0.8200722 0.4214373 0.8203362 0.4210312 0.8309097 0.4215956 0.8165605 0.4287757 0.8168568 0.4286406 0.8206075 0.4143722 0.8162688 0.4215956 0.8165605 0.4214373 0.8203362 0.4215956 0.8165605 0.4143722 0.8162688 0.4145965 0.8059952 0.4287757 0.8168568 0.4215956 0.8165605 0.4218138 0.8062106 0.4287757 0.8168568 0.4290643 0.806317 0.4363362 0.8065202 0.4218138 0.8062106 0.4220459 0.7970907 0.4293136 0.7972946 0.4365933 0.7974948 0.4363362 0.8065202 0.4290643 0.806317 0.4365933 0.7974948 0.4293136 0.7972946 0.4294818 0.7904363 0.4293136 0.7972946 0.4220459 0.7970907 0.4221929 0.7902893 0.4220459 0.7970907 0.4147904 0.7970377 0.4149254 0.7900997 0.4218138 0.8062106 0.4145965 0.8059952 0.4147904 0.7970377 0.4221929 0.7902893 0.4223222 0.7842053 0.429603 0.7843782 0.4221929 0.7902893 0.4149254 0.7900997 0.4150434 0.7840781 0.4367642 0.7906064 0.4294818 0.7904363 0.429603 0.7843782 0.4354494 0.8319576 0.4354301 0.8324744 0.4281965 0.8322106 0.4427073 0.8322114 0.4426888 0.8327299 0.4354301 0.8324744 0.4354301 0.8324744 0.4353266 0.8350893 0.4280897 0.8348145 0.4354301 0.8324744 0.4426888 0.8327299 0.4425892 0.8353533 0.4499685 0.8329786 0.4498725 0.835607 0.4425892 0.8353533 0.4499865 0.8324593 0.4499685 0.8329786 0.4426888 0.8327299 0.4572769 0.8326935 0.4572598 0.8332138 0.4499685 0.8329786 0.4572598 0.8332138 0.4571676 0.8358463 0.4498725 0.835607 0.4572939 0.8321706 0.4572769 0.8326935 0.4499865 0.8324593 0.4427254 0.8316904 0.4500041 0.8319371 0.4499865 0.8324593 0.4503939 0.8212682 0.4576661 0.8214658 0.4572939 0.8321706 0.4576661 0.8214658 0.4649605 0.8216506 0.4645947 0.8323947 0.4572939 0.8321706 0.4645947 0.8323947 0.4645782 0.8329185 0.4719062 0.8326166 0.4718896 0.8331412 0.4645782 0.8329185 0.4649605 0.8216506 0.4722768 0.8218308 0.4719062 0.8326166 0.4718896 0.8331412 0.4718727 0.8336628 0.4645614 0.8334394 0.4645782 0.8329185 0.4645614 0.8334394 0.4572598 0.8332138 0.4645614 0.8334394 0.4718727 0.8336628 0.4717822 0.8363042 0.4572598 0.8332138 0.4645614 0.8334394 0.4644709 0.8360759 0.4644709 0.8360759 0.4717822 0.8363042 0.4716951 0.8394941 0.4644709 0.8360759 0.464384 0.8392584 0.4570785 0.8390258 0.4716951 0.8394941 0.4715636 0.8435765 0.4642642 0.8433457 0.464384 0.8392584 0.4642642 0.8433457 0.456955 0.8431141 0.449778 0.8387822 0.4570785 0.8390258 0.456955 0.8431141 0.4424887 0.8385223 0.449778 0.8387822 0.4496456 0.8428668 0.4498725 0.835607 0.4571676 0.8358463 0.4570785 0.8390258 0.4498725 0.835607 0.449778 0.8387822 0.4424887 0.8385223 0.4425892 0.8353533 0.4424887 0.8385223 0.4352202 0.838248 0.4424887 0.8385223 0.4423466 0.8425986 0.4350686 0.8423111 0.4280897 0.8348145 0.4353266 0.8350893 0.4352202 0.838248 0.4279783 0.8379598 0.4352202 0.838248 0.4350686 0.8423111 0.4716951 0.8394941 0.4790111 0.8397151 0.4788769 0.8438235 0.4863308 0.8399614 0.4862049 0.8440622 0.4788769 0.8438235 0.4790994 0.8365293 0.4864233 0.8367706 0.4863308 0.8399614 0.4717822 0.8363042 0.4790994 0.8365293 0.4790111 0.8397151 0.4791918 0.8338877 0.486519 0.8341267 0.4864233 0.8367706 0.4718727 0.8336628 0.4791918 0.8338877 0.4790994 0.8365293 0.479209 0.8333654 0.4865371 0.8336042 0.486519 0.8341267 0.4718896 0.8331412 0.479209 0.8333654 0.4791918 0.8338877 0.4719062 0.8326166 0.4792259 0.8328404 0.479209 0.8333654 0.4792259 0.8328404 0.4865549 0.8330787 0.4865371 0.8336042 0.4938654 0.8338491 0.493847 0.8343718 0.486519 0.8341267 0.4865549 0.8330787 0.4938836 0.8333235 0.4938654 0.8338491 0.4942927 0.8224956 0.4938836 0.8333235 0.4865549 0.8330787 0.4796093 0.8220155 0.4869521 0.8222999 0.4865549 0.8330787 0.4944462 0.8186079 0.4942927 0.8224956 0.4869521 0.8222999 0.4870951 0.8184798 0.4869521 0.8222999 0.4796093 0.8220155 0.4722768 0.8218308 0.4796093 0.8220155 0.4792259 0.8328404 0.4797581 0.8181303 0.4796093 0.8220155 0.4722768 0.8218308 0.4650797 0.8178194 0.4723951 0.8179863 0.4722768 0.8218308 0.4723951 0.8179863 0.472795 0.8075246 0.4800938 0.8077282 0.4723951 0.8179863 0.4650797 0.8178194 0.4654892 0.8073293 0.472795 0.8075246 0.4730613 0.7984538 0.4803763 0.7986091 0.465758 0.798238 0.4730613 0.7984538 0.472795 0.8075246 0.465758 0.798238 0.4654892 0.8073293 0.4581893 0.8071371 0.4577888 0.817649 0.4581893 0.8071371 0.4654892 0.8073293 0.458457 0.7980194 0.4581893 0.8071371 0.45089 0.8069539 0.4577888 0.817649 0.4505406 0.8174871 0.45089 0.8069539 0.4505406 0.8174871 0.4577888 0.817649 0.4576661 0.8214658 0.4577888 0.817649 0.4650797 0.8178194 0.4649605 0.8216506 0.465758 0.798238 0.458457 0.7980194 0.4586293 0.7911652 0.4586293 0.7911652 0.458457 0.7980194 0.4511511 0.797849 0.4513323 0.7909293 0.4514619 0.7848842 0.4587656 0.7850805 0.4586293 0.7911652 0.4587656 0.7850805 0.4660632 0.7852598 0.4730613 0.7984538 0.465758 0.798238 0.4659343 0.7913289 0.4659343 0.7913289 0.4660632 0.7852598 0.4733703 0.785444 0.4743666 0.7162615 0.4733703 0.785444 0.4660632 0.7852598 0.4660632 0.7852598 0.4587656 0.7850805 0.460025 0.7161379 0.4743829 0.7136597 0.4743666 0.7162615 0.4671877 0.7162111 0.4672124 0.7136157 0.4671877 0.7162111 0.460025 0.7161379 0.4743829 0.7136597 0.4672124 0.7136157 0.4672225 0.7095246 0.4600586 0.7135473 0.4600844 0.7094633 0.4672225 0.7095246 0.4600586 0.7135473 0.4529148 0.7134546 0.452955 0.7093768 0.460025 0.7161379 0.452873 0.7160419 0.4529148 0.7134546 0.4529148 0.7134546 0.4457757 0.7133376 0.4458244 0.7092471 0.4600844 0.7094633 0.452955 0.7093768 0.4530141 0.7050682 0.452955 0.7093768 0.4458244 0.7092471 0.4458938 0.7049753 0.4458244 0.7092471 0.438708 0.7091637 0.438793 0.704805 0.4386475 0.7132226 0.438708 0.7091637 0.4458244 0.7092471 0.4531082 0.7004495 0.4530141 0.7050682 0.4458938 0.7049753 0.4459969 0.7003396 0.4458938 0.7049753 0.438793 0.704805 0.438708 0.7091637 0.4316015 0.708995 0.4316996 0.7046854 0.4389194 0.7001873 0.438793 0.704805 0.4316996 0.7046854 0.4389194 0.7001873 0.4318323 0.7000827 0.431944 0.6950594 0.4459969 0.7003396 0.4389194 0.7001873 0.439024 0.6953087 0.4390435 0.6944953 0.4461062 0.6945618 0.4460985 0.695375 0.4459969 0.7003396 0.4460985 0.695375 0.4531841 0.6954151 0.4531991 0.6946019 0.4531841 0.6954151 0.4460985 0.695375 0.4602093 0.7004962 0.4531082 0.7004495 0.4531841 0.6954151 0.4602826 0.6947968 0.4602702 0.6956103 0.4531841 0.6954151 0.4531082 0.7004495 0.4602093 0.7004962 0.4601279 0.7051383 0.4672949 0.7005579 0.4602093 0.7004962 0.4602702 0.6956103 0.4602093 0.7004962 0.4672949 0.7005579 0.4672459 0.7051936 0.4600844 0.7094633 0.4601279 0.7051383 0.4672459 0.7051936 0.4672949 0.7005579 0.4744167 0.700562 0.474386 0.7052155 0.4743787 0.7095587 0.4672225 0.7095246 0.4672459 0.7051936 0.4815735 0.7005435 0.4815524 0.7052146 0.474386 0.7052155 0.4743787 0.7095587 0.474386 0.7052155 0.4815524 0.7052146 0.4672949 0.7005579 0.4673437 0.6956071 0.4744464 0.6955698 0.4744167 0.700562 0.4744464 0.6955698 0.4815919 0.6955099 0.4887666 0.7005354 0.488745 0.7052038 0.4815524 0.7052146 0.4887666 0.7005354 0.4815735 0.7005435 0.4815919 0.6955099 0.4815858 0.6946873 0.4887665 0.6946173 0.4887635 0.6954404 0.4744419 0.6947518 0.4815858 0.6946873 0.4815919 0.6955099 0.495932 0.694711 0.4959314 0.6955333 0.4887635 0.6954404 0.495943 0.7004742 0.4887666 0.7005354 0.4887635 0.6954404 0.5030621 0.6946035 0.5030749 0.6954241 0.4959314 0.6955333 0.495943 0.7004742 0.4959314 0.6955333 0.5030749 0.6954241 0.5030991 0.7004353 0.5030749 0.6954241 0.5102228 0.6952816 0.5102162 0.6944619 0.5102228 0.6952816 0.5030749 0.6954241 0.5102853 0.7003599 0.5103206 0.7050257 0.5031186 0.7051111 0.495943 0.7004742 0.5030991 0.7004353 0.5031186 0.7051111 0.5031648 0.7094801 0.5031186 0.7051111 0.5103206 0.7050257 0.4959563 0.7095341 0.4959319 0.7051643 0.5031186 0.7051111 0.4887546 0.7095645 0.488745 0.7052038 0.4959319 0.7051643 0.4887666 0.7005354 0.495943 0.7004742 0.4959319 0.7051643 0.4815565 0.7095701 0.4815524 0.7052146 0.488745 0.7052038 0.4887799 0.7136827 0.4887546 0.7095645 0.4959563 0.7095341 0.4815725 0.7136815 0.4815565 0.7095701 0.4887546 0.7095645 0.4743829 0.7136597 0.4743787 0.7095587 0.4815565 0.7095701 0.4887799 0.7136827 0.4887788 0.7162955 0.4815638 0.7162895 0.4815725 0.7136815 0.4815638 0.7162895 0.4743666 0.7162615 0.4815638 0.7162895 0.4806768 0.7855875 0.4733703 0.785444 0.4887788 0.7162955 0.4879977 0.7857568 0.4806768 0.7855875 0.4960048 0.7162763 0.4887788 0.7162955 0.4887799 0.7136827 0.4953461 0.7859117 0.4879977 0.7857568 0.4887788 0.7162955 0.5032433 0.7162308 0.4960048 0.7162763 0.4959964 0.7136591 0.5032433 0.7162308 0.5027231 0.7860903 0.4953461 0.7859117 0.5104982 0.7161518 0.5032433 0.7162308 0.5032238 0.7136093 0.5104982 0.7161518 0.5101234 0.7862509 0.5027231 0.7860903 0.5025871 0.7922518 0.5027231 0.7860903 0.5101234 0.7862509 0.4952216 0.7920163 0.4953461 0.7859117 0.5027231 0.7860903 0.5097866 0.7993812 0.5023967 0.7992054 0.5025871 0.7922518 0.5025871 0.7922518 0.5023967 0.7992054 0.4950361 0.7990038 0.4947637 0.808206 0.4950361 0.7990038 0.5023967 0.7992054 0.5094898 0.8086221 0.5021057 0.8083274 0.5023967 0.7992054 0.5091286 0.8192867 0.5018197 0.818943 0.5021057 0.8083274 0.5021057 0.8083274 0.5018197 0.818943 0.4944462 0.8186079 0.5018197 0.818943 0.5016405 0.8227945 0.4942927 0.8224956 0.5018197 0.818943 0.5091286 0.8192867 0.5089758 0.8230994 0.5089758 0.8230994 0.5085452 0.8338391 0.5012147 0.8335784 0.5016405 0.8227945 0.5012147 0.8335784 0.4938836 0.8333235 0.5012147 0.8335784 0.5085452 0.8338391 0.5085258 0.8343644 0.4938836 0.8333235 0.5012147 0.8335784 0.5011959 0.8341038 0.5011959 0.8341038 0.5011769 0.8346264 0.493847 0.8343718 0.5085258 0.8343644 0.5085061 0.8348869 0.5011769 0.8346264 0.493847 0.8343718 0.5011769 0.8346264 0.5010765 0.83727 0.5011769 0.8346264 0.5085061 0.8348869 0.5084027 0.8375294 0.486519 0.8341267 0.493847 0.8343718 0.4937491 0.8370163 0.4937491 0.8370163 0.5010765 0.83727 0.5009792 0.8404604 0.4864233 0.8367706 0.4937491 0.8370163 0.4936546 0.8402076 0.5009792 0.8404604 0.5008473 0.8445583 0.493526 0.8443067 0.4936546 0.8402076 0.493526 0.8443067 0.4862049 0.8440622 0.5009792 0.8404604 0.5083021 0.8407183 0.5081669 0.8448138 0.5083021 0.8407183 0.5156196 0.8409826 0.5154787 0.8450746 0.5157251 0.8377946 0.5156196 0.8409826 0.5083021 0.8407183 0.5084027 0.8375294 0.5083021 0.8407183 0.5009792 0.8404604 0.5158329 0.8351517 0.5157251 0.8377946 0.5084027 0.8375294 0.5230435 0.8380746 0.5229307 0.841261 0.5156196 0.8409826 0.5158329 0.8351517 0.5231576 0.8354322 0.5230435 0.8380746 0.5303567 0.8383772 0.5302357 0.8415597 0.5229307 0.841261 0.5231576 0.8354322 0.5304783 0.8357385 0.5303567 0.8383772 0.5229307 0.841261 0.5302357 0.8415597 0.5300754 0.8456445 0.5156196 0.8409826 0.5229307 0.841261 0.5227804 0.8453494 0.5375325 0.8418753 0.5373662 0.8459551 0.5300754 0.8456445 0.5448161 0.8421981 0.5446503 0.8462697 0.5373662 0.8459551 0.5376591 0.8386987 0.5449435 0.8390294 0.5448161 0.8421981 0.5376591 0.8386987 0.5375325 0.8418753 0.5302357 0.8415597 0.5377862 0.8360662 0.5450726 0.8364056 0.5449435 0.8390294 0.5304783 0.8357385 0.5377862 0.8360662 0.5376591 0.8386987 0.5378108 0.835546 0.5450977 0.8358874 0.5450726 0.8364056 0.5378108 0.835546 0.5377862 0.8360662 0.5304783 0.8357385 0.5305016 0.8352168 0.5304783 0.8357385 0.5231576 0.8354322 0.5378351 0.8350227 0.5378108 0.835546 0.5305016 0.8352168 0.5305247 0.8346923 0.5305016 0.8352168 0.5231792 0.83491 0.5158532 0.8346293 0.5231792 0.83491 0.5231576 0.8354322 0.5232008 0.8343846 0.5231792 0.83491 0.5158532 0.8346293 0.5158532 0.8346293 0.5158329 0.8351517 0.5085061 0.8348869 0.5085452 0.8338391 0.5158735 0.834104 0.5158532 0.8346293 0.5163185 0.8233054 0.5158735 0.834104 0.5085452 0.8338391 0.5236847 0.823522 0.5232008 0.8343846 0.5158735 0.834104 0.5164535 0.8194475 0.5163185 0.8233054 0.5089758 0.8230994 0.5238612 0.8196126 0.5236847 0.823522 0.5163185 0.8233054 0.5310546 0.8238724 0.5305247 0.8346923 0.5232008 0.8343846 0.5312708 0.8200041 0.5310546 0.8238724 0.5236847 0.823522 0.5238612 0.8196126 0.5242608 0.8091444 0.5316601 0.809378 0.5164535 0.8194475 0.5168833 0.808868 0.5242608 0.8091444 0.5320783 0.8001949 0.5316601 0.809378 0.5242608 0.8091444 0.5246337 0.7998839 0.5242608 0.8091444 0.5168833 0.808868 0.5172047 0.7996606 0.5168833 0.808868 0.5094898 0.8086221 0.5091286 0.8192867 0.5094898 0.8086221 0.5168833 0.808868 0.5248657 0.7928714 0.5246337 0.7998839 0.5172047 0.7996606 0.5174172 0.7925955 0.5172047 0.7996606 0.5097866 0.7993812 0.5099933 0.79241 0.5101234 0.7862509 0.5175639 0.7864264 0.5174172 0.7925955 0.5175639 0.7864264 0.525036 0.7866418 0.5323433 0.7930945 0.5320783 0.8001949 0.5246337 0.7998839 0.5248657 0.7928714 0.525036 0.7866418 0.5325378 0.7868574 0.532373 0.7155991 0.5325378 0.7868574 0.525036 0.7866418 0.5250571 0.7158502 0.525036 0.7866418 0.5175639 0.7864264 0.532373 0.7155991 0.5250571 0.7158502 0.5249825 0.7132124 0.5249825 0.7132124 0.5250571 0.7158502 0.5177676 0.7160283 0.5322672 0.7129503 0.5249825 0.7132124 0.524835 0.7090708 0.5249825 0.7132124 0.5177163 0.7133971 0.5176071 0.709259 0.5177163 0.7133971 0.5104652 0.713526 0.5103859 0.7093933 0.5177676 0.7160283 0.5104982 0.7161518 0.5104652 0.713526 0.5104652 0.713526 0.5032238 0.7136093 0.5031648 0.7094801 0.5176071 0.709259 0.5103859 0.7093933 0.5103206 0.7050257 0.524835 0.7090708 0.5176071 0.709259 0.5175104 0.7048871 0.5102853 0.7003599 0.5174477 0.7002072 0.5175104 0.7048871 0.5174477 0.7002072 0.5245844 0.7000638 0.5246966 0.7047067 0.5245844 0.7000638 0.5316887 0.6997734 0.5318663 0.7044273 0.524835 0.7090708 0.5246966 0.7047067 0.5318663 0.7044273 0.5316887 0.6997734 0.5245844 0.7000638 0.5244434 0.6950529 0.5245844 0.7000638 0.5174477 0.7002072 0.5173606 0.6952764 0.5314589 0.6941065 0.5314888 0.694912 0.5244434 0.6950529 0.5244246 0.694243 0.5244434 0.6950529 0.5173606 0.6952764 0.5102162 0.6944619 0.5173493 0.6944591 0.5173606 0.6952764 0.5174477 0.7002072 0.5102853 0.7003599 0.5102228 0.6952816 0.5384176 0.6937024 0.5384714 0.6945013 0.5314888 0.694912 0.5316887 0.6997734 0.5314888 0.694912 0.5384714 0.6945013 0.5453504 0.6931477 0.5454158 0.6939411 0.5384714 0.6945013 0.5387617 0.6994095 0.5384714 0.6945013 0.5454158 0.6939411 0.5458492 0.6988849 0.5462324 0.7035145 0.5390368 0.7040452 0.5387617 0.6994095 0.5390368 0.7040452 0.5318663 0.7044273 0.5320659 0.7087975 0.5318663 0.7044273 0.5390368 0.7040452 0.539317 0.7084203 0.5390368 0.7040452 0.5462324 0.7035145 0.5322672 0.7129503 0.5320659 0.7087975 0.539317 0.7084203 0.5395875 0.712591 0.539317 0.7084203 0.5466107 0.7079055 0.547161 0.7148004 0.5397323 0.7152578 0.5395875 0.712591 0.5397323 0.7152578 0.532373 0.7155991 0.5322672 0.7129503 0.5397323 0.7152578 0.5401101 0.7870391 0.5325378 0.7868574 0.5477708 0.7872642 0.5401101 0.7870391 0.5397323 0.7152578 0.5544327 0.7114596 0.5546899 0.7141956 0.547161 0.7148004 0.555539 0.7876168 0.5477708 0.7872642 0.547161 0.7148004 0.5620369 0.7106087 0.5623723 0.7134093 0.5546899 0.7141956 0.5634273 0.788021 0.555539 0.7876168 0.5546899 0.7141956 0.5698614 0.7095029 0.5702894 0.7124035 0.5623723 0.7134093 0.5715157 0.7885529 0.5634273 0.788021 0.5623723 0.7134093 0.5629963 0.7945737 0.5634273 0.788021 0.5715157 0.7885529 0.5629963 0.7945737 0.555204 0.7940918 0.555539 0.7876168 0.5700941 0.8027526 0.5623715 0.80195 0.5629963 0.7945737 0.5629963 0.7945737 0.5623715 0.80195 0.554722 0.8013165 0.5539869 0.8106742 0.554722 0.8013165 0.5623715 0.80195 0.5700941 0.8027526 0.5688261 0.8120528 0.5614395 0.8112323 0.5675739 0.8222535 0.5604651 0.8217501 0.5614395 0.8112323 0.5604651 0.8217501 0.5532444 0.8211687 0.5539869 0.8106742 0.5604651 0.8217501 0.5601791 0.825482 0.5529842 0.8250085 0.5604651 0.8217501 0.5675739 0.8222535 0.5672255 0.8259351 0.5672255 0.8259351 0.5666393 0.836286 0.5595595 0.8360306 0.5601791 0.825482 0.5595595 0.8360306 0.5523715 0.8357095 0.5532444 0.8211687 0.5529842 0.8250085 0.5457111 0.8246604 0.5529842 0.8250085 0.5523715 0.8357095 0.5451229 0.8353663 0.5523715 0.8357095 0.5523476 0.8362272 0.5450977 0.8358874 0.5523715 0.8357095 0.5595595 0.8360306 0.5595387 0.8365424 0.5457111 0.8246604 0.5451229 0.8353663 0.5378351 0.8350227 0.5451229 0.8353663 0.5450977 0.8358874 0.5378108 0.835546 0.538398 0.8242591 0.5378351 0.8350227 0.5305247 0.8346923 0.5459331 0.8208565 0.5457111 0.8246604 0.538398 0.8242591 0.5386295 0.8204133 0.538398 0.8242591 0.5310546 0.8238724 0.5316601 0.809378 0.5390904 0.8098113 0.5386295 0.8204133 0.5386295 0.8204133 0.5390904 0.8098113 0.546548 0.8101553 0.546548 0.8101553 0.5539869 0.8106742 0.5532444 0.8211687 0.5390904 0.8098113 0.5395689 0.8004568 0.5471229 0.8008687 0.554722 0.8013165 0.5539869 0.8106742 0.546548 0.8101553 0.555204 0.7940918 0.554722 0.8013165 0.5471229 0.8008687 0.5471229 0.8008687 0.5395689 0.8004568 0.539883 0.7933406 0.5395689 0.8004568 0.5320783 0.8001949 0.5323433 0.7930945 0.5390904 0.8098113 0.5316601 0.809378 0.5320783 0.8001949 0.5475023 0.793642 0.539883 0.7933406 0.5401101 0.7870391 0.539883 0.7933406 0.5323433 0.7930945 0.5325378 0.7868574 0.555204 0.7940918 0.5475023 0.793642 0.5477708 0.7872642 0.5450977 0.8358874 0.5523476 0.8362272 0.5523235 0.8367424 0.5595387 0.8365424 0.5595182 0.8370518 0.5523235 0.8367424 0.5450726 0.8364056 0.5523235 0.8367424 0.5522011 0.8393549 0.5595182 0.8370518 0.5594162 0.839639 0.5522011 0.8393549 0.5666273 0.8367886 0.5666157 0.8372894 0.5595182 0.8370518 0.5595182 0.8370518 0.5666157 0.8372894 0.5665637 0.8398427 0.5594162 0.839639 0.5665637 0.8398427 0.5665394 0.8429561 0.5522011 0.8393549 0.5594162 0.839639 0.5593288 0.8427768 0.5665394 0.8429561 0.5665152 0.8470133 0.5592056 0.8468607 0.5520835 0.8425177 0.5593288 0.8427768 0.5592056 0.8468607 0.5520835 0.8425177 0.5519207 0.8465758 0.5446503 0.8462697 0.5737102 0.8429412 0.5738105 0.8469672 0.5665152 0.8470133 0.5449435 0.8390294 0.5522011 0.8393549 0.5520835 0.8425177 0.5736231 0.8398693 0.5737102 0.8429412 0.5665394 0.8429561 0.5666157 0.8372894 0.5735747 0.8373552 0.5736231 0.8398693 0.5666273 0.8367886 0.5735672 0.8368641 0.5735747 0.8373552 0.5595595 0.8360306 0.5666393 0.836286 0.5666273 0.8367886 0.5700941 0.8027526 0.5779446 0.8038104 0.5761728 0.8131953 0.5709221 0.7952759 0.5791303 0.7961754 0.5779446 0.8038104 0.5791303 0.7961754 0.5709221 0.7952759 0.5715157 0.7885529 0.5698614 0.7095029 0.5620369 0.7106087 0.5614173 0.7062739 0.5544327 0.7114596 0.553961 0.7072068 0.5614173 0.7062739 0.546967 0.7121065 0.5466107 0.7079055 0.553961 0.7072068 0.5175639 0.7864264 0.5101234 0.7862509 0.5104982 0.7161518 0.4870951 0.8184798 0.4874264 0.8078421 0.4947637 0.808206 0.4876991 0.7988379 0.4950361 0.7990038 0.4947637 0.808206 0.4870951 0.8184798 0.4797581 0.8181303 0.4800938 0.8077282 0.4874264 0.8078421 0.4800938 0.8077282 0.4803763 0.7986091 0.4950361 0.7990038 0.4876991 0.7988379 0.4878761 0.791871 0.4876991 0.7988379 0.4803763 0.7986091 0.4805434 0.7917187 0.4730613 0.7984538 0.4732298 0.7914887 0.4805434 0.7917187 0.4805434 0.7917187 0.4806768 0.7855875 0.4879977 0.7857568 0.4805434 0.7917187 0.4732298 0.7914887 0.4733703 0.785444 0.4952216 0.7920163 0.4878761 0.791871 0.4879977 0.7857568 0.4959964 0.7136591 0.4959563 0.7095341 0.5031648 0.7094801 0.4744419 0.6947518 0.4744464 0.6955698 0.4673437 0.6956071 0.4673426 0.6947937 0.4673437 0.6956071 0.4602702 0.6956103 0.4318323 0.7000827 0.4316996 0.7046854 0.4246109 0.704517 0.4315201 0.713059 0.4316015 0.708995 0.438708 0.7091637 0.4587656 0.7850805 0.4514619 0.7848842 0.452873 0.7160419 0.1889795 0.9061319 0.1885426 0.9066418 0.18461 0.9025809 0.1917365 0.9029132 0.1889795 0.9061319 0.1851355 0.9021617 0.5722324 0.6881909 0.5725054 0.6889391 0.5658557 0.6908584 0.5741978 0.6936855 0.5670448 0.6957044 0.5658557 0.6908584 0.4004294 0.7838041 0.3930808 0.7837077 0.3959032 0.7141013 0.3720668 0.8160718 0.3715751 0.8060858 0.378692 0.8058181 0.3784429 0.7968659 0.378692 0.8058181 0.3715751 0.8060858 0.3782926 0.7898757 0.3784429 0.7968659 0.3710843 0.7970731 0.578037 0.7081034 0.5868003 0.7064882 0.5856724 0.7011666 0.5698614 0.7095029 0.578037 0.7081034 0.5770223 0.7033809 0.578037 0.7081034 0.5698614 0.7095029 0.5702894 0.7124035 0.5873123 0.7098037 0.5868003 0.7064882 0.578037 0.7081034 0.5885629 0.7898643 0.5873123 0.7098037 0.5785542 0.7111632 0.5798316 0.7891429 0.5785542 0.7111632 0.5702894 0.7124035 0.3588875 0.7091496 0.3595378 0.7062684 0.3511882 0.7041956 0.3548104 0.7841629 0.3588875 0.7091496 0.3505247 0.7073743 0.5791303 0.7961754 0.5876827 0.7973302 0.5885629 0.7898643 0.3468889 0.7917628 0.3552719 0.7908997 0.3548104 0.7841629 0.5860652 0.8054693 0.5876827 0.7973302 0.5791303 0.7961754 0.3560795 0.7983281 0.3552719 0.7908997 0.3468889 0.7917628 0.348272 0.7996143 0.3505412 0.8086845 0.3574569 0.8073624 0.5860652 0.8054693 0.5779446 0.8038104 0.5761728 0.8131953 0.5833412 0.8148328 0.5761728 0.8131953 0.5743827 0.8230448 0.3588584 0.8167935 0.3574569 0.8073624 0.3505412 0.8086845 0.3588584 0.8167935 0.3527449 0.8174811 0.3531127 0.8205091 0.5807422 0.823934 0.5743827 0.8230448 0.5739912 0.8265141 0.5688261 0.8120528 0.5675739 0.8222535 0.5743827 0.8230448 0.5743827 0.8230448 0.5675739 0.8222535 0.5672255 0.8259351 0.5739912 0.8265141 0.5672255 0.8259351 0.5666393 0.836286 0.5803032 0.8271123 0.5739912 0.8265141 0.5735604 0.836373 0.5735604 0.836373 0.5666393 0.836286 0.5666273 0.8367886 0.5802373 0.8360847 0.5735604 0.836373 0.5735672 0.8368641 0.3591465 0.8292669 0.3531072 0.8288296 0.3530629 0.8292595 0.3590989 0.8200858 0.3531127 0.8205091 0.3531072 0.8288296 0.3591235 0.8297154 0.3530629 0.8292595 0.3530005 0.8296862 0.5802714 0.8365604 0.5735672 0.8368641 0.5735747 0.8373552 0.3590991 0.8301616 0.3530005 0.8296862 0.3526205 0.8318631 0.5735747 0.8373552 0.5736231 0.8398693 0.5806745 0.839514 0.5736231 0.8398693 0.5737102 0.8429412 0.5809279 0.842629 0.3589585 0.8324284 0.3526205 0.8318631 0.3522658 0.8346672 0.5737102 0.8429412 0.5738105 0.8469672 0.5810831 0.8466891 0.3522658 0.8346672 0.351957 0.8383662 0.3585464 0.8388922 0.3653066 0.8355666 0.358785 0.8352242 0.3585464 0.8388922 0.3653066 0.8355666 0.3651422 0.8392645 0.371805 0.8395564 0.3720142 0.8328976 0.3654068 0.8327125 0.3653066 0.8355666 0.3654068 0.8327125 0.3589585 0.8324284 0.358785 0.8352242 0.3720756 0.8304892 0.3654841 0.8303631 0.3654068 0.8327125 0.3654841 0.8303631 0.3590991 0.8301616 0.3589585 0.8324284 0.3654956 0.8299002 0.3654841 0.8303631 0.3720756 0.8304892 0.3591235 0.8297154 0.3590991 0.8301616 0.3654841 0.8303631 0.3591465 0.8292669 0.3591235 0.8297154 0.3654956 0.8299002 0.3655059 0.8294353 0.3654956 0.8299002 0.3720844 0.8300135 0.3720844 0.8300135 0.3720756 0.8304892 0.3788173 0.8306127 0.3788361 0.8296396 0.3720924 0.8295353 0.3720844 0.8300135 0.3789534 0.8194966 0.3721359 0.8196138 0.3720924 0.8295353 0.3721359 0.8196138 0.3654747 0.8197572 0.3655059 0.8294353 0.3720668 0.8160718 0.3721359 0.8196138 0.3789534 0.8194966 0.3653281 0.8162698 0.3654747 0.8197572 0.3721359 0.8196138 0.3654747 0.8197572 0.3590989 0.8200858 0.3591465 0.8292669 0.3588584 0.8167935 0.3590989 0.8200858 0.3654747 0.8197572 0.3588584 0.8167935 0.3653281 0.8162698 0.3645079 0.8065452 0.3720668 0.8160718 0.3715751 0.8060858 0.3645079 0.8065452 0.3715751 0.8060858 0.3710843 0.7970731 0.3636624 0.797566 0.3574569 0.8073624 0.3645079 0.8065452 0.3636624 0.797566 0.3560795 0.7983281 0.3636624 0.797566 0.3631239 0.7903972 0.3710843 0.7970731 0.3707941 0.7900498 0.3631239 0.7903972 0.3707941 0.7900498 0.3706042 0.7837262 0.3628464 0.7838783 0.3631239 0.7903972 0.3628464 0.7838783 0.3548104 0.7841629 0.3628464 0.7838783 0.3667197 0.7106686 0.3588875 0.7091496 0.3706042 0.7837262 0.3742353 0.7118674 0.3667197 0.7106686 0.3707941 0.7900498 0.3782926 0.7898757 0.378197 0.783654 0.3815553 0.7128007 0.3742353 0.7118674 0.3706042 0.7837262 0.3818668 0.710192 0.3746376 0.7092108 0.3742353 0.7118674 0.3742353 0.7118674 0.3746376 0.7092108 0.3672384 0.7079294 0.3890027 0.7109472 0.3818668 0.710192 0.3815553 0.7128007 0.3856769 0.7836513 0.3887603 0.7135294 0.3815553 0.7128007 0.3960935 0.7115327 0.3890027 0.7109472 0.3887603 0.7135294 0.3930808 0.7837077 0.3959032 0.7141013 0.3887603 0.7135294 0.3930564 0.7898161 0.3930808 0.7837077 0.3856769 0.7836513 0.3857037 0.7898001 0.3856769 0.7836513 0.378197 0.783654 0.3930223 0.7967113 0.3930564 0.7898161 0.3857037 0.7898001 0.3857404 0.7967022 0.3857037 0.7898001 0.3782926 0.7898757 0.3858237 0.8057475 0.3857404 0.7967022 0.3784429 0.7968659 0.3929933 0.8056592 0.3930223 0.7967113 0.3857404 0.7967022 0.3929677 0.8159841 0.3929933 0.8056592 0.3858237 0.8057475 0.3859501 0.8158748 0.3858237 0.8057475 0.378692 0.8058181 0.3789422 0.8158333 0.3789534 0.8194966 0.3858966 0.8195465 0.3859501 0.8158748 0.3858966 0.8195465 0.3929064 0.8196557 0.3929064 0.8196557 0.3858966 0.8195465 0.3856971 0.8297786 0.3858966 0.8195465 0.3789534 0.8194966 0.3788361 0.8296396 0.3856971 0.8297786 0.3856854 0.8302736 0.3926306 0.8304542 0.3788361 0.8296396 0.378827 0.8301275 0.3856854 0.8302736 0.378827 0.8301275 0.3788173 0.8306127 0.3856732 0.8307657 0.3926306 0.8304542 0.3856854 0.8302736 0.3856732 0.8307657 0.3856732 0.8307657 0.3788173 0.8306127 0.3787534 0.8330661 0.3926158 0.8309519 0.3856732 0.8307657 0.3855993 0.8332533 0.3788173 0.8306127 0.3720756 0.8304892 0.3720142 0.8328976 0.3787534 0.8330661 0.378679 0.8360248 0.385517 0.8362519 0.3720142 0.8328976 0.3719384 0.8358081 0.378679 0.8360248 0.385517 0.8362519 0.378679 0.8360248 0.3785504 0.8398249 0.3719384 0.8358081 0.371805 0.8395564 0.3785504 0.8398249 0.3924389 0.8364995 0.385517 0.8362519 0.3853813 0.8401 0.3994323 0.8367674 0.3924389 0.8364995 0.392293 0.8403906 0.3925313 0.8334672 0.3924389 0.8364995 0.3994323 0.8367674 0.3855993 0.8332533 0.385517 0.8362519 0.3924389 0.8364995 0.3926158 0.8309519 0.3925313 0.8334672 0.3995338 0.8337054 0.3995338 0.8337054 0.3994323 0.8367674 0.4064902 0.8370541 0.3996273 0.8311659 0.3995338 0.8337054 0.4065994 0.8339664 0.4137177 0.8342429 0.4065994 0.8339664 0.4064902 0.8370541 0.4138236 0.831665 0.4067006 0.8314066 0.4065994 0.8339664 0.4136044 0.8373534 0.4064902 0.8370541 0.4063271 0.8410185 0.4064902 0.8370541 0.3994323 0.8367674 0.399277 0.8406972 0.4207698 0.8376587 0.4136044 0.8373534 0.4134376 0.8413492 0.4207698 0.8376587 0.4206037 0.8416818 0.4278181 0.8420051 0.420884 0.8345293 0.4207698 0.8376587 0.4279783 0.8379598 0.4137177 0.8342429 0.4136044 0.8373534 0.4207698 0.8376587 0.4281965 0.8322106 0.4209919 0.8319374 0.420884 0.8345293 0.4209919 0.8319374 0.4138236 0.831665 0.4137177 0.8342429 0.4282163 0.8316959 0.4210117 0.8314249 0.4209919 0.8319374 0.4210117 0.8314249 0.4138429 0.8311554 0.4138236 0.831665 0.4138429 0.8311554 0.406719 0.8309003 0.4067006 0.8314066 0.4210312 0.8309097 0.4138619 0.8306429 0.4138429 0.8311554 0.4138619 0.8306429 0.406737 0.8303913 0.406719 0.8309003 0.3996438 0.8306635 0.3996273 0.8311659 0.4067006 0.8314066 0.406737 0.8303913 0.39966 0.8301584 0.3996438 0.8306635 0.3996438 0.8306635 0.3926306 0.8304542 0.3926158 0.8309519 0.3926448 0.8299537 0.3926306 0.8304542 0.3996438 0.8306635 0.3929064 0.8196557 0.3926448 0.8299537 0.39966 0.8301584 0.3999682 0.8197294 0.39966 0.8301584 0.406737 0.8303913 0.3929677 0.8159841 0.3929064 0.8196557 0.3999682 0.8197294 0.4071952 0.8162101 0.4000596 0.8159692 0.3999682 0.8197294 0.4070902 0.8199301 0.406737 0.8303913 0.4138619 0.8306429 0.4071952 0.8162101 0.4070902 0.8199301 0.414245 0.8200722 0.4071952 0.8162101 0.4143722 0.8162688 0.4145965 0.8059952 0.4071952 0.8162101 0.4073867 0.8058648 0.4001856 0.8057194 0.4147904 0.7970377 0.4075377 0.7968436 0.4073867 0.8058648 0.4002904 0.7967953 0.4001856 0.8057194 0.4073867 0.8058648 0.4002904 0.7967953 0.3930223 0.7967113 0.3929933 0.8056592 0.3929677 0.8159841 0.4000596 0.8159692 0.4001856 0.8057194 0.4075377 0.7968436 0.4076606 0.7899804 0.4003675 0.7898876 0.4002904 0.7967953 0.4003675 0.7898876 0.3930564 0.7898161 0.4003675 0.7898876 0.4004294 0.7838041 0.3930808 0.7837077 0.4076606 0.7899804 0.4077467 0.7839256 0.4004294 0.7838041 0.4147904 0.7970377 0.4149254 0.7900997 0.4076606 0.7899804 0.4149254 0.7900997 0.4150434 0.7840781 0.4077467 0.7839256 0.4150434 0.7840781 0.417208 0.7151994 0.4101079 0.7149093 0.4101079 0.7149093 0.4030121 0.7145508 0.4004294 0.7838041 0.4173054 0.7126303 0.4102277 0.7123452 0.4101079 0.7149093 0.4101079 0.7149093 0.4102277 0.7123452 0.4031621 0.7119873 0.4173054 0.7126303 0.4174277 0.7085895 0.4103869 0.7083176 0.4031621 0.7119873 0.4102277 0.7123452 0.4103869 0.7083176 0.3960935 0.7115327 0.4031621 0.7119873 0.4033728 0.7079678 0.4030121 0.7145508 0.4031621 0.7119873 0.3960935 0.7115327 0.3890027 0.7109472 0.3960935 0.7115327 0.3963713 0.7075155 0.3963713 0.7075155 0.4033728 0.7079678 0.4036082 0.7037386 0.3893678 0.7069198 0.3963713 0.7075155 0.39668 0.7033056 0.3893678 0.7069198 0.3897731 0.7027155 0.3828985 0.7019283 0.3818668 0.710192 0.3890027 0.7109472 0.3893678 0.7069198 0.3970285 0.6988548 0.390226 0.6982884 0.3897731 0.7027155 0.390226 0.6982884 0.3835152 0.6975238 0.3828985 0.7019283 0.3752845 0.7051016 0.3823527 0.7061376 0.3828985 0.7019283 0.3835152 0.6975238 0.3768432 0.6965047 0.3760188 0.7008723 0.3841139 0.6929835 0.377699 0.6919451 0.3768432 0.6965047 0.3835152 0.6975238 0.390226 0.6982884 0.3906775 0.6936213 0.3778339 0.6912193 0.377699 0.6919451 0.3841139 0.6929835 0.3907397 0.6928617 0.3842097 0.6922394 0.3841139 0.6929835 0.390226 0.6982884 0.3970285 0.6988548 0.3973625 0.6940665 0.397415 0.6932958 0.3907397 0.6928617 0.3906775 0.6936213 0.220909 0.9091063 0.2158371 0.9112864 0.2160408 0.9119253 0.220909 0.9091063 0.2212331 0.9096945 0.2259005 0.906493 0.220909 0.9091063 0.2254676 0.905979 0.2227385 0.9027334 0.2145587 0.9072614 0.2158371 0.9112864 0.220909 0.9091063 0.2158371 0.9112864 0.2104474 0.9124426 0.210524 0.9131078 0.2099692 0.9082515 0.2104474 0.9124426 0.2158371 0.9112864 0.2188705 0.9054003 0.2072401 0.8843411 0.2145587 0.9072614 0.2145587 0.9072614 0.2072401 0.8843411 0.2099692 0.9082515 0.1884497 0.8995158 0.2072401 0.8843411 0.185882 0.8955582 0.185882 0.8955582 0.2072401 0.8843411 0.1841104 0.89119 0.1919702 0.8656861 0.2072401 0.8843411 0.1958938 0.8630945 0.1958938 0.8630945 0.2072401 0.8843411 0.2002392 0.8612921 0.2257644 0.8689559 0.2072401 0.8843411 0.2283821 0.8728541 0.2283821 0.8728541 0.2072401 0.8843411 0.2302169 0.8771778 0.2227385 0.9027334 0.2072401 0.8843411 0.2188705 0.9054003 0.1832549 0.8818564 0.2072401 0.8843411 0.1841982 0.8772465 0.1832245 0.8865639 0.2072401 0.8843411 0.1832549 0.8818564 0.2095525 0.8603686 0.2072401 0.8843411 0.2141633 0.8612775 0.2048513 0.8603727 0.2072401 0.8843411 0.2095525 0.8603686 0.2311779 0.8817737 0.2072401 0.8843411 0.2312053 0.886469 0.2312053 0.886469 0.2072401 0.8843411 0.230347 0.8910862 0.2099692 0.9082515 0.2072401 0.8843411 0.2052741 0.9083398 0.2052741 0.9083398 0.2072401 0.8843411 0.2006409 0.9075303 0.1917365 0.9029132 0.2072401 0.8843411 0.1884497 0.8995158 0.188642 0.8690067 0.2072401 0.8843411 0.1919702 0.8656861 0.1860175 0.8729088 0.2072401 0.8843411 0.188642 0.8690067 0.2224242 0.8656563 0.2072401 0.8843411 0.2257644 0.8689559 0.2185085 0.8630633 0.2072401 0.8843411 0.2224242 0.8656563 0.2260303 0.8993821 0.2072401 0.8843411 0.2227385 0.9027334 0.228584 0.8954395 0.2072401 0.8843411 0.2260303 0.8993821 0.1841104 0.89119 0.2072401 0.8843411 0.1832245 0.8865639 0.2002392 0.8612921 0.2072401 0.8843411 0.2048513 0.8603727 0.2302169 0.8771778 0.2072401 0.8843411 0.2311779 0.8817737 0.2006409 0.9075303 0.2072401 0.8843411 0.1962188 0.9058529 0.2141633 0.8612775 0.2072401 0.8843411 0.2185085 0.8630633 0.1956329 0.9056286 0.2072401 0.8843411 0.1917365 0.9029132 0.230347 0.8910862 0.2072401 0.8843411 0.228584 0.8954395 0.1841982 0.8772465 0.2072401 0.8843411 0.1860175 0.8729088 0.194392 0.9096744 0.1995298 0.911598 0.2006409 0.9075303 0.1889795 0.9061319 0.1934908 0.9093227 0.1956329 0.9056286 0.1889795 0.9061319 0.1885426 0.9066418 0.1931545 0.9099037 0.1995298 0.911598 0.194392 0.9096744 0.1941028 0.9102741 0.5785343 0.6853806 0.5722324 0.6881909 0.5725054 0.6889391 0.3656342 0.6880528 0.3600391 0.6853806 0.359665 0.6859995 0.5741978 0.6936855 0.5814692 0.6907521 0.5789322 0.6860798 0.3572318 0.6900916 0.3636848 0.6930224 0.3653699 0.6887257 0.5814692 0.6907521 0.5741978 0.6936855 0.5757321 0.6985501 0.3548221 0.6944963 0.3620827 0.6974042 0.3636848 0.6930224 0.5770223 0.7033809 0.5856724 0.7011666 0.5838304 0.6958249 0.3527166 0.6992387 0.3606886 0.7018319 0.3620827 0.6974042 0.3511882 0.7041956 0.3595378 0.7062684 0.3606886 0.7018319 0.3606886 0.7018319 0.3681009 0.7037111 0.3690998 0.6994179 0.3595378 0.7062684 0.3672384 0.7079294 0.3681009 0.7037111 0.3667197 0.7106686 0.3672384 0.7079294 0.3595378 0.7062684 0.3672384 0.7079294 0.3746376 0.7092108 0.3752845 0.7051016 0.3752845 0.7051016 0.3760188 0.7008723 0.3690998 0.6994179 0.3746376 0.7092108 0.3818668 0.710192 0.3823527 0.7061376 0.3702322 0.6950501 0.3636848 0.6930224 0.3620827 0.6974042 0.3702322 0.6950501 0.3690998 0.6994179 0.3760188 0.7008723 0.3768432 0.6965047 0.377699 0.6919451 0.3714231 0.6906208 0.3636848 0.6930224 0.3702322 0.6950501 0.3714231 0.6906208 0.3716071 0.6899152 0.3714231 0.6906208 0.377699 0.6919451 0.3716071 0.6899152 0.3656342 0.6880528 0.3653699 0.6887257 0.1995298 0.911598 0.1993548 0.9122416 0.2048925 0.9132082 0.2104474 0.9124426 0.204944 0.9125419 0.2048925 0.9132082 0.2006409 0.9075303 0.1995298 0.911598 0.204944 0.9125419 0.2052741 0.9083398 0.204944 0.9125419 0.2104474 0.9124426 0.5690579 0.7050299 0.5770223 0.7033809 0.5757321 0.6985501 0.5741978 0.6936855 0.5670448 0.6957044 0.5681141 0.7004304 0.5670448 0.6957044 0.5599524 0.6971179 0.5607178 0.7017869 0.5614173 0.7062739 0.5690579 0.7050299 0.5681141 0.7004304 0.5599524 0.6971179 0.5529047 0.6981225 0.5534458 0.7027779 0.5614173 0.7062739 0.5607178 0.7017869 0.5534458 0.7027779 0.5466107 0.7079055 0.553961 0.7072068 0.5534458 0.7027779 0.5529047 0.6981225 0.5458492 0.6988849 0.5462324 0.7035145 0.5529047 0.6981225 0.5523187 0.6933256 0.5454158 0.6939411 0.5599524 0.6971179 0.5591224 0.6922919 0.5523187 0.6933256 0.5453504 0.6931477 0.5454158 0.6939411 0.5523187 0.6933256 0.5522257 0.6925393 0.5523187 0.6933256 0.5591224 0.6922919 0.5656647 0.6900932 0.5589826 0.6915168 0.5591224 0.6922919 0.5599524 0.6971179 0.5670448 0.6957044 0.5658557 0.6908584 0.1800381 0.892381 0.1793919 0.8925707 0.1815118 0.8978344 0.1851355 0.9021617 0.1821091 0.8975231 0.1815118 0.8978344 0.1821091 0.8975231 0.1851355 0.9021617 0.1884497 0.8995158 0.1841104 0.89119 0.1800381 0.892381 0.1821091 0.8975231 0.1790033 0.8869403 0.1783331 0.887001 0.1793919 0.8925707 0.1790033 0.8869403 0.1800381 0.892381 0.1841104 0.89119 0.1790033 0.8869403 0.1790438 0.8814064 0.1783749 0.8813358 0.1790438 0.8814064 0.1790033 0.8869403 0.1832245 0.8865639 0.1801568 0.8759887 0.1795146 0.8757898 0.1783749 0.8813358 0.1841982 0.8772465 0.1801568 0.8759887 0.1790438 0.8814064 0.1822985 0.8708923 0.1817075 0.8705729 0.1795146 0.8757898 0.1822985 0.8708923 0.1801568 0.8759887 0.1841982 0.8772465 0.1822985 0.8708923 0.185386 0.8663108 0.1848685 0.8658832 0.188642 0.8690067 0.185386 0.8663108 0.1822985 0.8708923 0.1893013 0.8624171 0.188876 0.8618972 0.1848685 0.8658832 0.1893013 0.8624171 0.185386 0.8663108 0.188642 0.8690067 0.1893013 0.8624171 0.1939005 0.8593472 0.193584 0.8587538 0.1939005 0.8593472 0.1893013 0.8624171 0.1919702 0.8656861 0.2002392 0.8612921 0.1990176 0.8572355 0.1939005 0.8593472 0.1990176 0.8572355 0.1988229 0.8565915 0.193584 0.8587538 0.2044437 0.8561599 0.204378 0.8554909 0.1988229 0.8565915 0.2044437 0.8561599 0.1990176 0.8572355 0.2002392 0.8612921 0.2099713 0.8561595 0.2100368 0.8554909 0.204378 0.8554909 0.2095525 0.8603686 0.2099713 0.8561595 0.2044437 0.8561599 0.2153906 0.8572321 0.2155845 0.8565893 0.2100368 0.8554909 0.2153906 0.8572321 0.2099713 0.8561595 0.2095525 0.8603686 0.2153906 0.8572321 0.2204957 0.8593349 0.2208104 0.8587424 0.2185085 0.8630633 0.2204957 0.8593349 0.2153906 0.8572321 0.2250928 0.8623858 0.2255161 0.8618658 0.2208104 0.8587424 0.2224242 0.8656563 0.2250928 0.8623858 0.2204957 0.8593349 0.2290086 0.8662674 0.2295247 0.8658391 0.2255161 0.8618658 0.2290086 0.8662674 0.2250928 0.8623858 0.2224242 0.8656563 0.2321062 0.8708358 0.232696 0.8705155 0.2295247 0.8658391 0.2321062 0.8708358 0.2290086 0.8662674 0.2257644 0.8689559 0.2342518 0.875925 0.2321062 0.8708358 0.2283821 0.8728541 0.2342518 0.875925 0.2348926 0.8757257 0.232696 0.8705155 0.2353678 0.8813269 0.2360348 0.8812554 0.2348926 0.8757257 0.2311779 0.8817737 0.2353678 0.8813269 0.2342518 0.875925 0.2354218 0.8868446 0.2353678 0.8813269 0.2311779 0.8817737 0.2354218 0.8868446 0.2360901 0.886904 0.2360348 0.8812554 0.4390435 0.6944953 0.4319642 0.6942476 0.431944 0.6950594 0.4248906 0.6941702 0.4248796 0.6949786 0.431944 0.6950594 0.2343955 0.8922685 0.2350398 0.8924567 0.2360901 0.886904 0.417889 0.6940838 0.417875 0.6948829 0.4248796 0.6949786 0.4318323 0.7000827 0.431944 0.6950594 0.4248796 0.6949786 0.4177231 0.6997616 0.424748 0.6999229 0.4248796 0.6949786 0.417889 0.6940838 0.4109774 0.6939556 0.4109567 0.6947442 0.4107646 0.6995512 0.4177231 0.6997616 0.417875 0.6948829 0.4107646 0.6995512 0.410563 0.7040724 0.4175638 0.7043212 0.4177231 0.6997616 0.4175638 0.7043212 0.4246109 0.704517 0.4245001 0.7088081 0.4246109 0.704517 0.4175638 0.7043212 0.4103869 0.7083176 0.4174277 0.7085895 0.4175638 0.7043212 0.4107646 0.6995512 0.403883 0.699238 0.4036082 0.7037386 0.4033728 0.7079678 0.4103869 0.7083176 0.410563 0.7040724 0.403883 0.699238 0.3970285 0.6988548 0.39668 0.7033056 0.403883 0.699238 0.4107646 0.6995512 0.4109567 0.6947442 0.4041236 0.6945312 0.3973625 0.6940665 0.3970285 0.6988548 0.4041628 0.6937506 0.397415 0.6932958 0.3973625 0.6940665 0.4109774 0.6939556 0.4041628 0.6937506 0.4041236 0.6945312 0.2254676 0.905979 0.2259005 0.906493 0.2298482 0.9024404 0.2293239 0.9020205 0.2298482 0.9024404 0.2329377 0.8977041 0.2343955 0.8922685 0.232342 0.8973943 0.2329377 0.8977041 0.232342 0.8973943 0.2343955 0.8922685 0.230347 0.8910862 0.2260303 0.8993821 0.2293239 0.9020205 0.232342 0.8973943 0.230347 0.8910862 0.2343955 0.8922685 0.2354218 0.8868446 0.2254676 0.905979 0.2293239 0.9020205 0.2260303 0.8993821 0.4173054 0.7126303 0.4244027 0.7128633 0.4245001 0.7088081 0.4316015 0.708995 0.4316996 0.7046854 0.4246109 0.704517 0.4244027 0.7128633 0.4315201 0.713059 0.4316015 0.708995 0.4315201 0.713059 0.4244027 0.7128633 0.4243215 0.7154387 0.4244027 0.7128633 0.4173054 0.7126303 0.417208 0.7151994 0.4223222 0.7842053 0.4243215 0.7154387 0.417208 0.7151994 0.4314514 0.7156392 0.4243215 0.7154387 0.4223222 0.7842053 0.4385918 0.7158033 0.4386475 0.7132226 0.4315201 0.713059 0.4368856 0.7845486 0.4385918 0.7158033 0.4314514 0.7156392 0.4457299 0.7159244 0.4457757 0.7133376 0.4386475 0.7132226 0.444168 0.7847169 0.4457299 0.7159244 0.4385918 0.7158033 0.452873 0.7160419 0.4529148 0.7134546 0.4457757 0.7133376 0.4514619 0.7848842 0.452873 0.7160419 0.4457299 0.7159244 0.444042 0.7907797 0.4513323 0.7909293 0.4514619 0.7848842 0.444042 0.7907797 0.444168 0.7847169 0.4368856 0.7845486 0.4511511 0.797849 0.4513323 0.7909293 0.444042 0.7907797 0.444042 0.7907797 0.4367642 0.7906064 0.4365933 0.7974948 0.4363362 0.8065202 0.4436063 0.8067111 0.4438684 0.7977101 0.45089 0.8069539 0.4511511 0.797849 0.4438684 0.7977101 0.4505406 0.8174871 0.45089 0.8069539 0.4436063 0.8067111 0.4436063 0.8067111 0.4363362 0.8065202 0.4359807 0.8169832 0.4359807 0.8169832 0.4358644 0.8207849 0.4431209 0.8209716 0.4505406 0.8174871 0.4432716 0.8171207 0.4431209 0.8209716 0.4431209 0.8209716 0.4427254 0.8316904 0.4500041 0.8319371 0.4358644 0.8207849 0.4354683 0.8314381 0.4427254 0.8316904 0.4287757 0.8168568 0.4286406 0.8206075 0.4358644 0.8207849 0.4286406 0.8206075 0.4282358 0.8311784 0.4354683 0.8314381 0.4282358 0.8311784 0.4282163 0.8316959 0.4354494 0.8319576 0.4354683 0.8314381 0.4354494 0.8319576 0.4427073 0.8322114 0.4214373 0.8203362 0.4210312 0.8309097 0.4282358 0.8311784 0.4210312 0.8309097 0.4210117 0.8314249 0.4282163 0.8316959 0.414245 0.8200722 0.4138619 0.8306429 0.4210312 0.8309097 0.4215956 0.8165605 0.4214373 0.8203362 0.4286406 0.8206075 0.4143722 0.8162688 0.414245 0.8200722 0.4214373 0.8203362 0.4215956 0.8165605 0.4218138 0.8062106 0.4145965 0.8059952 0.4287757 0.8168568 0.4290643 0.806317 0.4218138 0.8062106 0.4287757 0.8168568 0.4359807 0.8169832 0.4363362 0.8065202 0.4218138 0.8062106 0.4290643 0.806317 0.4293136 0.7972946 0.4365933 0.7974948 0.4293136 0.7972946 0.4290643 0.806317 0.4365933 0.7974948 0.4367642 0.7906064 0.4294818 0.7904363 0.4293136 0.7972946 0.4294818 0.7904363 0.4221929 0.7902893 0.4220459 0.7970907 0.4221929 0.7902893 0.4149254 0.7900997 0.4218138 0.8062106 0.4220459 0.7970907 0.4147904 0.7970377 0.4221929 0.7902893 0.4294818 0.7904363 0.429603 0.7843782 0.4221929 0.7902893 0.4223222 0.7842053 0.4150434 0.7840781 0.4367642 0.7906064 0.4368856 0.7845486 0.429603 0.7843782 0.4354494 0.8319576 0.4282163 0.8316959 0.4281965 0.8322106 0.4427073 0.8322114 0.4354494 0.8319576 0.4354301 0.8324744 0.4354301 0.8324744 0.4281965 0.8322106 0.4280897 0.8348145 0.4354301 0.8324744 0.4353266 0.8350893 0.4425892 0.8353533 0.4499685 0.8329786 0.4426888 0.8327299 0.4425892 0.8353533 0.4499865 0.8324593 0.4427073 0.8322114 0.4426888 0.8327299 0.4572769 0.8326935 0.4499865 0.8324593 0.4499685 0.8329786 0.4572598 0.8332138 0.4499685 0.8329786 0.4498725 0.835607 0.4572939 0.8321706 0.4500041 0.8319371 0.4499865 0.8324593 0.4427254 0.8316904 0.4427073 0.8322114 0.4499865 0.8324593 0.4503939 0.8212682 0.4500041 0.8319371 0.4572939 0.8321706 0.4576661 0.8214658 0.4572939 0.8321706 0.4645947 0.8323947 0.4572939 0.8321706 0.4572769 0.8326935 0.4645782 0.8329185 0.4719062 0.8326166 0.4645947 0.8323947 0.4645782 0.8329185 0.4649605 0.8216506 0.4645947 0.8323947 0.4719062 0.8326166 0.4718896 0.8331412 0.4645782 0.8329185 0.4645614 0.8334394 0.4645782 0.8329185 0.4572769 0.8326935 0.4572598 0.8332138 0.4645614 0.8334394 0.4644709 0.8360759 0.4717822 0.8363042 0.4572598 0.8332138 0.4571676 0.8358463 0.4644709 0.8360759 0.4644709 0.8360759 0.464384 0.8392584 0.4716951 0.8394941 0.4644709 0.8360759 0.4571676 0.8358463 0.4570785 0.8390258 0.4716951 0.8394941 0.464384 0.8392584 0.4642642 0.8433457 0.464384 0.8392584 0.4570785 0.8390258 0.456955 0.8431141 0.449778 0.8387822 0.4496456 0.8428668 0.456955 0.8431141 0.4424887 0.8385223 0.4423466 0.8425986 0.4496456 0.8428668 0.4498725 0.835607 0.449778 0.8387822 0.4570785 0.8390258 0.4498725 0.835607 0.4425892 0.8353533 0.4424887 0.8385223 0.4425892 0.8353533 0.4353266 0.8350893 0.4352202 0.838248 0.4424887 0.8385223 0.4352202 0.838248 0.4350686 0.8423111 0.4280897 0.8348145 0.4279783 0.8379598 0.4352202 0.838248 0.4279783 0.8379598 0.4278181 0.8420051 0.4350686 0.8423111 0.4716951 0.8394941 0.4715636 0.8435765 0.4788769 0.8438235 0.4863308 0.8399614 0.4790111 0.8397151 0.4788769 0.8438235 0.4790994 0.8365293 0.4790111 0.8397151 0.4863308 0.8399614 0.4717822 0.8363042 0.4716951 0.8394941 0.4790111 0.8397151 0.4791918 0.8338877 0.4790994 0.8365293 0.4864233 0.8367706 0.4718727 0.8336628 0.4717822 0.8363042 0.4790994 0.8365293 0.479209 0.8333654 0.4791918 0.8338877 0.486519 0.8341267 0.4718896 0.8331412 0.4718727 0.8336628 0.4791918 0.8338877 0.4719062 0.8326166 0.4718896 0.8331412 0.479209 0.8333654 0.4792259 0.8328404 0.479209 0.8333654 0.4865371 0.8336042 0.4938654 0.8338491 0.4865371 0.8336042 0.486519 0.8341267 0.4865549 0.8330787 0.4865371 0.8336042 0.4938654 0.8338491 0.4942927 0.8224956 0.4869521 0.8222999 0.4865549 0.8330787 0.4796093 0.8220155 0.4792259 0.8328404 0.4865549 0.8330787 0.4944462 0.8186079 0.4870951 0.8184798 0.4869521 0.8222999 0.4870951 0.8184798 0.4797581 0.8181303 0.4796093 0.8220155 0.4722768 0.8218308 0.4719062 0.8326166 0.4792259 0.8328404 0.4797581 0.8181303 0.4723951 0.8179863 0.4722768 0.8218308 0.4650797 0.8178194 0.4649605 0.8216506 0.4722768 0.8218308 0.4723951 0.8179863 0.4797581 0.8181303 0.4800938 0.8077282 0.4723951 0.8179863 0.472795 0.8075246 0.4654892 0.8073293 0.472795 0.8075246 0.4800938 0.8077282 0.4803763 0.7986091 0.465758 0.798238 0.4654892 0.8073293 0.472795 0.8075246 0.465758 0.798238 0.458457 0.7980194 0.4581893 0.8071371 0.4577888 0.817649 0.4650797 0.8178194 0.4654892 0.8073293 0.458457 0.7980194 0.4511511 0.797849 0.45089 0.8069539 0.4577888 0.817649 0.4581893 0.8071371 0.45089 0.8069539 0.4505406 0.8174871 0.4503939 0.8212682 0.4576661 0.8214658 0.4577888 0.817649 0.4576661 0.8214658 0.4649605 0.8216506 0.465758 0.798238 0.4659343 0.7913289 0.4586293 0.7911652 0.4586293 0.7911652 0.4513323 0.7909293 0.4511511 0.797849 0.4513323 0.7909293 0.4586293 0.7911652 0.4587656 0.7850805 0.4586293 0.7911652 0.4659343 0.7913289 0.4660632 0.7852598 0.4730613 0.7984538 0.4732298 0.7914887 0.4659343 0.7913289 0.4659343 0.7913289 0.4732298 0.7914887 0.4733703 0.785444 0.4743666 0.7162615 0.4671877 0.7162111 0.4660632 0.7852598 0.4660632 0.7852598 0.4671877 0.7162111 0.460025 0.7161379 0.4743829 0.7136597 0.4672124 0.7136157 0.4671877 0.7162111 0.4672124 0.7136157 0.4600586 0.7135473 0.460025 0.7161379 0.4743829 0.7136597 0.4743787 0.7095587 0.4672225 0.7095246 0.4600586 0.7135473 0.4672124 0.7136157 0.4672225 0.7095246 0.4600586 0.7135473 0.4600844 0.7094633 0.452955 0.7093768 0.460025 0.7161379 0.4600586 0.7135473 0.4529148 0.7134546 0.4529148 0.7134546 0.452955 0.7093768 0.4458244 0.7092471 0.4600844 0.7094633 0.4601279 0.7051383 0.4530141 0.7050682 0.452955 0.7093768 0.4530141 0.7050682 0.4458938 0.7049753 0.4458244 0.7092471 0.4458938 0.7049753 0.438793 0.704805 0.4386475 0.7132226 0.4457757 0.7133376 0.4458244 0.7092471 0.4531082 0.7004495 0.4459969 0.7003396 0.4458938 0.7049753 0.4459969 0.7003396 0.4389194 0.7001873 0.438793 0.704805 0.438708 0.7091637 0.438793 0.704805 0.4316996 0.7046854 0.4389194 0.7001873 0.4318323 0.7000827 0.4316996 0.7046854 0.4389194 0.7001873 0.439024 0.6953087 0.431944 0.6950594 0.4459969 0.7003396 0.4460985 0.695375 0.439024 0.6953087 0.4390435 0.6944953 0.439024 0.6953087 0.4460985 0.695375 0.4459969 0.7003396 0.4531082 0.7004495 0.4531841 0.6954151 0.4531991 0.6946019 0.4461062 0.6945618 0.4460985 0.695375 0.4602093 0.7004962 0.4602702 0.6956103 0.4531841 0.6954151 0.4602826 0.6947968 0.4531991 0.6946019 0.4531841 0.6954151 0.4531082 0.7004495 0.4530141 0.7050682 0.4601279 0.7051383 0.4672949 0.7005579 0.4673437 0.6956071 0.4602702 0.6956103 0.4602093 0.7004962 0.4601279 0.7051383 0.4672459 0.7051936 0.4600844 0.7094633 0.4672225 0.7095246 0.4672459 0.7051936 0.4672949 0.7005579 0.4672459 0.7051936 0.474386 0.7052155 0.4743787 0.7095587 0.474386 0.7052155 0.4672459 0.7051936 0.4815735 0.7005435 0.4744167 0.700562 0.474386 0.7052155 0.4743787 0.7095587 0.4815565 0.7095701 0.4815524 0.7052146 0.4672949 0.7005579 0.4744167 0.700562 0.4744464 0.6955698 0.4744167 0.700562 0.4815735 0.7005435 0.4815919 0.6955099 0.4887666 0.7005354 0.4815735 0.7005435 0.4815524 0.7052146 0.4887666 0.7005354 0.4887635 0.6954404 0.4815919 0.6955099 0.4815858 0.6946873 0.4815919 0.6955099 0.4887635 0.6954404 0.4744419 0.6947518 0.4744464 0.6955698 0.4815919 0.6955099 0.495932 0.694711 0.4887665 0.6946173 0.4887635 0.6954404 0.495943 0.7004742 0.4959314 0.6955333 0.4887635 0.6954404 0.5030621 0.6946035 0.495932 0.694711 0.4959314 0.6955333 0.495943 0.7004742 0.5030991 0.7004353 0.5030749 0.6954241 0.5030991 0.7004353 0.5102853 0.7003599 0.5102228 0.6952816 0.5102162 0.6944619 0.5030621 0.6946035 0.5030749 0.6954241 0.5102853 0.7003599 0.5030991 0.7004353 0.5031186 0.7051111 0.495943 0.7004742 0.4959319 0.7051643 0.5031186 0.7051111 0.5031648 0.7094801 0.5103859 0.7093933 0.5103206 0.7050257 0.4959563 0.7095341 0.5031648 0.7094801 0.5031186 0.7051111 0.4887546 0.7095645 0.4959563 0.7095341 0.4959319 0.7051643 0.4887666 0.7005354 0.488745 0.7052038 0.4959319 0.7051643 0.4815565 0.7095701 0.4887546 0.7095645 0.488745 0.7052038 0.4887799 0.7136827 0.4959964 0.7136591 0.4959563 0.7095341 0.4815725 0.7136815 0.4887799 0.7136827 0.4887546 0.7095645 0.4743829 0.7136597 0.4815725 0.7136815 0.4815565 0.7095701 0.4887799 0.7136827 0.4815725 0.7136815 0.4815638 0.7162895 0.4815725 0.7136815 0.4743829 0.7136597 0.4743666 0.7162615 0.4815638 0.7162895 0.4743666 0.7162615 0.4733703 0.785444 0.4887788 0.7162955 0.4815638 0.7162895 0.4806768 0.7855875 0.4960048 0.7162763 0.4959964 0.7136591 0.4887799 0.7136827 0.4953461 0.7859117 0.4960048 0.7162763 0.4887788 0.7162955 0.5032433 0.7162308 0.5032238 0.7136093 0.4959964 0.7136591 0.5032433 0.7162308 0.4960048 0.7162763 0.4953461 0.7859117 0.5104982 0.7161518 0.5104652 0.713526 0.5032238 0.7136093 0.5104982 0.7161518 0.5032433 0.7162308 0.5027231 0.7860903 0.5025871 0.7922518 0.5099933 0.79241 0.5101234 0.7862509 0.4952216 0.7920163 0.5025871 0.7922518 0.5027231 0.7860903 0.5097866 0.7993812 0.5099933 0.79241 0.5025871 0.7922518 0.5025871 0.7922518 0.4952216 0.7920163 0.4950361 0.7990038 0.4947637 0.808206 0.5021057 0.8083274 0.5023967 0.7992054 0.5094898 0.8086221 0.5097866 0.7993812 0.5023967 0.7992054 0.5091286 0.8192867 0.5094898 0.8086221 0.5021057 0.8083274 0.5021057 0.8083274 0.4947637 0.808206 0.4944462 0.8186079 0.5018197 0.818943 0.4944462 0.8186079 0.4942927 0.8224956 0.5018197 0.818943 0.5016405 0.8227945 0.5089758 0.8230994 0.5089758 0.8230994 0.5016405 0.8227945 0.5012147 0.8335784 0.5016405 0.8227945 0.4942927 0.8224956 0.4938836 0.8333235 0.5012147 0.8335784 0.5011959 0.8341038 0.5085258 0.8343644 0.4938836 0.8333235 0.4938654 0.8338491 0.5011959 0.8341038 0.5011959 0.8341038 0.4938654 0.8338491 0.493847 0.8343718 0.5085258 0.8343644 0.5011959 0.8341038 0.5011769 0.8346264 0.493847 0.8343718 0.4937491 0.8370163 0.5010765 0.83727 0.5011769 0.8346264 0.5010765 0.83727 0.5084027 0.8375294 0.486519 0.8341267 0.4864233 0.8367706 0.4937491 0.8370163 0.4937491 0.8370163 0.4936546 0.8402076 0.5009792 0.8404604 0.4864233 0.8367706 0.4863308 0.8399614 0.4936546 0.8402076 0.5009792 0.8404604 0.4936546 0.8402076 0.493526 0.8443067 0.4936546 0.8402076 0.4863308 0.8399614 0.4862049 0.8440622 0.5009792 0.8404604 0.5008473 0.8445583 0.5081669 0.8448138 0.5083021 0.8407183 0.5081669 0.8448138 0.5154787 0.8450746 0.5157251 0.8377946 0.5084027 0.8375294 0.5083021 0.8407183 0.5084027 0.8375294 0.5010765 0.83727 0.5009792 0.8404604 0.5158329 0.8351517 0.5085061 0.8348869 0.5084027 0.8375294 0.5230435 0.8380746 0.5157251 0.8377946 0.5156196 0.8409826 0.5158329 0.8351517 0.5157251 0.8377946 0.5230435 0.8380746 0.5303567 0.8383772 0.5230435 0.8380746 0.5229307 0.841261 0.5231576 0.8354322 0.5230435 0.8380746 0.5303567 0.8383772 0.5229307 0.841261 0.5227804 0.8453494 0.5300754 0.8456445 0.5156196 0.8409826 0.5154787 0.8450746 0.5227804 0.8453494 0.5375325 0.8418753 0.5302357 0.8415597 0.5300754 0.8456445 0.5448161 0.8421981 0.5375325 0.8418753 0.5373662 0.8459551 0.5376591 0.8386987 0.5375325 0.8418753 0.5448161 0.8421981 0.5376591 0.8386987 0.5303567 0.8383772 0.5302357 0.8415597 0.5377862 0.8360662 0.5376591 0.8386987 0.5449435 0.8390294 0.5304783 0.8357385 0.5303567 0.8383772 0.5376591 0.8386987 0.5378108 0.835546 0.5377862 0.8360662 0.5450726 0.8364056 0.5378108 0.835546 0.5305016 0.8352168 0.5304783 0.8357385 0.5305016 0.8352168 0.5231792 0.83491 0.5231576 0.8354322 0.5378351 0.8350227 0.5305247 0.8346923 0.5305016 0.8352168 0.5305247 0.8346923 0.5232008 0.8343846 0.5231792 0.83491 0.5158532 0.8346293 0.5158329 0.8351517 0.5231576 0.8354322 0.5232008 0.8343846 0.5158735 0.834104 0.5158532 0.8346293 0.5158532 0.8346293 0.5085258 0.8343644 0.5085061 0.8348869 0.5085452 0.8338391 0.5085258 0.8343644 0.5158532 0.8346293 0.5163185 0.8233054 0.5089758 0.8230994 0.5085452 0.8338391 0.5236847 0.823522 0.5163185 0.8233054 0.5158735 0.834104 0.5164535 0.8194475 0.5091286 0.8192867 0.5089758 0.8230994 0.5238612 0.8196126 0.5164535 0.8194475 0.5163185 0.8233054 0.5310546 0.8238724 0.5236847 0.823522 0.5232008 0.8343846 0.5312708 0.8200041 0.5238612 0.8196126 0.5236847 0.823522 0.5238612 0.8196126 0.5312708 0.8200041 0.5316601 0.809378 0.5164535 0.8194475 0.5238612 0.8196126 0.5242608 0.8091444 0.5320783 0.8001949 0.5246337 0.7998839 0.5242608 0.8091444 0.5246337 0.7998839 0.5172047 0.7996606 0.5168833 0.808868 0.5172047 0.7996606 0.5097866 0.7993812 0.5094898 0.8086221 0.5091286 0.8192867 0.5164535 0.8194475 0.5168833 0.808868 0.5248657 0.7928714 0.5174172 0.7925955 0.5172047 0.7996606 0.5174172 0.7925955 0.5099933 0.79241 0.5097866 0.7993812 0.5099933 0.79241 0.5174172 0.7925955 0.5175639 0.7864264 0.5174172 0.7925955 0.5248657 0.7928714 0.525036 0.7866418 0.5323433 0.7930945 0.5248657 0.7928714 0.5246337 0.7998839 0.5248657 0.7928714 0.5323433 0.7930945 0.5325378 0.7868574 0.532373 0.7155991 0.5250571 0.7158502 0.525036 0.7866418 0.5250571 0.7158502 0.5177676 0.7160283 0.5175639 0.7864264 0.532373 0.7155991 0.5322672 0.7129503 0.5249825 0.7132124 0.5249825 0.7132124 0.5177163 0.7133971 0.5177676 0.7160283 0.5322672 0.7129503 0.5320659 0.7087975 0.524835 0.7090708 0.5249825 0.7132124 0.524835 0.7090708 0.5176071 0.709259 0.5177163 0.7133971 0.5176071 0.709259 0.5103859 0.7093933 0.5177676 0.7160283 0.5177163 0.7133971 0.5104652 0.713526 0.5104652 0.713526 0.5103859 0.7093933 0.5031648 0.7094801 0.5176071 0.709259 0.5175104 0.7048871 0.5103206 0.7050257 0.524835 0.7090708 0.5246966 0.7047067 0.5175104 0.7048871 0.5102853 0.7003599 0.5103206 0.7050257 0.5175104 0.7048871 0.5174477 0.7002072 0.5175104 0.7048871 0.5246966 0.7047067 0.5245844 0.7000638 0.5246966 0.7047067 0.5318663 0.7044273 0.524835 0.7090708 0.5320659 0.7087975 0.5318663 0.7044273 0.5316887 0.6997734 0.5314888 0.694912 0.5244434 0.6950529 0.5245844 0.7000638 0.5244434 0.6950529 0.5173606 0.6952764 0.5314589 0.6941065 0.5244246 0.694243 0.5244434 0.6950529 0.5244246 0.694243 0.5173493 0.6944591 0.5173606 0.6952764 0.5102162 0.6944619 0.5102228 0.6952816 0.5173606 0.6952764 0.5174477 0.7002072 0.5173606 0.6952764 0.5102228 0.6952816 0.5384176 0.6937024 0.5314589 0.6941065 0.5314888 0.694912 0.5316887 0.6997734 0.5387617 0.6994095 0.5384714 0.6945013 0.5453504 0.6931477 0.5384176 0.6937024 0.5384714 0.6945013 0.5387617 0.6994095 0.5458492 0.6988849 0.5454158 0.6939411 0.5458492 0.6988849 0.5387617 0.6994095 0.5390368 0.7040452 0.5387617 0.6994095 0.5316887 0.6997734 0.5318663 0.7044273 0.5320659 0.7087975 0.539317 0.7084203 0.5390368 0.7040452 0.539317 0.7084203 0.5466107 0.7079055 0.5462324 0.7035145 0.5322672 0.7129503 0.5395875 0.712591 0.539317 0.7084203 0.5395875 0.712591 0.546967 0.7121065 0.5466107 0.7079055 0.547161 0.7148004 0.546967 0.7121065 0.5395875 0.712591 0.5397323 0.7152578 0.5395875 0.712591 0.5322672 0.7129503 0.5397323 0.7152578 0.532373 0.7155991 0.5325378 0.7868574 0.5477708 0.7872642 0.547161 0.7148004 0.5397323 0.7152578 0.5544327 0.7114596 0.546967 0.7121065 0.547161 0.7148004 0.555539 0.7876168 0.5546899 0.7141956 0.547161 0.7148004 0.5620369 0.7106087 0.5544327 0.7114596 0.5546899 0.7141956 0.5634273 0.788021 0.5623723 0.7134093 0.5546899 0.7141956 0.5698614 0.7095029 0.5620369 0.7106087 0.5623723 0.7134093 0.5715157 0.7885529 0.5702894 0.7124035 0.5623723 0.7134093 0.5629963 0.7945737 0.5709221 0.7952759 0.5715157 0.7885529 0.5629963 0.7945737 0.5634273 0.788021 0.555539 0.7876168 0.5700941 0.8027526 0.5709221 0.7952759 0.5629963 0.7945737 0.5629963 0.7945737 0.555204 0.7940918 0.554722 0.8013165 0.5539869 0.8106742 0.5614395 0.8112323 0.5623715 0.80195 0.5700941 0.8027526 0.5623715 0.80195 0.5614395 0.8112323 0.5675739 0.8222535 0.5688261 0.8120528 0.5614395 0.8112323 0.5604651 0.8217501 0.5614395 0.8112323 0.5539869 0.8106742 0.5604651 0.8217501 0.5532444 0.8211687 0.5529842 0.8250085 0.5604651 0.8217501 0.5601791 0.825482 0.5672255 0.8259351 0.5672255 0.8259351 0.5601791 0.825482 0.5595595 0.8360306 0.5601791 0.825482 0.5529842 0.8250085 0.5523715 0.8357095 0.5532444 0.8211687 0.5459331 0.8208565 0.5457111 0.8246604 0.5529842 0.8250085 0.5457111 0.8246604 0.5451229 0.8353663 0.5523715 0.8357095 0.5451229 0.8353663 0.5450977 0.8358874 0.5523715 0.8357095 0.5523476 0.8362272 0.5595387 0.8365424 0.5457111 0.8246604 0.538398 0.8242591 0.5378351 0.8350227 0.5451229 0.8353663 0.5378351 0.8350227 0.5378108 0.835546 0.538398 0.8242591 0.5310546 0.8238724 0.5305247 0.8346923 0.5459331 0.8208565 0.5386295 0.8204133 0.538398 0.8242591 0.5386295 0.8204133 0.5312708 0.8200041 0.5310546 0.8238724 0.5316601 0.809378 0.5312708 0.8200041 0.5386295 0.8204133 0.5386295 0.8204133 0.5459331 0.8208565 0.546548 0.8101553 0.546548 0.8101553 0.5459331 0.8208565 0.5532444 0.8211687 0.5390904 0.8098113 0.546548 0.8101553 0.5471229 0.8008687 0.554722 0.8013165 0.5471229 0.8008687 0.546548 0.8101553 0.555204 0.7940918 0.5475023 0.793642 0.5471229 0.8008687 0.5471229 0.8008687 0.5475023 0.793642 0.539883 0.7933406 0.5395689 0.8004568 0.539883 0.7933406 0.5323433 0.7930945 0.5390904 0.8098113 0.5395689 0.8004568 0.5320783 0.8001949 0.5475023 0.793642 0.5477708 0.7872642 0.5401101 0.7870391 0.539883 0.7933406 0.5401101 0.7870391 0.5325378 0.7868574 0.555204 0.7940918 0.555539 0.7876168 0.5477708 0.7872642 0.5450977 0.8358874 0.5450726 0.8364056 0.5523235 0.8367424 0.5595387 0.8365424 0.5523476 0.8362272 0.5523235 0.8367424 0.5450726 0.8364056 0.5449435 0.8390294 0.5522011 0.8393549 0.5595182 0.8370518 0.5523235 0.8367424 0.5522011 0.8393549 0.5666273 0.8367886 0.5595387 0.8365424 0.5595182 0.8370518 0.5595182 0.8370518 0.5594162 0.839639 0.5665637 0.8398427 0.5594162 0.839639 0.5593288 0.8427768 0.5665394 0.8429561 0.5522011 0.8393549 0.5520835 0.8425177 0.5593288 0.8427768 0.5665394 0.8429561 0.5593288 0.8427768 0.5592056 0.8468607 0.5520835 0.8425177 0.5519207 0.8465758 0.5592056 0.8468607 0.5520835 0.8425177 0.5448161 0.8421981 0.5446503 0.8462697 0.5737102 0.8429412 0.5665394 0.8429561 0.5665152 0.8470133 0.5449435 0.8390294 0.5448161 0.8421981 0.5520835 0.8425177 0.5736231 0.8398693 0.5665637 0.8398427 0.5665394 0.8429561 0.5666157 0.8372894 0.5665637 0.8398427 0.5736231 0.8398693 0.5666273 0.8367886 0.5666157 0.8372894 0.5735747 0.8373552 0.5595595 0.8360306 0.5595387 0.8365424 0.5666273 0.8367886 0.5700941 0.8027526 0.5688261 0.8120528 0.5761728 0.8131953 0.5709221 0.7952759 0.5700941 0.8027526 0.5779446 0.8038104 0.5791303 0.7961754 0.5798316 0.7891429 0.5715157 0.7885529 0.5698614 0.7095029 0.5690579 0.7050299 0.5614173 0.7062739 0.5544327 0.7114596 0.5620369 0.7106087 0.5614173 0.7062739 0.546967 0.7121065 0.5544327 0.7114596 0.553961 0.7072068 0.5175639 0.7864264 0.5177676 0.7160283 0.5104982 0.7161518 0.4870951 0.8184798 0.4944462 0.8186079 0.4947637 0.808206 0.4876991 0.7988379 0.4874264 0.8078421 0.4947637 0.808206 0.4870951 0.8184798 0.4874264 0.8078421 0.4800938 0.8077282 0.4874264 0.8078421 0.4876991 0.7988379 0.4803763 0.7986091 0.4950361 0.7990038 0.4952216 0.7920163 0.4878761 0.791871 0.4876991 0.7988379 0.4878761 0.791871 0.4805434 0.7917187 0.4730613 0.7984538 0.4803763 0.7986091 0.4805434 0.7917187 0.4805434 0.7917187 0.4878761 0.791871 0.4879977 0.7857568 0.4805434 0.7917187 0.4806768 0.7855875 0.4733703 0.785444 0.4952216 0.7920163 0.4953461 0.7859117 0.4879977 0.7857568 0.4959964 0.7136591 0.5032238 0.7136093 0.5031648 0.7094801 0.4744419 0.6947518 0.4673426 0.6947937 0.4673437 0.6956071 0.4673426 0.6947937 0.4602826 0.6947968 0.4602702 0.6956103 0.4318323 0.7000827 0.424748 0.6999229 0.4246109 0.704517 0.4315201 0.713059 0.4386475 0.7132226 0.438708 0.7091637 0.4587656 0.7850805 0.460025 0.7161379 0.452873 0.7160419 0.1889795 0.9061319 0.1851355 0.9021617 0.18461 0.9025809 0.1917365 0.9029132 0.1884497 0.8995158 0.1851355 0.9021617 0.5722324 0.6881909 0.5656647 0.6900932 0.5658557 0.6908584 0.5741978 0.6936855 0.5725054 0.6889391 0.5658557 0.6908584 0.4004294 0.7838041 0.4030121 0.7145508 0.3959032 0.7141013 0.3720668 0.8160718 0.3789422 0.8158333 0.378692 0.8058181 0.3784429 0.7968659 0.3710843 0.7970731 0.3715751 0.8060858 0.3782926 0.7898757 0.3707941 0.7900498 0.3710843 0.7970731 0.578037 0.7081034 0.5856724 0.7011666 0.5770223 0.7033809 0.5698614 0.7095029 0.5770223 0.7033809 0.5690579 0.7050299 0.578037 0.7081034 0.5702894 0.7124035 0.5785542 0.7111632 0.5873123 0.7098037 0.578037 0.7081034 0.5785542 0.7111632 0.5885629 0.7898643 0.5785542 0.7111632 0.5798316 0.7891429 0.5798316 0.7891429 0.5702894 0.7124035 0.5715157 0.7885529 0.3588875 0.7091496 0.3511882 0.7041956 0.3505247 0.7073743 0.3548104 0.7841629 0.3505247 0.7073743 0.3464363 0.7844551 0.5791303 0.7961754 0.5885629 0.7898643 0.5798316 0.7891429 0.3468889 0.7917628 0.3548104 0.7841629 0.3464363 0.7844551 0.5860652 0.8054693 0.5791303 0.7961754 0.5779446 0.8038104 0.3560795 0.7983281 0.3468889 0.7917628 0.348272 0.7996143 0.348272 0.7996143 0.3574569 0.8073624 0.3560795 0.7983281 0.5860652 0.8054693 0.5761728 0.8131953 0.5833412 0.8148328 0.5833412 0.8148328 0.5743827 0.8230448 0.5807422 0.823934 0.3588584 0.8167935 0.3505412 0.8086845 0.3527449 0.8174811 0.3588584 0.8167935 0.3531127 0.8205091 0.3590989 0.8200858 0.5807422 0.823934 0.5739912 0.8265141 0.5803032 0.8271123 0.5688261 0.8120528 0.5743827 0.8230448 0.5761728 0.8131953 0.5743827 0.8230448 0.5672255 0.8259351 0.5739912 0.8265141 0.5739912 0.8265141 0.5666393 0.836286 0.5735604 0.836373 0.5803032 0.8271123 0.5735604 0.836373 0.5802373 0.8360847 0.5735604 0.836373 0.5666273 0.8367886 0.5735672 0.8368641 0.5802373 0.8360847 0.5735672 0.8368641 0.5802714 0.8365604 0.3591465 0.8292669 0.3530629 0.8292595 0.3591235 0.8297154 0.3590989 0.8200858 0.3531072 0.8288296 0.3591465 0.8292669 0.3591235 0.8297154 0.3530005 0.8296862 0.3590991 0.8301616 0.5802714 0.8365604 0.5735747 0.8373552 0.5803257 0.8370385 0.3590991 0.8301616 0.3526205 0.8318631 0.3589585 0.8324284 0.5735747 0.8373552 0.5806745 0.839514 0.5803257 0.8370385 0.5736231 0.8398693 0.5809279 0.842629 0.5806745 0.839514 0.3589585 0.8324284 0.3522658 0.8346672 0.358785 0.8352242 0.5737102 0.8429412 0.5810831 0.8466891 0.5809279 0.842629 0.3522658 0.8346672 0.3585464 0.8388922 0.358785 0.8352242 0.3653066 0.8355666 0.3585464 0.8388922 0.3651422 0.8392645 0.3653066 0.8355666 0.371805 0.8395564 0.3719384 0.8358081 0.3720142 0.8328976 0.3653066 0.8355666 0.3719384 0.8358081 0.3654068 0.8327125 0.358785 0.8352242 0.3653066 0.8355666 0.3720756 0.8304892 0.3654068 0.8327125 0.3720142 0.8328976 0.3654841 0.8303631 0.3589585 0.8324284 0.3654068 0.8327125 0.3654956 0.8299002 0.3720756 0.8304892 0.3720844 0.8300135 0.3591235 0.8297154 0.3654841 0.8303631 0.3654956 0.8299002 0.3591465 0.8292669 0.3654956 0.8299002 0.3655059 0.8294353 0.3655059 0.8294353 0.3720844 0.8300135 0.3720924 0.8295353 0.3720844 0.8300135 0.3788173 0.8306127 0.378827 0.8301275 0.3788361 0.8296396 0.3720844 0.8300135 0.378827 0.8301275 0.3789534 0.8194966 0.3720924 0.8295353 0.3788361 0.8296396 0.3721359 0.8196138 0.3655059 0.8294353 0.3720924 0.8295353 0.3720668 0.8160718 0.3789534 0.8194966 0.3789422 0.8158333 0.3653281 0.8162698 0.3721359 0.8196138 0.3720668 0.8160718 0.3654747 0.8197572 0.3591465 0.8292669 0.3655059 0.8294353 0.3588584 0.8167935 0.3654747 0.8197572 0.3653281 0.8162698 0.3588584 0.8167935 0.3645079 0.8065452 0.3574569 0.8073624 0.3720668 0.8160718 0.3645079 0.8065452 0.3653281 0.8162698 0.3715751 0.8060858 0.3636624 0.797566 0.3645079 0.8065452 0.3574569 0.8073624 0.3636624 0.797566 0.3560795 0.7983281 0.3560795 0.7983281 0.3631239 0.7903972 0.3552719 0.7908997 0.3710843 0.7970731 0.3631239 0.7903972 0.3636624 0.797566 0.3707941 0.7900498 0.3628464 0.7838783 0.3631239 0.7903972 0.3631239 0.7903972 0.3548104 0.7841629 0.3552719 0.7908997 0.3628464 0.7838783 0.3588875 0.7091496 0.3548104 0.7841629 0.3706042 0.7837262 0.3667197 0.7106686 0.3628464 0.7838783 0.3707941 0.7900498 0.378197 0.783654 0.3706042 0.7837262 0.3815553 0.7128007 0.3706042 0.7837262 0.378197 0.783654 0.3818668 0.710192 0.3742353 0.7118674 0.3815553 0.7128007 0.3742353 0.7118674 0.3672384 0.7079294 0.3667197 0.7106686 0.3890027 0.7109472 0.3815553 0.7128007 0.3887603 0.7135294 0.3856769 0.7836513 0.3815553 0.7128007 0.378197 0.783654 0.3960935 0.7115327 0.3887603 0.7135294 0.3959032 0.7141013 0.3930808 0.7837077 0.3887603 0.7135294 0.3856769 0.7836513 0.3930564 0.7898161 0.3856769 0.7836513 0.3857037 0.7898001 0.3857037 0.7898001 0.378197 0.783654 0.3782926 0.7898757 0.3930223 0.7967113 0.3857037 0.7898001 0.3857404 0.7967022 0.3857404 0.7967022 0.3782926 0.7898757 0.3784429 0.7968659 0.3858237 0.8057475 0.3784429 0.7968659 0.378692 0.8058181 0.3929933 0.8056592 0.3857404 0.7967022 0.3858237 0.8057475 0.3929677 0.8159841 0.3858237 0.8057475 0.3859501 0.8158748 0.3859501 0.8158748 0.378692 0.8058181 0.3789422 0.8158333 0.3789422 0.8158333 0.3858966 0.8195465 0.3859501 0.8158748 0.3859501 0.8158748 0.3929064 0.8196557 0.3929677 0.8159841 0.3929064 0.8196557 0.3856971 0.8297786 0.3926448 0.8299537 0.3858966 0.8195465 0.3788361 0.8296396 0.3856971 0.8297786 0.3856971 0.8297786 0.3926306 0.8304542 0.3926448 0.8299537 0.3788361 0.8296396 0.3856854 0.8302736 0.3856971 0.8297786 0.378827 0.8301275 0.3856732 0.8307657 0.3856854 0.8302736 0.3926306 0.8304542 0.3856732 0.8307657 0.3926158 0.8309519 0.3856732 0.8307657 0.3787534 0.8330661 0.3855993 0.8332533 0.3926158 0.8309519 0.3855993 0.8332533 0.3925313 0.8334672 0.3788173 0.8306127 0.3720142 0.8328976 0.3787534 0.8330661 0.3787534 0.8330661 0.385517 0.8362519 0.3855993 0.8332533 0.3720142 0.8328976 0.378679 0.8360248 0.3787534 0.8330661 0.385517 0.8362519 0.3785504 0.8398249 0.3853813 0.8401 0.3719384 0.8358081 0.3785504 0.8398249 0.378679 0.8360248 0.3924389 0.8364995 0.3853813 0.8401 0.392293 0.8403906 0.3994323 0.8367674 0.392293 0.8403906 0.399277 0.8406972 0.3925313 0.8334672 0.3994323 0.8367674 0.3995338 0.8337054 0.3855993 0.8332533 0.3924389 0.8364995 0.3925313 0.8334672 0.3926158 0.8309519 0.3995338 0.8337054 0.3996273 0.8311659 0.3995338 0.8337054 0.4064902 0.8370541 0.4065994 0.8339664 0.3996273 0.8311659 0.4065994 0.8339664 0.4067006 0.8314066 0.4137177 0.8342429 0.4064902 0.8370541 0.4136044 0.8373534 0.4138236 0.831665 0.4065994 0.8339664 0.4137177 0.8342429 0.4136044 0.8373534 0.4063271 0.8410185 0.4134376 0.8413492 0.4064902 0.8370541 0.399277 0.8406972 0.4063271 0.8410185 0.4207698 0.8376587 0.4134376 0.8413492 0.4206037 0.8416818 0.4207698 0.8376587 0.4278181 0.8420051 0.4279783 0.8379598 0.420884 0.8345293 0.4279783 0.8379598 0.4280897 0.8348145 0.4137177 0.8342429 0.4207698 0.8376587 0.420884 0.8345293 0.4281965 0.8322106 0.420884 0.8345293 0.4280897 0.8348145 0.4209919 0.8319374 0.4137177 0.8342429 0.420884 0.8345293 0.4282163 0.8316959 0.4209919 0.8319374 0.4281965 0.8322106 0.4210117 0.8314249 0.4138236 0.831665 0.4209919 0.8319374 0.4138429 0.8311554 0.4067006 0.8314066 0.4138236 0.831665 0.4210312 0.8309097 0.4138429 0.8311554 0.4210117 0.8314249 0.4138619 0.8306429 0.406719 0.8309003 0.4138429 0.8311554 0.3996438 0.8306635 0.4067006 0.8314066 0.406719 0.8309003 0.406737 0.8303913 0.3996438 0.8306635 0.406719 0.8309003 0.3996438 0.8306635 0.3926158 0.8309519 0.3996273 0.8311659 0.3926448 0.8299537 0.3996438 0.8306635 0.39966 0.8301584 0.3929064 0.8196557 0.39966 0.8301584 0.3999682 0.8197294 0.3999682 0.8197294 0.406737 0.8303913 0.4070902 0.8199301 0.3929677 0.8159841 0.3999682 0.8197294 0.4000596 0.8159692 0.4071952 0.8162101 0.3999682 0.8197294 0.4070902 0.8199301 0.4070902 0.8199301 0.4138619 0.8306429 0.414245 0.8200722 0.4071952 0.8162101 0.414245 0.8200722 0.4143722 0.8162688 0.4071952 0.8162101 0.4145965 0.8059952 0.4073867 0.8058648 0.4071952 0.8162101 0.4001856 0.8057194 0.4000596 0.8159692 0.4147904 0.7970377 0.4073867 0.8058648 0.4145965 0.8059952 0.4002904 0.7967953 0.4073867 0.8058648 0.4075377 0.7968436 0.4002904 0.7967953 0.3929933 0.8056592 0.4001856 0.8057194 0.3929677 0.8159841 0.4001856 0.8057194 0.3929933 0.8056592 0.4075377 0.7968436 0.4003675 0.7898876 0.4002904 0.7967953 0.4002904 0.7967953 0.3930564 0.7898161 0.3930223 0.7967113 0.4003675 0.7898876 0.3930808 0.7837077 0.3930564 0.7898161 0.4076606 0.7899804 0.4004294 0.7838041 0.4003675 0.7898876 0.4147904 0.7970377 0.4076606 0.7899804 0.4075377 0.7968436 0.4149254 0.7900997 0.4077467 0.7839256 0.4076606 0.7899804 0.4150434 0.7840781 0.4101079 0.7149093 0.4077467 0.7839256 0.4101079 0.7149093 0.4004294 0.7838041 0.4077467 0.7839256 0.4173054 0.7126303 0.4101079 0.7149093 0.417208 0.7151994 0.4101079 0.7149093 0.4031621 0.7119873 0.4030121 0.7145508 0.4173054 0.7126303 0.4103869 0.7083176 0.4102277 0.7123452 0.4031621 0.7119873 0.4103869 0.7083176 0.4033728 0.7079678 0.3960935 0.7115327 0.4033728 0.7079678 0.3963713 0.7075155 0.4030121 0.7145508 0.3960935 0.7115327 0.3959032 0.7141013 0.3890027 0.7109472 0.3963713 0.7075155 0.3893678 0.7069198 0.3963713 0.7075155 0.4036082 0.7037386 0.39668 0.7033056 0.3893678 0.7069198 0.39668 0.7033056 0.3897731 0.7027155 0.3893678 0.7069198 0.3828985 0.7019283 0.3823527 0.7061376 0.3818668 0.710192 0.3893678 0.7069198 0.3823527 0.7061376 0.3970285 0.6988548 0.3897731 0.7027155 0.39668 0.7033056 0.390226 0.6982884 0.3828985 0.7019283 0.3897731 0.7027155 0.3752845 0.7051016 0.3828985 0.7019283 0.3760188 0.7008723 0.3835152 0.6975238 0.3760188 0.7008723 0.3828985 0.7019283 0.3841139 0.6929835 0.3768432 0.6965047 0.3835152 0.6975238 0.3835152 0.6975238 0.3906775 0.6936213 0.3841139 0.6929835 0.3778339 0.6912193 0.3841139 0.6929835 0.3842097 0.6922394 0.3907397 0.6928617 0.3841139 0.6929835 0.3906775 0.6936213 0.390226 0.6982884 0.3973625 0.6940665 0.3906775 0.6936213 0.397415 0.6932958 0.3906775 0.6936213 0.3973625 0.6940665 0.220909 0.9091063 0.2160408 0.9119253 0.2212331 0.9096945 0.220909 0.9091063 0.2259005 0.906493 0.2254676 0.905979 0.220909 0.9091063 0.2227385 0.9027334 0.2188705 0.9054003 0.2145587 0.9072614 0.220909 0.9091063 0.2188705 0.9054003 0.2158371 0.9112864 0.210524 0.9131078 0.2160408 0.9119253 0.2099692 0.9082515 0.2158371 0.9112864 0.2145587 0.9072614 0.194392 0.9096744 0.2006409 0.9075303 0.1962188 0.9058529 0.1889795 0.9061319 0.1956329 0.9056286 0.1917365 0.9029132 0.1889795 0.9061319 0.1931545 0.9099037 0.1934908 0.9093227 0.1995298 0.911598 0.1941028 0.9102741 0.1993548 0.9122416 0.5785343 0.6853806 0.5725054 0.6889391 0.5789322 0.6860798 0.3656342 0.6880528 0.359665 0.6859995 0.3653699 0.6887257 0.5741978 0.6936855 0.5789322 0.6860798 0.5725054 0.6889391 0.3572318 0.6900916 0.3653699 0.6887257 0.359665 0.6859995 0.5814692 0.6907521 0.5757321 0.6985501 0.5838304 0.6958249 0.3548221 0.6944963 0.3636848 0.6930224 0.3572318 0.6900916 0.5770223 0.7033809 0.5838304 0.6958249 0.5757321 0.6985501 0.3527166 0.6992387 0.3620827 0.6974042 0.3548221 0.6944963 0.3511882 0.7041956 0.3606886 0.7018319 0.3527166 0.6992387 0.3606886 0.7018319 0.3690998 0.6994179 0.3620827 0.6974042 0.3595378 0.7062684 0.3681009 0.7037111 0.3606886 0.7018319 0.3667197 0.7106686 0.3595378 0.7062684 0.3588875 0.7091496 0.3672384 0.7079294 0.3752845 0.7051016 0.3681009 0.7037111 0.3752845 0.7051016 0.3690998 0.6994179 0.3681009 0.7037111 0.3746376 0.7092108 0.3823527 0.7061376 0.3752845 0.7051016 0.3702322 0.6950501 0.3620827 0.6974042 0.3690998 0.6994179 0.3702322 0.6950501 0.3760188 0.7008723 0.3768432 0.6965047 0.3768432 0.6965047 0.3714231 0.6906208 0.3702322 0.6950501 0.3636848 0.6930224 0.3714231 0.6906208 0.3653699 0.6887257 0.3716071 0.6899152 0.377699 0.6919451 0.3778339 0.6912193 0.3716071 0.6899152 0.3653699 0.6887257 0.3714231 0.6906208 0.1995298 0.911598 0.2048925 0.9132082 0.204944 0.9125419 0.2104474 0.9124426 0.2048925 0.9132082 0.210524 0.9131078 0.2006409 0.9075303 0.204944 0.9125419 0.2052741 0.9083398 0.2052741 0.9083398 0.2104474 0.9124426 0.2099692 0.9082515 0.5690579 0.7050299 0.5757321 0.6985501 0.5681141 0.7004304 0.5741978 0.6936855 0.5681141 0.7004304 0.5757321 0.6985501 0.5670448 0.6957044 0.5607178 0.7017869 0.5681141 0.7004304 0.5614173 0.7062739 0.5681141 0.7004304 0.5607178 0.7017869 0.5599524 0.6971179 0.5534458 0.7027779 0.5607178 0.7017869 0.5614173 0.7062739 0.5534458 0.7027779 0.553961 0.7072068 0.5466107 0.7079055 0.5534458 0.7027779 0.5462324 0.7035145 0.5529047 0.6981225 0.5462324 0.7035145 0.5534458 0.7027779 0.5529047 0.6981225 0.5454158 0.6939411 0.5458492 0.6988849 0.5599524 0.6971179 0.5523187 0.6933256 0.5529047 0.6981225 0.5453504 0.6931477 0.5523187 0.6933256 0.5522257 0.6925393 0.5522257 0.6925393 0.5591224 0.6922919 0.5589826 0.6915168 0.5656647 0.6900932 0.5591224 0.6922919 0.5658557 0.6908584 0.5599524 0.6971179 0.5658557 0.6908584 0.5591224 0.6922919 0.1800381 0.892381 0.1815118 0.8978344 0.1821091 0.8975231 0.1851355 0.9021617 0.1815118 0.8978344 0.18461 0.9025809 0.1821091 0.8975231 0.1884497 0.8995158 0.185882 0.8955582 0.1841104 0.89119 0.1821091 0.8975231 0.185882 0.8955582 0.1790033 0.8869403 0.1793919 0.8925707 0.1800381 0.892381 0.1790033 0.8869403 0.1841104 0.89119 0.1832245 0.8865639 0.1790033 0.8869403 0.1783749 0.8813358 0.1783331 0.887001 0.1790438 0.8814064 0.1832245 0.8865639 0.1832549 0.8818564 0.1801568 0.8759887 0.1783749 0.8813358 0.1790438 0.8814064 0.1841982 0.8772465 0.1790438 0.8814064 0.1832549 0.8818564 0.1822985 0.8708923 0.1795146 0.8757898 0.1801568 0.8759887 0.1822985 0.8708923 0.1841982 0.8772465 0.1860175 0.8729088 0.1822985 0.8708923 0.1848685 0.8658832 0.1817075 0.8705729 0.188642 0.8690067 0.1822985 0.8708923 0.1860175 0.8729088 0.1893013 0.8624171 0.1848685 0.8658832 0.185386 0.8663108 0.1893013 0.8624171 0.188642 0.8690067 0.1919702 0.8656861 0.1893013 0.8624171 0.193584 0.8587538 0.188876 0.8618972 0.1939005 0.8593472 0.1919702 0.8656861 0.1958938 0.8630945 0.2002392 0.8612921 0.1939005 0.8593472 0.1958938 0.8630945 0.1990176 0.8572355 0.193584 0.8587538 0.1939005 0.8593472 0.2044437 0.8561599 0.1988229 0.8565915 0.1990176 0.8572355 0.2044437 0.8561599 0.2002392 0.8612921 0.2048513 0.8603727 0.2099713 0.8561595 0.204378 0.8554909 0.2044437 0.8561599 0.2095525 0.8603686 0.2044437 0.8561599 0.2048513 0.8603727 0.2153906 0.8572321 0.2100368 0.8554909 0.2099713 0.8561595 0.2153906 0.8572321 0.2095525 0.8603686 0.2141633 0.8612775 0.2153906 0.8572321 0.2208104 0.8587424 0.2155845 0.8565893 0.2185085 0.8630633 0.2153906 0.8572321 0.2141633 0.8612775 0.2250928 0.8623858 0.2208104 0.8587424 0.2204957 0.8593349 0.2224242 0.8656563 0.2204957 0.8593349 0.2185085 0.8630633 0.2290086 0.8662674 0.2255161 0.8618658 0.2250928 0.8623858 0.2290086 0.8662674 0.2224242 0.8656563 0.2257644 0.8689559 0.2321062 0.8708358 0.2295247 0.8658391 0.2290086 0.8662674 0.2321062 0.8708358 0.2257644 0.8689559 0.2283821 0.8728541 0.2342518 0.875925 0.2283821 0.8728541 0.2302169 0.8771778 0.2342518 0.875925 0.232696 0.8705155 0.2321062 0.8708358 0.2353678 0.8813269 0.2348926 0.8757257 0.2342518 0.875925 0.2311779 0.8817737 0.2342518 0.875925 0.2302169 0.8771778 0.2354218 0.8868446 0.2311779 0.8817737 0.2312053 0.886469 0.2354218 0.8868446 0.2360348 0.8812554 0.2353678 0.8813269 0.4390435 0.6944953 0.431944 0.6950594 0.439024 0.6953087 0.4248906 0.6941702 0.431944 0.6950594 0.4319642 0.6942476 0.2343955 0.8922685 0.2360901 0.886904 0.2354218 0.8868446 0.417889 0.6940838 0.4248796 0.6949786 0.4248906 0.6941702 0.4318323 0.7000827 0.4248796 0.6949786 0.424748 0.6999229 0.4177231 0.6997616 0.4248796 0.6949786 0.417875 0.6948829 0.417889 0.6940838 0.4109567 0.6947442 0.417875 0.6948829 0.4107646 0.6995512 0.417875 0.6948829 0.4109567 0.6947442 0.4107646 0.6995512 0.4175638 0.7043212 0.4177231 0.6997616 0.4177231 0.6997616 0.4246109 0.704517 0.424748 0.6999229 0.4245001 0.7088081 0.4175638 0.7043212 0.4174277 0.7085895 0.4103869 0.7083176 0.4175638 0.7043212 0.410563 0.7040724 0.4107646 0.6995512 0.4036082 0.7037386 0.410563 0.7040724 0.4033728 0.7079678 0.410563 0.7040724 0.4036082 0.7037386 0.403883 0.699238 0.39668 0.7033056 0.4036082 0.7037386 0.403883 0.699238 0.4109567 0.6947442 0.4041236 0.6945312 0.4041236 0.6945312 0.3970285 0.6988548 0.403883 0.699238 0.4041628 0.6937506 0.3973625 0.6940665 0.4041236 0.6945312 0.4109774 0.6939556 0.4041236 0.6945312 0.4109567 0.6947442 0.2254676 0.905979 0.2298482 0.9024404 0.2293239 0.9020205 0.2293239 0.9020205 0.2329377 0.8977041 0.232342 0.8973943 0.2343955 0.8922685 0.2329377 0.8977041 0.2350398 0.8924567 0.232342 0.8973943 0.230347 0.8910862 0.228584 0.8954395 0.2260303 0.8993821 0.232342 0.8973943 0.228584 0.8954395 0.230347 0.8910862 0.2354218 0.8868446 0.2312053 0.886469 0.2254676 0.905979 0.2260303 0.8993821 0.2227385 0.9027334 0.4173054 0.7126303 0.4245001 0.7088081 0.4174277 0.7085895 0.4316015 0.708995 0.4246109 0.704517 0.4245001 0.7088081 0.4244027 0.7128633 0.4316015 0.708995 0.4245001 0.7088081 0.4315201 0.713059 0.4243215 0.7154387 0.4314514 0.7156392 0.4244027 0.7128633 0.417208 0.7151994 0.4243215 0.7154387 0.4223222 0.7842053 0.417208 0.7151994 0.4150434 0.7840781 0.4314514 0.7156392 0.4223222 0.7842053 0.429603 0.7843782 0.4385918 0.7158033 0.4315201 0.713059 0.4314514 0.7156392 0.4368856 0.7845486 0.4314514 0.7156392 0.429603 0.7843782 0.4457299 0.7159244 0.4386475 0.7132226 0.4385918 0.7158033 0.444168 0.7847169 0.4385918 0.7158033 0.4368856 0.7845486 0.452873 0.7160419 0.4457757 0.7133376 0.4457299 0.7159244 0.4514619 0.7848842 0.4457299 0.7159244 0.444168 0.7847169 0.444042 0.7907797 0.4514619 0.7848842 0.444168 0.7847169 0.444042 0.7907797 0.4368856 0.7845486 0.4367642 0.7906064 0.4511511 0.797849 0.444042 0.7907797 0.4438684 0.7977101 0.444042 0.7907797 0.4365933 0.7974948 0.4438684 0.7977101 0.4363362 0.8065202 0.4438684 0.7977101 0.4365933 0.7974948 0.45089 0.8069539 0.4438684 0.7977101 0.4436063 0.8067111 0.4505406 0.8174871 0.4436063 0.8067111 0.4432716 0.8171207 0.4436063 0.8067111 0.4359807 0.8169832 0.4432716 0.8171207 0.4359807 0.8169832 0.4431209 0.8209716 0.4432716 0.8171207 0.4505406 0.8174871 0.4431209 0.8209716 0.4503939 0.8212682 0.4431209 0.8209716 0.4500041 0.8319371 0.4503939 0.8212682 0.4358644 0.8207849 0.4427254 0.8316904 0.4431209 0.8209716 0.4287757 0.8168568 0.4358644 0.8207849 0.4359807 0.8169832 0.4286406 0.8206075 0.4354683 0.8314381 0.4358644 0.8207849 0.4282358 0.8311784 0.4354494 0.8319576 0.4354683 0.8314381 0.4354683 0.8314381 0.4427073 0.8322114 0.4427254 0.8316904 0.4214373 0.8203362 0.4282358 0.8311784 0.4286406 0.8206075 0.4210312 0.8309097 0.4282163 0.8316959 0.4282358 0.8311784 0.414245 0.8200722 0.4210312 0.8309097 0.4214373 0.8203362 0.4215956 0.8165605 0.4286406 0.8206075 0.4287757 0.8168568 0.4143722 0.8162688 0.4214373 0.8203362 0.4215956 0.8165605 0.4215956 0.8165605 0.4145965 0.8059952 0.4143722 0.8162688 0.4287757 0.8168568 0.4218138 0.8062106 0.4215956 0.8165605 0.4287757 0.8168568 0.4363362 0.8065202 0.4290643 0.806317 0.4218138 0.8062106 0.4293136 0.7972946 0.4220459 0.7970907 0.4365933 0.7974948 0.4290643 0.806317 0.4363362 0.8065202 0.4365933 0.7974948 0.4294818 0.7904363 0.4293136 0.7972946 0.4293136 0.7972946 0.4221929 0.7902893 0.4220459 0.7970907 0.4220459 0.7970907 0.4149254 0.7900997 0.4147904 0.7970377 0.4218138 0.8062106 0.4147904 0.7970377 0.4145965 0.8059952 0.4221929 0.7902893 0.429603 0.7843782 0.4223222 0.7842053 0.4221929 0.7902893 0.4150434 0.7840781 0.4149254 0.7900997 0.4367642 0.7906064 0.429603 0.7843782 0.4294818 0.7904363 0.4354494 0.8319576 0.4281965 0.8322106 0.4354301 0.8324744 0.4427073 0.8322114 0.4354301 0.8324744 0.4426888 0.8327299 0.4354301 0.8324744 0.4280897 0.8348145 0.4353266 0.8350893 0.4354301 0.8324744 0.4425892 0.8353533 0.4426888 0.8327299 0.4499685 0.8329786 0.4425892 0.8353533 0.4498725 0.835607 0.4499865 0.8324593 0.4426888 0.8327299 0.4499685 0.8329786 0.4572769 0.8326935 0.4499685 0.8329786 0.4572598 0.8332138 0.4572598 0.8332138 0.4498725 0.835607 0.4571676 0.8358463 0.4572939 0.8321706 0.4499865 0.8324593 0.4572769 0.8326935 0.4427254 0.8316904 0.4499865 0.8324593 0.4500041 0.8319371 0.4503939 0.8212682 0.4572939 0.8321706 0.4576661 0.8214658 0.4576661 0.8214658 0.4645947 0.8323947 0.4649605 0.8216506 0.4572939 0.8321706 0.4645782 0.8329185 0.4645947 0.8323947 0.4719062 0.8326166 0.4645782 0.8329185 0.4718896 0.8331412 0.4649605 0.8216506 0.4719062 0.8326166 0.4722768 0.8218308 0.4718896 0.8331412 0.4645614 0.8334394 0.4718727 0.8336628 0.4645782 0.8329185 0.4572598 0.8332138 0.4645614 0.8334394 0.4645614 0.8334394 0.4717822 0.8363042 0.4718727 0.8336628 0.4572598 0.8332138 0.4644709 0.8360759 0.4645614 0.8334394 0.4644709 0.8360759 0.4716951 0.8394941 0.4717822 0.8363042 0.4644709 0.8360759 0.4570785 0.8390258 0.464384 0.8392584 0.4716951 0.8394941 0.4642642 0.8433457 0.4715636 0.8435765 0.464384 0.8392584 0.456955 0.8431141 0.4642642 0.8433457 0.449778 0.8387822 0.456955 0.8431141 0.4570785 0.8390258 0.4424887 0.8385223 0.4496456 0.8428668 0.449778 0.8387822 0.4498725 0.835607 0.4570785 0.8390258 0.4571676 0.8358463 0.4498725 0.835607 0.4424887 0.8385223 0.449778 0.8387822 0.4425892 0.8353533 0.4352202 0.838248 0.4424887 0.8385223 0.4424887 0.8385223 0.4350686 0.8423111 0.4423466 0.8425986 0.4280897 0.8348145 0.4352202 0.838248 0.4353266 0.8350893 0.4279783 0.8379598 0.4350686 0.8423111 0.4352202 0.838248 0.4716951 0.8394941 0.4788769 0.8438235 0.4790111 0.8397151 0.4863308 0.8399614 0.4788769 0.8438235 0.4862049 0.8440622 0.4790994 0.8365293 0.4863308 0.8399614 0.4864233 0.8367706 0.4717822 0.8363042 0.4790111 0.8397151 0.4790994 0.8365293 0.4791918 0.8338877 0.4864233 0.8367706 0.486519 0.8341267 0.4718727 0.8336628 0.4790994 0.8365293 0.4791918 0.8338877 0.479209 0.8333654 0.486519 0.8341267 0.4865371 0.8336042 0.4718896 0.8331412 0.4791918 0.8338877 0.479209 0.8333654 0.4719062 0.8326166 0.479209 0.8333654 0.4792259 0.8328404 0.4792259 0.8328404 0.4865371 0.8336042 0.4865549 0.8330787 0.4938654 0.8338491 0.486519 0.8341267 0.493847 0.8343718 0.4865549 0.8330787 0.4938654 0.8338491 0.4938836 0.8333235 0.4942927 0.8224956 0.4865549 0.8330787 0.4938836 0.8333235 0.4796093 0.8220155 0.4865549 0.8330787 0.4869521 0.8222999 0.4944462 0.8186079 0.4869521 0.8222999 0.4942927 0.8224956 0.4870951 0.8184798 0.4796093 0.8220155 0.4869521 0.8222999 0.4722768 0.8218308 0.4792259 0.8328404 0.4796093 0.8220155 0.4797581 0.8181303 0.4722768 0.8218308 0.4796093 0.8220155 0.4650797 0.8178194 0.4722768 0.8218308 0.4723951 0.8179863 0.4723951 0.8179863 0.4800938 0.8077282 0.472795 0.8075246 0.4723951 0.8179863 0.4654892 0.8073293 0.4650797 0.8178194 0.472795 0.8075246 0.4803763 0.7986091 0.4730613 0.7984538 0.465758 0.798238 0.472795 0.8075246 0.4730613 0.7984538 0.465758 0.798238 0.4581893 0.8071371 0.4654892 0.8073293 0.4577888 0.817649 0.4654892 0.8073293 0.4581893 0.8071371 0.458457 0.7980194 0.45089 0.8069539 0.4581893 0.8071371 0.4577888 0.817649 0.45089 0.8069539 0.4505406 0.8174871 0.4505406 0.8174871 0.4576661 0.8214658 0.4577888 0.817649 0.4577888 0.817649 0.4649605 0.8216506 0.4650797 0.8178194 0.465758 0.798238 0.4586293 0.7911652 0.458457 0.7980194 0.4586293 0.7911652 0.4511511 0.797849 0.458457 0.7980194 0.4513323 0.7909293 0.4587656 0.7850805 0.4514619 0.7848842 0.4586293 0.7911652 0.4660632 0.7852598 0.4587656 0.7850805 0.4730613 0.7984538 0.4659343 0.7913289 0.465758 0.798238 0.4659343 0.7913289 0.4733703 0.785444 0.4660632 0.7852598 0.4743666 0.7162615 0.4660632 0.7852598 0.4733703 0.785444 0.4660632 0.7852598 0.460025 0.7161379 0.4587656 0.7850805 0.4743829 0.7136597 0.4671877 0.7162111 0.4743666 0.7162615 0.4672124 0.7136157 0.460025 0.7161379 0.4671877 0.7162111 0.4743829 0.7136597 0.4672225 0.7095246 0.4672124 0.7136157 0.4600586 0.7135473 0.4672225 0.7095246 0.4600844 0.7094633 0.4600586 0.7135473 0.452955 0.7093768 0.4529148 0.7134546 0.460025 0.7161379 0.4529148 0.7134546 0.452873 0.7160419 0.4529148 0.7134546 0.4458244 0.7092471 0.4457757 0.7133376 0.4600844 0.7094633 0.4530141 0.7050682 0.452955 0.7093768 0.452955 0.7093768 0.4458938 0.7049753 0.4458244 0.7092471 0.4458244 0.7092471 0.438793 0.704805 0.438708 0.7091637 0.4386475 0.7132226 0.4458244 0.7092471 0.438708 0.7091637 0.4531082 0.7004495 0.4458938 0.7049753 0.4530141 0.7050682 0.4459969 0.7003396 0.438793 0.704805 0.4458938 0.7049753 0.438708 0.7091637 0.4316996 0.7046854 0.4316015 0.708995 0.4389194 0.7001873 0.4316996 0.7046854 0.438793 0.704805 0.4389194 0.7001873 0.431944 0.6950594 0.4318323 0.7000827 0.4459969 0.7003396 0.439024 0.6953087 0.4389194 0.7001873 0.4390435 0.6944953 0.4460985 0.695375 0.4461062 0.6945618 0.4459969 0.7003396 0.4531841 0.6954151 0.4460985 0.695375 0.4531991 0.6946019 0.4460985 0.695375 0.4531841 0.6954151 0.4602093 0.7004962 0.4531841 0.6954151 0.4531082 0.7004495 0.4602826 0.6947968 0.4531841 0.6954151 0.4602702 0.6956103 0.4531082 0.7004495 0.4601279 0.7051383 0.4602093 0.7004962 0.4672949 0.7005579 0.4602702 0.6956103 0.4602093 0.7004962 0.4602093 0.7004962 0.4672459 0.7051936 0.4672949 0.7005579 0.4600844 0.7094633 0.4672459 0.7051936 0.4601279 0.7051383 0.4672949 0.7005579 0.474386 0.7052155 0.4744167 0.700562 0.4743787 0.7095587 0.4672459 0.7051936 0.4672225 0.7095246 0.4815735 0.7005435 0.474386 0.7052155 0.4815524 0.7052146 0.4743787 0.7095587 0.4815524 0.7052146 0.474386 0.7052155 0.4672949 0.7005579 0.4744464 0.6955698 0.4673437 0.6956071 0.4744167 0.700562 0.4815919 0.6955099 0.4744464 0.6955698 0.4887666 0.7005354 0.4815524 0.7052146 0.488745 0.7052038 0.4887666 0.7005354 0.4815919 0.6955099 0.4815735 0.7005435 0.4815858 0.6946873 0.4887635 0.6954404 0.4887665 0.6946173 0.4744419 0.6947518 0.4815919 0.6955099 0.4815858 0.6946873 0.495932 0.694711 0.4887635 0.6954404 0.4959314 0.6955333 0.495943 0.7004742 0.4887635 0.6954404 0.4887666 0.7005354 0.5030621 0.6946035 0.4959314 0.6955333 0.5030749 0.6954241 0.495943 0.7004742 0.5030749 0.6954241 0.4959314 0.6955333 0.5030991 0.7004353 0.5102228 0.6952816 0.5030749 0.6954241 0.5102162 0.6944619 0.5030749 0.6954241 0.5102228 0.6952816 0.5102853 0.7003599 0.5031186 0.7051111 0.5103206 0.7050257 0.495943 0.7004742 0.5031186 0.7051111 0.5030991 0.7004353 0.5031648 0.7094801 0.5103206 0.7050257 0.5031186 0.7051111 0.4959563 0.7095341 0.5031186 0.7051111 0.4959319 0.7051643 0.4887546 0.7095645 0.4959319 0.7051643 0.488745 0.7052038 0.4887666 0.7005354 0.4959319 0.7051643 0.495943 0.7004742 0.4815565 0.7095701 0.488745 0.7052038 0.4815524 0.7052146 0.4887799 0.7136827 0.4959563 0.7095341 0.4887546 0.7095645 0.4815725 0.7136815 0.4887546 0.7095645 0.4815565 0.7095701 0.4743829 0.7136597 0.4815565 0.7095701 0.4743787 0.7095587 0.4887799 0.7136827 0.4815638 0.7162895 0.4887788 0.7162955 0.4815725 0.7136815 0.4743666 0.7162615 0.4815638 0.7162895 0.4815638 0.7162895 0.4733703 0.785444 0.4806768 0.7855875 0.4887788 0.7162955 0.4806768 0.7855875 0.4879977 0.7857568 0.4960048 0.7162763 0.4887799 0.7136827 0.4887788 0.7162955 0.4953461 0.7859117 0.4887788 0.7162955 0.4879977 0.7857568 0.5032433 0.7162308 0.4959964 0.7136591 0.4960048 0.7162763 0.5032433 0.7162308 0.4953461 0.7859117 0.5027231 0.7860903 0.5104982 0.7161518 0.5032238 0.7136093 0.5032433 0.7162308 0.5104982 0.7161518 0.5027231 0.7860903 0.5101234 0.7862509 0.5025871 0.7922518 0.5101234 0.7862509 0.5027231 0.7860903 0.4952216 0.7920163 0.5027231 0.7860903 0.4953461 0.7859117 0.5097866 0.7993812 0.5025871 0.7922518 0.5023967 0.7992054 0.5025871 0.7922518 0.4950361 0.7990038 0.5023967 0.7992054 0.4947637 0.808206 0.5023967 0.7992054 0.4950361 0.7990038 0.5094898 0.8086221 0.5023967 0.7992054 0.5021057 0.8083274 0.5091286 0.8192867 0.5021057 0.8083274 0.5018197 0.818943 0.5021057 0.8083274 0.4944462 0.8186079 0.5018197 0.818943 0.5018197 0.818943 0.4942927 0.8224956 0.5016405 0.8227945 0.5018197 0.818943 0.5089758 0.8230994 0.5091286 0.8192867 0.5089758 0.8230994 0.5012147 0.8335784 0.5085452 0.8338391 0.5016405 0.8227945 0.4938836 0.8333235 0.5012147 0.8335784 0.5012147 0.8335784 0.5085258 0.8343644 0.5085452 0.8338391 0.4938836 0.8333235 0.5011959 0.8341038 0.5012147 0.8335784 0.5011959 0.8341038 0.493847 0.8343718 0.5011769 0.8346264 0.5085258 0.8343644 0.5011769 0.8346264 0.5085061 0.8348869 0.493847 0.8343718 0.5010765 0.83727 0.5011769 0.8346264 0.5011769 0.8346264 0.5084027 0.8375294 0.5085061 0.8348869 0.486519 0.8341267 0.4937491 0.8370163 0.493847 0.8343718 0.4937491 0.8370163 0.5009792 0.8404604 0.5010765 0.83727 0.4864233 0.8367706 0.4936546 0.8402076 0.4937491 0.8370163 0.5009792 0.8404604 0.493526 0.8443067 0.5008473 0.8445583 0.4936546 0.8402076 0.4862049 0.8440622 0.493526 0.8443067 0.5009792 0.8404604 0.5081669 0.8448138 0.5083021 0.8407183 0.5083021 0.8407183 0.5154787 0.8450746 0.5156196 0.8409826 0.5157251 0.8377946 0.5083021 0.8407183 0.5156196 0.8409826 0.5084027 0.8375294 0.5009792 0.8404604 0.5083021 0.8407183 0.5158329 0.8351517 0.5084027 0.8375294 0.5157251 0.8377946 0.5230435 0.8380746 0.5156196 0.8409826 0.5229307 0.841261 0.5158329 0.8351517 0.5230435 0.8380746 0.5231576 0.8354322 0.5303567 0.8383772 0.5229307 0.841261 0.5302357 0.8415597 0.5231576 0.8354322 0.5303567 0.8383772 0.5304783 0.8357385 0.5229307 0.841261 0.5300754 0.8456445 0.5302357 0.8415597 0.5156196 0.8409826 0.5227804 0.8453494 0.5229307 0.841261 0.5375325 0.8418753 0.5300754 0.8456445 0.5373662 0.8459551 0.5448161 0.8421981 0.5373662 0.8459551 0.5446503 0.8462697 0.5376591 0.8386987 0.5448161 0.8421981 0.5449435 0.8390294 0.5376591 0.8386987 0.5302357 0.8415597 0.5375325 0.8418753 0.5377862 0.8360662 0.5449435 0.8390294 0.5450726 0.8364056 0.5304783 0.8357385 0.5376591 0.8386987 0.5377862 0.8360662 0.5378108 0.835546 0.5450726 0.8364056 0.5450977 0.8358874 0.5378108 0.835546 0.5304783 0.8357385 0.5377862 0.8360662 0.5305016 0.8352168 0.5231576 0.8354322 0.5304783 0.8357385 0.5378351 0.8350227 0.5305016 0.8352168 0.5378108 0.835546 0.5305247 0.8346923 0.5231792 0.83491 0.5305016 0.8352168 0.5158532 0.8346293 0.5231576 0.8354322 0.5231792 0.83491 0.5232008 0.8343846 0.5158532 0.8346293 0.5231792 0.83491 0.5158532 0.8346293 0.5085061 0.8348869 0.5158329 0.8351517 0.5085452 0.8338391 0.5158532 0.8346293 0.5158735 0.834104 0.5163185 0.8233054 0.5085452 0.8338391 0.5158735 0.834104 0.5236847 0.823522 0.5158735 0.834104 0.5232008 0.8343846 0.5164535 0.8194475 0.5089758 0.8230994 0.5163185 0.8233054 0.5238612 0.8196126 0.5163185 0.8233054 0.5236847 0.823522 0.5310546 0.8238724 0.5232008 0.8343846 0.5305247 0.8346923 0.5312708 0.8200041 0.5236847 0.823522 0.5310546 0.8238724 0.5238612 0.8196126 0.5316601 0.809378 0.5242608 0.8091444 0.5164535 0.8194475 0.5242608 0.8091444 0.5168833 0.808868 0.5320783 0.8001949 0.5242608 0.8091444 0.5316601 0.809378 0.5246337 0.7998839 0.5168833 0.808868 0.5242608 0.8091444 0.5172047 0.7996606 0.5094898 0.8086221 0.5168833 0.808868 0.5091286 0.8192867 0.5168833 0.808868 0.5094898 0.8086221 0.5248657 0.7928714 0.5172047 0.7996606 0.5246337 0.7998839 0.5174172 0.7925955 0.5097866 0.7993812 0.5172047 0.7996606 0.5099933 0.79241 0.5175639 0.7864264 0.5101234 0.7862509 0.5174172 0.7925955 0.525036 0.7866418 0.5175639 0.7864264 0.5323433 0.7930945 0.5246337 0.7998839 0.5320783 0.8001949 0.5248657 0.7928714 0.5325378 0.7868574 0.525036 0.7866418 0.532373 0.7155991 0.525036 0.7866418 0.5325378 0.7868574 0.5250571 0.7158502 0.5175639 0.7864264 0.525036 0.7866418 0.532373 0.7155991 0.5249825 0.7132124 0.5250571 0.7158502 0.5249825 0.7132124 0.5177676 0.7160283 0.5250571 0.7158502 0.5322672 0.7129503 0.524835 0.7090708 0.5249825 0.7132124 0.5249825 0.7132124 0.5176071 0.709259 0.5177163 0.7133971 0.5177163 0.7133971 0.5103859 0.7093933 0.5104652 0.713526 0.5177676 0.7160283 0.5104652 0.713526 0.5104982 0.7161518 0.5104652 0.713526 0.5031648 0.7094801 0.5032238 0.7136093 0.5176071 0.709259 0.5103206 0.7050257 0.5103859 0.7093933 0.524835 0.7090708 0.5175104 0.7048871 0.5176071 0.709259 0.5102853 0.7003599 0.5175104 0.7048871 0.5174477 0.7002072 0.5174477 0.7002072 0.5246966 0.7047067 0.5245844 0.7000638 0.5245844 0.7000638 0.5318663 0.7044273 0.5316887 0.6997734 0.524835 0.7090708 0.5318663 0.7044273 0.5246966 0.7047067 0.5316887 0.6997734 0.5244434 0.6950529 0.5245844 0.7000638 0.5245844 0.7000638 0.5173606 0.6952764 0.5174477 0.7002072 0.5314589 0.6941065 0.5244434 0.6950529 0.5314888 0.694912 0.5244246 0.694243 0.5173606 0.6952764 0.5244434 0.6950529 0.5102162 0.6944619 0.5173606 0.6952764 0.5173493 0.6944591 0.5174477 0.7002072 0.5102228 0.6952816 0.5102853 0.7003599 0.5384176 0.6937024 0.5314888 0.694912 0.5384714 0.6945013 0.5316887 0.6997734 0.5384714 0.6945013 0.5314888 0.694912 0.5453504 0.6931477 0.5384714 0.6945013 0.5454158 0.6939411 0.5387617 0.6994095 0.5454158 0.6939411 0.5384714 0.6945013 0.5458492 0.6988849 0.5390368 0.7040452 0.5462324 0.7035145 0.5387617 0.6994095 0.5318663 0.7044273 0.5390368 0.7040452 0.5320659 0.7087975 0.5390368 0.7040452 0.5318663 0.7044273 0.539317 0.7084203 0.5462324 0.7035145 0.5390368 0.7040452 0.5322672 0.7129503 0.539317 0.7084203 0.5320659 0.7087975 0.5395875 0.712591 0.5466107 0.7079055 0.539317 0.7084203 0.547161 0.7148004 0.5395875 0.712591 0.5397323 0.7152578 0.5397323 0.7152578 0.5322672 0.7129503 0.532373 0.7155991 0.5397323 0.7152578 0.5325378 0.7868574 0.5401101 0.7870391 0.5477708 0.7872642 0.5397323 0.7152578 0.5401101 0.7870391 0.5544327 0.7114596 0.547161 0.7148004 0.5546899 0.7141956 0.555539 0.7876168 0.547161 0.7148004 0.5477708 0.7872642 0.5620369 0.7106087 0.5546899 0.7141956 0.5623723 0.7134093 0.5634273 0.788021 0.5546899 0.7141956 0.555539 0.7876168 0.5698614 0.7095029 0.5623723 0.7134093 0.5702894 0.7124035 0.5715157 0.7885529 0.5623723 0.7134093 0.5634273 0.788021 0.5629963 0.7945737 0.5715157 0.7885529 0.5634273 0.788021 0.5629963 0.7945737 0.555539 0.7876168 0.555204 0.7940918 0.5700941 0.8027526 0.5629963 0.7945737 0.5623715 0.80195 0.5629963 0.7945737 0.554722 0.8013165 0.5623715 0.80195 0.5539869 0.8106742 0.5623715 0.80195 0.554722 0.8013165 0.5700941 0.8027526 0.5614395 0.8112323 0.5688261 0.8120528 0.5675739 0.8222535 0.5614395 0.8112323 0.5604651 0.8217501 0.5604651 0.8217501 0.5539869 0.8106742 0.5532444 0.8211687 0.5604651 0.8217501 0.5529842 0.8250085 0.5601791 0.825482 0.5604651 0.8217501 0.5672255 0.8259351 0.5675739 0.8222535 0.5672255 0.8259351 0.5595595 0.8360306 0.5666393 0.836286 0.5601791 0.825482 0.5523715 0.8357095 0.5595595 0.8360306 0.5532444 0.8211687 0.5457111 0.8246604 0.5529842 0.8250085 0.5529842 0.8250085 0.5451229 0.8353663 0.5523715 0.8357095 0.5523715 0.8357095 0.5450977 0.8358874 0.5523476 0.8362272 0.5523715 0.8357095 0.5595387 0.8365424 0.5595595 0.8360306 0.5457111 0.8246604 0.5378351 0.8350227 0.5451229 0.8353663 0.5451229 0.8353663 0.5378108 0.835546 0.5450977 0.8358874 0.538398 0.8242591 0.5305247 0.8346923 0.5378351 0.8350227 0.5459331 0.8208565 0.538398 0.8242591 0.5457111 0.8246604 0.5386295 0.8204133 0.5310546 0.8238724 0.538398 0.8242591 0.5316601 0.809378 0.5386295 0.8204133 0.5390904 0.8098113 0.5386295 0.8204133 0.546548 0.8101553 0.5390904 0.8098113 0.546548 0.8101553 0.5532444 0.8211687 0.5539869 0.8106742 0.5390904 0.8098113 0.5471229 0.8008687 0.5395689 0.8004568 0.554722 0.8013165 0.546548 0.8101553 0.5539869 0.8106742 0.555204 0.7940918 0.5471229 0.8008687 0.554722 0.8013165 0.5471229 0.8008687 0.539883 0.7933406 0.5395689 0.8004568 0.5395689 0.8004568 0.5323433 0.7930945 0.5320783 0.8001949 0.5390904 0.8098113 0.5320783 0.8001949 0.5316601 0.809378 0.5475023 0.793642 0.5401101 0.7870391 0.539883 0.7933406 0.539883 0.7933406 0.5325378 0.7868574 0.5323433 0.7930945 0.555204 0.7940918 0.5477708 0.7872642 0.5475023 0.793642 0.5450977 0.8358874 0.5523235 0.8367424 0.5523476 0.8362272 0.5595387 0.8365424 0.5523235 0.8367424 0.5595182 0.8370518 0.5450726 0.8364056 0.5522011 0.8393549 0.5523235 0.8367424 0.5595182 0.8370518 0.5522011 0.8393549 0.5594162 0.839639 0.5666273 0.8367886 0.5595182 0.8370518 0.5666157 0.8372894 0.5595182 0.8370518 0.5665637 0.8398427 0.5666157 0.8372894 0.5594162 0.839639 0.5665394 0.8429561 0.5665637 0.8398427 0.5522011 0.8393549 0.5593288 0.8427768 0.5594162 0.839639 0.5665394 0.8429561 0.5592056 0.8468607 0.5665152 0.8470133 0.5520835 0.8425177 0.5592056 0.8468607 0.5593288 0.8427768 0.5520835 0.8425177 0.5446503 0.8462697 0.5519207 0.8465758 0.5737102 0.8429412 0.5665152 0.8470133 0.5738105 0.8469672 0.5449435 0.8390294 0.5520835 0.8425177 0.5522011 0.8393549 0.5736231 0.8398693 0.5665394 0.8429561 0.5737102 0.8429412 0.5666157 0.8372894 0.5736231 0.8398693 0.5735747 0.8373552 0.5666273 0.8367886 0.5735747 0.8373552 0.5735672 0.8368641 0.5595595 0.8360306 0.5666273 0.8367886 0.5666393 0.836286 0.5700941 0.8027526 0.5761728 0.8131953 0.5779446 0.8038104 0.5709221 0.7952759 0.5779446 0.8038104 0.5791303 0.7961754 0.5791303 0.7961754 0.5715157 0.7885529 0.5709221 0.7952759 0.5698614 0.7095029 0.5614173 0.7062739 0.5620369 0.7106087 0.5544327 0.7114596 0.5614173 0.7062739 0.553961 0.7072068 0.546967 0.7121065 0.553961 0.7072068 0.5466107 0.7079055 0.5175639 0.7864264 0.5104982 0.7161518 0.5101234 0.7862509 0.4870951 0.8184798 0.4947637 0.808206 0.4874264 0.8078421 0.4876991 0.7988379 0.4947637 0.808206 0.4950361 0.7990038 0.4870951 0.8184798 0.4800938 0.8077282 0.4797581 0.8181303 0.4874264 0.8078421 0.4803763 0.7986091 0.4800938 0.8077282 0.4950361 0.7990038 0.4878761 0.791871 0.4876991 0.7988379 0.4876991 0.7988379 0.4805434 0.7917187 0.4803763 0.7986091 0.4730613 0.7984538 0.4805434 0.7917187 0.4732298 0.7914887 0.4805434 0.7917187 0.4879977 0.7857568 0.4806768 0.7855875 0.4805434 0.7917187 0.4733703 0.785444 0.4732298 0.7914887 0.4952216 0.7920163 0.4879977 0.7857568 0.4878761 0.791871 0.4959964 0.7136591 0.5031648 0.7094801 0.4959563 0.7095341 0.4744419 0.6947518 0.4673437 0.6956071 0.4744464 0.6955698 0.4673426 0.6947937 0.4602702 0.6956103 0.4673437 0.6956071 0.4318323 0.7000827 0.4246109 0.704517 0.4316996 0.7046854 0.4315201 0.713059 0.438708 0.7091637 0.4316015 0.708995 0.4587656 0.7850805 0.452873 0.7160419 0.4514619 0.7848842 0.1889795 0.9061319 0.18461 0.9025809 0.1885426 0.9066418 0.1917365 0.9029132 0.1851355 0.9021617 0.1889795 0.9061319 0.5722324 0.6881909 0.5658557 0.6908584 0.5725054 0.6889391 0.5741978 0.6936855 0.5658557 0.6908584 0.5670448 0.6957044 0.4004294 0.7838041 0.3959032 0.7141013 0.3930808 0.7837077 0.3720668 0.8160718 0.378692 0.8058181 0.3715751 0.8060858 0.3784429 0.7968659 0.3715751 0.8060858 0.378692 0.8058181 0.3782926 0.7898757 0.3710843 0.7970731 0.3784429 0.7968659 0.5810831 0.8466891 0.5738105 0.8469672 0.5738105 0.8469672 0.351957 0.8383662 0.3585464 0.8388922 0.351957 0.8383662 0.3585464 0.8388922 0.3651422 0.8392645 0.3585464 0.8388922 0.3651422 0.8392645 0.371805 0.8395564 0.3651422 0.8392645 0.3785504 0.8398249 0.3853813 0.8401 0.3785504 0.8398249 0.371805 0.8395564 0.3785504 0.8398249 0.371805 0.8395564 0.392293 0.8403906 0.3853813 0.8401 0.3853813 0.8401 0.399277 0.8406972 0.392293 0.8403906 0.392293 0.8403906 0.4063271 0.8410185 0.4134376 0.8413492 0.4063271 0.8410185 0.4063271 0.8410185 0.399277 0.8406972 0.399277 0.8406972 0.4206037 0.8416818 0.4134376 0.8413492 0.4134376 0.8413492 0.4206037 0.8416818 0.4278181 0.8420051 0.4206037 0.8416818 0.4642642 0.8433457 0.4715636 0.8435765 0.4642642 0.8433457 0.4642642 0.8433457 0.456955 0.8431141 0.456955 0.8431141 0.456955 0.8431141 0.4496456 0.8428668 0.4496456 0.8428668 0.4496456 0.8428668 0.4423466 0.8425986 0.4423466 0.8425986 0.4423466 0.8425986 0.4350686 0.8423111 0.4350686 0.8423111 0.4278181 0.8420051 0.4350686 0.8423111 0.4278181 0.8420051 0.4715636 0.8435765 0.4788769 0.8438235 0.4715636 0.8435765 0.4788769 0.8438235 0.4862049 0.8440622 0.4788769 0.8438235 0.493526 0.8443067 0.5008473 0.8445583 0.493526 0.8443067 0.4862049 0.8440622 0.493526 0.8443067 0.4862049 0.8440622 0.5008473 0.8445583 0.5081669 0.8448138 0.5008473 0.8445583 0.5081669 0.8448138 0.5154787 0.8450746 0.5081669 0.8448138 0.5300754 0.8456445 0.5227804 0.8453494 0.5227804 0.8453494 0.5154787 0.8450746 0.5227804 0.8453494 0.5154787 0.8450746 0.5373662 0.8459551 0.5300754 0.8456445 0.5300754 0.8456445 0.5373662 0.8459551 0.5446503 0.8462697 0.5373662 0.8459551 0.5665152 0.8470133 0.5592056 0.8468607 0.5592056 0.8468607 0.5519207 0.8465758 0.5592056 0.8468607 0.5519207 0.8465758 0.5446503 0.8462697 0.5519207 0.8465758 0.5446503 0.8462697 0.5665152 0.8470133 0.5738105 0.8469672 0.5665152 0.8470133 0.468935 0.6398847 0.4613127 0.6548904 0.4629895 0.6390249 0.6385617 0.6557719 0.6326804 0.6574301 0.6325969 0.656073 0.5561395 0.6404726 0.5503649 0.6427706 0.5503669 0.6405258 0.5676373 0.6436597 0.5738598 0.6584212 0.5680254 0.6585713 0.4629895 0.6390249 0.454816 0.6546717 0.4569118 0.6377251 0.5330536 0.6436889 0.5387153 0.6587781 0.5328329 0.6587041 0.561912 0.643753 0.5680254 0.6585713 0.5621809 0.6586871 0.6433562 0.6378474 0.6385272 0.6546437 0.6371181 0.6390051 0.5330536 0.6436889 0.526943 0.6585899 0.5272598 0.64356 0.6371181 0.6390051 0.6325258 0.6549631 0.6311274 0.6397707 0.5272598 0.64356 0.5210464 0.6584355 0.5214636 0.6433856 0.5388245 0.6437759 0.544591 0.6588123 0.5387153 0.6587781 0.6311274 0.6397707 0.6266105 0.6553948 0.6252568 0.6403716 0.5214636 0.6433856 0.5151429 0.65824 0.515682 0.6431645 0.6252568 0.6403716 0.620732 0.6558555 0.6194483 0.6408922 0.515682 0.6431645 0.5092306 0.658004 0.5098702 0.6429082 0.6136687 0.6413614 0.620732 0.6558555 0.6148673 0.6563075 0.5098702 0.6429082 0.5033106 0.6577288 0.5040289 0.6426168 0.6079014 0.6417886 0.6148673 0.6563075 0.6090058 0.6567333 0.5040289 0.6426168 0.4973853 0.657415 0.4981998 0.6422934 0.6021383 0.642176 0.6090058 0.6567333 0.6031418 0.6571244 0.4981998 0.6422934 0.4914543 0.6570619 0.4923829 0.6419275 0.5963765 0.642524 0.6031418 0.6571244 0.5972713 0.6574749 0.4923829 0.6419275 0.4855132 0.6566692 0.4865585 0.6415203 0.5906164 0.6428318 0.5972713 0.6574749 0.5913891 0.6577775 0.4807046 0.6410599 0.4855132 0.6566692 0.4795544 0.6562395 0.5848608 0.6430993 0.5913891 0.6577775 0.5855177 0.6580302 0.4807046 0.6410599 0.4735631 0.65578 0.4748307 0.6405274 0.5791124 0.6433272 0.5855177 0.6580302 0.5796828 0.6582426 0.4748307 0.6405274 0.4675067 0.6553109 0.468935 0.6398847 0.5445898 0.643826 0.5504614 0.6588077 0.544591 0.6588123 0.5791124 0.6433272 0.5738598 0.6584212 0.5733712 0.643515 0.6149508 0.6574038 0.6091783 0.6591786 0.6090837 0.6578299 0.5210153 0.6595395 0.5268895 0.661049 0.5209759 0.6608974 0.5387066 0.6598782 0.5445873 0.6612629 0.538695 0.6612313 0.6325969 0.656073 0.6267961 0.6578462 0.6266949 0.6564958 0.5151041 0.6593456 0.5209759 0.6608974 0.5150554 0.6607053 0.6266949 0.6564958 0.6209232 0.6583011 0.6208186 0.6569529 0.5151041 0.6593456 0.5091264 0.6604725 0.5091844 0.659111 0.6191701 0.637582 0.6135855 0.6402993 0.6134203 0.6380603 0.5091844 0.659111 0.5031903 0.6602001 0.5032571 0.658837 0.6208186 0.6569529 0.615052 0.6587518 0.6149508 0.6574038 0.4973245 0.6585242 0.5031903 0.6602001 0.4972488 0.6598886 0.6090837 0.6578299 0.6032991 0.6595723 0.6032128 0.6582221 0.4913862 0.6581726 0.4972488 0.6598886 0.4913017 0.6595385 0.5973342 0.6585744 0.6032991 0.6595723 0.5974108 0.6599273 0.4913862 0.6581726 0.4853454 0.6591511 0.4854382 0.6577824 0.5914421 0.658877 0.5974108 0.6599273 0.591505 0.6602303 0.4854382 0.6577824 0.4793744 0.6587303 0.4794735 0.6573568 0.5855615 0.6591253 0.591505 0.6602303 0.5856115 0.6604727 0.4794735 0.6573568 0.4733783 0.6582877 0.4734795 0.6569056 0.5797205 0.6593333 0.5856115 0.6604727 0.5797646 0.6606746 0.4674279 0.656453 0.4733783 0.6582877 0.4673353 0.6578517 0.5445898 0.6599112 0.5504736 0.6612557 0.5445873 0.6612629 0.5738923 0.6595115 0.5797646 0.6606746 0.5739318 0.6608521 0.4674279 0.656453 0.4612013 0.657492 0.461258 0.656063 0.5446153 0.6405262 0.5503649 0.6427706 0.5445945 0.6427642 0.5680519 0.6596637 0.5739318 0.6608521 0.5680838 0.6610072 0.461258 0.656063 0.4548644 0.6573919 0.4548149 0.6559013 0.5387066 0.6598782 0.532796 0.6611601 0.5328168 0.6598055 0.5622007 0.6597815 0.5680838 0.6610072 0.5622242 0.6611276 0.6385617 0.6557719 0.6446218 0.6571771 0.6385963 0.6571428 0.5328168 0.6598055 0.5268895 0.661049 0.5269194 0.6596926 0.5622007 0.6597815 0.5563535 0.6612106 0.5563386 0.6598622 0.5042096 0.6392782 0.5099207 0.6418361 0.5040851 0.6415431 0.6134203 0.6380603 0.6078259 0.6407279 0.6076778 0.6384913 0.5042096 0.6392782 0.4982627 0.641222 0.4984059 0.6389646 0.601938 0.6388801 0.6078259 0.6407279 0.6020702 0.6411159 0.4984059 0.6389646 0.4924535 0.6408596 0.492616 0.6386034 0.601938 0.6388801 0.5963158 0.6414641 0.596199 0.639229 0.492616 0.6386034 0.4866384 0.6404463 0.4868214 0.6381853 0.596199 0.639229 0.590563 0.6417723 0.5904616 0.6395386 0.4868214 0.6381853 0.4807961 0.6399788 0.4810022 0.637712 0.5904616 0.6395386 0.5848147 0.642041 0.5847285 0.6398096 0.4810022 0.637712 0.4749389 0.6394462 0.4751781 0.6371789 0.5847285 0.6398096 0.5790736 0.6422703 0.5790027 0.6400418 0.4693726 0.6365373 0.4749389 0.6394462 0.4690731 0.638799 0.3527672 0.4894644 0.3564444 0.4857892 0.3732771 0.5063118 0.5790027 0.6400418 0.5733401 0.6424595 0.5732847 0.6402342 0.4636076 0.635689 0.4690731 0.638799 0.463186 0.6379328 0.5561395 0.6404726 0.5618981 0.6426963 0.5561472 0.6427487 0.5732847 0.6402342 0.5676151 0.6426055 0.5675746 0.6403866 0.4636076 0.635689 0.4572165 0.6366199 0.4579551 0.634402 0.5388754 0.6404802 0.5330732 0.6426248 0.5331292 0.6403828 0.5675746 0.6403866 0.5618981 0.6426963 0.5618801 0.6405042 0.636559 0.6355981 0.6430757 0.6367086 0.6369407 0.6378946 0.5331292 0.6403828 0.5272874 0.6424908 0.5273578 0.6402442 0.636559 0.6355981 0.6309988 0.6386831 0.6307304 0.6364089 0.5273578 0.6402442 0.5214996 0.6423205 0.521582 0.6400783 0.5446153 0.6405262 0.5388365 0.6427175 0.5388754 0.6404802 0.6307304 0.6364089 0.6251515 0.6392986 0.6249361 0.6370427 0.521582 0.6400783 0.515726 0.6420975 0.5158279 0.6398844 0.6249361 0.6370427 0.619356 0.6398266 0.6191701 0.637582 0.5100371 0.6395391 0.515726 0.6420975 0.5099207 0.6418361 0.5504736 0.6612557 0.5563685 0.6628773 0.5504777 0.6629247 0.360015 0.4814935 0.3655723 0.4809105 0.360768 0.4829008 0.5504736 0.6612557 0.5445805 0.6629337 0.5445873 0.6612629 0.360015 0.4814935 0.3564444 0.4857892 0.3554317 0.484556 0.538695 0.6612313 0.5445805 0.6629337 0.5386772 0.6629037 0.3515341 0.4884523 0.3564444 0.4857892 0.3527672 0.4894644 0.538695 0.6612313 0.5327669 0.6628347 0.532796 0.6611601 0.3515341 0.4884523 0.3498767 0.4937835 0.3484715 0.4930313 0.5268895 0.661049 0.5327669 0.6628347 0.526849 0.6627255 0.3463584 0.4981194 0.3498767 0.4937835 0.347885 0.4985845 0.5209759 0.6608974 0.526849 0.6627255 0.520924 0.662576 0.3452765 0.5035271 0.347885 0.4985845 0.3468668 0.5036852 0.5209759 0.6608974 0.5149919 0.662386 0.5150554 0.6607053 0.3452765 0.5035271 0.3468611 0.5088871 0.3452722 0.5090427 0.5150554 0.6607053 0.5090516 0.6621553 0.5091264 0.6604725 0.3452722 0.5090427 0.3478707 0.5139881 0.3463432 0.5144505 0.5031903 0.6602001 0.5090516 0.6621553 0.5031043 0.6618846 0.3484473 0.5195442 0.3478707 0.5139881 0.3498548 0.5187934 0.5031903 0.6602001 0.4971518 0.6615746 0.4972488 0.6598886 0.3515021 0.5241284 0.3498548 0.5187934 0.3527358 0.523119 0.4913017 0.6595385 0.4971518 0.6615746 0.491194 0.6612266 0.3553923 0.5280317 0.3527358 0.523119 0.3564073 0.526799 0.4853454 0.6591511 0.491194 0.6612266 0.4852281 0.6608422 0.3599695 0.5311009 0.3564073 0.526799 0.3607237 0.5296964 0.4793744 0.6587303 0.4852281 0.6608422 0.4792497 0.6604263 0.3650556 0.5332198 0.3607237 0.5296964 0.3655224 0.5316937 0.4733783 0.6582877 0.4792497 0.6604263 0.4732525 0.659992 0.3704616 0.5343078 0.3655224 0.5316937 0.3706217 0.532718 0.4733783 0.6582877 0.4672233 0.6595712 0.4673353 0.6578517 0.3759759 0.5343194 0.3706217 0.532718 0.3758229 0.5327308 0.4673353 0.6578517 0.4611398 0.6592386 0.4612013 0.657492 0.3759759 0.5343194 0.3809255 0.5317319 0.3813825 0.5332595 0.4548644 0.6573919 0.4611398 0.6592386 0.4549742 0.6591786 0.3864821 0.5311781 0.3809255 0.5317319 0.3857425 0.5297647 0.6446218 0.6571771 0.6386296 0.6588103 0.6385963 0.6571428 0.3911796 0.528041 0.3858445 0.5297244 0.3901616 0.52681 0.6326804 0.6574301 0.6386296 0.6588103 0.6327773 0.6590947 0.3950687 0.5241305 0.3901616 0.52681 0.3938317 0.523121 0.6267961 0.6578462 0.6327773 0.6590947 0.6269164 0.6595098 0.3950687 0.5241305 0.396713 0.5187906 0.3981223 0.5195399 0.6267961 0.6578462 0.6210483 0.6599651 0.6209232 0.6583011 0.3981223 0.5195399 0.3986959 0.5139839 0.4002227 0.5144446 0.615052 0.6587518 0.6210483 0.6599651 0.6151731 0.6604171 0.4012917 0.5090352 0.3986959 0.5139839 0.3997012 0.5088809 0.6091783 0.6591786 0.6151731 0.6604171 0.6092912 0.6608456 0.4012839 0.5035188 0.3997012 0.5088809 0.399695 0.503678 0.6091783 0.6591786 0.6034022 0.6612415 0.6032991 0.6595723 0.4012839 0.5035188 0.398674 0.498578 0.4002008 0.4981122 0.5974108 0.6599273 0.6034022 0.6612415 0.5975032 0.661601 0.3980851 0.4930216 0.398674 0.498578 0.3966787 0.4937757 0.5974108 0.6599273 0.5915826 0.6619237 0.591505 0.6602303 0.3980851 0.4930216 0.3937873 0.4894551 0.3950192 0.4884425 0.5856115 0.6604727 0.5915826 0.6619237 0.5856717 0.6621378 0.3911186 0.484546 0.3937873 0.4894551 0.3901058 0.485782 0.5797646 0.6606746 0.5856717 0.6621378 0.5798166 0.6623127 0.3865302 0.4814851 0.3901058 0.485782 0.385779 0.4828938 0.5739318 0.6608521 0.5798166 0.6623127 0.573978 0.6625078 0.3865302 0.4814851 0.3809735 0.4809061 0.3814356 0.4793787 0.5739318 0.6608521 0.5681201 0.6626678 0.5680838 0.6610072 0.3814356 0.4793787 0.3758747 0.4798928 0.3760305 0.4783058 0.5622242 0.6611276 0.5681201 0.6626678 0.5622498 0.6627915 0.3705176 0.4783058 0.3758747 0.4798928 0.3706744 0.4798958 0.5622242 0.6611276 0.5563685 0.6628773 0.5563535 0.6612106 0.3651084 0.4793829 0.3706744 0.4798958 0.3655723 0.4809105 0.5561546 0.6438108 0.5621809 0.6586871 0.5563257 0.6587659 0.5504614 0.6588077 0.5563386 0.6598622 0.5504674 0.6599055 0.5504614 0.6588077 0.5445898 0.6599112 0.544591 0.6588123 0.5387153 0.6587781 0.5445898 0.6599112 0.5387066 0.6598782 0.5328329 0.6587041 0.5387066 0.6598782 0.5328168 0.6598055 0.526943 0.6585899 0.5328168 0.6598055 0.5269194 0.6596926 0.526943 0.6585899 0.5210153 0.6595395 0.5210464 0.6584355 0.5151429 0.65824 0.5210153 0.6595395 0.5151041 0.6593456 0.5151429 0.65824 0.5091844 0.659111 0.5092306 0.658004 0.5092306 0.658004 0.5032571 0.658837 0.5033106 0.6577288 0.5033106 0.6577288 0.4973245 0.6585242 0.4973853 0.657415 0.4973853 0.657415 0.4913862 0.6581726 0.4914543 0.6570619 0.4855132 0.6566692 0.4913862 0.6581726 0.4854382 0.6577824 0.4795544 0.6562395 0.4854382 0.6577824 0.4794735 0.6573568 0.4735631 0.65578 0.4794735 0.6573568 0.4734795 0.6569056 0.4735631 0.65578 0.4674279 0.656453 0.4675067 0.6553109 0.4675067 0.6553109 0.461258 0.656063 0.4613127 0.6548904 0.454816 0.6546717 0.461258 0.656063 0.4548149 0.6559013 0.644738 0.6545906 0.6385617 0.6557719 0.6385272 0.6546437 0.6325258 0.6549631 0.6385617 0.6557719 0.6325969 0.656073 0.6325258 0.6549631 0.6266949 0.6564958 0.6266105 0.6553948 0.6266105 0.6553948 0.6208186 0.6569529 0.620732 0.6558555 0.6148673 0.6563075 0.6208186 0.6569529 0.6149508 0.6574038 0.6090058 0.6567333 0.6149508 0.6574038 0.6090837 0.6578299 0.6090058 0.6567333 0.6032128 0.6582221 0.6031418 0.6571244 0.5972713 0.6574749 0.6032128 0.6582221 0.5973342 0.6585744 0.5972713 0.6574749 0.5914421 0.658877 0.5913891 0.6577775 0.5855177 0.6580302 0.5914421 0.658877 0.5855615 0.6591253 0.5855177 0.6580302 0.5797205 0.6593333 0.5796828 0.6582426 0.5796828 0.6582426 0.5738923 0.6595115 0.5738598 0.6584212 0.5680254 0.6585713 0.5738923 0.6595115 0.5680519 0.6596637 0.5621809 0.6586871 0.5680519 0.6596637 0.5622007 0.6597815 0.5563257 0.6587659 0.5622007 0.6597815 0.5563386 0.6598622 0.5504674 0.6599055 0.5563535 0.6612106 0.5504736 0.6612557 0.5503649 0.6427706 0.5561504 0.6432819 0.5503655 0.6433047 0.5561504 0.6432819 0.5503666 0.6438345 0.5503655 0.6433047 0.5503649 0.6427706 0.544592 0.6432973 0.5445945 0.6427642 0.544592 0.6432973 0.5503666 0.6438345 0.5445898 0.643826 0.5388365 0.6427175 0.544592 0.6432973 0.5388302 0.6432472 0.5388302 0.6432472 0.5445898 0.643826 0.5388245 0.6437759 0.5330732 0.6426248 0.5388302 0.6432472 0.5330631 0.643159 0.5330631 0.643159 0.5388245 0.6437759 0.5330536 0.6436889 0.5272874 0.6424908 0.5330631 0.643159 0.5272732 0.643029 0.5272732 0.643029 0.5330536 0.6436889 0.5272598 0.64356 0.5214996 0.6423205 0.5272732 0.643029 0.5214813 0.6428551 0.5214813 0.6428551 0.5272598 0.64356 0.5214636 0.6433856 0.515726 0.6420975 0.5214813 0.6428551 0.5157035 0.6426332 0.5214813 0.6428551 0.515682 0.6431645 0.5157035 0.6426332 0.5099207 0.6418361 0.5157035 0.6426332 0.5098949 0.6423743 0.5098949 0.6423743 0.515682 0.6431645 0.5098702 0.6429082 0.5040851 0.6415431 0.5098949 0.6423743 0.5040566 0.6420821 0.5040566 0.6420821 0.5098702 0.6429082 0.5040289 0.6426168 0.4982627 0.641222 0.5040566 0.6420821 0.4982308 0.6417598 0.4982308 0.6417598 0.5040289 0.6426168 0.4981998 0.6422934 0.4924535 0.6408596 0.4982308 0.6417598 0.4924178 0.641394 0.4982308 0.6417598 0.4923829 0.6419275 0.4924178 0.641394 0.4866384 0.6404463 0.4924178 0.641394 0.4865978 0.6409853 0.4924178 0.641394 0.4865585 0.6415203 0.4865978 0.6409853 0.4807961 0.6399788 0.4865978 0.6409853 0.4807497 0.6405229 0.4807497 0.6405229 0.4865585 0.6415203 0.4807046 0.6410599 0.4749389 0.6394462 0.4807497 0.6405229 0.4748842 0.6399887 0.4807497 0.6405229 0.4748307 0.6405274 0.4748842 0.6399887 0.4690731 0.638799 0.4748842 0.6399887 0.4690032 0.6393432 0.4748842 0.6399887 0.468935 0.6398847 0.4690032 0.6393432 0.463186 0.6379328 0.4690032 0.6393432 0.4630869 0.6384788 0.4630869 0.6384788 0.468935 0.6398847 0.4629895 0.6390249 0.4572165 0.6366199 0.4630869 0.6384788 0.4570516 0.6371679 0.4630869 0.6384788 0.4569118 0.6377251 0.4570516 0.6371679 0.6369407 0.6378946 0.6432297 0.6372766 0.6370306 0.6384515 0.6370306 0.6384515 0.6433562 0.6378474 0.6371181 0.6390051 0.6309988 0.6386831 0.6370306 0.6384515 0.6310636 0.6392286 0.6310636 0.6392286 0.6371181 0.6390051 0.6311274 0.6397707 0.6251515 0.6392986 0.6310636 0.6392286 0.6252043 0.639837 0.6252043 0.639837 0.6311274 0.6397707 0.6252568 0.6403716 0.619356 0.6398266 0.6252043 0.639837 0.6194021 0.6403615 0.6194021 0.6403615 0.6252568 0.6403716 0.6194483 0.6408922 0.619356 0.6398266 0.613627 0.6408325 0.6135855 0.6402993 0.6194021 0.6403615 0.6136687 0.6413614 0.613627 0.6408325 0.6135855 0.6402993 0.6078635 0.6412604 0.6078259 0.6407279 0.613627 0.6408325 0.6079014 0.6417886 0.6078635 0.6412604 0.6020702 0.6411159 0.6078635 0.6412604 0.6021041 0.6416481 0.6021041 0.6416481 0.6079014 0.6417886 0.6021383 0.642176 0.6020702 0.6411159 0.596346 0.6419962 0.5963158 0.6414641 0.6021041 0.6416481 0.5963765 0.642524 0.596346 0.6419962 0.590563 0.6417723 0.596346 0.6419962 0.5905895 0.6423043 0.596346 0.6419962 0.5906164 0.6428318 0.5905895 0.6423043 0.590563 0.6417723 0.5848375 0.6425723 0.5848147 0.642041 0.5905895 0.6423043 0.5848608 0.6430993 0.5848375 0.6425723 0.5790736 0.6422703 0.5848375 0.6425723 0.5790928 0.6428009 0.5790928 0.6428009 0.5848608 0.6430993 0.5791124 0.6433272 0.5790736 0.6422703 0.5733554 0.6429893 0.5733401 0.6424595 0.5733554 0.6429893 0.5791124 0.6433272 0.5733712 0.643515 0.5733401 0.6424595 0.567626 0.6431346 0.5676151 0.6426055 0.567626 0.6431346 0.5733712 0.643515 0.5676373 0.6436597 0.5676151 0.6426055 0.5619046 0.6432268 0.5618981 0.6426963 0.567626 0.6431346 0.561912 0.643753 0.5619046 0.6432268 0.5561472 0.6427487 0.5619046 0.6432268 0.5561504 0.6432819 0.5561504 0.6432819 0.561912 0.643753 0.5561546 0.6438108 0.5503666 0.6438345 0.5563257 0.6587659 0.5504614 0.6588077 0.3758747 0.4798928 0.3809735 0.4809061 0.3732771 0.5063118 0.3997012 0.5088809 0.3986959 0.5139839 0.3732771 0.5063118 0.3706217 0.532718 0.3655224 0.5316937 0.3732771 0.5063118 0.3468668 0.5036852 0.347885 0.4985845 0.3732771 0.5063118 0.3966787 0.4937757 0.398674 0.498578 0.3732771 0.5063118 0.3857425 0.5297647 0.3809255 0.5317319 0.3732771 0.5063118 0.3498548 0.5187934 0.3478707 0.5139881 0.3732771 0.5063118 0.360768 0.4829008 0.3655723 0.4809105 0.3732771 0.5063118 0.385779 0.4828938 0.3901058 0.485782 0.3732771 0.5063118 0.396713 0.5187906 0.3938317 0.523121 0.3732771 0.5063118 0.3607237 0.5296964 0.3564073 0.526799 0.3732771 0.5063118 0.3498767 0.4937835 0.3527672 0.4894644 0.3732771 0.5063118 0.3706744 0.4798958 0.3758747 0.4798928 0.3732771 0.5063118 0.399695 0.503678 0.3997012 0.5088809 0.3732771 0.5063118 0.3758229 0.5327308 0.3706217 0.532718 0.3732771 0.5063118 0.3468611 0.5088871 0.3468668 0.5036852 0.3732771 0.5063118 0.3937873 0.4894551 0.3966787 0.4937757 0.3732771 0.5063118 0.3901616 0.52681 0.3858445 0.5297244 0.3732771 0.5063118 0.3527358 0.523119 0.3498548 0.5187934 0.3732771 0.5063118 0.3564444 0.4857892 0.360768 0.4829008 0.3732771 0.5063118 0.3655723 0.4809105 0.3706744 0.4798958 0.3732771 0.5063118 0.3809735 0.4809061 0.385779 0.4828938 0.3732771 0.5063118 0.3986959 0.5139839 0.396713 0.5187906 0.3732771 0.5063118 0.3655224 0.5316937 0.3607237 0.5296964 0.3732771 0.5063118 0.347885 0.4985845 0.3498767 0.4937835 0.3732771 0.5063118 0.398674 0.498578 0.399695 0.503678 0.3732771 0.5063118 0.3809255 0.5317319 0.3758229 0.5327308 0.3732771 0.5063118 0.3478707 0.5139881 0.3468611 0.5088871 0.3732771 0.5063118 0.3901058 0.485782 0.3937873 0.4894551 0.3732771 0.5063118 0.3938317 0.523121 0.3901616 0.52681 0.3732771 0.5063118 0.3564073 0.526799 0.3527358 0.523119 0.3732771 0.5063118 0.468935 0.6398847 0.4675067 0.6553109 0.4613127 0.6548904 0.6385617 0.6557719 0.6385963 0.6571428 0.6326804 0.6574301 0.5561395 0.6404726 0.5561472 0.6427487 0.5503649 0.6427706 0.5676373 0.6436597 0.5733712 0.643515 0.5738598 0.6584212 0.4629895 0.6390249 0.4613127 0.6548904 0.454816 0.6546717 0.5330536 0.6436889 0.5388245 0.6437759 0.5387153 0.6587781 0.561912 0.643753 0.5676373 0.6436597 0.5680254 0.6585713 0.6433562 0.6378474 0.644738 0.6545906 0.6385272 0.6546437 0.5330536 0.6436889 0.5328329 0.6587041 0.526943 0.6585899 0.6371181 0.6390051 0.6385272 0.6546437 0.6325258 0.6549631 0.5272598 0.64356 0.526943 0.6585899 0.5210464 0.6584355 0.5388245 0.6437759 0.5445898 0.643826 0.544591 0.6588123 0.6311274 0.6397707 0.6325258 0.6549631 0.6266105 0.6553948 0.5214636 0.6433856 0.5210464 0.6584355 0.5151429 0.65824 0.6252568 0.6403716 0.6266105 0.6553948 0.620732 0.6558555 0.515682 0.6431645 0.5151429 0.65824 0.5092306 0.658004 0.6136687 0.6413614 0.6194483 0.6408922 0.620732 0.6558555 0.5098702 0.6429082 0.5092306 0.658004 0.5033106 0.6577288 0.6079014 0.6417886 0.6136687 0.6413614 0.6148673 0.6563075 0.5040289 0.6426168 0.5033106 0.6577288 0.4973853 0.657415 0.6021383 0.642176 0.6079014 0.6417886 0.6090058 0.6567333 0.4981998 0.6422934 0.4973853 0.657415 0.4914543 0.6570619 0.5963765 0.642524 0.6021383 0.642176 0.6031418 0.6571244 0.4923829 0.6419275 0.4914543 0.6570619 0.4855132 0.6566692 0.5906164 0.6428318 0.5963765 0.642524 0.5972713 0.6574749 0.4807046 0.6410599 0.4865585 0.6415203 0.4855132 0.6566692 0.5848608 0.6430993 0.5906164 0.6428318 0.5913891 0.6577775 0.4807046 0.6410599 0.4795544 0.6562395 0.4735631 0.65578 0.5791124 0.6433272 0.5848608 0.6430993 0.5855177 0.6580302 0.4748307 0.6405274 0.4735631 0.65578 0.4675067 0.6553109 0.5445898 0.643826 0.5503666 0.6438345 0.5504614 0.6588077 0.5791124 0.6433272 0.5796828 0.6582426 0.5738598 0.6584212 0.6149508 0.6574038 0.615052 0.6587518 0.6091783 0.6591786 0.5210153 0.6595395 0.5269194 0.6596926 0.5268895 0.661049 0.5387066 0.6598782 0.5445898 0.6599112 0.5445873 0.6612629 0.6325969 0.656073 0.6326804 0.6574301 0.6267961 0.6578462 0.5151041 0.6593456 0.5210153 0.6595395 0.5209759 0.6608974 0.6266949 0.6564958 0.6267961 0.6578462 0.6209232 0.6583011 0.5151041 0.6593456 0.5150554 0.6607053 0.5091264 0.6604725 0.6191701 0.637582 0.619356 0.6398266 0.6135855 0.6402993 0.5091844 0.659111 0.5091264 0.6604725 0.5031903 0.6602001 0.6208186 0.6569529 0.6209232 0.6583011 0.615052 0.6587518 0.4973245 0.6585242 0.5032571 0.658837 0.5031903 0.6602001 0.6090837 0.6578299 0.6091783 0.6591786 0.6032991 0.6595723 0.4913862 0.6581726 0.4973245 0.6585242 0.4972488 0.6598886 0.5973342 0.6585744 0.6032128 0.6582221 0.6032991 0.6595723 0.4913862 0.6581726 0.4913017 0.6595385 0.4853454 0.6591511 0.5914421 0.658877 0.5973342 0.6585744 0.5974108 0.6599273 0.4854382 0.6577824 0.4853454 0.6591511 0.4793744 0.6587303 0.5855615 0.6591253 0.5914421 0.658877 0.591505 0.6602303 0.4794735 0.6573568 0.4793744 0.6587303 0.4733783 0.6582877 0.5797205 0.6593333 0.5855615 0.6591253 0.5856115 0.6604727 0.4674279 0.656453 0.4734795 0.6569056 0.4733783 0.6582877 0.5445898 0.6599112 0.5504674 0.6599055 0.5504736 0.6612557 0.5738923 0.6595115 0.5797205 0.6593333 0.5797646 0.6606746 0.4674279 0.656453 0.4673353 0.6578517 0.4612013 0.657492 0.5446153 0.6405262 0.5503669 0.6405258 0.5503649 0.6427706 0.5680519 0.6596637 0.5738923 0.6595115 0.5739318 0.6608521 0.461258 0.656063 0.4612013 0.657492 0.4548644 0.6573919 0.5387066 0.6598782 0.538695 0.6612313 0.532796 0.6611601 0.5622007 0.6597815 0.5680519 0.6596637 0.5680838 0.6610072 0.6385617 0.6557719 0.6447069 0.6557625 0.6446218 0.6571771 0.5328168 0.6598055 0.532796 0.6611601 0.5268895 0.661049 0.5622007 0.6597815 0.5622242 0.6611276 0.5563535 0.6612106 0.5042096 0.6392782 0.5100371 0.6395391 0.5099207 0.6418361 0.6134203 0.6380603 0.6135855 0.6402993 0.6078259 0.6407279 0.5042096 0.6392782 0.5040851 0.6415431 0.4982627 0.641222 0.601938 0.6388801 0.6076778 0.6384913 0.6078259 0.6407279 0.4984059 0.6389646 0.4982627 0.641222 0.4924535 0.6408596 0.601938 0.6388801 0.6020702 0.6411159 0.5963158 0.6414641 0.492616 0.6386034 0.4924535 0.6408596 0.4866384 0.6404463 0.596199 0.639229 0.5963158 0.6414641 0.590563 0.6417723 0.4868214 0.6381853 0.4866384 0.6404463 0.4807961 0.6399788 0.5904616 0.6395386 0.590563 0.6417723 0.5848147 0.642041 0.4810022 0.637712 0.4807961 0.6399788 0.4749389 0.6394462 0.5847285 0.6398096 0.5848147 0.642041 0.5790736 0.6422703 0.4693726 0.6365373 0.4751781 0.6371789 0.4749389 0.6394462 0.5790027 0.6400418 0.5790736 0.6422703 0.5733401 0.6424595 0.4636076 0.635689 0.4693726 0.6365373 0.4690731 0.638799 0.5561395 0.6404726 0.5618801 0.6405042 0.5618981 0.6426963 0.5732847 0.6402342 0.5733401 0.6424595 0.5676151 0.6426055 0.4636076 0.635689 0.463186 0.6379328 0.4572165 0.6366199 0.5388754 0.6404802 0.5388365 0.6427175 0.5330732 0.6426248 0.5675746 0.6403866 0.5676151 0.6426055 0.5618981 0.6426963 0.636559 0.6355981 0.6423817 0.6344021 0.6430757 0.6367086 0.5331292 0.6403828 0.5330732 0.6426248 0.5272874 0.6424908 0.636559 0.6355981 0.6369407 0.6378946 0.6309988 0.6386831 0.5273578 0.6402442 0.5272874 0.6424908 0.5214996 0.6423205 0.5446153 0.6405262 0.5445945 0.6427642 0.5388365 0.6427175 0.6307304 0.6364089 0.6309988 0.6386831 0.6251515 0.6392986 0.521582 0.6400783 0.5214996 0.6423205 0.515726 0.6420975 0.6249361 0.6370427 0.6251515 0.6392986 0.619356 0.6398266 0.5100371 0.6395391 0.5158279 0.6398844 0.515726 0.6420975 0.5504736 0.6612557 0.5563535 0.6612106 0.5563685 0.6628773 0.360015 0.4814935 0.3651084 0.4793829 0.3655723 0.4809105 0.5504736 0.6612557 0.5504777 0.6629247 0.5445805 0.6629337 0.360015 0.4814935 0.360768 0.4829008 0.3564444 0.4857892 0.538695 0.6612313 0.5445873 0.6612629 0.5445805 0.6629337 0.3515341 0.4884523 0.3554317 0.484556 0.3564444 0.4857892 0.538695 0.6612313 0.5386772 0.6629037 0.5327669 0.6628347 0.3515341 0.4884523 0.3527672 0.4894644 0.3498767 0.4937835 0.5268895 0.661049 0.532796 0.6611601 0.5327669 0.6628347 0.3463584 0.4981194 0.3484715 0.4930313 0.3498767 0.4937835 0.5209759 0.6608974 0.5268895 0.661049 0.526849 0.6627255 0.3452765 0.5035271 0.3463584 0.4981194 0.347885 0.4985845 0.5209759 0.6608974 0.520924 0.662576 0.5149919 0.662386 0.3452765 0.5035271 0.3468668 0.5036852 0.3468611 0.5088871 0.5150554 0.6607053 0.5149919 0.662386 0.5090516 0.6621553 0.3452722 0.5090427 0.3468611 0.5088871 0.3478707 0.5139881 0.5031903 0.6602001 0.5091264 0.6604725 0.5090516 0.6621553 0.3484473 0.5195442 0.3463432 0.5144505 0.3478707 0.5139881 0.5031903 0.6602001 0.5031043 0.6618846 0.4971518 0.6615746 0.3515021 0.5241284 0.3484473 0.5195442 0.3498548 0.5187934 0.4913017 0.6595385 0.4972488 0.6598886 0.4971518 0.6615746 0.3553923 0.5280317 0.3515021 0.5241284 0.3527358 0.523119 0.4853454 0.6591511 0.4913017 0.6595385 0.491194 0.6612266 0.3599695 0.5311009 0.3553923 0.5280317 0.3564073 0.526799 0.4793744 0.6587303 0.4853454 0.6591511 0.4852281 0.6608422 0.3650556 0.5332198 0.3599695 0.5311009 0.3607237 0.5296964 0.4733783 0.6582877 0.4793744 0.6587303 0.4792497 0.6604263 0.3704616 0.5343078 0.3650556 0.5332198 0.3655224 0.5316937 0.4733783 0.6582877 0.4732525 0.659992 0.4672233 0.6595712 0.3759759 0.5343194 0.3704616 0.5343078 0.3706217 0.532718 0.4673353 0.6578517 0.4672233 0.6595712 0.4611398 0.6592386 0.3759759 0.5343194 0.3758229 0.5327308 0.3809255 0.5317319 0.4548644 0.6573919 0.4612013 0.657492 0.4611398 0.6592386 0.3864821 0.5311781 0.3813825 0.5332595 0.3809255 0.5317319 0.6446218 0.6571771 0.6444799 0.6588629 0.6386296 0.6588103 0.3911796 0.528041 0.3866092 0.5311266 0.3858445 0.5297244 0.6326804 0.6574301 0.6385963 0.6571428 0.6386296 0.6588103 0.3950687 0.5241305 0.3911796 0.528041 0.3901616 0.52681 0.6267961 0.6578462 0.6326804 0.6574301 0.6327773 0.6590947 0.3950687 0.5241305 0.3938317 0.523121 0.396713 0.5187906 0.6267961 0.6578462 0.6269164 0.6595098 0.6210483 0.6599651 0.3981223 0.5195399 0.396713 0.5187906 0.3986959 0.5139839 0.615052 0.6587518 0.6209232 0.6583011 0.6210483 0.6599651 0.4012917 0.5090352 0.4002227 0.5144446 0.3986959 0.5139839 0.6091783 0.6591786 0.615052 0.6587518 0.6151731 0.6604171 0.4012839 0.5035188 0.4012917 0.5090352 0.3997012 0.5088809 0.6091783 0.6591786 0.6092912 0.6608456 0.6034022 0.6612415 0.4012839 0.5035188 0.399695 0.503678 0.398674 0.498578 0.5974108 0.6599273 0.6032991 0.6595723 0.6034022 0.6612415 0.3980851 0.4930216 0.4002008 0.4981122 0.398674 0.498578 0.5974108 0.6599273 0.5975032 0.661601 0.5915826 0.6619237 0.3980851 0.4930216 0.3966787 0.4937757 0.3937873 0.4894551 0.5856115 0.6604727 0.591505 0.6602303 0.5915826 0.6619237 0.3911186 0.484546 0.3950192 0.4884425 0.3937873 0.4894551 0.5797646 0.6606746 0.5856115 0.6604727 0.5856717 0.6621378 0.3865302 0.4814851 0.3911186 0.484546 0.3901058 0.485782 0.5739318 0.6608521 0.5797646 0.6606746 0.5798166 0.6623127 0.3865302 0.4814851 0.385779 0.4828938 0.3809735 0.4809061 0.5739318 0.6608521 0.573978 0.6625078 0.5681201 0.6626678 0.3814356 0.4793787 0.3809735 0.4809061 0.3758747 0.4798928 0.5622242 0.6611276 0.5680838 0.6610072 0.5681201 0.6626678 0.3705176 0.4783058 0.3760305 0.4783058 0.3758747 0.4798928 0.5622242 0.6611276 0.5622498 0.6627915 0.5563685 0.6628773 0.3651084 0.4793829 0.3705176 0.4783058 0.3706744 0.4798958 0.5561546 0.6438108 0.561912 0.643753 0.5621809 0.6586871 0.5504614 0.6588077 0.5563257 0.6587659 0.5563386 0.6598622 0.5504614 0.6588077 0.5504674 0.6599055 0.5445898 0.6599112 0.5387153 0.6587781 0.544591 0.6588123 0.5445898 0.6599112 0.5328329 0.6587041 0.5387153 0.6587781 0.5387066 0.6598782 0.526943 0.6585899 0.5328329 0.6587041 0.5328168 0.6598055 0.526943 0.6585899 0.5269194 0.6596926 0.5210153 0.6595395 0.5151429 0.65824 0.5210464 0.6584355 0.5210153 0.6595395 0.5151429 0.65824 0.5151041 0.6593456 0.5091844 0.659111 0.5092306 0.658004 0.5091844 0.659111 0.5032571 0.658837 0.5033106 0.6577288 0.5032571 0.658837 0.4973245 0.6585242 0.4973853 0.657415 0.4973245 0.6585242 0.4913862 0.6581726 0.4855132 0.6566692 0.4914543 0.6570619 0.4913862 0.6581726 0.4795544 0.6562395 0.4855132 0.6566692 0.4854382 0.6577824 0.4735631 0.65578 0.4795544 0.6562395 0.4794735 0.6573568 0.4735631 0.65578 0.4734795 0.6569056 0.4674279 0.656453 0.4675067 0.6553109 0.4674279 0.656453 0.461258 0.656063 0.454816 0.6546717 0.4613127 0.6548904 0.461258 0.656063 0.644738 0.6545906 0.6447069 0.6557625 0.6385617 0.6557719 0.6325258 0.6549631 0.6385272 0.6546437 0.6385617 0.6557719 0.6325258 0.6549631 0.6325969 0.656073 0.6266949 0.6564958 0.6266105 0.6553948 0.6266949 0.6564958 0.6208186 0.6569529 0.6148673 0.6563075 0.620732 0.6558555 0.6208186 0.6569529 0.6090058 0.6567333 0.6148673 0.6563075 0.6149508 0.6574038 0.6090058 0.6567333 0.6090837 0.6578299 0.6032128 0.6582221 0.5972713 0.6574749 0.6031418 0.6571244 0.6032128 0.6582221 0.5972713 0.6574749 0.5973342 0.6585744 0.5914421 0.658877 0.5855177 0.6580302 0.5913891 0.6577775 0.5914421 0.658877 0.5855177 0.6580302 0.5855615 0.6591253 0.5797205 0.6593333 0.5796828 0.6582426 0.5797205 0.6593333 0.5738923 0.6595115 0.5680254 0.6585713 0.5738598 0.6584212 0.5738923 0.6595115 0.5621809 0.6586871 0.5680254 0.6585713 0.5680519 0.6596637 0.5563257 0.6587659 0.5621809 0.6586871 0.5622007 0.6597815 0.5504674 0.6599055 0.5563386 0.6598622 0.5563535 0.6612106 0.5503649 0.6427706 0.5561472 0.6427487 0.5561504 0.6432819 0.5561504 0.6432819 0.5561546 0.6438108 0.5503666 0.6438345 0.5503649 0.6427706 0.5503655 0.6433047 0.544592 0.6432973 0.544592 0.6432973 0.5503655 0.6433047 0.5503666 0.6438345 0.5388365 0.6427175 0.5445945 0.6427642 0.544592 0.6432973 0.5388302 0.6432472 0.544592 0.6432973 0.5445898 0.643826 0.5330732 0.6426248 0.5388365 0.6427175 0.5388302 0.6432472 0.5330631 0.643159 0.5388302 0.6432472 0.5388245 0.6437759 0.5272874 0.6424908 0.5330732 0.6426248 0.5330631 0.643159 0.5272732 0.643029 0.5330631 0.643159 0.5330536 0.6436889 0.5214996 0.6423205 0.5272874 0.6424908 0.5272732 0.643029 0.5214813 0.6428551 0.5272732 0.643029 0.5272598 0.64356 0.515726 0.6420975 0.5214996 0.6423205 0.5214813 0.6428551 0.5214813 0.6428551 0.5214636 0.6433856 0.515682 0.6431645 0.5099207 0.6418361 0.515726 0.6420975 0.5157035 0.6426332 0.5098949 0.6423743 0.5157035 0.6426332 0.515682 0.6431645 0.5040851 0.6415431 0.5099207 0.6418361 0.5098949 0.6423743 0.5040566 0.6420821 0.5098949 0.6423743 0.5098702 0.6429082 0.4982627 0.641222 0.5040851 0.6415431 0.5040566 0.6420821 0.4982308 0.6417598 0.5040566 0.6420821 0.5040289 0.6426168 0.4924535 0.6408596 0.4982627 0.641222 0.4982308 0.6417598 0.4982308 0.6417598 0.4981998 0.6422934 0.4923829 0.6419275 0.4866384 0.6404463 0.4924535 0.6408596 0.4924178 0.641394 0.4924178 0.641394 0.4923829 0.6419275 0.4865585 0.6415203 0.4807961 0.6399788 0.4866384 0.6404463 0.4865978 0.6409853 0.4807497 0.6405229 0.4865978 0.6409853 0.4865585 0.6415203 0.4749389 0.6394462 0.4807961 0.6399788 0.4807497 0.6405229 0.4807497 0.6405229 0.4807046 0.6410599 0.4748307 0.6405274 0.4690731 0.638799 0.4749389 0.6394462 0.4748842 0.6399887 0.4748842 0.6399887 0.4748307 0.6405274 0.468935 0.6398847 0.463186 0.6379328 0.4690731 0.638799 0.4690032 0.6393432 0.4630869 0.6384788 0.4690032 0.6393432 0.468935 0.6398847 0.4572165 0.6366199 0.463186 0.6379328 0.4630869 0.6384788 0.4630869 0.6384788 0.4629895 0.6390249 0.4569118 0.6377251 0.6369407 0.6378946 0.6430757 0.6367086 0.6432297 0.6372766 0.6370306 0.6384515 0.6432297 0.6372766 0.6433562 0.6378474 0.6309988 0.6386831 0.6369407 0.6378946 0.6370306 0.6384515 0.6310636 0.6392286 0.6370306 0.6384515 0.6371181 0.6390051 0.6251515 0.6392986 0.6309988 0.6386831 0.6310636 0.6392286 0.6252043 0.639837 0.6310636 0.6392286 0.6311274 0.6397707 0.619356 0.6398266 0.6251515 0.6392986 0.6252043 0.639837 0.6194021 0.6403615 0.6252043 0.639837 0.6252568 0.6403716 0.619356 0.6398266 0.6194021 0.6403615 0.613627 0.6408325 0.6194021 0.6403615 0.6194483 0.6408922 0.6136687 0.6413614 0.6135855 0.6402993 0.613627 0.6408325 0.6078635 0.6412604 0.613627 0.6408325 0.6136687 0.6413614 0.6079014 0.6417886 0.6020702 0.6411159 0.6078259 0.6407279 0.6078635 0.6412604 0.6021041 0.6416481 0.6078635 0.6412604 0.6079014 0.6417886 0.6020702 0.6411159 0.6021041 0.6416481 0.596346 0.6419962 0.6021041 0.6416481 0.6021383 0.642176 0.5963765 0.642524 0.590563 0.6417723 0.5963158 0.6414641 0.596346 0.6419962 0.596346 0.6419962 0.5963765 0.642524 0.5906164 0.6428318 0.590563 0.6417723 0.5905895 0.6423043 0.5848375 0.6425723 0.5905895 0.6423043 0.5906164 0.6428318 0.5848608 0.6430993 0.5790736 0.6422703 0.5848147 0.642041 0.5848375 0.6425723 0.5790928 0.6428009 0.5848375 0.6425723 0.5848608 0.6430993 0.5790736 0.6422703 0.5790928 0.6428009 0.5733554 0.6429893 0.5733554 0.6429893 0.5790928 0.6428009 0.5791124 0.6433272 0.5733401 0.6424595 0.5733554 0.6429893 0.567626 0.6431346 0.567626 0.6431346 0.5733554 0.6429893 0.5733712 0.643515 0.5676151 0.6426055 0.567626 0.6431346 0.5619046 0.6432268 0.567626 0.6431346 0.5676373 0.6436597 0.561912 0.643753 0.5561472 0.6427487 0.5618981 0.6426963 0.5619046 0.6432268 0.5561504 0.6432819 0.5619046 0.6432268 0.561912 0.643753 0.5503666 0.6438345 0.5561546 0.6438108 0.5563257 0.6587659 0.4553513 0.9868396 0.4496672 0.9326749 0.455351 0.9326749 0.4610351 0.9868396 0.455351 0.9326749 0.4610348 0.9326749 0.2848359 0.9868396 0.2791523 0.9326749 0.2848361 0.9326749 0.2905198 0.9868397 0.2848361 0.9326749 0.29052 0.932675 0.2962037 0.9868397 0.29052 0.932675 0.2962038 0.932675 0.3018876 0.932675 0.2962037 0.9868397 0.2962038 0.932675 0.3075714 0.9868397 0.3018876 0.932675 0.3075714 0.932675 0.3132551 0.9868398 0.3075714 0.932675 0.3132553 0.932675 0.3189392 0.932675 0.3132551 0.9868398 0.3132553 0.932675 0.3246229 0.9868398 0.3189392 0.932675 0.324623 0.932675 0.3303067 0.9868398 0.324623 0.932675 0.3303068 0.9326751 0.3359906 0.9868398 0.3303068 0.9326751 0.3359906 0.932675 0.3416744 0.932675 0.3359906 0.9868398 0.3359906 0.932675 0.3473582 0.9868398 0.3416744 0.932675 0.3473583 0.9326751 0.3530421 0.9868398 0.3473583 0.9326751 0.3530421 0.9326751 0.3587259 0.9868398 0.3530421 0.9326751 0.3587259 0.9326751 0.3644098 0.9868398 0.3587259 0.9326751 0.3644098 0.9326751 0.3700936 0.9868398 0.3644098 0.9326751 0.3700936 0.9326751 0.3757775 0.9868398 0.3700936 0.9326751 0.3757775 0.9326751 0.3814613 0.9868398 0.3757775 0.9326751 0.3814614 0.9326751 0.3871452 0.9326751 0.3814613 0.9868398 0.3814614 0.9326751 0.392829 0.9868398 0.3871452 0.9326751 0.392829 0.9326751 0.3985128 0.9868398 0.392829 0.9326751 0.3985128 0.9326751 0.4041966 0.9326751 0.3985128 0.9868398 0.3985128 0.9326751 0.4098805 0.9326751 0.4041967 0.9868398 0.4041966 0.9326751 0.4155644 0.9868398 0.4098805 0.9326751 0.4155642 0.9326751 0.4212481 0.932675 0.4155644 0.9868398 0.4155642 0.9326751 0.426932 0.932675 0.4212482 0.9868398 0.4212481 0.932675 0.4326159 0.9868397 0.426932 0.932675 0.4326158 0.932675 0.4382998 0.9868397 0.4326158 0.932675 0.4382995 0.932675 0.4439836 0.9868397 0.4382995 0.932675 0.4439833 0.932675 0.4496672 0.9326749 0.4439836 0.9868397 0.4439833 0.932675 0.4553513 0.9868396 0.4496674 0.9868397 0.4496672 0.9326749 0.4610351 0.9868396 0.4553513 0.9868396 0.455351 0.9326749 0.2848359 0.9868396 0.2791522 0.9868396 0.2791523 0.9326749 0.2905198 0.9868397 0.2848359 0.9868396 0.2848361 0.9326749 0.2962037 0.9868397 0.2905198 0.9868397 0.29052 0.932675 0.3018876 0.932675 0.3018875 0.9868397 0.2962037 0.9868397 0.3075714 0.9868397 0.3018875 0.9868397 0.3018876 0.932675 0.3132551 0.9868398 0.3075714 0.9868397 0.3075714 0.932675 0.3189392 0.932675 0.318939 0.9868398 0.3132551 0.9868398 0.3246229 0.9868398 0.318939 0.9868398 0.3189392 0.932675 0.3303067 0.9868398 0.3246229 0.9868398 0.324623 0.932675 0.3359906 0.9868398 0.3303067 0.9868398 0.3303068 0.9326751 0.3416744 0.932675 0.3416744 0.9868398 0.3359906 0.9868398 0.3473582 0.9868398 0.3416744 0.9868398 0.3416744 0.932675 0.3530421 0.9868398 0.3473582 0.9868398 0.3473583 0.9326751 0.3587259 0.9868398 0.3530421 0.9868398 0.3530421 0.9326751 0.3644098 0.9868398 0.3587259 0.9868398 0.3587259 0.9326751 0.3700936 0.9868398 0.3644098 0.9868398 0.3644098 0.9326751 0.3757775 0.9868398 0.3700936 0.9868398 0.3700936 0.9326751 0.3814613 0.9868398 0.3757775 0.9868398 0.3757775 0.9326751 0.3871452 0.9326751 0.3871452 0.9868398 0.3814613 0.9868398 0.392829 0.9868398 0.3871452 0.9868398 0.3871452 0.9326751 0.3985128 0.9868398 0.392829 0.9868398 0.392829 0.9326751 0.4041966 0.9326751 0.4041967 0.9868398 0.3985128 0.9868398 0.4098805 0.9326751 0.4098805 0.9868398 0.4041967 0.9868398 0.4155644 0.9868398 0.4098805 0.9868398 0.4098805 0.9326751 0.4212481 0.932675 0.4212482 0.9868398 0.4155644 0.9868398 0.426932 0.932675 0.4269321 0.9868398 0.4212482 0.9868398 0.4326159 0.9868397 0.4269321 0.9868398 0.426932 0.932675 0.4382998 0.9868397 0.4326159 0.9868397 0.4326158 0.932675 0.4439836 0.9868397 0.4382998 0.9868397 0.4382995 0.932675 0.4496672 0.9326749 0.4496674 0.9868397 0.4439836 0.9868397 0.5810831 0.8466891 0.5810831 0.8466891 0.5738105 0.8469672 0.351957 0.8383662 0.3585464 0.8388922 0.3585464 0.8388922 0.3585464 0.8388922 0.3651422 0.8392645 0.3651422 0.8392645 0.3651422 0.8392645 0.371805 0.8395564 0.371805 0.8395564 0.3785504 0.8398249 0.3853813 0.8401 0.3853813 0.8401 0.371805 0.8395564 0.3785504 0.8398249 0.3785504 0.8398249 0.392293 0.8403906 0.392293 0.8403906 0.3853813 0.8401 0.399277 0.8406972 0.399277 0.8406972 0.392293 0.8403906 0.4063271 0.8410185 0.4134376 0.8413492 0.4134376 0.8413492 0.4063271 0.8410185 0.4063271 0.8410185 0.399277 0.8406972 0.4206037 0.8416818 0.4206037 0.8416818 0.4134376 0.8413492 0.4206037 0.8416818 0.4278181 0.8420051 0.4278181 0.8420051 0.4642642 0.8433457 0.4715636 0.8435765 0.4715636 0.8435765 0.4642642 0.8433457 0.4642642 0.8433457 0.456955 0.8431141 0.456955 0.8431141 0.456955 0.8431141 0.4496456 0.8428668 0.4496456 0.8428668 0.4496456 0.8428668 0.4423466 0.8425986 0.4423466 0.8425986 0.4423466 0.8425986 0.4350686 0.8423111 0.4278181 0.8420051 0.4350686 0.8423111 0.4350686 0.8423111 0.4715636 0.8435765 0.4788769 0.8438235 0.4788769 0.8438235 0.4788769 0.8438235 0.4862049 0.8440622 0.4862049 0.8440622 0.493526 0.8443067 0.5008473 0.8445583 0.5008473 0.8445583 0.4862049 0.8440622 0.493526 0.8443067 0.493526 0.8443067 0.5008473 0.8445583 0.5081669 0.8448138 0.5081669 0.8448138 0.5081669 0.8448138 0.5154787 0.8450746 0.5154787 0.8450746 0.5300754 0.8456445 0.5300754 0.8456445 0.5227804 0.8453494 0.5154787 0.8450746 0.5227804 0.8453494 0.5227804 0.8453494 0.5373662 0.8459551 0.5373662 0.8459551 0.5300754 0.8456445 0.5373662 0.8459551 0.5446503 0.8462697 0.5446503 0.8462697 0.5665152 0.8470133 0.5665152 0.8470133 0.5592056 0.8468607 0.5519207 0.8465758 0.5592056 0.8468607 0.5592056 0.8468607 0.5446503 0.8462697 0.5519207 0.8465758 0.5519207 0.8465758 0.5665152 0.8470133 0.5738105 0.8469672 0.5738105 0.8469672</float_array>
          <technique_common>
            <accessor source="#Bottle_E_A_Lying-mesh-map-0-array" count="9888" stride="2">
              <param name="S" type="float"/>
              <param name="T" type="float"/>
            </accessor>
          </technique_common>
        </source>
        <vertices id="Bottle_E_A_Lying-mesh-vertices">
          <input semantic="POSITION" source="#Bottle_E_A_Lying-mesh-positions"/>
        </vertices>
        <triangles material="AK_Bottles_Plastic-material" count="3296">
          <input semantic="VERTEX" source="#Bottle_E_A_Lying-mesh-vertices" offset="0"/>
          <input semantic="NORMAL" source="#Bottle_E_A_Lying-mesh-normals" offset="1"/>
          <input semantic="TEXCOORD" source="#Bottle_E_A_Lying-mesh-map-0" offset="2" set="0"/>
          <p>0 0 0 237 1 1 3 2 2 2 3 3 1 4 4 0 0 5 0 0 6 6 5 7 2 3 8 7 6 9 0 0 10 3 2 11 9 7 12 4 8 13 7 6 14 5 9 15 6 5 16 4 8 17 8 10 18 3 2 19 240 11 20 10 12 21 7 6 22 8 10 23 12 13 24 9 7 25 11 14 26 11 14 27 10 12 28 13 15 29 14 16 30 12 13 31 11 14 32 15 17 33 11 14 34 13 15 35 14 16 36 19 18 37 17 19 38 14 16 39 18 20 40 16 21 41 17 19 42 23 22 43 18 20 44 21 23 45 17 19 46 19 18 47 21 23 48 22 24 49 20 25 50 20 25 51 25 26 52 23 22 53 630 27 54 23 22 55 24 28 56 23 22 57 26 29 58 24 28 59 25 26 60 28 30 61 26 29 62 22 24 63 27 31 64 25 26 65 27 31 66 666 32 67 28 30 68 30 33 69 29 34 70 27 31 71 31 35 72 32 36 73 30 33 74 65 37 75 30 33 76 22 24 77 33 38 78 34 39 79 32 36 80 32 36 81 36 40 82 29 34 83 35 41 84 37 42 85 34 39 86 36 40 87 37 42 88 38 43 89 38 43 90 40 44 91 41 45 92 39 46 93 40 44 94 37 42 95 41 45 96 43 47 97 44 48 98 40 44 99 45 49 100 43 47 101 48 50 102 45 49 103 42 51 104 48 50 105 47 52 106 46 53 107 51 54 108 48 50 109 50 55 110 50 55 111 42 51 112 39 46 113 53 56 114 50 55 115 52 57 116 52 57 117 39 46 118 35 41 119 54 58 120 53 56 121 52 57 122 33 38 123 52 57 124 35 41 125 31 35 126 54 58 127 33 38 128 55 59 129 56 60 130 54 58 131 56 60 132 106 61 133 53 56 134 59 62 135 56 60 136 58 63 137 61 64 138 58 63 139 60 65 140 60 65 141 55 59 142 63 66 143 62 67 144 61 64 145 60 65 146 64 68 147 60 65 148 63 66 149 63 66 150 31 35 151 65 37 152 21 23 153 63 66 154 65 37 155 21 23 156 66 69 157 64 68 158 62 67 159 66 69 160 67 70 161 67 70 162 68 71 163 69 72 164 19 18 165 68 71 166 66 69 167 15 17 168 70 73 169 68 71 170 69 72 171 70 73 172 71 74 173 71 74 174 72 75 175 74 76 176 70 73 177 10 12 178 72 75 179 72 75 180 8 10 181 73 77 182 74 76 183 73 77 184 76 78 185 71 74 186 75 79 187 87 80 188 78 81 189 74 76 190 76 78 191 79 82 192 76 78 193 77 83 194 76 78 195 241 84 196 77 83 197 82 85 198 78 81 199 79 82 200 83 86 201 78 81 202 80 87 203 167 88 204 80 87 205 82 85 206 84 89 207 80 87 208 81 90 209 86 91 210 83 86 211 84 89 212 85 92 213 75 79 214 83 86 215 90 93 216 85 92 217 86 91 218 88 94 219 87 80 220 85 92 221 91 95 222 89 96 223 88 94 224 92 97 225 88 94 226 90 93 227 96 98 228 91 95 229 92 97 230 94 99 231 93 100 232 91 95 233 95 101 234 97 102 235 61 64 236 94 99 237 98 103 238 97 102 239 98 103 240 99 104 241 97 102 242 97 102 243 59 62 244 61 64 245 99 104 246 102 105 247 101 106 248 59 62 249 101 106 250 57 107 251 57 107 252 103 108 253 106 61 254 102 105 255 103 108 256 101 106 257 103 108 258 107 109 259 106 61 260 105 110 261 104 111 262 103 108 263 106 61 264 51 54 265 53 56 266 107 109 267 109 112 268 108 113 269 51 54 270 108 113 271 49 114 272 109 112 273 110 115 274 108 113 275 49 114 276 110 115 277 47 52 278 114 116 279 111 117 280 109 112 281 115 118 282 112 119 283 114 116 284 116 120 285 115 118 286 114 116 287 104 111 288 114 116 289 109 112 290 105 110 291 117 121 292 116 120 293 117 121 294 122 122 295 115 118 296 118 123 297 119 124 298 117 121 299 120 125 300 122 122 301 119 124 302 135 126 303 119 124 304 121 127 305 123 128 306 124 129 307 122 122 308 122 122 309 113 130 310 115 118 311 128 131 312 125 132 313 123 128 314 128 131 315 127 133 316 126 134 317 130 135 318 129 136 319 128 131 320 120 125 321 128 131 322 123 128 323 133 137 324 130 135 325 132 138 326 132 138 327 120 125 328 135 126 329 363 139 330 132 138 331 134 140 332 134 140 333 135 126 334 136 141 335 136 141 336 121 127 337 138 142 338 364 143 339 136 141 340 137 144 341 137 144 342 138 142 343 139 145 344 140 146 345 121 127 346 118 123 347 139 145 348 140 146 349 141 147 350 140 146 351 105 110 352 102 105 353 100 148 354 140 146 355 102 105 356 98 103 357 141 147 358 100 148 359 142 149 360 139 145 361 141 147 362 96 98 363 142 149 364 98 103 365 146 150 366 142 149 367 143 151 368 144 152 369 137 144 370 139 145 371 146 150 372 145 153 373 144 152 374 146 150 375 149 154 376 147 155 377 146 150 378 151 156 379 148 157 380 373 158 381 148 157 382 150 159 383 152 160 384 148 157 385 151 156 386 152 160 387 92 97 388 90 93 389 96 98 390 151 156 391 143 151 392 150 159 393 153 161 394 155 162 395 152 160 396 86 91 397 153 161 398 153 161 399 84 89 400 154 163 401 155 162 402 154 163 403 157 164 404 373 158 405 155 162 406 156 165 407 156 165 408 157 164 409 158 166 410 158 166 411 159 167 412 160 168 413 159 167 414 154 163 415 161 169 416 163 170 417 159 167 418 162 171 419 159 167 420 165 172 421 162 171 422 163 170 423 164 173 424 316 174 425 165 172 426 164 173 427 162 171 428 167 88 429 166 175 430 165 172 431 161 169 432 167 88 433 165 172 434 82 85 435 168 176 436 167 88 437 168 176 438 318 177 439 166 175 440 170 178 441 169 179 442 168 176 443 170 178 444 174 180 445 172 181 446 79 82 447 170 178 448 82 85 449 321 182 450 172 181 451 173 183 452 173 183 453 174 180 454 176 184 455 243 185 456 174 180 457 171 186 458 176 184 459 175 187 460 177 188 461 178 189 462 177 188 463 180 190 464 176 184 465 181 191 466 173 183 467 248 192 468 178 189 469 180 190 470 183 193 471 178 189 472 179 194 473 173 183 474 182 195 475 321 182 476 184 196 477 181 191 478 183 193 479 185 197 480 179 194 481 188 198 482 185 197 483 184 196 484 183 193 485 185 197 486 212 199 487 186 200 488 190 201 489 185 197 490 188 198 491 188 198 492 248 192 493 189 202 494 191 203 495 188 198 496 189 202 497 187 204 498 190 201 499 192 205 500 190 201 501 191 203 502 192 205 503 200 206 504 193 207 505 192 205 506 193 207 507 204 208 508 192 205 509 214 209 510 194 210 511 192 205 512 194 210 513 205 211 514 192 205 515 213 212 516 195 213 517 192 205 518 195 213 519 206 214 520 192 205 521 212 199 522 187 204 523 192 205 524 196 215 525 211 216 526 192 205 527 217 217 528 196 215 529 192 205 530 197 218 531 208 219 532 192 205 533 215 220 534 197 218 535 192 205 536 216 221 537 198 222 538 192 205 539 198 222 540 210 223 541 192 205 542 191 203 543 199 224 544 192 205 545 199 224 546 207 225 547 192 205 548 209 226 549 200 206 550 192 205 551 201 227 552 214 209 553 192 205 554 218 228 555 201 227 556 192 205 557 202 229 558 213 212 559 192 205 560 219 230 561 202 229 562 192 205 563 203 231 564 212 199 565 192 205 566 220 232 567 203 231 568 192 205 569 204 208 570 217 217 571 192 205 572 205 211 573 215 220 574 192 205 575 206 214 576 216 221 577 192 205 578 207 225 579 221 233 580 192 205 581 208 219 582 219 230 583 192 205 584 221 233 585 209 226 586 192 205 587 210 223 588 220 232 589 192 205 590 211 216 591 218 228 592 192 205 593 222 234 594 207 225 595 224 235 596 223 236 597 221 233 598 222 234 599 223 236 600 225 237 601 226 238 602 224 235 603 225 237 604 222 234 605 225 237 606 229 239 607 226 238 608 227 240 609 228 241 610 225 237 611 232 242 612 228 241 613 231 243 614 231 243 615 230 244 616 233 245 617 231 243 618 235 246 619 232 242 620 234 247 621 233 245 622 236 248 623 1 4 624 234 247 625 237 1 626 237 1 627 236 248 628 238 249 629 3 2 630 238 249 631 240 11 632 238 249 633 242 250 634 239 251 635 240 11 636 239 251 637 241 84 638 73 77 639 240 11 640 241 84 641 241 84 642 243 185 643 77 83 644 243 185 645 242 250 646 175 187 647 77 83 648 171 186 649 79 82 650 244 252 651 236 248 652 233 245 653 244 252 654 175 187 655 242 250 656 177 188 657 245 253 658 180 190 659 233 245 660 245 253 661 244 252 662 246 254 663 180 190 664 245 253 665 246 254 666 230 244 667 227 240 668 224 235 669 246 254 670 227 240 671 189 202 672 246 254 673 247 255 674 207 225 675 247 255 676 224 235 677 199 224 678 189 202 679 247 255 680 251 256 681 235 246 682 1 4 683 232 242 684 249 257 685 250 258 686 250 258 687 252 259 688 253 260 689 254 261 690 249 257 691 251 256 692 253 260 693 255 262 694 258 263 695 254 261 696 255 262 697 252 259 698 609 264 699 255 262 700 256 265 701 258 263 702 257 266 703 259 267 704 258 263 705 262 268 706 260 269 707 253 260 708 260 269 709 263 270 710 271 271 711 260 269 712 262 268 713 261 272 714 263 270 715 260 269 716 266 273 717 263 270 718 265 274 719 253 260 720 264 275 721 250 258 722 269 276 723 265 274 724 261 272 725 268 277 726 265 274 727 267 278 728 267 278 729 200 206 730 268 277 731 204 208 732 267 278 733 269 276 734 270 279 735 261 272 736 271 271 737 270 279 738 204 208 739 269 276 740 270 279 741 273 280 742 272 281 743 272 281 744 217 217 745 270 279 746 274 282 747 273 280 748 275 283 749 211 216 750 272 281 751 274 282 752 276 284 753 275 283 754 277 285 755 276 284 756 211 216 757 274 282 758 276 284 759 279 286 760 278 287 761 201 227 762 276 284 763 278 287 764 280 288 765 279 286 766 281 289 767 280 288 768 201 227 769 278 287 770 280 288 771 283 290 772 282 291 773 282 291 774 214 209 775 280 288 776 205 211 777 282 291 778 284 292 779 284 292 780 283 290 781 285 293 782 286 294 783 285 293 784 287 295 785 286 294 786 205 211 787 284 292 788 288 296 789 287 295 790 289 297 791 197 218 792 286 294 793 288 296 794 290 298 795 289 297 796 291 299 797 290 298 798 197 218 799 288 296 800 290 298 801 293 300 802 292 301 803 219 230 804 290 298 805 292 301 806 294 302 807 293 300 808 295 303 809 202 229 810 292 301 811 294 302 812 296 304 813 295 303 814 297 305 815 296 304 816 202 229 817 294 302 818 298 306 819 297 305 820 299 307 821 298 306 822 213 212 823 296 304 824 300 308 825 195 213 826 298 306 827 300 308 828 299 307 829 301 309 830 302 310 831 301 309 832 304 311 833 216 221 834 300 308 835 302 310 836 303 312 837 216 221 838 302 310 839 303 312 840 304 311 841 306 313 842 301 309 843 305 314 844 304 311 845 306 313 846 305 314 847 308 315 848 326 316 849 306 313 850 307 317 851 307 317 852 308 315 853 310 318 854 464 319 855 308 315 856 305 314 857 312 320 858 308 315 859 309 321 860 307 317 861 311 322 862 324 323 863 313 324 864 310 318 865 312 320 866 313 324 867 314 325 868 317 326 869 312 320 870 315 327 871 314 325 872 327 328 873 314 325 874 315 327 875 164 173 876 314 325 877 316 174 878 313 324 879 318 177 880 319 329 881 166 175 882 317 326 883 164 173 884 319 329 885 169 179 886 321 182 887 319 329 888 311 322 889 313 324 890 320 330 891 321 182 892 182 195 893 322 331 894 182 195 895 184 196 896 324 323 897 320 330 898 322 331 899 186 200 900 322 331 901 184 196 902 323 332 903 324 323 904 322 331 905 326 316 906 324 323 907 325 333 908 325 333 909 210 223 910 326 316 911 203 231 912 325 333 913 323 332 914 210 223 915 303 312 916 326 316 917 186 200 918 203 231 919 323 332 920 163 170 921 327 328 922 329 334 923 328 335 924 315 327 925 462 336 926 329 334 927 328 335 928 330 337 929 330 337 930 331 338 931 329 334 932 329 334 933 160 168 934 163 170 935 332 339 936 160 168 937 331 338 938 333 340 939 332 339 940 331 338 941 335 341 942 330 337 943 336 342 944 337 343 945 333 340 946 335 341 947 338 344 948 336 342 949 340 345 950 341 346 951 335 341 952 338 344 953 339 347 954 340 345 955 454 348 956 342 349 957 338 344 958 339 347 959 343 350 960 342 349 961 344 351 962 343 350 963 337 343 964 341 346 965 348 352 966 343 350 967 344 351 968 343 350 969 347 353 970 345 354 971 351 355 972 346 356 973 349 357 974 350 358 975 346 356 976 348 352 977 354 359 978 349 357 979 350 358 980 349 357 981 353 360 982 351 355 983 353 360 984 355 361 985 358 362 986 354 359 987 355 361 988 352 363 989 355 361 990 385 364 991 357 365 992 358 362 993 357 365 994 360 366 995 368 367 996 358 362 997 359 368 998 359 368 999 360 366 1000 362 369 1001 362 369 1002 361 370 1003 363 139 1004 360 366 1005 375 371 1006 361 370 1007 365 372 1008 362 369 1009 364 143 1010 364 143 1011 363 139 1012 134 140 1013 145 153 1014 364 143 1015 137 144 1016 366 373 1017 359 368 1018 365 372 1019 147 155 1020 365 372 1021 145 153 1022 366 373 1023 149 154 1024 367 374 1025 368 367 1026 367 374 1027 369 375 1028 368 367 1029 351 355 1030 353 360 1031 367 374 1032 370 376 1033 369 375 1034 347 353 1035 369 375 1036 370 376 1037 347 353 1038 371 377 1039 345 354 1040 370 376 1041 374 378 1042 371 377 1043 372 379 1044 156 165 1045 374 378 1046 367 374 1047 373 158 1048 372 379 1049 374 378 1050 334 380 1051 371 377 1052 374 378 1053 158 166 1054 332 339 1055 345 354 1056 334 380 1057 337 343 1058 361 370 1059 133 137 1060 363 139 1061 375 371 1062 376 381 1063 361 370 1064 376 381 1065 131 382 1066 133 137 1067 376 381 1068 379 383 1069 377 384 1070 380 385 1071 379 383 1072 378 386 1073 383 387 1074 378 386 1075 375 371 1076 384 388 1077 380 385 1078 383 387 1079 381 389 1080 382 390 1081 380 385 1082 386 391 1083 383 387 1084 385 364 1085 357 365 1086 383 387 1087 375 371 1088 356 392 1089 386 391 1090 385 364 1091 387 393 1092 388 394 1093 386 391 1094 386 391 1095 391 395 1096 384 388 1097 389 396 1098 391 395 1099 388 394 1100 390 397 1101 389 396 1102 388 394 1103 392 398 1104 393 399 1105 391 395 1106 391 395 1107 381 389 1108 384 388 1109 393 399 1110 396 400 1111 395 401 1112 381 389 1113 395 401 1114 397 402 1115 395 401 1116 399 403 1117 398 404 1118 395 401 1119 400 405 1120 397 402 1121 399 403 1122 401 406 1123 398 404 1124 398 404 1125 403 407 1126 400 405 1127 406 408 1128 403 407 1129 404 409 1130 407 410 1131 404 409 1132 405 411 1133 382 390 1134 400 405 1135 406 408 1136 382 390 1137 407 410 1138 379 383 1139 379 383 1140 408 412 1141 377 384 1142 407 410 1143 409 413 1144 408 412 1145 131 382 1146 408 412 1147 129 136 1148 129 136 1149 409 413 1150 127 133 1151 399 403 1152 410 414 1153 402 415 1154 413 416 1155 410 414 1156 412 417 1157 414 418 1158 413 416 1159 412 417 1160 396 400 1161 412 417 1162 399 403 1163 416 419 1164 415 420 1165 414 418 1166 394 421 1167 414 418 1168 396 400 1169 418 422 1170 417 423 1171 416 419 1172 392 398 1173 416 419 1174 394 421 1175 389 396 1176 418 422 1177 392 398 1178 419 424 1179 420 425 1180 418 422 1181 421 426 1182 417 423 1183 420 425 1184 422 427 1185 421 426 1186 420 425 1187 425 428 1188 422 427 1189 424 429 1190 427 430 1191 422 427 1192 419 424 1193 521 431 1194 424 429 1195 426 432 1196 426 432 1197 427 430 1198 428 433 1199 429 434 1200 419 424 1201 389 396 1202 428 433 1203 429 434 1204 430 435 1205 431 436 1206 429 434 1207 390 397 1208 430 435 1209 433 437 1210 428 433 1211 430 435 1212 435 438 1213 432 439 1214 432 439 1215 670 440 1216 433 437 1217 436 441 1218 432 439 1219 435 438 1220 436 441 1221 437 442 1222 438 443 1223 439 444 1224 435 438 1225 431 436 1226 438 443 1227 350 358 1228 348 352 1229 439 444 1230 350 358 1231 437 442 1232 354 359 1233 387 393 1234 356 392 1235 439 444 1236 390 397 1237 387 393 1238 436 441 1239 440 445 1240 442 446 1241 440 445 1242 348 352 1243 344 351 1244 344 351 1245 441 447 1246 440 445 1247 440 445 1248 444 448 1249 442 446 1250 434 449 1251 442 446 1252 443 450 1253 442 446 1254 445 451 1255 443 450 1256 447 452 1257 444 448 1258 446 453 1259 444 448 1260 448 454 1261 446 453 1262 450 455 1263 446 453 1264 449 456 1265 449 456 1266 448 454 1267 452 457 1268 450 455 1269 451 458 1270 476 459 1271 452 457 1272 451 458 1273 449 456 1274 452 457 1275 455 460 1276 453 461 1277 448 454 1278 454 348 1279 452 457 1280 454 348 1281 457 462 1282 455 460 1283 453 461 1284 456 463 1285 472 464 1286 455 460 1287 459 465 1288 456 463 1289 457 462 1290 461 466 1291 459 465 1292 336 342 1293 457 462 1294 340 345 1295 469 467 1296 459 465 1297 460 468 1298 460 468 1299 461 466 1300 463 469 1301 458 470 1302 462 336 1303 461 466 1304 463 469 1305 462 336 1306 464 319 1307 463 469 1308 305 314 1309 465 471 1310 460 468 1311 465 471 1312 466 472 1313 301 309 1314 466 472 1315 465 471 1316 460 468 1317 467 473 1318 469 467 1319 297 305 1320 466 472 1321 299 307 1322 470 474 1323 467 473 1324 468 475 1325 295 303 1326 467 473 1327 297 305 1328 469 467 1329 472 464 1330 456 463 1331 471 476 1332 468 475 1333 672 477 1334 470 474 1335 473 478 1336 472 464 1337 453 461 1338 473 478 1339 451 458 1340 471 476 1341 474 479 1342 473 478 1343 476 459 1344 473 478 1345 474 479 1346 479 480 1347 474 479 1348 477 481 1349 476 459 1350 475 482 1351 497 483 1352 471 476 1353 478 484 1354 477 481 1355 477 481 1356 481 485 1357 479 480 1358 480 486 1359 475 482 1360 479 480 1361 480 486 1362 481 485 1363 482 487 1364 289 297 1365 482 487 1366 481 485 1367 291 299 1368 481 485 1369 478 484 1370 285 293 1371 482 487 1372 287 295 1373 484 488 1374 482 487 1375 483 489 1376 283 290 1377 483 489 1378 285 293 1379 484 488 1380 485 490 1381 487 491 1382 487 491 1383 486 492 1384 488 493 1385 281 289 1386 485 490 1387 283 290 1388 488 493 1389 489 494 1390 487 491 1391 484 488 1392 489 494 1393 492 495 1394 491 496 1395 490 497 1396 594 498 1397 493 499 1398 489 494 1399 491 496 1400 495 500 1401 492 495 1402 493 499 1403 480 486 1404 492 495 1405 494 501 1406 497 483 1407 494 501 1408 495 500 1409 496 502 1410 493 499 1411 504 503 1412 498 504 1413 495 500 1414 496 502 1415 450 455 1416 497 483 1417 498 504 1418 496 502 1419 499 505 1420 498 504 1421 498 504 1422 447 452 1423 450 455 1424 499 505 1425 445 451 1426 447 452 1427 501 506 1428 500 507 1429 499 505 1430 503 508 1431 496 502 1432 504 503 1433 505 509 1434 501 506 1435 503 508 1436 506 510 1437 504 503 1438 508 511 1439 506 510 1440 505 509 1441 503 508 1442 507 512 1443 508 511 1444 593 513 1445 507 512 1446 509 514 1447 506 510 1448 511 515 1449 510 516 1450 512 517 1451 513 518 1452 509 514 1453 511 515 1454 516 519 1455 511 515 1456 512 517 1457 511 515 1458 515 520 1459 513 518 1460 519 521 1461 514 522 1462 517 523 1463 518 524 1464 514 522 1465 516 519 1466 522 525 1467 517 523 1468 518 524 1469 517 523 1470 521 431 1471 519 521 1472 520 526 1473 425 428 1474 521 431 1475 520 526 1476 524 527 1477 523 528 1478 524 527 1479 525 529 1480 523 528 1481 523 528 1482 423 530 1483 425 428 1484 525 529 1485 528 531 1486 527 532 1487 423 530 1488 527 532 1489 421 426 1490 527 532 1491 532 533 1492 421 426 1493 528 531 1494 529 534 1495 527 532 1496 532 533 1497 530 535 1498 533 536 1499 529 534 1500 542 537 1501 530 535 1502 417 423 1503 533 536 1504 415 420 1505 533 536 1506 535 538 1507 534 539 1508 415 420 1509 534 539 1510 413 416 1511 535 538 1512 536 540 1513 534 539 1514 534 539 1515 411 541 1516 413 416 1517 535 538 1518 538 542 1519 537 543 1520 540 544 1521 539 545 1522 538 542 1523 543 546 1524 540 544 1525 542 537 1526 542 537 1527 535 538 1528 530 535 1529 544 547 1530 542 537 1531 531 548 1532 545 549 1533 541 550 1534 543 546 1535 544 547 1536 545 549 1537 543 546 1538 546 551 1539 548 552 1540 545 549 1541 547 553 1542 546 551 1543 545 549 1544 548 552 1545 551 554 1546 550 555 1547 541 550 1548 550 555 1549 539 545 1550 554 556 1551 551 554 1552 549 557 1553 555 558 1554 552 559 1555 554 556 1556 556 560 1557 555 558 1558 554 556 1559 556 560 1560 549 557 1561 546 551 1562 558 561 1563 557 562 1564 556 560 1565 561 563 1566 556 560 1567 546 551 1568 560 564 1569 559 565 1570 558 561 1571 560 564 1572 561 563 1573 562 566 1574 562 566 1575 547 553 1576 564 567 1577 642 568 1578 562 566 1579 563 569 1580 563 569 1581 564 567 1582 565 570 1583 566 571 1584 547 553 1585 544 547 1586 565 570 1587 566 571 1588 567 572 1589 566 571 1590 531 548 1591 528 531 1592 526 573 1593 566 571 1594 528 531 1595 568 574 1596 526 573 1597 524 527 1598 570 575 1599 567 572 1600 568 574 1601 569 576 1602 524 527 1603 522 525 1604 572 577 1605 568 574 1606 569 576 1607 571 578 1608 565 570 1609 570 575 1610 573 579 1611 570 575 1612 572 577 1613 572 577 1614 575 580 1615 573 579 1616 569 576 1617 574 581 1618 572 577 1619 651 582 1620 574 581 1621 576 583 1622 576 583 1623 577 584 1624 578 585 1625 578 585 1626 518 524 1627 516 519 1628 522 525 1629 577 584 1630 569 576 1631 581 586 1632 578 585 1633 579 587 1634 579 587 1635 516 519 1636 512 517 1637 512 517 1638 580 588 1639 579 587 1640 579 587 1641 583 589 1642 581 586 1643 582 590 1644 576 583 1645 581 586 1646 581 586 1647 584 591 1648 582 590 1649 586 592 1650 583 589 1651 585 593 1652 585 593 1653 580 588 1654 587 594 1655 586 592 1656 588 595 1657 589 596 1658 588 595 1659 587 594 1660 591 597 1661 589 596 1662 590 598 1663 608 599 1664 588 595 1665 592 600 1666 590 598 1667 591 597 1668 594 498 1669 592 600 1670 587 594 1671 593 513 1672 591 597 1673 593 513 1674 491 496 1675 594 498 1676 592 600 1677 490 497 1678 595 601 1679 590 598 1680 595 601 1681 597 602 1682 488 493 1683 595 601 1684 490 497 1685 596 603 1686 597 602 1687 595 601 1688 599 604 1689 598 605 1690 597 602 1691 590 598 1692 598 605 1693 608 599 1694 600 606 1695 601 607 1696 602 608 1697 599 604 1698 603 609 1699 601 607 1700 275 283 1701 601 607 1702 277 285 1703 277 285 1704 603 609 1705 279 286 1706 281 289 1707 603 609 1708 486 492 1709 596 603 1710 486 492 1711 603 609 1712 273 280 1713 602 608 1714 275 283 1715 600 606 1716 604 610 1717 605 611 1718 271 271 1719 604 610 1720 273 280 1721 605 611 1722 262 268 1723 259 267 1724 259 267 1725 606 612 1726 605 611 1727 605 611 1728 598 605 1729 600 606 1730 608 599 1731 606 612 1732 607 613 1733 607 613 1734 257 266 1735 609 264 1736 589 596 1737 607 613 1738 610 614 1739 610 614 1740 609 264 1741 611 615 1742 614 616 1743 610 614 1744 611 615 1745 612 617 1746 589 596 1747 610 614 1748 612 617 1749 584 591 1750 586 592 1751 615 618 1752 612 617 1753 614 616 1754 617 619 1755 614 616 1756 611 615 1757 618 620 1758 614 616 1759 616 621 1760 620 622 1761 616 621 1762 617 619 1763 621 623 1764 616 621 1765 619 624 1766 2 3 1767 619 624 1768 620 622 1769 622 625 1770 619 624 1771 6 5 1772 623 626 1773 622 625 1774 624 627 1775 623 626 1776 618 620 1777 621 623 1778 628 628 1779 623 626 1780 624 627 1781 623 626 1782 627 629 1783 625 630 1784 631 631 1785 626 632 1786 629 633 1787 628 628 1788 629 633 1789 626 632 1790 24 28 1791 629 633 1792 630 27 1793 632 634 1794 631 631 1795 629 633 1796 632 634 1797 636 635 1798 633 636 1799 632 634 1800 26 29 1801 634 637 1802 26 29 1803 635 638 1804 634 637 1805 634 637 1806 638 639 1807 636 635 1808 633 636 1809 637 640 1810 646 641 1811 636 635 1812 640 642 1813 637 640 1814 638 639 1815 641 643 1816 640 642 1817 638 639 1818 653 644 1819 639 645 1820 637 640 1821 642 568 1822 643 646 1823 640 642 1824 560 564 1825 642 568 1826 643 646 1827 563 569 1828 571 578 1829 646 641 1830 643 646 1831 644 647 1832 644 647 1833 571 578 1834 573 579 1835 575 580 1836 644 647 1837 573 579 1838 644 647 1839 647 648 1840 646 641 1841 647 648 1842 633 636 1843 646 641 1844 645 649 1845 648 650 1846 647 648 1847 627 629 1848 647 648 1849 648 650 1850 625 630 1851 648 650 1852 649 651 1853 648 650 1854 652 652 1855 649 651 1856 650 653 1857 582 590 1858 652 652 1859 645 649 1860 651 582 1861 650 653 1862 649 651 1863 613 654 1864 615 618 1865 652 652 1866 584 591 1867 613 654 1868 625 630 1869 615 618 1870 618 620 1871 641 643 1872 654 655 1873 559 565 1874 653 644 1875 654 655 1876 639 645 1877 559 565 1878 655 656 1879 557 562 1880 656 657 1881 655 656 1882 654 655 1883 666 32 1884 656 657 1885 653 644 1886 656 657 1887 659 658 1888 658 659 1889 658 659 1890 661 660 1891 660 661 1892 655 656 1893 660 661 1894 662 662 1895 661 660 1896 663 663 1897 660 661 1898 662 662 1899 663 663 1900 665 664 1901 662 662 1902 553 665 1903 555 558 1904 41 45 1905 664 666 1906 661 660 1907 557 562 1908 662 662 1909 555 558 1910 38 43 1911 661 660 1912 659 658 1913 657 667 1914 38 43 1915 659 658 1916 666 32 1917 36 40 1918 657 667 1919 635 638 1920 666 32 1921 653 644 1922 628 628 1923 18 20 1924 630 27 1925 624 627 1926 16 21 1927 628 628 1928 12 13 1929 622 625 1930 5 9 1931 2 3 1932 254 261 1933 251 256 1934 617 619 1935 254 261 1936 620 622 1937 611 615 1938 256 265 1939 617 619 1940 580 588 1941 507 512 1942 587 594 1943 426 432 1944 519 521 1945 521 431 1946 668 668 1947 519 521 1948 667 669 1949 426 432 1950 433 437 1951 667 669 1952 667 669 1953 670 440 1954 668 668 1955 515 520 1956 669 670 1957 513 518 1958 668 668 1959 671 671 1960 669 670 1961 434 449 1962 671 671 1963 670 440 1964 671 671 1965 502 672 1966 669 670 1967 671 671 1968 445 451 1969 500 507 1970 513 518 1971 502 672 1972 505 509 1973 504 503 1974 491 496 1975 508 511 1976 291 299 1977 672 477 1978 293 300 1979 293 300 1980 468 475 1981 295 303 1982 464 319 1983 315 327 1984 309 321 1985 330 337 1986 458 470 1987 336 342 1988 441 447 1989 339 347 1990 448 454 1991 223 236 1992 266 273 1993 268 277 1994 209 226 1995 268 277 1996 200 206 1997 226 238 1998 264 275 1999 266 273 2000 232 242 2001 264 275 2002 229 239 2003 154 163 2004 81 90 2005 161 169 2006 62 67 2007 93 100 2008 95 101 2009 89 96 2010 67 70 2011 69 72 2012 87 80 2013 69 72 2014 71 74 2015 0 0 2016 1 4 2017 237 1 2018 2 3 2019 251 256 2020 1 4 2021 0 0 2022 4 8 2023 6 5 2024 7 6 2025 4 8 2026 0 0 2027 9 7 2028 5 9 2029 4 8 2030 5 9 2031 622 625 2032 6 5 2033 8 10 2034 7 6 2035 3 2 2036 10 12 2037 9 7 2038 7 6 2039 12 13 2040 5 9 2041 9 7 2042 11 14 2043 9 7 2044 10 12 2045 14 16 2046 16 21 2047 12 13 2048 15 17 2049 14 16 2050 11 14 2051 14 16 2052 15 17 2053 19 18 2054 14 16 2055 17 19 2056 18 20 2057 17 19 2058 20 25 2059 23 22 2060 21 23 2061 20 25 2062 17 19 2063 21 23 2064 65 37 2065 22 24 2066 20 25 2067 22 24 2068 25 26 2069 630 27 2070 18 20 2071 23 22 2072 23 22 2073 25 26 2074 26 29 2075 25 26 2076 27 31 2077 28 30 2078 22 24 2079 30 33 2080 27 31 2081 27 31 2082 29 34 2083 666 32 2084 30 33 2085 32 36 2086 29 34 2087 31 35 2088 33 38 2089 32 36 2090 65 37 2091 31 35 2092 30 33 2093 33 38 2094 35 41 2095 34 39 2096 32 36 2097 34 39 2098 36 40 2099 35 41 2100 39 46 2101 37 42 2102 36 40 2103 34 39 2104 37 42 2105 38 43 2106 37 42 2107 40 44 2108 39 46 2109 42 51 2110 40 44 2111 41 45 2112 40 44 2113 43 47 2114 40 44 2115 42 51 2116 45 49 2117 48 50 2118 46 53 2119 45 49 2120 48 50 2121 49 114 2122 47 52 2123 51 54 2124 49 114 2125 48 50 2126 50 55 2127 48 50 2128 42 51 2129 53 56 2130 51 54 2131 50 55 2132 52 57 2133 50 55 2134 39 46 2135 54 58 2136 56 60 2137 53 56 2138 33 38 2139 54 58 2140 52 57 2141 31 35 2142 55 59 2143 54 58 2144 55 59 2145 58 63 2146 56 60 2147 56 60 2148 57 107 2149 106 61 2150 59 62 2151 57 107 2152 56 60 2153 61 64 2154 59 62 2155 58 63 2156 60 65 2157 58 63 2158 55 59 2159 62 67 2160 95 101 2161 61 64 2162 64 68 2163 62 67 2164 60 65 2165 63 66 2166 55 59 2167 31 35 2168 21 23 2169 64 68 2170 63 66 2171 21 23 2172 19 18 2173 66 69 2174 62 67 2175 64 68 2176 66 69 2177 67 70 2178 66 69 2179 68 71 2180 19 18 2181 15 17 2182 68 71 2183 15 17 2184 13 15 2185 70 73 2186 69 72 2187 68 71 2188 70 73 2189 71 74 2190 70 73 2191 72 75 2192 70 73 2193 13 15 2194 10 12 2195 72 75 2196 10 12 2197 8 10 2198 74 76 2199 72 75 2200 73 77 2201 71 74 2202 74 76 2203 75 79 2204 78 81 2205 75 79 2206 74 76 2207 79 82 2208 78 81 2209 76 78 2210 76 78 2211 73 77 2212 241 84 2213 82 85 2214 80 87 2215 78 81 2216 83 86 2217 75 79 2218 78 81 2219 167 88 2220 81 90 2221 80 87 2222 84 89 2223 83 86 2224 80 87 2225 86 91 2226 85 92 2227 83 86 2228 85 92 2229 87 80 2230 75 79 2231 90 93 2232 88 94 2233 85 92 2234 88 94 2235 89 96 2236 87 80 2237 91 95 2238 93 100 2239 89 96 2240 92 97 2241 91 95 2242 88 94 2243 96 98 2244 94 99 2245 91 95 2246 94 99 2247 95 101 2248 93 100 2249 95 101 2250 94 99 2251 97 102 2252 94 99 2253 96 98 2254 98 103 2255 98 103 2256 100 148 2257 99 104 2258 97 102 2259 99 104 2260 59 62 2261 99 104 2262 100 148 2263 102 105 2264 59 62 2265 99 104 2266 101 106 2267 57 107 2268 101 106 2269 103 108 2270 102 105 2271 105 110 2272 103 108 2273 103 108 2274 104 111 2275 107 109 2276 105 110 2277 116 120 2278 104 111 2279 106 61 2280 107 109 2281 51 54 2282 107 109 2283 104 111 2284 109 112 2285 51 54 2286 107 109 2287 108 113 2288 109 112 2289 111 117 2290 110 115 2291 49 114 2292 108 113 2293 110 115 2294 114 116 2295 112 119 2296 111 117 2297 115 118 2298 113 130 2299 112 119 2300 116 120 2301 117 121 2302 115 118 2303 104 111 2304 116 120 2305 114 116 2306 105 110 2307 118 123 2308 117 121 2309 117 121 2310 119 124 2311 122 122 2312 118 123 2313 121 127 2314 119 124 2315 120 125 2316 123 128 2317 122 122 2318 135 126 2319 120 125 2320 119 124 2321 123 128 2322 125 132 2323 124 129 2324 122 122 2325 124 129 2326 113 130 2327 128 131 2328 126 134 2329 125 132 2330 128 131 2331 129 136 2332 127 133 2333 130 135 2334 131 382 2335 129 136 2336 120 125 2337 130 135 2338 128 131 2339 133 137 2340 131 382 2341 130 135 2342 132 138 2343 130 135 2344 120 125 2345 363 139 2346 133 137 2347 132 138 2348 134 140 2349 132 138 2350 135 126 2351 136 141 2352 135 126 2353 121 127 2354 364 143 2355 134 140 2356 136 141 2357 137 144 2358 136 141 2359 138 142 2360 140 146 2361 138 142 2362 121 127 2363 139 145 2364 138 142 2365 140 146 2366 140 146 2367 118 123 2368 105 110 2369 100 148 2370 141 147 2371 140 146 2372 98 103 2373 142 149 2374 141 147 2375 142 149 2376 144 152 2377 139 145 2378 96 98 2379 143 151 2380 142 149 2381 146 150 2382 144 152 2383 142 149 2384 144 152 2385 145 153 2386 137 144 2387 146 150 2388 147 155 2389 145 153 2390 146 150 2391 148 157 2392 149 154 2393 146 150 2394 143 151 2395 151 156 2396 373 158 2397 149 154 2398 148 157 2399 152 160 2400 150 159 2401 148 157 2402 152 160 2403 151 156 2404 92 97 2405 96 98 2406 92 97 2407 151 156 2408 150 159 2409 152 160 2410 153 161 2411 152 160 2412 90 93 2413 86 91 2414 153 161 2415 86 91 2416 84 89 2417 155 162 2418 153 161 2419 154 163 2420 373 158 2421 150 159 2422 155 162 2423 156 165 2424 155 162 2425 157 164 2426 158 166 2427 157 164 2428 159 167 2429 159 167 2430 157 164 2431 154 163 2432 163 170 2433 160 168 2434 159 167 2435 159 167 2436 161 169 2437 165 172 2438 163 170 2439 162 171 2440 164 173 2441 165 172 2442 166 175 2443 164 173 2444 167 88 2445 168 176 2446 166 175 2447 161 169 2448 81 90 2449 167 88 2450 82 85 2451 170 178 2452 168 176 2453 168 176 2454 169 179 2455 318 177 2456 170 178 2457 172 181 2458 169 179 2459 170 178 2460 171 186 2461 174 180 2462 79 82 2463 171 186 2464 170 178 2465 321 182 2466 169 179 2467 172 181 2468 173 183 2469 172 181 2470 174 180 2471 243 185 2472 175 187 2473 174 180 2474 176 184 2475 174 180 2476 175 187 2477 178 189 2478 176 184 2479 177 188 2480 176 184 2481 178 189 2482 181 191 2483 248 192 2484 179 194 2485 178 189 2486 183 193 2487 181 191 2488 178 189 2489 173 183 2490 181 191 2491 182 195 2492 184 196 2493 182 195 2494 181 191 2495 185 197 2496 183 193 2497 179 194 2498 185 197 2499 186 200 2500 184 196 2501 185 197 2502 187 204 2503 212 199 2504 190 201 2505 187 204 2506 185 197 2507 188 198 2508 179 194 2509 248 192 2510 191 203 2511 190 201 2512 188 198 2513 222 234 2514 221 233 2515 207 225 2516 223 236 2517 209 226 2518 221 233 2519 223 236 2520 222 234 2521 225 237 2522 224 235 2523 227 240 2524 225 237 2525 225 237 2526 228 241 2527 229 239 2528 227 240 2529 230 244 2530 228 241 2531 232 242 2532 229 239 2533 228 241 2534 231 243 2535 228 241 2536 230 244 2537 231 243 2538 234 247 2539 235 246 2540 234 247 2541 231 243 2542 233 245 2543 1 4 2544 235 246 2545 234 247 2546 237 1 2547 234 247 2548 236 248 2549 3 2 2550 237 1 2551 238 249 2552 238 249 2553 236 248 2554 242 250 2555 240 11 2556 238 249 2557 239 251 2558 73 77 2559 8 10 2560 240 11 2561 241 84 2562 239 251 2563 243 185 2564 243 185 2565 239 251 2566 242 250 2567 77 83 2568 243 185 2569 171 186 2570 244 252 2571 242 250 2572 236 248 2573 244 252 2574 177 188 2575 175 187 2576 177 188 2577 244 252 2578 245 253 2579 233 245 2580 230 244 2581 245 253 2582 246 254 2583 248 192 2584 180 190 2585 246 254 2586 245 253 2587 230 244 2588 224 235 2589 247 255 2590 246 254 2591 189 202 2592 248 192 2593 246 254 2594 207 225 2595 199 224 2596 247 255 2597 199 224 2598 191 203 2599 189 202 2600 251 256 2601 249 257 2602 235 246 2603 232 242 2604 235 246 2605 249 257 2606 250 258 2607 249 257 2608 252 259 2609 254 261 2610 252 259 2611 249 257 2612 253 260 2613 252 259 2614 255 262 2615 254 261 2616 256 265 2617 255 262 2618 609 264 2619 257 266 2620 255 262 2621 258 263 2622 255 262 2623 257 266 2624 258 263 2625 259 267 2626 262 268 2627 253 260 2628 258 263 2629 260 269 2630 271 271 2631 261 272 2632 260 269 2633 261 272 2634 265 274 2635 263 270 2636 266 273 2637 264 275 2638 263 270 2639 253 260 2640 263 270 2641 264 275 2642 269 276 2643 267 278 2644 265 274 2645 268 277 2646 266 273 2647 265 274 2648 267 278 2649 193 207 2650 200 206 2651 204 208 2652 193 207 2653 267 278 2654 270 279 2655 269 276 2656 261 272 2657 270 279 2658 217 217 2659 204 208 2660 270 279 2661 271 271 2662 273 280 2663 272 281 2664 196 215 2665 217 217 2666 274 282 2667 272 281 2668 273 280 2669 211 216 2670 196 215 2671 272 281 2672 276 284 2673 274 282 2674 275 283 2675 276 284 2676 218 228 2677 211 216 2678 276 284 2679 277 285 2680 279 286 2681 201 227 2682 218 228 2683 276 284 2684 280 288 2685 278 287 2686 279 286 2687 280 288 2688 214 209 2689 201 227 2690 280 288 2691 281 289 2692 283 290 2693 282 291 2694 194 210 2695 214 209 2696 205 211 2697 194 210 2698 282 291 2699 284 292 2700 282 291 2701 283 290 2702 286 294 2703 284 292 2704 285 293 2705 286 294 2706 215 220 2707 205 211 2708 288 296 2709 286 294 2710 287 295 2711 197 218 2712 215 220 2713 286 294 2714 290 298 2715 288 296 2716 289 297 2717 290 298 2718 208 219 2719 197 218 2720 290 298 2721 291 299 2722 293 300 2723 219 230 2724 208 219 2725 290 298 2726 294 302 2727 292 301 2728 293 300 2729 202 229 2730 219 230 2731 292 301 2732 296 304 2733 294 302 2734 295 303 2735 296 304 2736 213 212 2737 202 229 2738 298 306 2739 296 304 2740 297 305 2741 298 306 2742 195 213 2743 213 212 2744 300 308 2745 206 214 2746 195 213 2747 300 308 2748 298 306 2749 299 307 2750 302 310 2751 300 308 2752 301 309 2753 216 221 2754 206 214 2755 300 308 2756 303 312 2757 198 222 2758 216 221 2759 303 312 2760 302 310 2761 304 311 2762 301 309 2763 465 471 2764 305 314 2765 306 313 2766 304 311 2767 305 314 2768 326 316 2769 303 312 2770 306 313 2771 307 317 2772 306 313 2773 308 315 2774 464 319 2775 309 321 2776 308 315 2777 312 320 2778 310 318 2779 308 315 2780 307 317 2781 310 318 2782 311 322 2783 313 324 2784 311 322 2785 310 318 2786 313 324 2787 312 320 2788 314 325 2789 312 320 2790 309 321 2791 315 327 2792 327 328 2793 316 174 2794 314 325 2795 164 173 2796 317 326 2797 314 325 2798 313 324 2799 317 326 2800 318 177 2801 166 175 2802 318 177 2803 317 326 2804 319 329 2805 318 177 2806 169 179 2807 319 329 2808 320 330 2809 311 322 2810 320 330 2811 319 329 2812 321 182 2813 322 331 2814 320 330 2815 182 195 2816 324 323 2817 311 322 2818 320 330 2819 186 200 2820 323 332 2821 322 331 2822 323 332 2823 325 333 2824 324 323 2825 326 316 2826 307 317 2827 324 323 2828 325 333 2829 220 232 2830 210 223 2831 203 231 2832 220 232 2833 325 333 2834 210 223 2835 198 222 2836 303 312 2837 186 200 2838 212 199 2839 203 231 2840 163 170 2841 316 174 2842 327 328 2843 328 335 2844 327 328 2845 315 327 2846 329 334 2847 327 328 2848 328 335 2849 330 337 2850 333 340 2851 331 338 2852 329 334 2853 331 338 2854 160 168 2855 332 339 2856 158 166 2857 160 168 2858 333 340 2859 334 380 2860 332 339 2861 335 341 2862 333 340 2863 330 337 2864 337 343 2865 334 380 2866 333 340 2867 338 344 2868 335 341 2869 336 342 2870 341 346 2871 337 343 2872 335 341 2873 339 347 2874 338 344 2875 340 345 2876 342 349 2877 341 346 2878 338 344 2879 343 350 2880 341 346 2881 342 349 2882 343 350 2883 345 354 2884 337 343 2885 348 352 2886 346 356 2887 343 350 2888 343 350 2889 346 356 2890 347 353 2891 351 355 2892 347 353 2893 346 356 2894 350 358 2895 349 357 2896 346 356 2897 354 359 2898 352 363 2899 349 357 2900 349 357 2901 352 363 2902 353 360 2903 353 360 2904 352 363 2905 355 361 2906 354 359 2907 356 392 2908 355 361 2909 355 361 2910 356 392 2911 385 364 2912 358 362 2913 355 361 2914 357 365 2915 368 367 2916 353 360 2917 358 362 2918 359 368 2919 358 362 2920 360 366 2921 362 369 2922 360 366 2923 361 370 2924 360 366 2925 357 365 2926 375 371 2927 365 372 2928 359 368 2929 362 369 2930 364 143 2931 362 369 2932 363 139 2933 145 153 2934 365 372 2935 364 143 2936 366 373 2937 368 367 2938 359 368 2939 147 155 2940 366 373 2941 365 372 2942 366 373 2943 147 155 2944 149 154 2945 368 367 2946 366 373 2947 367 374 2948 368 367 2949 369 375 2950 351 355 2951 367 374 2952 372 379 2953 370 376 2954 347 353 2955 351 355 2956 369 375 2957 347 353 2958 370 376 2959 371 377 2960 370 376 2961 372 379 2962 374 378 2963 372 379 2964 373 158 2965 156 165 2966 367 374 2967 149 154 2968 373 158 2969 374 378 2970 332 339 2971 334 380 2972 374 378 2973 156 165 2974 158 166 2975 345 354 2976 371 377 2977 334 380 2978 361 370 2979 376 381 2980 133 137 2981 375 371 2982 378 386 2983 376 381 2984 376 381 2985 377 384 2986 131 382 2987 376 381 2988 378 386 2989 379 383 2990 380 385 2991 382 390 2992 379 383 2993 383 387 2994 380 385 2995 378 386 2996 384 388 2997 381 389 2998 380 385 2999 381 389 3000 397 402 3001 382 390 3002 386 391 3003 384 388 3004 383 387 3005 357 365 3006 385 364 3007 383 387 3008 356 392 3009 387 393 3010 386 391 3011 387 393 3012 390 397 3013 388 394 3014 386 391 3015 388 394 3016 391 395 3017 389 396 3018 392 398 3019 391 395 3020 390 397 3021 429 434 3022 389 396 3023 392 398 3024 394 421 3025 393 399 3026 391 395 3027 393 399 3028 381 389 3029 393 399 3030 394 421 3031 396 400 3032 381 389 3033 393 399 3034 395 401 3035 395 401 3036 396 400 3037 399 403 3038 395 401 3039 398 404 3040 400 405 3041 399 403 3042 402 415 3043 401 406 3044 398 404 3045 401 406 3046 403 407 3047 406 408 3048 400 405 3049 403 407 3050 407 410 3051 406 408 3052 404 409 3053 382 390 3054 397 402 3055 400 405 3056 382 390 3057 406 408 3058 407 410 3059 379 383 3060 407 410 3061 408 412 3062 407 410 3063 405 411 3064 409 413 3065 131 382 3066 377 384 3067 408 412 3068 129 136 3069 408 412 3070 409 413 3071 399 403 3072 412 417 3073 410 414 3074 413 416 3075 411 541 3076 410 414 3077 414 418 3078 415 420 3079 413 416 3080 396 400 3081 414 418 3082 412 417 3083 416 419 3084 417 423 3085 415 420 3086 394 421 3087 416 419 3088 414 418 3089 418 422 3090 420 425 3091 417 423 3092 392 398 3093 418 422 3094 416 419 3095 389 396 3096 419 424 3097 418 422 3098 419 424 3099 422 427 3100 420 425 3101 421 426 3102 532 533 3103 417 423 3104 422 427 3105 423 530 3106 421 426 3107 425 428 3108 423 530 3109 422 427 3110 427 430 3111 424 429 3112 422 427 3113 521 431 3114 425 428 3115 424 429 3116 426 432 3117 424 429 3118 427 430 3119 429 434 3120 427 430 3121 419 424 3122 428 433 3123 427 430 3124 429 434 3125 431 436 3126 430 435 3127 429 434 3128 430 435 3129 432 439 3130 433 437 3131 430 435 3132 431 436 3133 435 438 3134 432 439 3135 434 449 3136 670 440 3137 436 441 3138 434 449 3139 432 439 3140 436 441 3141 435 438 3142 437 442 3143 439 444 3144 437 442 3145 435 438 3146 438 443 3147 437 442 3148 350 358 3149 439 444 3150 354 359 3151 350 358 3152 354 359 3153 439 444 3154 387 393 3155 439 444 3156 431 436 3157 390 397 3158 436 441 3159 438 443 3160 440 445 3161 440 445 3162 438 443 3163 348 352 3164 344 351 3165 342 349 3166 441 447 3167 440 445 3168 441 447 3169 444 448 3170 434 449 3171 436 441 3172 442 446 3173 442 446 3174 444 448 3175 445 451 3176 447 452 3177 445 451 3178 444 448 3179 444 448 3180 441 447 3181 448 454 3182 450 455 3183 447 452 3184 446 453 3185 449 456 3186 446 453 3187 448 454 3188 450 455 3189 449 456 3190 451 458 3191 452 457 3192 453 461 3193 451 458 3194 452 457 3195 454 348 3196 455 460 3197 448 454 3198 339 347 3199 454 348 3200 454 348 3201 340 345 3202 457 462 3203 453 461 3204 455 460 3205 456 463 3206 455 460 3207 457 462 3208 459 465 3209 457 462 3210 458 470 3211 461 466 3212 336 342 3213 458 470 3214 457 462 3215 469 467 3216 456 463 3217 459 465 3218 460 468 3219 459 465 3220 461 466 3221 458 470 3222 328 335 3223 462 336 3224 463 469 3225 461 466 3226 462 336 3227 463 469 3228 464 319 3229 305 314 3230 460 468 3231 463 469 3232 465 471 3233 301 309 3234 299 307 3235 466 472 3236 460 468 3237 466 472 3238 467 473 3239 297 305 3240 467 473 3241 466 472 3242 470 474 3243 469 467 3244 467 473 3245 295 303 3246 468 475 3247 467 473 3248 469 467 3249 470 474 3250 472 464 3251 471 476 3252 470 474 3253 468 475 3254 470 474 3255 471 476 3256 473 478 3257 453 461 3258 472 464 3259 473 478 3260 471 476 3261 477 481 3262 474 479 3263 476 459 3264 451 458 3265 473 478 3266 479 480 3267 475 482 3268 474 479 3269 476 459 3270 474 479 3271 475 482 3272 471 476 3273 672 477 3274 478 484 3275 477 481 3276 478 484 3277 481 485 3278 480 486 3279 494 501 3280 475 482 3281 480 486 3282 479 480 3283 481 485 3284 289 297 3285 287 295 3286 482 487 3287 291 299 3288 289 297 3289 481 485 3290 285 293 3291 483 489 3292 482 487 3293 484 488 3294 480 486 3295 482 487 3296 283 290 3297 485 490 3298 483 489 3299 484 488 3300 483 489 3301 485 490 3302 487 491 3303 485 490 3304 486 492 3305 281 289 3306 486 492 3307 485 490 3308 488 493 3309 490 497 3310 489 494 3311 484 488 3312 487 491 3313 489 494 3314 491 496 3315 489 494 3316 490 497 3317 493 499 3318 492 495 3319 489 494 3320 495 500 3321 494 501 3322 492 495 3323 480 486 3324 484 488 3325 492 495 3326 497 483 3327 475 482 3328 494 501 3329 496 502 3330 495 500 3331 493 499 3332 498 504 3333 497 483 3334 495 500 3335 450 455 3336 476 459 3337 497 483 3338 496 502 3339 501 506 3340 499 505 3341 498 504 3342 499 505 3343 447 452 3344 499 505 3345 500 507 3346 445 451 3347 501 506 3348 502 672 3349 500 507 3350 503 508 3351 501 506 3352 496 502 3353 505 509 3354 502 672 3355 501 506 3356 506 510 3357 503 508 3358 504 503 3359 506 510 3360 509 514 3361 505 509 3362 507 512 3363 506 510 3364 508 511 3365 507 512 3366 510 516 3367 509 514 3368 511 515 3369 509 514 3370 510 516 3371 513 518 3372 505 509 3373 509 514 3374 516 519 3375 514 522 3376 511 515 3377 511 515 3378 514 522 3379 515 520 3380 519 521 3381 515 520 3382 514 522 3383 518 524 3384 517 523 3385 514 522 3386 522 525 3387 520 526 3388 517 523 3389 517 523 3390 520 526 3391 521 431 3392 520 526 3393 523 528 3394 425 428 3395 520 526 3396 522 525 3397 524 527 3398 524 527 3399 526 573 3400 525 529 3401 523 528 3402 525 529 3403 423 530 3404 525 529 3405 526 573 3406 528 531 3407 423 530 3408 525 529 3409 527 532 3410 527 532 3411 529 534 3412 532 533 3413 528 531 3414 531 548 3415 529 534 3416 532 533 3417 529 534 3418 530 535 3419 529 534 3420 531 548 3421 542 537 3422 417 423 3423 532 533 3424 533 536 3425 533 536 3426 530 535 3427 535 538 3428 415 420 3429 533 536 3430 534 539 3431 535 538 3432 537 543 3433 536 540 3434 534 539 3435 536 540 3436 411 541 3437 535 538 3438 540 544 3439 538 542 3440 540 544 3441 541 550 3442 539 545 3443 543 546 3444 541 550 3445 540 544 3446 542 537 3447 540 544 3448 535 538 3449 544 547 3450 543 546 3451 542 537 3452 545 549 3453 548 552 3454 541 550 3455 544 547 3456 547 553 3457 545 549 3458 546 551 3459 549 557 3460 548 552 3461 547 553 3462 561 563 3463 546 551 3464 548 552 3465 549 557 3466 551 554 3467 541 550 3468 548 552 3469 550 555 3470 554 556 3471 552 559 3472 551 554 3473 555 558 3474 553 665 3475 552 559 3476 556 560 3477 557 562 3478 555 558 3479 556 560 3480 554 556 3481 549 557 3482 558 561 3483 559 565 3484 557 562 3485 561 563 3486 558 561 3487 556 560 3488 560 564 3489 641 643 3490 559 565 3491 560 564 3492 558 561 3493 561 563 3494 562 566 3495 561 563 3496 547 553 3497 642 568 3498 560 564 3499 562 566 3500 563 569 3501 562 566 3502 564 567 3503 566 571 3504 564 567 3505 547 553 3506 565 570 3507 564 567 3508 566 571 3509 566 571 3510 544 547 3511 531 548 3512 526 573 3513 567 572 3514 566 571 3515 568 574 3516 567 572 3517 526 573 3518 570 575 3519 565 570 3520 567 572 3521 569 576 3522 568 574 3523 524 527 3524 572 577 3525 570 575 3526 568 574 3527 571 578 3528 563 569 3529 565 570 3530 573 579 3531 571 578 3532 570 575 3533 572 577 3534 574 581 3535 575 580 3536 569 576 3537 577 584 3538 574 581 3539 651 582 3540 575 580 3541 574 581 3542 576 583 3543 574 581 3544 577 584 3545 578 585 3546 577 584 3547 518 524 3548 522 525 3549 518 524 3550 577 584 3551 581 586 3552 576 583 3553 578 585 3554 579 587 3555 578 585 3556 516 519 3557 512 517 3558 510 516 3559 580 588 3560 579 587 3561 580 588 3562 583 589 3563 582 590 3564 651 582 3565 576 583 3566 581 586 3567 583 589 3568 584 591 3569 586 592 3570 584 591 3571 583 589 3572 585 593 3573 583 589 3574 580 588 3575 586 592 3576 585 593 3577 588 595 3578 588 595 3579 585 593 3580 587 594 3581 589 596 3582 588 595 3583 590 598 3584 588 595 3585 591 597 3586 592 600 3587 591 597 3588 593 513 3589 594 498 3590 587 594 3591 507 512 3592 593 513 3593 593 513 3594 508 511 3595 491 496 3596 592 600 3597 594 498 3598 490 497 3599 590 598 3600 592 600 3601 595 601 3602 488 493 3603 596 603 3604 595 601 3605 596 603 3606 599 604 3607 597 602 3608 599 604 3609 600 606 3610 598 605 3611 590 598 3612 597 602 3613 598 605 3614 600 606 3615 599 604 3616 601 607 3617 599 604 3618 596 603 3619 603 609 3620 275 283 3621 602 608 3622 601 607 3623 277 285 3624 601 607 3625 603 609 3626 281 289 3627 279 286 3628 603 609 3629 596 603 3630 488 493 3631 486 492 3632 273 280 3633 604 610 3634 602 608 3635 600 606 3636 602 608 3637 604 610 3638 271 271 3639 262 268 3640 604 610 3641 605 611 3642 604 610 3643 262 268 3644 259 267 3645 257 266 3646 606 612 3647 605 611 3648 606 612 3649 598 605 3650 608 599 3651 598 605 3652 606 612 3653 607 613 3654 606 612 3655 257 266 3656 589 596 3657 608 599 3658 607 613 3659 610 614 3660 607 613 3661 609 264 3662 614 616 3663 612 617 3664 610 614 3665 612 617 3666 586 592 3667 589 596 3668 612 617 3669 613 654 3670 584 591 3671 615 618 3672 613 654 3673 612 617 3674 617 619 3675 616 621 3676 614 616 3677 618 620 3678 615 618 3679 614 616 3680 620 622 3681 619 624 3682 616 621 3683 621 623 3684 618 620 3685 616 621 3686 2 3 3687 6 5 3688 619 624 3689 622 625 3690 621 623 3691 619 624 3692 623 626 3693 621 623 3694 622 625 3695 623 626 3696 625 630 3697 618 620 3698 628 628 3699 626 632 3700 623 626 3701 623 626 3702 626 632 3703 627 629 3704 631 631 3705 627 629 3706 626 632 3707 628 628 3708 630 27 3709 629 633 3710 24 28 3711 632 634 3712 629 633 3713 632 634 3714 633 636 3715 631 631 3716 632 634 3717 634 637 3718 636 635 3719 632 634 3720 24 28 3721 26 29 3722 26 29 3723 28 30 3724 635 638 3725 634 637 3726 635 638 3727 638 639 3728 633 636 3729 636 635 3730 637 640 3731 636 635 3732 638 639 3733 640 642 3734 638 639 3735 639 645 3736 641 643 3737 638 639 3738 635 638 3739 653 644 3740 637 640 3741 640 642 3742 642 568 3743 640 642 3744 641 643 3745 560 564 3746 643 646 3747 642 568 3748 563 569 3749 646 641 3750 637 640 3751 643 646 3752 644 647 3753 643 646 3754 571 578 3755 575 580 3756 645 649 3757 644 647 3758 644 647 3759 645 649 3760 647 648 3761 647 648 3762 631 631 3763 633 636 3764 645 649 3765 650 653 3766 648 650 3767 627 629 3768 631 631 3769 647 648 3770 625 630 3771 627 629 3772 648 650 3773 648 650 3774 650 653 3775 652 652 3776 650 653 3777 651 582 3778 582 590 3779 645 649 3780 575 580 3781 651 582 3782 649 651 3783 652 652 3784 613 654 3785 652 652 3786 582 590 3787 584 591 3788 625 630 3789 649 651 3790 615 618 3791 641 643 3792 639 645 3793 654 655 3794 653 644 3795 656 657 3796 654 655 3797 559 565 3798 654 655 3799 655 656 3800 656 657 3801 658 659 3802 655 656 3803 666 32 3804 657 667 3805 656 657 3806 656 657 3807 657 667 3808 659 658 3809 658 659 3810 659 658 3811 661 660 3812 655 656 3813 658 659 3814 660 661 3815 661 660 3816 664 666 3817 663 663 3818 662 662 3819 660 661 3820 663 663 3821 662 662 3822 665 664 3823 553 665 3824 41 45 3825 44 48 3826 664 666 3827 557 562 3828 655 656 3829 662 662 3830 38 43 3831 41 45 3832 661 660 3833 657 667 3834 36 40 3835 38 43 3836 666 32 3837 29 34 3838 36 40 3839 635 638 3840 28 30 3841 666 32 3842 628 628 3843 16 21 3844 18 20 3845 624 627 3846 12 13 3847 16 21 3848 12 13 3849 624 627 3850 622 625 3851 2 3 3852 620 622 3853 254 261 3854 617 619 3855 256 265 3856 254 261 3857 611 615 3858 609 264 3859 256 265 3860 580 588 3861 510 516 3862 507 512 3863 426 432 3864 667 669 3865 519 521 3866 668 668 3867 515 520 3868 519 521 3869 426 432 3870 428 433 3871 433 437 3872 667 669 3873 433 437 3874 670 440 3875 515 520 3876 668 668 3877 669 670 3878 668 668 3879 670 440 3880 671 671 3881 434 449 3882 443 450 3883 671 671 3884 671 671 3885 500 507 3886 502 672 3887 671 671 3888 443 450 3889 445 451 3890 513 518 3891 669 670 3892 502 672 3893 504 503 3894 493 499 3895 491 496 3896 291 299 3897 478 484 3898 672 477 3899 293 300 3900 672 477 3901 468 475 3902 464 319 3903 462 336 3904 315 327 3905 330 337 3906 328 335 3907 458 470 3908 441 447 3909 342 349 3910 339 347 3911 223 236 3912 226 238 3913 266 273 3914 209 226 3915 223 236 3916 268 277 3917 226 238 3918 229 239 3919 264 275 3920 232 242 3921 250 258 3922 264 275 3923 154 163 3924 84 89 3925 81 90 3926 62 67 3927 67 70 3928 93 100 3929 89 96 3930 93 100 3931 67 70 3932 87 80 3933 89 96 3934 69 72 3935 673 673 3936 676 674 3937 910 675 3938 675 676 3939 673 673 3940 674 677 3941 673 673 3942 675 676 3943 679 678 3944 680 679 3945 676 674 3946 673 673 3947 682 680 3948 680 679 3949 677 681 3950 678 682 3951 677 681 3952 679 678 3953 681 683 3954 913 684 3955 676 674 3956 683 685 3957 681 683 3958 680 679 3959 685 686 3960 684 687 3961 682 680 3962 684 687 3963 686 688 3964 683 685 3965 687 689 3966 684 687 3967 685 686 3968 688 690 3969 686 688 3970 684 687 3971 687 689 3972 690 691 3973 692 692 3974 687 689 3975 689 693 3976 691 694 3977 690 691 3978 691 694 3979 696 695 3980 694 696 3981 692 692 3982 690 691 3983 694 696 3984 693 697 3985 695 698 3986 693 697 3987 696 695 3988 698 699 3989 1303 700 3990 697 701 3991 696 695 3992 696 695 3993 697 701 3994 699 702 3995 698 699 3996 699 702 3997 701 703 3998 695 698 3999 698 699 4000 700 704 4001 700 704 4002 701 703 4003 1339 705 4004 703 706 4005 700 704 4006 702 707 4007 704 708 4008 703 706 4009 705 709 4010 738 710 4011 695 698 4012 703 706 4013 706 711 4014 705 709 4015 707 712 4016 705 709 4017 702 707 4018 709 713 4019 708 714 4020 707 712 4021 710 715 4022 709 713 4023 711 716 4024 710 715 4025 711 716 4026 714 717 4027 713 718 4028 712 719 4029 710 715 4030 713 718 4031 714 717 4032 717 720 4033 716 721 4034 713 718 4035 716 721 4036 718 722 4037 721 723 4038 715 724 4039 718 722 4040 721 723 4041 719 725 4042 720 726 4043 724 727 4044 723 728 4045 721 723 4046 723 728 4047 712 719 4048 715 724 4049 726 729 4050 725 730 4051 723 728 4052 725 730 4053 708 714 4054 712 719 4055 727 731 4056 725 730 4057 726 729 4058 706 711 4059 708 714 4060 725 730 4061 704 708 4062 706 711 4063 727 731 4064 728 732 4065 727 731 4066 729 733 4067 729 733 4068 726 729 4069 779 734 4070 732 735 4071 731 736 4072 729 733 4073 734 737 4074 733 738 4075 731 736 4076 733 738 4077 736 739 4078 728 732 4079 735 740 4080 733 738 4081 734 737 4082 737 741 4083 736 739 4084 733 738 4085 736 739 4086 738 710 4087 704 708 4088 694 696 4089 738 710 4090 736 739 4091 694 696 4092 737 741 4093 739 742 4094 735 740 4095 740 743 4096 739 742 4097 740 743 4098 742 744 4099 741 745 4100 692 692 4101 739 742 4102 741 745 4103 688 690 4104 741 745 4105 743 746 4106 742 744 4107 744 747 4108 743 746 4109 744 747 4110 747 748 4111 745 749 4112 743 746 4113 745 749 4114 683 685 4115 745 749 4116 746 750 4117 681 683 4118 747 748 4119 749 751 4120 746 750 4121 744 747 4122 760 752 4123 748 753 4124 751 754 4125 749 751 4126 747 748 4127 752 755 4128 750 756 4129 749 751 4130 749 751 4131 750 756 4132 914 757 4133 755 758 4134 752 755 4135 751 754 4136 756 759 4137 753 760 4138 751 754 4139 840 761 4140 755 758 4141 753 760 4142 757 762 4143 754 763 4144 753 760 4145 759 764 4146 757 762 4147 756 759 4148 758 765 4149 756 759 4150 748 753 4151 763 766 4152 759 764 4153 758 765 4154 761 767 4155 758 765 4156 760 752 4157 764 768 4158 761 767 4159 762 769 4160 765 770 4161 763 766 4162 761 767 4163 769 771 4164 765 770 4165 764 768 4166 767 772 4167 764 768 4168 766 773 4169 768 774 4170 734 737 4171 770 775 4172 767 772 4173 770 775 4174 771 776 4175 771 776 4176 770 775 4177 772 777 4178 770 775 4179 734 737 4180 732 735 4181 772 777 4182 774 778 4183 775 779 4184 732 735 4185 730 780 4186 774 778 4187 730 780 4188 779 734 4189 776 781 4190 775 779 4191 774 778 4192 776 781 4193 776 781 4194 779 734 4195 780 782 4196 778 783 4197 776 781 4198 777 784 4199 779 734 4200 726 729 4201 724 727 4202 780 782 4203 781 785 4204 782 786 4205 724 727 4206 722 787 4207 781 785 4208 782 786 4209 781 785 4210 783 788 4211 722 787 4212 720 726 4213 783 788 4214 787 789 4215 782 786 4216 784 790 4217 788 791 4218 787 789 4219 785 792 4220 789 793 4221 787 789 4222 788 791 4223 777 784 4224 782 786 4225 787 789 4226 778 783 4227 789 793 4228 790 794 4229 790 794 4230 788 791 4231 795 795 4232 791 796 4233 790 794 4234 792 797 4235 793 798 4236 792 797 4237 795 795 4238 808 799 4239 794 800 4240 792 797 4241 796 801 4242 795 795 4243 797 802 4244 795 795 4245 788 791 4246 786 803 4247 801 804 4248 796 801 4249 798 805 4250 801 804 4251 799 806 4252 800 807 4253 803 808 4254 801 804 4255 802 809 4256 793 798 4257 796 801 4258 801 804 4259 806 810 4260 805 811 4261 803 808 4262 805 811 4263 808 799 4264 793 798 4265 1036 812 4266 807 813 4267 805 811 4268 807 813 4269 809 814 4270 808 799 4271 809 814 4272 811 815 4273 794 800 4274 1037 816 4275 810 817 4276 809 814 4277 810 817 4278 812 818 4279 811 815 4280 813 819 4281 791 796 4282 794 800 4283 812 818 4284 814 820 4285 813 819 4286 813 819 4287 775 779 4288 778 783 4289 773 821 4290 775 779 4291 813 819 4292 771 776 4293 773 821 4294 814 820 4295 815 822 4296 814 820 4297 812 818 4298 769 771 4299 771 776 4300 815 822 4301 819 823 4302 816 824 4303 815 822 4304 817 825 4305 812 818 4306 810 817 4307 819 823 4308 817 825 4309 818 826 4310 819 823 4311 820 827 4312 822 828 4313 819 823 4314 821 829 4315 824 830 4316 1046 831 4317 823 832 4318 821 829 4319 825 833 4320 824 830 4321 821 829 4322 825 833 4323 763 766 4324 765 770 4325 769 771 4326 816 824 4327 824 830 4328 823 832 4329 828 834 4330 826 835 4331 825 833 4332 826 835 4333 759 764 4334 826 835 4335 827 836 4336 757 762 4337 828 834 4338 830 837 4339 827 836 4340 1046 831 4341 829 838 4342 828 834 4343 829 838 4344 831 839 4345 830 837 4346 831 839 4347 833 840 4348 832 841 4349 832 841 4350 834 842 4351 827 836 4352 836 843 4353 835 844 4354 832 841 4355 832 841 4356 835 844 4357 838 845 4358 836 843 4359 989 846 4360 837 847 4361 838 845 4362 835 844 4363 837 847 4364 840 761 4365 838 845 4366 839 848 4367 834 842 4368 838 845 4369 840 761 4370 755 758 4371 840 761 4372 841 849 4373 841 849 4374 839 848 4375 991 850 4376 843 851 4377 841 849 4378 842 852 4379 843 851 4380 845 853 4381 847 854 4382 752 755 4383 755 758 4384 843 851 4385 994 855 4386 846 856 4387 845 853 4388 846 856 4389 849 857 4390 847 854 4391 916 858 4392 844 859 4393 847 854 4394 849 857 4395 850 860 4396 848 861 4397 851 862 4398 853 863 4399 850 860 4400 849 857 4401 846 856 4402 854 864 4403 921 865 4404 853 863 4405 851 862 4406 856 866 4407 852 867 4408 851 862 4409 846 856 4410 994 855 4411 855 868 4412 857 869 4413 856 866 4414 854 864 4415 858 870 4416 861 871 4417 852 867 4418 858 870 4419 856 866 4420 857 869 4421 858 870 4422 859 872 4423 885 873 4424 863 874 4425 861 871 4426 858 870 4427 861 871 4428 862 875 4429 921 865 4430 864 876 4431 862 875 4432 861 871 4433 860 877 4434 865 878 4435 863 874 4436 863 874 4437 865 878 4438 864 876 4439 873 879 4440 865 878 4441 866 880 4442 866 880 4443 865 878 4444 877 881 4445 887 882 4446 865 878 4447 867 883 4448 867 883 4449 865 878 4450 878 884 4451 886 885 4452 865 878 4453 868 886 4454 868 886 4455 865 878 4456 879 887 4457 885 873 4458 865 878 4459 860 877 4460 869 888 4461 865 878 4462 884 889 4463 890 890 4464 865 878 4465 869 888 4466 870 891 4467 865 878 4468 881 892 4469 888 893 4470 865 878 4471 870 891 4472 889 894 4473 865 878 4474 871 895 4475 871 895 4476 865 878 4477 883 896 4478 864 876 4479 865 878 4480 872 897 4481 872 897 4482 865 878 4483 880 898 4484 882 899 4485 865 878 4486 873 879 4487 874 900 4488 865 878 4489 887 882 4490 891 901 4491 865 878 4492 874 900 4493 875 902 4494 865 878 4495 886 885 4496 892 903 4497 865 878 4498 875 902 4499 876 904 4500 865 878 4501 885 873 4502 893 905 4503 865 878 4504 876 904 4505 877 881 4506 865 878 4507 890 890 4508 878 884 4509 865 878 4510 888 893 4511 879 887 4512 865 878 4513 889 894 4514 880 898 4515 865 878 4516 894 906 4517 881 892 4518 865 878 4519 892 903 4520 894 906 4521 865 878 4522 882 899 4523 883 896 4524 865 878 4525 893 905 4526 884 889 4527 865 878 4528 891 901 4529 895 907 4530 897 908 4531 880 898 4532 896 909 4533 895 907 4534 894 906 4535 896 909 4536 899 910 4537 898 911 4538 897 908 4539 895 907 4540 898 911 4541 898 911 4542 899 910 4543 902 912 4544 900 913 4545 898 911 4546 901 914 4547 905 915 4548 904 916 4549 901 914 4550 904 916 4551 906 917 4552 903 918 4553 904 916 4554 905 915 4555 908 919 4556 907 920 4557 909 921 4558 906 917 4559 674 677 4560 910 675 4561 907 920 4562 910 675 4563 911 922 4564 909 921 4565 676 674 4566 913 684 4567 911 922 4568 911 922 4569 912 923 4570 915 924 4571 913 684 4572 914 757 4573 912 923 4574 746 750 4575 914 757 4576 913 684 4577 914 757 4578 750 756 4579 916 858 4580 916 858 4581 848 861 4582 915 924 4583 750 756 4584 752 755 4585 844 859 4586 917 925 4587 906 917 4588 909 921 4589 917 925 4590 915 924 4591 848 861 4592 850 860 4593 853 863 4594 918 926 4595 906 917 4596 917 925 4597 918 926 4598 919 927 4599 918 926 4600 853 863 4601 919 927 4602 900 913 4603 903 918 4604 897 908 4605 900 913 4606 919 927 4607 862 875 4608 920 928 4609 919 927 4610 880 898 4611 897 908 4612 920 928 4613 872 897 4614 920 928 4615 862 875 4616 924 929 4617 674 677 4618 908 919 4619 905 915 4620 923 930 4621 922 931 4622 923 930 4623 926 932 4624 925 933 4625 927 934 4626 924 929 4627 922 931 4628 926 932 4629 931 935 4630 928 936 4631 927 934 4632 925 933 4633 928 936 4634 1282 937 4635 929 938 4636 928 936 4637 931 935 4638 932 939 4639 930 940 4640 931 935 4641 933 941 4642 935 942 4643 926 932 4644 936 943 4645 933 941 4646 944 944 4647 935 942 4648 933 941 4649 934 945 4650 933 941 4651 936 943 4652 939 946 4653 938 947 4654 936 943 4655 926 932 4656 923 930 4657 937 948 4658 942 949 4659 934 945 4660 938 947 4661 941 950 4662 940 951 4663 938 947 4664 940 951 4665 941 950 4666 873 879 4667 877 881 4668 942 949 4669 940 951 4670 943 952 4671 944 944 4672 934 945 4673 943 952 4674 942 949 4675 877 881 4676 943 952 4677 945 953 4678 946 954 4679 945 953 4680 943 952 4681 890 890 4682 947 955 4683 948 956 4684 946 954 4685 884 889 4686 947 955 4687 945 953 4688 949 957 4689 950 958 4690 948 956 4691 949 957 4692 947 955 4693 884 889 4694 949 957 4695 951 959 4696 952 960 4697 874 900 4698 951 959 4699 949 957 4700 953 961 4701 954 962 4702 952 960 4703 953 961 4704 951 959 4705 874 900 4706 953 961 4707 955 963 4708 956 964 4709 955 963 4710 953 961 4711 887 882 4712 878 884 4713 957 965 4714 955 963 4715 957 965 4716 958 966 4717 956 964 4718 959 967 4719 960 968 4720 958 966 4721 959 967 4722 957 965 4723 878 884 4724 961 969 4725 962 970 4726 960 968 4727 870 891 4728 961 969 4729 959 967 4730 963 971 4731 964 972 4732 962 970 4733 963 971 4734 961 969 4735 870 891 4736 963 971 4737 965 973 4738 966 974 4739 892 903 4740 965 973 4741 963 971 4742 967 975 4743 968 976 4744 966 974 4745 875 902 4746 967 975 4747 965 973 4748 969 977 4749 970 978 4750 968 976 4751 969 977 4752 967 975 4753 875 902 4754 971 979 4755 972 980 4756 970 978 4757 971 979 4758 969 977 4759 886 885 4760 973 981 4761 971 979 4762 868 886 4763 973 981 4764 974 982 4765 972 980 4766 975 983 4767 977 984 4768 974 982 4769 889 894 4770 975 983 4771 973 981 4772 976 985 4773 975 983 4774 889 894 4775 976 985 4776 979 986 4777 977 984 4778 974 982 4779 977 984 4780 978 987 4781 979 986 4782 981 988 4783 978 987 4784 999 989 4785 980 990 4786 979 986 4787 980 990 4788 983 991 4789 981 988 4790 1137 992 4791 978 987 4792 981 988 4793 985 993 4794 982 994 4795 981 988 4796 980 990 4797 997 995 4798 984 996 4799 986 997 4800 985 993 4801 983 991 4802 986 997 4803 990 998 4804 987 999 4805 985 993 4806 987 999 4807 988 1000 4808 1000 1001 4809 988 1000 4810 987 999 4811 837 847 4812 989 846 4813 987 999 4814 986 997 4815 992 1002 4816 991 850 4817 839 848 4818 837 847 4819 990 998 4820 992 1002 4821 994 855 4822 842 852 4823 992 1002 4824 986 997 4825 984 996 4826 993 1003 4827 855 868 4828 994 855 4829 995 1004 4830 857 869 4831 855 868 4832 997 995 4833 995 1004 4834 993 1003 4835 859 872 4836 857 869 4837 995 1004 4838 996 1005 4839 995 1004 4840 997 995 4841 999 989 4842 998 1006 4843 997 995 4844 998 1006 4845 999 989 4846 883 896 4847 876 904 4848 996 1005 4849 998 1006 4850 883 896 4851 999 989 4852 976 985 4853 859 872 4854 996 1005 4855 876 904 4856 836 843 4857 1002 1007 4858 1000 1001 4859 1001 1008 4860 1135 1009 4861 988 1000 4862 1002 1007 4863 1003 1010 4864 1001 1008 4865 1003 1010 4866 1002 1007 4867 1004 1011 4868 1002 1007 4869 836 843 4870 833 840 4871 1005 1012 4872 1004 1011 4873 833 840 4874 1006 1013 4875 1004 1011 4876 1005 1012 4877 1008 1014 4878 1009 1015 4879 1003 1010 4880 1010 1016 4881 1008 1014 4882 1006 1013 4883 1011 1017 4884 1013 1018 4885 1009 1015 4886 1014 1019 4887 1011 1017 4888 1008 1014 4889 1012 1020 4890 1127 1021 4891 1013 1018 4892 1015 1022 4893 1012 1020 4894 1011 1017 4895 1016 1023 4896 1017 1024 4897 1015 1022 4898 1016 1023 4899 1014 1019 4900 1010 1016 4901 1021 1025 4902 1017 1024 4903 1016 1023 4904 1016 1023 4905 1018 1026 4906 1020 1027 4907 1024 1028 4908 1022 1029 4909 1019 1030 4910 1023 1031 4911 1021 1025 4912 1019 1030 4913 1027 1032 4914 1023 1031 4915 1022 1029 4916 1022 1029 4917 1024 1028 4918 1026 1033 4919 1026 1033 4920 1031 1034 4921 1028 1035 4922 1027 1032 4923 1025 1036 4924 1028 1035 4925 1028 1035 4926 1030 1037 4927 1058 1038 4928 1031 1034 4929 1033 1039 4930 1030 1037 4931 1041 1040 4932 1032 1041 4933 1031 1034 4934 1032 1041 4935 1035 1042 4936 1033 1039 4937 1035 1042 4938 1036 812 4939 1034 1043 4940 1033 1039 4941 1034 1043 4942 1048 1044 4943 1038 1045 4944 1037 816 4945 1035 1042 4946 1037 816 4947 807 813 4948 1036 812 4949 818 826 4950 810 817 4951 1037 816 4952 1039 1046 4953 1038 1045 4954 1032 1041 4955 820 827 4956 818 826 4957 1038 1045 4958 1039 1046 4959 1040 1047 4960 822 828 4961 1041 1040 4962 1042 1048 4963 1040 1047 4964 1041 1040 4965 1026 1033 4966 1024 1028 4967 1040 1047 4968 1042 1048 4969 1043 1049 4970 1020 1027 4971 1043 1049 4972 1042 1048 4973 1020 1027 4974 1018 1026 4975 1044 1050 4976 1043 1049 4977 1044 1050 4978 1047 1051 4979 1045 1052 4980 1047 1051 4981 829 838 4982 1040 1047 4983 1045 1052 4984 1046 831 4985 1047 1051 4986 1044 1050 4987 1007 1053 4988 1047 1051 4989 1005 1012 4990 831 839 4991 1018 1026 4992 1010 1016 4993 1007 1053 4994 1034 1043 4995 1036 812 4996 806 810 4997 1048 1044 4998 1034 1043 4999 1049 1054 5000 1049 1054 5001 806 810 5002 804 1055 5003 1049 1054 5004 1050 1056 5005 1052 1057 5006 1053 1058 5007 1051 1059 5008 1052 1057 5009 1056 1060 5010 1048 1044 5011 1051 1059 5012 1057 1061 5013 1056 1060 5014 1053 1058 5015 1054 1062 5016 1053 1058 5017 1055 1063 5018 1059 1064 5019 1058 1038 5020 1056 1060 5021 1030 1037 5022 1048 1044 5023 1056 1060 5024 1029 1065 5025 1058 1038 5026 1059 1064 5027 1060 1066 5028 1059 1064 5029 1061 1067 5030 1059 1064 5031 1057 1061 5032 1064 1068 5033 1062 1069 5034 1061 1067 5035 1064 1068 5036 1063 1070 5037 1061 1067 5038 1062 1069 5039 1065 1071 5040 1064 1068 5041 1066 1072 5042 1064 1068 5043 1057 1061 5044 1054 1062 5045 1066 1072 5046 1068 1073 5047 1069 1074 5048 1054 1062 5049 1070 1075 5050 1068 1073 5051 1068 1073 5052 1071 1076 5053 1072 1077 5054 1068 1073 5055 1070 1075 5056 1073 1078 5057 1072 1077 5058 1071 1076 5059 1074 1079 5060 1071 1076 5061 1073 1078 5062 1076 1080 5063 1079 1081 5064 1077 1082 5065 1076 1080 5066 1080 1083 5067 1078 1084 5068 1077 1082 5069 1055 1063 5070 1079 1081 5071 1073 1078 5072 1055 1063 5073 1052 1057 5074 1080 1083 5075 1052 1057 5076 1050 1056 5077 1081 1085 5078 1080 1083 5079 1081 1085 5080 1082 1086 5081 804 1055 5082 802 809 5083 1081 1085 5084 802 809 5085 800 807 5086 1082 1086 5087 1072 1077 5088 1075 1087 5089 1083 1088 5090 1086 1089 5091 1085 1090 5092 1083 1088 5093 1087 1091 5094 1085 1090 5095 1086 1089 5096 1069 1074 5097 1072 1077 5098 1085 1090 5099 1089 1092 5100 1087 1091 5101 1088 1093 5102 1067 1094 5103 1069 1074 5104 1087 1091 5105 1091 1095 5106 1089 1092 5107 1090 1096 5108 1065 1071 5109 1067 1094 5110 1089 1092 5111 1062 1069 5112 1065 1071 5113 1091 1095 5114 1092 1097 5115 1091 1095 5116 1093 1098 5117 1094 1099 5118 1093 1098 5119 1090 1096 5120 1095 1100 5121 1093 1098 5122 1094 1099 5123 1098 1101 5124 1097 1102 5125 1095 1100 5126 1100 1103 5127 1092 1097 5128 1095 1100 5129 1194 1104 5130 1099 1105 5131 1097 1102 5132 1099 1105 5133 1101 1106 5134 1100 1103 5135 1102 1107 5136 1062 1069 5137 1092 1097 5138 1101 1106 5139 1103 1108 5140 1102 1107 5141 1104 1109 5142 1063 1070 5143 1102 1107 5144 1103 1108 5145 1101 1106 5146 1106 1110 5147 1103 1108 5148 1105 1111 5149 1108 1112 5150 1105 1111 5151 1106 1110 5152 1343 1113 5153 1109 1114 5154 1108 1112 5155 1105 1111 5156 1109 1114 5157 1111 1115 5158 1110 1116 5159 1112 1117 5160 1104 1109 5161 1108 1112 5162 1111 1115 5163 1021 1025 5164 1023 1031 5165 1112 1117 5166 1110 1116 5167 1023 1031 5168 1027 1032 5169 1029 1065 5170 1060 1066 5171 1112 1117 5172 1060 1066 5173 1063 1070 5174 1109 1114 5175 1115 1118 5176 1113 1119 5177 1113 1119 5178 1017 1024 5179 1021 1025 5180 1017 1024 5181 1113 1119 5182 1114 1120 5183 1113 1119 5184 1115 1118 5185 1117 1121 5186 1107 1122 5187 1116 1123 5188 1115 1118 5189 1115 1118 5190 1116 1123 5191 1118 1124 5192 1120 1125 5193 1119 1126 5194 1117 1121 5195 1117 1121 5196 1119 1126 5197 1121 1127 5198 1123 1128 5199 1122 1129 5200 1119 1126 5201 1122 1129 5202 1125 1130 5203 1121 1127 5204 1123 1128 5205 1149 1131 5206 1124 1132 5207 1125 1130 5208 1122 1129 5209 1124 1132 5210 1125 1130 5211 1126 1133 5212 1128 1134 5213 1121 1127 5214 1125 1130 5215 1127 1021 5216 1127 1021 5217 1128 1134 5218 1130 1135 5219 1126 1133 5220 1145 1136 5221 1129 1137 5222 1128 1134 5223 1129 1137 5224 1132 1138 5225 1130 1135 5226 1132 1138 5227 1134 1139 5228 1009 1015 5229 1013 1018 5230 1130 1135 5231 1142 1140 5232 1133 1141 5233 1132 1138 5234 1133 1141 5235 1136 1142 5236 1134 1139 5237 1131 1143 5238 1134 1139 5239 1135 1009 5240 1136 1142 5241 1137 992 5242 1135 1009 5243 1136 1142 5244 1138 1144 5245 978 987 5246 1133 1141 5247 1139 1145 5248 1138 1144 5249 974 982 5250 1138 1144 5251 1139 1145 5252 1133 1141 5253 1142 1140 5254 1140 1146 5255 970 978 5256 972 980 5257 1139 1145 5258 1143 1147 5259 1141 1148 5260 1140 1146 5261 968 976 5262 970 978 5263 1140 1146 5264 1142 1140 5265 1129 1137 5266 1145 1136 5267 1144 1149 5268 1345 1150 5269 1141 1148 5270 1143 1147 5271 1145 1136 5272 1146 1151 5273 1126 1133 5274 1124 1132 5275 1146 1151 5276 1144 1149 5277 1146 1151 5278 1147 1152 5279 1149 1131 5280 1147 1152 5281 1146 1151 5282 1152 1153 5283 1150 1154 5284 1147 1152 5285 1149 1131 5286 1170 1155 5287 1148 1156 5288 1144 1149 5289 1150 1154 5290 1151 1157 5291 1150 1154 5292 1152 1153 5293 1154 1158 5294 1153 1159 5295 1152 1153 5296 1148 1156 5297 1153 1159 5298 1155 1160 5299 1154 1158 5300 962 970 5301 1154 1158 5302 1155 1160 5303 964 972 5304 1151 1157 5305 1154 1158 5306 958 966 5307 960 968 5308 1155 1160 5309 1157 1161 5310 1156 1162 5311 1155 1160 5312 956 964 5313 958 966 5314 1156 1162 5315 1157 1161 5316 1160 1163 5317 1158 1164 5318 1160 1163 5319 1161 1165 5320 1159 1166 5321 954 962 5322 956 964 5323 1158 1164 5324 1161 1165 5325 1160 1163 5326 1162 1167 5327 1157 1161 5328 1165 1168 5329 1162 1167 5330 1164 1169 5331 1267 1170 5332 1163 1171 5333 1166 1172 5334 1164 1169 5335 1162 1167 5336 1168 1173 5337 1166 1172 5338 1165 1168 5339 1153 1159 5340 1167 1174 5341 1165 1168 5342 1170 1155 5343 1168 1173 5344 1167 1174 5345 1169 1175 5346 1177 1176 5347 1166 1172 5348 1171 1177 5349 1169 1175 5350 1168 1173 5351 1123 1128 5352 1171 1177 5353 1170 1155 5354 1169 1175 5355 1171 1177 5356 1172 1178 5357 1171 1177 5358 1123 1128 5359 1120 1125 5360 1172 1178 5361 1120 1125 5362 1118 1124 5363 1174 1179 5364 1172 1178 5365 1173 1180 5366 1176 1181 5367 1177 1176 5368 1169 1175 5369 1178 1182 5370 1176 1181 5371 1174 1179 5372 1179 1183 5373 1181 1184 5374 1177 1176 5375 1179 1183 5376 1176 1181 5377 1178 1182 5378 1180 1185 5379 1266 1186 5380 1181 1184 5381 1180 1185 5382 1179 1183 5383 1182 1187 5384 1184 1188 5385 1185 1189 5386 1183 1190 5387 1186 1191 5388 1184 1188 5389 1182 1187 5390 1189 1192 5391 1185 1189 5392 1184 1188 5393 1184 1188 5394 1186 1191 5395 1188 1193 5396 1192 1194 5397 1190 1195 5398 1187 1196 5399 1191 1197 5400 1189 1192 5401 1187 1196 5402 1195 1198 5403 1191 1197 5404 1190 1195 5405 1190 1195 5406 1192 1194 5407 1194 1104 5408 1193 1199 5409 1194 1104 5410 1098 1101 5411 1193 1199 5412 1196 1200 5413 1197 1201 5414 1197 1201 5415 1196 1200 5416 1198 1202 5417 1196 1200 5418 1098 1101 5419 1096 1203 5420 1198 1202 5421 1200 1204 5422 1201 1205 5423 1096 1203 5424 1094 1099 5425 1200 1204 5426 1200 1204 5427 1094 1099 5428 1205 1206 5429 1201 1205 5430 1200 1204 5431 1202 1207 5432 1205 1206 5433 1206 1208 5434 1203 1209 5435 1202 1207 5436 1203 1209 5437 1215 1210 5438 1090 1096 5439 1088 1093 5440 1206 1208 5441 1206 1208 5442 1207 1211 5443 1208 1212 5444 1088 1093 5445 1086 1089 5446 1207 1211 5447 1208 1212 5448 1207 1211 5449 1209 1213 5450 1207 1211 5451 1086 1089 5452 1084 1214 5453 1208 1212 5454 1210 1215 5455 1211 1216 5456 1213 1217 5457 1211 1216 5458 1212 1218 5459 1216 1219 5460 1215 1210 5461 1213 1217 5462 1215 1210 5463 1203 1209 5464 1208 1212 5465 1217 1220 5466 1204 1221 5467 1215 1210 5468 1218 1222 5469 1216 1219 5470 1214 1223 5471 1217 1220 5472 1216 1219 5473 1218 1222 5474 1219 1224 5475 1218 1222 5476 1221 1225 5477 1220 1226 5478 1218 1222 5479 1219 1224 5480 1221 1225 5481 1223 1227 5482 1224 1228 5483 1214 1223 5484 1212 1218 5485 1223 1227 5486 1227 1229 5487 1222 1230 5488 1224 1228 5489 1228 1231 5490 1227 1229 5491 1225 1232 5492 1229 1233 5493 1227 1229 5494 1228 1231 5495 1229 1233 5496 1219 1224 5497 1222 1230 5498 1231 1234 5499 1229 1233 5500 1230 1235 5501 1234 1236 5502 1219 1224 5503 1229 1233 5504 1233 1237 5505 1231 1234 5506 1232 1238 5507 1233 1237 5508 1235 1239 5509 1234 1236 5510 1235 1239 5511 1237 1240 5512 1220 1226 5513 1315 1241 5514 1236 1242 5515 1235 1239 5516 1236 1242 5517 1238 1243 5518 1237 1240 5519 1239 1244 5520 1217 1220 5521 1220 1226 5522 1238 1243 5523 1240 1245 5524 1239 1244 5525 1239 1244 5526 1201 1205 5527 1204 1221 5528 1199 1246 5529 1201 1205 5530 1239 1244 5531 1241 1247 5532 1197 1201 5533 1199 1246 5534 1243 1248 5535 1241 1247 5536 1240 1245 5537 1242 1249 5538 1195 1198 5539 1197 1201 5540 1245 1250 5541 1242 1249 5542 1241 1247 5543 1244 1251 5544 1243 1248 5545 1238 1243 5546 1246 1252 5547 1245 1250 5548 1243 1248 5549 1245 1250 5550 1246 1252 5551 1248 1253 5552 1242 1249 5553 1245 1250 5554 1247 1254 5555 1324 1255 5556 1249 1256 5557 1247 1254 5558 1249 1256 5559 1251 1257 5560 1250 1258 5561 1251 1257 5562 1189 1192 5563 1191 1197 5564 1195 1198 5565 1242 1249 5566 1250 1258 5567 1254 1259 5568 1252 1260 5569 1251 1257 5570 1252 1260 5571 1185 1189 5572 1189 1192 5573 1185 1189 5574 1252 1260 5575 1253 1261 5576 1252 1260 5577 1254 1259 5578 1256 1262 5579 1255 1263 5580 1254 1259 5581 1249 1256 5582 1254 1259 5583 1255 1263 5584 1257 1264 5585 1259 1265 5586 1258 1266 5587 1256 1262 5588 1258 1266 5589 1260 1267 5590 1253 1261 5591 1259 1265 5592 1262 1268 5593 1261 1269 5594 1261 1269 5595 1264 1270 5596 1260 1267 5597 1262 1268 5598 1281 1271 5599 1263 1272 5600 1261 1269 5601 1263 1272 5602 1265 1273 5603 1264 1270 5604 1265 1273 5605 1267 1170 5606 1260 1267 5607 1264 1270 5608 1266 1186 5609 1266 1186 5610 1267 1170 5611 1164 1169 5612 1265 1273 5613 1268 1274 5614 1163 1171 5615 1263 1272 5616 1270 1275 5617 1268 1274 5618 1161 1165 5619 1163 1171 5620 1268 1274 5621 1269 1276 5622 1268 1274 5623 1270 1275 5624 1272 1277 5625 1270 1275 5626 1271 1278 5627 1263 1272 5628 1281 1271 5629 1271 1278 5630 1273 1279 5631 1275 1280 5632 1274 1281 5633 1272 1277 5634 1274 1281 5635 1276 1282 5636 948 956 5637 950 958 5638 1274 1281 5639 950 958 5640 952 960 5641 1276 1282 5642 954 962 5643 1159 1166 5644 1276 1282 5645 1269 1276 5646 1276 1282 5647 1159 1166 5648 946 954 5649 948 956 5650 1275 1280 5651 1273 1279 5652 1278 1283 5653 1277 1284 5654 944 944 5655 946 954 5656 1277 1284 5657 1278 1283 5658 932 939 5659 935 942 5660 932 939 5661 1278 1283 5662 1279 1285 5663 1278 1283 5664 1273 1279 5665 1271 1278 5666 1281 1271 5667 1280 1286 5668 1279 1285 5669 1280 1286 5670 1282 937 5671 930 940 5672 1262 1268 5673 1283 1287 5674 1280 1286 5675 1283 1287 5676 1284 1288 5677 1282 937 5678 1287 1289 5679 1284 1288 5680 1283 1287 5681 1285 1290 5682 1283 1287 5683 1262 1268 5684 1285 1290 5685 1259 1265 5686 1257 1264 5687 1288 1291 5688 1287 1289 5689 1285 1290 5690 1290 1292 5691 1284 1288 5692 1287 1289 5693 1291 1293 5694 1289 1294 5695 1287 1289 5696 1293 1295 5697 1290 1292 5698 1289 1294 5699 1294 1296 5700 1292 1297 5701 1289 1294 5702 675 676 5703 1293 1295 5704 1292 1297 5705 1295 1298 5706 679 678 5707 1292 1297 5708 1296 1299 5709 1297 1300 5710 1295 1298 5711 1296 1299 5712 1294 1296 5713 1291 1293 5714 1301 1301 5715 1297 1300 5716 1296 1299 5717 1296 1299 5718 1298 1302 5719 1300 1303 5720 1304 1304 5721 1302 1305 5722 1299 1306 5723 1301 1301 5724 1299 1306 5725 1302 1305 5726 697 701 5727 1303 700 5728 1302 1305 5729 1305 1307 5730 1302 1305 5731 1304 1304 5732 1305 1307 5733 1306 1308 5734 1309 1309 5735 1305 1307 5736 1307 1310 5737 699 702 5738 699 702 5739 1307 1310 5740 1308 1311 5741 1307 1310 5742 1309 1309 5743 1311 1312 5744 1306 1308 5745 1319 1313 5746 1310 1314 5747 1309 1309 5748 1310 1314 5749 1313 1315 5750 1311 1312 5751 1313 1315 5752 1314 1316 5753 1311 1312 5754 1312 1317 5755 1326 1318 5756 1310 1314 5757 1316 1319 5758 1315 1241 5759 1313 1315 5760 1315 1241 5761 1233 1237 5762 1316 1319 5763 1244 1251 5764 1236 1242 5765 1319 1313 5766 1317 1320 5767 1316 1319 5768 1317 1320 5769 1246 1252 5770 1244 1251 5771 1248 1253 5772 1246 1252 5773 1317 1320 5774 1317 1320 5775 1319 1313 5776 1320 1321 5777 1320 1321 5778 1319 1313 5779 1306 1308 5780 1318 1322 5781 1320 1321 5782 1321 1323 5783 1300 1303 5784 1321 1323 5785 1320 1321 5786 1298 1302 5787 1322 1324 5788 1321 1323 5789 1321 1323 5790 1322 1324 5791 1325 1325 5792 1323 1326 5793 1325 1325 5794 1255 1263 5795 1318 1322 5796 1323 1326 5797 1324 1255 5798 1322 1324 5799 1288 1291 5800 1286 1327 5801 1325 1325 5802 1286 1327 5803 1257 1264 5804 1298 1302 5805 1291 1293 5806 1288 1291 5807 1314 1316 5808 1232 1238 5809 1327 1328 5810 1326 1318 5811 1312 1317 5812 1327 1328 5813 1232 1238 5814 1230 1235 5815 1328 1329 5816 1329 1330 5817 1327 1328 5818 1328 1329 5819 1339 705 5820 1326 1318 5821 1329 1330 5822 1329 1330 5823 1331 1331 5824 1332 1332 5825 1331 1331 5826 1333 1333 5827 1334 1334 5828 1328 1329 5829 1335 1335 5830 1333 1333 5831 1334 1334 5832 1333 1333 5833 1336 1336 5834 1335 1335 5835 1338 1337 5836 1336 1336 5837 1335 1335 5838 1228 1231 5839 1226 1338 5840 714 717 5841 1334 1334 5842 1337 1339 5843 1230 1235 5844 1228 1231 5845 1335 1335 5846 711 716 5847 1332 1332 5848 1334 1334 5849 1330 1340 5850 1332 1332 5851 711 716 5852 1339 705 5853 1330 1340 5854 709 713 5855 1308 1311 5856 1326 1318 5857 1339 705 5858 1301 1301 5859 1303 700 5860 691 694 5861 1297 1300 5862 1301 1301 5863 689 693 5864 685 686 5865 678 682 5866 1295 1298 5867 675 676 5868 924 929 5869 927 934 5870 1290 1292 5871 1293 1295 5872 927 934 5873 1284 1288 5874 1290 1292 5875 929 938 5876 1253 1261 5877 1260 1267 5878 1180 1185 5879 1099 1105 5880 1194 1104 5881 1192 1194 5882 1341 1341 5883 1340 1342 5884 1192 1194 5885 1099 1105 5886 1340 1342 5887 1106 1110 5888 1340 1342 5889 1341 1341 5890 1343 1113 5891 1188 1193 5892 1186 1191 5893 1342 1343 5894 1341 1341 5895 1342 1343 5896 1344 1344 5897 1107 1122 5898 1343 1113 5899 1344 1344 5900 1344 1344 5901 1342 1343 5902 1175 1345 5903 1344 1344 5904 1173 1180 5905 1118 1124 5906 1186 1191 5907 1178 1182 5908 1175 1345 5909 1177 1176 5910 1181 1184 5911 1164 1169 5912 964 972 5913 966 974 5914 1345 1150 5915 966 974 5916 968 976 5917 1141 1148 5918 1137 992 5919 982 994 5920 988 1000 5921 1003 1010 5922 1009 1015 5923 1131 1143 5924 1114 1120 5925 1121 1127 5926 1012 1020 5927 896 909 5928 941 950 5929 939 946 5930 882 899 5931 873 879 5932 941 950 5933 899 910 5934 939 946 5935 937 948 5936 905 915 5937 902 912 5938 937 948 5939 827 836 5940 834 842 5941 754 763 5942 735 740 5943 768 774 5944 766 773 5945 762 769 5946 742 744 5947 740 743 5948 760 752 5949 744 747 5950 742 744 5951 673 673 5952 910 675 5953 674 677 5954 675 676 5955 674 677 5956 924 929 5957 673 673 5958 679 678 5959 677 681 5960 680 679 5961 673 673 5962 677 681 5963 682 680 5964 677 681 5965 678 682 5966 678 682 5967 679 678 5968 1295 1298 5969 681 683 5970 676 674 5971 680 679 5972 683 685 5973 680 679 5974 682 680 5975 685 686 5976 682 680 5977 678 682 5978 684 687 5979 683 685 5980 682 680 5981 687 689 5982 685 686 5983 689 693 5984 688 690 5985 684 687 5986 687 689 5987 687 689 5988 692 692 5989 688 690 5990 687 689 5991 691 694 5992 690 691 5993 690 691 5994 696 695 5995 693 697 5996 694 696 5997 690 691 5998 693 697 5999 694 696 6000 695 698 6001 738 710 6002 693 697 6003 698 699 6004 695 698 6005 1303 700 6006 696 695 6007 691 694 6008 696 695 6009 699 702 6010 698 699 6011 698 699 6012 701 703 6013 700 704 6014 695 698 6015 700 704 6016 703 706 6017 700 704 6018 1339 705 6019 702 707 6020 703 706 6021 702 707 6022 705 709 6023 704 708 6024 705 709 6025 706 711 6026 738 710 6027 703 706 6028 704 708 6029 706 711 6030 707 712 6031 708 714 6032 705 709 6033 709 713 6034 707 712 6035 708 714 6036 710 715 6037 712 719 6038 709 713 6039 710 715 6040 707 712 6041 711 716 6042 713 718 6043 710 715 6044 712 719 6045 713 718 6046 715 724 6047 714 717 6048 716 721 6049 713 718 6050 713 718 6051 718 722 6052 715 724 6053 721 723 6054 718 722 6055 719 725 6056 721 723 6057 720 726 6058 722 787 6059 724 727 6060 721 723 6061 722 787 6062 723 728 6063 715 724 6064 721 723 6065 726 729 6066 723 728 6067 724 727 6068 725 730 6069 712 719 6070 723 728 6071 727 731 6072 726 729 6073 729 733 6074 706 711 6075 725 730 6076 727 731 6077 704 708 6078 727 731 6079 728 732 6080 728 732 6081 729 733 6082 731 736 6083 729 733 6084 779 734 6085 730 780 6086 732 735 6087 729 733 6088 730 780 6089 734 737 6090 731 736 6091 732 735 6092 733 738 6093 728 732 6094 731 736 6095 735 740 6096 734 737 6097 768 774 6098 737 741 6099 733 738 6100 735 740 6101 736 739 6102 704 708 6103 728 732 6104 694 696 6105 736 739 6106 737 741 6107 694 696 6108 739 742 6109 692 692 6110 735 740 6111 739 742 6112 737 741 6113 740 743 6114 741 745 6115 739 742 6116 692 692 6117 741 745 6118 688 690 6119 688 690 6120 743 746 6121 686 688 6122 742 744 6123 743 746 6124 741 745 6125 744 747 6126 745 749 6127 743 746 6128 743 746 6129 683 685 6130 686 688 6131 745 749 6132 681 683 6133 683 685 6134 747 748 6135 746 750 6136 745 749 6137 744 747 6138 748 753 6139 747 748 6140 751 754 6141 747 748 6142 748 753 6143 752 755 6144 749 751 6145 751 754 6146 749 751 6147 914 757 6148 746 750 6149 755 758 6150 751 754 6151 753 760 6152 756 759 6153 751 754 6154 748 753 6155 840 761 6156 753 760 6157 754 763 6158 757 762 6159 753 760 6160 756 759 6161 759 764 6162 756 759 6163 758 765 6164 758 765 6165 748 753 6166 760 752 6167 763 766 6168 758 765 6169 761 767 6170 761 767 6171 760 752 6172 762 769 6173 764 768 6174 762 769 6175 766 773 6176 765 770 6177 761 767 6178 764 768 6179 769 771 6180 764 768 6181 767 772 6182 767 772 6183 766 773 6184 768 774 6185 768 774 6186 770 775 6187 767 772 6188 767 772 6189 771 776 6190 769 771 6191 771 776 6192 772 777 6193 773 821 6194 770 775 6195 732 735 6196 772 777 6197 772 777 6198 775 779 6199 773 821 6200 732 735 6201 774 778 6202 772 777 6203 730 780 6204 776 781 6205 774 778 6206 775 779 6207 776 781 6208 778 783 6209 776 781 6210 780 782 6211 777 784 6212 778 783 6213 777 784 6214 789 793 6215 779 734 6216 724 727 6217 780 782 6218 780 782 6219 782 786 6220 777 784 6221 724 727 6222 781 785 6223 780 782 6224 782 786 6225 783 788 6226 784 790 6227 722 787 6228 783 788 6229 781 785 6230 787 789 6231 784 790 6232 785 792 6233 788 791 6234 785 792 6235 786 803 6236 789 793 6237 788 791 6238 790 794 6239 777 784 6240 787 789 6241 789 793 6242 778 783 6243 790 794 6244 791 796 6245 790 794 6246 795 795 6247 792 797 6248 791 796 6249 792 797 6250 794 800 6251 793 798 6252 795 795 6253 796 801 6254 808 799 6255 792 797 6256 793 798 6257 796 801 6258 797 802 6259 798 805 6260 795 795 6261 786 803 6262 797 802 6263 801 804 6264 798 805 6265 799 806 6266 801 804 6267 800 807 6268 802 809 6269 803 808 6270 802 809 6271 804 1055 6272 793 798 6273 801 804 6274 803 808 6275 806 810 6276 803 808 6277 804 1055 6278 805 811 6279 793 798 6280 803 808 6281 1036 812 6282 805 811 6283 806 810 6284 807 813 6285 808 799 6286 805 811 6287 809 814 6288 794 800 6289 808 799 6290 1037 816 6291 809 814 6292 807 813 6293 810 817 6294 811 815 6295 809 814 6296 813 819 6297 794 800 6298 811 815 6299 812 818 6300 813 819 6301 811 815 6302 813 819 6303 778 783 6304 791 796 6305 773 821 6306 813 819 6307 814 820 6308 771 776 6309 814 820 6310 815 822 6311 815 822 6312 812 818 6313 817 825 6314 769 771 6315 815 822 6316 816 824 6317 819 823 6318 815 822 6319 817 825 6320 817 825 6321 810 817 6322 818 826 6323 819 823 6324 818 826 6325 820 827 6326 819 823 6327 822 828 6328 821 829 6329 819 823 6330 824 830 6331 816 824 6332 1046 831 6333 821 829 6334 822 828 6335 825 833 6336 821 829 6337 823 832 6338 825 833 6339 765 770 6340 824 830 6341 769 771 6342 824 830 6343 765 770 6344 823 832 6345 826 835 6346 825 833 6347 825 833 6348 759 764 6349 763 766 6350 826 835 6351 757 762 6352 759 764 6353 828 834 6354 827 836 6355 826 835 6356 1046 831 6357 828 834 6358 823 832 6359 829 838 6360 830 837 6361 828 834 6362 831 839 6363 832 841 6364 830 837 6365 832 841 6366 827 836 6367 830 837 6368 836 843 6369 832 841 6370 833 840 6371 832 841 6372 838 845 6373 834 842 6374 836 843 6375 837 847 6376 835 844 6377 838 845 6378 837 847 6379 839 848 6380 840 761 6381 839 848 6382 841 849 6383 834 842 6384 840 761 6385 754 763 6386 755 758 6387 841 849 6388 843 851 6389 841 849 6390 991 850 6391 842 852 6392 843 851 6393 842 852 6394 845 853 6395 843 851 6396 847 854 6397 844 859 6398 752 755 6399 843 851 6400 844 859 6401 994 855 6402 845 853 6403 842 852 6404 846 856 6405 847 854 6406 845 853 6407 916 858 6408 847 854 6409 848 861 6410 849 857 6411 848 861 6412 847 854 6413 851 862 6414 850 860 6415 849 857 6416 849 857 6417 854 864 6418 851 862 6419 921 865 6420 851 862 6421 852 867 6422 856 866 6423 851 862 6424 854 864 6425 846 856 6426 855 868 6427 854 864 6428 857 869 6429 854 864 6430 855 868 6431 858 870 6432 852 867 6433 856 866 6434 858 870 6435 857 869 6436 859 872 6437 858 870 6438 885 873 6439 860 877 6440 863 874 6441 858 870 6442 860 877 6443 861 871 6444 921 865 6445 852 867 6446 864 876 6447 861 871 6448 863 874 6449 895 907 6450 880 898 6451 894 906 6452 896 909 6453 894 906 6454 882 899 6455 896 909 6456 898 911 6457 895 907 6458 897 908 6459 898 911 6460 900 913 6461 898 911 6462 902 912 6463 901 914 6464 900 913 6465 901 914 6466 903 918 6467 905 915 6468 901 914 6469 902 912 6470 904 916 6471 903 918 6472 901 914 6473 904 916 6474 908 919 6475 907 920 6476 907 920 6477 906 917 6478 904 916 6479 674 677 6480 907 920 6481 908 919 6482 910 675 6483 909 921 6484 907 920 6485 676 674 6486 911 922 6487 910 675 6488 911 922 6489 915 924 6490 909 921 6491 913 684 6492 912 923 6493 911 922 6494 746 750 6495 913 684 6496 681 683 6497 914 757 6498 916 858 6499 912 923 6500 916 858 6501 915 924 6502 912 923 6503 750 756 6504 844 859 6505 916 858 6506 917 925 6507 909 921 6508 915 924 6509 917 925 6510 848 861 6511 850 860 6512 850 860 6513 918 926 6514 917 925 6515 906 917 6516 918 926 6517 903 918 6518 919 927 6519 853 863 6520 921 865 6521 919 927 6522 903 918 6523 918 926 6524 897 908 6525 919 927 6526 920 928 6527 862 875 6528 919 927 6529 921 865 6530 880 898 6531 920 928 6532 872 897 6533 872 897 6534 862 875 6535 864 876 6536 924 929 6537 908 919 6538 922 931 6539 905 915 6540 922 931 6541 908 919 6542 923 930 6543 925 933 6544 922 931 6545 927 934 6546 922 931 6547 925 933 6548 926 932 6549 928 936 6550 925 933 6551 927 934 6552 928 936 6553 929 938 6554 1282 937 6555 928 936 6556 930 940 6557 931 935 6558 930 940 6559 928 936 6560 931 935 6561 935 942 6562 932 939 6563 926 932 6564 933 941 6565 931 935 6566 944 944 6567 933 941 6568 934 945 6569 934 945 6570 936 943 6571 938 947 6572 939 946 6573 936 943 6574 937 948 6575 926 932 6576 937 948 6577 936 943 6578 942 949 6579 938 947 6580 940 951 6581 941 950 6582 938 947 6583 939 946 6584 940 951 6585 873 879 6586 866 880 6587 877 881 6588 940 951 6589 866 880 6590 943 952 6591 934 945 6592 942 949 6593 943 952 6594 877 881 6595 890 890 6596 943 952 6597 946 954 6598 944 944 6599 945 953 6600 890 890 6601 869 888 6602 947 955 6603 946 954 6604 945 953 6605 884 889 6606 945 953 6607 869 888 6608 949 957 6609 948 956 6610 947 955 6611 949 957 6612 884 889 6613 891 901 6614 949 957 6615 952 960 6616 950 958 6617 874 900 6618 949 957 6619 891 901 6620 953 961 6621 952 960 6622 951 959 6623 953 961 6624 874 900 6625 887 882 6626 953 961 6627 956 964 6628 954 962 6629 955 963 6630 887 882 6631 867 883 6632 878 884 6633 955 963 6634 867 883 6635 957 965 6636 956 964 6637 955 963 6638 959 967 6639 958 966 6640 957 965 6641 959 967 6642 878 884 6643 888 893 6644 961 969 6645 960 968 6646 959 967 6647 870 891 6648 959 967 6649 888 893 6650 963 971 6651 962 970 6652 961 969 6653 963 971 6654 870 891 6655 881 892 6656 963 971 6657 966 974 6658 964 972 6659 892 903 6660 963 971 6661 881 892 6662 967 975 6663 966 974 6664 965 973 6665 875 902 6666 965 973 6667 892 903 6668 969 977 6669 968 976 6670 967 975 6671 969 977 6672 875 902 6673 886 885 6674 971 979 6675 970 978 6676 969 977 6677 971 979 6678 886 885 6679 868 886 6680 973 981 6681 868 886 6682 879 887 6683 973 981 6684 972 980 6685 971 979 6686 975 983 6687 974 982 6688 973 981 6689 889 894 6690 973 981 6691 879 887 6692 976 985 6693 889 894 6694 871 895 6695 976 985 6696 977 984 6697 975 983 6698 974 982 6699 978 987 6700 1138 1144 6701 979 986 6702 978 987 6703 977 984 6704 999 989 6705 979 986 6706 976 985 6707 980 990 6708 981 988 6709 979 986 6710 1137 992 6711 981 988 6712 982 994 6713 985 993 6714 981 988 6715 983 991 6716 980 990 6717 984 996 6718 983 991 6719 986 997 6720 983 991 6721 984 996 6722 986 997 6723 987 999 6724 985 993 6725 985 993 6726 988 1000 6727 982 994 6728 1000 1001 6729 987 999 6730 989 846 6731 837 847 6732 987 999 6733 990 998 6734 986 997 6735 991 850 6736 990 998 6737 839 848 6738 990 998 6739 991 850 6740 992 1002 6741 842 852 6742 991 850 6743 992 1002 6744 984 996 6745 993 1003 6746 993 1003 6747 994 855 6748 992 1002 6749 995 1004 6750 855 868 6751 993 1003 6752 997 995 6753 993 1003 6754 984 996 6755 859 872 6756 995 1004 6757 996 1005 6758 996 1005 6759 997 995 6760 998 1006 6761 999 989 6762 997 995 6763 980 990 6764 998 1006 6765 883 896 6766 893 905 6767 876 904 6768 998 1006 6769 893 905 6770 883 896 6771 976 985 6772 871 895 6773 859 872 6774 876 904 6775 885 873 6776 836 843 6777 1000 1001 6778 989 846 6779 1001 1008 6780 988 1000 6781 1000 1001 6782 1002 1007 6783 1001 1008 6784 1000 1001 6785 1003 1010 6786 1004 1011 6787 1006 1013 6788 1002 1007 6789 833 840 6790 1004 1011 6791 1005 1012 6792 833 840 6793 831 839 6794 1006 1013 6795 1005 1012 6796 1007 1053 6797 1008 1014 6798 1003 1010 6799 1006 1013 6800 1010 1016 6801 1006 1013 6802 1007 1053 6803 1011 1017 6804 1009 1015 6805 1008 1014 6806 1014 1019 6807 1008 1014 6808 1010 1016 6809 1012 1020 6810 1013 1018 6811 1011 1017 6812 1015 1022 6813 1011 1017 6814 1014 1019 6815 1016 1023 6816 1015 1022 6817 1014 1019 6818 1016 1023 6819 1010 1016 6820 1018 1026 6821 1021 1025 6822 1016 1023 6823 1019 1030 6824 1016 1023 6825 1020 1027 6826 1019 1030 6827 1024 1028 6828 1019 1030 6829 1020 1027 6830 1023 1031 6831 1019 1030 6832 1022 1029 6833 1027 1032 6834 1022 1029 6835 1025 1036 6836 1022 1029 6837 1026 1033 6838 1025 1036 6839 1026 1033 6840 1028 1035 6841 1025 1036 6842 1027 1032 6843 1028 1035 6844 1029 1065 6845 1028 1035 6846 1058 1038 6847 1029 1065 6848 1031 1034 6849 1030 1037 6850 1028 1035 6851 1041 1040 6852 1031 1034 6853 1026 1033 6854 1032 1041 6855 1033 1039 6856 1031 1034 6857 1035 1042 6858 1034 1043 6859 1033 1039 6860 1033 1039 6861 1048 1044 6862 1030 1037 6863 1038 1045 6864 1035 1042 6865 1032 1041 6866 1037 816 6867 1036 812 6868 1035 1042 6869 818 826 6870 1037 816 6871 1038 1045 6872 1039 1046 6873 1032 1041 6874 1041 1040 6875 820 827 6876 1038 1045 6877 1039 1046 6878 1039 1046 6879 822 828 6880 820 827 6881 1041 1040 6882 1040 1047 6883 1039 1046 6884 1041 1040 6885 1024 1028 6886 1042 1048 6887 1040 1047 6888 1043 1049 6889 1045 1052 6890 1020 1027 6891 1042 1048 6892 1024 1028 6893 1020 1027 6894 1044 1050 6895 1043 1049 6896 1043 1049 6897 1047 1051 6898 1045 1052 6899 1045 1052 6900 829 838 6901 1046 831 6902 1040 1047 6903 1046 831 6904 822 828 6905 1047 1051 6906 1007 1053 6907 1005 1012 6908 1047 1051 6909 831 839 6910 829 838 6911 1018 1026 6912 1007 1053 6913 1044 1050 6914 1034 1043 6915 806 810 6916 1049 1054 6917 1048 1044 6918 1049 1054 6919 1051 1059 6920 1049 1054 6921 804 1055 6922 1050 1056 6923 1049 1054 6924 1052 1057 6925 1051 1059 6926 1053 1058 6927 1052 1057 6928 1055 1063 6929 1056 1060 6930 1051 1059 6931 1053 1058 6932 1057 1061 6933 1053 1058 6934 1054 1062 6935 1054 1062 6936 1055 1063 6937 1070 1075 6938 1059 1064 6939 1056 1060 6940 1057 1061 6941 1030 1037 6942 1056 1060 6943 1058 1038 6944 1029 1065 6945 1059 1064 6946 1060 1066 6947 1060 1066 6948 1061 1067 6949 1063 1070 6950 1059 1064 6951 1064 1068 6952 1061 1067 6953 1062 1069 6954 1064 1068 6955 1065 1071 6956 1063 1070 6957 1062 1069 6958 1102 1107 6959 1065 1071 6960 1066 1072 6961 1067 1094 6962 1064 1068 6963 1054 1062 6964 1066 1072 6965 1066 1072 6966 1069 1074 6967 1067 1094 6968 1054 1062 6969 1068 1073 6970 1066 1072 6971 1068 1073 6972 1072 1077 6973 1069 1074 6974 1068 1073 6975 1073 1078 6976 1071 1076 6977 1072 1077 6978 1074 1079 6979 1075 1087 6980 1071 1076 6981 1076 1080 6982 1074 1079 6983 1079 1081 6984 1076 1080 6985 1073 1078 6986 1080 1083 6987 1077 1082 6988 1079 1081 6989 1055 1063 6990 1073 1078 6991 1070 1075 6992 1055 1063 6993 1080 1083 6994 1079 1081 6995 1052 1057 6996 1081 1085 6997 1080 1083 6998 1080 1083 6999 1082 1086 7000 1078 1084 7001 804 1055 7002 1081 1085 7003 1050 1056 7004 802 809 7005 1082 1086 7006 1081 1085 7007 1072 1077 7008 1083 1088 7009 1085 1090 7010 1086 1089 7011 1083 1088 7012 1084 1214 7013 1087 1091 7014 1086 1089 7015 1088 1093 7016 1069 1074 7017 1085 1090 7018 1087 1091 7019 1089 1092 7020 1088 1093 7021 1090 1096 7022 1067 1094 7023 1087 1091 7024 1089 1092 7025 1091 1095 7026 1090 1096 7027 1093 1098 7028 1065 1071 7029 1089 1092 7030 1091 1095 7031 1062 1069 7032 1091 1095 7033 1092 1097 7034 1092 1097 7035 1093 1098 7036 1095 1100 7037 1094 1099 7038 1090 1096 7039 1205 1206 7040 1095 1100 7041 1094 1099 7042 1096 1203 7043 1098 1101 7044 1095 1100 7045 1096 1203 7046 1100 1103 7047 1095 1100 7048 1097 1102 7049 1194 1104 7050 1097 1102 7051 1098 1101 7052 1099 1105 7053 1100 1103 7054 1097 1102 7055 1102 1107 7056 1092 1097 7057 1100 1103 7058 1101 1106 7059 1102 1107 7060 1100 1103 7061 1104 1109 7062 1102 1107 7063 1103 1108 7064 1103 1108 7065 1106 1110 7066 1105 1111 7067 1103 1108 7068 1108 1112 7069 1104 1109 7070 1105 1111 7071 1343 1113 7072 1107 1122 7073 1109 1114 7074 1105 1111 7075 1107 1122 7076 1109 1114 7077 1110 1116 7078 1108 1112 7079 1112 1117 7080 1108 1112 7081 1110 1116 7082 1111 1115 7083 1023 1031 7084 1110 1116 7085 1112 1117 7086 1023 1031 7087 1027 1032 7088 1027 1032 7089 1060 1066 7090 1112 1117 7091 1112 1117 7092 1063 1070 7093 1104 1109 7094 1109 1114 7095 1113 1119 7096 1111 1115 7097 1113 1119 7098 1021 1025 7099 1111 1115 7100 1017 1024 7101 1114 1120 7102 1015 1022 7103 1113 1119 7104 1117 1121 7105 1114 1120 7106 1107 1122 7107 1115 1118 7108 1109 1114 7109 1115 1118 7110 1118 1124 7111 1117 1121 7112 1120 1125 7113 1117 1121 7114 1118 1124 7115 1117 1121 7116 1121 1127 7117 1114 1120 7118 1123 1128 7119 1119 1126 7120 1120 1125 7121 1122 1129 7122 1121 1127 7123 1119 1126 7124 1123 1128 7125 1124 1132 7126 1122 1129 7127 1125 1130 7128 1124 1132 7129 1126 1133 7130 1125 1130 7131 1128 1134 7132 1127 1021 7133 1121 1127 7134 1127 1021 7135 1012 1020 7136 1127 1021 7137 1130 1135 7138 1013 1018 7139 1126 1133 7140 1129 1137 7141 1128 1134 7142 1128 1134 7143 1132 1138 7144 1130 1135 7145 1130 1135 7146 1134 1139 7147 1131 1143 7148 1009 1015 7149 1130 1135 7150 1131 1143 7151 1142 1140 7152 1132 1138 7153 1129 1137 7154 1133 1141 7155 1134 1139 7156 1132 1138 7157 1131 1143 7158 1135 1009 7159 1001 1008 7160 1136 1142 7161 1135 1009 7162 1134 1139 7163 1136 1142 7164 978 987 7165 1137 992 7166 1133 1141 7167 1138 1144 7168 1136 1142 7169 974 982 7170 1139 1145 7171 972 980 7172 1133 1141 7173 1140 1146 7174 1139 1145 7175 970 978 7176 1139 1145 7177 1140 1146 7178 1143 1147 7179 1140 1146 7180 1142 1140 7181 968 976 7182 1140 1146 7183 1141 1148 7184 1142 1140 7185 1145 1136 7186 1143 1147 7187 1144 1149 7188 1141 1148 7189 1143 1147 7190 1143 1147 7191 1146 1151 7192 1144 1149 7193 1126 1133 7194 1146 1151 7195 1145 1136 7196 1144 1149 7197 1147 1152 7198 1150 1154 7199 1149 1131 7200 1146 1151 7201 1124 1132 7202 1152 1153 7203 1147 1152 7204 1148 1156 7205 1149 1131 7206 1148 1156 7207 1147 1152 7208 1144 1149 7209 1151 1157 7210 1345 1150 7211 1150 1154 7212 1154 1158 7213 1151 1157 7214 1153 1159 7215 1148 1156 7216 1167 1174 7217 1153 1159 7218 1154 1158 7219 1152 1153 7220 962 970 7221 1155 1160 7222 960 968 7223 964 972 7224 1154 1158 7225 962 970 7226 958 966 7227 1155 1160 7228 1156 1162 7229 1157 1161 7230 1155 1160 7231 1153 1159 7232 956 964 7233 1156 1162 7234 1158 1164 7235 1157 1161 7236 1158 1164 7237 1156 1162 7238 1160 1163 7239 1159 1166 7240 1158 1164 7241 954 962 7242 1158 1164 7243 1159 1166 7244 1161 1165 7245 1162 1167 7246 1163 1171 7247 1157 1161 7248 1162 1167 7249 1160 1163 7250 1164 1169 7251 1163 1171 7252 1162 1167 7253 1166 1172 7254 1162 1167 7255 1165 1168 7256 1168 1173 7257 1165 1168 7258 1167 1174 7259 1153 1159 7260 1165 1168 7261 1157 1161 7262 1170 1155 7263 1167 1174 7264 1148 1156 7265 1169 1175 7266 1166 1172 7267 1168 1173 7268 1171 1177 7269 1168 1173 7270 1170 1155 7271 1123 1128 7272 1170 1155 7273 1149 1131 7274 1169 1175 7275 1172 1178 7276 1174 1179 7277 1171 1177 7278 1120 1125 7279 1172 1178 7280 1172 1178 7281 1118 1124 7282 1173 1180 7283 1174 1179 7284 1173 1180 7285 1175 1345 7286 1176 1181 7287 1169 1175 7288 1174 1179 7289 1178 1182 7290 1174 1179 7291 1175 1345 7292 1179 1183 7293 1177 1176 7294 1176 1181 7295 1179 1183 7296 1178 1182 7297 1182 1187 7298 1180 1185 7299 1181 1184 7300 1179 1183 7301 1180 1185 7302 1182 1187 7303 1183 1190 7304 1184 1188 7305 1183 1190 7306 1182 1187 7307 1186 1191 7308 1182 1187 7309 1178 1182 7310 1189 1192 7311 1184 1188 7312 1187 1196 7313 1184 1188 7314 1188 1193 7315 1187 1196 7316 1192 1194 7317 1187 1196 7318 1188 1193 7319 1191 1197 7320 1187 1196 7321 1190 1195 7322 1195 1198 7323 1190 1195 7324 1193 1199 7325 1190 1195 7326 1194 1104 7327 1193 1199 7328 1193 1199 7329 1098 1101 7330 1196 1200 7331 1193 1199 7332 1197 1201 7333 1195 1198 7334 1197 1201 7335 1198 1202 7336 1199 1246 7337 1196 1200 7338 1096 1203 7339 1198 1202 7340 1198 1202 7341 1201 1205 7342 1199 1246 7343 1096 1203 7344 1200 1204 7345 1198 1202 7346 1200 1204 7347 1205 1206 7348 1202 1207 7349 1201 1205 7350 1202 1207 7351 1204 1221 7352 1205 1206 7353 1203 1209 7354 1202 1207 7355 1202 1207 7356 1215 1210 7357 1204 1221 7358 1090 1096 7359 1206 1208 7360 1205 1206 7361 1206 1208 7362 1208 1212 7363 1203 1209 7364 1088 1093 7365 1207 1211 7366 1206 1208 7367 1208 1212 7368 1209 1213 7369 1210 1215 7370 1207 1211 7371 1084 1214 7372 1209 1213 7373 1208 1212 7374 1211 1216 7375 1213 1217 7376 1213 1217 7377 1212 1218 7378 1214 1223 7379 1216 1219 7380 1213 1217 7381 1214 1223 7382 1215 1210 7383 1208 1212 7384 1213 1217 7385 1217 1220 7386 1215 1210 7387 1216 1219 7388 1218 1222 7389 1214 1223 7390 1221 1225 7391 1217 1220 7392 1218 1222 7393 1220 1226 7394 1219 1224 7395 1221 1225 7396 1222 1230 7397 1220 1226 7398 1219 1224 7399 1234 1236 7400 1221 1225 7401 1224 1228 7402 1222 1230 7403 1214 1223 7404 1223 1227 7405 1221 1225 7406 1227 1229 7407 1224 1228 7408 1225 1232 7409 1228 1231 7410 1225 1232 7411 1226 1338 7412 1229 1233 7413 1228 1231 7414 1230 1235 7415 1229 1233 7416 1222 1230 7417 1227 1229 7418 1231 1234 7419 1230 1235 7420 1232 1238 7421 1234 1236 7422 1229 1233 7423 1231 1234 7424 1233 1237 7425 1232 1238 7426 1314 1316 7427 1233 1237 7428 1234 1236 7429 1231 1234 7430 1235 1239 7431 1220 1226 7432 1234 1236 7433 1315 1241 7434 1235 1239 7435 1233 1237 7436 1236 1242 7437 1237 1240 7438 1235 1239 7439 1239 1244 7440 1220 1226 7441 1237 1240 7442 1238 1243 7443 1239 1244 7444 1237 1240 7445 1239 1244 7446 1204 1221 7447 1217 1220 7448 1199 1246 7449 1239 1244 7450 1240 1245 7451 1241 1247 7452 1199 1246 7453 1240 1245 7454 1243 1248 7455 1240 1245 7456 1238 1243 7457 1242 1249 7458 1197 1201 7459 1241 1247 7460 1245 1250 7461 1241 1247 7462 1243 1248 7463 1244 1251 7464 1238 1243 7465 1236 1242 7466 1246 1252 7467 1243 1248 7468 1244 1251 7469 1245 1250 7470 1248 1253 7471 1247 1254 7472 1242 1249 7473 1247 1254 7474 1250 1258 7475 1324 1255 7476 1247 1254 7477 1248 1253 7478 1249 1256 7479 1250 1258 7480 1247 1254 7481 1251 1257 7482 1191 1197 7483 1250 1258 7484 1195 1198 7485 1250 1258 7486 1191 1197 7487 1254 1259 7488 1251 1257 7489 1249 1256 7490 1252 1260 7491 1189 1192 7492 1251 1257 7493 1185 1189 7494 1253 1261 7495 1183 1190 7496 1252 1260 7497 1256 1262 7498 1253 1261 7499 1255 1263 7500 1249 1256 7501 1324 1255 7502 1254 1259 7503 1257 1264 7504 1256 1262 7505 1259 1265 7506 1256 1262 7507 1257 1264 7508 1258 1266 7509 1253 1261 7510 1256 1262 7511 1259 1265 7512 1261 1269 7513 1258 1266 7514 1261 1269 7515 1260 1267 7516 1258 1266 7517 1262 1268 7518 1263 1272 7519 1261 1269 7520 1261 1269 7521 1265 1273 7522 1264 1270 7523 1264 1270 7524 1267 1170 7525 1266 1186 7526 1260 1267 7527 1266 1186 7528 1180 1185 7529 1266 1186 7530 1164 1169 7531 1181 1184 7532 1265 1273 7533 1163 1171 7534 1267 1170 7535 1263 1272 7536 1268 1274 7537 1265 1273 7538 1161 1165 7539 1268 1274 7540 1269 1276 7541 1269 1276 7542 1270 1275 7543 1272 1277 7544 1272 1277 7545 1271 1278 7546 1273 1279 7547 1263 1272 7548 1271 1278 7549 1270 1275 7550 1273 1279 7551 1274 1281 7552 1272 1277 7553 1272 1277 7554 1276 1282 7555 1269 1276 7556 948 956 7557 1274 1281 7558 1275 1280 7559 950 958 7560 1276 1282 7561 1274 1281 7562 954 962 7563 1276 1282 7564 952 960 7565 1269 1276 7566 1159 1166 7567 1161 1165 7568 946 954 7569 1275 1280 7570 1277 1284 7571 1273 1279 7572 1277 1284 7573 1275 1280 7574 944 944 7575 1277 1284 7576 935 942 7577 1278 1283 7578 935 942 7579 1277 1284 7580 932 939 7581 1279 1285 7582 930 940 7583 1278 1283 7584 1271 1278 7585 1279 1285 7586 1281 1271 7587 1279 1285 7588 1271 1278 7589 1280 1286 7590 930 940 7591 1279 1285 7592 1262 1268 7593 1280 1286 7594 1281 1271 7595 1283 1287 7596 1282 937 7597 1280 1286 7598 1287 1289 7599 1283 1287 7600 1285 1290 7601 1285 1290 7602 1262 1268 7603 1259 1265 7604 1285 1290 7605 1257 1264 7606 1286 1327 7607 1288 1291 7608 1285 1290 7609 1286 1327 7610 1290 1292 7611 1287 1289 7612 1289 1294 7613 1291 1293 7614 1287 1289 7615 1288 1291 7616 1293 1295 7617 1289 1294 7618 1292 1297 7619 1294 1296 7620 1289 1294 7621 1291 1293 7622 675 676 7623 1292 1297 7624 679 678 7625 1295 1298 7626 1292 1297 7627 1294 1296 7628 1296 1299 7629 1295 1298 7630 1294 1296 7631 1296 1299 7632 1291 1293 7633 1298 1302 7634 1301 1301 7635 1296 1299 7636 1299 1306 7637 1296 1299 7638 1300 1303 7639 1299 1306 7640 1304 1304 7641 1299 1306 7642 1300 1303 7643 1301 1301 7644 1302 1305 7645 1303 700 7646 697 701 7647 1302 1305 7648 1305 1307 7649 1305 1307 7650 1304 1304 7651 1306 1308 7652 1305 1307 7653 1309 1309 7654 1307 1310 7655 1305 1307 7656 699 702 7657 697 701 7658 699 702 7659 1308 1311 7660 701 703 7661 1307 1310 7662 1311 1312 7663 1308 1311 7664 1306 1308 7665 1310 1314 7666 1309 1309 7667 1309 1309 7668 1313 1315 7669 1311 1312 7670 1311 1312 7671 1314 1316 7672 1312 1317 7673 1311 1312 7674 1326 1318 7675 1308 1311 7676 1310 1314 7677 1315 1241 7678 1313 1315 7679 1313 1315 7680 1233 1237 7681 1314 1316 7682 1316 1319 7683 1236 1242 7684 1315 1241 7685 1319 1313 7686 1316 1319 7687 1310 1314 7688 1317 1320 7689 1244 1251 7690 1316 1319 7691 1248 1253 7692 1317 1320 7693 1318 1322 7694 1317 1320 7695 1320 1321 7696 1318 1322 7697 1320 1321 7698 1306 1308 7699 1304 1304 7700 1318 1322 7701 1321 1323 7702 1323 1326 7703 1300 1303 7704 1320 1321 7705 1304 1304 7706 1298 1302 7707 1321 1323 7708 1300 1303 7709 1321 1323 7710 1325 1325 7711 1323 1326 7712 1323 1326 7713 1255 1263 7714 1324 1255 7715 1318 1322 7716 1324 1255 7717 1248 1253 7718 1322 1324 7719 1286 1327 7720 1325 1325 7721 1325 1325 7722 1257 1264 7723 1255 1263 7724 1298 1302 7725 1288 1291 7726 1322 1324 7727 1314 1316 7728 1327 1328 7729 1312 1317 7730 1326 1318 7731 1327 1328 7732 1329 1330 7733 1232 1238 7734 1328 1329 7735 1327 1328 7736 1329 1330 7737 1328 1329 7738 1331 1331 7739 1339 705 7740 1329 1330 7741 1330 1340 7742 1329 1330 7743 1332 1332 7744 1330 1340 7745 1331 1331 7746 1334 1334 7747 1332 1332 7748 1328 1329 7749 1333 1333 7750 1331 1331 7751 1334 1334 7752 1336 1336 7753 1337 1339 7754 1335 1335 7755 1336 1336 7756 1333 1333 7757 1335 1335 7758 1226 1338 7759 1338 1337 7760 714 717 7761 1337 1339 7762 717 720 7763 1230 1235 7764 1335 1335 7765 1328 1329 7766 711 716 7767 1334 1334 7768 714 717 7769 1330 1340 7770 711 716 7771 709 713 7772 1339 705 7773 709 713 7774 702 707 7775 1308 1311 7776 1339 705 7777 701 703 7778 1301 1301 7779 691 694 7780 689 693 7781 1297 1300 7782 689 693 7783 685 686 7784 685 686 7785 1295 1298 7786 1297 1300 7787 675 676 7788 927 934 7789 1293 1295 7790 1290 1292 7791 927 934 7792 929 938 7793 1284 1288 7794 929 938 7795 1282 937 7796 1253 1261 7797 1180 1185 7798 1183 1190 7799 1099 1105 7800 1192 1194 7801 1340 1342 7802 1341 1341 7803 1192 1194 7804 1188 1193 7805 1099 1105 7806 1106 1110 7807 1101 1106 7808 1340 1342 7809 1343 1113 7810 1106 1110 7811 1188 1193 7812 1342 1343 7813 1341 1341 7814 1341 1341 7815 1344 1344 7816 1343 1113 7817 1107 1122 7818 1344 1344 7819 1116 1123 7820 1344 1344 7821 1175 1345 7822 1173 1180 7823 1344 1344 7824 1118 1124 7825 1116 1123 7826 1186 1191 7827 1175 1345 7828 1342 1343 7829 1177 1176 7830 1164 1169 7831 1166 1172 7832 964 972 7833 1345 1150 7834 1151 1157 7835 966 974 7836 1141 1148 7837 1345 1150 7838 1137 992 7839 988 1000 7840 1135 1009 7841 1003 1010 7842 1131 1143 7843 1001 1008 7844 1114 1120 7845 1012 1020 7846 1015 1022 7847 896 909 7848 939 946 7849 899 910 7850 882 899 7851 941 950 7852 896 909 7853 899 910 7854 937 948 7855 902 912 7856 905 915 7857 937 948 7858 923 930 7859 827 836 7860 754 763 7861 757 762 7862 735 740 7863 766 773 7864 740 743 7865 762 769 7866 740 743 7867 766 773 7868 760 752 7869 742 744 7870 762 769 7871 43 47 7872 717 720 7873 44 48 7874 43 47 7875 718 722 7876 716 721 7877 45 49 7878 719 725 7879 718 722 7880 46 53 7881 720 726 7882 719 725 7883 110 115 7884 784 790 7885 783 788 7886 47 52 7887 783 788 7888 720 726 7889 112 119 7890 784 790 7891 111 117 7892 113 130 7893 785 792 7894 112 119 7895 124 129 7896 798 805 7897 797 802 7898 124 129 7899 786 803 7900 113 130 7901 126 134 7902 798 805 7903 125 132 7904 126 134 7905 800 807 7906 799 806 7907 401 406 7908 1075 1087 7909 1074 1079 7910 401 406 7911 1076 1080 7912 403 407 7913 403 407 7914 1077 1082 7915 404 409 7916 404 409 7917 1078 1084 7918 405 411 7919 405 411 7920 1082 1086 7921 409 413 7922 127 133 7923 1082 1086 7924 800 807 7925 402 415 7926 1083 1088 7927 1075 1087 7928 410 414 7929 1084 1214 7930 1083 1088 7931 536 540 7932 1210 1215 7933 1209 1213 7934 411 541 7935 1209 1213 7936 1084 1214 7937 537 543 7938 1211 1216 7939 1210 1215 7940 538 542 7941 1212 1218 7942 1211 1216 7943 551 554 7944 1223 1227 7945 550 555 7946 539 545 7947 1223 1227 7948 1212 1218 7949 552 559 7950 1224 1228 7951 551 554 7952 552 559 7953 1226 1338 7954 1225 1232 7955 664 666 7956 1336 1336 7957 663 663 7958 665 664 7959 1336 1336 7960 1338 1337 7961 553 665 7962 1338 1337 7963 1226 1338 7964 664 666 7965 717 720 7966 1337 1339 7967 1583 1346 7968 1507 1347 7969 1586 1348 7970 1510 1349 7971 1436 1350 7972 1512 1351 7973 1347 1352 7974 1539 1353 7975 1346 1354 7976 1628 1355 7977 1533 1356 7978 1535 1357 7979 1586 1348 7980 1509 1358 7981 1589 1359 7982 1550 1360 7983 1481 1361 7984 1483 1362 7985 1631 1363 7986 1535 1357 7987 1537 1364 7988 1589 1359 7989 1511 1365 7990 1592 1366 7991 1550 1360 7992 1485 1367 7993 1553 1368 7994 1592 1366 7995 1513 1369 7996 1595 1370 7997 1553 1368 7998 1487 1371 7999 1556 1372 8000 1547 1373 8001 1479 1374 8002 1481 1361 8003 1595 1370 8004 1515 1375 8005 1598 1376 8006 1556 1372 8007 1489 1377 8008 1559 1378 8009 1598 1376 8010 1517 1379 8011 1601 1380 8012 1559 1378 8013 1491 1381 8014 1562 1382 8015 1604 1383 8016 1517 1379 8017 1519 1384 8018 1562 1382 8019 1493 1385 8020 1565 1386 8021 1607 1387 8022 1519 1384 8023 1521 1388 8024 1565 1386 8025 1495 1389 8026 1568 1390 8027 1610 1391 8028 1521 1388 8029 1523 1392 8030 1568 1390 8031 1497 1393 8032 1571 1394 8033 1613 1395 8034 1523 1392 8035 1525 1396 8036 1571 1394 8037 1499 1397 8038 1574 1398 8039 1616 1399 8040 1525 1396 8041 1527 1400 8042 1577 1401 8043 1499 1397 8044 1501 1402 8045 1619 1403 8046 1527 1400 8047 1529 1404 8048 1577 1401 8049 1503 1405 8050 1580 1406 8051 1622 1407 8052 1529 1404 8053 1531 1408 8054 1580 1406 8055 1505 1409 8056 1583 1346 8057 1544 1410 8058 1475 1411 8059 1479 1374 8060 1622 1407 8061 1533 1356 8062 1625 1412 8063 1518 1413 8064 1448 1414 8065 1520 1415 8066 1486 1416 8067 1394 1417 8068 1397 1418 8069 1480 1419 8070 1385 1420 8071 1388 1421 8072 1512 1351 8073 1439 1422 8074 1514 1423 8075 1488 1424 8076 1397 1418 8077 1400 1425 8078 1514 1423 8079 1442 1426 8080 1516 1427 8081 1488 1424 8082 1403 1428 8083 1490 1429 8084 1367 1430 8085 1605 1431 8086 1368 1432 8087 1490 1429 8088 1406 1433 8089 1492 1434 8090 1516 1427 8091 1445 1435 8092 1518 1413 8093 1494 1436 8094 1406 1433 8095 1409 1437 8096 1520 1415 8097 1451 1438 8098 1522 1439 8099 1496 1440 8100 1409 1437 8101 1412 1441 8102 1524 1442 8103 1451 1438 8104 1454 1443 8105 1496 1440 8106 1415 1444 8107 1498 1445 8108 1526 1446 8109 1454 1443 8110 1457 1447 8111 1498 1445 8112 1418 1448 8113 1500 1449 8114 1528 1450 8115 1457 1447 8116 1460 1451 8117 1500 1449 8118 1421 1452 8119 1502 1453 8120 1530 1454 8121 1460 1451 8122 1463 1455 8123 1504 1456 8124 1421 1452 8125 1424 1457 8126 1478 1458 8127 1379 1459 8128 1385 1420 8129 1532 1460 8130 1463 1455 8131 1466 1461 8132 1504 1456 8133 1427 1462 8134 1506 1463 8135 1348 1464 8136 1539 1353 8137 1545 1465 8138 1534 1466 8139 1466 1461 8140 1469 1467 8141 1506 1463 8142 1430 1468 8143 1508 1469 8144 1480 1419 8145 1391 1470 8146 1482 1471 8147 1536 1472 8148 1469 1467 8149 1472 1473 8150 1510 1349 8151 1430 1468 8152 1433 1474 8153 1482 1471 8154 1394 1417 8155 1484 1475 8156 1536 1472 8157 1381 1476 8158 1477 1477 8159 1355 1478 8160 1563 1479 8161 1566 1480 8162 1368 1432 8163 1608 1481 8164 1369 1482 8165 1355 1478 8166 1569 1483 8167 1356 1484 8168 1370 1485 8169 1608 1481 8170 1611 1486 8171 1356 1484 8172 1572 1487 8173 1357 1488 8174 1370 1485 8175 1614 1489 8176 1371 1490 8177 1357 1488 8178 1575 1491 8179 1358 1492 8180 1371 1490 8181 1617 1493 8182 1372 1494 8183 1358 1492 8184 1578 1495 8185 1359 1496 8186 1372 1494 8187 1620 1497 8188 1373 1498 8189 1359 1496 8190 1581 1499 8191 1360 1500 8192 1373 1498 8193 1623 1501 8194 1374 1502 8195 1361 1503 8196 1581 1499 8197 1584 1504 8198 1387 1505 8199 1384 1506 8200 1634 1507 8201 1374 1502 8202 1626 1508 8203 1375 1509 8204 1362 1510 8205 1584 1504 8206 1587 1511 8207 1347 1352 8208 1632 1512 8209 1541 1513 8210 1375 1509 8211 1629 1514 8212 1376 1515 8213 1362 1510 8214 1590 1516 8215 1363 1517 8216 1349 1518 8217 1551 1519 8218 1350 1520 8219 1376 1515 8220 1632 1512 8221 1377 1521 8222 1364 1522 8223 1590 1516 8224 1593 1523 8225 1350 1520 8226 1554 1524 8227 1351 1525 8228 1364 1522 8229 1596 1526 8230 1365 1527 8231 1351 1525 8232 1557 1528 8233 1352 1529 8234 1348 1464 8235 1548 1530 8236 1349 1518 8237 1365 1527 8238 1599 1531 8239 1366 1532 8240 1352 1529 8241 1560 1533 8242 1353 1534 8243 1366 1532 8244 1602 1535 8245 1367 1430 8246 1354 1536 8247 1560 1533 8248 1563 1479 8249 1379 1459 8250 1383 1537 8251 1380 1538 8252 1380 1538 8253 1382 1539 8254 1378 1540 8255 1379 1459 8256 1386 1541 8257 1385 1420 8258 1380 1538 8259 1384 1506 8260 1386 1541 8261 1388 1421 8262 1386 1541 8263 1389 1542 8264 1389 1542 8265 1384 1506 8266 1387 1505 8267 1388 1421 8268 1392 1543 8269 1391 1470 8270 1389 1542 8271 1390 1544 8272 1392 1543 8273 1394 1417 8274 1392 1543 8275 1395 1545 8276 1395 1545 8277 1390 1544 8278 1393 1546 8279 1397 1418 8280 1395 1545 8281 1398 1547 8282 1398 1547 8283 1393 1546 8284 1396 1548 8285 1397 1418 8286 1401 1549 8287 1400 1425 8288 1398 1547 8289 1399 1550 8290 1401 1549 8291 1400 1425 8292 1404 1551 8293 1403 1428 8294 1401 1549 8295 1402 1552 8296 1404 1551 8297 1406 1433 8298 1404 1551 8299 1407 1553 8300 1407 1553 8301 1402 1552 8302 1405 1554 8303 1406 1433 8304 1410 1555 8305 1409 1437 8306 1410 1555 8307 1405 1554 8308 1408 1556 8309 1412 1441 8310 1410 1555 8311 1413 1557 8312 1413 1557 8313 1408 1556 8314 1411 1558 8315 1415 1444 8316 1413 1557 8317 1416 1559 8318 1416 1559 8319 1411 1558 8320 1414 1560 8321 1418 1448 8322 1416 1559 8323 1419 1561 8324 1419 1561 8325 1414 1560 8326 1417 1562 8327 1421 1452 8328 1419 1561 8329 1422 1563 8330 1422 1563 8331 1417 1562 8332 1420 1564 8333 1421 1452 8334 1425 1565 8335 1424 1457 8336 1425 1565 8337 1420 1564 8338 1423 1566 8339 1424 1457 8340 1428 1567 8341 1427 1462 8342 1425 1565 8343 1426 1568 8344 1428 1567 8345 1430 1468 8346 1428 1567 8347 1431 1569 8348 1431 1569 8349 1426 1568 8350 1429 1570 8351 1430 1468 8352 1434 1571 8353 1433 1474 8354 1434 1571 8355 1429 1570 8356 1432 1572 8357 1436 1350 8358 1434 1571 8359 1437 1573 8360 1437 1573 8361 1432 1572 8362 1435 1574 8363 1439 1422 8364 1437 1573 8365 1440 1575 8366 1437 1573 8367 1438 1576 8368 1440 1575 8369 1439 1422 8370 1443 1577 8371 1442 1426 8372 1440 1575 8373 1441 1578 8374 1443 1577 8375 1445 1435 8376 1443 1577 8377 1446 1579 8378 1446 1579 8379 1441 1578 8380 1444 1580 8381 1448 1414 8382 1446 1579 8383 1449 1581 8384 1449 1581 8385 1444 1580 8386 1447 1582 8387 1448 1414 8388 1452 1583 8389 1451 1438 8390 1449 1581 8391 1450 1584 8392 1452 1583 8393 1454 1443 8394 1452 1583 8395 1455 1585 8396 1455 1585 8397 1450 1584 8398 1453 1586 8399 1454 1443 8400 1458 1587 8401 1457 1447 8402 1455 1585 8403 1456 1588 8404 1458 1587 8405 1460 1451 8406 1458 1587 8407 1461 1589 8408 1461 1589 8409 1456 1588 8410 1459 1590 8411 1463 1455 8412 1461 1589 8413 1464 1591 8414 1464 1591 8415 1459 1590 8416 1462 1592 8417 1466 1461 8418 1464 1591 8419 1467 1593 8420 1464 1591 8421 1465 1594 8422 1467 1593 8423 1466 1461 8424 1470 1595 8425 1469 1467 8426 1467 1593 8427 1468 1596 8428 1470 1595 8429 1472 1473 8430 1470 1595 8431 1473 1597 8432 1473 1597 8433 1468 1596 8434 1471 1598 8435 1472 1473 8436 1383 1537 8437 1381 1476 8438 1383 1537 8439 1471 1598 8440 1382 1539 8441 1542 1599 8442 1537 1364 8443 1476 1600 8444 1475 1411 8445 1477 1477 8446 1474 1601 8447 1475 1411 8448 1478 1458 8449 1479 1374 8450 1481 1361 8451 1478 1458 8452 1480 1419 8453 1483 1362 8454 1480 1419 8455 1482 1471 8456 1485 1367 8457 1482 1471 8458 1484 1475 8459 1485 1367 8460 1486 1416 8461 1487 1371 8462 1489 1377 8463 1486 1416 8464 1488 1424 8465 1489 1377 8466 1490 1429 8467 1491 1381 8468 1491 1381 8469 1492 1434 8470 1493 1385 8471 1493 1385 8472 1494 1436 8473 1495 1389 8474 1495 1389 8475 1496 1440 8476 1497 1393 8477 1499 1397 8478 1496 1440 8479 1498 1445 8480 1501 1402 8481 1498 1445 8482 1500 1449 8483 1503 1405 8484 1500 1449 8485 1502 1453 8486 1503 1405 8487 1504 1456 8488 1505 1409 8489 1505 1409 8490 1506 1463 8491 1507 1347 8492 1509 1358 8493 1506 1463 8494 1508 1469 8495 1509 1358 8496 1510 1349 8497 1511 1365 8498 1513 1369 8499 1510 1349 8500 1512 1351 8501 1513 1369 8502 1514 1423 8503 1515 1375 8504 1515 1375 8505 1516 1427 8506 1517 1379 8507 1519 1384 8508 1516 1427 8509 1518 1413 8510 1521 1388 8511 1518 1413 8512 1520 1415 8513 1521 1388 8514 1522 1439 8515 1523 1392 8516 1525 1396 8517 1522 1439 8518 1524 1442 8519 1525 1396 8520 1526 1446 8521 1527 1400 8522 1529 1404 8523 1526 1446 8524 1528 1450 8525 1529 1404 8526 1530 1454 8527 1531 1408 8528 1531 1408 8529 1532 1460 8530 1533 1356 8531 1535 1357 8532 1532 1460 8533 1534 1466 8534 1537 1364 8535 1534 1466 8536 1536 1472 8537 1476 1600 8538 1536 1472 8539 1477 1477 8540 1474 1601 8541 1381 1476 8542 1379 1459 8543 1539 1353 8544 1543 1602 8545 1540 1603 8546 1543 1602 8547 1538 1604 8548 1540 1603 8549 1539 1353 8550 1546 1605 8551 1545 1465 8552 1546 1605 8553 1538 1604 8554 1544 1410 8555 1548 1530 8556 1546 1605 8557 1549 1606 8558 1549 1606 8559 1544 1410 8560 1547 1373 8561 1551 1519 8562 1549 1606 8563 1552 1607 8564 1552 1607 8565 1547 1373 8566 1550 1360 8567 1554 1524 8568 1552 1607 8569 1555 1608 8570 1555 1608 8571 1550 1360 8572 1553 1368 8573 1557 1528 8574 1555 1608 8575 1558 1609 8576 1558 1609 8577 1553 1368 8578 1556 1372 8579 1560 1533 8580 1558 1609 8581 1561 1610 8582 1558 1609 8583 1559 1378 8584 1561 1610 8585 1563 1479 8586 1561 1610 8587 1564 1611 8588 1564 1611 8589 1559 1378 8590 1562 1382 8591 1566 1480 8592 1564 1611 8593 1567 1612 8594 1567 1612 8595 1562 1382 8596 1565 1386 8597 1569 1483 8598 1567 1612 8599 1570 1613 8600 1570 1613 8601 1565 1386 8602 1568 1390 8603 1572 1487 8604 1570 1613 8605 1573 1614 8606 1570 1613 8607 1571 1394 8608 1573 1614 8609 1575 1491 8610 1573 1614 8611 1576 1615 8612 1573 1614 8613 1574 1398 8614 1576 1615 8615 1578 1495 8616 1576 1615 8617 1579 1616 8618 1579 1616 8619 1574 1398 8620 1577 1401 8621 1581 1499 8622 1579 1616 8623 1582 1617 8624 1579 1616 8625 1580 1406 8626 1582 1617 8627 1584 1504 8628 1582 1617 8629 1585 1618 8630 1582 1617 8631 1583 1346 8632 1585 1618 8633 1587 1511 8634 1585 1618 8635 1588 1619 8636 1588 1619 8637 1583 1346 8638 1586 1348 8639 1590 1516 8640 1588 1619 8641 1591 1620 8642 1588 1619 8643 1589 1359 8644 1591 1620 8645 1593 1523 8646 1591 1620 8647 1594 1621 8648 1594 1621 8649 1589 1359 8650 1592 1366 8651 1596 1526 8652 1594 1621 8653 1597 1622 8654 1597 1622 8655 1592 1366 8656 1595 1370 8657 1599 1531 8658 1597 1622 8659 1600 1623 8660 1600 1623 8661 1595 1370 8662 1598 1376 8663 1602 1535 8664 1600 1623 8665 1603 1624 8666 1603 1624 8667 1598 1376 8668 1601 1380 8669 1602 1535 8670 1606 1625 8671 1605 1431 8672 1603 1624 8673 1604 1383 8674 1606 1625 8675 1605 1431 8676 1609 1626 8677 1608 1481 8678 1606 1625 8679 1607 1387 8680 1609 1626 8681 1611 1486 8682 1609 1626 8683 1612 1627 8684 1612 1627 8685 1607 1387 8686 1610 1391 8687 1611 1486 8688 1615 1628 8689 1614 1489 8690 1612 1627 8691 1613 1395 8692 1615 1628 8693 1617 1493 8694 1615 1628 8695 1618 1629 8696 1615 1628 8697 1616 1399 8698 1618 1629 8699 1617 1493 8700 1621 1630 8701 1620 1497 8702 1618 1629 8703 1619 1403 8704 1621 1630 8705 1623 1501 8706 1621 1630 8707 1624 1631 8708 1624 1631 8709 1619 1403 8710 1622 1407 8711 1623 1501 8712 1627 1632 8713 1626 1508 8714 1627 1632 8715 1622 1407 8716 1625 1412 8717 1626 1508 8718 1630 1633 8719 1629 1514 8720 1630 1633 8721 1625 1412 8722 1628 1355 8723 1629 1514 8724 1633 1634 8725 1632 1512 8726 1630 1633 8727 1631 1363 8728 1633 1634 8729 1541 1513 8730 1633 1634 8731 1543 1602 8732 1543 1602 8733 1631 1363 8734 1542 1599 8735 1538 1604 8736 1476 1600 8737 1475 1411 8738 1468 1596 8739 1465 1594 8740 1634 1507 8741 1444 1580 8742 1441 1578 8743 1634 1507 8744 1420 1564 8745 1417 1562 8746 1634 1507 8747 1396 1548 8748 1393 1546 8749 1634 1507 8750 1453 1586 8751 1450 1584 8752 1634 1507 8753 1429 1570 8754 1426 1568 8755 1634 1507 8756 1405 1554 8757 1402 1552 8758 1634 1507 8759 1378 1540 8760 1382 1539 8761 1634 1507 8762 1462 1592 8763 1459 1590 8764 1634 1507 8765 1438 1576 8766 1435 1574 8767 1634 1507 8768 1414 1560 8769 1411 1558 8770 1634 1507 8771 1390 1544 8772 1387 1505 8773 1634 1507 8774 1471 1598 8775 1468 1596 8776 1634 1507 8777 1447 1582 8778 1444 1580 8779 1634 1507 8780 1423 1566 8781 1420 1564 8782 1634 1507 8783 1399 1550 8784 1396 1548 8785 1634 1507 8786 1456 1588 8787 1453 1586 8788 1634 1507 8789 1432 1572 8790 1429 1570 8791 1634 1507 8792 1408 1556 8793 1405 1554 8794 1634 1507 8795 1384 1506 8796 1378 1540 8797 1634 1507 8798 1382 1539 8799 1471 1598 8800 1634 1507 8801 1465 1594 8802 1462 1592 8803 1634 1507 8804 1441 1578 8805 1438 1576 8806 1634 1507 8807 1417 1562 8808 1414 1560 8809 1634 1507 8810 1393 1546 8811 1390 1544 8812 1634 1507 8813 1450 1584 8814 1447 1582 8815 1634 1507 8816 1426 1568 8817 1423 1566 8818 1634 1507 8819 1402 1552 8820 1399 1550 8821 1634 1507 8822 1459 1590 8823 1456 1588 8824 1634 1507 8825 1435 1574 8826 1432 1572 8827 1634 1507 8828 1411 1558 8829 1408 1556 8830 1634 1507 8831 1583 1346 8832 1505 1409 8833 1507 1347 8834 1510 1349 8835 1433 1474 8836 1436 1350 8837 1347 1352 8838 1541 1513 8839 1539 1353 8840 1628 1355 8841 1625 1412 8842 1533 1356 8843 1586 1348 8844 1507 1347 8845 1509 1358 8846 1550 1360 8847 1547 1373 8848 1481 1361 8849 1631 1363 8850 1628 1355 8851 1535 1357 8852 1589 1359 8853 1509 1358 8854 1511 1365 8855 1550 1360 8856 1483 1362 8857 1485 1367 8858 1592 1366 8859 1511 1365 8860 1513 1369 8861 1553 1368 8862 1485 1367 8863 1487 1371 8864 1547 1373 8865 1544 1410 8866 1479 1374 8867 1595 1370 8868 1513 1369 8869 1515 1375 8870 1556 1372 8871 1487 1371 8872 1489 1377 8873 1598 1376 8874 1515 1375 8875 1517 1379 8876 1559 1378 8877 1489 1377 8878 1491 1381 8879 1604 1383 8880 1601 1380 8881 1517 1379 8882 1562 1382 8883 1491 1381 8884 1493 1385 8885 1607 1387 8886 1604 1383 8887 1519 1384 8888 1565 1386 8889 1493 1385 8890 1495 1389 8891 1610 1391 8892 1607 1387 8893 1521 1388 8894 1568 1390 8895 1495 1389 8896 1497 1393 8897 1613 1395 8898 1610 1391 8899 1523 1392 8900 1571 1394 8901 1497 1393 8902 1499 1397 8903 1616 1399 8904 1613 1395 8905 1525 1396 8906 1577 1401 8907 1574 1398 8908 1499 1397 8909 1619 1403 8910 1616 1399 8911 1527 1400 8912 1577 1401 8913 1501 1402 8914 1503 1405 8915 1622 1407 8916 1619 1403 8917 1529 1404 8918 1580 1406 8919 1503 1405 8920 1505 1409 8921 1544 1410 8922 1538 1604 8923 1475 1411 8924 1622 1407 8925 1531 1408 8926 1533 1356 8927 1518 1413 8928 1445 1435 8929 1448 1414 8930 1486 1416 8931 1484 1475 8932 1394 1417 8933 1480 1419 8934 1478 1458 8935 1385 1420 8936 1512 1351 8937 1436 1350 8938 1439 1422 8939 1488 1424 8940 1486 1416 8941 1397 1418 8942 1514 1423 8943 1439 1422 8944 1442 1426 8945 1488 1424 8946 1400 1425 8947 1403 1428 8948 1367 1430 8949 1602 1535 8950 1605 1431 8951 1490 1429 8952 1403 1428 8953 1406 1433 8954 1516 1427 8955 1442 1426 8956 1445 1435 8957 1494 1436 8958 1492 1434 8959 1406 1433 8960 1520 1415 8961 1448 1414 8962 1451 1438 8963 1496 1440 8964 1494 1436 8965 1409 1437 8966 1524 1442 8967 1522 1439 8968 1451 1438 8969 1496 1440 8970 1412 1441 8971 1415 1444 8972 1526 1446 8973 1524 1442 8974 1454 1443 8975 1498 1445 8976 1415 1444 8977 1418 1448 8978 1528 1450 8979 1526 1446 8980 1457 1447 8981 1500 1449 8982 1418 1448 8983 1421 1452 8984 1530 1454 8985 1528 1450 8986 1460 1451 8987 1504 1456 8988 1502 1453 8989 1421 1452 8990 1478 1458 8991 1474 1601 8992 1379 1459 8993 1532 1460 8994 1530 1454 8995 1463 1455 8996 1504 1456 8997 1424 1457 8998 1427 1462 8999 1348 1464 9000 1346 1354 9001 1539 1353 9002 1534 1466 9003 1532 1460 9004 1466 1461 9005 1506 1463 9006 1427 1462 9007 1430 1468 9008 1480 1419 9009 1388 1421 9010 1391 1470 9011 1536 1472 9012 1534 1466 9013 1469 1467 9014 1510 1349 9015 1508 1469 9016 1430 1468 9017 1482 1471 9018 1391 1470 9019 1394 1417 9020 1536 1472 9021 1472 1473 9022 1381 1476 9023 1355 1478 9024 1354 1536 9025 1563 1479 9026 1368 1432 9027 1605 1431 9028 1608 1481 9029 1355 1478 9030 1566 1480 9031 1569 1483 9032 1370 1485 9033 1369 1482 9034 1608 1481 9035 1356 1484 9036 1569 1483 9037 1572 1487 9038 1370 1485 9039 1611 1486 9040 1614 1489 9041 1357 1488 9042 1572 1487 9043 1575 1491 9044 1371 1490 9045 1614 1489 9046 1617 1493 9047 1358 1492 9048 1575 1491 9049 1578 1495 9050 1372 1494 9051 1617 1493 9052 1620 1497 9053 1359 1496 9054 1578 1495 9055 1581 1499 9056 1373 1498 9057 1620 1497 9058 1623 1501 9059 1361 1503 9060 1360 1500 9061 1581 1499 9062 1374 1502 9063 1623 1501 9064 1626 1508 9065 1362 1510 9066 1361 1503 9067 1584 1504 9068 1347 1352 9069 1377 1521 9070 1632 1512 9071 1375 1509 9072 1626 1508 9073 1629 1514 9074 1362 1510 9075 1587 1511 9076 1590 1516 9077 1349 1518 9078 1548 1530 9079 1551 1519 9080 1376 1515 9081 1629 1514 9082 1632 1512 9083 1364 1522 9084 1363 1517 9085 1590 1516 9086 1350 1520 9087 1551 1519 9088 1554 1524 9089 1364 1522 9090 1593 1523 9091 1596 1526 9092 1351 1525 9093 1554 1524 9094 1557 1528 9095 1348 1464 9096 1545 1465 9097 1548 1530 9098 1365 1527 9099 1596 1526 9100 1599 1531 9101 1352 1529 9102 1557 1528 9103 1560 1533 9104 1366 1532 9105 1599 1531 9106 1602 1535 9107 1354 1536 9108 1353 1534 9109 1560 1533 9110 1379 1459 9111 1381 1476 9112 1383 1537 9113 1380 1538 9114 1383 1537 9115 1382 1539 9116 1379 1459 9117 1380 1538 9118 1386 1541 9119 1380 1538 9120 1378 1540 9121 1384 1506 9122 1388 1421 9123 1385 1420 9124 1386 1541 9125 1389 1542 9126 1386 1541 9127 1384 1506 9128 1388 1421 9129 1389 1542 9130 1392 1543 9131 1389 1542 9132 1387 1505 9133 1390 1544 9134 1394 1417 9135 1391 1470 9136 1392 1543 9137 1395 1545 9138 1392 1543 9139 1390 1544 9140 1397 1418 9141 1394 1417 9142 1395 1545 9143 1398 1547 9144 1395 1545 9145 1393 1546 9146 1397 1418 9147 1398 1547 9148 1401 1549 9149 1398 1547 9150 1396 1548 9151 1399 1550 9152 1400 1425 9153 1401 1549 9154 1404 1551 9155 1401 1549 9156 1399 1550 9157 1402 1552 9158 1406 1433 9159 1403 1428 9160 1404 1551 9161 1407 1553 9162 1404 1551 9163 1402 1552 9164 1406 1433 9165 1407 1553 9166 1410 1555 9167 1410 1555 9168 1407 1553 9169 1405 1554 9170 1412 1441 9171 1409 1437 9172 1410 1555 9173 1413 1557 9174 1410 1555 9175 1408 1556 9176 1415 1444 9177 1412 1441 9178 1413 1557 9179 1416 1559 9180 1413 1557 9181 1411 1558 9182 1418 1448 9183 1415 1444 9184 1416 1559 9185 1419 1561 9186 1416 1559 9187 1414 1560 9188 1421 1452 9189 1418 1448 9190 1419 1561 9191 1422 1563 9192 1419 1561 9193 1417 1562 9194 1421 1452 9195 1422 1563 9196 1425 1565 9197 1425 1565 9198 1422 1563 9199 1420 1564 9200 1424 1457 9201 1425 1565 9202 1428 1567 9203 1425 1565 9204 1423 1566 9205 1426 1568 9206 1430 1468 9207 1427 1462 9208 1428 1567 9209 1431 1569 9210 1428 1567 9211 1426 1568 9212 1430 1468 9213 1431 1569 9214 1434 1571 9215 1434 1571 9216 1431 1569 9217 1429 1570 9218 1436 1350 9219 1433 1474 9220 1434 1571 9221 1437 1573 9222 1434 1571 9223 1432 1572 9224 1439 1422 9225 1436 1350 9226 1437 1573 9227 1437 1573 9228 1435 1574 9229 1438 1576 9230 1439 1422 9231 1440 1575 9232 1443 1577 9233 1440 1575 9234 1438 1576 9235 1441 1578 9236 1445 1435 9237 1442 1426 9238 1443 1577 9239 1446 1579 9240 1443 1577 9241 1441 1578 9242 1448 1414 9243 1445 1435 9244 1446 1579 9245 1449 1581 9246 1446 1579 9247 1444 1580 9248 1448 1414 9249 1449 1581 9250 1452 1583 9251 1449 1581 9252 1447 1582 9253 1450 1584 9254 1454 1443 9255 1451 1438 9256 1452 1583 9257 1455 1585 9258 1452 1583 9259 1450 1584 9260 1454 1443 9261 1455 1585 9262 1458 1587 9263 1455 1585 9264 1453 1586 9265 1456 1588 9266 1460 1451 9267 1457 1447 9268 1458 1587 9269 1461 1589 9270 1458 1587 9271 1456 1588 9272 1463 1455 9273 1460 1451 9274 1461 1589 9275 1464 1591 9276 1461 1589 9277 1459 1590 9278 1466 1461 9279 1463 1455 9280 1464 1591 9281 1464 1591 9282 1462 1592 9283 1465 1594 9284 1466 1461 9285 1467 1593 9286 1470 1595 9287 1467 1593 9288 1465 1594 9289 1468 1596 9290 1472 1473 9291 1469 1467 9292 1470 1595 9293 1473 1597 9294 1470 1595 9295 1468 1596 9296 1472 1473 9297 1473 1597 9298 1383 1537 9299 1383 1537 9300 1473 1597 9301 1471 1598 9302 1542 1599 9303 1631 1363 9304 1537 1364 9305 1475 1411 9306 1476 1600 9307 1477 1477 9308 1475 1411 9309 1474 1601 9310 1478 1458 9311 1481 1361 9312 1479 1374 9313 1478 1458 9314 1483 1362 9315 1481 1361 9316 1480 1419 9317 1485 1367 9318 1483 1362 9319 1482 1471 9320 1485 1367 9321 1484 1475 9322 1486 1416 9323 1489 1377 9324 1487 1371 9325 1486 1416 9326 1489 1377 9327 1488 1424 9328 1490 1429 9329 1491 1381 9330 1490 1429 9331 1492 1434 9332 1493 1385 9333 1492 1434 9334 1494 1436 9335 1495 1389 9336 1494 1436 9337 1496 1440 9338 1499 1397 9339 1497 1393 9340 1496 1440 9341 1501 1402 9342 1499 1397 9343 1498 1445 9344 1503 1405 9345 1501 1402 9346 1500 1449 9347 1503 1405 9348 1502 1453 9349 1504 1456 9350 1505 1409 9351 1504 1456 9352 1506 1463 9353 1509 1358 9354 1507 1347 9355 1506 1463 9356 1509 1358 9357 1508 1469 9358 1510 1349 9359 1513 1369 9360 1511 1365 9361 1510 1349 9362 1513 1369 9363 1512 1351 9364 1514 1423 9365 1515 1375 9366 1514 1423 9367 1516 1427 9368 1519 1384 9369 1517 1379 9370 1516 1427 9371 1521 1388 9372 1519 1384 9373 1518 1413 9374 1521 1388 9375 1520 1415 9376 1522 1439 9377 1525 1396 9378 1523 1392 9379 1522 1439 9380 1525 1396 9381 1524 1442 9382 1526 1446 9383 1529 1404 9384 1527 1400 9385 1526 1446 9386 1529 1404 9387 1528 1450 9388 1530 1454 9389 1531 1408 9390 1530 1454 9391 1532 1460 9392 1535 1357 9393 1533 1356 9394 1532 1460 9395 1537 1364 9396 1535 1357 9397 1534 1466 9398 1476 1600 9399 1537 1364 9400 1536 1472 9401 1474 1601 9402 1477 1477 9403 1381 1476 9404 1539 1353 9405 1541 1513 9406 1543 1602 9407 1543 1602 9408 1542 1599 9409 1538 1604 9410 1539 1353 9411 1540 1603 9412 1546 1605 9413 1546 1605 9414 1540 1603 9415 1538 1604 9416 1548 1530 9417 1545 1465 9418 1546 1605 9419 1549 1606 9420 1546 1605 9421 1544 1410 9422 1551 1519 9423 1548 1530 9424 1549 1606 9425 1552 1607 9426 1549 1606 9427 1547 1373 9428 1554 1524 9429 1551 1519 9430 1552 1607 9431 1555 1608 9432 1552 1607 9433 1550 1360 9434 1557 1528 9435 1554 1524 9436 1555 1608 9437 1558 1609 9438 1555 1608 9439 1553 1368 9440 1560 1533 9441 1557 1528 9442 1558 1609 9443 1558 1609 9444 1556 1372 9445 1559 1378 9446 1563 1479 9447 1560 1533 9448 1561 1610 9449 1564 1611 9450 1561 1610 9451 1559 1378 9452 1566 1480 9453 1563 1479 9454 1564 1611 9455 1567 1612 9456 1564 1611 9457 1562 1382 9458 1569 1483 9459 1566 1480 9460 1567 1612 9461 1570 1613 9462 1567 1612 9463 1565 1386 9464 1572 1487 9465 1569 1483 9466 1570 1613 9467 1570 1613 9468 1568 1390 9469 1571 1394 9470 1575 1491 9471 1572 1487 9472 1573 1614 9473 1573 1614 9474 1571 1394 9475 1574 1398 9476 1578 1495 9477 1575 1491 9478 1576 1615 9479 1579 1616 9480 1576 1615 9481 1574 1398 9482 1581 1499 9483 1578 1495 9484 1579 1616 9485 1579 1616 9486 1577 1401 9487 1580 1406 9488 1584 1504 9489 1581 1499 9490 1582 1617 9491 1582 1617 9492 1580 1406 9493 1583 1346 9494 1587 1511 9495 1584 1504 9496 1585 1618 9497 1588 1619 9498 1585 1618 9499 1583 1346 9500 1590 1516 9501 1587 1511 9502 1588 1619 9503 1588 1619 9504 1586 1348 9505 1589 1359 9506 1593 1523 9507 1590 1516 9508 1591 1620 9509 1594 1621 9510 1591 1620 9511 1589 1359 9512 1596 1526 9513 1593 1523 9514 1594 1621 9515 1597 1622 9516 1594 1621 9517 1592 1366 9518 1599 1531 9519 1596 1526 9520 1597 1622 9521 1600 1623 9522 1597 1622 9523 1595 1370 9524 1602 1535 9525 1599 1531 9526 1600 1623 9527 1603 1624 9528 1600 1623 9529 1598 1376 9530 1602 1535 9531 1603 1624 9532 1606 1625 9533 1603 1624 9534 1601 1380 9535 1604 1383 9536 1605 1431 9537 1606 1625 9538 1609 1626 9539 1606 1625 9540 1604 1383 9541 1607 1387 9542 1611 1486 9543 1608 1481 9544 1609 1626 9545 1612 1627 9546 1609 1626 9547 1607 1387 9548 1611 1486 9549 1612 1627 9550 1615 1628 9551 1612 1627 9552 1610 1391 9553 1613 1395 9554 1617 1493 9555 1614 1489 9556 1615 1628 9557 1615 1628 9558 1613 1395 9559 1616 1399 9560 1617 1493 9561 1618 1629 9562 1621 1630 9563 1618 1629 9564 1616 1399 9565 1619 1403 9566 1623 1501 9567 1620 1497 9568 1621 1630 9569 1624 1631 9570 1621 1630 9571 1619 1403 9572 1623 1501 9573 1624 1631 9574 1627 1632 9575 1627 1632 9576 1624 1631 9577 1622 1407 9578 1626 1508 9579 1627 1632 9580 1630 1633 9581 1630 1633 9582 1627 1632 9583 1625 1412 9584 1629 1514 9585 1630 1633 9586 1633 1634 9587 1630 1633 9588 1628 1355 9589 1631 1363 9590 1541 1513 9591 1632 1512 9592 1633 1634 9593 1543 1602 9594 1633 1634 9595 1631 1363 9596 1538 1604 9597 1542 1599 9598 1476 1600 9599 1635 1635 9600 1639 1636 9601 1638 1637 9602 1637 1638 9603 1638 1637 9604 1640 1639 9605 1643 1640 9606 1640 1639 9607 1641 1641 9608 1644 1642 9609 1641 1641 9610 1642 1643 9611 1645 1644 9612 1642 1643 9613 1647 1645 9614 1648 1646 9615 1645 1644 9616 1647 1645 9617 1651 1647 9618 1648 1646 9619 1649 1648 9620 1652 1649 9621 1649 1648 9622 1650 1650 9623 1654 1651 9624 1652 1649 9625 1650 1650 9626 1655 1652 9627 1654 1651 9628 1657 1653 9629 1656 1654 9630 1657 1653 9631 1658 1655 9632 1660 1656 9633 1658 1655 9634 1659 1657 9635 1661 1658 9636 1660 1656 9637 1659 1657 9638 1664 1659 9639 1661 1658 9640 1663 1660 9641 1667 1661 9642 1663 1660 9643 1665 1662 9644 1668 1663 9645 1665 1662 9646 1666 1664 9647 1669 1665 9648 1666 1664 9649 1670 1666 9650 1671 1667 9651 1670 1666 9652 1673 1668 9653 1672 1669 9654 1673 1668 9655 1674 1670 9656 1676 1671 9657 1674 1670 9658 1675 1672 9659 1677 1673 9660 1676 1671 9661 1675 1672 9662 1680 1674 9663 1677 1673 9664 1679 1675 9665 1683 1676 9666 1679 1675 9667 1681 1677 9668 1682 1678 9669 1683 1676 9670 1681 1677 9671 1686 1679 9672 1684 1680 9673 1682 1678 9674 1687 1681 9675 1686 1679 9676 1689 1682 9677 1690 1683 9678 1687 1681 9679 1689 1682 9680 1691 1684 9681 1688 1685 9682 1690 1683 9683 1694 1686 9684 1691 1684 9685 1693 1687 9686 1696 1688 9687 1693 1687 9688 1695 1689 9689 1698 1690 9690 1695 1689 9691 1697 1691 9692 1639 1636 9693 1698 1690 9694 1697 1691 9695 1635 1635 9696 1636 1692 9697 1639 1636 9698 1637 1638 9699 1635 1635 9700 1638 1637 9701 1643 1640 9702 1637 1638 9703 1640 1639 9704 1644 1642 9705 1643 1640 9706 1641 1641 9707 1645 1644 9708 1644 1642 9709 1642 1643 9710 1648 1646 9711 1646 1693 9712 1645 1644 9713 1651 1647 9714 1646 1693 9715 1648 1646 9716 1652 1649 9717 1651 1647 9718 1649 1648 9719 1654 1651 9720 1653 1694 9721 1652 1649 9722 1655 1652 9723 1653 1694 9724 1654 1651 9725 1656 1654 9726 1655 1652 9727 1657 1653 9728 1660 1656 9729 1656 1654 9730 1658 1655 9731 1661 1658 9732 1662 1695 9733 1660 1656 9734 1664 1659 9735 1662 1695 9736 1661 1658 9737 1667 1661 9738 1664 1659 9739 1663 1660 9740 1668 1663 9741 1667 1661 9742 1665 1662 9743 1669 1665 9744 1668 1663 9745 1666 1664 9746 1671 1667 9747 1669 1665 9748 1670 1666 9749 1672 1669 9750 1671 1667 9751 1673 1668 9752 1676 1671 9753 1672 1669 9754 1674 1670 9755 1677 1673 9756 1678 1696 9757 1676 1671 9758 1680 1674 9759 1678 1696 9760 1677 1673 9761 1683 1676 9762 1680 1674 9763 1679 1675 9764 1682 1678 9765 1684 1680 9766 1683 1676 9767 1686 1679 9768 1685 1697 9769 1684 1680 9770 1687 1681 9771 1685 1697 9772 1686 1679 9773 1690 1683 9774 1688 1685 9775 1687 1681 9776 1691 1684 9777 1692 1698 9778 1688 1685 9779 1694 1686 9780 1692 1698 9781 1691 1684 9782 1696 1688 9783 1694 1686 9784 1693 1687 9785 1698 1690 9786 1696 1688 9787 1695 1689 9788 1639 1636 9789 1636 1692 9790 1698 1690 9791 43 47 9792 716 721 9793 717 720 9794 43 47 9795 45 49 9796 718 722 9797 45 49 9798 46 53 9799 719 725 9800 46 53 9801 47 52 9802 720 726 9803 110 115 9804 111 117 9805 784 790 9806 47 52 9807 110 115 9808 783 788 9809 112 119 9810 785 792 9811 784 790 9812 113 130 9813 786 803 9814 785 792 9815 124 129 9816 125 132 9817 798 805 9818 124 129 9819 797 802 9820 786 803 9821 126 134 9822 799 806 9823 798 805 9824 126 134 9825 127 133 9826 800 807 9827 401 406 9828 402 415 9829 1075 1087 9830 401 406 9831 1074 1079 9832 1076 1080 9833 403 407 9834 1076 1080 9835 1077 1082 9836 404 409 9837 1077 1082 9838 1078 1084 9839 405 411 9840 1078 1084 9841 1082 1086 9842 127 133 9843 409 413 9844 1082 1086 9845 402 415 9846 410 414 9847 1083 1088 9848 410 414 9849 411 541 9850 1084 1214 9851 536 540 9852 537 543 9853 1210 1215 9854 411 541 9855 536 540 9856 1209 1213 9857 537 543 9858 538 542 9859 1211 1216 9860 538 542 9861 539 545 9862 1212 1218 9863 551 554 9864 1224 1228 9865 1223 1227 9866 539 545 9867 550 555 9868 1223 1227 9869 552 559 9870 1225 1232 9871 1224 1228 9872 552 559 9873 553 665 9874 1226 1338 9875 664 666 9876 1337 1339 9877 1336 1336 9878 665 664 9879 663 663 9880 1336 1336 9881 553 665 9882 665 664 9883 1338 1337 9884 664 666 9885 44 48 9886 717 720 9887</p>
        </triangles>
      </mesh>
    </geometry>
  </library_geometries>
  <library_visual_scenes>
    <visual_scene id="Scene" name="Scene">
      <node id="Bottle_E_A_Lying" name="Bottle_E_A_Lying" type="NODE">
        <matrix sid="transform">1 0 0 3.58498 0 1 0 -1.347152 0 0 1 8.00937e-8 0 0 0 1</matrix>
        <instance_geometry url="#Bottle_E_A_Lying-mesh" name="Bottle_E_A_Lying">
          <bind_material>
            <technique_common>
              <instance_material symbol="AK_Bottles_Plastic-material" target="#AK_Bottles_Plastic-material">
                <bind_vertex_input semantic="UVMap" input_semantic="TEXCOORD" input_set="0"/>
              </instance_material>
            </technique_common>
          </bind_material>
        </instance_geometry>
      </node>
    </visual_scene>
  </library_visual_scenes>
  <scene>
    <instance_visual_scene url="#Scene"/>
  </scene>
</COLLADA>