<?xml version="1.0" encoding="utf-8"?>
<COLLADA xmlns="http://www.collada.org/2005/11/COLLADASchema" version="1.4.1" xmlns:xsi="http://www.w3.org/2001/XMLSchema-instance">
  <asset>
    <contributor>
      <author>Blender User</author>
      <authoring_tool>Blender 3.0.1</authoring_tool>
    </contributor>
    <created>2026-07-31T12:34:46</created>
    <modified>2026-07-31T12:34:46</modified>
    <unit name="meter" meter="1"/>
    <up_axis>Z_UP</up_axis>
  </asset>
  <library_effects>
    <effect id="AK_Trash_Generic_A-effect">
      <profile_COMMON>
        <newparam sid="Trash_Generic_A_BaseColor_jpg_001-surface">
          <surface type="2D">
            <init_from>Trash_Generic_A_BaseColor_jpg_001</init_from>
          </surface>
        </newparam>
        <newparam sid="Trash_Generic_A_BaseColor_jpg_001-sampler">
          <sampler2D>
            <source>Trash_Generic_A_BaseColor_jpg_001-surface</source>
          </sampler2D>
        </newparam>
        <technique sid="common">
          <lambert>
            <emission>
              <color sid="emission">0 0 0 1</color>
            </emission>
            <diffuse>
              <texture texture="Trash_Generic_A_BaseColor_jpg_001-sampler" texcoord="UVMap"/>
            </diffuse>
            <index_of_refraction>
              <float sid="ior">1.45</float>
            </index_of_refraction>
          </lambert>
        </technique>
      </profile_COMMON>
    </effect>
  </library_effects>
  <library_images>
    <image id="Trash_Generic_A_BaseColor_jpg_001" name="Trash_Generic_A_BaseColor.jpg">
      <init_from>../materials/textures/Trash_Generic_A_BaseColor.jpg</init_from>
    </image>
  </library_images>
  <library_materials>
    <material id="AK_Trash_Generic_A-material" name="AK_Trash_Generic_A">
      <instance_effect url="#AK_Trash_Generic_A-effect"/>
    </material>
  </library_materials>
  <library_geometries>
    <geometry id="TrashGeneric_A_Paper_Crumple_C_001-mesh" name="TrashGeneric_A_Paper_Crumple_C.001">
      <mesh>
        <source id="TrashGeneric_A_Paper_Crumple_C_001-mesh-positions">
          <float_array id="TrashGeneric_A_Paper_Crumple_C_001-mesh-positions-array" count="2646">0.04428642 0.04841917 0.03642606 0.04318362 0.04543501 0.03430891 0.05152112 0.0441634 0.03359842 0.03438824 0.04738277 0.03667598 0.04422879 0.04927045 0.03636938 0.0515176 0.04512834 0.03355193 0.04327893 0.04635035 0.03435468 0.03439319 0.04756814 0.03633564 0.03485625 0.04673194 0.03564536 0.02647453 0.04817217 0.03589779 0.02664273 0.04856199 0.03640854 0.02611511 0.04600977 0.0361064 0.01978802 0.05031448 0.03546029 0.02013075 0.05096268 0.03587126 0.01943558 0.04977065 0.03711229 0.01362317 0.05440276 0.0363866 0.01388633 0.05443477 0.03664982 0.0128374 0.05417919 0.03698611 0.005917847 0.05604928 0.04075902 0.006279945 0.05541819 0.04068893 0.002621233 0.05524736 0.04011183 0.003667593 0.05165117 0.04704087 0.004036664 0.05160182 0.04667609 2.15066e-4 0.04956936 0.04235941 0.008064389 0.04160386 0.03704953 0.008008897 0.04196733 0.03667682 0.003513216 0.04032975 0.03750979 0.01185238 0.03371936 0.03198522 0.01171207 0.03386038 0.03152298 0.008704364 0.03139466 0.03294682 0.01854968 0.02561664 0.03079068 0.01870179 0.02541464 0.03034025 0.01300573 0.0228601 0.02910482 0.02327001 0.01941913 0.03305029 0.0236575 0.01887261 0.03286302 0.01497787 0.01594829 0.03266239 0.0182923 0.02230775 0.0391528 0.01876318 0.02186334 0.03932654 0.01432609 0.01893544 0.03929477 0.01109427 0.02755475 0.04573631 0.01126396 0.02761071 0.04624223 0.01058584 0.02645945 0.04495441 0.005456805 0.03451383 0.04400461 0.005702793 0.03496003 0.04422467 0.005073368 0.03519707 0.04493397 -0.002722203 0.04402101 0.04739969 -0.002448201 0.04390597 0.04741185 -0.002624213 0.04417449 0.04729241 0.001535832 0.04933828 0.0555492 0.001518011 0.04923611 0.0554189 2.95471e-5 0.04864305 0.05452233 0.01307523 0.04691874 0.05286002 0.01297312 0.04706799 0.05227321 0.01096141 0.04461085 0.05105262 0.0215255 0.04591178 0.04897505 0.02129089 0.04558259 0.04837197 0.02048546 0.04176795 0.05065035 0.0298748 0.04324781 0.04895603 0.02979004 0.04278802 0.04830884 0.0287857 0.03788286 0.05104809 0.03397148 0.04311347 0.04986804 0.03400868 0.04268521 0.0492478 0.03296011 0.03744035 0.05273848 0.03309249 0.03694885 0.05210685 0.03192478 0.03079962 0.05769133 0.02542304 0.03160661 0.0541079 0.0319907 0.03018248 0.05709552 0.02731519 0.02699083 0.06386816 0.02717119 0.02656441 0.06321579 0.01994848 0.03232139 0.06307828 0.01497095 0.02696943 0.07017064 0.01506602 0.02664476 0.06927871 0.01112186 0.02969205 0.07049274 0.0105372 0.02101486 0.0691244 0.009138643 0.02085751 0.06897681 0.01099729 0.02076578 0.06818956 0.008231997 0.0123617 0.07358539 0.008782863 0.01207089 0.07264035 0.008371114 0.0130366 0.07257282 0.01240062 0.004445612 0.07499814 0.007309079 2.28503e-4 0.06875807 0.01242738 0.004636466 0.07424318 0.007428586 0.005051732 0.07507234 -0.003900051 0.003816783 0.07323706 0.005578815 -0.002985954 0.07219898 -0.005401313 -0.005365312 0.07392019 0.002756476 -0.01051265 0.0770002 -0.007450401 -0.01474803 0.07554131 0.005881428 -0.009863913 0.07696306 0.01259195 -0.01419121 0.07153981 0.001246631 -0.02054339 0.0711081 0.01761472 -0.008762598 0.06937271 0.01773077 0.005083441 0.05559813 0.0044474 0.001419901 0.05624222 0.0217511 0.005158662 0.06127923 0.02584028 4.5324e-4 0.04728919 0.02992993 0.005162715 0.0474354 0.02418196 -0.008393466 0.05555784 0.01325678 -0.001992642 0.04909056 4.74063e-4 -0.004928946 0.04845315 0.01273107 -0.01243239 0.05560284 0.004867792 -0.01426148 0.05050587 0.007336437 -0.02616238 0.06652885 -3.85058e-4 -0.02551823 0.06021451 0.01869684 -0.01996296 0.06689757 0.01266467 -0.03224951 0.06461328 0.001526892 -0.03540074 0.06287568 0.02285504 -0.02724063 0.06480842 0.01538288 -0.02644586 0.05432713 0.008915781 -0.03442007 0.05482614 0.02394151 -0.01923686 0.05339109 0.01258623 -0.0168485 0.04664266 0.01990264 -0.008975625 0.04501581 0.01588124 -0.01261371 0.0375992 0.0108301 -0.02649092 0.04585856 0.01038759 -0.03609621 0.04435282 0.02134096 -0.02214229 0.04301071 0.02033776 -0.0320186 0.04560315 0.03009933 -0.01839494 0.04533594 0.02612024 -0.02835416 0.05214393 0.02817088 -0.0100131 0.03641134 0.03836101 -0.02004361 0.05037623 0.03035718 -0.02774411 0.0567364 0.03843706 -0.02058184 0.05018264 0.03151142 -0.01075965 0.03654235 0.03128945 -0.01135241 0.03635901 0.02836436 -0.004199564 0.03107184 0.02078717 0.004738152 0.02961975 0.02371454 -0.001531302 0.03136879 0.02791488 -0.004730105 0.03088283 0.0231449 -0.001898288 0.03115403 0.02026808 0.003892958 0.02937054 0.01969885 0.00631994 0.02991348 0.02051115 0.006699502 0.03012543 0.01926708 0.00632888 0.03681451 0.02435326 -0.00367856 0.04253721 0.01686704 -0.002314388 0.03656035 0.01994746 0.006466031 0.03669935 0.02466142 -0.003976285 0.04217427 0.01771199 -0.002411007 0.0365507 0.02718853 -0.01566761 0.0514158 0.02841949 -0.02161735 0.06318771 0.02690243 -0.01530748 0.05179148 0.02354919 -0.01887559 0.05378359 0.02812165 -0.02124971 0.06284654 0.02470844 -0.01522314 0.0656464 0.02251183 -0.02662336 0.06429314 0.01892524 -0.01995462 0.0659722 0.01253181 -0.0315684 0.06400567 0.007784128 -0.02611166 0.06569546 0.00175774 -0.03482973 0.06213343 0.01479971 -0.02606654 0.05459696 0.008344411 -0.03387278 0.0546258 0.01177197 -0.01668363 0.04685419 0.01014626 -0.02624166 0.04549741 0.01942425 -0.008669018 0.04543584 0.0153408 -0.01269209 0.0372858 0.02148783 -0.0222935 0.04245477 0.0279935 -0.01049953 0.03611767 0.03027594 -0.01885843 0.0450676 0.02653354 -0.02831608 0.05154091 0.02071452 -0.03189563 0.04497742 0.02653795 -0.03780764 0.05158299 0.03053766 -0.02770423 0.05618494 0.03536736 -0.03179359 0.05184465 0.03773152 -0.03659033 0.04584932 0.03546708 -0.03238546 0.05254876 0.03781121 -0.03701472 0.04589718 0.02640831 -0.03842496 0.05229938 0.0176832 -0.04190248 0.04923367 0.03288364 -0.03878337 0.04670721 0.02433419 -0.04170751 0.0431953 0.03704142 -0.02779567 0.04006397 0.02707523 -0.03069275 0.03799176 0.03957116 -0.01670354 0.0362069 0.04081165 -0.02594572 0.03915703 0.04091423 -0.0258792 0.03969925 0.04258316 -0.01590871 0.03771823 0.04275071 -0.01555758 0.03794288 0.04533141 -0.01759397 0.03333044 0.04140681 -0.01440685 0.03027874 0.04562664 -0.01713079 0.0330969 0.0424574 -0.02779436 0.03324121 0.03960978 -0.02557897 0.03173077 0.04250603 -0.02767634 0.03274738 0.03665882 -0.03614002 0.03493106 0.03574621 -0.03627282 0.03607922 0.0364564 -0.03569823 0.03444409 0.03598117 -0.03749096 0.02710938 0.03118669 -0.03767538 0.02949714 0.03585708 -0.03667509 0.02715915 0.02837252 -0.03712248 0.01996296 0.02826213 -0.03690302 0.02036309 0.0328502 -0.02627187 0.02523332 0.02650654 -0.03855478 0.02212888 0.01800537 -0.0430684 0.02090728 0.02340734 -0.02991557 0.0224269 0.01743245 -0.03334265 0.01851737 0.0194962 -0.02211642 0.01952141 0.01818948 -0.02686434 0.0128141 0.02863961 -0.02270537 0.01333975 0.0247814 -0.01828461 0.02265179 0.0244804 -0.0179941 0.02271509 0.0281676 -0.02231699 0.01715445 0.02807444 -0.02152645 0.01689976 0.03687721 -0.02058404 0.02047586 0.03889393 -0.0227288 0.01201057 0.03674465 -0.01978862 0.0202921 0.04564261 -0.02398353 0.02632194 0.04694014 -0.01885557 0.02255052 0.0451498 -0.02346974 0.02616107 0.0506227 -0.01899343 0.03026723 0.05016255 -0.01393067 0.02693831 0.04986226 -0.01876676 0.03012663 0.05176943 -0.01527029 0.03039228 0.05122464 -0.0125699 0.02709352 0.05102157 -0.01505887 0.03026729 0.05059862 -0.01234537 0.0270918 0.05269694 4.03477e-4 0.02374672 0.04942017 -0.01376461 0.02688729 0.04702109 -0.005881249 0.02169102 0.04619288 -0.01854723 0.02250927 0.03841549 -0.0221427 0.01241189 0.03889167 -0.01284778 0.01315701 0.02943843 -0.01920425 0.004767656 0.03239446 -0.007503926 0.004993319 0.02928167 -0.002598226 0.01363456 0.04525804 -0.005200505 0.009364306 0.02159255 -0.01034539 0.006041169 0.0136066 -0.01715278 0.007113873 0.02083384 -0.010782 0.01392996 0.01301282 -0.01692891 0.01505225 0.01785796 -0.01157706 0.0200805 0.009571373 -0.001560151 0.02282029 0.02904027 -0.009070575 0.02089196 0.007608771 -0.01343357 0.02136665 -4.3615e-4 -0.00432378 0.01929926 -6.10008e-4 -0.01670032 0.02118992 -0.004576623 -0.025936 0.02195155 0.005783975 -0.02344977 0.01752853 -0.004703104 -0.009516417 0.01627433 -0.006733298 -0.02210116 0.01388072 0.003918111 -0.0129528 0.009325742 0.003691434 -0.01121962 0.001066863 0.005527079 -0.00380975 0.01317203 -0.004951655 -0.02324295 0.004786849 -0.005218029 -0.01515936 0.002451479 -0.01473736 -0.02568292 0.007972955 -0.01818841 -0.02019584 0.01853233 -0.01467901 -0.0324397 0.01461833 -0.01399827 -0.01799207 0.003944218 -0.01682114 -0.01547652 0.0109474 -0.01574558 -0.009048163 0.003446519 -0.02145832 -0.002144217 0.004146635 -0.007731318 -0.006871581 2.19842e-4 -0.0237323 -0.01073557 0.006818711 -0.02859324 -0.004008352 0.008724808 -0.02744996 -0.01197427 0.01415669 -0.03017753 -0.01827323 0.0201689 -0.02008885 -0.006037235 0.01760697 -0.03413361 -0.007713675 0.01473236 -0.03760683 -0.01407688 0.01957929 -0.03502547 -7.48838e-4 0.01879376 -0.03584778 0.008088409 0.02227085 -0.03004819 0.003339707 0.01321423 -0.04073691 -0.006248474 0.02256506 -0.04170233 0.00279951 0.02583146 -0.03975343 -0.008427619 0.03059774 -0.0383898 -0.01008147 0.03877168 -0.03745579 -0.01662135 0.02787041 -0.04379802 -0.00113815 0.03261005 -0.04343777 -0.003090441 0.04026818 -0.04344308 0.006484866 0.0349639 -0.03531217 0.009686291 0.03622561 -0.04229342 0.01094317 0.02827399 -0.04512834 0.005134582 0.0418365 -0.03556025 0.005169332 0.0432412 -0.04377931 0.003390491 0.04981243 -0.04124575 0.004700064 0.05709934 -0.04370248 -0.005212962 0.04780632 -0.0395134 0.01249712 0.04853463 -0.03858709 0.0138989 0.05576473 -0.02802473 0.01245951 0.04810053 -0.01804274 0.01542419 0.04705464 -0.02577799 0.001383304 0.04602968 -0.03371143 0.02198272 0.05239146 -0.02419155 0.02531701 0.048514 -0.03051966 0.0222795 0.06123197 -0.02490782 0.02111977 0.06874144 -0.03202128 0.01331615 0.06239122 -0.02749156 0.03063017 0.05637276 -0.02061998 0.02989101 0.06286847 -0.0217871 0.03809654 0.05066961 -0.01388972 0.04317718 0.04848283 -0.01450204 0.02853792 0.04668134 -0.01541095 0.03547447 0.05668264 -0.009023904 0.04245233 0.05524951 -0.006889104 0.03531688 0.06195616 0.005719244 0.03453463 0.06243187 -0.01202148 0.02855962 0.06755274 0.002745389 0.03802865 0.05465561 0.01577472 0.034563 0.05287259 0.01088899 0.04448348 0.05039459 7.29575e-5 0.04786372 0.05402988 0.02027058 0.04135495 0.04994326 0.02878457 0.03737634 0.05037838 0.02539795 0.03093844 0.05350065 0.01986926 0.03158396 0.06246471 0.01127612 0.02920514 0.06958693 -7.81421e-4 0.02969807 0.06915706 0.009459912 0.02059668 0.06799513 -0.002515375 0.02110785 0.07095396 0.008822023 0.01273691 0.0715866 -0.004103243 0.01254653 0.07318252 0.007622957 0.005171 0.07405793 -0.003401219 0.00391066 0.07231211 0.005715131 -0.003071188 0.07123076 -0.004801154 -0.005439996 0.07305163 0.007115542 3.20682e-4 0.06812924 0.00293225 -0.01044142 0.07602077 0.005838513 -0.009889125 0.07613313 0.01212304 -0.0135768 0.07132673 -0.006907641 -0.01447802 0.07468301 -0.01561844 -0.01455044 0.07001024 0.001072347 -0.01976716 0.07093441 -0.007636249 -0.02073121 0.06585597 0.003957808 0.002123951 0.05647361 -0.007497549 -0.007436275 0.05783087 0.0173164 0.005850076 0.05574518 0.01338714 -0.00169456 0.04833 4.91753e-4 -0.00436598 0.04785013 0.0261085 6.2859e-4 0.04656875 0.01315724 -0.01274126 0.05497747 0.005432069 -0.01444524 0.04990106 0.02457201 -0.008732736 0.05499458 0.02846902 -0.006772935 0.05563259 0.03010767 0.005519032 0.04724824 0.02799034 -0.006468057 0.05612152 0.0245229 -0.01518809 0.06636983 0.0213474 0.005682706 0.06150698 0.01718652 -0.008460044 0.06925225 -0.001060545 -0.0160616 0.04491692 2.27262e-4 -0.02568536 0.05960565 -0.005644202 -0.02630144 0.05320376 -0.006104707 -0.02903342 0.04575496 -0.00720179 -0.03588688 0.05813837 -0.009291291 -0.0403763 0.05068111 1.45293e-4 -0.04047733 0.05370604 0.01021111 -0.03575056 0.04365313 4.94149e-4 -0.04751241 0.04514253 0.005984187 -0.04253256 0.03803199 0.009956359 -0.04524958 0.04562276 0.01740199 -0.04071015 0.03740906 0.01789534 -0.04131162 0.04855215 0.02395105 -0.04109054 0.04319393 0.03256189 -0.03808802 0.04649734 0.0268284 -0.03067249 0.03852838 0.01702338 -0.03189677 0.03707218 0.02893656 -0.01966404 0.03566396 0.03702366 -0.02768397 0.04058575 0.03966587 -0.01620465 0.03648149 0.04158753 -0.01372593 0.02991455 0.03973168 -0.02548122 0.03122395 0.0313546 -0.01206517 0.02819615 0.02029156 -0.01208668 0.02905273 0.02972519 -0.02367871 0.02936351 0.02499818 -0.03383016 0.03140896 0.01870012 -0.0212965 0.02707195 0.009165287 -0.01910686 0.02720224 0.0146712 -0.0304625 0.02802371 0.004209697 -0.02926409 0.02796095 0.008529126 -0.03879958 0.02929008 -0.002493202 -0.04052281 0.02841001 0.00895065 -0.04145395 0.02012103 0.017533 -0.0431208 0.02933931 0.01777809 -0.04237979 0.02135771 0.03101968 -0.03689098 0.02916032 0.02613621 -0.03802257 0.02267855 0.0356847 -0.03591853 0.03542917 0.0229094 -0.0300731 0.02285885 0.01693463 -0.03308868 0.01914137 0.01884841 -0.02162122 0.01961547 0.0325579 -0.02656507 0.02567178 0.028481 -0.02189105 0.01339149 0.01778697 -0.02625238 0.01325684 0.009674191 -0.02621924 0.009454846 0.02030569 -0.02284032 0.005062103 0.009600818 -0.03533583 0.01505672 0.003002405 -0.03185755 0.01985514 -5.48005e-4 -0.04064196 0.02070069 -0.008655786 -0.03584122 0.02008336 -0.01111382 -0.03770053 0.02638965 -0.00450468 -0.02578401 0.02764916 -0.02025568 -0.03089803 0.02053612 -0.01122009 -0.02220112 0.0246213 -0.01244372 -0.01264989 0.02044183 -0.006501019 -0.01069968 0.02619838 -0.00953257 -0.01089042 0.03440958 1.29837e-4 -0.01704132 0.02654987 -0.01582467 -0.003221809 0.02809351 -0.02013415 -0.01352053 0.03441417 -0.02488458 -0.007374525 0.02616918 -0.02459281 -0.02227222 0.02817392 -0.03321504 -0.02295243 0.02588647 -0.0286712 -0.03120374 0.03138566 -0.02945721 -0.03533709 0.0369184 -0.01801002 -0.03041768 0.03142803 -0.03434652 -0.02597439 0.03390318 -0.03420895 -0.0283128 0.04109305 -0.03671133 -0.01834475 0.03616434 -0.03689604 -0.02048277 0.04367971 -0.0386492 -0.01224017 0.04612231 -0.03542006 -0.02186381 0.05133223 -0.03090929 -0.02192527 0.05901563 -0.03174108 -0.02910119 0.0487042 -0.04003375 -0.0144276 0.05425888 -0.03369063 -0.01430076 0.06141602 -0.03988271 -0.005132734 0.05571895 -0.03091013 -0.005194842 0.06022226 -0.03114384 0.004488945 0.0598756 -0.0202614 -0.005818724 0.06235802 -0.0106343 -0.005704581 0.06563955 -0.02437728 -0.01444005 0.0659945 -0.02014166 0.004555463 0.06196892 -0.01228135 0.003490388 0.06754904 -0.02311605 0.0116465 0.06697142 -0.01492977 0.01118248 0.0722866 -0.01445978 0.02004832 0.07137155 -0.01944494 -0.02189081 0.06254202 -0.01438921 -0.01490527 0.05509299 -0.02185058 -0.02270269 0.0528028 -0.009294807 -0.008408367 0.04667925 -0.01898473 -0.01368474 0.04496365 -0.02264231 -0.02605324 0.04416298 -0.009001851 -0.01963317 0.04266798 -0.01485502 -0.02597898 0.03985416 -0.02042311 -0.03541988 0.03599697 -0.0119673 -0.03582447 0.04249131 -0.01016604 -0.03583776 0.03504943 -0.00560069 -0.04423856 0.04035985 -1.54602e-4 -0.03121572 0.03505223 0.007768452 -0.03413093 0.03760546 -4.76193e-4 -0.02240991 0.03898096 -0.01020014 -0.02415353 0.03416895 1.24922e-4 -0.01335179 0.03290045 0.009096324 -0.02128612 0.03707098 0.01063919 -0.01206541 0.03141599 0.01907938 -0.02216756 0.03671896 -0.002304792 0.04364585 0.04760593 0.005266487 0.03567308 0.04549753 0.01073879 0.02639883 0.04551428 -0.005257129 0.03273254 0.04580748 8.8855e-4 0.02333354 0.04568177 0.005859434 0.0115326 0.03993844 -0.008400619 0.01881307 0.04499673 -0.004703342 0.009131908 0.04196476 -0.004323184 0.008352816 0.03396046 -0.01478201 0.005840957 0.04302424 -0.01469308 0.006713569 0.03473109 -0.01677608 0.01710677 0.03247028 -0.02499264 0.008232414 0.03225475 -0.02839922 0.01940476 0.03477132 -0.03481942 0.0287649 0.03460907 -0.03915399 0.01793766 0.03266459 -0.03843724 0.02430939 0.02662646 -0.03482693 0.02835214 0.02070915 -0.03934884 0.01652723 0.0230928 -0.03212523 0.0194934 0.01918083 -0.02887588 0.02218836 0.01142114 -0.03014612 0.0111373 0.01722151 -0.02669709 0.01371157 0.01066726 -0.02259224 0.01502847 0.004172921 -0.02398979 0.005414307 0.008001327 -0.01907473 0.007701575 0.001833796 -0.01089894 0.009348452 0.006071388 -0.01400685 2.27184e-4 3.26854e-4 -0.004537343 0.002046167 0.00460124 0.001523554 0.003877639 0.01123499 0.00133562 -0.003275692 1.49694e-4 0.008460164 0.00365597 0.003908872 0.01331609 0.007482945 0.01033401 0.01193016 -0.004241824 0.005132257 0.01815605 0.001085996 0.009355068 0.02411937 0.006061553 0.01200425 0.01276993 4.67023e-4 0.01526629 0.01973646 0.003247976 0.01731592 0.03217524 0.008006215 0.02117133 0.02007818 -6.91746e-4 0.02407872 0.03238779 0.002272903 0.02674156 0.04358756 0.01111471 0.03064996 0.03774058 -0.004681468 0.02323633 0.04622036 0.005499303 0.02377933 0.04053467 0.004528343 0.01418042 0.04752236 0.008719146 0.01679629 0.05432951 0.00308907 0.01937323 0.04756456 0.009490311 0.01675671 0.04044169 0.00543797 0.01407808 0.05474722 0.002941668 0.0189895 0.04586517 0.006261348 0.02367901 0.03759002 -0.003803789 0.02308857 0.04362952 0.01113641 0.03048866 0.04060447 0.01657676 0.02355915 0.03264206 0.002330839 0.02637112 0.02042293 -8.09623e-4 0.02366495 0.03263628 0.007337987 0.02105247 0.02009397 0.002509236 0.01722204 0.03365033 0.01092559 0.01589256 0.02654135 0.01696652 0.01893097 0.0398007 0.016433 0.01628452 0.02478957 0.005959391 0.01170742 0.01810753 0.01273405 0.01508748 0.01881688 7.87474e-4 0.008917152 0.01260936 -0.00455302 0.0047127 0.01310706 -2.90653e-4 0.01529288 0.01344645 0.008176803 0.0101214 0.008669614 0.004201769 0.003286957 0.005729854 0.007492363 0.01578903 5.28275e-7 0.01543658 0.01818716 0.01175677 0.01138412 0.02000999 0.001662611 0.004624545 0.01095837 -0.006451368 0.009643554 0.01483601 -0.004371225 0.00264281 0.004020631 -0.01416993 4.05983e-4 -4.79549e-4 0.001529932 -0.003029525 -6.37691e-4 -0.01047396 0.009619712 0.00543034 -0.019351 0.007839262 0.001051902 -0.01442158 0.0179401 0.002186894 -0.01296883 0.0264405 0.005394458 -0.004707515 0.01790332 0.008999764 -0.02303802 0.01510322 0.003464281 -0.02331274 0.02482539 0.00592947 -0.02739489 0.01372265 0.0101909 -0.03081804 0.01120007 0.01671886 -0.0246219 0.005497753 0.007440447 -0.02954137 0.02241247 0.01092243 -0.03276181 0.0195896 0.01864296 -0.02585297 0.02906209 0.01775676 -0.02467525 0.03682023 0.02327549 -0.01923 0.03189414 0.01278942 -0.03541648 0.0287851 0.02027624 -0.03147345 0.03343498 0.02795904 -0.03919947 0.02463632 0.02653723 -0.03974699 0.01814883 0.03309941 -0.04005223 0.01663935 0.02263516 -0.03540587 0.02904093 0.03502565 -0.02858668 0.01928848 0.0354219 -0.02333205 0.02840328 0.04051429 -0.01178842 0.02788269 0.03696203 -0.02782201 0.03750169 0.03603196 -0.01688534 0.01699429 0.033086 -0.007151305 0.01838701 0.03350442 -0.01490151 0.007324695 0.03513544 -0.01500815 0.006527364 0.04271519 -0.02503484 0.00865823 0.03279453 -0.004476189 0.00903809 0.03433984 -0.004864692 0.009756147 0.04163676 0.005675613 0.01052236 0.03289204 0.00345844 0.01901525 0.03095674 0.005617976 0.01215749 0.03969585 9.29845e-4 0.02338135 0.04505711 -0.005213737 0.03267717 0.04516077 -0.008427441 0.01889723 0.04437166 -0.0146653 0.02855277 0.04605656 -0.0182023 0.01552802 0.04642665 -0.02460342 0.02549976 0.0479694 -0.0281431 0.01273626 0.04743117 -0.02575331 0.002127349 0.04570704 -0.03437155 0.02243816 0.05211651 -0.03999847 0.01304173 0.048159 -0.0355485 0.005989372 0.04311442 -0.03940212 0.01424551 0.05600398 -0.04463529 0.003553032 0.04991155 -0.04586136 0.005521893 0.04174613 -0.04449582 -0.005450725 0.04785269 -0.04199707 0.004744827 0.05760884 -0.0316056 0.004386365 0.06062602 -0.04062509 -0.00523585 0.05622357 -0.03137153 -0.005141019 0.0609737 -0.04083544 -0.01469093 0.05457091 -0.03944891 -0.01253074 0.04610794 -0.03429108 -0.01446402 0.06208282 -0.03608256 -0.02235496 0.05164825 -0.03768068 -0.02075082 0.04360955 -0.0312559 -0.02255302 0.05953383 -0.03194707 -0.02982807 0.04910624 -0.03482496 -0.02886295 0.04110038 -0.02140146 -0.0233938 0.05289536 -0.0223239 -0.02665644 0.04454779 -0.02968209 -0.03613543 0.03685599 -0.01856154 -0.0143001 0.04524254 -0.01508641 -0.02638429 0.04044902 -0.009425044 -0.0198391 0.04328966 -0.01268577 -0.03620719 0.04276746 -0.02040517 -0.03624504 0.03586512 -0.01773428 -0.0306456 0.03075307 -0.01013118 -0.03630197 0.03459537 -0.009892225 -0.02407133 0.03355962 4.00636e-5 -0.03111201 0.03444427 -2.41256e-4 -0.02240622 0.03837025 -0.005892276 -0.04483854 0.04013288 0.007877588 -0.03394114 0.03699189 0.009156107 -0.02140009 0.03653436 0.006108224 -0.04296642 0.03762775 0.01719492 -0.03172063 0.03648477 0.01908034 -0.02229487 0.0362311 0.01773548 -0.041049 0.037036 0.01014399 -0.04600012 0.04607033 4.81994e-4 -0.04832208 0.04544973 2.72579e-4 -0.0411489 0.0542792 -0.009981274 -0.04083859 0.05104821 -0.00787431 -0.03622049 0.05872434 -0.006895601 -0.0289843 0.04610198 -0.006401538 -0.02608406 0.05358433 -0.001660108 -0.016092 0.0454961 -0.009109437 -0.00910139 0.04702621 -0.01382005 -0.01547276 0.05481463 -0.006900846 -0.007989823 0.05748075 -0.01940077 -0.02267241 0.06286084 -0.007477223 -0.02151793 0.06584143 -0.02486354 -0.01455354 0.06677365 -0.02073401 -0.005690991 0.06312721 -0.01622873 -0.01473629 0.07078516 -0.01130312 -0.005604863 0.06638598 -0.01294553 0.003274798 0.06829833 -0.01548737 0.01104819 0.07310897 -0.02066314 0.00433427 0.06271022 -0.023745 0.01143795 0.06767028 -0.02556443 0.02136963 0.06943595 -0.0327084 0.01332753 0.06303381 -0.03129523 0.02266323 0.06165373 -0.02818727 0.03121542 0.05649399 -0.02112561 0.0304712 0.06343472 -0.02238798 0.03865319 0.05049705 -0.01427429 0.043765 0.04820328 -0.01581621 0.03613102 0.05721545 -0.007149279 0.0360018 0.0625649 -0.009329795 0.04316329 0.05578416 0.002764105 0.03864449 0.05532801 0.01590085 0.03507906 0.05346697 0.005632221 0.03530049 0.06298309 -0.001048564 0.0301966 0.06998479 -0.01241624 0.02909386 0.06827038 -0.002768754 0.02137583 0.07186925 -0.01491236 0.02030205 0.07221168 -0.004447638 0.01264441 0.07412737 0.02023953 -0.01290118 0.02925324 0.028966 -0.01997905 0.03526842 0.03135538 -0.01283681 0.02850478 0.0295788 -0.02378368 0.02984786 0.01853877 -0.02155667 0.02759313 0.02482366 -0.03411847 0.0319615 0.01746869 -0.04385989 0.02962142 0.01445311 -0.03057914 0.02856487 0.004029929 -0.02934032 0.02852988 0.008335947 -0.03930246 0.0298295 -0.002719461 -0.04113775 0.02881842 0.008899748 -0.04217582 0.01967775 -7.35343e-4 -0.04131031 0.02021867 0.009532094 -0.03574651 0.01435291 0.009246468 -0.0264461 0.008835434 0.002649307 -0.03196853 0.01918202 -0.004251897 -0.02607369 0.02141493 0.005281388 -0.02320742 0.01720291 -2.84132e-4 -0.01657986 0.0206499 0.01251322 -0.01631367 0.01487785 0.007665812 -0.01295846 0.02089941 0.0203821 -0.01007968 0.01383423 0.01311641 -0.01690018 0.006593704 0.02135008 -0.009838461 0.005494296 0.02037286 -0.02334821 0.004394888 0.0297383 -0.01958984 0.004067838 0.03951841 -0.01307332 0.0126096 0.03253412 -0.007171213 0.004254162 0.04769217 -0.006184577 0.02166438 0.05316644 -1.36612e-4 0.0237106 0.04565089 -0.005233407 0.008702516 0.02888047 -0.001871109 0.01355344 0.02880054 -0.00829935 0.02069306 0.01772367 -0.01085686 0.01978462 0.009964346 -0.001894414 0.02241265 1.42936e-4 -0.004831433 0.01904815 -0.004017949 -0.009963631 0.01622885 0.005932927 -0.004489064 0.01329845 0.004517257 -0.01350402 0.009394109 0.004170894 -0.01157087 4.32454e-4 -0.004579901 -0.02388972 0.004358887 -0.01513135 -0.02622509 0.007441222 -0.00607419 -0.02258747 0.01371526 -0.005111753 -0.01554638 0.001715421 -0.01440578 -0.01835834 0.003293931 -0.007803559 -0.006886065 -4.97641e-4 -0.01613283 -0.009319305 0.002759039 -0.02195608 -0.002172529 0.00346297 -0.02422684 -0.01123994 0.006343722 -0.02755904 -0.01274883 0.01387411 -0.01754331 -0.01587867 0.01081508 -0.02920132 -0.004050374 0.008130729 -0.03474789 -0.0078516 0.01416808 -0.03070819 0.003519594 0.01270806 -0.03567886 -5.83009e-4 0.01828402 -0.03645926 0.008184194 0.02170866 -0.04150545 -0.006309688 0.02220875 -0.04053521 -0.008702874 0.03050208 -0.03824102 -0.01441466 0.01912808 -0.04245048 0.002822339 0.0254352 -0.04460418 -0.001308798 0.03245633 -0.04310214 0.01110357 0.02811378 -0.04419285 0.006809413 0.03502166 -0.03543347 0.01023131 0.03672027 -0.04422247 -0.003353655 0.04016047 -0.03915536 -0.01039803 0.03867429 -0.03750556 -0.01857978 0.03606259 -0.03820198 -0.01696598 0.0276978 -0.03501772 -0.02639478 0.03361701 -0.03355413 -0.0235241 0.02538388 -0.02886641 -0.03176099 0.0308147 -0.02418524 -0.02256315 0.0275917 -0.0197578 -0.01373118 0.03384435 -0.024374 -0.007995903 0.02601367 -0.0300529 -0.01890009 0.01967215 -0.02017974 -0.006804525 0.01787066 -0.01589173 -0.004031121 0.02804404 -0.01307743 -0.01290148 0.02083945 -0.007014513 -0.0112493 0.02654224 -0.01174598 -0.02213758 0.02513384 -0.009549677 -0.01139938 0.0339899 -1.91567e-4 -0.01743501 0.02707481 -0.004824638 -0.02579092 0.02822244 1.08875e-4 -0.01410073 0.03277117 0.009047269 -0.01951515 0.02772879 0.01060348 -0.01286816 0.03145426 -0.01160287 -0.03821349 0.02672874 -0.008723556 -0.03647816 0.01953846 -0.02102273 -0.03115653 0.02064478 -0.0189864 -0.02014088 0.01869249 -0.01486891 -0.03310215 0.01411843 -0.001159191 0.02877604 0.03448528 -0.00589478 0.038504 0.03740888 -0.009833514 0.04878062 0.04059302 -0.01835751 0.0387696 0.04070329 -0.01828402 0.04678618 0.03697681 -0.01130032 0.04911613 0.03149777 -0.0226159 0.04221546 0.02982026 -0.01483756 0.04361897 0.02570641 -0.006035268 0.0449751 0.02225625 -0.01579183 0.03610217 0.02114421 -0.01011556 0.04019761 0.01579701 -0.001156508 0.04068899 0.01345402 -0.01014822 0.03259152 0.01195269 -0.002061486 0.03307271 0.008328855 0.006489694 0.03115367 0.00499475 -0.003846704 0.02529895 0.003743588 0.005564808 0.02059739 0.004133939 0.01436388 0.01482993 0.005141735 0.003599762 0.01926457 0.01273959 0.01321035 0.02182948 0.01310044 0.02450168 0.02410638 0.01536965 0.007549524 0.0227794 0.02021932 0.01485139 0.03053611 0.02242863 0.0177834 0.03353011 0.0222693 0.01747089 0.02075493 0.02355247 0.02437001 0.0244199 0.02559602 0.02432554 0.02425652 0.02587413 0.03611886 0.02528488 0.02246016 0.03643292 0.02463382 0.02262872 0.03963029 0.01646822 0.0164377 0.02668684 0.01624596 0.01909714 0.01729363 0.02051413 0.02394634 0.01813858 0.01202332 0.01525104 0.03310328 0.01102238 0.01619464 0.01167154 0.01083832 0.02032518 0.005661249 0.006809473 0.01603186 0.007007956 0.02329725 0.02055215 0.01323223 0.02259498 0.0130214 0.01443701 0.03119301 0.02268821 -5.74129e-4 0.01562696 0.01862901 -0.00706017 0.00944817 0.01528483 0.003393232 0.02006042 0.01292592 -0.005060493 0.01840209 0.009551584 0.0056445 0.02109593 0.004850685 0.006457448 0.03083455 0.005650877 0.01443272 0.0155853 0.005554735 -0.003748834 0.02531343 0.004572689 -0.001842021 0.03262442 0.008982241 -0.01282894 0.02608579 0.006121098 -0.02287244 0.02443283 0.006544113 -0.01452809 0.0179066 0.002991139 -0.009849011 0.03204721 0.0125038 -0.01887112 0.03128159 0.0132389 -0.009765505 0.03959792 0.01627624 -0.005944252 0.04419124 0.0225411 -9.87473e-4 0.04004877 0.01396811 -0.01540458 0.03550946 0.02158731 -0.0145415 0.04294323 0.02610337 -0.02427619 0.03620696 0.02368724 -0.03090393 0.03283596 0.02808362 -0.02539336 0.02851122 0.01819473 -0.02212738 0.04156893 0.03004395 -0.02727782 0.03699386 0.03575676 -0.01783806 0.04613173 0.03666472 -0.00950855 0.04832649 0.04002469 -0.01111608 0.04835307 0.03179198 -0.01815468 0.03854721 0.04005986 -0.005900561 0.03860497 0.03683102 -0.01187711 0.02803391 0.03638851 -0.007159352 0.01836693 0.03291761 -0.0231297 0.02847665 0.03986746 -0.001290917 0.02891391 0.03396987 0.003427028 0.01884043 0.03041929 0.008549332 0.0315485 0.03248286 0.003514468 0.04063647 0.03703832 0.0130859 0.02264273 0.02859026 0.01533395 0.01522958 0.03240215 0.01472103 0.01840227 0.03949218 0.00587815 0.009787201 0.03258758 6.40317e-4 0.04941451 0.0417748 0.002933204 0.05445516 0.0399689 0.01289105 0.05374777 0.03735291 -0.003924727 0.05279588 0.03555214 0.005660235 0.04781675 0.03306478 0.01339972 0.0421617 0.03089195 -0.00191456 0.04353445 0.02913653 0.006915092 0.03977173 0.02522635 0.01597142 0.04296559 0.02378636 0.00485903 0.04328066 0.01982468 0.01455742 0.04237437 0.01660197 0.02169764 0.04051619 0.01531678 0.00784111 0.03820091 0.01096707 0.01652467 0.0334295 0.01127558 0.02365785 0.03060793 0.01243102 0.0153985 0.02598726 0.004870653 0.02405929 0.02260434 0.00497955 0.03281062 0.02281838 0.006288647 0.02554816 0.01464432 0.008433878 0.03135192 0.01134079 0.006195068 0.02455335 0.02475041 0.01518559 0.03277695 0.02994328 0.01867562 0.01757037 0.03396022 0.02236539 0.03281217 0.02935349 0.01887369 0.03123229 0.010845 0.006041824 0.0253719 0.01370859 0.008253335 0.03286093 0.02284801 0.005573391 0.02801483 0.03119981 0.01276886 0.02427816 0.02247989 0.00412923 0.01562434 0.02615851 0.004084765 0.02391028 0.0309841 0.01174771 0.01679778 0.0337814 0.01062458 0.0306769 0.03896903 0.01478582 0.03402698 0.0431981 0.02334952 0.03517991 0.03684788 0.0169593 0.02193456 0.04107159 0.01473563 0.02503252 0.04567122 0.02299547 0.01462894 0.04313856 0.01625448 0.004875063 0.0440998 0.01964759 0.007881462 0.03880232 0.01039111 0.01601642 0.04378736 0.02395206 0.007047414 0.04060435 0.02531081 0.02166813 0.04423147 0.02931046 0.03037124 0.04585832 0.02968341 0.01353907 0.04287052 0.03078544 0.005840778 0.04839223 0.03278166 -0.004046916 0.05359208 0.03551709 -0.001725137 0.04427438 0.02899366 0.03876221 0.04091167 0.02803128 0.04283505 0.04071843 0.0262407 0.04251492 0.03969693 0.02596461 0.04938101 0.03967928 0.03056681 0.03518384 0.04232954 0.02350622 0.03477084 0.04152429 0.02333843 0.03473359 0.03659272 0.01755559 0.03361243 0.04238438 0.02322691 0.03842842 0.03992581 0.02781164 0.02483361 0.0448988 0.02307826 0.03029173 0.03860569 0.01544165 0.03015804 0.04503577 0.02948749 0.02162778 0.04342508 0.02916419 0.03474229 0.04610109 0.03572261 0.02618402 0.04566711 0.03644621 0.01958066 0.04985594 0.03766131 0.02776408 0.03091979 0.01344472 0.04919475 0.03866094 0.03048408 0.04001599 0.01713216 0.02365702</float_array>
          <technique_common>
            <accessor source="#TrashGeneric_A_Paper_Crumple_C_001-mesh-positions-array" count="882" stride="3">
              <param name="X" type="float"/>
              <param name="Y" type="float"/>
              <param name="Z" type="float"/>
            </accessor>
          </technique_common>
        </source>
        <source id="TrashGeneric_A_Paper_Crumple_C_001-mesh-normals">
          <float_array id="TrashGeneric_A_Paper_Crumple_C_001-mesh-normals-array" count="2646">0.4478279 -0.05193656 0.8926101 -0.08887559 -0.7339646 0.6733478 0.0601527 -0.516042 0.8544486 0.1068999 -0.4444235 0.8894156 0.1316351 0.552118 -0.8233093 0.08826345 0.7297796 -0.6779612 -0.3864067 0.9069347 -0.1678075 0.0757364 0.7332721 -0.6757041 0.01189506 0.9145705 -0.4042519 0.2445687 0.3829923 0.8907878 -0.02128678 0.06699013 -0.9975266 0.02730685 0.8669573 -0.4976338 0.4441064 0.8134351 0.3756234 -0.3130545 -0.5502278 -0.77411 4.38944e-4 0.4971627 -0.8676573 0.4783152 0.4293959 0.7660509 -0.3796505 0.2857954 -0.8798788 -0.1332129 0.1947531 -0.9717642 0.6416918 -0.7669411 -0.005759596 -0.2861091 0.9090116 0.3030505 -0.2633266 0.9626885 -0.06236982 0.7217587 0.3423653 -0.60154 -0.5714831 -0.3400561 0.7468393 -0.3568309 -0.1670315 0.9191149 0.7486572 -0.5889384 0.3044078 0.1410213 -0.3485999 0.926602 -0.2070565 0.3410237 -0.9169682 0.362416 -0.1752963 0.9153829 0.3228315 -0.2705019 0.9069777 0.9645828 0.1269598 0.2312173 -0.01402539 0.05356681 0.9984658 0.9157291 -0.2117993 0.3414401 0.09864175 0.5053036 -0.8572853 -0.4504103 0.7713569 0.449599 0.5370376 -0.5453004 0.6436133 -0.2679302 0.7576181 -0.5951707 -0.4676774 0.5782363 -0.6685213 0.07904863 -0.4322423 0.8982862 0.05175966 0.6983156 -0.7139163 -0.006957232 0.4125888 -0.9108908 0.7132566 0.524045 -0.465448 -0.5010735 -0.4026579 -0.7660234 -0.3233938 0.03291976 -0.9456917 0.7736746 0.546117 -0.3212228 0.9567912 0.2872729 -0.04499918 0.4962319 0.7698615 -0.4013318 -0.03319454 0.6002479 -0.799125 -0.6354169 0.7709777 -0.04288065 -0.2329135 0.5020692 0.8328734 0.8583048 0.09633284 0.5040168 0.1542029 0.005282282 0.9880251 0.8714505 0.4904208 0.007847189 -0.2944091 0.9081879 -0.2975197 0.1691071 0.3279332 0.9294421 0.004745304 -0.2346229 -0.9720749 0.01684862 0.5315535 0.8468573 -0.02394086 0.4205533 0.906952 0.3132142 -0.2786392 -0.9078862 -0.05264872 0.5216191 0.8515526 -0.1470229 0.5366691 0.8308854 0.1505278 0.8256036 0.5438017 0.05858784 0.7860026 0.6154409 0.7258905 0.04755699 -0.6861643 0.4071656 0.6831573 0.606228 -0.2498443 -0.8262891 -0.5048013 -0.1462597 -0.6177988 -0.7726144 0.4044474 0.2291513 0.885388 0.3858111 0.8420836 0.3768889 0.3654842 -0.232268 0.9013729 0.2085784 0.1341381 0.9687631 -0.3860554 0.3952909 0.8334906 -0.4795411 0.5201615 0.7067337 0.9706814 -0.1367263 -0.1976957 0.6926149 -0.5850182 0.4219459 -0.01830166 -0.1462887 0.9890727 0.3488472 -0.7981932 -0.4911143 0.7065943 0.3789095 0.597622 -0.02053457 0.1122935 0.9934629 -0.1901571 -0.09795826 0.9768545 0.3612003 0.1082136 0.926188 -0.4109814 0.1699429 0.8956639 0.07309973 -0.1710919 0.9825395 0.317636 -0.09875887 0.9430558 0.3413652 -0.8139492 -0.4700601 0.4592047 -0.7754122 -0.4334362 0.7551653 -0.6553083 -0.01721149 0.3653039 -0.83638 -0.4086828 0.2998898 -0.8591812 -0.4145765 0.6495561 -0.7420125 -0.1658144 0.01619112 -0.1605222 0.9868994 0.1440544 0.1016011 0.9843402 -0.3185067 -0.3814059 0.8678036 -0.4049525 0.7104051 0.5756197 -0.2818135 0.7354869 0.6161495 0.1904898 -0.5696839 0.7994836 -0.531727 0.4887527 0.6916555 -0.3966533 0.6242999 0.6729903 -0.5719024 0.5095372 0.6428839 -0.3271411 0.4075022 0.8525965 -0.2053652 0.4183179 0.8847799 -0.0856567 -0.5818735 0.808756 0.3844389 -0.8228706 0.4184386 0.5737102 -0.7548202 0.3179673 0.6849426 -0.7259697 0.06181979 0.5908505 -0.6469616 -0.4820129 0.4175378 -0.6571725 -0.6275243 0.7974112 -0.1928234 0.5717995 0.8982572 -0.3850221 -0.2118778 0.4718565 -0.5768427 -0.6667864 0.5021509 0.2719638 0.8209021 0.9597366 -0.1322901 0.2478006 -0.07994657 0.4425604 0.8931679 0.4074997 -0.06721901 0.9107281 -0.4342508 0.2392918 0.8684272 -0.6500121 0.22944 0.7244596 -0.3797133 0.654742 0.6535524 0.008209109 0.5653043 0.8248416 -0.4628402 0.1048532 0.8802186 -0.3671845 0.6400814 0.6748861 0.2087643 0.746778 0.6314588 0.5685075 -0.3025622 -0.7650198 0.06744551 -0.7114493 -0.6994934 0.6165533 0.654419 0.437719 0.4632708 0.3777499 0.8016766 -0.2127121 -0.5185894 -0.8281418 -0.699056 -0.2418699 -0.6729187 0.7736044 0.330779 -0.5404826 0.9725079 0.2271503 0.05129617 -0.4708185 -0.3800616 -0.7961678 -0.9603269 -0.1228816 -0.2503445 -0.01779383 -0.5548837 -0.8317376 -0.5554288 0.2533946 0.7920165 -0.9509749 0.1488913 -0.2710685 0.9796475 -0.0462495 -0.1953246 -0.08202719 0.6201228 0.7802046 0.3462426 -0.5364691 -0.7696214 -0.4824357 0.5789154 0.657353 0.7290266 0.3970112 -0.5575863 -0.1787291 0.718779 0.6718726 -0.6043959 0.7422769 -0.2893623 0.7597149 -0.5774583 0.2989572 -0.4053158 0.6484272 0.6444078 -0.5723358 0.7660886 -0.2924724 0.399735 -0.3887946 -0.8300908 -0.0422756 0.3479214 0.9365701 0.2168188 -0.4309869 -0.8759223 -0.4036016 0.8312134 -0.3823482 0.3296781 -0.4308922 -0.8400264 -0.5916989 0.6307221 0.5020778 0.069691 0.5869608 -0.8066104 0.5701698 -0.527605 -0.6297137 -0.7041296 0.7081477 -0.05223339 -0.771659 0.1742904 -0.6116907 -0.8751838 0.4684153 0.120998 0.04458421 -0.4287354 -0.9023294 -0.7150452 -0.4345254 -0.5476295 0.3782131 -0.7087458 -0.5955119 0.6528483 -0.2258638 -0.7230316 0.4139304 -0.2429907 -0.8772783 0.08217126 0.4501078 -0.8891855 0.1590979 0.4659121 -0.8704102 -0.03428345 0.6258098 -0.779222 0.8365431 -0.5114135 0.1966014 -0.2823548 0.9069691 0.3125425 0.4541316 -0.8909336 -0.001420497 -0.3871088 0.867955 0.3111285 0.5892837 -0.768322 -0.2498521 -0.07468402 -0.4530007 0.8883764 0.4966928 -0.7941291 -0.3502217 -0.1158925 -0.494816 0.8612352 0.2755206 -0.33677 -0.9003746 0.2166729 -0.4245856 -0.8790791 0.1372038 -0.4894012 -0.8611977 0.1757064 -0.6304896 -0.756049 0.2631404 -0.09257376 -0.9603058 0.2488703 -0.7487582 -0.6143491 0.5566226 -0.6985162 0.4497182 0.3116321 -0.9500663 0.01610702 -0.07789957 0.757603 0.6480505 -0.2528855 0.28462 0.9246839 -0.1866599 -0.7173915 0.6711986 0.4794674 -0.2508298 -0.8409492 0.5030694 0.695505 0.5130245 -0.08955979 -0.4514147 0.8878085 -0.05597001 0.9252738 -0.3751479 0.7690612 -0.5626924 0.3031868 0.1670107 -0.9340773 0.3156058 0.1850352 -0.9812568 -0.05382615 -0.08572989 -0.3689739 -0.9254776 0.2713583 -0.09935081 0.957337 0.1265711 0.9895067 0.06968659 0.4233689 0.06252145 -0.9037975 0.2224456 -0.6846485 -0.6940997 -0.04785728 -0.7709995 0.6350351 0.451827 -0.4029844 -0.7958995 0.2087627 -0.7613205 -0.613848 0.5087979 -0.7374359 -0.4441993 0.5058632 -0.4812429 -0.7158965 0.1810557 -0.9833425 -0.01600861 0.8448799 -0.5080468 -0.1675306 0.08788347 -0.9559912 0.279924 0.7018631 -0.5438798 0.4599815 -0.07648831 0.9939764 -0.07848846 -0.1660463 0.9860851 0.008055627 0.03533095 -0.9822053 0.1844573 0.8382816 -0.3276307 -0.4358236 0.4921448 -0.8277776 -0.2694025 -0.6432372 0.6100375 0.4627096 0.2331933 -0.8317508 -0.5037972 0.8616437 -0.3667884 -0.3507654 -0.8194511 0.201504 0.5365594 0.7522487 -0.2471214 -0.6107807 0.9881603 -0.129839 -0.08173871 -0.6158244 0.32954 0.7156562 0.7411105 -0.3356297 -0.5814705 -0.7450998 0.2540935 0.6166546 -0.4235764 0.5934287 0.6844162 0.5142513 0.768085 0.3815643 -0.7663841 0.4751854 0.4322664 -0.3964154 0.8997724 0.1823857 -0.6137726 0.3460859 0.7095828 -0.6879259 0.244463 0.683371 -0.4098739 0.8411318 0.3528467 -0.3637251 0.2310565 0.9023952 -0.5466035 0.007029473 0.8373622 -0.2329259 -0.3115793 0.9212296 0.3727676 -0.4821405 0.7928334 0.4615997 -0.8835839 0.07877385 0.5763337 -0.8165529 0.03287941 0.3490677 -0.8430402 0.4091883 -0.06652343 0.6163049 0.784693 0.6758841 -0.2439118 0.6954766 0.6430867 -0.6399257 0.4206359 0.3308445 -0.8491387 0.4117105 0.1763842 -0.5872583 0.789947 0.09559088 -0.2625411 0.9601743 -0.2200292 0.3315049 0.9174376 -0.5080152 0.5745372 0.6417379 -0.2422719 0.1474922 0.958932 -0.2170096 0.1242862 0.9682251 -0.9173071 0.3715392 -0.1432003 0.6146715 -0.1629782 0.7717624 -0.3172682 0.1429439 0.937501 -0.7847689 0.6044989 0.1368165 -0.5352962 0.7185389 -0.4440268 -0.6966306 0.6197864 -0.3613456 -0.5498526 0.7779577 0.304046 -0.1022476 0.3946648 0.9131185 -0.4728124 0.540902 0.6956101 -0.7848249 0.4723372 0.4011826 0.5842877 0.2728291 0.7643117 0.4540247 0.5696167 0.6851266 0.9726499 -0.217884 -0.08049201 0.06434649 0.6423416 0.7637127 0.847145 0.5164676 0.1249262 0.3866071 0.3048126 0.8704162 0.1205174 0.08715504 0.988878 0.4810231 0.6123099 0.6274499 0.5093137 0.05392754 0.8588896 0.6704856 0.03621143 0.7410384 0.02622377 -0.1427071 0.9894176 -0.05804193 0.9293723 0.3645523 0.6386493 0.1693156 0.7506393 -0.704711 0.6199463 0.3450348 -0.3617849 0.7170504 0.5957771 0.7120565 0.5091566 0.4834617 0.7555128 -0.2073115 0.6214678 0.7424016 -0.2155485 0.6343333 0.9107655 0.06253248 0.4081618 0.8393217 -0.1168001 0.5309398 0.6847602 -0.07413071 0.7249885 0.7856432 -0.09362471 0.6115548 0.9820782 0.1527454 0.1104146 0.8952202 0.423809 0.1377198 0.9203825 0.3907789 -0.01370888 0.9663654 0.2566428 0.01650977 0.9183033 0.3945312 0.03262424 0.9429116 0.3248147 0.07357382 0.8532485 -0.4918336 -0.173398 0.9698523 -0.2275594 0.08719784 0.7944828 -0.6011517 -0.08610379 0.04788154 -0.9896667 0.135157 0.09139013 -0.6054316 -0.790633 0.6469453 -0.1643339 -0.7446181 0.9541718 -0.2759739 -0.1157361 0.5494095 -0.5168052 0.6565529 0.7057314 0.07855439 -0.7041111 0.6637298 -0.0608372 -0.7454943 0.8412503 -0.3257173 -0.4315165 0.1133429 -0.2605026 0.9587972 0.01409631 -0.9190167 0.3939666 0.6219932 -0.592487 0.5119411 0.3824089 -0.248852 0.8898518 0.2127403 -0.1812245 0.9601559 0.300296 -0.7830834 0.5446126 0.7111853 -0.6963309 -0.09663748 0.7481302 -0.4303101 -0.5051084 0.4242184 -0.2644792 -0.8660771 0.6597047 0.1001359 -0.7448239 0.3440684 -0.6984542 -0.627518 0.5511435 -0.7615242 0.3410598 0.2134973 -0.1124961 0.9704451 0.3472794 -0.6997485 -0.6242989 0.3357173 -0.6735084 0.6585441 0.1784576 -0.6858175 -0.7055547 0.08504563 -0.09587991 0.9917532 0.0455228 -0.7706701 -0.6356062 -0.211212 -0.5673726 -0.7959132 0.2021287 -0.5822285 -0.7874986 -0.01109743 -0.4940989 -0.869335 -0.1220788 -0.8930386 -0.433104 -0.2164971 -0.75263 -0.6218337 0.02240067 -0.6821622 -0.7308577 -0.1578961 0.01407939 -0.9873554 -0.1736304 -0.3193473 -0.9315953 0.4010291 0.2174799 -0.8898754 -0.2087726 -0.7657984 -0.608249 0.06552964 -0.4916 -0.8683521 -0.3616796 -0.8535504 -0.3750195 0.9586977 -0.1542646 0.2389587 -0.1501839 -0.4002327 -0.9040235 -0.129719 -0.02861076 -0.9911379 0.4610904 -0.1966897 -0.8652797 -0.05849039 -0.2546798 -0.965255 0.8755857 -0.3010662 -0.3777682 -0.01919299 0.1204783 -0.9925304 0.04118007 -0.0252946 -0.9988315 -0.1958227 -0.242959 -0.9500655 0.2456305 0.04629522 -0.9682575 -0.3047723 -0.4502406 -0.8392839 0.05450063 0.1095719 -0.9924836 0.4166421 -0.1822789 -0.8906087 0.06037425 0.7104644 -0.7011387 -0.4887371 0.7836964 0.3833485 -0.3246725 0.8384795 0.437653 0.2771797 0.2892932 -0.9162319 0.5357478 -0.1417438 -0.832396 -0.3213304 0.8873001 0.3308255 0.3978144 0.07282459 -0.9145711 -0.5990841 0.6927685 0.4014599 -0.1850774 0.9266944 0.3270841 -0.1950653 0.582022 -0.7894303 -0.6563751 0.7236548 0.2132967 -0.03363668 0.2156866 -0.9758831 0.5266039 -0.467104 -0.7102833 0.3109182 -0.6501701 -0.6932595 -0.08157092 -0.3093622 -0.9474393 0.3871593 -0.6212271 -0.681311 0.6133668 -0.6319537 -0.4737255 0.06806147 0.5555061 -0.8287223 -0.3921234 0.484506 0.7819803 0.3222761 0.8276023 0.4595789 0.8253243 -0.4046742 -0.3938001 0.4459352 -0.2356418 -0.8634899 -0.3642377 0.7826672 -0.5047404 0.6593028 0.341465 -0.6698668 0.3326838 0.07923763 -0.9397037 0.8882852 -0.1689691 -0.4270818 -0.2481258 0.8666186 -0.4329042 0.862923 0.3511575 -0.3633901 -0.4108234 0.06371557 -0.9094859 -0.3278912 0.7433511 -0.5830237 -0.04543632 0.9949835 -0.0891264 0.456896 0.6497014 0.6075641 -0.004680931 0.6037279 0.7971768 -0.3878407 0.5649291 0.7283096 -0.1774327 0.9000117 0.3981163 -0.2334055 0.3651763 0.9012038 -0.1090795 0.1094397 0.9879903 0.01930683 0.3682387 0.9295309 -0.1690732 0.4988304 0.8500486 -0.1168351 0.5059386 0.8546203 -0.05428302 0.6491128 0.758753 0.9355554 -0.323408 -0.1419274 0.3560223 0.5547001 -0.7520346 0.0309723 0.8088839 -0.5871521 0.2115911 -0.2616207 -0.9416921 0.1411094 -0.1846007 -0.9726309 0.01933687 0.9947815 -0.1001789 0.09380573 0.02878731 -0.9951743 -0.02689087 0.3524442 -0.9354465 0.1917637 -0.08999437 -0.9773064 0.0999965 -0.1265903 -0.9869021 0.0745753 0.9766339 0.2015565 0.02821666 0.2222301 -0.974586 0.0226168 -0.08582317 -0.9960536 0.09195595 0.5033968 -0.8591483 0.1529292 0.5504083 -0.8207701 0.03982955 0.7703344 -0.6363952 0.1632083 0.7032096 0.6919966 -0.1844504 0.7842672 0.5923706 6.14218e-4 0.8907131 0.4545657 -0.2565732 0.6811919 0.6856734 -0.06448537 0.9901971 -0.1239009 -0.4671179 0.4177649 0.7792776 -0.4485927 -0.08965748 0.8892279 -0.4726243 0.6920315 0.5456361 0.0687114 0.9970437 -0.03438782 -0.7889605 0.5833966 0.1928467 -0.1880006 0.9821621 -0.003678381 0.153167 0.5560106 0.8169409 0.3937889 0.2121024 0.8943954 0.3333705 0.07228189 0.940021 0.06343871 0.5210382 0.8511726 0.5037651 0.4933692 -0.7090893 0.9905241 0.011406 -0.1368653 0.1901676 -0.1468476 -0.9707071 0.5070875 -0.154646 -0.8479073 0.7325797 0.1848024 -0.6551145 0.5872424 0.6439101 -0.4904347 0.06119674 0.9760813 0.2086153 0.2851847 0.3348952 -0.8980617 0.3199258 0.7787504 0.5396253 0.1543987 0.3783516 0.9126945 -0.3895239 0.1478586 0.9090705 0.04416221 0.8744158 -0.4831633 -0.6014929 0.2418847 0.7613791 0.3147826 0.6317106 0.7084163 0.2721924 0.4591253 0.8456448 0.8611198 0.4589793 0.2186568 -0.108834 0.2139525 0.9707623 0.01740592 0.9998199 -0.00755459 0.2247657 0.9074755 -0.3549206 0.7282937 0.6592903 -0.1868814 0.9556417 0.2932271 -0.02769434 0.9013893 0.4038342 0.156255 0.8217989 0.5150902 -0.2435754 0.8650114 0.3831906 -0.3239141 0.09362387 0.9914582 -0.0908032 0.4267852 0.7659659 -0.4807813 0.5498023 0.1692491 -0.8179684 0.9607141 0.2723997 -0.05316942 0.3414325 -0.15764 -0.9265924 0.344487 0.1363207 -0.9288409 0.3618705 0.3052159 -0.8808479 0.3587318 0.05411756 -0.9318706 0.2864776 -0.2486603 -0.925256 0.4773511 0.2860135 -0.8308624 0.422079 0.3741692 -0.8257402 0.2965419 0.2561018 -0.9200407 0.176552 -0.2714207 -0.9461291 0.02304035 0.9703614 -0.2405576 -0.5627002 0.822965 -0.0780853 -0.6778808 0.6582112 0.3274685 -0.5801535 0.6100379 -0.5396997 0.0623418 0.2612351 -0.96326 -0.4311506 0.6406954 -0.6353099 0.8377461 0.3255403 -0.438412 0.1810297 0.4798046 0.8584963 -0.1596164 0.1008278 0.9820166 0.05325108 0.2517234 0.9663331 -0.1368497 0.1006715 0.9854631 -0.199332 0.01373255 0.9798359 -0.1105884 0.07145863 0.9912941 0.7014042 -0.6452008 0.3028995 0.2946478 0.05753231 0.9538726 0.1023054 -0.210363 0.9722557 -0.01593035 -0.4075129 0.9130605 0.1381215 -0.1625003 0.9769935 0.4710263 -0.5793759 0.6651751 0.2403009 -0.6706495 0.7017725 0.2037986 -0.757958 0.6196499 0.07333624 -0.7120699 -0.6982681 0.03990817 -0.7296214 -0.6826859 0.2009532 -0.764814 -0.6121089 -0.1273302 -0.5628095 -0.8167206 -0.1224986 0.07951605 -0.9892782 0.01760655 0.1257345 -0.9919077 0.01148766 0.1718946 -0.9850484 0.6691632 -0.1919119 -0.7179071 0.08611339 0.1988511 -0.9762391 0.771451 -0.1197716 0.6249145 0.9465909 -0.2726984 0.17205 0.6349641 -0.7513472 0.1797173 0.7076114 -0.1303261 0.6944792 0.6290045 -0.4850009 0.6075587 0.8385466 0.0727207 0.539955 0.823533 -0.3317549 0.4601435 0.5016666 -0.6772828 0.5381624 0.5040569 -0.09737414 0.8581638 0.404366 -0.543905 0.7352929 0.7241691 -0.05082309 0.6877471 0.2976483 -0.1387393 0.9445407 -0.6282416 -0.2329981 0.7423102 -0.3188828 -0.08502149 0.9439731 -0.1943193 -0.6803449 0.7066618 -0.7119992 -0.1553987 0.6847689 -0.1549324 -0.6175507 0.7711207 -0.01623231 -0.9252093 0.37911 -0.1313472 -0.2303311 0.9642072 -0.7094016 0.4366412 0.5532576 -0.003086209 -0.7796921 0.6261556 0.004851639 -0.735477 0.6775324 -0.3930539 0.9179476 -0.05367553 -0.5125025 0.1590267 0.8438316 0.132146 -0.6977997 0.7039979 -0.456288 0.8313893 0.3171645 -0.5759861 0.6525032 0.4924222 -0.3447704 0.05555957 0.9370415 -0.2136322 0.007674634 0.976884 -0.1997044 -0.1864979 0.9619442 -0.6418422 0.5947163 0.4840983 0.6081908 -0.6883854 0.3952588 0.538697 -0.7935698 0.2829358 -0.5339287 0.3515803 0.7689677 0.2816314 -0.8178472 0.5018064 0.5824601 -0.1138183 -0.8048514 -0.1632908 0.8913142 -0.4229601 -0.06974041 0.5827893 0.8096253 -0.3214884 0.8271672 -0.4609119 0.5320322 0.0517255 -0.8451428 -0.5464968 0.7758178 -0.3153538 0.2131683 -0.0921849 -0.9726568 0.6247973 -0.2685815 0.7331387 0.3892695 0.8038312 -0.4498052 0.5883356 -0.6610736 -0.465664 -0.3552637 0.8668184 -0.3498766 0.2513577 -0.1694056 -0.9529539 0.4611392 -0.8369463 -0.29474 0.4373787 0.01230758 -0.8991932 0.5436702 -0.1227985 -0.830267 -0.08167254 0.5839344 -0.8076821 -0.1114029 0.6871242 -0.7179483 0.8058339 0.5249105 -0.2740451 0.0092175 0.7543439 -0.6564147 0.7091177 -0.3793336 -0.5943552 0.4002578 -0.9139019 0.06765341 0.7831887 -0.4479213 -0.4312563 0.5469457 -0.712763 0.439112 0.1620056 0.6119506 -0.7741259 -0.1997207 0.4825826 -0.8527753 -0.01958876 0.7568544 -0.65329 0.01833784 0.9037948 -0.427573 0.655615 0.1714124 -0.7353821 0.4736282 -0.2284808 -0.8505721 0.1936069 0.6584473 -0.7272988 0.6078355 0.2310406 -0.759708 0.06273299 0.2523484 -0.9656008 -0.1147269 -0.08738654 -0.9895461 -0.02229154 0.1389235 -0.9900523 -0.2134586 0.1054486 -0.9712446 0.4449571 -0.5477524 -0.7085058 0.3145578 0.105876 -0.9433153 -0.4935645 0.1020066 -0.8637065 -0.3957364 0.5081914 -0.7649407 0.01356971 0.4693973 -0.8828829 -0.8153039 0.3246167 -0.4794827 -0.8351101 -0.06918644 -0.5457145 -0.7161439 0.05137485 -0.6960594 -0.7554136 0.2060753 -0.6219995 -0.7861132 0.09363234 -0.6109494 -0.7113667 0.1337904 -0.6899694 -0.5053943 0.6746013 -0.5380425 -0.6176114 0.4952642 -0.6109579 -0.6440702 0.7453603 -0.1720806 -0.4496826 0.6221582 -0.6408625 -0.4407191 0.6392699 -0.6301593 -0.9365301 0.3463686 -0.05422228 -0.6737815 0.2376239 0.6996809 -0.7796514 0.1266531 -0.6132723 -0.6930305 0.2975634 0.6566314 -0.968107 0.2420032 -0.06483393 -0.06115233 -0.1625053 0.9848109 -0.5039327 0.6625496 0.554148 -0.09944957 -0.1823313 0.9781949 -0.005930364 -0.2003867 0.979699 0.1879945 -0.2675097 0.945038 0.1288828 -0.09455174 0.987142 -0.1043333 0.2163602 0.9707229 -0.07945489 0.7081851 0.7015418 -0.02831411 0.7204287 0.6929508 0.1267883 0.5424112 0.8304908 -0.357841 0.785378 -0.5051051 -0.01939517 0.911359 -0.4111552 -0.3378584 0.6858498 -0.6445633 0.1930546 0.01272463 0.9811056 -0.1999932 0.7579385 0.6209123 -0.4828824 0.6070756 -0.6310974 -0.09718078 0.2041027 -0.974114 -0.132744 0.1529127 -0.9792838 -0.08565431 0.1184934 -0.9892536 -0.2209949 0.122369 -0.9675676 -0.2083166 0.1773136 -0.9618545 -0.3930984 0.2429848 -0.8868101 -0.1333801 0.2731396 -0.9526828 -0.6837348 0.5362427 -0.4949247 0.1087514 0.9666101 -0.2320303 -0.5327554 0.6394098 -0.5543707 -0.8559682 0.3347505 0.3940312 -0.875793 0.4710532 -0.1053351 -0.9593095 0.1707338 0.2248893 -0.6785579 0.07050591 0.7311553 -0.9466683 -0.3151195 -0.06722348 -0.9652924 -0.2450581 0.09031629 -0.7132571 -0.04935896 0.6991624 -0.3715572 -0.1220235 0.9203563 -0.3528192 0.1561856 0.9225643 -0.6546729 -0.09671872 0.7496992 -0.8647361 -0.3825249 0.3254323 -0.5581268 -0.1511797 0.8158672 -0.9008967 -0.4073762 -0.1497659 -0.8061614 -0.5220921 0.2784309 -0.3036181 -0.7748739 0.5544246 -0.9523984 -0.303551 0.02818071 -0.03753274 -0.9593185 0.2798205 0.5749059 -0.8161552 0.05808657 -0.7168924 -0.67539 0.1729562 0.4259779 -0.6684583 0.6096774 0.5921024 -0.6230549 0.5110944 -0.06117939 -0.9980647 0.01113444 -0.0652908 -0.2920617 0.9541683 -0.3620579 -0.06422823 0.9299403 -0.92813 0.06665641 0.3662401 -0.8323435 -0.3743963 0.4086954 -0.1057759 -0.6562781 -0.7470679 -0.4172638 -0.8958016 -0.1530709 0.1106876 -0.2773287 -0.9543778 0.06904613 -0.5723603 -0.8170902 0.2252673 0.006450474 -0.9742757 0.09468209 -0.1122679 -0.9891569 -0.4499558 -0.6713795 -0.5888884 -0.04664355 -0.2360895 -0.9706113 0.1157984 -0.07048368 -0.9907689 -0.001696586 -0.5830744 -0.8124171 0.04927217 -0.05031055 -0.9975175 0.2299472 -0.6756514 -0.7004423 0.01469254 -0.3419085 -0.9396185 0.3277308 -0.7793871 0.5339929 -0.01033407 -0.9882243 0.1526634 0.3251918 -0.773366 0.5442016 -0.7435243 -0.5684409 0.3522025 -0.6447069 -0.3707168 0.6685224 -0.8284732 0.398312 0.3936747 -0.4653306 0.2663417 0.8441148 0.410136 -0.7516322 0.5165631 0.5812764 -0.708882 -0.399505 0.6747936 -0.6573695 -0.3354386 0.422353 -0.8972878 -0.1284236 -0.00412929 -0.964744 0.2631577 -0.352831 -0.07712292 0.9325032 -0.3625093 -0.1450511 0.9206234 -0.2959824 0.2421973 0.9239777 -0.5387874 0.1366855 0.8312794 -0.3425984 -0.1618747 0.9254313 -0.514612 -0.336367 0.78869 -0.3932325 -0.1822814 0.901189 -0.4007967 -0.2927998 0.8681188 -0.4123601 -0.3524399 0.8400865 -0.2087715 0.2838577 0.9358628 -0.4303317 0.2672153 0.8622128 -0.7397999 0.4675254 0.4838557 -0.7528657 0.6469795 0.1208759 -0.3483225 0.7080316 0.6142986 -0.7115219 0.632991 -0.305056 -0.3446737 0.7456122 0.5703179 -0.4940727 0.5972555 -0.6318055 -0.1986049 0.7060186 0.6797749 -0.2218376 0.5917142 0.7750242 -0.09183204 0.7967991 0.5972254 0.2134352 0.5811615 0.7853004 0.1186964 0.8936091 0.4328672 0.2141979 0.7578125 0.6163113 -0.009388148 0.5172739 0.8557686 0.1153587 0.4551548 0.882908 0.06951087 0.2468928 0.9665466 0.02640837 -0.9897243 0.1405289 0.1297572 -0.9810712 -0.1437442 0.1701894 -0.8380822 0.5183182 -0.1416969 0.2022927 0.96902 -0.06979352 -0.01300662 0.9974768 -0.1989974 0.0885601 0.9759904 -0.08893877 0.1231904 0.9883897 -0.06753873 -0.224787 0.9720644 -0.02891331 0.08893191 0.995618 -0.07572209 -0.4901764 0.8683279 -0.1068931 -0.7497907 -0.6529838 0.04565191 -0.7881388 0.6138023 -0.04653608 -0.8944364 -0.4447672 -0.4236965 -0.09596687 -0.9007062 -0.07923656 -0.6124355 -0.7865396 -0.5388877 -0.2479047 -0.8050736 0.01232039 -0.6611599 -0.7501438 0.3089241 -0.1435896 -0.9401851 -0.5778508 0.3149023 -0.7529442 -0.1126155 0.2597712 -0.9590811 0.2496072 -0.1302195 -0.9595516 -0.64342 0.6345967 -0.4281329 -0.3626617 0.604777 -0.7090284 -0.541979 0.8396856 -0.03445237 -0.7304538 0.3171792 -0.6048428 -0.2926294 0.5791544 -0.7608864 -0.01010501 -0.4111437 -0.9115145 0.09000718 -0.331389 -0.9391912 0.1216968 0.343873 -0.9310969 0.6659088 -0.3003609 -0.6828974 0.8009788 -0.4199099 -0.426742 -0.4898966 0.8634256 -0.1204062 0.2296363 -0.3717141 -0.8994975 0.5259601 -0.5936749 -0.6090288 0.9151193 -0.3625289 0.1764357 0.7066435 -0.6258081 0.3301808 0.4694364 -0.5373971 -0.7005954 0.1085298 -0.3177278 -0.9419503 0.5528465 -0.7685483 -0.322016 0.7545388 -0.6474933 -0.1068824 -0.4655665 -0.5497342 -0.6935707 -0.03622788 -0.7464047 -0.6645056 -0.5714879 -0.2037061 -0.7949248 -0.3628191 -0.31084 -0.8784878 -0.5069786 -0.05722451 -0.860057 -0.4865799 -0.6170866 -0.6184207 -0.667943 -0.05237883 -0.7423669 -0.8757833 -0.4820886 -0.0243771 -0.06634604 -0.9543172 -0.2913364 -0.04962855 -0.8710227 0.4887297 -0.6306133 -0.1855362 -0.7535936 -0.7443748 0.2091666 -0.6341572 -0.6831493 0.06592428 -0.727297 -0.8614292 0.1045178 -0.4970067 -0.9021489 -0.07462209 -0.4249224 -0.7046873 -0.4972746 -0.5060966 -0.8952268 -0.4170009 -0.157096 -0.9233852 -0.3837914 0.00800389 -0.9821016 -0.1504374 -0.1133357 -0.8153181 0.5651586 0.1259062 -0.1371876 0.5996488 0.7884168 -0.9184266 -0.3942208 -0.03290164 -0.9650456 -0.2613837 -0.01912355 -0.8481326 -0.4743621 -0.235906 -0.394203 -0.5361799 -0.7464015 0.5770728 -0.1867201 -0.7950614 0.7594437 -0.5795905 -0.2954999 0.4407327 -0.09044837 -0.8930699 0.1695418 -0.7857473 -0.5948587 -0.09753602 -0.9866511 -0.1304082 -0.7265908 -0.1767984 0.6639339 -0.5756781 -0.6137262 0.5403102 -0.1370912 -0.3429833 -0.9292839 -0.4998526 0.1436582 0.8541135 -0.2818222 -0.3002647 0.9112724 -0.1326339 -0.8177732 -0.5600495 0.132158 -0.07638019 -0.9882816 -0.5132818 -0.4990585 0.6981995 -0.1820068 0.1060895 0.9775575 -0.8691657 -0.3185341 0.3782684 -0.9587701 -0.004354894 0.2841498 0.2036216 -0.2345939 0.9505283 0.1168254 -0.2645452 0.957271 -0.08159047 0.4083183 0.909186 -0.5633171 0.8114144 -0.1558223 -0.2252821 0.8619775 -0.4541399 -0.6280416 0.7194358 0.2966075 -0.403682 0.74815 -0.5266047 -0.4510511 0.6100849 -0.651421 -0.03155034 0.9418429 -0.3345695 -0.2698242 0.6609899 -0.7002052 -0.3209825 0.8273391 -0.4609558 -0.1423156 0.7313739 -0.6669623 -0.2332857 0.0130257 -0.972321 -0.01815468 0.4099793 -0.9119142 -0.2760384 0.5646831 -0.7777763 0.06825774 0.6396919 -0.7655947 -0.1038682 -0.5735871 -0.8125327 0.1216906 0.2872168 -0.9501042 0.0350697 -0.8247888 0.5643524 0.393475 -0.9067125 -0.1518223 0.6592502 -0.550382 -0.5123171 0.6411889 -0.766157 -0.04336351 -0.1956229 -0.9773293 0.08098888 -0.2681807 -0.8765999 -0.3995645 0.04285621 0.4018827 -0.9146877 0.01163035 -0.6153298 0.788184 0.6052402 -0.783322 0.1417425 -0.1629535 0.5171048 -0.8402671 -0.002843439 -0.2386691 0.9710968 0.09527999 0.4761568 0.8741833 0.5478555 0.7292143 0.410001 0.100546 -0.570022 0.8154542 0.9670263 0.06272602 0.2468311 -0.04341959 -0.3920278 0.9189282 0.04014462 -0.4811239 0.875733 -0.5500753 0.6103696 0.5699704 -0.6290051 0.771559 0.09512847 -0.4565098 0.2151765 0.8633064 -0.3374084 0.9396656 0.0564295 -0.05362975 0.821829 -0.5672045 -0.0251556 0.6198844 -0.7842899 -0.4175353 0.5434359 0.7282457 0.09951889 0.6309604 0.7694058 0.2884688 0.9101466 0.2973533 0.1955028 0.001184165 0.9807025 -0.009743452 -0.3924336 0.9197288 0.2731497 -0.5509902 0.7885423 -0.1520932 -0.3016571 0.9412071 0.2857696 -0.6687499 0.6863741 0.008334875 -0.4833474 0.875389 0.3581655 -0.8127943 0.4594376 0.1435649 -0.7301554 0.6680287 0.4508623 -0.607809 0.6536754 0.4519922 -0.6207324 0.6406204 0.4087251 -0.745218 0.5268718 0.05252128 -0.9454942 0.3213756 -0.04306197 -0.9882122 0.1469091 0.4572925 -0.6611306 0.5948025 0.5980929 -0.7808976 0.1802332 0.6495096 -0.5540471 -0.520739 0.6534603 -0.6865933 -0.3187152 0.2156302 -0.8550042 0.4716689 0.2038583 -0.03185653 -0.9784821 0.2121391 -0.2754915 -0.9376041 -0.1257857 0.2625256 -0.9566914 0.1439885 -0.9202128 0.3639723 -0.2347105 0.2359533 -0.9429937 -0.2082954 0.2337624 -0.9497202 -0.1581355 0.006370842 -0.987397 -0.1383082 0.3553551 -0.9244424 -0.3174352 0.2670069 -0.9099134 0.02229392 -0.06172198 -0.9978445 0.8840585 0.4659023 -0.03709262 0.4874631 -0.7474647 -0.4513052 0.9079435 -0.2084315 0.3635864 0.3696771 0.1751911 -0.9124949 0.2885787 -0.9516531 0.1052567 -0.0927875 -0.6237045 0.7761336 0.0271244 -0.2997788 0.9536231 -0.1886748 -0.8554236 0.4823406 -0.05560618 -0.7622917 0.6448406 -0.1031005 -0.4191327 0.9020522 -0.07850718 -0.9965806 -0.02576494 0.1174027 -0.9930768 -0.003907203 0.1282389 -0.9709403 0.2020639 -0.1012941 -0.6526634 0.7508463 -0.09788441 -0.8739903 0.4759827 -0.09761118 -0.687274 0.7198101 -0.04917162 -0.9530979 0.2986412 -0.2723148 -0.5093945 0.8163099 -0.224537 -0.4998372 0.8365083 -0.2893785 -0.5321219 0.7956799 -0.1313248 -0.1930945 0.972352 -0.04781305 -0.5612506 0.8262638 0.3015372 0.9514607 0.06162804 0.3717783 -0.600764 0.7077171 0.3169954 0.8352164 0.4493635 -0.6090205 0.7628332 0.2172085 -0.4317715 0.8230826 0.3689289 0.4182745 0.3791162 0.8254195 -0.1283751 -0.9305906 0.3428133 0.5998833 0.7702514 -0.2164553 0.1895926 0.1704401 -0.9669564 0.7481777 0.5763962 -0.3286299 0.2310174 0.4918898 -0.8394494 0.2681589 0.5107424 -0.8168433 0.3997191 0.5318123 -0.7465925 0.1093783 0.6818337 -0.7232837 -0.03342926 0.9439128 -0.3284984 0.4186623 0.8041785 -0.4219228 0.890638 0.4089136 -0.1988814 -0.1144706 0.9933267 -0.01409775 0.1036084 0.8885082 -0.4470108 0.08604246 0.9849003 -0.1502272 0.07551586 0.9966092 0.0326724 -0.1303169 0.9794634 -0.1538476 -0.1116224 0.7839689 -0.6106826 0.1032876 0.9798159 -0.1711502 0.09025424 0.6265391 -0.7741467 0.2154799 0.8892191 -0.4035567 -0.03719502 0.9699338 -0.2405102 0.04650706 0.9386522 -0.3417152 0.6450421 0.5594922 -0.5204702 0.3713978 0.7802184 -0.5033122 -0.1641781 -0.9541321 0.2503551 0.7844982 -0.2018516 -0.5863603 0.6889239 -0.4032745 -0.6022903 0.1853789 -0.8218426 0.5387111 -0.4139841 -0.8079864 0.4192554 0.1423758 -0.9883404 -0.0539661 -0.1839775 -0.9069506 0.3789367 -0.147856 -0.9658711 0.2126777 -0.2053909 -0.8049393 0.5566754 0.1746842 -0.7466086 0.6419199 0.4926866 -0.6753185 -0.5488215 0.1154844 0.9841007 -0.1349412</float_array>
          <technique_common>
            <accessor source="#TrashGeneric_A_Paper_Crumple_C_001-mesh-normals-array" count="882" stride="3">
              <param name="X" type="float"/>
              <param name="Y" type="float"/>
              <param name="Z" type="float"/>
            </accessor>
          </technique_common>
        </source>
        <source id="TrashGeneric_A_Paper_Crumple_C_001-mesh-map-0">
          <float_array id="TrashGeneric_A_Paper_Crumple_C_001-mesh-map-0-array" count="10560">1.034626 0.008346974 1.022724 0.02024698 1.022724 0.008346974 1.022724 0.02024698 1.010824 0.008346974 1.022724 0.008346974 1.022724 0.008346974 1.010824 0.008346974 1.022724 0.008346974 1.034626 0.008346974 1.022724 0.008346974 1.022724 0.008346974 1.010824 0.008346974 1.022724 0.02024698 1.022724 0.008346974 1.034626 0.008346974 1.022724 0.02024698 1.034626 0.02024698 1.046525 0.008346974 1.034626 0.008346974 1.046525 0.008346974 1.034626 0.008346974 1.046525 0.02024698 1.046525 0.008346974 1.058427 0.008346974 1.046525 0.008346974 1.058427 0.008346974 1.046525 0.008346974 1.058427 0.02024698 1.058427 0.008346974 1.070327 0.008346974 1.058427 0.008346974 1.070327 0.008346974 1.070327 0.008346974 1.058427 0.02024698 1.070327 0.02024698 1.082228 0.008346974 1.070327 0.008346974 1.082228 0.008346974 1.082228 0.008346974 1.070327 0.02024698 1.082228 0.02024698 1.094128 0.008346974 1.082228 0.008346974 1.094128 0.008346974 1.094128 0.008346974 1.082228 0.02024698 1.094128 0.02024698 1.106028 0.008346974 1.094128 0.008346974 1.094128 0.008346974 1.106028 0.008346974 1.094128 0.02024698 1.106028 0.02024698 1.11793 0.008346974 1.106028 0.008346974 1.11793 0.008346974 1.106028 0.008346974 1.11793 0.02024698 1.11793 0.008346974 1.129829 0.008346974 1.11793 0.008346974 1.11793 0.008346974 1.11793 0.008346974 1.129829 0.02024698 1.129829 0.008346974 1.14173 0.008346974 1.129829 0.008346974 1.129829 0.008346974 1.129829 0.008346974 1.14173 0.02024698 1.14173 0.008346974 1.15363 0.008346974 1.14173 0.008346974 1.15363 0.008346974 1.15363 0.008346974 1.14173 0.02024698 1.15363 0.02024698 1.165532 0.008346974 1.15363 0.008346974 1.165532 0.008346974 1.15363 0.008346974 1.165532 0.02024698 1.165532 0.008346974 1.177432 0.008346974 1.165532 0.008346974 1.177432 0.008346974 1.177432 0.008346974 1.165532 0.02024698 1.177432 0.02024698 1.189332 0.008346974 1.177432 0.008346974 1.189332 0.008346974 1.189332 0.008346974 1.177432 0.02024698 1.189332 0.02024698 1.201232 0.008346974 1.189332 0.008346974 1.201232 0.008346974 1.189332 0.008346974 1.201232 0.02024698 1.201232 0.008346974 1.213133 0.008346974 1.201232 0.008346974 1.201232 0.008346974 1.201232 0.008346974 1.213133 0.02024698 1.213133 0.008346974 1.225034 0.008346974 1.213133 0.008346974 1.213133 0.008346974 1.213133 0.008346974 1.225034 0.02024698 1.225034 0.008346974 1.236934 0.008346974 1.225034 0.008346974 1.236934 0.008346974 1.236934 0.008346974 1.225034 0.02024698 1.236934 0.02024698 1.248836 0.008346974 1.236934 0.008346974 1.248836 0.008346974 1.248836 0.008346974 1.236934 0.02024698 1.248836 0.02024698 1.248836 0.02024698 1.248836 0.008346974 1.248836 0.008346974 1.248836 0.02024698 1.236934 0.032148 1.248836 0.032148 1.248836 0.032148 1.248836 0.02024698 1.248836 0.02024698 1.236934 0.032148 1.248836 0.04404795 1.248836 0.032148 1.248836 0.04404795 1.248836 0.032148 1.248836 0.04404795 1.248836 0.05594897 1.248836 0.04404795 1.248836 0.05594897 1.236934 0.04404795 1.248836 0.05594897 1.248836 0.04404795 1.248836 0.06784999 1.248836 0.05594897 1.248836 0.05594897 1.248836 0.05594897 1.236934 0.06784999 1.248836 0.06784999 1.248836 0.06784999 1.236934 0.07975 1.248836 0.07975 1.248836 0.07975 1.248836 0.06784999 1.248836 0.07975 1.248836 0.09165 1.248836 0.07975 1.248836 0.07975 1.248836 0.07975 1.236934 0.09165 1.248836 0.09165 1.248836 0.103551 1.248836 0.09165 1.248836 0.09165 1.236934 0.09165 1.248836 0.103551 1.248836 0.09165 1.225034 0.07975 1.236934 0.09165 1.236934 0.07975 1.225034 0.09165 1.236934 0.103551 1.236934 0.09165 1.225034 0.103551 1.236934 0.115452 1.236934 0.103551 1.236934 0.103551 1.248836 0.115452 1.248836 0.103551 1.236934 0.115452 1.225034 0.1273519 1.236934 0.1273519 1.248836 0.115452 1.236934 0.1273519 1.248836 0.1273519 1.236934 0.1273519 1.225034 0.139253 1.236934 0.139253 1.248836 0.1273519 1.236934 0.139253 1.248836 0.139253 1.236934 0.139253 1.225034 0.151153 1.236934 0.151153 1.236934 0.139253 1.248836 0.151153 1.248836 0.139253 1.236934 0.151153 1.248836 0.163054 1.248836 0.151153 1.225034 0.151153 1.236934 0.163054 1.236934 0.151153 1.225034 0.139253 1.213133 0.151153 1.225034 0.151153 1.225034 0.151153 1.213133 0.163054 1.225034 0.163054 1.225034 0.163054 1.213133 0.1749539 1.225034 0.1749539 1.225034 0.163054 1.236934 0.1749539 1.236934 0.163054 1.225034 0.1749539 1.213133 0.186855 1.225034 0.186855 1.236934 0.1749539 1.225034 0.186855 1.236934 0.186855 1.225034 0.186855 1.213133 0.198755 1.225034 0.198755 1.236934 0.186855 1.225034 0.198755 1.236934 0.198755 1.225034 0.198755 1.213133 0.210656 1.225034 0.210656 1.236934 0.198755 1.225034 0.210656 1.236934 0.210656 1.236934 0.210656 1.225034 0.222557 1.236934 0.222557 1.225034 0.210656 1.213133 0.222557 1.225034 0.222557 1.213133 0.198755 1.201232 0.210656 1.213133 0.210656 1.213133 0.210656 1.201232 0.222557 1.213133 0.222557 1.213133 0.222557 1.201232 0.234457 1.213133 0.234457 1.213133 0.222557 1.225034 0.234457 1.225034 0.222557 1.213133 0.234457 1.201232 0.246358 1.213133 0.246358 1.213133 0.234457 1.225034 0.246358 1.225034 0.234457 1.201232 0.246358 1.213133 0.246358 1.201232 0.246358 1.213133 0.246358 1.225034 0.246358 1.225034 0.246358 1.225034 0.234457 1.236934 0.246358 1.236934 0.234457 1.225034 0.246358 1.236934 0.246358 1.236934 0.246358 1.236934 0.246358 1.248836 0.246358 1.248836 0.246358 1.236934 0.234457 1.248836 0.246358 1.248836 0.234457 1.248836 0.246358 1.236934 0.234457 1.248836 0.234457 1.236934 0.246358 1.225034 0.234457 1.236934 0.234457 1.248836 0.246358 1.248836 0.234457 1.248836 0.234457 1.248836 0.222557 1.236934 0.234457 1.236934 0.222557 1.248836 0.234457 1.248836 0.222557 1.248836 0.234457 1.248836 0.222557 1.248836 0.210656 1.248836 0.210656 1.248836 0.210656 1.236934 0.222557 1.236934 0.210656 1.248836 0.210656 1.236934 0.222557 1.248836 0.222557 1.248836 0.222557 1.236934 0.234457 1.248836 0.234457 1.236934 0.222557 1.225034 0.234457 1.236934 0.234457 1.248836 0.198755 1.236934 0.210656 1.248836 0.210656 1.248836 0.210656 1.248836 0.198755 1.248836 0.198755 1.248836 0.198755 1.248836 0.186855 1.248836 0.186855 1.248836 0.186855 1.236934 0.198755 1.248836 0.198755 1.248836 0.198755 1.236934 0.210656 1.236934 0.198755 1.248836 0.186855 1.236934 0.198755 1.236934 0.186855 1.248836 0.186855 1.248836 0.1749539 1.248836 0.1749539 1.248836 0.186855 1.236934 0.1749539 1.248836 0.1749539 1.236934 0.1749539 1.225034 0.186855 1.225034 0.1749539 1.236934 0.186855 1.225034 0.198755 1.225034 0.186855 1.225034 0.1749539 1.213133 0.186855 1.213133 0.1749539 1.225034 0.186855 1.213133 0.198755 1.213133 0.186855 1.225034 0.198755 1.213133 0.210656 1.213133 0.198755 1.236934 0.198755 1.225034 0.210656 1.225034 0.198755 1.225034 0.210656 1.213133 0.222557 1.213133 0.210656 1.236934 0.210656 1.225034 0.222557 1.225034 0.210656 1.225034 0.234457 1.213133 0.222557 1.225034 0.222557 1.236934 0.222557 1.225034 0.234457 1.225034 0.222557 1.225034 0.246358 1.213133 0.234457 1.225034 0.234457 1.213133 0.234457 1.201232 0.246358 1.201232 0.234457 1.213133 0.222557 1.201232 0.234457 1.201232 0.222557 1.201232 0.222557 1.189332 0.234457 1.189332 0.222557 1.201232 0.234457 1.189332 0.246358 1.189332 0.234457 1.189332 0.246358 1.201232 0.246358 1.201232 0.246358 1.177432 0.246358 1.189332 0.246358 1.177432 0.246358 1.189332 0.246358 1.177432 0.234457 1.189332 0.234457 1.177432 0.234457 1.189332 0.246358 1.189332 0.234457 1.201232 0.234457 1.189332 0.246358 1.201232 0.246358 1.201232 0.222557 1.189332 0.234457 1.201232 0.234457 1.177432 0.222557 1.189332 0.234457 1.189332 0.222557 1.165532 0.222557 1.177432 0.234457 1.177432 0.222557 1.165532 0.234457 1.177432 0.246358 1.177432 0.234457 1.15363 0.222557 1.165532 0.234457 1.165532 0.222557 1.15363 0.234457 1.165532 0.246358 1.165532 0.234457 1.165532 0.246358 1.177432 0.246358 1.177432 0.246358 1.15363 0.246358 1.165532 0.246358 1.165532 0.246358 1.14173 0.246358 1.15363 0.246358 1.15363 0.246358 1.15363 0.234457 1.14173 0.246358 1.15363 0.246358 1.129829 0.234457 1.14173 0.246358 1.14173 0.234457 1.129829 0.246358 1.14173 0.246358 1.129829 0.246358 1.11793 0.234457 1.129829 0.246358 1.129829 0.234457 1.11793 0.246358 1.129829 0.246358 1.11793 0.246358 1.106028 0.234457 1.11793 0.246358 1.11793 0.234457 1.106028 0.246358 1.11793 0.246358 1.11793 0.246358 1.106028 0.234457 1.094128 0.246358 1.106028 0.246358 1.094128 0.246358 1.106028 0.246358 1.094128 0.246358 1.082228 0.246358 1.094128 0.246358 1.094128 0.246358 1.082228 0.234457 1.094128 0.246358 1.094128 0.234457 1.106028 0.222557 1.094128 0.234457 1.106028 0.234457 1.082228 0.222557 1.094128 0.234457 1.094128 0.222557 1.070327 0.222557 1.082228 0.234457 1.082228 0.222557 1.082228 0.234457 1.070327 0.246358 1.082228 0.246358 1.070327 0.222557 1.058427 0.234457 1.070327 0.234457 1.070327 0.234457 1.058427 0.246358 1.070327 0.246358 1.070327 0.246358 1.082228 0.246358 1.082228 0.246358 1.058427 0.246358 1.070327 0.246358 1.058427 0.246358 1.046525 0.246358 1.058427 0.246358 1.046525 0.246358 1.058427 0.234457 1.046525 0.246358 1.058427 0.246358 1.034626 0.234457 1.046525 0.246358 1.046525 0.234457 1.034626 0.246358 1.046525 0.246358 1.034626 0.246358 1.034626 0.234457 1.022724 0.246358 1.034626 0.246358 1.022724 0.246358 1.034626 0.246358 1.022724 0.246358 1.022724 0.234457 1.010824 0.246358 1.022724 0.246358 1.010824 0.246358 1.022724 0.246358 1.010824 0.246358 1.010824 0.234457 1.010824 0.246358 1.010824 0.246358 1.022724 0.234457 1.010824 0.246358 1.010824 0.234457 1.010824 0.222557 1.010824 0.234457 1.010824 0.234457 1.022724 0.222557 1.010824 0.234457 1.010824 0.222557 1.034626 0.234457 1.022724 0.222557 1.034626 0.222557 1.034626 0.234457 1.022724 0.246358 1.022724 0.234457 1.046525 0.246358 1.034626 0.234457 1.046525 0.234457 1.046525 0.234457 1.034626 0.222557 1.046525 0.222557 1.034626 0.222557 1.022724 0.210656 1.034626 0.210656 1.046525 0.222557 1.034626 0.210656 1.046525 0.210656 1.046525 0.210656 1.034626 0.198755 1.046525 0.198755 1.034626 0.198755 1.022724 0.210656 1.022724 0.198755 1.058427 0.222557 1.046525 0.210656 1.058427 0.210656 1.058427 0.210656 1.046525 0.198755 1.058427 0.198755 1.046525 0.198755 1.034626 0.186855 1.046525 0.186855 1.058427 0.198755 1.046525 0.186855 1.058427 0.186855 1.058427 0.186855 1.046525 0.1749539 1.058427 0.1749539 1.046525 0.186855 1.034626 0.1749539 1.046525 0.1749539 1.070327 0.186855 1.058427 0.1749539 1.070327 0.1749539 1.070327 0.198755 1.058427 0.186855 1.070327 0.186855 1.082228 0.186855 1.070327 0.198755 1.070327 0.186855 1.082228 0.1749539 1.070327 0.186855 1.070327 0.1749539 1.070327 0.1749539 1.058427 0.163054 1.070327 0.163054 1.082228 0.1749539 1.070327 0.163054 1.082228 0.163054 1.082228 0.151153 1.070327 0.163054 1.070327 0.151153 1.070327 0.163054 1.058427 0.151153 1.070327 0.151153 1.094128 0.151153 1.082228 0.163054 1.082228 0.151153 1.094128 0.163054 1.082228 0.1749539 1.082228 0.163054 1.106028 0.163054 1.094128 0.1749539 1.094128 0.163054 1.106028 0.151153 1.094128 0.163054 1.094128 0.151153 1.094128 0.139253 1.082228 0.151153 1.082228 0.139253 1.106028 0.151153 1.094128 0.139253 1.106028 0.139253 1.106028 0.139253 1.094128 0.1273519 1.106028 0.1273519 1.094128 0.139253 1.082228 0.1273519 1.094128 0.1273519 1.11793 0.139253 1.106028 0.1273519 1.11793 0.1273519 1.11793 0.139253 1.106028 0.151153 1.106028 0.139253 1.129829 0.151153 1.11793 0.139253 1.129829 0.139253 1.129829 0.1273519 1.11793 0.139253 1.11793 0.1273519 1.11793 0.1273519 1.106028 0.115452 1.11793 0.115452 1.129829 0.115452 1.11793 0.1273519 1.11793 0.115452 1.129829 0.103551 1.11793 0.115452 1.11793 0.103551 1.11793 0.103551 1.106028 0.115452 1.106028 0.103551 1.14173 0.103551 1.129829 0.115452 1.129829 0.103551 1.14173 0.1273519 1.129829 0.115452 1.14173 0.115452 1.15363 0.1273519 1.14173 0.115452 1.15363 0.115452 1.15363 0.103551 1.14173 0.115452 1.14173 0.103551 1.14173 0.09165 1.129829 0.103551 1.129829 0.09165 1.15363 0.103551 1.14173 0.09165 1.15363 0.09165 1.15363 0.07975 1.14173 0.09165 1.14173 0.07975 1.14173 0.07975 1.129829 0.09165 1.129829 0.07975 1.165532 0.09165 1.15363 0.07975 1.165532 0.07975 1.165532 0.09165 1.15363 0.103551 1.15363 0.09165 1.177432 0.103551 1.165532 0.09165 1.177432 0.09165 1.177432 0.09165 1.165532 0.07975 1.177432 0.07975 1.165532 0.06784999 1.15363 0.07975 1.15363 0.06784999 1.177432 0.06784999 1.165532 0.07975 1.165532 0.06784999 1.177432 0.05594897 1.165532 0.06784999 1.165532 0.05594897 1.165532 0.06784999 1.15363 0.05594897 1.165532 0.05594897 1.189332 0.05594897 1.177432 0.06784999 1.177432 0.05594897 1.189332 0.06784999 1.177432 0.07975 1.177432 0.06784999 1.201232 0.06784999 1.189332 0.07975 1.189332 0.06784999 1.201232 0.05594897 1.189332 0.06784999 1.189332 0.05594897 1.189332 0.04404795 1.177432 0.05594897 1.177432 0.04404795 1.201232 0.04404795 1.189332 0.05594897 1.189332 0.04404795 1.201232 0.04404795 1.189332 0.032148 1.201232 0.032148 1.189332 0.032148 1.177432 0.04404795 1.177432 0.032148 1.213133 0.04404795 1.201232 0.032148 1.213133 0.032148 1.213133 0.05594897 1.201232 0.04404795 1.213133 0.04404795 1.225034 0.05594897 1.213133 0.04404795 1.225034 0.04404795 1.225034 0.04404795 1.213133 0.032148 1.225034 0.032148 1.213133 0.032148 1.201232 0.02024698 1.213133 0.02024698 1.225034 0.032148 1.213133 0.02024698 1.225034 0.02024698 1.213133 0.02024698 1.201232 0.008346974 1.213133 0.008346974 1.225034 0.02024698 1.213133 0.008346974 1.225034 0.008346974 1.236934 0.008346974 1.225034 0.02024698 1.225034 0.008346974 1.236934 0.032148 1.225034 0.02024698 1.236934 0.02024698 1.248836 0.008346974 1.236934 0.02024698 1.236934 0.008346974 1.248836 0.02024698 1.236934 0.032148 1.236934 0.02024698 1.236934 0.04404795 1.225034 0.032148 1.236934 0.032148 1.248836 0.04404795 1.236934 0.032148 1.248836 0.032148 1.236934 0.05594897 1.225034 0.04404795 1.236934 0.04404795 1.248836 0.05594897 1.236934 0.04404795 1.248836 0.04404795 1.236934 0.06784999 1.225034 0.05594897 1.236934 0.05594897 1.248836 0.05594897 1.236934 0.06784999 1.236934 0.05594897 1.236934 0.07975 1.225034 0.06784999 1.236934 0.06784999 1.248836 0.06784999 1.236934 0.07975 1.236934 0.06784999 1.236934 0.09165 1.225034 0.07975 1.236934 0.07975 1.248836 0.07975 1.236934 0.09165 1.236934 0.07975 1.236934 0.103551 1.225034 0.09165 1.236934 0.09165 1.248836 0.103551 1.236934 0.09165 1.248836 0.09165 1.236934 0.115452 1.225034 0.103551 1.236934 0.103551 1.248836 0.115452 1.236934 0.103551 1.248836 0.103551 1.248836 0.115452 1.236934 0.1273519 1.236934 0.115452 1.236934 0.115452 1.225034 0.1273519 1.225034 0.115452 1.225034 0.115452 1.213133 0.103551 1.225034 0.103551 1.225034 0.115452 1.213133 0.1273519 1.213133 0.115452 1.225034 0.1273519 1.213133 0.139253 1.213133 0.1273519 1.236934 0.1273519 1.225034 0.139253 1.225034 0.1273519 1.225034 0.139253 1.213133 0.151153 1.213133 0.139253 1.236934 0.139253 1.225034 0.151153 1.225034 0.139253 1.225034 0.151153 1.213133 0.163054 1.213133 0.151153 1.236934 0.163054 1.225034 0.151153 1.236934 0.151153 1.225034 0.163054 1.213133 0.1749539 1.213133 0.163054 1.236934 0.1749539 1.225034 0.163054 1.236934 0.163054 1.248836 0.1749539 1.236934 0.163054 1.248836 0.163054 1.248836 0.163054 1.236934 0.151153 1.248836 0.151153 1.248836 0.163054 1.248836 0.151153 1.248836 0.163054 1.248836 0.1749539 1.248836 0.163054 1.248836 0.1749539 1.236934 0.163054 1.248836 0.1749539 1.248836 0.163054 1.236934 0.1749539 1.248836 0.186855 1.248836 0.1749539 1.248836 0.151153 1.248836 0.139253 1.248836 0.151153 1.248836 0.151153 1.236934 0.139253 1.248836 0.139253 1.248836 0.1273519 1.236934 0.139253 1.236934 0.1273519 1.248836 0.139253 1.248836 0.1273519 1.248836 0.1273519 1.248836 0.1273519 1.248836 0.115452 1.248836 0.115452 1.213133 0.163054 1.201232 0.1749539 1.201232 0.163054 1.213133 0.151153 1.201232 0.163054 1.201232 0.151153 1.213133 0.1749539 1.201232 0.186855 1.201232 0.1749539 1.201232 0.1749539 1.189332 0.163054 1.201232 0.163054 1.201232 0.186855 1.189332 0.1749539 1.201232 0.1749539 1.201232 0.198755 1.189332 0.186855 1.201232 0.186855 1.213133 0.186855 1.201232 0.198755 1.201232 0.186855 1.213133 0.198755 1.201232 0.210656 1.201232 0.198755 1.201232 0.198755 1.189332 0.210656 1.189332 0.198755 1.189332 0.198755 1.177432 0.186855 1.189332 0.186855 1.189332 0.210656 1.177432 0.198755 1.189332 0.198755 1.189332 0.222557 1.177432 0.210656 1.189332 0.210656 1.201232 0.210656 1.189332 0.222557 1.189332 0.210656 1.189332 0.234457 1.177432 0.222557 1.189332 0.222557 1.177432 0.234457 1.165532 0.222557 1.177432 0.222557 1.177432 0.222557 1.165532 0.210656 1.177432 0.210656 1.165532 0.222557 1.15363 0.210656 1.165532 0.210656 1.165532 0.234457 1.15363 0.222557 1.165532 0.222557 1.165532 0.246358 1.15363 0.234457 1.165532 0.234457 1.177432 0.246358 1.165532 0.234457 1.177432 0.234457 1.15363 0.234457 1.14173 0.246358 1.14173 0.234457 1.15363 0.234457 1.14173 0.222557 1.15363 0.222557 1.14173 0.246358 1.129829 0.234457 1.14173 0.234457 1.14173 0.234457 1.129829 0.222557 1.14173 0.222557 1.15363 0.222557 1.14173 0.210656 1.15363 0.210656 1.14173 0.210656 1.129829 0.222557 1.129829 0.210656 1.129829 0.222557 1.11793 0.234457 1.11793 0.222557 1.129829 0.210656 1.11793 0.222557 1.11793 0.210656 1.14173 0.198755 1.129829 0.210656 1.129829 0.198755 1.129829 0.198755 1.11793 0.210656 1.11793 0.198755 1.11793 0.198755 1.106028 0.210656 1.106028 0.198755 1.11793 0.210656 1.106028 0.222557 1.106028 0.210656 1.106028 0.210656 1.094128 0.198755 1.106028 0.198755 1.106028 0.210656 1.094128 0.222557 1.094128 0.210656 1.106028 0.222557 1.094128 0.234457 1.094128 0.222557 1.11793 0.222557 1.106028 0.234457 1.106028 0.222557 1.106028 0.234457 1.094128 0.246358 1.094128 0.234457 1.11793 0.246358 1.106028 0.234457 1.11793 0.234457 1.129829 0.246358 1.11793 0.234457 1.129829 0.234457 1.094128 0.234457 1.082228 0.222557 1.094128 0.222557 1.094128 0.246358 1.082228 0.234457 1.094128 0.234457 1.082228 0.234457 1.070327 0.222557 1.082228 0.222557 1.082228 0.234457 1.070327 0.246358 1.070327 0.234457 1.070327 0.234457 1.058427 0.246358 1.058427 0.234457 1.070327 0.222557 1.058427 0.234457 1.058427 0.222557 1.082228 0.210656 1.070327 0.222557 1.070327 0.210656 1.070327 0.222557 1.058427 0.210656 1.070327 0.210656 1.058427 0.234457 1.046525 0.222557 1.058427 0.222557 1.070327 0.210656 1.058427 0.198755 1.070327 0.198755 1.082228 0.210656 1.070327 0.198755 1.082228 0.198755 1.094128 0.210656 1.082228 0.222557 1.082228 0.210656 1.094128 0.210656 1.082228 0.198755 1.094128 0.198755 1.094128 0.186855 1.082228 0.198755 1.082228 0.186855 1.106028 0.198755 1.094128 0.186855 1.106028 0.186855 1.094128 0.1749539 1.082228 0.186855 1.082228 0.1749539 1.106028 0.1749539 1.094128 0.186855 1.094128 0.1749539 1.11793 0.186855 1.106028 0.198755 1.106028 0.186855 1.11793 0.1749539 1.106028 0.186855 1.106028 0.1749539 1.11793 0.1749539 1.106028 0.163054 1.11793 0.163054 1.129829 0.1749539 1.11793 0.163054 1.129829 0.163054 1.129829 0.186855 1.11793 0.1749539 1.129829 0.1749539 1.14173 0.186855 1.129829 0.1749539 1.14173 0.1749539 1.14173 0.1749539 1.129829 0.163054 1.14173 0.163054 1.129829 0.163054 1.11793 0.151153 1.129829 0.151153 1.14173 0.163054 1.129829 0.151153 1.14173 0.151153 1.14173 0.151153 1.129829 0.139253 1.14173 0.139253 1.15363 0.151153 1.14173 0.139253 1.15363 0.139253 1.15363 0.163054 1.14173 0.151153 1.15363 0.151153 1.165532 0.163054 1.15363 0.151153 1.165532 0.151153 1.165532 0.151153 1.15363 0.139253 1.165532 0.139253 1.15363 0.139253 1.14173 0.1273519 1.15363 0.1273519 1.165532 0.139253 1.15363 0.1273519 1.165532 0.1273519 1.165532 0.1273519 1.15363 0.115452 1.165532 0.115452 1.177432 0.1273519 1.165532 0.115452 1.177432 0.115452 1.177432 0.139253 1.165532 0.1273519 1.177432 0.1273519 1.189332 0.1273519 1.177432 0.139253 1.177432 0.1273519 1.189332 0.115452 1.177432 0.1273519 1.177432 0.115452 1.177432 0.115452 1.165532 0.103551 1.177432 0.103551 1.189332 0.115452 1.177432 0.103551 1.189332 0.103551 1.189332 0.09165 1.177432 0.103551 1.177432 0.09165 1.201232 0.09165 1.189332 0.103551 1.189332 0.09165 1.201232 0.115452 1.189332 0.103551 1.201232 0.103551 1.213133 0.115452 1.201232 0.103551 1.213133 0.103551 1.213133 0.09165 1.201232 0.103551 1.201232 0.09165 1.201232 0.07975 1.189332 0.09165 1.189332 0.07975 1.213133 0.07975 1.201232 0.09165 1.201232 0.07975 1.213133 0.06784999 1.201232 0.07975 1.201232 0.06784999 1.225034 0.07975 1.213133 0.06784999 1.225034 0.06784999 1.225034 0.07975 1.213133 0.09165 1.213133 0.07975 1.213133 0.06784999 1.201232 0.05594897 1.213133 0.05594897 1.225034 0.06784999 1.213133 0.05594897 1.225034 0.05594897 1.225034 0.103551 1.213133 0.09165 1.225034 0.09165 1.201232 0.115452 1.189332 0.1273519 1.189332 0.115452 1.213133 0.115452 1.201232 0.1273519 1.201232 0.115452 1.201232 0.1273519 1.189332 0.139253 1.189332 0.1273519 1.213133 0.1273519 1.201232 0.139253 1.201232 0.1273519 1.201232 0.139253 1.189332 0.151153 1.189332 0.139253 1.213133 0.139253 1.201232 0.151153 1.201232 0.139253 1.201232 0.151153 1.189332 0.163054 1.189332 0.151153 1.189332 0.151153 1.177432 0.163054 1.177432 0.151153 1.189332 0.139253 1.177432 0.151153 1.177432 0.139253 1.189332 0.1749539 1.177432 0.163054 1.189332 0.163054 1.177432 0.151153 1.165532 0.163054 1.165532 0.151153 1.177432 0.1749539 1.165532 0.163054 1.177432 0.163054 1.177432 0.186855 1.165532 0.1749539 1.177432 0.1749539 1.189332 0.186855 1.177432 0.1749539 1.189332 0.1749539 1.177432 0.198755 1.165532 0.186855 1.177432 0.186855 1.165532 0.186855 1.15363 0.198755 1.15363 0.186855 1.165532 0.186855 1.15363 0.1749539 1.165532 0.1749539 1.15363 0.1749539 1.14173 0.186855 1.14173 0.1749539 1.15363 0.198755 1.14173 0.186855 1.15363 0.186855 1.15363 0.210656 1.14173 0.198755 1.15363 0.198755 1.165532 0.210656 1.15363 0.198755 1.165532 0.198755 1.14173 0.186855 1.129829 0.198755 1.129829 0.186855 1.15363 0.1749539 1.14173 0.163054 1.15363 0.163054 1.165532 0.1749539 1.15363 0.163054 1.165532 0.163054 1.177432 0.210656 1.165532 0.198755 1.177432 0.198755 1.177432 0.151153 1.165532 0.139253 1.177432 0.139253 1.189332 0.09165 1.177432 0.07975 1.189332 0.07975 1.165532 0.103551 1.15363 0.115452 1.15363 0.103551 1.14173 0.1273519 1.129829 0.139253 1.129829 0.1273519 1.129829 0.186855 1.11793 0.198755 1.11793 0.186855 1.11793 0.163054 1.106028 0.151153 1.11793 0.151153 1.058427 0.234457 1.046525 0.246358 1.046525 0.234457 1.213133 0.210656 1.201232 0.222557 1.201232 0.210656 1.248836 0.115452 1.248836 0.103551 1.248836 0.115452 1.201232 0.02024698 1.189332 0.008346974 1.201232 0.008346974 1.201232 0.032148 1.189332 0.02024698 1.201232 0.02024698 1.189332 0.02024698 1.177432 0.032148 1.177432 0.02024698 1.189332 0.008346974 1.177432 0.02024698 1.177432 0.008346974 1.177432 0.02024698 1.165532 0.032148 1.165532 0.02024698 1.177432 0.008346974 1.165532 0.02024698 1.165532 0.008346974 1.177432 0.032148 1.165532 0.04404795 1.165532 0.032148 1.165532 0.032148 1.15363 0.02024698 1.165532 0.02024698 1.165532 0.032148 1.15363 0.04404795 1.15363 0.032148 1.165532 0.04404795 1.15363 0.05594897 1.15363 0.04404795 1.177432 0.04404795 1.165532 0.05594897 1.165532 0.04404795 1.15363 0.04404795 1.14173 0.05594897 1.14173 0.04404795 1.15363 0.032148 1.14173 0.04404795 1.14173 0.032148 1.15363 0.05594897 1.14173 0.06784999 1.14173 0.05594897 1.14173 0.05594897 1.129829 0.04404795 1.14173 0.04404795 1.14173 0.06784999 1.129829 0.05594897 1.14173 0.05594897 1.14173 0.07975 1.129829 0.06784999 1.14173 0.06784999 1.15363 0.07975 1.14173 0.06784999 1.15363 0.06784999 1.129829 0.07975 1.11793 0.06784999 1.129829 0.06784999 1.129829 0.06784999 1.11793 0.05594897 1.129829 0.05594897 1.129829 0.07975 1.11793 0.09165 1.11793 0.07975 1.11793 0.07975 1.106028 0.06784999 1.11793 0.06784999 1.11793 0.07975 1.106028 0.09165 1.106028 0.07975 1.11793 0.09165 1.106028 0.103551 1.106028 0.09165 1.129829 0.09165 1.11793 0.103551 1.11793 0.09165 1.106028 0.09165 1.094128 0.103551 1.094128 0.09165 1.106028 0.09165 1.094128 0.07975 1.106028 0.07975 1.106028 0.115452 1.094128 0.103551 1.106028 0.103551 1.094128 0.09165 1.082228 0.103551 1.082228 0.09165 1.094128 0.115452 1.082228 0.103551 1.094128 0.103551 1.094128 0.1273519 1.082228 0.115452 1.094128 0.115452 1.106028 0.1273519 1.094128 0.115452 1.106028 0.115452 1.082228 0.1273519 1.070327 0.115452 1.082228 0.115452 1.082228 0.115452 1.070327 0.103551 1.082228 0.103551 1.082228 0.139253 1.070327 0.1273519 1.082228 0.1273519 1.070327 0.1273519 1.058427 0.115452 1.070327 0.115452 1.070327 0.1273519 1.058427 0.139253 1.058427 0.1273519 1.070327 0.139253 1.058427 0.151153 1.058427 0.139253 1.082228 0.139253 1.070327 0.151153 1.070327 0.139253 1.058427 0.139253 1.046525 0.151153 1.046525 0.139253 1.058427 0.1273519 1.046525 0.139253 1.046525 0.1273519 1.058427 0.151153 1.046525 0.163054 1.046525 0.151153 1.046525 0.139253 1.034626 0.151153 1.034626 0.139253 1.046525 0.151153 1.034626 0.163054 1.034626 0.151153 1.046525 0.163054 1.034626 0.1749539 1.034626 0.163054 1.058427 0.163054 1.046525 0.1749539 1.046525 0.163054 1.034626 0.1749539 1.022724 0.163054 1.034626 0.163054 1.034626 0.151153 1.022724 0.163054 1.022724 0.151153 1.034626 0.186855 1.022724 0.1749539 1.034626 0.1749539 1.022724 0.163054 1.010824 0.1749539 1.010824 0.163054 1.022724 0.1749539 1.010824 0.186855 1.010824 0.1749539 1.022724 0.198755 1.010824 0.186855 1.022724 0.186855 1.034626 0.198755 1.022724 0.186855 1.034626 0.186855 1.022724 0.198755 1.010824 0.210656 1.010824 0.198755 1.010824 0.198755 1.010824 0.210656 1.010824 0.198755 1.010824 0.186855 1.010824 0.198755 1.010824 0.198755 1.022724 0.198755 1.010824 0.210656 1.022724 0.210656 1.010824 0.186855 1.022724 0.198755 1.022724 0.186855 1.022724 0.1749539 1.010824 0.186855 1.022724 0.186855 1.010824 0.1749539 1.010824 0.186855 1.010824 0.1749539 1.010824 0.163054 1.010824 0.1749539 1.010824 0.1749539 1.022724 0.163054 1.010824 0.1749539 1.022724 0.1749539 1.022724 0.1749539 1.034626 0.186855 1.034626 0.1749539 1.022724 0.163054 1.034626 0.1749539 1.034626 0.163054 1.022724 0.151153 1.010824 0.163054 1.022724 0.163054 1.034626 0.151153 1.022724 0.163054 1.034626 0.163054 1.022724 0.139253 1.034626 0.151153 1.034626 0.139253 1.022724 0.139253 1.010824 0.151153 1.022724 0.151153 1.046525 0.139253 1.034626 0.151153 1.046525 0.151153 1.046525 0.151153 1.034626 0.163054 1.046525 0.163054 1.058427 0.151153 1.046525 0.163054 1.058427 0.163054 1.058427 0.139253 1.046525 0.151153 1.058427 0.151153 1.034626 0.1273519 1.046525 0.139253 1.046525 0.1273519 1.058427 0.1273519 1.046525 0.139253 1.058427 0.139253 1.058427 0.115452 1.046525 0.1273519 1.058427 0.1273519 1.046525 0.115452 1.034626 0.1273519 1.046525 0.1273519 1.058427 0.115452 1.070327 0.1273519 1.070327 0.115452 1.070327 0.1273519 1.058427 0.139253 1.070327 0.139253 1.070327 0.1273519 1.082228 0.139253 1.082228 0.1273519 1.070327 0.115452 1.082228 0.1273519 1.082228 0.115452 1.058427 0.103551 1.070327 0.115452 1.070327 0.103551 1.070327 0.103551 1.082228 0.115452 1.082228 0.103551 1.082228 0.09165 1.070327 0.103551 1.082228 0.103551 1.070327 0.09165 1.058427 0.103551 1.070327 0.103551 1.094128 0.09165 1.082228 0.103551 1.094128 0.103551 1.082228 0.103551 1.094128 0.115452 1.094128 0.103551 1.094128 0.103551 1.106028 0.115452 1.106028 0.103551 1.106028 0.09165 1.094128 0.103551 1.106028 0.103551 1.094128 0.07975 1.082228 0.09165 1.094128 0.09165 1.094128 0.07975 1.106028 0.09165 1.106028 0.07975 1.106028 0.06784999 1.094128 0.07975 1.106028 0.07975 1.082228 0.06784999 1.094128 0.07975 1.094128 0.06784999 1.106028 0.06784999 1.11793 0.07975 1.11793 0.06784999 1.11793 0.07975 1.106028 0.09165 1.11793 0.09165 1.129829 0.07975 1.11793 0.09165 1.129829 0.09165 1.11793 0.06784999 1.129829 0.07975 1.129829 0.06784999 1.106028 0.05594897 1.11793 0.06784999 1.11793 0.05594897 1.11793 0.05594897 1.129829 0.06784999 1.129829 0.05594897 1.11793 0.04404795 1.129829 0.05594897 1.129829 0.04404795 1.106028 0.04404795 1.11793 0.05594897 1.11793 0.04404795 1.129829 0.04404795 1.14173 0.05594897 1.14173 0.04404795 1.129829 0.05594897 1.14173 0.06784999 1.14173 0.05594897 1.15363 0.05594897 1.14173 0.06784999 1.15363 0.06784999 1.15363 0.04404795 1.14173 0.05594897 1.15363 0.05594897 1.129829 0.032148 1.14173 0.04404795 1.14173 0.032148 1.15363 0.032148 1.14173 0.04404795 1.15363 0.04404795 1.14173 0.02024698 1.15363 0.032148 1.15363 0.02024698 1.14173 0.02024698 1.129829 0.032148 1.14173 0.032148 1.15363 0.02024698 1.165532 0.032148 1.165532 0.02024698 1.165532 0.032148 1.15363 0.04404795 1.165532 0.04404795 1.177432 0.032148 1.165532 0.04404795 1.177432 0.04404795 1.177432 0.02024698 1.165532 0.032148 1.177432 0.032148 1.165532 0.04404795 1.15363 0.05594897 1.165532 0.05594897 1.177432 0.04404795 1.165532 0.05594897 1.177432 0.05594897 1.15363 0.05594897 1.165532 0.06784999 1.165532 0.05594897 1.177432 0.05594897 1.165532 0.06784999 1.177432 0.06784999 1.165532 0.06784999 1.15363 0.07975 1.165532 0.07975 1.177432 0.06784999 1.165532 0.07975 1.177432 0.07975 1.165532 0.07975 1.15363 0.09165 1.165532 0.09165 1.165532 0.07975 1.177432 0.09165 1.177432 0.07975 1.165532 0.09165 1.15363 0.103551 1.165532 0.103551 1.165532 0.09165 1.177432 0.103551 1.177432 0.09165 1.189332 0.09165 1.177432 0.103551 1.189332 0.103551 1.177432 0.07975 1.189332 0.09165 1.189332 0.07975 1.165532 0.103551 1.177432 0.115452 1.177432 0.103551 1.177432 0.103551 1.189332 0.115452 1.189332 0.103551 1.165532 0.115452 1.177432 0.1273519 1.177432 0.115452 1.189332 0.115452 1.177432 0.1273519 1.189332 0.1273519 1.165532 0.1273519 1.177432 0.139253 1.177432 0.1273519 1.189332 0.1273519 1.177432 0.139253 1.189332 0.139253 1.165532 0.139253 1.177432 0.151153 1.177432 0.139253 1.189332 0.139253 1.177432 0.151153 1.189332 0.151153 1.177432 0.151153 1.165532 0.163054 1.177432 0.163054 1.189332 0.151153 1.177432 0.163054 1.189332 0.163054 1.177432 0.163054 1.189332 0.1749539 1.189332 0.163054 1.165532 0.163054 1.177432 0.1749539 1.177432 0.163054 1.15363 0.151153 1.165532 0.163054 1.165532 0.151153 1.15363 0.163054 1.165532 0.1749539 1.165532 0.163054 1.15363 0.1749539 1.165532 0.186855 1.165532 0.1749539 1.165532 0.1749539 1.177432 0.186855 1.177432 0.1749539 1.165532 0.186855 1.15363 0.198755 1.165532 0.198755 1.165532 0.186855 1.177432 0.198755 1.177432 0.186855 1.15363 0.198755 1.165532 0.210656 1.165532 0.198755 1.165532 0.198755 1.177432 0.210656 1.177432 0.198755 1.15363 0.210656 1.165532 0.222557 1.165532 0.210656 1.177432 0.210656 1.165532 0.222557 1.177432 0.222557 1.177432 0.210656 1.189332 0.222557 1.189332 0.210656 1.177432 0.198755 1.189332 0.210656 1.189332 0.198755 1.201232 0.198755 1.189332 0.210656 1.201232 0.210656 1.201232 0.210656 1.189332 0.222557 1.201232 0.222557 1.189332 0.186855 1.201232 0.198755 1.201232 0.186855 1.177432 0.186855 1.189332 0.198755 1.189332 0.186855 1.177432 0.1749539 1.189332 0.186855 1.189332 0.1749539 1.189332 0.1749539 1.201232 0.186855 1.201232 0.1749539 1.189332 0.163054 1.201232 0.1749539 1.201232 0.163054 1.213133 0.163054 1.201232 0.1749539 1.213133 0.1749539 1.213133 0.1749539 1.201232 0.186855 1.213133 0.186855 1.201232 0.151153 1.189332 0.163054 1.201232 0.163054 1.213133 0.151153 1.201232 0.163054 1.213133 0.163054 1.213133 0.139253 1.201232 0.151153 1.213133 0.151153 1.201232 0.139253 1.189332 0.151153 1.201232 0.151153 1.213133 0.1273519 1.201232 0.139253 1.213133 0.139253 1.201232 0.1273519 1.189332 0.139253 1.201232 0.139253 1.201232 0.115452 1.189332 0.1273519 1.201232 0.1273519 1.213133 0.115452 1.201232 0.1273519 1.213133 0.1273519 1.201232 0.103551 1.213133 0.115452 1.213133 0.103551 1.189332 0.103551 1.201232 0.115452 1.201232 0.103551 1.213133 0.103551 1.225034 0.115452 1.225034 0.103551 1.225034 0.115452 1.213133 0.1273519 1.225034 0.1273519 1.213133 0.09165 1.201232 0.103551 1.213133 0.103551 1.213133 0.09165 1.225034 0.103551 1.225034 0.09165 1.213133 0.07975 1.225034 0.09165 1.225034 0.07975 1.213133 0.07975 1.201232 0.09165 1.213133 0.09165 1.201232 0.09165 1.189332 0.103551 1.201232 0.103551 1.201232 0.07975 1.189332 0.09165 1.201232 0.09165 1.213133 0.06784999 1.201232 0.07975 1.213133 0.07975 1.201232 0.06784999 1.189332 0.07975 1.201232 0.07975 1.189332 0.06784999 1.177432 0.07975 1.189332 0.07975 1.189332 0.05594897 1.177432 0.06784999 1.189332 0.06784999 1.201232 0.05594897 1.189332 0.06784999 1.201232 0.06784999 1.189332 0.04404795 1.177432 0.05594897 1.189332 0.05594897 1.201232 0.04404795 1.189332 0.05594897 1.201232 0.05594897 1.189332 0.032148 1.201232 0.04404795 1.201232 0.032148 1.189332 0.032148 1.177432 0.04404795 1.189332 0.04404795 1.201232 0.04404795 1.213133 0.05594897 1.213133 0.04404795 1.201232 0.032148 1.213133 0.04404795 1.213133 0.032148 1.189332 0.02024698 1.201232 0.032148 1.201232 0.02024698 1.201232 0.02024698 1.213133 0.032148 1.213133 0.02024698 1.213133 0.032148 1.225034 0.04404795 1.225034 0.032148 1.213133 0.02024698 1.225034 0.032148 1.225034 0.02024698 1.225034 0.032148 1.236934 0.04404795 1.236934 0.032148 1.225034 0.02024698 1.236934 0.032148 1.236934 0.02024698 1.213133 0.04404795 1.225034 0.05594897 1.225034 0.04404795 1.225034 0.04404795 1.236934 0.05594897 1.236934 0.04404795 1.213133 0.05594897 1.225034 0.06784999 1.225034 0.05594897 1.225034 0.05594897 1.236934 0.06784999 1.236934 0.05594897 1.213133 0.06784999 1.225034 0.07975 1.225034 0.06784999 1.225034 0.06784999 1.236934 0.07975 1.236934 0.06784999 1.201232 0.05594897 1.213133 0.06784999 1.213133 0.05594897 1.189332 0.02024698 1.177432 0.032148 1.189332 0.032148 1.225034 0.1273519 1.213133 0.139253 1.225034 0.139253 1.213133 0.186855 1.201232 0.198755 1.213133 0.198755 1.14173 0.210656 1.15363 0.222557 1.15363 0.210656 1.14173 0.198755 1.15363 0.210656 1.15363 0.198755 1.14173 0.222557 1.15363 0.234457 1.15363 0.222557 1.14173 0.210656 1.129829 0.222557 1.14173 0.222557 1.129829 0.222557 1.14173 0.234457 1.14173 0.222557 1.129829 0.210656 1.11793 0.222557 1.129829 0.222557 1.129829 0.222557 1.11793 0.234457 1.129829 0.234457 1.11793 0.222557 1.106028 0.234457 1.11793 0.234457 1.11793 0.210656 1.106028 0.222557 1.11793 0.222557 1.129829 0.198755 1.11793 0.210656 1.129829 0.210656 1.11793 0.198755 1.106028 0.210656 1.11793 0.210656 1.094128 0.198755 1.106028 0.210656 1.106028 0.198755 1.094128 0.210656 1.106028 0.222557 1.106028 0.210656 1.082228 0.198755 1.094128 0.210656 1.094128 0.198755 1.094128 0.210656 1.082228 0.222557 1.094128 0.222557 1.082228 0.210656 1.070327 0.222557 1.082228 0.222557 1.082228 0.198755 1.070327 0.210656 1.082228 0.210656 1.094128 0.186855 1.082228 0.198755 1.094128 0.198755 1.082228 0.186855 1.070327 0.198755 1.082228 0.198755 1.058427 0.186855 1.070327 0.198755 1.070327 0.186855 1.058427 0.198755 1.070327 0.210656 1.070327 0.198755 1.046525 0.186855 1.058427 0.198755 1.058427 0.186855 1.046525 0.198755 1.058427 0.210656 1.058427 0.198755 1.046525 0.210656 1.058427 0.222557 1.058427 0.210656 1.070327 0.210656 1.058427 0.222557 1.070327 0.222557 1.046525 0.222557 1.058427 0.234457 1.058427 0.222557 1.034626 0.210656 1.046525 0.222557 1.046525 0.210656 1.034626 0.222557 1.046525 0.234457 1.046525 0.222557 1.022724 0.210656 1.034626 0.222557 1.034626 0.210656 1.022724 0.222557 1.034626 0.234457 1.034626 0.222557 1.022724 0.222557 1.010824 0.234457 1.022724 0.234457 1.010824 0.210656 1.022724 0.222557 1.022724 0.210656 1.034626 0.198755 1.022724 0.210656 1.034626 0.210656 1.010824 0.210656 1.010824 0.222557 1.010824 0.210656 1.034626 0.198755 1.046525 0.210656 1.046525 0.198755 1.022724 0.186855 1.034626 0.198755 1.034626 0.186855 1.034626 0.186855 1.046525 0.198755 1.046525 0.186855 1.034626 0.1749539 1.046525 0.186855 1.046525 0.1749539 1.046525 0.1749539 1.058427 0.186855 1.058427 0.1749539 1.046525 0.163054 1.034626 0.1749539 1.046525 0.1749539 1.058427 0.163054 1.046525 0.1749539 1.058427 0.1749539 1.058427 0.1749539 1.070327 0.186855 1.070327 0.1749539 1.058427 0.163054 1.070327 0.1749539 1.070327 0.163054 1.058427 0.151153 1.070327 0.163054 1.070327 0.151153 1.082228 0.151153 1.070327 0.163054 1.082228 0.163054 1.070327 0.163054 1.082228 0.1749539 1.082228 0.163054 1.094128 0.163054 1.082228 0.1749539 1.094128 0.1749539 1.094128 0.151153 1.082228 0.163054 1.094128 0.163054 1.082228 0.139253 1.070327 0.151153 1.082228 0.151153 1.094128 0.139253 1.082228 0.151153 1.094128 0.151153 1.082228 0.1273519 1.094128 0.139253 1.094128 0.1273519 1.094128 0.1273519 1.106028 0.139253 1.106028 0.1273519 1.094128 0.139253 1.106028 0.151153 1.106028 0.139253 1.11793 0.139253 1.106028 0.151153 1.11793 0.151153 1.106028 0.1273519 1.11793 0.139253 1.11793 0.1273519 1.094128 0.115452 1.106028 0.1273519 1.106028 0.115452 1.106028 0.115452 1.11793 0.1273519 1.11793 0.115452 1.11793 0.103551 1.106028 0.115452 1.11793 0.115452 1.129829 0.103551 1.11793 0.115452 1.129829 0.115452 1.129829 0.115452 1.11793 0.1273519 1.129829 0.1273519 1.129829 0.115452 1.14173 0.1273519 1.14173 0.115452 1.14173 0.103551 1.129829 0.115452 1.14173 0.115452 1.129829 0.09165 1.11793 0.103551 1.129829 0.103551 1.14173 0.09165 1.129829 0.103551 1.14173 0.103551 1.14173 0.07975 1.129829 0.09165 1.14173 0.09165 1.15363 0.07975 1.14173 0.09165 1.15363 0.09165 1.14173 0.09165 1.15363 0.103551 1.15363 0.09165 1.129829 0.06784999 1.14173 0.07975 1.14173 0.06784999 1.14173 0.06784999 1.15363 0.07975 1.15363 0.06784999 1.15363 0.103551 1.14173 0.115452 1.15363 0.115452 1.165532 0.103551 1.15363 0.115452 1.165532 0.115452 1.14173 0.115452 1.15363 0.1273519 1.15363 0.115452 1.15363 0.115452 1.165532 0.1273519 1.165532 0.115452 1.14173 0.1273519 1.15363 0.139253 1.15363 0.1273519 1.15363 0.1273519 1.165532 0.139253 1.165532 0.1273519 1.14173 0.139253 1.15363 0.151153 1.15363 0.139253 1.15363 0.139253 1.165532 0.151153 1.165532 0.139253 1.14173 0.151153 1.15363 0.163054 1.15363 0.151153 1.129829 0.151153 1.14173 0.163054 1.14173 0.151153 1.129829 0.139253 1.14173 0.151153 1.14173 0.139253 1.11793 0.139253 1.129829 0.151153 1.129829 0.139253 1.11793 0.151153 1.129829 0.163054 1.129829 0.151153 1.11793 0.163054 1.129829 0.1749539 1.129829 0.163054 1.129829 0.163054 1.14173 0.1749539 1.14173 0.163054 1.11793 0.1749539 1.129829 0.186855 1.129829 0.1749539 1.129829 0.1749539 1.14173 0.186855 1.14173 0.1749539 1.129829 0.186855 1.11793 0.198755 1.129829 0.198755 1.14173 0.186855 1.129829 0.198755 1.14173 0.198755 1.14173 0.198755 1.129829 0.210656 1.14173 0.210656 1.14173 0.186855 1.15363 0.198755 1.15363 0.186855 1.15363 0.1749539 1.14173 0.186855 1.15363 0.186855 1.11793 0.1749539 1.106028 0.186855 1.11793 0.186855 1.11793 0.186855 1.106028 0.198755 1.11793 0.198755 1.094128 0.186855 1.106028 0.198755 1.106028 0.186855 1.106028 0.1749539 1.094128 0.186855 1.106028 0.186855 1.106028 0.163054 1.11793 0.1749539 1.11793 0.163054 1.106028 0.163054 1.094128 0.1749539 1.106028 0.1749539 1.094128 0.1749539 1.082228 0.186855 1.094128 0.186855 1.106028 0.151153 1.094128 0.163054 1.106028 0.163054 1.106028 0.151153 1.11793 0.163054 1.11793 0.151153 1.14173 0.163054 1.15363 0.1749539 1.15363 0.163054 1.129829 0.1273519 1.11793 0.139253 1.129829 0.139253 1.14173 0.1273519 1.129829 0.139253 1.14173 0.139253 1.11793 0.09165 1.106028 0.103551 1.11793 0.103551 1.082228 0.115452 1.094128 0.1273519 1.094128 0.115452 1.082228 0.1749539 1.070327 0.186855 1.082228 0.186855 1.070327 0.139253 1.058427 0.151153 1.070327 0.151153 1.11793 0.032148 1.129829 0.04404795 1.129829 0.032148 1.11793 0.02024698 1.129829 0.032148 1.129829 0.02024698 1.106028 0.032148 1.11793 0.04404795 1.11793 0.032148 1.106028 0.02024698 1.11793 0.032148 1.11793 0.02024698 1.094128 0.032148 1.106028 0.04404795 1.106028 0.032148 1.094128 0.02024698 1.106028 0.032148 1.106028 0.02024698 1.106028 0.04404795 1.094128 0.05594897 1.106028 0.05594897 1.094128 0.032148 1.082228 0.04404795 1.094128 0.04404795 1.094128 0.04404795 1.082228 0.05594897 1.094128 0.05594897 1.082228 0.05594897 1.094128 0.06784999 1.094128 0.05594897 1.094128 0.05594897 1.106028 0.06784999 1.106028 0.05594897 1.082228 0.05594897 1.070327 0.06784999 1.082228 0.06784999 1.082228 0.04404795 1.070327 0.05594897 1.082228 0.05594897 1.082228 0.06784999 1.070327 0.07975 1.082228 0.07975 1.070327 0.05594897 1.058427 0.06784999 1.070327 0.06784999 1.058427 0.06784999 1.070327 0.07975 1.070327 0.06784999 1.070327 0.07975 1.058427 0.09165 1.070327 0.09165 1.082228 0.07975 1.070327 0.09165 1.082228 0.09165 1.046525 0.07975 1.058427 0.09165 1.058427 0.07975 1.046525 0.06784999 1.058427 0.07975 1.058427 0.06784999 1.046525 0.09165 1.058427 0.103551 1.058427 0.09165 1.034626 0.07975 1.046525 0.09165 1.046525 0.07975 1.046525 0.09165 1.034626 0.103551 1.046525 0.103551 1.046525 0.103551 1.034626 0.115452 1.046525 0.115452 1.058427 0.103551 1.046525 0.115452 1.058427 0.115452 1.034626 0.103551 1.022724 0.115452 1.034626 0.115452 1.022724 0.09165 1.034626 0.103551 1.034626 0.09165 1.034626 0.115452 1.022724 0.1273519 1.034626 0.1273519 1.022724 0.103551 1.010824 0.115452 1.022724 0.115452 1.022724 0.115452 1.010824 0.1273519 1.022724 0.1273519 1.010824 0.1273519 1.022724 0.139253 1.022724 0.1273519 1.022724 0.1273519 1.034626 0.139253 1.034626 0.1273519 1.010824 0.1273519 1.010824 0.139253 1.010824 0.1273519 1.010824 0.115452 1.010824 0.1273519 1.010824 0.1273519 1.010824 0.139253 1.010824 0.151153 1.010824 0.139253 1.022724 0.139253 1.010824 0.151153 1.010824 0.139253 1.022724 0.139253 1.010824 0.1273519 1.022724 0.1273519 1.034626 0.139253 1.022724 0.1273519 1.034626 0.1273519 1.034626 0.151153 1.022724 0.139253 1.034626 0.139253 1.022724 0.151153 1.010824 0.163054 1.010824 0.151153 1.046525 0.139253 1.034626 0.1273519 1.046525 0.1273519 1.034626 0.115452 1.022724 0.1273519 1.022724 0.115452 1.046525 0.115452 1.034626 0.1273519 1.034626 0.115452 1.046525 0.103551 1.034626 0.115452 1.034626 0.103551 1.034626 0.103551 1.022724 0.115452 1.022724 0.103551 1.058427 0.115452 1.046525 0.1273519 1.046525 0.115452 1.058427 0.103551 1.046525 0.115452 1.046525 0.103551 1.046525 0.09165 1.034626 0.103551 1.034626 0.09165 1.058427 0.103551 1.046525 0.09165 1.058427 0.09165 1.058427 0.09165 1.046525 0.07975 1.058427 0.07975 1.046525 0.09165 1.034626 0.07975 1.046525 0.07975 1.070327 0.07975 1.058427 0.09165 1.058427 0.07975 1.070327 0.09165 1.058427 0.103551 1.058427 0.09165 1.082228 0.09165 1.070327 0.103551 1.070327 0.09165 1.082228 0.07975 1.070327 0.09165 1.070327 0.07975 1.070327 0.07975 1.058427 0.06784999 1.070327 0.06784999 1.082228 0.06784999 1.070327 0.07975 1.070327 0.06784999 1.082228 0.05594897 1.070327 0.06784999 1.070327 0.05594897 1.070327 0.05594897 1.058427 0.06784999 1.058427 0.05594897 1.094128 0.06784999 1.082228 0.05594897 1.094128 0.05594897 1.094128 0.07975 1.082228 0.06784999 1.094128 0.06784999 1.106028 0.06784999 1.094128 0.07975 1.094128 0.06784999 1.106028 0.05594897 1.094128 0.06784999 1.094128 0.05594897 1.094128 0.04404795 1.082228 0.05594897 1.082228 0.04404795 1.106028 0.04404795 1.094128 0.05594897 1.094128 0.04404795 1.106028 0.04404795 1.094128 0.032148 1.106028 0.032148 1.094128 0.032148 1.082228 0.04404795 1.082228 0.032148 1.11793 0.04404795 1.106028 0.032148 1.11793 0.032148 1.11793 0.05594897 1.106028 0.04404795 1.11793 0.04404795 1.129829 0.05594897 1.11793 0.04404795 1.129829 0.04404795 1.129829 0.04404795 1.11793 0.032148 1.129829 0.032148 1.11793 0.032148 1.106028 0.02024698 1.11793 0.02024698 1.129829 0.032148 1.11793 0.02024698 1.129829 0.02024698 1.11793 0.02024698 1.106028 0.008346974 1.11793 0.008346974 1.129829 0.02024698 1.11793 0.008346974 1.129829 0.008346974 1.14173 0.02024698 1.129829 0.008346974 1.14173 0.008346974 1.14173 0.02024698 1.129829 0.032148 1.129829 0.02024698 1.15363 0.008346974 1.14173 0.02024698 1.14173 0.008346974 1.15363 0.032148 1.14173 0.02024698 1.15363 0.02024698 1.14173 0.04404795 1.129829 0.032148 1.14173 0.032148 1.165532 0.02024698 1.15363 0.008346974 1.165532 0.008346974 1.106028 0.008346974 1.094128 0.02024698 1.094128 0.008346974 1.106028 0.032148 1.094128 0.02024698 1.106028 0.02024698 1.094128 0.02024698 1.082228 0.032148 1.082228 0.02024698 1.094128 0.008346974 1.082228 0.02024698 1.082228 0.008346974 1.082228 0.02024698 1.070327 0.032148 1.070327 0.02024698 1.082228 0.008346974 1.070327 0.02024698 1.070327 0.008346974 1.082228 0.032148 1.070327 0.04404795 1.070327 0.032148 1.070327 0.02024698 1.058427 0.032148 1.058427 0.02024698 1.070327 0.032148 1.058427 0.04404795 1.058427 0.032148 1.070327 0.04404795 1.058427 0.05594897 1.058427 0.04404795 1.082228 0.04404795 1.070327 0.05594897 1.070327 0.04404795 1.058427 0.05594897 1.046525 0.04404795 1.058427 0.04404795 1.058427 0.032148 1.046525 0.04404795 1.046525 0.032148 1.058427 0.05594897 1.046525 0.06784999 1.046525 0.05594897 1.046525 0.04404795 1.034626 0.05594897 1.034626 0.04404795 1.046525 0.05594897 1.034626 0.06784999 1.034626 0.05594897 1.046525 0.07975 1.034626 0.06784999 1.046525 0.06784999 1.058427 0.07975 1.046525 0.06784999 1.058427 0.06784999 1.034626 0.07975 1.022724 0.06784999 1.034626 0.06784999 1.034626 0.05594897 1.022724 0.06784999 1.022724 0.05594897 1.034626 0.09165 1.022724 0.07975 1.034626 0.07975 1.022724 0.07975 1.010824 0.06784999 1.022724 0.06784999 1.022724 0.09165 1.010824 0.07975 1.022724 0.07975 1.022724 0.103551 1.010824 0.09165 1.022724 0.09165 1.034626 0.103551 1.022724 0.09165 1.034626 0.09165 1.022724 0.103551 1.010824 0.115452 1.010824 0.103551 1.010824 0.103551 1.010824 0.115452 1.010824 0.103551 1.010824 0.09165 1.010824 0.103551 1.010824 0.09165 1.010824 0.09165 1.022724 0.103551 1.022724 0.09165 1.010824 0.07975 1.010824 0.09165 1.010824 0.09165 1.010824 0.07975 1.022724 0.09165 1.022724 0.07975 1.010824 0.06784999 1.010824 0.07975 1.010824 0.07975 1.010824 0.06784999 1.022724 0.07975 1.022724 0.06784999 1.022724 0.07975 1.034626 0.09165 1.034626 0.07975 1.022724 0.06784999 1.034626 0.07975 1.034626 0.06784999 1.022724 0.05594897 1.010824 0.06784999 1.022724 0.06784999 1.034626 0.05594897 1.022724 0.06784999 1.034626 0.06784999 1.034626 0.04404795 1.022724 0.05594897 1.034626 0.05594897 1.022724 0.04404795 1.010824 0.05594897 1.022724 0.05594897 1.046525 0.04404795 1.034626 0.05594897 1.046525 0.05594897 1.046525 0.05594897 1.034626 0.06784999 1.046525 0.06784999 1.058427 0.05594897 1.046525 0.06784999 1.058427 0.06784999 1.046525 0.04404795 1.058427 0.05594897 1.058427 0.04404795 1.046525 0.032148 1.034626 0.04404795 1.046525 0.04404795 1.058427 0.032148 1.046525 0.04404795 1.058427 0.04404795 1.058427 0.02024698 1.046525 0.032148 1.058427 0.032148 1.046525 0.02024698 1.034626 0.032148 1.046525 0.032148 1.070327 0.02024698 1.058427 0.032148 1.070327 0.032148 1.070327 0.032148 1.058427 0.04404795 1.070327 0.04404795 1.082228 0.032148 1.070327 0.04404795 1.082228 0.04404795 1.082228 0.02024698 1.070327 0.032148 1.082228 0.032148 1.070327 0.04404795 1.058427 0.05594897 1.070327 0.05594897 1.094128 0.02024698 1.082228 0.032148 1.094128 0.032148 1.034626 0.032148 1.022724 0.04404795 1.034626 0.04404795 1.034626 0.02024698 1.022724 0.032148 1.034626 0.032148 1.022724 0.032148 1.010824 0.04404795 1.022724 0.04404795 1.022724 0.02024698 1.010824 0.032148 1.022724 0.032148 1.010824 0.032148 1.010824 0.04404795 1.010824 0.032148 1.010824 0.02024698 1.010824 0.032148 1.010824 0.02024698 1.010824 0.04404795 1.010824 0.05594897 1.010824 0.04404795 1.022724 0.04404795 1.010824 0.05594897 1.010824 0.04404795 1.022724 0.032148 1.010824 0.04404795 1.010824 0.032148 1.034626 0.032148 1.022724 0.04404795 1.022724 0.032148 1.034626 0.04404795 1.022724 0.05594897 1.022724 0.04404795 1.022724 0.05594897 1.010824 0.06784999 1.010824 0.05594897 1.046525 0.032148 1.034626 0.04404795 1.034626 0.032148 1.034626 0.02024698 1.022724 0.032148 1.022724 0.02024698 1.046525 0.02024698 1.034626 0.032148 1.034626 0.02024698 1.046525 0.02024698 1.034626 0.008346974 1.046525 0.008346974 1.058427 0.02024698 1.046525 0.008346974 1.058427 0.008346974 1.058427 0.02024698 1.046525 0.032148 1.046525 0.02024698 1.070327 0.008346974 1.058427 0.02024698 1.058427 0.008346974 1.022724 0.02024698 1.010824 0.032148 1.010824 0.02024698 1.010824 0.05594897 1.010824 0.06784999 1.010824 0.05594897 1.010824 0.008346974 1.010824 0.02024698 1.010824 0.008346974 1.034626 0.06784999 1.046525 0.07975 1.046525 0.06784999 1.022724 0.115452 1.010824 0.1273519 1.010824 0.115452 1.11793 0.06784999 1.106028 0.05594897 1.11793 0.05594897 1.094128 0.07975 1.082228 0.09165 1.082228 0.07975 1.070327 0.115452 1.058427 0.103551 1.070327 0.103551 1.010824 0.151153 1.010824 0.163054 1.010824 0.151153 1.022724 0.222557 1.010824 0.210656 1.022724 0.210656 1.034626 0.008346974 1.034626 0.02024698 1.022724 0.02024698 1.022724 0.02024698 1.010824 0.02024698 1.010824 0.008346974 1.022724 0.008346974 1.010824 0.008346974 1.010824 0.008346974 1.034626 0.008346974 1.034626 0.008346974 1.022724 0.008346974 1.010824 0.008346974 1.010824 0.02024698 1.022724 0.02024698 1.034626 0.008346974 1.022724 0.008346974 1.022724 0.02024698 1.046525 0.008346974 1.034626 0.008346974 1.034626 0.008346974 1.034626 0.008346974 1.034626 0.02024698 1.046525 0.02024698 1.058427 0.008346974 1.046525 0.008346974 1.046525 0.008346974 1.046525 0.008346974 1.046525 0.02024698 1.058427 0.02024698 1.070327 0.008346974 1.058427 0.008346974 1.058427 0.008346974 1.070327 0.008346974 1.058427 0.008346974 1.058427 0.02024698 1.082228 0.008346974 1.070327 0.008346974 1.070327 0.008346974 1.082228 0.008346974 1.070327 0.008346974 1.070327 0.02024698 1.094128 0.008346974 1.082228 0.008346974 1.082228 0.008346974 1.094128 0.008346974 1.082228 0.008346974 1.082228 0.02024698 1.106028 0.008346974 1.106028 0.008346974 1.094128 0.008346974 1.106028 0.008346974 1.094128 0.008346974 1.094128 0.02024698 1.11793 0.008346974 1.106028 0.008346974 1.106028 0.008346974 1.106028 0.008346974 1.106028 0.02024698 1.11793 0.02024698 1.129829 0.008346974 1.129829 0.008346974 1.11793 0.008346974 1.11793 0.008346974 1.11793 0.02024698 1.129829 0.02024698 1.14173 0.008346974 1.14173 0.008346974 1.129829 0.008346974 1.129829 0.008346974 1.129829 0.02024698 1.14173 0.02024698 1.15363 0.008346974 1.14173 0.008346974 1.14173 0.008346974 1.15363 0.008346974 1.14173 0.008346974 1.14173 0.02024698 1.165532 0.008346974 1.15363 0.008346974 1.15363 0.008346974 1.15363 0.008346974 1.15363 0.02024698 1.165532 0.02024698 1.177432 0.008346974 1.165532 0.008346974 1.165532 0.008346974 1.177432 0.008346974 1.165532 0.008346974 1.165532 0.02024698 1.189332 0.008346974 1.177432 0.008346974 1.177432 0.008346974 1.189332 0.008346974 1.177432 0.008346974 1.177432 0.02024698 1.201232 0.008346974 1.189332 0.008346974 1.189332 0.008346974 1.189332 0.008346974 1.189332 0.02024698 1.201232 0.02024698 1.213133 0.008346974 1.213133 0.008346974 1.201232 0.008346974 1.201232 0.008346974 1.201232 0.02024698 1.213133 0.02024698 1.225034 0.008346974 1.225034 0.008346974 1.213133 0.008346974 1.213133 0.008346974 1.213133 0.02024698 1.225034 0.02024698 1.236934 0.008346974 1.225034 0.008346974 1.225034 0.008346974 1.236934 0.008346974 1.225034 0.008346974 1.225034 0.02024698 1.248836 0.008346974 1.236934 0.008346974 1.236934 0.008346974 1.248836 0.008346974 1.236934 0.008346974 1.236934 0.02024698 1.248836 0.02024698 1.248836 0.02024698 1.248836 0.008346974 1.248836 0.02024698 1.236934 0.02024698 1.236934 0.032148 1.248836 0.032148 1.248836 0.032148 1.248836 0.02024698 1.236934 0.032148 1.236934 0.04404795 1.248836 0.04404795 1.248836 0.04404795 1.248836 0.032148 1.248836 0.032148 1.248836 0.05594897 1.248836 0.04404795 1.248836 0.04404795 1.236934 0.04404795 1.236934 0.05594897 1.248836 0.05594897 1.248836 0.06784999 1.248836 0.06784999 1.248836 0.05594897 1.248836 0.05594897 1.236934 0.05594897 1.236934 0.06784999 1.248836 0.06784999 1.236934 0.06784999 1.236934 0.07975 1.248836 0.07975 1.248836 0.06784999 1.248836 0.06784999 1.248836 0.09165 1.248836 0.09165 1.248836 0.07975 1.248836 0.07975 1.236934 0.07975 1.236934 0.09165 1.248836 0.103551 1.248836 0.103551 1.248836 0.09165 1.236934 0.09165 1.236934 0.103551 1.248836 0.103551 1.225034 0.07975 1.225034 0.09165 1.236934 0.09165 1.225034 0.09165 1.225034 0.103551 1.236934 0.103551 1.225034 0.103551 1.225034 0.115452 1.236934 0.115452 1.236934 0.103551 1.236934 0.115452 1.248836 0.115452 1.236934 0.115452 1.225034 0.115452 1.225034 0.1273519 1.248836 0.115452 1.236934 0.115452 1.236934 0.1273519 1.236934 0.1273519 1.225034 0.1273519 1.225034 0.139253 1.248836 0.1273519 1.236934 0.1273519 1.236934 0.139253 1.236934 0.139253 1.225034 0.139253 1.225034 0.151153 1.236934 0.139253 1.236934 0.151153 1.248836 0.151153 1.236934 0.151153 1.236934 0.163054 1.248836 0.163054 1.225034 0.151153 1.225034 0.163054 1.236934 0.163054 1.225034 0.139253 1.213133 0.139253 1.213133 0.151153 1.225034 0.151153 1.213133 0.151153 1.213133 0.163054 1.225034 0.163054 1.213133 0.163054 1.213133 0.1749539 1.225034 0.163054 1.225034 0.1749539 1.236934 0.1749539 1.225034 0.1749539 1.213133 0.1749539 1.213133 0.186855 1.236934 0.1749539 1.225034 0.1749539 1.225034 0.186855 1.225034 0.186855 1.213133 0.186855 1.213133 0.198755 1.236934 0.186855 1.225034 0.186855 1.225034 0.198755 1.225034 0.198755 1.213133 0.198755 1.213133 0.210656 1.236934 0.198755 1.225034 0.198755 1.225034 0.210656 1.236934 0.210656 1.225034 0.210656 1.225034 0.222557 1.225034 0.210656 1.213133 0.210656 1.213133 0.222557 1.213133 0.198755 1.201232 0.198755 1.201232 0.210656 1.213133 0.210656 1.201232 0.210656 1.201232 0.222557 1.213133 0.222557 1.201232 0.222557 1.201232 0.234457 1.213133 0.222557 1.213133 0.234457 1.225034 0.234457 1.213133 0.234457 1.201232 0.234457 1.201232 0.246358 1.213133 0.234457 1.213133 0.246358 1.225034 0.246358 1.201232 0.246358 1.213133 0.246358 1.213133 0.246358 1.213133 0.246358 1.213133 0.246358 1.225034 0.246358 1.225034 0.234457 1.225034 0.246358 1.236934 0.246358 1.225034 0.246358 1.225034 0.246358 1.236934 0.246358 1.236934 0.246358 1.236934 0.246358 1.248836 0.246358 1.236934 0.234457 1.236934 0.246358 1.248836 0.246358 1.248836 0.246358 1.236934 0.246358 1.236934 0.234457 1.236934 0.246358 1.225034 0.246358 1.225034 0.234457 1.248836 0.246358 1.248836 0.246358 1.248836 0.234457 1.248836 0.222557 1.248836 0.234457 1.236934 0.234457 1.248836 0.234457 1.248836 0.222557 1.248836 0.222557 1.248836 0.222557 1.248836 0.222557 1.248836 0.210656 1.248836 0.210656 1.248836 0.222557 1.236934 0.222557 1.248836 0.210656 1.236934 0.210656 1.236934 0.222557 1.248836 0.222557 1.236934 0.222557 1.236934 0.234457 1.236934 0.222557 1.225034 0.222557 1.225034 0.234457 1.248836 0.198755 1.236934 0.198755 1.236934 0.210656 1.248836 0.210656 1.248836 0.210656 1.248836 0.198755 1.248836 0.198755 1.248836 0.198755 1.248836 0.186855 1.248836 0.186855 1.236934 0.186855 1.236934 0.198755 1.248836 0.198755 1.248836 0.210656 1.236934 0.210656 1.248836 0.186855 1.248836 0.198755 1.236934 0.198755 1.248836 0.186855 1.248836 0.186855 1.248836 0.1749539 1.248836 0.186855 1.236934 0.186855 1.236934 0.1749539 1.236934 0.1749539 1.236934 0.186855 1.225034 0.186855 1.236934 0.186855 1.236934 0.198755 1.225034 0.198755 1.225034 0.1749539 1.225034 0.186855 1.213133 0.186855 1.225034 0.186855 1.225034 0.198755 1.213133 0.198755 1.225034 0.198755 1.225034 0.210656 1.213133 0.210656 1.236934 0.198755 1.236934 0.210656 1.225034 0.210656 1.225034 0.210656 1.225034 0.222557 1.213133 0.222557 1.236934 0.210656 1.236934 0.222557 1.225034 0.222557 1.225034 0.234457 1.213133 0.234457 1.213133 0.222557 1.236934 0.222557 1.236934 0.234457 1.225034 0.234457 1.225034 0.246358 1.213133 0.246358 1.213133 0.234457 1.213133 0.234457 1.213133 0.246358 1.201232 0.246358 1.213133 0.222557 1.213133 0.234457 1.201232 0.234457 1.201232 0.222557 1.201232 0.234457 1.189332 0.234457 1.201232 0.234457 1.201232 0.246358 1.189332 0.246358 1.189332 0.246358 1.189332 0.246358 1.201232 0.246358 1.177432 0.246358 1.189332 0.246358 1.189332 0.246358 1.189332 0.246358 1.177432 0.246358 1.177432 0.234457 1.177432 0.234457 1.177432 0.246358 1.189332 0.246358 1.201232 0.234457 1.189332 0.234457 1.189332 0.246358 1.201232 0.222557 1.189332 0.222557 1.189332 0.234457 1.177432 0.222557 1.177432 0.234457 1.189332 0.234457 1.165532 0.222557 1.165532 0.234457 1.177432 0.234457 1.165532 0.234457 1.165532 0.246358 1.177432 0.246358 1.15363 0.222557 1.15363 0.234457 1.165532 0.234457 1.15363 0.234457 1.15363 0.246358 1.165532 0.246358 1.165532 0.246358 1.165532 0.246358 1.177432 0.246358 1.15363 0.246358 1.15363 0.246358 1.165532 0.246358 1.14173 0.246358 1.14173 0.246358 1.15363 0.246358 1.15363 0.234457 1.14173 0.234457 1.14173 0.246358 1.129829 0.234457 1.129829 0.246358 1.14173 0.246358 1.129829 0.246358 1.14173 0.246358 1.14173 0.246358 1.11793 0.234457 1.11793 0.246358 1.129829 0.246358 1.11793 0.246358 1.129829 0.246358 1.129829 0.246358 1.106028 0.234457 1.106028 0.246358 1.11793 0.246358 1.106028 0.246358 1.106028 0.246358 1.11793 0.246358 1.106028 0.234457 1.094128 0.234457 1.094128 0.246358 1.094128 0.246358 1.106028 0.246358 1.106028 0.246358 1.082228 0.246358 1.082228 0.246358 1.094128 0.246358 1.082228 0.234457 1.082228 0.246358 1.094128 0.246358 1.106028 0.222557 1.094128 0.222557 1.094128 0.234457 1.082228 0.222557 1.082228 0.234457 1.094128 0.234457 1.070327 0.222557 1.070327 0.234457 1.082228 0.234457 1.082228 0.234457 1.070327 0.234457 1.070327 0.246358 1.070327 0.222557 1.058427 0.222557 1.058427 0.234457 1.070327 0.234457 1.058427 0.234457 1.058427 0.246358 1.070327 0.246358 1.070327 0.246358 1.082228 0.246358 1.058427 0.246358 1.070327 0.246358 1.070327 0.246358 1.046525 0.246358 1.058427 0.246358 1.058427 0.246358 1.058427 0.234457 1.046525 0.234457 1.046525 0.246358 1.034626 0.234457 1.034626 0.246358 1.046525 0.246358 1.034626 0.246358 1.046525 0.246358 1.046525 0.246358 1.034626 0.234457 1.022724 0.234457 1.022724 0.246358 1.022724 0.246358 1.034626 0.246358 1.034626 0.246358 1.022724 0.234457 1.010824 0.234457 1.010824 0.246358 1.010824 0.246358 1.022724 0.246358 1.022724 0.246358 1.010824 0.234457 1.010824 0.234457 1.010824 0.246358 1.022724 0.234457 1.022724 0.246358 1.010824 0.246358 1.010824 0.222557 1.010824 0.222557 1.010824 0.234457 1.022724 0.222557 1.022724 0.234457 1.010824 0.234457 1.034626 0.234457 1.022724 0.234457 1.022724 0.222557 1.034626 0.234457 1.034626 0.246358 1.022724 0.246358 1.046525 0.246358 1.034626 0.246358 1.034626 0.234457 1.046525 0.234457 1.034626 0.234457 1.034626 0.222557 1.034626 0.222557 1.022724 0.222557 1.022724 0.210656 1.046525 0.222557 1.034626 0.222557 1.034626 0.210656 1.046525 0.210656 1.034626 0.210656 1.034626 0.198755 1.034626 0.198755 1.034626 0.210656 1.022724 0.210656 1.058427 0.222557 1.046525 0.222557 1.046525 0.210656 1.058427 0.210656 1.046525 0.210656 1.046525 0.198755 1.046525 0.198755 1.034626 0.198755 1.034626 0.186855 1.058427 0.198755 1.046525 0.198755 1.046525 0.186855 1.058427 0.186855 1.046525 0.186855 1.046525 0.1749539 1.046525 0.186855 1.034626 0.186855 1.034626 0.1749539 1.070327 0.186855 1.058427 0.186855 1.058427 0.1749539 1.070327 0.198755 1.058427 0.198755 1.058427 0.186855 1.082228 0.186855 1.082228 0.198755 1.070327 0.198755 1.082228 0.1749539 1.082228 0.186855 1.070327 0.186855 1.070327 0.1749539 1.058427 0.1749539 1.058427 0.163054 1.082228 0.1749539 1.070327 0.1749539 1.070327 0.163054 1.082228 0.151153 1.082228 0.163054 1.070327 0.163054 1.070327 0.163054 1.058427 0.163054 1.058427 0.151153 1.094128 0.151153 1.094128 0.163054 1.082228 0.163054 1.094128 0.163054 1.094128 0.1749539 1.082228 0.1749539 1.106028 0.163054 1.106028 0.1749539 1.094128 0.1749539 1.106028 0.151153 1.106028 0.163054 1.094128 0.163054 1.094128 0.139253 1.094128 0.151153 1.082228 0.151153 1.106028 0.151153 1.094128 0.151153 1.094128 0.139253 1.106028 0.139253 1.094128 0.139253 1.094128 0.1273519 1.094128 0.139253 1.082228 0.139253 1.082228 0.1273519 1.11793 0.139253 1.106028 0.139253 1.106028 0.1273519 1.11793 0.139253 1.11793 0.151153 1.106028 0.151153 1.129829 0.151153 1.11793 0.151153 1.11793 0.139253 1.129829 0.1273519 1.129829 0.139253 1.11793 0.139253 1.11793 0.1273519 1.106028 0.1273519 1.106028 0.115452 1.129829 0.115452 1.129829 0.1273519 1.11793 0.1273519 1.129829 0.103551 1.129829 0.115452 1.11793 0.115452 1.11793 0.103551 1.11793 0.115452 1.106028 0.115452 1.14173 0.103551 1.14173 0.115452 1.129829 0.115452 1.14173 0.1273519 1.129829 0.1273519 1.129829 0.115452 1.15363 0.1273519 1.14173 0.1273519 1.14173 0.115452 1.15363 0.103551 1.15363 0.115452 1.14173 0.115452 1.14173 0.09165 1.14173 0.103551 1.129829 0.103551 1.15363 0.103551 1.14173 0.103551 1.14173 0.09165 1.15363 0.07975 1.15363 0.09165 1.14173 0.09165 1.14173 0.07975 1.14173 0.09165 1.129829 0.09165 1.165532 0.09165 1.15363 0.09165 1.15363 0.07975 1.165532 0.09165 1.165532 0.103551 1.15363 0.103551 1.177432 0.103551 1.165532 0.103551 1.165532 0.09165 1.177432 0.09165 1.165532 0.09165 1.165532 0.07975 1.165532 0.06784999 1.165532 0.07975 1.15363 0.07975 1.177432 0.06784999 1.177432 0.07975 1.165532 0.07975 1.177432 0.05594897 1.177432 0.06784999 1.165532 0.06784999 1.165532 0.06784999 1.15363 0.06784999 1.15363 0.05594897 1.189332 0.05594897 1.189332 0.06784999 1.177432 0.06784999 1.189332 0.06784999 1.189332 0.07975 1.177432 0.07975 1.201232 0.06784999 1.201232 0.07975 1.189332 0.07975 1.201232 0.05594897 1.201232 0.06784999 1.189332 0.06784999 1.189332 0.04404795 1.189332 0.05594897 1.177432 0.05594897 1.201232 0.04404795 1.201232 0.05594897 1.189332 0.05594897 1.201232 0.04404795 1.189332 0.04404795 1.189332 0.032148 1.189332 0.032148 1.189332 0.04404795 1.177432 0.04404795 1.213133 0.04404795 1.201232 0.04404795 1.201232 0.032148 1.213133 0.05594897 1.201232 0.05594897 1.201232 0.04404795 1.225034 0.05594897 1.213133 0.05594897 1.213133 0.04404795 1.225034 0.04404795 1.213133 0.04404795 1.213133 0.032148 1.213133 0.032148 1.201232 0.032148 1.201232 0.02024698 1.225034 0.032148 1.213133 0.032148 1.213133 0.02024698 1.213133 0.02024698 1.201232 0.02024698 1.201232 0.008346974 1.225034 0.02024698 1.213133 0.02024698 1.213133 0.008346974 1.236934 0.008346974 1.236934 0.02024698 1.225034 0.02024698 1.236934 0.032148 1.225034 0.032148 1.225034 0.02024698 1.248836 0.008346974 1.248836 0.02024698 1.236934 0.02024698 1.248836 0.02024698 1.248836 0.032148 1.236934 0.032148 1.236934 0.04404795 1.225034 0.04404795 1.225034 0.032148 1.248836 0.04404795 1.236934 0.04404795 1.236934 0.032148 1.236934 0.05594897 1.225034 0.05594897 1.225034 0.04404795 1.248836 0.05594897 1.236934 0.05594897 1.236934 0.04404795 1.236934 0.06784999 1.225034 0.06784999 1.225034 0.05594897 1.248836 0.05594897 1.248836 0.06784999 1.236934 0.06784999 1.236934 0.07975 1.225034 0.07975 1.225034 0.06784999 1.248836 0.06784999 1.248836 0.07975 1.236934 0.07975 1.236934 0.09165 1.225034 0.09165 1.225034 0.07975 1.248836 0.07975 1.248836 0.09165 1.236934 0.09165 1.236934 0.103551 1.225034 0.103551 1.225034 0.09165 1.248836 0.103551 1.236934 0.103551 1.236934 0.09165 1.236934 0.115452 1.225034 0.115452 1.225034 0.103551 1.248836 0.115452 1.236934 0.115452 1.236934 0.103551 1.248836 0.115452 1.248836 0.1273519 1.236934 0.1273519 1.236934 0.115452 1.236934 0.1273519 1.225034 0.1273519 1.225034 0.115452 1.213133 0.115452 1.213133 0.103551 1.225034 0.115452 1.225034 0.1273519 1.213133 0.1273519 1.225034 0.1273519 1.225034 0.139253 1.213133 0.139253 1.236934 0.1273519 1.236934 0.139253 1.225034 0.139253 1.225034 0.139253 1.225034 0.151153 1.213133 0.151153 1.236934 0.139253 1.236934 0.151153 1.225034 0.151153 1.225034 0.151153 1.225034 0.163054 1.213133 0.163054 1.236934 0.163054 1.225034 0.163054 1.225034 0.151153 1.225034 0.163054 1.225034 0.1749539 1.213133 0.1749539 1.236934 0.1749539 1.225034 0.1749539 1.225034 0.163054 1.248836 0.1749539 1.236934 0.1749539 1.236934 0.163054 1.248836 0.163054 1.236934 0.163054 1.236934 0.151153 1.248836 0.163054 1.248836 0.151153 1.248836 0.151153 1.248836 0.1749539 1.248836 0.163054 1.248836 0.163054 1.236934 0.163054 1.236934 0.1749539 1.248836 0.1749539 1.236934 0.1749539 1.236934 0.186855 1.248836 0.186855 1.248836 0.151153 1.248836 0.139253 1.248836 0.139253 1.248836 0.151153 1.236934 0.151153 1.236934 0.139253 1.248836 0.1273519 1.248836 0.139253 1.236934 0.139253 1.248836 0.139253 1.248836 0.139253 1.248836 0.1273519 1.248836 0.1273519 1.248836 0.1273519 1.248836 0.115452 1.213133 0.163054 1.213133 0.1749539 1.201232 0.1749539 1.213133 0.151153 1.213133 0.163054 1.201232 0.163054 1.213133 0.1749539 1.213133 0.186855 1.201232 0.186855 1.201232 0.1749539 1.189332 0.1749539 1.189332 0.163054 1.201232 0.186855 1.189332 0.186855 1.189332 0.1749539 1.201232 0.198755 1.189332 0.198755 1.189332 0.186855 1.213133 0.186855 1.213133 0.198755 1.201232 0.198755 1.213133 0.198755 1.213133 0.210656 1.201232 0.210656 1.201232 0.198755 1.201232 0.210656 1.189332 0.210656 1.189332 0.198755 1.177432 0.198755 1.177432 0.186855 1.189332 0.210656 1.177432 0.210656 1.177432 0.198755 1.189332 0.222557 1.177432 0.222557 1.177432 0.210656 1.201232 0.210656 1.201232 0.222557 1.189332 0.222557 1.189332 0.234457 1.177432 0.234457 1.177432 0.222557 1.177432 0.234457 1.165532 0.234457 1.165532 0.222557 1.177432 0.222557 1.165532 0.222557 1.165532 0.210656 1.165532 0.222557 1.15363 0.222557 1.15363 0.210656 1.165532 0.234457 1.15363 0.234457 1.15363 0.222557 1.165532 0.246358 1.15363 0.246358 1.15363 0.234457 1.177432 0.246358 1.165532 0.246358 1.165532 0.234457 1.15363 0.234457 1.15363 0.246358 1.14173 0.246358 1.15363 0.234457 1.14173 0.234457 1.14173 0.222557 1.14173 0.246358 1.129829 0.246358 1.129829 0.234457 1.14173 0.234457 1.129829 0.234457 1.129829 0.222557 1.15363 0.222557 1.14173 0.222557 1.14173 0.210656 1.14173 0.210656 1.14173 0.222557 1.129829 0.222557 1.129829 0.222557 1.129829 0.234457 1.11793 0.234457 1.129829 0.210656 1.129829 0.222557 1.11793 0.222557 1.14173 0.198755 1.14173 0.210656 1.129829 0.210656 1.129829 0.198755 1.129829 0.210656 1.11793 0.210656 1.11793 0.198755 1.11793 0.210656 1.106028 0.210656 1.11793 0.210656 1.11793 0.222557 1.106028 0.222557 1.106028 0.210656 1.094128 0.210656 1.094128 0.198755 1.106028 0.210656 1.106028 0.222557 1.094128 0.222557 1.106028 0.222557 1.106028 0.234457 1.094128 0.234457 1.11793 0.222557 1.11793 0.234457 1.106028 0.234457 1.106028 0.234457 1.106028 0.246358 1.094128 0.246358 1.11793 0.246358 1.106028 0.246358 1.106028 0.234457 1.129829 0.246358 1.11793 0.246358 1.11793 0.234457 1.094128 0.234457 1.082228 0.234457 1.082228 0.222557 1.094128 0.246358 1.082228 0.246358 1.082228 0.234457 1.082228 0.234457 1.070327 0.234457 1.070327 0.222557 1.082228 0.234457 1.082228 0.246358 1.070327 0.246358 1.070327 0.234457 1.070327 0.246358 1.058427 0.246358 1.070327 0.222557 1.070327 0.234457 1.058427 0.234457 1.082228 0.210656 1.082228 0.222557 1.070327 0.222557 1.070327 0.222557 1.058427 0.222557 1.058427 0.210656 1.058427 0.234457 1.046525 0.234457 1.046525 0.222557 1.070327 0.210656 1.058427 0.210656 1.058427 0.198755 1.082228 0.210656 1.070327 0.210656 1.070327 0.198755 1.094128 0.210656 1.094128 0.222557 1.082228 0.222557 1.094128 0.210656 1.082228 0.210656 1.082228 0.198755 1.094128 0.186855 1.094128 0.198755 1.082228 0.198755 1.106028 0.198755 1.094128 0.198755 1.094128 0.186855 1.094128 0.1749539 1.094128 0.186855 1.082228 0.186855 1.106028 0.1749539 1.106028 0.186855 1.094128 0.186855 1.11793 0.186855 1.11793 0.198755 1.106028 0.198755 1.11793 0.1749539 1.11793 0.186855 1.106028 0.186855 1.11793 0.1749539 1.106028 0.1749539 1.106028 0.163054 1.129829 0.1749539 1.11793 0.1749539 1.11793 0.163054 1.129829 0.186855 1.11793 0.186855 1.11793 0.1749539 1.14173 0.186855 1.129829 0.186855 1.129829 0.1749539 1.14173 0.1749539 1.129829 0.1749539 1.129829 0.163054 1.129829 0.163054 1.11793 0.163054 1.11793 0.151153 1.14173 0.163054 1.129829 0.163054 1.129829 0.151153 1.14173 0.151153 1.129829 0.151153 1.129829 0.139253 1.15363 0.151153 1.14173 0.151153 1.14173 0.139253 1.15363 0.163054 1.14173 0.163054 1.14173 0.151153 1.165532 0.163054 1.15363 0.163054 1.15363 0.151153 1.165532 0.151153 1.15363 0.151153 1.15363 0.139253 1.15363 0.139253 1.14173 0.139253 1.14173 0.1273519 1.165532 0.139253 1.15363 0.139253 1.15363 0.1273519 1.165532 0.1273519 1.15363 0.1273519 1.15363 0.115452 1.177432 0.1273519 1.165532 0.1273519 1.165532 0.115452 1.177432 0.139253 1.165532 0.139253 1.165532 0.1273519 1.189332 0.1273519 1.189332 0.139253 1.177432 0.139253 1.189332 0.115452 1.189332 0.1273519 1.177432 0.1273519 1.177432 0.115452 1.165532 0.115452 1.165532 0.103551 1.189332 0.115452 1.177432 0.115452 1.177432 0.103551 1.189332 0.09165 1.189332 0.103551 1.177432 0.103551 1.201232 0.09165 1.201232 0.103551 1.189332 0.103551 1.201232 0.115452 1.189332 0.115452 1.189332 0.103551 1.213133 0.115452 1.201232 0.115452 1.201232 0.103551 1.213133 0.09165 1.213133 0.103551 1.201232 0.103551 1.201232 0.07975 1.201232 0.09165 1.189332 0.09165 1.213133 0.07975 1.213133 0.09165 1.201232 0.09165 1.213133 0.06784999 1.213133 0.07975 1.201232 0.07975 1.225034 0.07975 1.213133 0.07975 1.213133 0.06784999 1.225034 0.07975 1.225034 0.09165 1.213133 0.09165 1.213133 0.06784999 1.201232 0.06784999 1.201232 0.05594897 1.225034 0.06784999 1.213133 0.06784999 1.213133 0.05594897 1.225034 0.103551 1.213133 0.103551 1.213133 0.09165 1.201232 0.115452 1.201232 0.1273519 1.189332 0.1273519 1.213133 0.115452 1.213133 0.1273519 1.201232 0.1273519 1.201232 0.1273519 1.201232 0.139253 1.189332 0.139253 1.213133 0.1273519 1.213133 0.139253 1.201232 0.139253 1.201232 0.139253 1.201232 0.151153 1.189332 0.151153 1.213133 0.139253 1.213133 0.151153 1.201232 0.151153 1.201232 0.151153 1.201232 0.163054 1.189332 0.163054 1.189332 0.151153 1.189332 0.163054 1.177432 0.163054 1.189332 0.139253 1.189332 0.151153 1.177432 0.151153 1.189332 0.1749539 1.177432 0.1749539 1.177432 0.163054 1.177432 0.151153 1.177432 0.163054 1.165532 0.163054 1.177432 0.1749539 1.165532 0.1749539 1.165532 0.163054 1.177432 0.186855 1.165532 0.186855 1.165532 0.1749539 1.189332 0.186855 1.177432 0.186855 1.177432 0.1749539 1.177432 0.198755 1.165532 0.198755 1.165532 0.186855 1.165532 0.186855 1.165532 0.198755 1.15363 0.198755 1.165532 0.186855 1.15363 0.186855 1.15363 0.1749539 1.15363 0.1749539 1.15363 0.186855 1.14173 0.186855 1.15363 0.198755 1.14173 0.198755 1.14173 0.186855 1.15363 0.210656 1.14173 0.210656 1.14173 0.198755 1.165532 0.210656 1.15363 0.210656 1.15363 0.198755 1.14173 0.186855 1.14173 0.198755 1.129829 0.198755 1.15363 0.1749539 1.14173 0.1749539 1.14173 0.163054 1.165532 0.1749539 1.15363 0.1749539 1.15363 0.163054 1.177432 0.210656 1.165532 0.210656 1.165532 0.198755 1.177432 0.151153 1.165532 0.151153 1.165532 0.139253 1.189332 0.09165 1.177432 0.09165 1.177432 0.07975 1.165532 0.103551 1.165532 0.115452 1.15363 0.115452 1.14173 0.1273519 1.14173 0.139253 1.129829 0.139253 1.129829 0.186855 1.129829 0.198755 1.11793 0.198755 1.11793 0.163054 1.106028 0.163054 1.106028 0.151153 1.058427 0.234457 1.058427 0.246358 1.046525 0.246358 1.213133 0.210656 1.213133 0.222557 1.201232 0.222557 1.248836 0.115452 1.248836 0.103551 1.248836 0.103551 1.201232 0.02024698 1.189332 0.02024698 1.189332 0.008346974 1.201232 0.032148 1.189332 0.032148 1.189332 0.02024698 1.189332 0.02024698 1.189332 0.032148 1.177432 0.032148 1.189332 0.008346974 1.189332 0.02024698 1.177432 0.02024698 1.177432 0.02024698 1.177432 0.032148 1.165532 0.032148 1.177432 0.008346974 1.177432 0.02024698 1.165532 0.02024698 1.177432 0.032148 1.177432 0.04404795 1.165532 0.04404795 1.165532 0.032148 1.15363 0.032148 1.15363 0.02024698 1.165532 0.032148 1.165532 0.04404795 1.15363 0.04404795 1.165532 0.04404795 1.165532 0.05594897 1.15363 0.05594897 1.177432 0.04404795 1.177432 0.05594897 1.165532 0.05594897 1.15363 0.04404795 1.15363 0.05594897 1.14173 0.05594897 1.15363 0.032148 1.15363 0.04404795 1.14173 0.04404795 1.15363 0.05594897 1.15363 0.06784999 1.14173 0.06784999 1.14173 0.05594897 1.129829 0.05594897 1.129829 0.04404795 1.14173 0.06784999 1.129829 0.06784999 1.129829 0.05594897 1.14173 0.07975 1.129829 0.07975 1.129829 0.06784999 1.15363 0.07975 1.14173 0.07975 1.14173 0.06784999 1.129829 0.07975 1.11793 0.07975 1.11793 0.06784999 1.129829 0.06784999 1.11793 0.06784999 1.11793 0.05594897 1.129829 0.07975 1.129829 0.09165 1.11793 0.09165 1.11793 0.07975 1.106028 0.07975 1.106028 0.06784999 1.11793 0.07975 1.11793 0.09165 1.106028 0.09165 1.11793 0.09165 1.11793 0.103551 1.106028 0.103551 1.129829 0.09165 1.129829 0.103551 1.11793 0.103551 1.106028 0.09165 1.106028 0.103551 1.094128 0.103551 1.106028 0.09165 1.094128 0.09165 1.094128 0.07975 1.106028 0.115452 1.094128 0.115452 1.094128 0.103551 1.094128 0.09165 1.094128 0.103551 1.082228 0.103551 1.094128 0.115452 1.082228 0.115452 1.082228 0.103551 1.094128 0.1273519 1.082228 0.1273519 1.082228 0.115452 1.106028 0.1273519 1.094128 0.1273519 1.094128 0.115452 1.082228 0.1273519 1.070327 0.1273519 1.070327 0.115452 1.082228 0.115452 1.070327 0.115452 1.070327 0.103551 1.082228 0.139253 1.070327 0.139253 1.070327 0.1273519 1.070327 0.1273519 1.058427 0.1273519 1.058427 0.115452 1.070327 0.1273519 1.070327 0.139253 1.058427 0.139253 1.070327 0.139253 1.070327 0.151153 1.058427 0.151153 1.082228 0.139253 1.082228 0.151153 1.070327 0.151153 1.058427 0.139253 1.058427 0.151153 1.046525 0.151153 1.058427 0.1273519 1.058427 0.139253 1.046525 0.139253 1.058427 0.151153 1.058427 0.163054 1.046525 0.163054 1.046525 0.139253 1.046525 0.151153 1.034626 0.151153 1.046525 0.151153 1.046525 0.163054 1.034626 0.163054 1.046525 0.163054 1.046525 0.1749539 1.034626 0.1749539 1.058427 0.163054 1.058427 0.1749539 1.046525 0.1749539 1.034626 0.1749539 1.022724 0.1749539 1.022724 0.163054 1.034626 0.151153 1.034626 0.163054 1.022724 0.163054 1.034626 0.186855 1.022724 0.186855 1.022724 0.1749539 1.022724 0.163054 1.022724 0.1749539 1.010824 0.1749539 1.022724 0.1749539 1.022724 0.186855 1.010824 0.186855 1.022724 0.198755 1.010824 0.198755 1.010824 0.186855 1.034626 0.198755 1.022724 0.198755 1.022724 0.186855 1.022724 0.198755 1.022724 0.210656 1.010824 0.210656 1.010824 0.198755 1.010824 0.210656 1.010824 0.210656 1.010824 0.186855 1.010824 0.186855 1.010824 0.198755 1.022724 0.198755 1.010824 0.198755 1.010824 0.210656 1.010824 0.186855 1.010824 0.198755 1.022724 0.198755 1.022724 0.1749539 1.010824 0.1749539 1.010824 0.186855 1.010824 0.1749539 1.010824 0.186855 1.010824 0.186855 1.010824 0.163054 1.010824 0.163054 1.010824 0.1749539 1.022724 0.163054 1.010824 0.163054 1.010824 0.1749539 1.022724 0.1749539 1.022724 0.186855 1.034626 0.186855 1.022724 0.163054 1.022724 0.1749539 1.034626 0.1749539 1.022724 0.151153 1.010824 0.151153 1.010824 0.163054 1.034626 0.151153 1.022724 0.151153 1.022724 0.163054 1.022724 0.139253 1.022724 0.151153 1.034626 0.151153 1.022724 0.139253 1.010824 0.139253 1.010824 0.151153 1.046525 0.139253 1.034626 0.139253 1.034626 0.151153 1.046525 0.151153 1.034626 0.151153 1.034626 0.163054 1.058427 0.151153 1.046525 0.151153 1.046525 0.163054 1.058427 0.139253 1.046525 0.139253 1.046525 0.151153 1.034626 0.1273519 1.034626 0.139253 1.046525 0.139253 1.058427 0.1273519 1.046525 0.1273519 1.046525 0.139253 1.058427 0.115452 1.046525 0.115452 1.046525 0.1273519 1.046525 0.115452 1.034626 0.115452 1.034626 0.1273519 1.058427 0.115452 1.058427 0.1273519 1.070327 0.1273519 1.070327 0.1273519 1.058427 0.1273519 1.058427 0.139253 1.070327 0.1273519 1.070327 0.139253 1.082228 0.139253 1.070327 0.115452 1.070327 0.1273519 1.082228 0.1273519 1.058427 0.103551 1.058427 0.115452 1.070327 0.115452 1.070327 0.103551 1.070327 0.115452 1.082228 0.115452 1.082228 0.09165 1.070327 0.09165 1.070327 0.103551 1.070327 0.09165 1.058427 0.09165 1.058427 0.103551 1.094128 0.09165 1.082228 0.09165 1.082228 0.103551 1.082228 0.103551 1.082228 0.115452 1.094128 0.115452 1.094128 0.103551 1.094128 0.115452 1.106028 0.115452 1.106028 0.09165 1.094128 0.09165 1.094128 0.103551 1.094128 0.07975 1.082228 0.07975 1.082228 0.09165 1.094128 0.07975 1.094128 0.09165 1.106028 0.09165 1.106028 0.06784999 1.094128 0.06784999 1.094128 0.07975 1.082228 0.06784999 1.082228 0.07975 1.094128 0.07975 1.106028 0.06784999 1.106028 0.07975 1.11793 0.07975 1.11793 0.07975 1.106028 0.07975 1.106028 0.09165 1.129829 0.07975 1.11793 0.07975 1.11793 0.09165 1.11793 0.06784999 1.11793 0.07975 1.129829 0.07975 1.106028 0.05594897 1.106028 0.06784999 1.11793 0.06784999 1.11793 0.05594897 1.11793 0.06784999 1.129829 0.06784999 1.11793 0.04404795 1.11793 0.05594897 1.129829 0.05594897 1.106028 0.04404795 1.106028 0.05594897 1.11793 0.05594897 1.129829 0.04404795 1.129829 0.05594897 1.14173 0.05594897 1.129829 0.05594897 1.129829 0.06784999 1.14173 0.06784999 1.15363 0.05594897 1.14173 0.05594897 1.14173 0.06784999 1.15363 0.04404795 1.14173 0.04404795 1.14173 0.05594897 1.129829 0.032148 1.129829 0.04404795 1.14173 0.04404795 1.15363 0.032148 1.14173 0.032148 1.14173 0.04404795 1.14173 0.02024698 1.14173 0.032148 1.15363 0.032148 1.14173 0.02024698 1.129829 0.02024698 1.129829 0.032148 1.15363 0.02024698 1.15363 0.032148 1.165532 0.032148 1.165532 0.032148 1.15363 0.032148 1.15363 0.04404795 1.177432 0.032148 1.165532 0.032148 1.165532 0.04404795 1.177432 0.02024698 1.165532 0.02024698 1.165532 0.032148 1.165532 0.04404795 1.15363 0.04404795 1.15363 0.05594897 1.177432 0.04404795 1.165532 0.04404795 1.165532 0.05594897 1.15363 0.05594897 1.15363 0.06784999 1.165532 0.06784999 1.177432 0.05594897 1.165532 0.05594897 1.165532 0.06784999 1.165532 0.06784999 1.15363 0.06784999 1.15363 0.07975 1.177432 0.06784999 1.165532 0.06784999 1.165532 0.07975 1.165532 0.07975 1.15363 0.07975 1.15363 0.09165 1.165532 0.07975 1.165532 0.09165 1.177432 0.09165 1.165532 0.09165 1.15363 0.09165 1.15363 0.103551 1.165532 0.09165 1.165532 0.103551 1.177432 0.103551 1.189332 0.09165 1.177432 0.09165 1.177432 0.103551 1.177432 0.07975 1.177432 0.09165 1.189332 0.09165 1.165532 0.103551 1.165532 0.115452 1.177432 0.115452 1.177432 0.103551 1.177432 0.115452 1.189332 0.115452 1.165532 0.115452 1.165532 0.1273519 1.177432 0.1273519 1.189332 0.115452 1.177432 0.115452 1.177432 0.1273519 1.165532 0.1273519 1.165532 0.139253 1.177432 0.139253 1.189332 0.1273519 1.177432 0.1273519 1.177432 0.139253 1.165532 0.139253 1.165532 0.151153 1.177432 0.151153 1.189332 0.139253 1.177432 0.139253 1.177432 0.151153 1.177432 0.151153 1.165532 0.151153 1.165532 0.163054 1.189332 0.151153 1.177432 0.151153 1.177432 0.163054 1.177432 0.163054 1.177432 0.1749539 1.189332 0.1749539 1.165532 0.163054 1.165532 0.1749539 1.177432 0.1749539 1.15363 0.151153 1.15363 0.163054 1.165532 0.163054 1.15363 0.163054 1.15363 0.1749539 1.165532 0.1749539 1.15363 0.1749539 1.15363 0.186855 1.165532 0.186855 1.165532 0.1749539 1.165532 0.186855 1.177432 0.186855 1.165532 0.186855 1.15363 0.186855 1.15363 0.198755 1.165532 0.186855 1.165532 0.198755 1.177432 0.198755 1.15363 0.198755 1.15363 0.210656 1.165532 0.210656 1.165532 0.198755 1.165532 0.210656 1.177432 0.210656 1.15363 0.210656 1.15363 0.222557 1.165532 0.222557 1.177432 0.210656 1.165532 0.210656 1.165532 0.222557 1.177432 0.210656 1.177432 0.222557 1.189332 0.222557 1.177432 0.198755 1.177432 0.210656 1.189332 0.210656 1.201232 0.198755 1.189332 0.198755 1.189332 0.210656 1.201232 0.210656 1.189332 0.210656 1.189332 0.222557 1.189332 0.186855 1.189332 0.198755 1.201232 0.198755 1.177432 0.186855 1.177432 0.198755 1.189332 0.198755 1.177432 0.1749539 1.177432 0.186855 1.189332 0.186855 1.189332 0.1749539 1.189332 0.186855 1.201232 0.186855 1.189332 0.163054 1.189332 0.1749539 1.201232 0.1749539 1.213133 0.163054 1.201232 0.163054 1.201232 0.1749539 1.213133 0.1749539 1.201232 0.1749539 1.201232 0.186855 1.201232 0.151153 1.189332 0.151153 1.189332 0.163054 1.213133 0.151153 1.201232 0.151153 1.201232 0.163054 1.213133 0.139253 1.201232 0.139253 1.201232 0.151153 1.201232 0.139253 1.189332 0.139253 1.189332 0.151153 1.213133 0.1273519 1.201232 0.1273519 1.201232 0.139253 1.201232 0.1273519 1.189332 0.1273519 1.189332 0.139253 1.201232 0.115452 1.189332 0.115452 1.189332 0.1273519 1.213133 0.115452 1.201232 0.115452 1.201232 0.1273519 1.201232 0.103551 1.201232 0.115452 1.213133 0.115452 1.189332 0.103551 1.189332 0.115452 1.201232 0.115452 1.213133 0.103551 1.213133 0.115452 1.225034 0.115452 1.225034 0.115452 1.213133 0.115452 1.213133 0.1273519 1.213133 0.09165 1.201232 0.09165 1.201232 0.103551 1.213133 0.09165 1.213133 0.103551 1.225034 0.103551 1.213133 0.07975 1.213133 0.09165 1.225034 0.09165 1.213133 0.07975 1.201232 0.07975 1.201232 0.09165 1.201232 0.09165 1.189332 0.09165 1.189332 0.103551 1.201232 0.07975 1.189332 0.07975 1.189332 0.09165 1.213133 0.06784999 1.201232 0.06784999 1.201232 0.07975 1.201232 0.06784999 1.189332 0.06784999 1.189332 0.07975 1.189332 0.06784999 1.177432 0.06784999 1.177432 0.07975 1.189332 0.05594897 1.177432 0.05594897 1.177432 0.06784999 1.201232 0.05594897 1.189332 0.05594897 1.189332 0.06784999 1.189332 0.04404795 1.177432 0.04404795 1.177432 0.05594897 1.201232 0.04404795 1.189332 0.04404795 1.189332 0.05594897 1.189332 0.032148 1.189332 0.04404795 1.201232 0.04404795 1.189332 0.032148 1.177432 0.032148 1.177432 0.04404795 1.201232 0.04404795 1.201232 0.05594897 1.213133 0.05594897 1.201232 0.032148 1.201232 0.04404795 1.213133 0.04404795 1.189332 0.02024698 1.189332 0.032148 1.201232 0.032148 1.201232 0.02024698 1.201232 0.032148 1.213133 0.032148 1.213133 0.032148 1.213133 0.04404795 1.225034 0.04404795 1.213133 0.02024698 1.213133 0.032148 1.225034 0.032148 1.225034 0.032148 1.225034 0.04404795 1.236934 0.04404795 1.225034 0.02024698 1.225034 0.032148 1.236934 0.032148 1.213133 0.04404795 1.213133 0.05594897 1.225034 0.05594897 1.225034 0.04404795 1.225034 0.05594897 1.236934 0.05594897 1.213133 0.05594897 1.213133 0.06784999 1.225034 0.06784999 1.225034 0.05594897 1.225034 0.06784999 1.236934 0.06784999 1.213133 0.06784999 1.213133 0.07975 1.225034 0.07975 1.225034 0.06784999 1.225034 0.07975 1.236934 0.07975 1.201232 0.05594897 1.201232 0.06784999 1.213133 0.06784999 1.189332 0.02024698 1.177432 0.02024698 1.177432 0.032148 1.225034 0.1273519 1.213133 0.1273519 1.213133 0.139253 1.213133 0.186855 1.201232 0.186855 1.201232 0.198755 1.14173 0.210656 1.14173 0.222557 1.15363 0.222557 1.14173 0.198755 1.14173 0.210656 1.15363 0.210656 1.14173 0.222557 1.14173 0.234457 1.15363 0.234457 1.14173 0.210656 1.129829 0.210656 1.129829 0.222557 1.129829 0.222557 1.129829 0.234457 1.14173 0.234457 1.129829 0.210656 1.11793 0.210656 1.11793 0.222557 1.129829 0.222557 1.11793 0.222557 1.11793 0.234457 1.11793 0.222557 1.106028 0.222557 1.106028 0.234457 1.11793 0.210656 1.106028 0.210656 1.106028 0.222557 1.129829 0.198755 1.11793 0.198755 1.11793 0.210656 1.11793 0.198755 1.106028 0.198755 1.106028 0.210656 1.094128 0.198755 1.094128 0.210656 1.106028 0.210656 1.094128 0.210656 1.094128 0.222557 1.106028 0.222557 1.082228 0.198755 1.082228 0.210656 1.094128 0.210656 1.094128 0.210656 1.082228 0.210656 1.082228 0.222557 1.082228 0.210656 1.070327 0.210656 1.070327 0.222557 1.082228 0.198755 1.070327 0.198755 1.070327 0.210656 1.094128 0.186855 1.082228 0.186855 1.082228 0.198755 1.082228 0.186855 1.070327 0.186855 1.070327 0.198755 1.058427 0.186855 1.058427 0.198755 1.070327 0.198755 1.058427 0.198755 1.058427 0.210656 1.070327 0.210656 1.046525 0.186855 1.046525 0.198755 1.058427 0.198755 1.046525 0.198755 1.046525 0.210656 1.058427 0.210656 1.046525 0.210656 1.046525 0.222557 1.058427 0.222557 1.070327 0.210656 1.058427 0.210656 1.058427 0.222557 1.046525 0.222557 1.046525 0.234457 1.058427 0.234457 1.034626 0.210656 1.034626 0.222557 1.046525 0.222557 1.034626 0.222557 1.034626 0.234457 1.046525 0.234457 1.022724 0.210656 1.022724 0.222557 1.034626 0.222557 1.022724 0.222557 1.022724 0.234457 1.034626 0.234457 1.022724 0.222557 1.010824 0.222557 1.010824 0.234457 1.010824 0.210656 1.010824 0.222557 1.022724 0.222557 1.034626 0.198755 1.022724 0.198755 1.022724 0.210656 1.010824 0.210656 1.010824 0.222557 1.010824 0.222557 1.034626 0.198755 1.034626 0.210656 1.046525 0.210656 1.022724 0.186855 1.022724 0.198755 1.034626 0.198755 1.034626 0.186855 1.034626 0.198755 1.046525 0.198755 1.034626 0.1749539 1.034626 0.186855 1.046525 0.186855 1.046525 0.1749539 1.046525 0.186855 1.058427 0.186855 1.046525 0.163054 1.034626 0.163054 1.034626 0.1749539 1.058427 0.163054 1.046525 0.163054 1.046525 0.1749539 1.058427 0.1749539 1.058427 0.186855 1.070327 0.186855 1.058427 0.163054 1.058427 0.1749539 1.070327 0.1749539 1.058427 0.151153 1.058427 0.163054 1.070327 0.163054 1.082228 0.151153 1.070327 0.151153 1.070327 0.163054 1.070327 0.163054 1.070327 0.1749539 1.082228 0.1749539 1.094128 0.163054 1.082228 0.163054 1.082228 0.1749539 1.094128 0.151153 1.082228 0.151153 1.082228 0.163054 1.082228 0.139253 1.070327 0.139253 1.070327 0.151153 1.094128 0.139253 1.082228 0.139253 1.082228 0.151153 1.082228 0.1273519 1.082228 0.139253 1.094128 0.139253 1.094128 0.1273519 1.094128 0.139253 1.106028 0.139253 1.094128 0.139253 1.094128 0.151153 1.106028 0.151153 1.11793 0.139253 1.106028 0.139253 1.106028 0.151153 1.106028 0.1273519 1.106028 0.139253 1.11793 0.139253 1.094128 0.115452 1.094128 0.1273519 1.106028 0.1273519 1.106028 0.115452 1.106028 0.1273519 1.11793 0.1273519 1.11793 0.103551 1.106028 0.103551 1.106028 0.115452 1.129829 0.103551 1.11793 0.103551 1.11793 0.115452 1.129829 0.115452 1.11793 0.115452 1.11793 0.1273519 1.129829 0.115452 1.129829 0.1273519 1.14173 0.1273519 1.14173 0.103551 1.129829 0.103551 1.129829 0.115452 1.129829 0.09165 1.11793 0.09165 1.11793 0.103551 1.14173 0.09165 1.129829 0.09165 1.129829 0.103551 1.14173 0.07975 1.129829 0.07975 1.129829 0.09165 1.15363 0.07975 1.14173 0.07975 1.14173 0.09165 1.14173 0.09165 1.14173 0.103551 1.15363 0.103551 1.129829 0.06784999 1.129829 0.07975 1.14173 0.07975 1.14173 0.06784999 1.14173 0.07975 1.15363 0.07975 1.15363 0.103551 1.14173 0.103551 1.14173 0.115452 1.165532 0.103551 1.15363 0.103551 1.15363 0.115452 1.14173 0.115452 1.14173 0.1273519 1.15363 0.1273519 1.15363 0.115452 1.15363 0.1273519 1.165532 0.1273519 1.14173 0.1273519 1.14173 0.139253 1.15363 0.139253 1.15363 0.1273519 1.15363 0.139253 1.165532 0.139253 1.14173 0.139253 1.14173 0.151153 1.15363 0.151153 1.15363 0.139253 1.15363 0.151153 1.165532 0.151153 1.14173 0.151153 1.14173 0.163054 1.15363 0.163054 1.129829 0.151153 1.129829 0.163054 1.14173 0.163054 1.129829 0.139253 1.129829 0.151153 1.14173 0.151153 1.11793 0.139253 1.11793 0.151153 1.129829 0.151153 1.11793 0.151153 1.11793 0.163054 1.129829 0.163054 1.11793 0.163054 1.11793 0.1749539 1.129829 0.1749539 1.129829 0.163054 1.129829 0.1749539 1.14173 0.1749539 1.11793 0.1749539 1.11793 0.186855 1.129829 0.186855 1.129829 0.1749539 1.129829 0.186855 1.14173 0.186855 1.129829 0.186855 1.11793 0.186855 1.11793 0.198755 1.14173 0.186855 1.129829 0.186855 1.129829 0.198755 1.14173 0.198755 1.129829 0.198755 1.129829 0.210656 1.14173 0.186855 1.14173 0.198755 1.15363 0.198755 1.15363 0.1749539 1.14173 0.1749539 1.14173 0.186855 1.11793 0.1749539 1.106028 0.1749539 1.106028 0.186855 1.11793 0.186855 1.106028 0.186855 1.106028 0.198755 1.094128 0.186855 1.094128 0.198755 1.106028 0.198755 1.106028 0.1749539 1.094128 0.1749539 1.094128 0.186855 1.106028 0.163054 1.106028 0.1749539 1.11793 0.1749539 1.106028 0.163054 1.094128 0.163054 1.094128 0.1749539 1.094128 0.1749539 1.082228 0.1749539 1.082228 0.186855 1.106028 0.151153 1.094128 0.151153 1.094128 0.163054 1.106028 0.151153 1.106028 0.163054 1.11793 0.163054 1.14173 0.163054 1.14173 0.1749539 1.15363 0.1749539 1.129829 0.1273519 1.11793 0.1273519 1.11793 0.139253 1.14173 0.1273519 1.129829 0.1273519 1.129829 0.139253 1.11793 0.09165 1.106028 0.09165 1.106028 0.103551 1.082228 0.115452 1.082228 0.1273519 1.094128 0.1273519 1.082228 0.1749539 1.070327 0.1749539 1.070327 0.186855 1.070327 0.139253 1.058427 0.139253 1.058427 0.151153 1.11793 0.032148 1.11793 0.04404795 1.129829 0.04404795 1.11793 0.02024698 1.11793 0.032148 1.129829 0.032148 1.106028 0.032148 1.106028 0.04404795 1.11793 0.04404795 1.106028 0.02024698 1.106028 0.032148 1.11793 0.032148 1.094128 0.032148 1.094128 0.04404795 1.106028 0.04404795 1.094128 0.02024698 1.094128 0.032148 1.106028 0.032148 1.106028 0.04404795 1.094128 0.04404795 1.094128 0.05594897 1.094128 0.032148 1.082228 0.032148 1.082228 0.04404795 1.094128 0.04404795 1.082228 0.04404795 1.082228 0.05594897 1.082228 0.05594897 1.082228 0.06784999 1.094128 0.06784999 1.094128 0.05594897 1.094128 0.06784999 1.106028 0.06784999 1.082228 0.05594897 1.070327 0.05594897 1.070327 0.06784999 1.082228 0.04404795 1.070327 0.04404795 1.070327 0.05594897 1.082228 0.06784999 1.070327 0.06784999 1.070327 0.07975 1.070327 0.05594897 1.058427 0.05594897 1.058427 0.06784999 1.058427 0.06784999 1.058427 0.07975 1.070327 0.07975 1.070327 0.07975 1.058427 0.07975 1.058427 0.09165 1.082228 0.07975 1.070327 0.07975 1.070327 0.09165 1.046525 0.07975 1.046525 0.09165 1.058427 0.09165 1.046525 0.06784999 1.046525 0.07975 1.058427 0.07975 1.046525 0.09165 1.046525 0.103551 1.058427 0.103551 1.034626 0.07975 1.034626 0.09165 1.046525 0.09165 1.046525 0.09165 1.034626 0.09165 1.034626 0.103551 1.046525 0.103551 1.034626 0.103551 1.034626 0.115452 1.058427 0.103551 1.046525 0.103551 1.046525 0.115452 1.034626 0.103551 1.022724 0.103551 1.022724 0.115452 1.022724 0.09165 1.022724 0.103551 1.034626 0.103551 1.034626 0.115452 1.022724 0.115452 1.022724 0.1273519 1.022724 0.103551 1.010824 0.103551 1.010824 0.115452 1.022724 0.115452 1.010824 0.115452 1.010824 0.1273519 1.010824 0.1273519 1.010824 0.139253 1.022724 0.139253 1.022724 0.1273519 1.022724 0.139253 1.034626 0.139253 1.010824 0.1273519 1.010824 0.139253 1.010824 0.139253 1.010824 0.115452 1.010824 0.115452 1.010824 0.1273519 1.010824 0.139253 1.010824 0.151153 1.010824 0.151153 1.022724 0.139253 1.022724 0.151153 1.010824 0.151153 1.022724 0.139253 1.010824 0.139253 1.010824 0.1273519 1.034626 0.139253 1.022724 0.139253 1.022724 0.1273519 1.034626 0.151153 1.022724 0.151153 1.022724 0.139253 1.022724 0.151153 1.022724 0.163054 1.010824 0.163054 1.046525 0.139253 1.034626 0.139253 1.034626 0.1273519 1.034626 0.115452 1.034626 0.1273519 1.022724 0.1273519 1.046525 0.115452 1.046525 0.1273519 1.034626 0.1273519 1.046525 0.103551 1.046525 0.115452 1.034626 0.115452 1.034626 0.103551 1.034626 0.115452 1.022724 0.115452 1.058427 0.115452 1.058427 0.1273519 1.046525 0.1273519 1.058427 0.103551 1.058427 0.115452 1.046525 0.115452 1.046525 0.09165 1.046525 0.103551 1.034626 0.103551 1.058427 0.103551 1.046525 0.103551 1.046525 0.09165 1.058427 0.09165 1.046525 0.09165 1.046525 0.07975 1.046525 0.09165 1.034626 0.09165 1.034626 0.07975 1.070327 0.07975 1.070327 0.09165 1.058427 0.09165 1.070327 0.09165 1.070327 0.103551 1.058427 0.103551 1.082228 0.09165 1.082228 0.103551 1.070327 0.103551 1.082228 0.07975 1.082228 0.09165 1.070327 0.09165 1.070327 0.07975 1.058427 0.07975 1.058427 0.06784999 1.082228 0.06784999 1.082228 0.07975 1.070327 0.07975 1.082228 0.05594897 1.082228 0.06784999 1.070327 0.06784999 1.070327 0.05594897 1.070327 0.06784999 1.058427 0.06784999 1.094128 0.06784999 1.082228 0.06784999 1.082228 0.05594897 1.094128 0.07975 1.082228 0.07975 1.082228 0.06784999 1.106028 0.06784999 1.106028 0.07975 1.094128 0.07975 1.106028 0.05594897 1.106028 0.06784999 1.094128 0.06784999 1.094128 0.04404795 1.094128 0.05594897 1.082228 0.05594897 1.106028 0.04404795 1.106028 0.05594897 1.094128 0.05594897 1.106028 0.04404795 1.094128 0.04404795 1.094128 0.032148 1.094128 0.032148 1.094128 0.04404795 1.082228 0.04404795 1.11793 0.04404795 1.106028 0.04404795 1.106028 0.032148 1.11793 0.05594897 1.106028 0.05594897 1.106028 0.04404795 1.129829 0.05594897 1.11793 0.05594897 1.11793 0.04404795 1.129829 0.04404795 1.11793 0.04404795 1.11793 0.032148 1.11793 0.032148 1.106028 0.032148 1.106028 0.02024698 1.129829 0.032148 1.11793 0.032148 1.11793 0.02024698 1.11793 0.02024698 1.106028 0.02024698 1.106028 0.008346974 1.129829 0.02024698 1.11793 0.02024698 1.11793 0.008346974 1.14173 0.02024698 1.129829 0.02024698 1.129829 0.008346974 1.14173 0.02024698 1.14173 0.032148 1.129829 0.032148 1.15363 0.008346974 1.15363 0.02024698 1.14173 0.02024698 1.15363 0.032148 1.14173 0.032148 1.14173 0.02024698 1.14173 0.04404795 1.129829 0.04404795 1.129829 0.032148 1.165532 0.02024698 1.15363 0.02024698 1.15363 0.008346974 1.106028 0.008346974 1.106028 0.02024698 1.094128 0.02024698 1.106028 0.032148 1.094128 0.032148 1.094128 0.02024698 1.094128 0.02024698 1.094128 0.032148 1.082228 0.032148 1.094128 0.008346974 1.094128 0.02024698 1.082228 0.02024698 1.082228 0.02024698 1.082228 0.032148 1.070327 0.032148 1.082228 0.008346974 1.082228 0.02024698 1.070327 0.02024698 1.082228 0.032148 1.082228 0.04404795 1.070327 0.04404795 1.070327 0.02024698 1.070327 0.032148 1.058427 0.032148 1.070327 0.032148 1.070327 0.04404795 1.058427 0.04404795 1.070327 0.04404795 1.070327 0.05594897 1.058427 0.05594897 1.082228 0.04404795 1.082228 0.05594897 1.070327 0.05594897 1.058427 0.05594897 1.046525 0.05594897 1.046525 0.04404795 1.058427 0.032148 1.058427 0.04404795 1.046525 0.04404795 1.058427 0.05594897 1.058427 0.06784999 1.046525 0.06784999 1.046525 0.04404795 1.046525 0.05594897 1.034626 0.05594897 1.046525 0.05594897 1.046525 0.06784999 1.034626 0.06784999 1.046525 0.07975 1.034626 0.07975 1.034626 0.06784999 1.058427 0.07975 1.046525 0.07975 1.046525 0.06784999 1.034626 0.07975 1.022724 0.07975 1.022724 0.06784999 1.034626 0.05594897 1.034626 0.06784999 1.022724 0.06784999 1.034626 0.09165 1.022724 0.09165 1.022724 0.07975 1.022724 0.07975 1.010824 0.07975 1.010824 0.06784999 1.022724 0.09165 1.010824 0.09165 1.010824 0.07975 1.022724 0.103551 1.010824 0.103551 1.010824 0.09165 1.034626 0.103551 1.022724 0.103551 1.022724 0.09165 1.022724 0.103551 1.022724 0.115452 1.010824 0.115452 1.010824 0.103551 1.010824 0.115452 1.010824 0.115452 1.010824 0.09165 1.010824 0.103551 1.010824 0.103551 1.010824 0.09165 1.010824 0.103551 1.022724 0.103551 1.010824 0.07975 1.010824 0.07975 1.010824 0.09165 1.010824 0.07975 1.010824 0.09165 1.022724 0.09165 1.010824 0.06784999 1.010824 0.06784999 1.010824 0.07975 1.010824 0.06784999 1.010824 0.07975 1.022724 0.07975 1.022724 0.07975 1.022724 0.09165 1.034626 0.09165 1.022724 0.06784999 1.022724 0.07975 1.034626 0.07975 1.022724 0.05594897 1.010824 0.05594897 1.010824 0.06784999 1.034626 0.05594897 1.022724 0.05594897 1.022724 0.06784999 1.034626 0.04404795 1.022724 0.04404795 1.022724 0.05594897 1.022724 0.04404795 1.010824 0.04404795 1.010824 0.05594897 1.046525 0.04404795 1.034626 0.04404795 1.034626 0.05594897 1.046525 0.05594897 1.034626 0.05594897 1.034626 0.06784999 1.058427 0.05594897 1.046525 0.05594897 1.046525 0.06784999 1.046525 0.04404795 1.046525 0.05594897 1.058427 0.05594897 1.046525 0.032148 1.034626 0.032148 1.034626 0.04404795 1.058427 0.032148 1.046525 0.032148 1.046525 0.04404795 1.058427 0.02024698 1.046525 0.02024698 1.046525 0.032148 1.046525 0.02024698 1.034626 0.02024698 1.034626 0.032148 1.070327 0.02024698 1.058427 0.02024698 1.058427 0.032148 1.070327 0.032148 1.058427 0.032148 1.058427 0.04404795 1.082228 0.032148 1.070327 0.032148 1.070327 0.04404795 1.082228 0.02024698 1.070327 0.02024698 1.070327 0.032148 1.070327 0.04404795 1.058427 0.04404795 1.058427 0.05594897 1.094128 0.02024698 1.082228 0.02024698 1.082228 0.032148 1.034626 0.032148 1.022724 0.032148 1.022724 0.04404795 1.034626 0.02024698 1.022724 0.02024698 1.022724 0.032148 1.022724 0.032148 1.010824 0.032148 1.010824 0.04404795 1.022724 0.02024698 1.010824 0.02024698 1.010824 0.032148 1.010824 0.032148 1.010824 0.04404795 1.010824 0.04404795 1.010824 0.02024698 1.010824 0.032148 1.010824 0.032148 1.010824 0.04404795 1.010824 0.05594897 1.010824 0.05594897 1.022724 0.04404795 1.022724 0.05594897 1.010824 0.05594897 1.022724 0.032148 1.022724 0.04404795 1.010824 0.04404795 1.034626 0.032148 1.034626 0.04404795 1.022724 0.04404795 1.034626 0.04404795 1.034626 0.05594897 1.022724 0.05594897 1.022724 0.05594897 1.022724 0.06784999 1.010824 0.06784999 1.046525 0.032148 1.046525 0.04404795 1.034626 0.04404795 1.034626 0.02024698 1.034626 0.032148 1.022724 0.032148 1.046525 0.02024698 1.046525 0.032148 1.034626 0.032148 1.046525 0.02024698 1.034626 0.02024698 1.034626 0.008346974 1.058427 0.02024698 1.046525 0.02024698 1.046525 0.008346974 1.058427 0.02024698 1.058427 0.032148 1.046525 0.032148 1.070327 0.008346974 1.070327 0.02024698 1.058427 0.02024698 1.022724 0.02024698 1.022724 0.032148 1.010824 0.032148 1.010824 0.05594897 1.010824 0.06784999 1.010824 0.06784999 1.010824 0.008346974 1.010824 0.02024698 1.010824 0.02024698 1.034626 0.06784999 1.034626 0.07975 1.046525 0.07975 1.022724 0.115452 1.022724 0.1273519 1.010824 0.1273519 1.11793 0.06784999 1.106028 0.06784999 1.106028 0.05594897 1.094128 0.07975 1.094128 0.09165 1.082228 0.09165 1.070327 0.115452 1.058427 0.115452 1.058427 0.103551 1.010824 0.151153 1.010824 0.163054 1.010824 0.163054 1.022724 0.222557 1.010824 0.222557 1.010824 0.210656</float_array>
          <technique_common>
            <accessor source="#TrashGeneric_A_Paper_Crumple_C_001-mesh-map-0-array" count="5280" stride="2">
              <param name="S" type="float"/>
              <param name="T" type="float"/>
            </accessor>
          </technique_common>
        </source>
        <vertices id="TrashGeneric_A_Paper_Crumple_C_001-mesh-vertices">
          <input semantic="POSITION" source="#TrashGeneric_A_Paper_Crumple_C_001-mesh-positions"/>
        </vertices>
        <triangles material="AK_Trash_Generic_A-material" count="1760">
          <input semantic="VERTEX" source="#TrashGeneric_A_Paper_Crumple_C_001-mesh-vertices" offset="0"/>
          <input semantic="NORMAL" source="#TrashGeneric_A_Paper_Crumple_C_001-mesh-normals" offset="1"/>
          <input semantic="TEXCOORD" source="#TrashGeneric_A_Paper_Crumple_C_001-mesh-map-0" offset="2" set="0"/>
          <p>3 0 0 1 1 1 0 2 2 1 1 3 2 3 4 0 2 5 0 2 6 5 4 7 4 5 8 7 6 9 0 2 10 4 5 11 5 4 12 6 7 13 4 5 14 7 6 15 6 7 16 8 8 17 10 9 18 7 6 19 9 10 20 7 6 21 11 11 22 9 10 23 13 12 24 9 10 25 12 13 26 9 10 27 14 14 28 12 13 29 16 15 30 12 13 31 15 16 32 15 16 33 14 14 34 17 17 35 19 18 36 15 16 37 18 19 38 18 19 39 17 17 40 20 20 41 22 21 42 18 19 43 21 22 44 21 22 45 20 20 46 23 23 47 24 24 48 22 21 49 21 22 50 24 24 51 23 23 52 26 25 53 28 26 54 24 24 55 27 27 56 24 24 57 29 28 58 27 27 59 30 29 60 28 26 61 27 27 62 27 27 63 32 30 64 30 29 65 33 31 66 31 32 67 30 29 68 30 29 69 35 33 70 33 31 71 37 34 72 33 31 73 36 35 74 36 35 75 35 33 76 38 36 77 40 37 78 36 35 79 39 38 80 36 35 81 41 39 82 39 38 83 43 40 84 39 38 85 42 41 86 42 41 87 41 39 88 44 42 89 46 43 90 42 41 91 45 44 92 45 44 93 44 42 94 47 45 95 49 46 96 45 44 97 48 47 98 45 44 99 50 48 100 48 47 101 51 49 102 49 46 103 48 47 104 48 47 105 53 50 106 51 49 107 54 51 108 52 52 109 51 49 110 51 49 111 56 53 112 54 51 113 58 54 114 54 51 115 57 55 116 57 55 117 56 53 118 59 56 119 61 57 120 57 55 121 60 58 122 60 58 123 59 56 124 62 59 125 62 59 126 61 57 127 60 58 128 62 59 129 65 60 130 64 61 131 64 61 132 63 62 133 62 59 134 65 60 135 67 63 136 64 61 137 68 64 138 64 61 139 67 63 140 71 65 141 67 63 142 70 66 143 69 67 144 70 66 145 67 63 146 73 68 147 71 65 148 70 66 149 70 66 150 74 69 151 73 68 152 73 68 153 78 70 154 76 71 155 77 72 156 73 68 157 76 71 158 79 73 159 77 72 160 76 71 161 76 71 162 82 74 163 79 73 164 80 75 165 81 76 166 79 73 167 82 74 168 80 75 169 79 73 170 644 77 171 82 74 172 78 70 173 83 78 174 84 79 175 82 74 176 85 80 177 86 81 178 84 79 179 84 79 180 88 82 181 80 75 182 86 81 183 90 83 184 89 84 185 88 82 186 89 84 187 91 85 188 89 84 189 93 86 190 92 87 191 91 85 192 92 87 193 94 88 194 92 87 195 98 89 196 95 90 197 92 87 198 96 91 199 94 88 200 95 90 201 337 92 202 96 91 203 98 89 204 97 93 205 95 90 206 93 86 207 99 94 208 98 89 209 98 89 210 101 95 211 100 96 212 100 96 213 103 97 214 102 98 215 100 96 216 104 99 217 97 93 218 102 98 219 106 100 220 105 101 221 104 99 222 105 101 223 107 102 224 105 101 225 109 103 226 108 104 227 107 102 228 108 104 229 110 105 230 108 104 231 114 106 232 111 107 233 110 105 234 111 107 235 112 108 236 112 108 237 113 109 238 139 110 239 111 107 240 116 111 241 113 109 242 109 103 243 115 112 244 114 106 245 114 106 246 117 113 247 116 111 248 116 111 249 119 114 250 118 115 251 116 111 252 120 116 253 113 109 254 118 115 255 122 117 256 121 118 257 118 115 258 124 119 259 120 116 260 163 120 261 121 118 262 122 117 263 121 118 264 125 121 265 124 119 266 120 116 267 126 122 268 128 123 269 124 119 270 129 124 271 126 122 272 126 122 273 131 125 274 127 126 275 128 123 276 127 126 277 133 127 278 131 125 279 130 128 280 132 129 281 129 124 282 158 130 283 130 128 284 127 126 285 132 129 286 133 127 287 134 131 288 130 128 289 136 132 290 132 129 291 137 133 292 133 127 293 137 133 294 135 134 295 138 135 296 135 134 297 136 132 298 155 136 299 138 135 300 139 110 301 137 133 302 137 133 303 128 123 304 133 127 305 139 110 306 120 116 307 128 123 308 140 137 309 112 108 310 138 135 311 138 135 312 142 138 313 140 137 314 140 137 315 144 139 316 141 140 317 141 140 318 110 105 319 140 137 320 142 138 321 155 136 322 143 141 323 144 139 324 143 141 325 146 142 326 141 140 327 145 143 328 338 144 329 144 139 330 147 145 331 145 143 332 147 145 333 148 146 334 149 147 335 146 142 336 151 148 337 148 146 338 149 147 339 150 149 340 342 150 341 148 146 342 152 151 343 150 149 344 151 148 345 154 152 346 152 151 347 143 141 348 153 153 349 151 148 350 153 153 351 157 154 352 154 152 353 155 136 354 156 155 355 153 153 356 158 130 357 157 154 358 156 155 359 136 132 360 158 130 361 156 155 362 125 121 363 159 156 364 158 130 365 159 156 366 163 120 367 160 157 368 157 154 369 160 157 370 161 158 371 161 158 372 162 159 373 353 160 374 160 157 375 164 161 376 162 159 377 166 162 378 163 120 379 122 117 380 165 163 381 166 162 382 167 164 383 164 161 384 355 165 385 162 159 386 170 166 387 166 162 388 168 167 389 119 114 390 166 162 391 122 117 392 117 113 393 168 167 394 119 114 395 171 168 396 168 167 397 169 169 398 173 170 399 170 166 400 171 168 401 172 171 402 167 164 403 170 166 404 646 172 405 172 171 406 173 170 407 174 173 408 175 174 409 172 171 410 175 174 411 165 163 412 167 164 413 177 175 414 176 176 415 175 174 416 179 177 417 178 178 418 177 175 419 174 173 420 179 177 421 177 175 422 183 179 423 179 177 424 180 180 425 184 181 426 179 177 427 182 182 428 186 183 429 182 182 430 183 179 431 187 184 432 182 182 433 185 185 434 189 186 435 185 185 436 186 183 437 188 187 438 187 184 439 185 185 440 189 186 441 191 188 442 188 187 443 192 189 444 188 187 445 191 188 446 193 190 447 192 189 448 191 188 449 196 191 450 191 188 451 194 192 452 651 193 453 194 192 454 189 186 455 197 194 456 194 192 457 195 195 458 199 196 459 196 191 460 197 194 461 196 191 462 201 197 463 193 190 464 199 196 465 200 198 466 198 199 467 198 199 468 203 200 469 201 197 470 201 197 471 382 201 472 193 190 473 204 202 474 201 197 475 203 200 476 207 203 477 203 200 478 205 204 479 200 198 480 205 204 481 203 200 482 209 205 483 205 204 484 206 206 485 210 207 486 205 204 487 208 208 488 209 205 489 211 209 490 208 208 491 213 210 492 208 208 493 211 209 494 212 211 495 214 212 496 211 209 497 216 213 498 211 209 499 214 212 500 215 214 501 216 213 502 214 212 503 219 215 504 216 213 505 217 216 506 674 217 507 217 216 508 215 214 509 220 218 510 217 216 511 218 219 512 221 220 513 220 218 514 223 221 515 221 220 516 213 210 517 219 215 518 207 203 519 221 220 520 222 222 521 222 222 522 223 221 523 224 223 524 223 221 525 227 224 526 225 225 527 224 223 528 225 225 529 228 226 530 228 226 531 226 227 532 230 228 533 226 227 534 227 224 535 492 229 536 386 230 537 228 226 538 229 231 539 229 231 540 230 228 541 231 232 542 230 228 543 234 233 544 232 234 545 231 232 546 232 234 547 235 235 548 235 235 549 233 236 550 236 237 551 232 234 552 487 238 553 233 236 554 237 239 555 236 237 556 240 240 557 239 241 558 235 235 559 237 239 560 238 242 561 239 241 562 237 239 563 241 243 564 237 239 565 240 240 566 240 240 567 244 244 568 242 245 569 241 243 570 242 245 571 245 246 572 246 247 573 242 245 574 243 248 575 242 245 576 481 249 577 243 248 578 250 250 579 245 246 580 246 247 581 247 251 582 241 243 583 245 246 584 248 252 585 249 253 586 247 251 587 251 254 588 247 251 589 250 250 590 252 255 591 246 247 592 254 256 593 251 254 594 252 255 595 255 257 596 255 257 597 253 258 598 256 259 599 252 255 600 475 260 601 253 258 602 257 261 603 256 259 604 260 262 605 257 261 606 251 254 607 255 257 608 401 263 609 257 261 610 258 264 611 261 265 612 257 261 613 260 262 614 260 262 615 264 266 616 262 267 617 265 268 618 260 262 619 262 267 620 266 269 621 262 267 622 263 270 623 263 270 624 264 266 625 469 271 626 270 272 627 265 268 628 266 269 629 269 273 630 265 268 631 267 274 632 409 275 633 267 274 634 268 276 635 271 277 636 267 274 637 270 272 638 272 278 639 266 269 640 274 279 641 271 277 642 272 278 643 275 280 644 276 281 645 272 278 646 273 282 647 273 282 648 274 279 649 463 283 650 277 284 651 276 281 652 280 285 653 277 284 654 271 277 655 275 280 656 417 286 657 277 284 658 278 287 659 278 287 660 280 285 661 281 288 662 282 289 663 276 281 664 284 290 665 285 291 666 280 285 667 282 289 668 286 292 669 282 289 670 283 293 671 282 289 672 457 294 673 283 293 674 290 295 675 285 291 676 286 292 677 287 296 678 281 288 679 285 291 680 288 297 681 289 298 682 287 296 683 291 299 684 287 296 685 290 295 686 292 300 687 286 292 688 294 301 689 295 302 690 290 295 691 292 300 692 295 302 693 293 303 694 296 304 695 293 303 696 294 301 697 451 305 698 297 306 699 296 304 700 300 307 701 299 308 702 295 302 703 297 306 704 309 309 705 297 306 706 298 310 707 298 310 708 300 307 709 301 311 710 300 307 711 303 312 712 302 313 713 301 311 714 302 313 715 304 314 716 302 313 717 49 46 718 52 52 719 304 314 720 52 52 721 55 315 722 58 54 723 304 314 724 55 315 725 306 316 726 304 314 727 305 317 728 61 57 729 305 317 730 58 54 731 63 62 732 306 316 733 305 317 734 307 318 735 301 311 736 306 316 737 68 64 738 306 316 739 66 319 740 308 320 741 298 310 742 307 318 743 71 65 744 307 318 745 68 64 746 310 321 747 309 309 748 308 320 749 71 65 750 310 321 751 308 320 752 312 322 753 311 323 754 310 321 755 75 324 756 312 322 757 310 321 758 314 325 759 313 326 760 312 322 761 77 72 762 314 325 763 312 322 764 316 327 765 315 328 766 314 325 767 318 329 768 314 325 769 81 76 770 319 330 771 317 331 772 316 327 773 320 332 774 316 327 775 318 329 776 320 332 777 321 333 778 319 330 779 319 330 780 324 334 781 322 335 782 322 335 783 421 336 784 317 331 785 322 335 786 325 337 787 323 338 788 324 334 789 327 339 790 325 337 791 321 333 792 326 340 793 324 334 794 326 340 795 330 341 796 327 339 797 328 342 798 329 343 799 326 340 800 329 343 801 333 344 802 330 341 803 334 345 804 329 343 805 331 346 806 332 347 807 342 150 808 333 344 809 147 145 810 332 347 811 334 345 812 145 143 813 334 345 814 335 348 815 335 348 816 331 346 817 336 349 818 335 348 819 96 91 820 337 92 821 145 143 822 337 92 823 338 144 824 97 93 825 338 144 826 337 92 827 104 99 828 141 140 829 338 144 830 336 349 831 94 88 832 96 91 833 336 349 834 328 342 835 339 350 836 340 351 837 328 342 838 321 333 839 94 88 840 340 351 841 91 85 842 91 85 843 320 332 844 88 82 845 333 344 846 343 352 847 341 353 848 330 341 849 341 353 850 431 354 851 342 150 852 345 355 853 343 352 854 343 352 855 434 356 856 341 353 857 345 355 858 344 357 859 343 352 860 347 358 861 346 359 862 345 355 863 150 149 864 347 358 865 345 355 866 152 151 867 348 360 868 347 358 869 347 358 870 351 361 871 349 362 872 349 362 873 439 363 874 346 359 875 351 361 876 350 364 877 349 362 878 353 160 879 352 365 880 351 361 881 348 360 882 353 160 883 351 361 884 162 159 885 354 366 886 353 160 887 355 165 888 356 367 889 354 366 890 354 366 891 357 368 892 352 365 893 356 367 894 447 369 895 357 368 896 359 370 897 358 371 898 356 367 899 176 176 900 360 372 901 359 370 902 165 163 903 359 370 904 355 165 905 360 372 906 181 373 907 361 374 908 360 372 909 363 375 910 358 371 911 181 373 912 362 376 913 361 374 914 361 374 915 365 377 916 363 375 917 358 371 918 364 378 919 447 369 920 364 378 921 365 377 922 367 379 923 365 377 924 378 380 925 366 381 926 367 379 927 366 381 928 369 382 929 446 383 930 367 379 931 368 384 932 368 384 933 369 382 934 370 385 935 370 385 936 371 386 937 372 387 938 369 382 939 374 388 940 371 386 941 371 386 942 389 389 943 372 387 944 371 386 945 375 390 946 373 391 947 374 388 948 377 392 949 375 390 950 366 381 951 376 393 952 374 388 953 376 393 954 192 189 955 377 392 956 187 184 957 376 393 958 378 380 959 184 181 960 378 380 961 362 376 962 377 392 963 380 394 964 375 390 965 192 189 966 379 395 967 377 392 968 379 395 969 384 396 970 380 394 971 379 395 972 202 397 973 381 398 974 381 398 975 204 202 976 383 399 977 384 396 978 383 399 979 386 230 980 387 400 981 384 396 982 385 401 983 384 396 984 229 231 985 385 401 986 383 399 987 224 223 988 386 230 989 385 401 990 231 232 991 239 241 992 387 400 993 239 241 994 388 402 995 373 391 996 380 394 997 387 400 998 373 391 999 388 402 1000 389 389 1001 390 403 1002 388 402 1003 238 242 1004 372 387 1005 390 403 1006 391 404 1007 249 253 1008 238 242 1009 241 243 1010 393 405 1011 390 403 1012 249 253 1013 392 406 1014 372 387 1015 391 404 1016 394 407 1017 391 404 1018 393 405 1019 394 407 1020 248 252 1021 395 408 1022 396 409 1023 395 408 1024 399 410 1025 398 411 1026 394 407 1027 396 409 1028 444 412 1029 396 409 1030 397 413 1031 397 413 1032 399 410 1033 400 414 1034 399 410 1035 259 415 1036 401 263 1037 400 414 1038 401 263 1039 402 416 1040 402 416 1041 258 264 1042 403 417 1043 404 418 1044 403 417 1045 407 419 1046 406 420 1047 402 416 1048 404 418 1049 436 421 1050 404 418 1051 405 422 1052 405 422 1053 407 419 1054 408 423 1055 407 419 1056 269 273 1057 409 275 1058 408 423 1059 409 275 1060 410 424 1061 410 424 1062 268 276 1063 411 425 1064 412 426 1065 411 425 1066 415 427 1067 414 428 1068 410 424 1069 412 426 1070 413 429 1071 414 428 1072 412 426 1073 416 430 1074 412 426 1075 415 427 1076 415 427 1077 279 431 1078 417 286 1079 416 430 1080 417 286 1081 418 432 1082 419 433 1083 417 286 1084 278 287 1085 423 434 1086 418 432 1087 419 433 1088 422 435 1089 418 432 1090 420 436 1091 323 338 1092 420 436 1093 421 336 1094 424 437 1095 420 436 1096 423 434 1097 425 438 1098 419 433 1099 289 298 1100 426 439 1101 423 434 1102 425 438 1103 427 440 1104 425 438 1105 288 297 1106 313 326 1107 427 440 1108 311 323 1109 313 326 1110 424 437 1111 426 439 1112 427 440 1113 291 299 1114 299 308 1115 311 323 1116 299 308 1117 309 309 1118 317 331 1119 424 437 1120 315 328 1121 422 435 1122 413 429 1123 416 430 1124 323 338 1125 428 441 1126 422 435 1127 428 441 1128 430 442 1129 413 429 1130 325 337 1131 429 443 1132 428 441 1133 429 443 1134 432 444 1135 430 442 1136 327 339 1137 431 354 1138 429 443 1139 431 354 1140 434 356 1141 432 444 1142 432 444 1143 435 445 1144 433 446 1145 430 442 1146 433 446 1147 414 428 1148 344 357 1149 435 445 1150 434 356 1151 433 446 1152 436 421 1153 405 422 1154 437 447 1155 436 421 1156 435 445 1157 439 363 1158 438 448 1159 437 447 1160 346 359 1161 437 447 1162 344 357 1163 350 364 1164 440 449 1165 439 363 1166 440 449 1167 445 450 1168 442 451 1169 440 449 1170 443 452 1171 438 448 1172 443 452 1173 444 412 1174 397 413 1175 445 450 1176 444 412 1177 442 451 1178 447 369 1179 446 383 1180 445 450 1181 357 368 1182 445 450 1183 441 453 1184 444 412 1185 368 384 1186 398 411 1187 443 452 1188 400 414 1189 406 420 1190 438 448 1191 406 420 1192 436 421 1193 352 365 1194 441 453 1195 350 364 1196 433 446 1197 408 423 1198 414 428 1199 419 433 1200 281 288 1201 289 298 1202 279 431 1203 268 276 1204 271 277 1205 269 273 1206 258 264 1207 261 265 1208 398 411 1209 370 385 1210 392 406 1211 395 408 1212 251 254 1213 259 415 1214 383 399 1215 207 203 1216 222 222 1217 154 152 1218 161 158 1219 348 360 1220 320 332 1221 80 75 1222 88 82 1223 303 312 1224 46 43 1225 49 46 1226 296 304 1227 448 454 1228 303 312 1229 448 454 1230 451 305 1231 449 455 1232 46 43 1233 449 455 1234 43 40 1235 449 455 1236 452 456 1237 450 457 1238 43 40 1239 450 457 1240 40 37 1241 451 305 1242 454 458 1243 452 456 1244 452 456 1245 813 459 1246 450 457 1247 452 456 1248 455 460 1249 453 461 1250 454 458 1251 457 294 1252 455 460 1253 294 301 1254 283 293 1255 454 458 1256 455 460 1257 458 462 1258 456 463 1259 453 461 1260 456 463 1261 814 464 1262 457 294 1263 460 465 1264 458 462 1265 458 462 1266 805 466 1267 456 463 1268 460 465 1269 459 467 1270 458 462 1271 273 282 1272 461 468 1273 460 465 1274 276 281 1275 460 465 1276 284 290 1277 463 283 1278 462 469 1279 461 468 1280 461 468 1281 806 470 1282 459 467 1283 463 283 1284 466 471 1285 464 472 1286 464 472 1287 795 473 1288 462 469 1289 464 472 1290 467 474 1291 465 475 1292 466 471 1293 469 271 1294 467 474 1295 274 279 1296 263 270 1297 466 471 1298 467 474 1299 470 476 1300 468 477 1301 467 474 1302 796 478 1303 465 475 1304 264 266 1305 470 476 1306 469 271 1307 468 477 1308 471 479 1309 785 480 1310 472 481 1311 471 479 1312 470 476 1313 253 258 1314 473 482 1315 472 481 1316 256 259 1317 472 481 1318 264 266 1319 475 260 1320 474 483 1321 473 482 1322 473 482 1323 786 484 1324 471 479 1325 254 256 1326 476 485 1327 475 260 1328 476 485 1329 776 486 1330 474 483 1331 476 485 1332 479 487 1333 477 488 1334 478 489 1335 481 249 1336 479 487 1337 254 256 1338 243 248 1339 478 489 1340 479 487 1341 482 490 1342 480 491 1343 477 488 1344 480 491 1345 771 492 1346 481 249 1347 484 493 1348 482 490 1349 480 491 1350 483 494 1351 768 495 1352 482 490 1353 485 496 1354 483 494 1355 484 493 1356 487 238 1357 485 496 1358 244 244 1359 233 236 1360 484 493 1361 487 238 1362 486 497 1363 485 496 1364 483 494 1365 486 497 1366 769 498 1367 234 233 1368 488 499 1369 487 238 1370 486 497 1371 489 500 1372 881 501 1373 488 499 1374 491 502 1375 489 500 1376 492 229 1377 491 502 1378 490 503 1379 226 227 1380 490 503 1381 234 233 1382 492 229 1383 494 504 1384 493 505 1385 493 505 1386 497 506 1387 495 507 1388 498 508 1389 493 505 1390 495 507 1391 496 509 1392 497 506 1393 675 510 1394 498 508 1395 496 509 1396 499 511 1397 502 512 1398 498 508 1399 499 511 1400 489 500 1401 498 508 1402 500 513 1403 501 514 1404 489 500 1405 500 513 1406 504 515 1407 500 513 1408 502 512 1409 502 512 1410 677 516 1411 503 517 1412 504 515 1413 503 517 1414 505 518 1415 506 519 1416 501 514 1417 504 515 1418 509 520 1419 504 515 1420 505 518 1421 507 521 1422 509 520 1423 510 522 1424 507 521 1425 508 523 1426 506 519 1427 514 524 1428 509 520 1429 511 525 1430 511 525 1431 505 518 1432 513 526 1433 512 527 1434 513 526 1435 682 528 1436 515 529 1437 511 525 1438 512 527 1439 518 530 1440 514 524 1441 516 531 1442 519 532 1443 514 524 1444 515 529 1445 520 533 1446 516 531 1447 519 532 1448 517 534 1449 518 530 1450 516 531 1451 520 533 1452 521 535 1453 524 536 1454 521 535 1455 515 529 1456 523 537 1457 521 535 1458 690 538 1459 522 539 1460 524 536 1461 522 539 1462 525 540 1463 528 541 1464 524 536 1465 526 542 1466 526 542 1467 525 540 1468 529 543 1469 530 544 1470 526 542 1471 529 543 1472 527 545 1473 528 541 1474 526 542 1475 534 546 1476 529 543 1477 531 547 1478 529 543 1479 533 548 1480 531 547 1481 531 547 1482 698 549 1483 532 550 1484 535 551 1485 531 547 1486 532 550 1487 536 552 1488 530 544 1489 534 546 1490 536 552 1491 535 551 1492 539 553 1493 540 554 1494 536 552 1495 539 553 1496 745 555 1497 536 552 1498 537 556 1499 540 554 1500 541 557 1501 544 558 1502 541 557 1503 535 551 1504 543 559 1505 542 560 1506 543 559 1507 706 561 1508 544 558 1509 542 560 1510 545 562 1511 548 563 1512 544 558 1513 546 564 1514 546 564 1515 545 562 1516 549 565 1517 547 566 1518 549 565 1519 550 567 1520 739 568 1521 546 564 1522 547 566 1523 550 567 1524 551 569 1525 554 570 1526 549 565 1527 553 571 1528 551 569 1529 552 572 1530 553 571 1531 566 573 1532 555 574 1533 551 569 1534 552 572 1535 557 575 1536 554 570 1537 556 576 1538 558 577 1539 554 570 1540 555 574 1541 35 33 1542 558 577 1543 38 36 1544 35 33 1545 557 575 1546 556 576 1547 38 36 1548 559 578 1549 41 39 1550 559 578 1551 555 574 1552 561 579 1553 560 580 1554 561 579 1555 562 581 1556 44 42 1557 559 578 1558 560 580 1559 561 579 1560 552 572 1561 563 582 1562 562 581 1563 563 582 1564 564 583 1565 552 572 1566 565 584 1567 563 582 1568 564 583 1569 565 584 1570 567 585 1571 565 584 1572 569 586 1573 568 587 1574 567 585 1575 568 587 1576 570 588 1577 568 587 1578 572 589 1579 571 590 1580 568 587 1581 574 591 1582 570 588 1583 571 590 1584 709 592 1585 573 593 1586 571 590 1587 576 594 1588 574 591 1589 575 595 1590 576 594 1591 577 596 1592 570 588 1593 575 595 1594 628 597 1595 573 593 1596 578 598 1597 576 594 1598 576 594 1599 580 599 1600 577 596 1601 579 600 1602 581 601 1603 578 598 1604 580 599 1605 581 601 1606 583 602 1607 582 603 1608 584 604 1609 581 601 1610 583 602 1611 584 604 1612 586 605 1613 585 606 1614 587 607 1615 584 604 1616 586 605 1617 587 607 1618 589 608 1619 587 607 1620 593 609 1621 590 610 1622 589 608 1623 590 610 1624 591 611 1625 590 610 1626 611 612 1627 591 611 1628 593 609 1629 592 613 1630 590 610 1631 715 614 1632 593 609 1633 588 615 1634 594 616 1635 595 617 1636 593 609 1637 596 618 1638 597 619 1639 595 617 1640 595 617 1641 599 620 1642 592 613 1643 597 619 1644 601 621 1645 600 622 1646 597 619 1647 602 623 1648 599 620 1649 601 621 1650 603 624 1651 600 622 1652 600 622 1653 605 625 1654 602 623 1655 604 626 1656 173 170 1657 603 624 1658 605 625 1659 173 170 1660 171 168 1661 605 625 1662 169 169 1663 606 627 1664 602 623 1665 606 627 1666 607 628 1667 608 629 1668 606 627 1669 115 112 1670 115 112 1671 169 169 1672 117 113 1673 609 630 1674 608 629 1675 610 631 1676 599 620 1677 607 628 1678 609 630 1679 592 613 1680 609 630 1681 611 612 1682 611 612 1683 610 631 1684 612 632 1685 591 611 1686 612 632 1687 613 633 1688 101 95 1689 612 632 1690 103 97 1691 103 97 1692 610 631 1693 106 100 1694 614 634 1695 591 611 1696 613 633 1697 99 94 1698 613 633 1699 101 95 1700 616 635 1701 614 634 1702 99 94 1703 615 636 1704 589 608 1705 614 634 1706 618 637 1707 615 636 1708 616 635 1709 617 638 1710 586 605 1711 615 636 1712 619 639 1713 583 602 1714 617 638 1715 621 640 1716 617 638 1717 618 637 1718 620 641 1719 621 640 1720 622 642 1721 577 596 1722 619 639 1723 620 641 1724 622 642 1725 87 643 1726 85 80 1727 87 643 1728 618 637 1729 90 83 1730 623 644 1731 620 641 1732 622 642 1733 623 644 1734 85 80 1735 83 78 1736 624 645 1737 83 78 1738 644 77 1739 624 645 1740 625 646 1741 623 644 1742 625 646 1743 577 596 1744 620 641 1745 626 647 1746 575 595 1747 625 646 1748 643 648 1749 626 647 1750 624 645 1751 627 649 1752 628 597 1753 626 647 1754 629 650 1755 570 588 1756 628 597 1757 630 651 1758 567 585 1759 629 650 1760 631 652 1761 629 650 1762 627 649 1763 632 653 1764 564 583 1765 630 651 1766 634 654 1767 630 651 1768 631 652 1769 633 655 1770 634 654 1771 636 656 1772 633 655 1773 562 581 1774 632 653 1775 634 654 1776 641 657 1777 635 658 1778 636 656 1779 635 658 1780 637 659 1781 47 45 1782 636 656 1783 50 48 1784 50 48 1785 637 659 1786 53 50 1787 637 659 1788 639 660 1789 638 661 1790 53 50 1791 638 661 1792 56 53 1793 638 661 1794 69 67 1795 65 60 1796 56 53 1797 65 60 1798 59 56 1799 635 658 1800 640 662 1801 639 660 1802 639 660 1803 72 663 1804 69 67 1805 641 657 1806 642 664 1807 640 662 1808 640 662 1809 74 69 1810 72 663 1811 643 648 1812 644 77 1813 642 664 1814 642 664 1815 78 70 1816 74 69 1817 631 652 1818 643 648 1819 641 657 1820 47 45 1821 560 580 1822 633 655 1823 90 83 1824 616 635 1825 93 86 1826 106 100 1827 608 629 1828 109 103 1829 645 665 1830 646 172 1831 604 626 1832 730 666 1833 604 626 1834 601 621 1835 647 667 1836 174 173 1837 646 172 1838 645 665 1839 648 668 1840 647 667 1841 648 668 1842 180 180 1843 647 667 1844 649 669 1845 650 670 1846 648 668 1847 648 668 1848 186 183 1849 183 179 1850 650 670 1851 189 186 1852 186 183 1853 652 671 1854 651 193 1855 650 670 1856 729 672 1857 652 671 1858 649 669 1859 653 673 1860 654 674 1861 652 671 1862 657 675 1863 654 674 1864 655 676 1865 656 677 1866 651 193 1867 654 674 1868 660 678 1869 656 677 1870 657 675 1871 656 677 1872 197 194 1873 195 195 1874 658 679 1875 199 196 1876 197 194 1877 660 678 1878 659 680 1879 658 679 1880 732 681 1881 660 678 1882 657 675 1883 661 682 1884 662 683 1885 660 678 1886 665 684 1887 662 683 1888 663 685 1889 664 686 1890 659 680 1891 662 683 1892 678 687 1893 664 686 1894 665 684 1895 666 688 1896 667 689 1897 664 686 1898 668 690 1899 669 691 1900 667 689 1901 659 680 1902 669 691 1903 199 196 1904 670 692 1905 200 198 1906 669 691 1907 672 693 1908 670 692 1909 668 690 1910 671 694 1911 206 206 1912 670 692 1913 675 510 1914 671 694 1915 672 693 1916 673 695 1917 209 205 1918 671 694 1919 673 695 1920 215 214 1921 212 211 1922 497 506 1923 673 695 1924 675 510 1925 676 696 1926 675 510 1927 672 693 1928 494 504 1929 674 217 1930 497 506 1931 676 696 1932 668 690 1933 666 688 1934 499 511 1935 676 696 1936 677 516 1937 677 516 1938 666 688 1939 678 687 1940 503 517 1941 678 687 1942 679 697 1943 679 697 1944 665 684 1945 680 698 1946 513 526 1947 503 517 1948 679 697 1949 682 528 1950 679 697 1951 680 698 1952 680 698 1953 663 685 1954 681 699 1955 682 528 1956 681 699 1957 683 700 1958 512 527 1959 683 700 1960 684 701 1961 688 702 1962 683 700 1963 685 703 1964 683 700 1965 687 704 1966 685 703 1967 686 705 1968 687 704 1969 735 706 1970 689 707 1971 685 703 1972 686 705 1973 690 538 1974 684 701 1975 688 702 1976 691 708 1977 688 702 1978 689 707 1979 522 539 1980 691 708 1981 692 709 1982 692 709 1983 693 710 1984 696 711 1985 691 708 1986 695 712 1987 693 710 1988 694 713 1989 695 712 1990 720 714 1991 696 711 1992 694 713 1993 697 715 1994 533 548 1995 696 711 1996 698 549 1997 698 549 1998 697 715 1999 699 716 2000 700 717 2001 698 549 2002 699 716 2003 704 718 2004 699 716 2005 701 719 2006 701 719 2007 697 715 2008 703 720 2009 701 719 2010 712 721 2011 702 722 2012 705 723 2013 701 719 2014 702 722 2015 706 561 2016 700 717 2017 704 718 2018 707 724 2019 704 718 2020 705 723 2021 708 725 2022 706 561 2023 707 724 2024 569 586 2025 707 724 2026 572 589 2027 707 724 2028 709 592 2029 572 589 2030 545 562 2031 708 725 2032 553 571 2033 553 571 2034 569 586 2035 566 573 2036 709 592 2037 702 722 2038 710 726 2039 573 593 2040 710 726 2041 579 600 2042 702 722 2043 711 727 2044 710 726 2045 710 726 2046 582 603 2047 579 600 2048 712 721 2049 713 728 2050 711 727 2051 711 727 2052 585 606 2053 582 603 2054 714 729 2055 715 614 2056 713 728 2057 713 728 2058 588 615 2059 585 606 2060 716 730 2061 594 616 2062 715 614 2063 718 731 2064 717 732 2065 716 730 2066 719 733 2067 716 730 2068 714 729 2069 694 713 2070 718 731 2071 719 733 2072 720 714 2073 721 734 2074 718 731 2075 722 735 2076 723 736 2077 721 734 2078 721 734 2079 725 737 2080 717 732 2081 724 738 2082 726 739 2083 723 736 2084 723 736 2085 728 740 2086 725 737 2087 726 739 2088 653 673 2089 729 672 2090 728 740 2091 729 672 2092 730 666 2093 730 666 2094 649 669 2095 645 665 2096 728 740 2097 601 621 2098 598 741 2099 596 618 2100 728 740 2101 598 741 2102 724 738 2103 731 742 2104 727 743 2105 727 743 2106 655 676 2107 653 673 2108 732 681 2109 655 676 2110 731 742 2111 733 744 2112 732 681 2113 731 742 2114 734 745 2115 724 738 2116 722 735 2117 734 745 2118 735 706 2119 733 744 2120 735 706 2121 661 682 2122 732 681 2123 695 712 2124 686 705 2125 734 745 2126 695 712 2127 722 735 2128 720 714 2129 717 732 2130 596 618 2131 594 616 2132 703 720 2133 694 713 2134 719 733 2135 712 721 2136 719 733 2137 714 729 2138 543 559 2139 532 550 2140 700 717 2141 525 540 2142 692 709 2143 533 548 2144 687 704 2145 663 685 2146 661 682 2147 523 537 2148 512 527 2149 684 701 2150 736 746 2151 550 567 2152 557 575 2153 29 28 2154 557 575 2155 32 30 2156 737 747 2157 547 566 2158 736 746 2159 26 25 2160 736 746 2161 29 28 2162 738 748 2163 739 568 2164 737 747 2165 23 23 2166 737 747 2167 26 25 2168 739 568 2169 742 749 2170 548 563 2171 738 748 2172 741 750 2173 740 751 2174 740 751 2175 743 752 2176 742 749 2177 743 752 2178 537 556 2179 742 749 2180 742 749 2181 540 554 2182 548 563 2183 743 752 2184 746 753 2185 745 555 2186 741 750 2187 744 754 2188 743 752 2189 745 555 2190 748 755 2191 538 756 2192 744 754 2193 747 757 2194 746 753 2195 747 757 2196 748 755 2197 746 753 2198 748 755 2199 751 758 2200 527 545 2201 538 756 2202 527 545 2203 530 544 2204 750 759 2205 751 758 2206 749 760 2207 854 761 2208 749 760 2209 747 757 2210 752 762 2211 528 541 2212 751 758 2213 844 763 2214 752 762 2215 750 759 2216 752 762 2217 755 764 2218 754 765 2219 754 765 2220 757 766 2221 517 534 2222 528 541 2223 517 534 2224 520 533 2225 755 764 2226 758 767 2227 757 766 2228 840 768 2229 755 764 2230 753 769 2231 757 766 2232 760 770 2233 518 530 2234 756 771 2235 759 772 2236 758 767 2237 758 767 2238 761 773 2239 760 770 2240 761 773 2241 507 521 2242 760 770 2243 760 770 2244 510 522 2245 518 530 2246 762 774 2247 763 775 2248 761 773 2249 759 772 2250 762 774 2251 761 773 2252 764 776 2253 508 523 2254 763 775 2255 766 777 2256 765 778 2257 764 776 2258 766 777 2259 762 774 2260 767 779 2261 768 495 2262 767 779 2263 770 780 2264 483 494 2265 766 777 2266 768 495 2267 769 498 2268 881 501 2269 765 778 2270 480 491 2271 770 780 2272 771 492 2273 772 781 2274 767 779 2275 774 782 2276 775 783 2277 770 780 2278 772 781 2279 777 784 2280 772 781 2281 773 785 2282 773 785 2283 774 782 2284 835 786 2285 776 486 2286 771 492 2287 775 783 2288 778 787 2289 775 783 2290 777 784 2291 779 788 2292 773 785 2293 781 789 2294 778 787 2295 779 788 2296 782 790 2297 782 790 2298 780 791 2299 783 792 2300 779 788 2301 830 793 2302 780 791 2303 787 794 2304 782 790 2305 783 792 2306 784 795 2307 778 787 2308 782 790 2309 785 480 2310 786 484 2311 784 795 2312 788 796 2313 784 795 2314 787 794 2315 787 794 2316 791 797 2317 789 798 2318 792 799 2319 787 794 2320 789 798 2321 793 800 2322 789 798 2323 790 801 2324 790 801 2325 791 797 2326 824 802 2327 794 803 2328 793 800 2329 797 804 2330 796 478 2331 792 799 2332 794 803 2333 795 473 2334 796 478 2335 794 803 2336 798 805 2337 794 803 2338 797 804 2339 799 806 2340 793 800 2341 801 807 2342 802 808 2343 797 804 2344 799 806 2345 802 808 2346 800 809 2347 803 810 2348 800 809 2349 801 807 2350 818 811 2351 804 812 2352 803 810 2353 807 813 2354 806 470 2355 802 808 2356 804 812 2357 459 467 2358 804 812 2359 805 466 2360 805 466 2361 807 813 2362 808 814 2363 807 813 2364 810 815 2365 809 816 2366 808 814 2367 809 816 2368 811 817 2369 809 816 2370 25 818 2371 28 26 2372 811 817 2373 28 26 2374 31 32 2375 812 819 2376 31 32 2377 34 820 2378 812 819 2379 808 814 2380 811 817 2381 37 34 2382 812 819 2383 34 820 2384 453 461 2385 812 819 2386 813 459 2387 456 463 2388 808 814 2389 814 464 2390 450 457 2391 37 34 2392 40 37 2393 25 818 2394 815 821 2395 22 21 2396 803 810 2397 815 821 2398 810 815 2399 815 821 2400 818 811 2401 816 822 2402 22 21 2403 816 822 2404 19 18 2405 816 822 2406 819 823 2407 817 824 2408 19 18 2409 817 824 2410 16 15 2411 818 811 2412 821 825 2413 819 823 2414 817 824 2415 820 826 2416 878 827 2417 819 823 2418 822 828 2419 820 826 2420 821 825 2421 824 802 2422 822 828 2423 801 807 2424 790 801 2425 821 825 2426 824 802 2427 823 829 2428 822 828 2429 820 826 2430 823 829 2431 875 830 2432 824 802 2433 827 831 2434 825 832 2435 823 829 2436 826 833 2437 872 834 2438 825 832 2439 828 835 2440 826 833 2441 780 791 2442 828 835 2443 827 831 2444 783 792 2445 827 831 2446 791 797 2447 830 793 2448 829 836 2449 828 835 2450 826 833 2451 829 836 2452 873 837 2453 781 789 2454 831 838 2455 830 793 2456 831 838 2457 879 839 2458 829 836 2459 833 840 2460 832 841 2461 831 838 2462 835 786 2463 834 842 2464 833 840 2465 773 785 2466 833 840 2467 781 789 2468 835 786 2469 837 843 2470 836 844 2471 836 844 2472 759 772 2473 838 845 2474 834 842 2475 838 845 2476 839 846 2477 839 846 2478 756 771 2479 840 768 2480 841 847 2481 834 842 2482 839 846 2483 841 847 2484 840 768 2485 843 848 2486 842 849 2487 832 841 2488 841 847 2489 842 849 2490 843 848 2491 845 850 2492 843 848 2493 753 769 2494 844 763 2495 845 850 2496 844 763 2497 846 851 2498 847 852 2499 842 849 2500 845 850 2501 850 853 2502 845 850 2503 846 851 2504 851 854 2505 847 852 2506 850 853 2507 848 855 2508 849 856 2509 847 852 2510 855 857 2511 850 853 2512 852 858 2513 852 858 2514 846 851 2515 854 761 2516 853 859 2517 854 761 2518 747 757 2519 855 857 2520 853 859 2521 856 860 2522 857 861 2523 851 854 2524 855 857 2525 859 862 2526 855 857 2527 856 860 2528 14 14 2529 857 861 2530 859 862 2531 11 11 2532 858 863 2533 857 861 2534 17 17 2535 859 862 2536 860 864 2537 860 864 2538 856 860 2539 862 865 2540 861 866 2541 862 865 2542 741 750 2543 20 20 2544 860 864 2545 861 866 2546 862 865 2547 853 859 2548 744 754 2549 23 23 2550 861 866 2551 738 748 2552 858 863 2553 848 855 2554 851 854 2555 8 8 2556 863 867 2557 858 863 2558 863 867 2559 867 868 2560 848 855 2561 6 7 2562 864 869 2563 863 867 2564 865 870 2565 867 868 2566 864 869 2567 880 871 2568 864 869 2569 866 872 2570 868 873 2571 849 856 2572 867 868 2573 870 874 2574 869 875 2575 868 873 2576 871 876 2577 868 873 2578 865 870 2579 874 877 2580 870 874 2581 871 876 2582 872 834 2583 873 837 2584 870 874 2585 873 837 2586 879 839 2587 869 875 2588 875 830 2589 872 834 2590 874 877 2591 876 878 2592 871 876 2593 1 1 2594 877 879 2595 874 877 2596 876 878 2597 877 879 2598 3 0 2599 10 9 2600 878 827 2601 10 9 2602 13 12 2603 878 827 2604 875 830 2605 877 879 2606 16 15 2607 878 827 2608 13 12 2609 1 1 2610 865 870 2611 880 871 2612 869 875 2613 842 849 2614 849 856 2615 2 3 2616 866 872 2617 5 4 2618 846 851 2619 750 759 2620 854 761 2621 774 782 2622 762 774 2623 837 843 2624 462 469 2625 798 805 2626 806 470 2627 796 478 2628 785 480 2629 788 796 2630 474 483 2631 778 787 2632 786 484 2633 765 778 2634 501 514 2635 508 523 2636 220 218 2637 494 504 2638 227 224 2639 3 0 2640 876 878 2641 1 1 2642 1 1 2643 880 871 2644 2 3 2645 0 2 2646 2 3 2647 5 4 2648 7 6 2649 3 0 2650 0 2 2651 5 4 2652 866 872 2653 6 7 2654 7 6 2655 4 5 2656 6 7 2657 10 9 2658 3 0 2659 7 6 2660 7 6 2661 8 8 2662 11 11 2663 13 12 2664 10 9 2665 9 10 2666 9 10 2667 11 11 2668 14 14 2669 16 15 2670 13 12 2671 12 13 2672 15 16 2673 12 13 2674 14 14 2675 19 18 2676 16 15 2677 15 16 2678 18 19 2679 15 16 2680 17 17 2681 22 21 2682 19 18 2683 18 19 2684 21 22 2685 18 19 2686 20 20 2687 24 24 2688 25 818 2689 22 21 2690 24 24 2691 21 22 2692 23 23 2693 28 26 2694 25 818 2695 24 24 2696 24 24 2697 26 25 2698 29 28 2699 30 29 2700 31 32 2701 28 26 2702 27 27 2703 29 28 2704 32 30 2705 33 31 2706 34 820 2707 31 32 2708 30 29 2709 32 30 2710 35 33 2711 37 34 2712 34 820 2713 33 31 2714 36 35 2715 33 31 2716 35 33 2717 40 37 2718 37 34 2719 36 35 2720 36 35 2721 38 36 2722 41 39 2723 43 40 2724 40 37 2725 39 38 2726 42 41 2727 39 38 2728 41 39 2729 46 43 2730 43 40 2731 42 41 2732 45 44 2733 42 41 2734 44 42 2735 49 46 2736 46 43 2737 45 44 2738 45 44 2739 47 45 2740 50 48 2741 51 49 2742 52 52 2743 49 46 2744 48 47 2745 50 48 2746 53 50 2747 54 51 2748 55 315 2749 52 52 2750 51 49 2751 53 50 2752 56 53 2753 58 54 2754 55 315 2755 54 51 2756 57 55 2757 54 51 2758 56 53 2759 61 57 2760 58 54 2761 57 55 2762 60 58 2763 57 55 2764 59 56 2765 62 59 2766 63 62 2767 61 57 2768 62 59 2769 59 56 2770 65 60 2771 64 61 2772 66 319 2773 63 62 2774 65 60 2775 69 67 2776 67 63 2777 68 64 2778 66 319 2779 64 61 2780 71 65 2781 68 64 2782 67 63 2783 69 67 2784 72 663 2785 70 66 2786 73 68 2787 75 324 2788 71 65 2789 70 66 2790 72 663 2791 74 69 2792 73 68 2793 74 69 2794 78 70 2795 77 72 2796 75 324 2797 73 68 2798 79 73 2799 81 76 2800 77 72 2801 76 71 2802 78 70 2803 82 74 2804 80 75 2805 318 329 2806 81 76 2807 82 74 2808 84 79 2809 80 75 2810 644 77 2811 83 78 2812 82 74 2813 83 78 2814 85 80 2815 84 79 2816 85 80 2817 87 643 2818 86 81 2819 84 79 2820 86 81 2821 88 82 2822 86 81 2823 87 643 2824 90 83 2825 88 82 2826 86 81 2827 89 84 2828 89 84 2829 90 83 2830 93 86 2831 91 85 2832 89 84 2833 92 87 2834 92 87 2835 93 86 2836 98 89 2837 92 87 2838 95 90 2839 96 91 2840 95 90 2841 97 93 2842 337 92 2843 98 89 2844 100 96 2845 97 93 2846 93 86 2847 616 635 2848 99 94 2849 98 89 2850 99 94 2851 101 95 2852 100 96 2853 101 95 2854 103 97 2855 100 96 2856 102 98 2857 104 99 2858 102 98 2859 103 97 2860 106 100 2861 104 99 2862 102 98 2863 105 101 2864 105 101 2865 106 100 2866 109 103 2867 107 102 2868 105 101 2869 108 104 2870 108 104 2871 109 103 2872 114 106 2873 110 105 2874 108 104 2875 111 107 2876 112 108 2877 111 107 2878 113 109 2879 111 107 2880 114 106 2881 116 111 2882 109 103 2883 608 629 2884 115 112 2885 114 106 2886 115 112 2887 117 113 2888 116 111 2889 117 113 2890 119 114 2891 116 111 2892 118 115 2893 120 116 2894 118 115 2895 119 114 2896 122 117 2897 118 115 2898 121 118 2899 124 119 2900 163 120 2901 123 880 2902 121 118 2903 121 118 2904 123 880 2905 125 121 2906 120 116 2907 124 119 2908 126 122 2909 124 119 2910 125 121 2911 129 124 2912 126 122 2913 129 124 2914 131 125 2915 128 123 2916 126 122 2917 127 126 2918 131 125 2919 129 124 2920 130 128 2921 129 124 2922 125 121 2923 158 130 2924 127 126 2925 131 125 2926 132 129 2927 134 131 2928 132 129 2929 130 128 2930 132 129 2931 134 131 2932 137 133 2933 137 133 2934 134 131 2935 135 134 2936 135 134 2937 134 131 2938 136 132 2939 138 135 2940 112 108 2941 139 110 2942 137 133 2943 139 110 2944 128 123 2945 139 110 2946 113 109 2947 120 116 2948 140 137 2949 110 105 2950 112 108 2951 138 135 2952 135 134 2953 142 138 2954 140 137 2955 142 138 2956 144 139 2957 141 140 2958 107 102 2959 110 105 2960 142 138 2961 135 134 2962 155 136 2963 144 139 2964 142 138 2965 143 141 2966 141 140 2967 144 139 2968 145 143 2969 144 139 2970 146 142 2971 147 145 2972 147 145 2973 146 142 2974 148 146 2975 146 142 2976 143 141 2977 151 148 2978 149 147 2979 148 146 2980 150 149 2981 148 146 2982 151 148 2983 152 151 2984 151 148 2985 153 153 2986 154 152 2987 143 141 2988 155 136 2989 153 153 2990 153 153 2991 156 155 2992 157 154 2993 155 136 2994 136 132 2995 156 155 2996 158 130 2997 159 156 2998 157 154 2999 136 132 3000 130 128 3001 158 130 3002 125 121 3003 123 880 3004 159 156 3005 159 156 3006 123 880 3007 163 120 3008 157 154 3009 159 156 3010 160 157 3011 161 158 3012 160 157 3013 162 159 3014 160 157 3015 163 120 3016 164 161 3017 166 162 3018 164 161 3019 163 120 3020 165 163 3021 164 161 3022 166 162 3023 164 161 3024 165 163 3025 355 165 3026 170 166 3027 167 164 3028 166 162 3029 119 114 3030 168 167 3031 166 162 3032 117 113 3033 169 169 3034 168 167 3035 171 168 3036 170 166 3037 168 167 3038 173 170 3039 172 171 3040 170 166 3041 172 171 3042 175 174 3043 167 164 3044 646 172 3045 174 173 3046 172 171 3047 174 173 3048 177 175 3049 175 174 3050 175 174 3051 176 176 3052 165 163 3053 177 175 3054 178 178 3055 176 176 3056 179 177 3057 181 373 3058 178 178 3059 174 173 3060 180 180 3061 179 177 3062 183 179 3063 182 182 3064 179 177 3065 184 181 3066 181 373 3067 179 177 3068 186 183 3069 185 185 3070 182 182 3071 187 184 3072 184 181 3073 182 182 3074 189 186 3075 188 187 3076 185 185 3077 188 187 3078 190 881 3079 187 184 3080 189 186 3081 194 192 3082 191 188 3083 192 189 3084 190 881 3085 188 187 3086 193 190 3087 382 201 3088 192 189 3089 196 191 3090 193 190 3091 191 188 3092 651 193 3093 195 195 3094 194 192 3095 197 194 3096 196 191 3097 194 192 3098 199 196 3099 198 199 3100 196 191 3101 196 191 3102 198 199 3103 201 197 3104 199 196 3105 669 691 3106 200 198 3107 198 199 3108 200 198 3109 203 200 3110 201 197 3111 202 397 3112 382 201 3113 204 202 3114 202 397 3115 201 197 3116 207 203 3117 204 202 3118 203 200 3119 200 198 3120 206 206 3121 205 204 3122 209 205 3123 208 208 3124 205 204 3125 210 207 3126 207 203 3127 205 204 3128 209 205 3129 212 211 3130 211 209 3131 213 210 3132 210 207 3133 208 208 3134 212 211 3135 215 214 3136 214 212 3137 216 213 3138 213 210 3139 211 209 3140 215 214 3141 217 216 3142 216 213 3143 219 215 3144 213 210 3145 216 213 3146 674 217 3147 218 219 3148 217 216 3149 220 218 3150 219 215 3151 217 216 3152 221 220 3153 219 215 3154 220 218 3155 221 220 3156 210 207 3157 213 210 3158 207 203 3159 210 207 3160 221 220 3161 222 222 3162 221 220 3163 223 221 3164 223 221 3165 220 218 3166 227 224 3167 224 223 3168 223 221 3169 225 225 3170 228 226 3171 225 225 3172 226 227 3173 226 227 3174 225 225 3175 227 224 3176 386 230 3177 224 223 3178 228 226 3179 229 231 3180 228 226 3181 230 228 3182 230 228 3183 226 227 3184 234 233 3185 231 232 3186 230 228 3187 232 234 3188 235 235 3189 232 234 3190 233 236 3191 232 234 3192 234 233 3193 487 238 3194 237 239 3195 235 235 3196 236 237 3197 239 241 3198 231 232 3199 235 235 3200 238 242 3201 388 402 3202 239 241 3203 241 243 3204 238 242 3205 237 239 3206 240 240 3207 236 237 3208 244 244 3209 241 243 3210 240 240 3211 242 245 3212 246 247 3213 245 246 3214 242 245 3215 242 245 3216 244 244 3217 481 249 3218 250 250 3219 247 251 3220 245 246 3221 247 251 3222 249 253 3223 241 243 3224 248 252 3225 393 405 3226 249 253 3227 251 254 3228 248 252 3229 247 251 3230 252 255 3231 250 250 3232 246 247 3233 251 254 3234 250 250 3235 252 255 3236 255 257 3237 252 255 3238 253 258 3239 252 255 3240 254 256 3241 475 260 3242 257 261 3243 255 257 3244 256 259 3245 257 261 3246 259 415 3247 251 254 3248 401 263 3249 259 415 3250 257 261 3251 261 265 3252 258 264 3253 257 261 3254 260 262 3255 256 259 3256 264 266 3257 265 268 3258 261 265 3259 260 262 3260 266 269 3261 265 268 3262 262 267 3263 263 270 3264 262 267 3265 264 266 3266 270 272 3267 267 274 3268 265 268 3269 269 273 3270 261 265 3271 265 268 3272 409 275 3273 269 273 3274 267 274 3275 271 277 3276 268 276 3277 267 274 3278 272 278 3279 270 272 3280 266 269 3281 271 277 3282 270 272 3283 272 278 3284 276 281 3285 275 280 3286 272 278 3287 273 282 3288 272 278 3289 274 279 3290 277 284 3291 275 280 3292 276 281 3293 277 284 3294 279 431 3295 271 277 3296 417 286 3297 279 431 3298 277 284 3299 278 287 3300 277 284 3301 280 285 3302 282 289 3303 280 285 3304 276 281 3305 285 291 3306 281 288 3307 280 285 3308 286 292 3309 285 291 3310 282 289 3311 282 289 3312 284 290 3313 457 294 3314 290 295 3315 287 296 3316 285 291 3317 287 296 3318 289 298 3319 281 288 3320 288 297 3321 425 438 3322 289 298 3323 291 299 3324 288 297 3325 287 296 3326 292 300 3327 290 295 3328 286 292 3329 295 302 3330 291 299 3331 290 295 3332 295 302 3333 292 300 3334 293 303 3335 293 303 3336 292 300 3337 294 301 3338 297 306 3339 295 302 3340 296 304 3341 299 308 3342 291 299 3343 295 302 3344 309 309 3345 299 308 3346 297 306 3347 298 310 3348 297 306 3349 300 307 3350 300 307 3351 296 304 3352 303 312 3353 301 311 3354 300 307 3355 302 313 3356 302 313 3357 303 312 3358 49 46 3359 304 314 3360 302 313 3361 52 52 3362 58 54 3363 305 317 3364 304 314 3365 306 316 3366 301 311 3367 304 314 3368 61 57 3369 63 62 3370 305 317 3371 63 62 3372 66 319 3373 306 316 3374 307 318 3375 298 310 3376 301 311 3377 68 64 3378 307 318 3379 306 316 3380 308 320 3381 309 309 3382 298 310 3383 71 65 3384 308 320 3385 307 318 3386 310 321 3387 311 323 3388 309 309 3389 71 65 3390 75 324 3391 310 321 3392 312 322 3393 313 326 3394 311 323 3395 75 324 3396 77 72 3397 312 322 3398 314 325 3399 315 328 3400 313 326 3401 77 72 3402 81 76 3403 314 325 3404 316 327 3405 317 331 3406 315 328 3407 318 329 3408 316 327 3409 314 325 3410 319 330 3411 322 335 3412 317 331 3413 320 332 3414 319 330 3415 316 327 3416 320 332 3417 340 351 3418 321 333 3419 319 330 3420 321 333 3421 324 334 3422 322 335 3423 323 338 3424 421 336 3425 322 335 3426 324 334 3427 325 337 3428 324 334 3429 326 340 3430 327 339 3431 321 333 3432 328 342 3433 326 340 3434 326 340 3435 329 343 3436 330 341 3437 328 342 3438 331 346 3439 329 343 3440 329 343 3441 332 347 3442 333 344 3443 334 345 3444 332 347 3445 329 343 3446 332 347 3447 149 147 3448 342 150 3449 147 145 3450 149 147 3451 332 347 3452 145 143 3453 147 145 3454 334 345 3455 335 348 3456 334 345 3457 331 346 3458 335 348 3459 336 349 3460 96 91 3461 145 143 3462 335 348 3463 337 92 3464 97 93 3465 104 99 3466 338 144 3467 104 99 3468 107 102 3469 141 140 3470 336 349 3471 339 350 3472 94 88 3473 336 349 3474 331 346 3475 328 342 3476 340 351 3477 339 350 3478 328 342 3479 94 88 3480 339 350 3481 340 351 3482 91 85 3483 340 351 3484 320 332 3485 333 344 3486 342 150 3487 343 352 3488 330 341 3489 333 344 3490 341 353 3491 342 150 3492 150 149 3493 345 355 3494 343 352 3495 344 357 3496 434 356 3497 345 355 3498 346 359 3499 344 357 3500 347 358 3501 349 362 3502 346 359 3503 150 149 3504 152 151 3505 347 358 3506 152 151 3507 154 152 3508 348 360 3509 347 358 3510 348 360 3511 351 361 3512 349 362 3513 350 364 3514 439 363 3515 351 361 3516 352 365 3517 350 364 3518 353 160 3519 354 366 3520 352 365 3521 348 360 3522 161 158 3523 353 160 3524 162 159 3525 355 165 3526 354 366 3527 355 165 3528 359 370 3529 356 367 3530 354 366 3531 356 367 3532 357 368 3533 356 367 3534 358 371 3535 447 369 3536 359 370 3537 360 372 3538 358 371 3539 176 176 3540 178 178 3541 360 372 3542 165 163 3543 176 176 3544 359 370 3545 360 372 3546 178 178 3547 181 373 3548 360 372 3549 361 374 3550 363 375 3551 181 373 3552 184 181 3553 362 376 3554 361 374 3555 362 376 3556 365 377 3557 358 371 3558 363 375 3559 364 378 3560 364 378 3561 363 375 3562 365 377 3563 365 377 3564 362 376 3565 378 380 3566 367 379 3567 365 377 3568 366 381 3569 446 383 3570 364 378 3571 367 379 3572 368 384 3573 367 379 3574 369 382 3575 370 385 3576 369 382 3577 371 386 3578 369 382 3579 366 381 3580 374 388 3581 371 386 3582 373 391 3583 389 389 3584 371 386 3585 374 388 3586 375 390 3587 374 388 3588 376 393 3589 377 392 3590 366 381 3591 378 380 3592 376 393 3593 376 393 3594 190 881 3595 192 189 3596 187 184 3597 190 881 3598 376 393 3599 184 181 3600 187 184 3601 378 380 3602 377 392 3603 379 395 3604 380 394 3605 192 189 3606 382 201 3607 379 395 3608 379 395 3609 381 398 3610 384 396 3611 379 395 3612 382 201 3613 202 397 3614 381 398 3615 202 397 3616 204 202 3617 384 396 3618 381 398 3619 383 399 3620 387 400 3621 380 394 3622 384 396 3623 384 396 3624 386 230 3625 229 231 3626 383 399 3627 222 222 3628 224 223 3629 385 401 3630 229 231 3631 231 232 3632 387 400 3633 385 401 3634 239 241 3635 373 391 3636 375 390 3637 380 394 3638 373 391 3639 387 400 3640 388 402 3641 390 403 3642 389 389 3643 388 402 3644 372 387 3645 389 389 3646 390 403 3647 249 253 3648 390 403 3649 238 242 3650 393 405 3651 391 404 3652 390 403 3653 392 406 3654 370 385 3655 372 387 3656 394 407 3657 392 406 3658 391 404 3659 394 407 3660 393 405 3661 248 252 3662 396 409 3663 394 407 3664 395 408 3665 398 411 3666 392 406 3667 394 407 3668 444 412 3669 398 411 3670 396 409 3671 397 413 3672 396 409 3673 399 410 3674 399 410 3675 395 408 3676 259 415 3677 400 414 3678 399 410 3679 401 263 3680 402 416 3681 401 263 3682 258 264 3683 404 418 3684 402 416 3685 403 417 3686 406 420 3687 400 414 3688 402 416 3689 436 421 3690 406 420 3691 404 418 3692 405 422 3693 404 418 3694 407 419 3695 407 419 3696 403 417 3697 269 273 3698 408 423 3699 407 419 3700 409 275 3701 410 424 3702 409 275 3703 268 276 3704 412 426 3705 410 424 3706 411 425 3707 414 428 3708 408 423 3709 410 424 3710 413 429 3711 430 442 3712 414 428 3713 416 430 3714 413 429 3715 412 426 3716 415 427 3717 411 425 3718 279 431 3719 416 430 3720 415 427 3721 417 286 3722 419 433 3723 418 432 3724 417 286 3725 423 434 3726 420 436 3727 418 432 3728 422 435 3729 416 430 3730 418 432 3731 323 338 3732 422 435 3733 420 436 3734 424 437 3735 421 336 3736 420 436 3737 425 438 3738 423 434 3739 419 433 3740 426 439 3741 424 437 3742 423 434 3743 427 440 3744 426 439 3745 425 438 3746 313 326 3747 426 439 3748 427 440 3749 313 326 3750 315 328 3751 424 437 3752 427 440 3753 288 297 3754 291 299 3755 311 323 3756 427 440 3757 299 308 3758 317 331 3759 421 336 3760 424 437 3761 422 435 3762 428 441 3763 413 429 3764 323 338 3765 325 337 3766 428 441 3767 428 441 3768 429 443 3769 430 442 3770 325 337 3771 327 339 3772 429 443 3773 429 443 3774 431 354 3775 432 444 3776 327 339 3777 330 341 3778 431 354 3779 431 354 3780 341 353 3781 434 356 3782 432 444 3783 434 356 3784 435 445 3785 430 442 3786 432 444 3787 433 446 3788 344 357 3789 437 447 3790 435 445 3791 433 446 3792 435 445 3793 436 421 3794 437 447 3795 438 448 3796 436 421 3797 439 363 3798 440 449 3799 438 448 3800 346 359 3801 439 363 3802 437 447 3803 350 364 3804 441 453 3805 440 449 3806 440 449 3807 441 453 3808 445 450 3809 440 449 3810 442 451 3811 443 452 3812 443 452 3813 442 451 3814 444 412 3815 445 450 3816 446 383 3817 444 412 3818 447 369 3819 364 378 3820 446 383 3821 357 368 3822 447 369 3823 445 450 3824 444 412 3825 446 383 3826 368 384 3827 443 452 3828 397 413 3829 400 414 3830 438 448 3831 443 452 3832 406 420 3833 352 365 3834 357 368 3835 441 453 3836 433 446 3837 405 422 3838 408 423 3839 419 433 3840 278 287 3841 281 288 3842 279 431 3843 411 425 3844 268 276 3845 269 273 3846 403 417 3847 258 264 3848 398 411 3849 368 384 3850 370 385 3851 395 408 3852 248 252 3853 251 254 3854 383 399 3855 204 202 3856 207 203 3857 154 152 3858 157 154 3859 161 158 3860 320 332 3861 318 329 3862 80 75 3863 303 312 3864 448 454 3865 46 43 3866 296 304 3867 293 303 3868 448 454 3869 448 454 3870 293 303 3871 451 305 3872 46 43 3873 448 454 3874 449 455 3875 449 455 3876 451 305 3877 452 456 3878 43 40 3879 449 455 3880 450 457 3881 451 305 3882 294 301 3883 454 458 3884 452 456 3885 453 461 3886 813 459 3887 452 456 3888 454 458 3889 455 460 3890 454 458 3891 283 293 3892 457 294 3893 294 301 3894 286 292 3895 283 293 3896 455 460 3897 457 294 3898 458 462 3899 453 461 3900 455 460 3901 456 463 3902 457 294 3903 284 290 3904 460 465 3905 458 462 3906 459 467 3907 805 466 3908 460 465 3909 461 468 3910 459 467 3911 273 282 3912 463 283 3913 461 468 3914 276 281 3915 273 282 3916 460 465 3917 463 283 3918 464 472 3919 462 469 3920 461 468 3921 462 469 3922 806 470 3923 463 283 3924 274 279 3925 466 471 3926 464 472 3927 465 475 3928 795 473 3929 464 472 3930 466 471 3931 467 474 3932 466 471 3933 263 270 3934 469 271 3935 274 279 3936 266 269 3937 263 270 3938 467 474 3939 469 271 3940 470 476 3941 467 474 3942 468 477 3943 796 478 3944 264 266 3945 472 481 3946 470 476 3947 468 477 3948 470 476 3949 471 479 3950 472 481 3951 473 482 3952 471 479 3953 253 258 3954 475 260 3955 473 482 3956 256 259 3957 253 258 3958 472 481 3959 475 260 3960 476 485 3961 474 483 3962 473 482 3963 474 483 3964 786 484 3965 254 256 3966 478 489 3967 476 485 3968 476 485 3969 477 488 3970 776 486 3971 476 485 3972 478 489 3973 479 487 3974 478 489 3975 243 248 3976 481 249 3977 254 256 3978 246 247 3979 243 248 3980 479 487 3981 481 249 3982 482 490 3983 477 488 3984 479 487 3985 480 491 3986 481 249 3987 244 244 3988 484 493 3989 480 491 3990 482 490 3991 483 494 3992 482 490 3993 484 493 3994 485 496 3995 484 493 3996 233 236 3997 487 238 3998 244 244 3999 236 237 4000 233 236 4001 487 238 4002 488 499 4003 486 497 4004 483 494 4005 485 496 4006 486 497 4007 234 233 4008 490 503 4009 488 499 4010 486 497 4011 488 499 4012 489 500 4013 488 499 4014 490 503 4015 491 502 4016 492 229 4017 493 505 4018 491 502 4019 226 227 4020 492 229 4021 490 503 4022 492 229 4023 227 224 4024 494 504 4025 493 505 4026 494 504 4027 497 506 4028 498 508 4029 491 502 4030 493 505 4031 496 509 4032 495 507 4033 497 506 4034 498 508 4035 495 507 4036 496 509 4037 502 512 4038 500 513 4039 498 508 4040 489 500 4041 491 502 4042 498 508 4043 501 514 4044 881 501 4045 489 500 4046 504 515 4047 501 514 4048 500 513 4049 502 512 4050 499 511 4051 677 516 4052 504 515 4053 502 512 4054 503 517 4055 506 519 4056 508 523 4057 501 514 4058 509 520 4059 506 519 4060 504 515 4061 507 521 4062 506 519 4063 509 520 4064 507 521 4065 763 775 4066 508 523 4067 514 524 4068 510 522 4069 509 520 4070 511 525 4071 509 520 4072 505 518 4073 512 527 4074 511 525 4075 513 526 4076 515 529 4077 514 524 4078 511 525 4079 518 530 4080 510 522 4081 514 524 4082 519 532 4083 516 531 4084 514 524 4085 520 533 4086 517 534 4087 516 531 4088 517 534 4089 757 766 4090 518 530 4091 520 533 4092 519 532 4093 521 535 4094 521 535 4095 519 532 4096 515 529 4097 521 535 4098 523 537 4099 690 538 4100 524 536 4101 521 535 4102 522 539 4103 528 541 4104 520 533 4105 524 536 4106 526 542 4107 524 536 4108 525 540 4109 530 544 4110 527 545 4111 526 542 4112 527 545 4113 751 758 4114 528 541 4115 534 546 4116 530 544 4117 529 543 4118 529 543 4119 525 540 4120 533 548 4121 531 547 4122 533 548 4123 698 549 4124 535 551 4125 534 546 4126 531 547 4127 536 552 4128 538 756 4129 530 544 4130 536 552 4131 534 546 4132 535 551 4133 540 554 4134 537 556 4135 536 552 4136 745 555 4137 538 756 4138 536 552 4139 540 554 4140 539 553 4141 541 557 4142 541 557 4143 539 553 4144 535 551 4145 542 560 4146 541 557 4147 543 559 4148 544 558 4149 541 557 4150 542 560 4151 548 563 4152 540 554 4153 544 558 4154 546 564 4155 544 558 4156 545 562 4157 547 566 4158 546 564 4159 549 565 4160 739 568 4161 548 563 4162 546 564 4163 550 567 4164 549 565 4165 551 569 4166 549 565 4167 545 562 4168 553 571 4169 552 572 4170 551 569 4171 553 571 4172 555 574 4173 554 570 4174 551 569 4175 557 575 4176 550 567 4177 554 570 4178 558 577 4179 556 576 4180 554 570 4181 35 33 4182 556 576 4183 558 577 4184 35 33 4185 32 30 4186 557 575 4187 38 36 4188 558 577 4189 559 578 4190 559 578 4191 558 577 4192 555 574 4193 560 580 4194 559 578 4195 561 579 4196 44 42 4197 41 39 4198 559 578 4199 561 579 4200 555 574 4201 552 572 4202 562 581 4203 561 579 4204 563 582 4205 552 572 4206 566 573 4207 565 584 4208 564 583 4209 563 582 4210 565 584 4211 565 584 4212 566 573 4213 569 586 4214 567 585 4215 565 584 4216 568 587 4217 568 587 4218 569 586 4219 572 589 4220 568 587 4221 571 590 4222 574 591 4223 571 590 4224 572 589 4225 709 592 4226 571 590 4227 573 593 4228 576 594 4229 575 595 4230 574 591 4231 576 594 4232 570 588 4233 574 591 4234 575 595 4235 573 593 4236 579 600 4237 578 598 4238 576 594 4239 578 598 4240 580 599 4241 579 600 4242 582 603 4243 581 601 4244 580 599 4245 578 598 4246 581 601 4247 582 603 4248 585 606 4249 584 604 4250 583 602 4251 581 601 4252 584 604 4253 585 606 4254 588 615 4255 587 607 4256 586 605 4257 584 604 4258 587 607 4259 587 607 4260 588 615 4261 593 609 4262 589 608 4263 587 607 4264 590 610 4265 590 610 4266 592 613 4267 611 612 4268 593 609 4269 595 617 4270 592 613 4271 715 614 4272 594 616 4273 593 609 4274 594 616 4275 596 618 4276 595 617 4277 596 618 4278 598 741 4279 597 619 4280 595 617 4281 597 619 4282 599 620 4283 597 619 4284 598 741 4285 601 621 4286 597 619 4287 600 622 4288 602 623 4289 601 621 4290 604 626 4291 603 624 4292 600 622 4293 603 624 4294 605 625 4295 604 626 4296 646 172 4297 173 170 4298 605 625 4299 603 624 4300 173 170 4301 605 625 4302 171 168 4303 169 169 4304 602 623 4305 605 625 4306 606 627 4307 608 629 4308 607 628 4309 606 627 4310 115 112 4311 606 627 4312 169 169 4313 609 630 4314 607 628 4315 608 629 4316 599 620 4317 602 623 4318 607 628 4319 592 613 4320 599 620 4321 609 630 4322 611 612 4323 609 630 4324 610 631 4325 591 611 4326 611 612 4327 612 632 4328 101 95 4329 613 633 4330 612 632 4331 103 97 4332 612 632 4333 610 631 4334 614 634 4335 589 608 4336 591 611 4337 99 94 4338 614 634 4339 613 633 4340 616 635 4341 615 636 4342 614 634 4343 615 636 4344 586 605 4345 589 608 4346 618 637 4347 617 638 4348 615 636 4349 617 638 4350 583 602 4351 586 605 4352 619 639 4353 580 599 4354 583 602 4355 621 640 4356 619 639 4357 617 638 4358 620 641 4359 619 639 4360 621 640 4361 577 596 4362 580 599 4363 619 639 4364 622 642 4365 621 640 4366 87 643 4367 87 643 4368 621 640 4369 618 637 4370 623 644 4371 625 646 4372 620 641 4373 623 644 4374 622 642 4375 85 80 4376 624 645 4377 623 644 4378 83 78 4379 624 645 4380 626 647 4381 625 646 4382 625 646 4383 575 595 4384 577 596 4385 626 647 4386 628 597 4387 575 595 4388 643 648 4389 627 649 4390 626 647 4391 627 649 4392 629 650 4393 628 597 4394 629 650 4395 567 585 4396 570 588 4397 630 651 4398 564 583 4399 567 585 4400 631 652 4401 630 651 4402 629 650 4403 632 653 4404 562 581 4405 564 583 4406 634 654 4407 632 653 4408 630 651 4409 633 655 4410 632 653 4411 634 654 4412 633 655 4413 560 580 4414 562 581 4415 634 654 4416 631 652 4417 641 657 4418 636 656 4419 634 654 4420 635 658 4421 47 45 4422 633 655 4423 636 656 4424 50 48 4425 636 656 4426 637 659 4427 637 659 4428 635 658 4429 639 660 4430 53 50 4431 637 659 4432 638 661 4433 638 661 4434 639 660 4435 69 67 4436 56 53 4437 638 661 4438 65 60 4439 635 658 4440 641 657 4441 640 662 4442 639 660 4443 640 662 4444 72 663 4445 641 657 4446 643 648 4447 642 664 4448 640 662 4449 642 664 4450 74 69 4451 643 648 4452 624 645 4453 644 77 4454 642 664 4455 644 77 4456 78 70 4457 631 652 4458 627 649 4459 643 648 4460 47 45 4461 44 42 4462 560 580 4463 90 83 4464 618 637 4465 616 635 4466 106 100 4467 610 631 4468 608 629 4469 645 665 4470 647 667 4471 646 172 4472 730 666 4473 645 665 4474 604 626 4475 647 667 4476 180 180 4477 174 173 4478 645 665 4479 649 669 4480 648 668 4481 648 668 4482 183 179 4483 180 180 4484 649 669 4485 652 671 4486 650 670 4487 648 668 4488 650 670 4489 186 183 4490 650 670 4491 651 193 4492 189 186 4493 652 671 4494 654 674 4495 651 193 4496 729 672 4497 653 673 4498 652 671 4499 653 673 4500 655 676 4501 654 674 4502 657 675 4503 656 677 4504 654 674 4505 656 677 4506 195 195 4507 651 193 4508 660 678 4509 658 679 4510 656 677 4511 656 677 4512 658 679 4513 197 194 4514 658 679 4515 659 680 4516 199 196 4517 660 678 4518 662 683 4519 659 680 4520 732 681 4521 661 682 4522 660 678 4523 661 682 4524 663 685 4525 662 683 4526 665 684 4527 664 686 4528 662 683 4529 664 686 4530 667 689 4531 659 680 4532 678 687 4533 666 688 4534 664 686 4535 666 688 4536 668 690 4537 667 689 4538 668 690 4539 670 692 4540 669 691 4541 659 680 4542 667 689 4543 669 691 4544 670 692 4545 206 206 4546 200 198 4547 672 693 4548 671 694 4549 670 692 4550 671 694 4551 209 205 4552 206 206 4553 675 510 4554 673 695 4555 671 694 4556 673 695 4557 212 211 4558 209 205 4559 673 695 4560 674 217 4561 215 214 4562 497 506 4563 674 217 4564 673 695 4565 676 696 4566 496 509 4567 675 510 4568 494 504 4569 218 219 4570 674 217 4571 676 696 4572 672 693 4573 668 690 4574 499 511 4575 496 509 4576 676 696 4577 677 516 4578 676 696 4579 666 688 4580 503 517 4581 677 516 4582 678 687 4583 679 697 4584 678 687 4585 665 684 4586 513 526 4587 505 518 4588 503 517 4589 682 528 4590 513 526 4591 679 697 4592 680 698 4593 665 684 4594 663 685 4595 682 528 4596 680 698 4597 681 699 4598 512 527 4599 682 528 4600 683 700 4601 688 702 4602 684 701 4603 683 700 4604 683 700 4605 681 699 4606 687 704 4607 686 705 4608 685 703 4609 687 704 4610 689 707 4611 688 702 4612 685 703 4613 690 538 4614 523 537 4615 684 701 4616 691 708 4617 690 538 4618 688 702 4619 522 539 4620 690 538 4621 691 708 4622 692 709 4623 691 708 4624 693 710 4625 691 708 4626 689 707 4627 695 712 4628 694 713 4629 693 710 4630 695 712 4631 696 711 4632 693 710 4633 694 713 4634 533 548 4635 692 709 4636 696 711 4637 698 549 4638 696 711 4639 697 715 4640 700 717 4641 532 550 4642 698 549 4643 704 718 4644 700 717 4645 699 716 4646 701 719 4647 699 716 4648 697 715 4649 701 719 4650 703 720 4651 712 721 4652 705 723 4653 704 718 4654 701 719 4655 706 561 4656 543 559 4657 700 717 4658 707 724 4659 706 561 4660 704 718 4661 708 725 4662 542 560 4663 706 561 4664 569 586 4665 708 725 4666 707 724 4667 707 724 4668 705 723 4669 709 592 4670 545 562 4671 542 560 4672 708 725 4673 553 571 4674 708 725 4675 569 586 4676 709 592 4677 705 723 4678 702 722 4679 573 593 4680 709 592 4681 710 726 4682 702 722 4683 712 721 4684 711 727 4685 710 726 4686 711 727 4687 582 603 4688 712 721 4689 714 729 4690 713 728 4691 711 727 4692 713 728 4693 585 606 4694 714 729 4695 716 730 4696 715 614 4697 713 728 4698 715 614 4699 588 615 4700 716 730 4701 717 732 4702 594 616 4703 718 731 4704 721 734 4705 717 732 4706 719 733 4707 718 731 4708 716 730 4709 694 713 4710 720 714 4711 718 731 4712 720 714 4713 722 735 4714 721 734 4715 722 735 4716 724 738 4717 723 736 4718 721 734 4719 723 736 4720 725 737 4721 724 738 4722 727 743 4723 726 739 4724 723 736 4725 726 739 4726 728 740 4727 726 739 4728 727 743 4729 653 673 4730 728 740 4731 726 739 4732 729 672 4733 730 666 4734 729 672 4735 649 669 4736 728 740 4737 730 666 4738 601 621 4739 596 618 4740 725 737 4741 728 740 4742 724 738 4743 733 744 4744 731 742 4745 727 743 4746 731 742 4747 655 676 4748 732 681 4749 657 675 4750 655 676 4751 733 744 4752 735 706 4753 732 681 4754 734 745 4755 733 744 4756 724 738 4757 734 745 4758 686 705 4759 735 706 4760 735 706 4761 687 704 4762 661 682 4763 695 712 4764 689 707 4765 686 705 4766 695 712 4767 734 745 4768 722 735 4769 717 732 4770 725 737 4771 596 618 4772 703 720 4773 697 715 4774 694 713 4775 712 721 4776 703 720 4777 719 733 4778 543 559 4779 535 551 4780 532 550 4781 525 540 4782 522 539 4783 692 709 4784 687 704 4785 681 699 4786 663 685 4787 523 537 4788 515 529 4789 512 527 4790 736 746 4791 547 566 4792 550 567 4793 29 28 4794 736 746 4795 557 575 4796 737 747 4797 739 568 4798 547 566 4799 26 25 4800 737 747 4801 736 746 4802 738 748 4803 740 751 4804 739 568 4805 23 23 4806 738 748 4807 737 747 4808 739 568 4809 740 751 4810 742 749 4811 738 748 4812 861 866 4813 741 750 4814 740 751 4815 741 750 4816 743 752 4817 743 752 4818 745 555 4819 537 556 4820 742 749 4821 537 556 4822 540 554 4823 743 752 4824 744 754 4825 746 753 4826 741 750 4827 862 865 4828 744 754 4829 745 555 4830 746 753 4831 748 755 4832 744 754 4833 853 859 4834 747 757 4835 747 757 4836 749 760 4837 748 755 4838 748 755 4839 749 760 4840 751 758 4841 538 756 4842 748 755 4843 527 545 4844 750 759 4845 752 762 4846 751 758 4847 854 761 4848 750 759 4849 749 760 4850 752 762 4851 754 765 4852 528 541 4853 844 763 4854 753 769 4855 752 762 4856 752 762 4857 753 769 4858 755 764 4859 754 765 4860 755 764 4861 757 766 4862 528 541 4863 754 765 4864 517 534 4865 755 764 4866 756 771 4867 758 767 4868 840 768 4869 756 771 4870 755 764 4871 757 766 4872 758 767 4873 760 770 4874 756 771 4875 838 845 4876 759 772 4877 758 767 4878 759 772 4879 761 773 4880 761 773 4881 763 775 4882 507 521 4883 760 770 4884 507 521 4885 510 522 4886 762 774 4887 764 776 4888 763 775 4889 759 772 4890 837 843 4891 762 774 4892 764 776 4893 765 778 4894 508 523 4895 766 777 4896 769 498 4897 765 778 4898 766 777 4899 764 776 4900 762 774 4901 768 495 4902 766 777 4903 767 779 4904 483 494 4905 769 498 4906 766 777 4907 769 498 4908 486 497 4909 881 501 4910 480 491 4911 768 495 4912 770 780 4913 772 781 4914 770 780 4915 767 779 4916 775 783 4917 771 492 4918 770 780 4919 777 784 4920 775 783 4921 772 781 4922 773 785 4923 772 781 4924 774 782 4925 776 486 4926 477 488 4927 771 492 4928 778 787 4929 776 486 4930 775 783 4931 779 788 4932 777 784 4933 773 785 4934 778 787 4935 777 784 4936 779 788 4937 782 790 4938 779 788 4939 780 791 4940 779 788 4941 781 789 4942 830 793 4943 787 794 4944 784 795 4945 782 790 4946 784 795 4947 786 484 4948 778 787 4949 785 480 4950 471 479 4951 786 484 4952 788 796 4953 785 480 4954 784 795 4955 787 794 4956 783 792 4957 791 797 4958 792 799 4959 788 796 4960 787 794 4961 793 800 4962 792 799 4963 789 798 4964 790 801 4965 789 798 4966 791 797 4967 794 803 4968 792 799 4969 793 800 4970 796 478 4971 788 796 4972 792 799 4973 795 473 4974 465 475 4975 796 478 4976 798 805 4977 795 473 4978 794 803 4979 799 806 4980 797 804 4981 793 800 4982 802 808 4983 798 805 4984 797 804 4985 802 808 4986 799 806 4987 800 809 4988 800 809 4989 799 806 4990 801 807 4991 804 812 4992 802 808 4993 803 810 4994 806 470 4995 798 805 4996 802 808 4997 459 467 4998 806 470 4999 804 812 5000 805 466 5001 804 812 5002 807 813 5003 807 813 5004 803 810 5005 810 815 5006 808 814 5007 807 813 5008 809 816 5009 809 816 5010 810 815 5011 25 818 5012 811 817 5013 809 816 5014 28 26 5015 812 819 5016 811 817 5017 31 32 5018 812 819 5019 814 464 5020 808 814 5021 37 34 5022 813 459 5023 812 819 5024 453 461 5025 814 464 5026 812 819 5027 456 463 5028 805 466 5029 808 814 5030 450 457 5031 813 459 5032 37 34 5033 25 818 5034 810 815 5035 815 821 5036 803 810 5037 800 809 5038 815 821 5039 815 821 5040 800 809 5041 818 811 5042 22 21 5043 815 821 5044 816 822 5045 816 822 5046 818 811 5047 819 823 5048 19 18 5049 816 822 5050 817 824 5051 818 811 5052 801 807 5053 821 825 5054 817 824 5055 819 823 5056 820 826 5057 819 823 5058 821 825 5059 822 828 5060 821 825 5061 790 801 5062 824 802 5063 801 807 5064 793 800 5065 790 801 5066 824 802 5067 825 832 5068 823 829 5069 820 826 5070 822 828 5071 823 829 5072 824 802 5073 791 797 5074 827 831 5075 823 829 5076 825 832 5077 826 833 5078 825 832 5079 827 831 5080 828 835 5081 780 791 5082 830 793 5083 828 835 5084 783 792 5085 780 791 5086 827 831 5087 830 793 5088 831 838 5089 829 836 5090 826 833 5091 828 835 5092 829 836 5093 781 789 5094 833 840 5095 831 838 5096 831 838 5097 832 841 5098 879 839 5099 833 840 5100 834 842 5101 832 841 5102 835 786 5103 836 844 5104 834 842 5105 773 785 5106 835 786 5107 833 840 5108 835 786 5109 774 782 5110 837 843 5111 836 844 5112 837 843 5113 759 772 5114 834 842 5115 836 844 5116 838 845 5117 839 846 5118 838 845 5119 756 771 5120 841 847 5121 832 841 5122 834 842 5123 841 847 5124 839 846 5125 840 768 5126 842 849 5127 879 839 5128 832 841 5129 842 849 5130 841 847 5131 843 848 5132 843 848 5133 840 768 5134 753 769 5135 845 850 5136 843 848 5137 844 763 5138 847 852 5139 849 856 5140 842 849 5141 850 853 5142 847 852 5143 845 850 5144 851 854 5145 848 855 5146 847 852 5147 848 855 5148 867 868 5149 849 856 5150 855 857 5151 851 854 5152 850 853 5153 852 858 5154 850 853 5155 846 851 5156 853 859 5157 852 858 5158 854 761 5159 855 857 5160 852 858 5161 853 859 5162 857 861 5163 858 863 5164 851 854 5165 859 862 5166 857 861 5167 855 857 5168 14 14 5169 11 11 5170 857 861 5171 11 11 5172 8 8 5173 858 863 5174 17 17 5175 14 14 5176 859 862 5177 860 864 5178 859 862 5179 856 860 5180 861 866 5181 860 864 5182 862 865 5183 20 20 5184 17 17 5185 860 864 5186 862 865 5187 856 860 5188 853 859 5189 23 23 5190 20 20 5191 861 866 5192 858 863 5193 863 867 5194 848 855 5195 8 8 5196 6 7 5197 863 867 5198 863 867 5199 864 869 5200 867 868 5201 6 7 5202 866 872 5203 864 869 5204 865 870 5205 868 873 5206 867 868 5207 880 871 5208 865 870 5209 864 869 5210 868 873 5211 869 875 5212 849 856 5213 870 874 5214 873 837 5215 869 875 5216 871 876 5217 870 874 5218 868 873 5219 874 877 5220 872 834 5221 870 874 5222 872 834 5223 826 833 5224 873 837 5225 873 837 5226 829 836 5227 879 839 5228 875 830 5229 823 829 5230 872 834 5231 876 878 5232 874 877 5233 871 876 5234 877 879 5235 875 830 5236 874 877 5237 877 879 5238 876 878 5239 3 0 5240 878 827 5241 877 879 5242 10 9 5243 878 827 5244 820 826 5245 875 830 5246 16 15 5247 817 824 5248 878 827 5249 1 1 5250 871 876 5251 865 870 5252 869 875 5253 879 839 5254 842 849 5255 2 3 5256 880 871 5257 866 872 5258 846 851 5259 844 763 5260 750 759 5261 774 782 5262 767 779 5263 762 774 5264 462 469 5265 795 473 5266 798 805 5267 796 478 5268 468 477 5269 785 480 5270 474 483 5271 776 486 5272 778 787 5273 765 778 5274 881 501 5275 501 514 5276 220 218 5277 218 219 5278 494 504 5279</p>
        </triangles>
      </mesh>
    </geometry>
  </library_geometries>
  <library_visual_scenes>
    <visual_scene id="Scene" name="Scene">
      <node id="TrashGeneric_A_Paper_Crumple_C_001" name="TrashGeneric_A_Paper_Crumple_C.001" type="NODE">
        <matrix sid="transform">1 0 0 4.918327 0 1 0 -5.127974 0 0 1 0 0 0 0 1</matrix>
        <instance_geometry url="#TrashGeneric_A_Paper_Crumple_C_001-mesh" name="TrashGeneric_A_Paper_Crumple_C.001">
          <bind_material>
            <technique_common>
              <instance_material symbol="AK_Trash_Generic_A-material" target="#AK_Trash_Generic_A-material">
                <bind_vertex_input semantic="UVMap" input_semantic="TEXCOORD" input_set="0"/>
              </instance_material>
            </technique_common>
          </bind_material>
        </instance_geometry>
      </node>
    </visual_scene>
  </library_visual_scenes>
  <scene>
    <instance_visual_scene url="#Scene"/>
  </scene>
</COLLADA>